01:10:28 12/24/2025 [ 22864] [DEBUG] [JS Framework] [ScriptProcessor.process] Post-processing script block with no src and runat='both' and contents='
			/*
			 * Easy access to a named element in the DOM
			 */
			function $(id) 
			{ 
				return do...'
stack:
  ->  [ModuleLogger.js:98] debug("Post-processing script block with no src and runat='both' and contents='\n\t\t\t/*\n\t\t\t * Easy access to a named element in the DOM\n\t\t\t */\n\t\t\tfunction $(id) \n\t\t\t{ \n\t\t\t\treturn do...'")
  ->  [ScriptProcessor.js:280] process()
  ->  [CallbackManager.js:511] processElement([object HTMLScriptElement],0,[object Array])
  ->  [CallbackManager.js:509] processScriptElements([object Object])
  ->  [CallbackManager.js:67] processCallbacks([object HTMLDocument])
  ->  [HandlePage.js:63] onHandlePage([object XPCWrappedNative_NoHelper],[object HTMLDocument])
  ->  [CoreEvents.js:293] fireEvent("HANDLE_PAGE",[object Array])
  ->  [CoreEvents.js:234] fire("PARSE_COMPLETE",[object XPCWrappedNative_NoHelper],[object HTMLDocument])
  ->  [aptEventHandler.js:337] observe([object XPCWrappedNative_NoHelper],"jaxerEvent.HTMLParseComplete",null)
paths:
  -> file:///E:/Aptana%20Jaxer%20Apache/Jaxer/Apache2-4Build/jaxer/framework/src/ModuleLogger.js
  -> file:///E:/Aptana%20Jaxer%20Apache/Jaxer/Apache2-4Build/jaxer/framework/src/ScriptProcessor.js
  -> file:///E:/Aptana%20Jaxer%20Apache/Jaxer/Apache2-4Build/jaxer/framework/src/CallbackManager.js
  -> file:///E:/Aptana%20Jaxer%20Apache/Jaxer/Apache2-4Build/jaxer/framework/src/HandlePage.js
  -> file:///E:/Aptana%20Jaxer%20Apache/Jaxer/Apache2-4Build/jaxer/framework/src/CoreEvents.js
  -> file:///E:/Aptana%20Jaxer%20Apache/Jaxer/Apache2-4Build/jaxer/components/aptEventHandler.js

01:10:28 12/24/2025 [ 22864] [DEBUG] [JS Framework] [ScriptProcessor.process] Found 2 functions to process
stack:
  ->  [ModuleLogger.js:98] debug("Found 2 functions to process")
  ->  [ScriptProcessor.js:284] process()
  ->  [CallbackManager.js:511] processElement([object HTMLScriptElement],0,[object Array])
  ->  [CallbackManager.js:509] processScriptElements([object Object])
  ->  [CallbackManager.js:67] processCallbacks([object HTMLDocument])
  ->  [HandlePage.js:63] onHandlePage([object XPCWrappedNative_NoHelper],[object HTMLDocument])
  ->  [CoreEvents.js:293] fireEvent("HANDLE_PAGE",[object Array])
  ->  [CoreEvents.js:234] fire("PARSE_COMPLETE",[object XPCWrappedNative_NoHelper],[object HTMLDocument])
  ->  [aptEventHandler.js:337] observe([object XPCWrappedNative_NoHelper],"jaxerEvent.HTMLParseComplete",null)
paths:
  -> file:///E:/Aptana%20Jaxer%20Apache/Jaxer/Apache2-4Build/jaxer/framework/src/ModuleLogger.js
  -> file:///E:/Aptana%20Jaxer%20Apache/Jaxer/Apache2-4Build/jaxer/framework/src/ScriptProcessor.js
  -> file:///E:/Aptana%20Jaxer%20Apache/Jaxer/Apache2-4Build/jaxer/framework/src/CallbackManager.js
  -> file:///E:/Aptana%20Jaxer%20Apache/Jaxer/Apache2-4Build/jaxer/framework/src/HandlePage.js
  -> file:///E:/Aptana%20Jaxer%20Apache/Jaxer/Apache2-4Build/jaxer/framework/src/CoreEvents.js
  -> file:///E:/Aptana%20Jaxer%20Apache/Jaxer/Apache2-4Build/jaxer/components/aptEventHandler.js

01:10:28 12/24/2025 [ 22864] [TRACE] [JS Framework] [ScriptProcessor.process] Processing function '$' with runat=both, proxy=false, effectiveRunat=both
stack:
  ->  [ModuleLogger.js:98] trace("Processing function '$' with runat=both, proxy=false, effectiveRunat=both")
  ->  [ScriptProcessor.js:307] process()
  ->  [CallbackManager.js:511] processElement([object HTMLScriptElement],0,[object Array])
  ->  [CallbackManager.js:509] processScriptElements([object Object])
  ->  [CallbackManager.js:67] processCallbacks([object HTMLDocument])
  ->  [HandlePage.js:63] onHandlePage([object XPCWrappedNative_NoHelper],[object HTMLDocument])
  ->  [CoreEvents.js:293] fireEvent("HANDLE_PAGE",[object Array])
  ->  [CoreEvents.js:234] fire("PARSE_COMPLETE",[object XPCWrappedNative_NoHelper],[object HTMLDocument])
  ->  [aptEventHandler.js:337] observe([object XPCWrappedNative_NoHelper],"jaxerEvent.HTMLParseComplete",null)
paths:
  -> file:///E:/Aptana%20Jaxer%20Apache/Jaxer/Apache2-4Build/jaxer/framework/src/ModuleLogger.js
  -> file:///E:/Aptana%20Jaxer%20Apache/Jaxer/Apache2-4Build/jaxer/framework/src/ScriptProcessor.js
  -> file:///E:/Aptana%20Jaxer%20Apache/Jaxer/Apache2-4Build/jaxer/framework/src/CallbackManager.js
  -> file:///E:/Aptana%20Jaxer%20Apache/Jaxer/Apache2-4Build/jaxer/framework/src/HandlePage.js
  -> file:///E:/Aptana%20Jaxer%20Apache/Jaxer/Apache2-4Build/jaxer/framework/src/CoreEvents.js
  -> file:///E:/Aptana%20Jaxer%20Apache/Jaxer/Apache2-4Build/jaxer/components/aptEventHandler.js

01:10:28 12/24/2025 [ 22864] [TRACE] [JS Framework] [ScriptProcessor.process] Processing function 'addTaskToUI' with runat=both, proxy=false, effectiveRunat=both
stack:
  ->  [ModuleLogger.js:98] trace("Processing function 'addTaskToUI' with runat=both, proxy=false, effectiveRunat=both")
  ->  [ScriptProcessor.js:307] process()
  ->  [CallbackManager.js:511] processElement([object HTMLScriptElement],0,[object Array])
  ->  [CallbackManager.js:509] processScriptElements([object Object])
  ->  [CallbackManager.js:67] processCallbacks([object HTMLDocument])
  ->  [HandlePage.js:63] onHandlePage([object XPCWrappedNative_NoHelper],[object HTMLDocument])
  ->  [CoreEvents.js:293] fireEvent("HANDLE_PAGE",[object Array])
  ->  [CoreEvents.js:234] fire("PARSE_COMPLETE",[object XPCWrappedNative_NoHelper],[object HTMLDocument])
  ->  [aptEventHandler.js:337] observe([object XPCWrappedNative_NoHelper],"jaxerEvent.HTMLParseComplete",null)
paths:
  -> file:///E:/Aptana%20Jaxer%20Apache/Jaxer/Apache2-4Build/jaxer/framework/src/ModuleLogger.js
  -> file:///E:/Aptana%20Jaxer%20Apache/Jaxer/Apache2-4Build/jaxer/framework/src/ScriptProcessor.js
  -> file:///E:/Aptana%20Jaxer%20Apache/Jaxer/Apache2-4Build/jaxer/framework/src/CallbackManager.js
  -> file:///E:/Aptana%20Jaxer%20Apache/Jaxer/Apache2-4Build/jaxer/framework/src/HandlePage.js
  -> file:///E:/Aptana%20Jaxer%20Apache/Jaxer/Apache2-4Build/jaxer/framework/src/CoreEvents.js
  -> file:///E:/Aptana%20Jaxer%20Apache/Jaxer/Apache2-4Build/jaxer/components/aptEventHandler.js

01:10:28 12/24/2025 [ 22864] [DEBUG] [JS Framework] [ScriptProcessor.process] Post-processing script block with no src and runat='server' and contents='
			
			/*
			 * The SQL to create the database table we'll use to store the tasks
			 */
			var sql...'
stack:
  ->  [ModuleLogger.js:98] debug("Post-processing script block with no src and runat='server' and contents='\n\t\t\t\n\t\t\t/*\n\t\t\t * The SQL to create the database table we'll use to store the tasks\n\t\t\t */\n\t\t\tvar sql...'")
  ->  [ScriptProcessor.js:280] process()
  ->  [CallbackManager.js:511] processElement([object HTMLScriptElement],1,[object Array])
  ->  [CallbackManager.js:509] processScriptElements([object Object])
  ->  [CallbackManager.js:67] processCallbacks([object HTMLDocument])
  ->  [HandlePage.js:63] onHandlePage([object XPCWrappedNative_NoHelper],[object HTMLDocument])
  ->  [CoreEvents.js:293] fireEvent("HANDLE_PAGE",[object Array])
  ->  [CoreEvents.js:234] fire("PARSE_COMPLETE",[object XPCWrappedNative_NoHelper],[object HTMLDocument])
  ->  [aptEventHandler.js:337] observe([object XPCWrappedNative_NoHelper],"jaxerEvent.HTMLParseComplete",null)
paths:
  -> file:///E:/Aptana%20Jaxer%20Apache/Jaxer/Apache2-4Build/jaxer/framework/src/ModuleLogger.js
  -> file:///E:/Aptana%20Jaxer%20Apache/Jaxer/Apache2-4Build/jaxer/framework/src/ScriptProcessor.js
  -> file:///E:/Aptana%20Jaxer%20Apache/Jaxer/Apache2-4Build/jaxer/framework/src/CallbackManager.js
  -> file:///E:/Aptana%20Jaxer%20Apache/Jaxer/Apache2-4Build/jaxer/framework/src/HandlePage.js
  -> file:///E:/Aptana%20Jaxer%20Apache/Jaxer/Apache2-4Build/jaxer/framework/src/CoreEvents.js
  -> file:///E:/Aptana%20Jaxer%20Apache/Jaxer/Apache2-4Build/jaxer/components/aptEventHandler.js

01:10:28 12/24/2025 [ 22864] [DEBUG] [JS Framework] [ScriptProcessor.process] Found 2 functions to process
stack:
  ->  [ModuleLogger.js:98] debug("Found 2 functions to process")
  ->  [ScriptProcessor.js:284] process()
  ->  [CallbackManager.js:511] processElement([object HTMLScriptElement],1,[object Array])
  ->  [CallbackManager.js:509] processScriptElements([object Object])
  ->  [CallbackManager.js:67] processCallbacks([object HTMLDocument])
  ->  [HandlePage.js:63] onHandlePage([object XPCWrappedNative_NoHelper],[object HTMLDocument])
  ->  [CoreEvents.js:293] fireEvent("HANDLE_PAGE",[object Array])
  ->  [CoreEvents.js:234] fire("PARSE_COMPLETE",[object XPCWrappedNative_NoHelper],[object HTMLDocument])
  ->  [aptEventHandler.js:337] observe([object XPCWrappedNative_NoHelper],"jaxerEvent.HTMLParseComplete",null)
paths:
  -> file:///E:/Aptana%20Jaxer%20Apache/Jaxer/Apache2-4Build/jaxer/framework/src/ModuleLogger.js
  -> file:///E:/Aptana%20Jaxer%20Apache/Jaxer/Apache2-4Build/jaxer/framework/src/ScriptProcessor.js
  -> file:///E:/Aptana%20Jaxer%20Apache/Jaxer/Apache2-4Build/jaxer/framework/src/CallbackManager.js
  -> file:///E:/Aptana%20Jaxer%20Apache/Jaxer/Apache2-4Build/jaxer/framework/src/HandlePage.js
  -> file:///E:/Aptana%20Jaxer%20Apache/Jaxer/Apache2-4Build/jaxer/framework/src/CoreEvents.js
  -> file:///E:/Aptana%20Jaxer%20Apache/Jaxer/Apache2-4Build/jaxer/components/aptEventHandler.js

01:10:28 12/24/2025 [ 22864] [TRACE] [JS Framework] [ScriptProcessor.process] Processing function 'saveTaskInDB' with runat=server, proxy=true, effectiveRunat=server-proxy
stack:
  ->  [ModuleLogger.js:98] trace("Processing function 'saveTaskInDB' with runat=server, proxy=true, effectiveRunat=server-proxy")
  ->  [ScriptProcessor.js:307] process()
  ->  [CallbackManager.js:511] processElement([object HTMLScriptElement],1,[object Array])
  ->  [CallbackManager.js:509] processScriptElements([object Object])
  ->  [CallbackManager.js:67] processCallbacks([object HTMLDocument])
  ->  [HandlePage.js:63] onHandlePage([object XPCWrappedNative_NoHelper],[object HTMLDocument])
  ->  [CoreEvents.js:293] fireEvent("HANDLE_PAGE",[object Array])
  ->  [CoreEvents.js:234] fire("PARSE_COMPLETE",[object XPCWrappedNative_NoHelper],[object HTMLDocument])
  ->  [aptEventHandler.js:337] observe([object XPCWrappedNative_NoHelper],"jaxerEvent.HTMLParseComplete",null)
paths:
  -> file:///E:/Aptana%20Jaxer%20Apache/Jaxer/Apache2-4Build/jaxer/framework/src/ModuleLogger.js
  -> file:///E:/Aptana%20Jaxer%20Apache/Jaxer/Apache2-4Build/jaxer/framework/src/ScriptProcessor.js
  -> file:///E:/Aptana%20Jaxer%20Apache/Jaxer/Apache2-4Build/jaxer/framework/src/CallbackManager.js
  -> file:///E:/Aptana%20Jaxer%20Apache/Jaxer/Apache2-4Build/jaxer/framework/src/HandlePage.js
  -> file:///E:/Aptana%20Jaxer%20Apache/Jaxer/Apache2-4Build/jaxer/framework/src/CoreEvents.js
  -> file:///E:/Aptana%20Jaxer%20Apache/Jaxer/Apache2-4Build/jaxer/components/aptEventHandler.js

01:10:28 12/24/2025 [ 22864] [TRACE] [JS Framework] [ScriptProcessor.process] Processing function 'deleteSavedTask' with runat=server, proxy=true, effectiveRunat=server-proxy
stack:
  ->  [ModuleLogger.js:98] trace("Processing function 'deleteSavedTask' with runat=server, proxy=true, effectiveRunat=server-proxy")
  ->  [ScriptProcessor.js:307] process()
  ->  [CallbackManager.js:511] processElement([object HTMLScriptElement],1,[object Array])
  ->  [CallbackManager.js:509] processScriptElements([object Object])
  ->  [CallbackManager.js:67] processCallbacks([object HTMLDocument])
  ->  [HandlePage.js:63] onHandlePage([object XPCWrappedNative_NoHelper],[object HTMLDocument])
  ->  [CoreEvents.js:293] fireEvent("HANDLE_PAGE",[object Array])
  ->  [CoreEvents.js:234] fire("PARSE_COMPLETE",[object XPCWrappedNative_NoHelper],[object HTMLDocument])
  ->  [aptEventHandler.js:337] observe([object XPCWrappedNative_NoHelper],"jaxerEvent.HTMLParseComplete",null)
paths:
  -> file:///E:/Aptana%20Jaxer%20Apache/Jaxer/Apache2-4Build/jaxer/framework/src/ModuleLogger.js
  -> file:///E:/Aptana%20Jaxer%20Apache/Jaxer/Apache2-4Build/jaxer/framework/src/ScriptProcessor.js
  -> file:///E:/Aptana%20Jaxer%20Apache/Jaxer/Apache2-4Build/jaxer/framework/src/CallbackManager.js
  -> file:///E:/Aptana%20Jaxer%20Apache/Jaxer/Apache2-4Build/jaxer/framework/src/HandlePage.js
  -> file:///E:/Aptana%20Jaxer%20Apache/Jaxer/Apache2-4Build/jaxer/framework/src/CoreEvents.js
  -> file:///E:/Aptana%20Jaxer%20Apache/Jaxer/Apache2-4Build/jaxer/components/aptEventHandler.js

01:10:28 12/24/2025 [ 22864] [DEBUG] [JS Framework] [ScriptProcessor.process] Post-processing script block with no src and runat='server' and contents='
				if (Jaxer.System.executableFolder.match('com.aptana.ide.framework.jaxer')) {
					document.getE...'
stack:
  ->  [ModuleLogger.js:98] debug("Post-processing script block with no src and runat='server' and contents='\n\t\t\t\tif (Jaxer.System.executableFolder.match('com.aptana.ide.framework.jaxer')) {\n\t\t\t\t\tdocument.getE...'")
  ->  [ScriptProcessor.js:280] process()
  ->  [CallbackManager.js:511] processElement([object HTMLScriptElement],4,[object Array])
  ->  [CallbackManager.js:509] processScriptElements([object Object])
  ->  [CallbackManager.js:67] processCallbacks([object HTMLDocument])
  ->  [HandlePage.js:63] onHandlePage([object XPCWrappedNative_NoHelper],[object HTMLDocument])
  ->  [CoreEvents.js:293] fireEvent("HANDLE_PAGE",[object Array])
  ->  [CoreEvents.js:234] fire("PARSE_COMPLETE",[object XPCWrappedNative_NoHelper],[object HTMLDocument])
  ->  [aptEventHandler.js:337] observe([object XPCWrappedNative_NoHelper],"jaxerEvent.HTMLParseComplete",null)
paths:
  -> file:///E:/Aptana%20Jaxer%20Apache/Jaxer/Apache2-4Build/jaxer/framework/src/ModuleLogger.js
  -> file:///E:/Aptana%20Jaxer%20Apache/Jaxer/Apache2-4Build/jaxer/framework/src/ScriptProcessor.js
  -> file:///E:/Aptana%20Jaxer%20Apache/Jaxer/Apache2-4Build/jaxer/framework/src/CallbackManager.js
  -> file:///E:/Aptana%20Jaxer%20Apache/Jaxer/Apache2-4Build/jaxer/framework/src/HandlePage.js
  -> file:///E:/Aptana%20Jaxer%20Apache/Jaxer/Apache2-4Build/jaxer/framework/src/CoreEvents.js
  -> file:///E:/Aptana%20Jaxer%20Apache/Jaxer/Apache2-4Build/jaxer/components/aptEventHandler.js

01:10:28 12/24/2025 [ 22864] [DEBUG] [JS Framework] [ScriptProcessor.process] Found 0 functions to process
stack:
  ->  [ModuleLogger.js:98] debug("Found 0 functions to process")
  ->  [ScriptProcessor.js:284] process()
  ->  [CallbackManager.js:511] processElement([object HTMLScriptElement],4,[object Array])
  ->  [CallbackManager.js:509] processScriptElements([object Object])
  ->  [CallbackManager.js:67] processCallbacks([object HTMLDocument])
  ->  [HandlePage.js:63] onHandlePage([object XPCWrappedNative_NoHelper],[object HTMLDocument])
  ->  [CoreEvents.js:293] fireEvent("HANDLE_PAGE",[object Array])
  ->  [CoreEvents.js:234] fire("PARSE_COMPLETE",[object XPCWrappedNative_NoHelper],[object HTMLDocument])
  ->  [aptEventHandler.js:337] observe([object XPCWrappedNative_NoHelper],"jaxerEvent.HTMLParseComplete",null)
paths:
  -> file:///E:/Aptana%20Jaxer%20Apache/Jaxer/Apache2-4Build/jaxer/framework/src/ModuleLogger.js
  -> file:///E:/Aptana%20Jaxer%20Apache/Jaxer/Apache2-4Build/jaxer/framework/src/ScriptProcessor.js
  -> file:///E:/Aptana%20Jaxer%20Apache/Jaxer/Apache2-4Build/jaxer/framework/src/CallbackManager.js
  -> file:///E:/Aptana%20Jaxer%20Apache/Jaxer/Apache2-4Build/jaxer/framework/src/HandlePage.js
  -> file:///E:/Aptana%20Jaxer%20Apache/Jaxer/Apache2-4Build/jaxer/framework/src/CoreEvents.js
  -> file:///E:/Aptana%20Jaxer%20Apache/Jaxer/Apache2-4Build/jaxer/components/aptEventHandler.js

01:10:28 12/24/2025 [ 22864] [DEBUG] [JS Framework] [ScriptProcessor.apply] This script block will be sent to the browser
stack:
  ->  [ModuleLogger.js:98] debug("This script block will be sent to the browser")
  ->  [ScriptProcessor.js:342] apply()
  ->  [CallbackManager.js:537] postProcess([object Object],0,[object Array])
  ->  [CallbackManager.js:519] processScriptElements([object Object])
  ->  [CallbackManager.js:67] processCallbacks([object HTMLDocument])
  ->  [HandlePage.js:63] onHandlePage([object XPCWrappedNative_NoHelper],[object HTMLDocument])
  ->  [CoreEvents.js:293] fireEvent("HANDLE_PAGE",[object Array])
  ->  [CoreEvents.js:234] fire("PARSE_COMPLETE",[object XPCWrappedNative_NoHelper],[object HTMLDocument])
  ->  [aptEventHandler.js:337] observe([object XPCWrappedNative_NoHelper],"jaxerEvent.HTMLParseComplete",null)
paths:
  -> file:///E:/Aptana%20Jaxer%20Apache/Jaxer/Apache2-4Build/jaxer/framework/src/ModuleLogger.js
  -> file:///E:/Aptana%20Jaxer%20Apache/Jaxer/Apache2-4Build/jaxer/framework/src/ScriptProcessor.js
  -> file:///E:/Aptana%20Jaxer%20Apache/Jaxer/Apache2-4Build/jaxer/framework/src/CallbackManager.js
  -> file:///E:/Aptana%20Jaxer%20Apache/Jaxer/Apache2-4Build/jaxer/framework/src/HandlePage.js
  -> file:///E:/Aptana%20Jaxer%20Apache/Jaxer/Apache2-4Build/jaxer/framework/src/CoreEvents.js
  -> file:///E:/Aptana%20Jaxer%20Apache/Jaxer/Apache2-4Build/jaxer/components/aptEventHandler.js

01:10:28 12/24/2025 [ 22864] [DEBUG] [JS Framework] [ScriptProcessor.apply] This script block will be sent to the browser
stack:
  ->  [ModuleLogger.js:98] debug("This script block will be sent to the browser")
  ->  [ScriptProcessor.js:342] apply()
  ->  [CallbackManager.js:537] postProcess([object Object],1,[object Array])
  ->  [CallbackManager.js:519] processScriptElements([object Object])
  ->  [CallbackManager.js:67] processCallbacks([object HTMLDocument])
  ->  [HandlePage.js:63] onHandlePage([object XPCWrappedNative_NoHelper],[object HTMLDocument])
  ->  [CoreEvents.js:293] fireEvent("HANDLE_PAGE",[object Array])
  ->  [CoreEvents.js:234] fire("PARSE_COMPLETE",[object XPCWrappedNative_NoHelper],[object HTMLDocument])
  ->  [aptEventHandler.js:337] observe([object XPCWrappedNative_NoHelper],"jaxerEvent.HTMLParseComplete",null)
paths:
  -> file:///E:/Aptana%20Jaxer%20Apache/Jaxer/Apache2-4Build/jaxer/framework/src/ModuleLogger.js
  -> file:///E:/Aptana%20Jaxer%20Apache/Jaxer/Apache2-4Build/jaxer/framework/src/ScriptProcessor.js
  -> file:///E:/Aptana%20Jaxer%20Apache/Jaxer/Apache2-4Build/jaxer/framework/src/CallbackManager.js
  -> file:///E:/Aptana%20Jaxer%20Apache/Jaxer/Apache2-4Build/jaxer/framework/src/HandlePage.js
  -> file:///E:/Aptana%20Jaxer%20Apache/Jaxer/Apache2-4Build/jaxer/framework/src/CoreEvents.js
  -> file:///E:/Aptana%20Jaxer%20Apache/Jaxer/Apache2-4Build/jaxer/components/aptEventHandler.js

01:10:28 12/24/2025 [ 22864] [DEBUG] [JS Framework] [ScriptProcessor.apply] Removed script block from DOM
stack:
  ->  [ModuleLogger.js:98] debug("Removed script block from DOM")
  ->  [ScriptProcessor.js:356] apply()
  ->  [CallbackManager.js:537] postProcess([object Object],4,[object Array])
  ->  [CallbackManager.js:519] processScriptElements([object Object])
  ->  [CallbackManager.js:67] processCallbacks([object HTMLDocument])
  ->  [HandlePage.js:63] onHandlePage([object XPCWrappedNative_NoHelper],[object HTMLDocument])
  ->  [CoreEvents.js:293] fireEvent("HANDLE_PAGE",[object Array])
  ->  [CoreEvents.js:234] fire("PARSE_COMPLETE",[object XPCWrappedNative_NoHelper],[object HTMLDocument])
  ->  [aptEventHandler.js:337] observe([object XPCWrappedNative_NoHelper],"jaxerEvent.HTMLParseComplete",null)
paths:
  -> file:///E:/Aptana%20Jaxer%20Apache/Jaxer/Apache2-4Build/jaxer/framework/src/ModuleLogger.js
  -> file:///E:/Aptana%20Jaxer%20Apache/Jaxer/Apache2-4Build/jaxer/framework/src/ScriptProcessor.js
  -> file:///E:/Aptana%20Jaxer%20Apache/Jaxer/Apache2-4Build/jaxer/framework/src/CallbackManager.js
  -> file:///E:/Aptana%20Jaxer%20Apache/Jaxer/Apache2-4Build/jaxer/framework/src/HandlePage.js
  -> file:///E:/Aptana%20Jaxer%20Apache/Jaxer/Apache2-4Build/jaxer/framework/src/CoreEvents.js
  -> file:///E:/Aptana%20Jaxer%20Apache/Jaxer/Apache2-4Build/jaxer/components/aptEventHandler.js

01:10:28 12/24/2025 [ 22864] [TRACE] [JS Framework] [CallbackManager.cacheServerFunctions] Going to cache 4 functions...
stack:
  ->  [ModuleLogger.js:98] trace("Going to cache 4 functions...")
  ->  [CallbackManager.js:91] cacheServerFunctions([object Object])
  ->  [CallbackManager.js:73] processCallbacks([object HTMLDocument])
  ->  [HandlePage.js:63] onHandlePage([object XPCWrappedNative_NoHelper],[object HTMLDocument])
  ->  [CoreEvents.js:293] fireEvent("HANDLE_PAGE",[object Array])
  ->  [CoreEvents.js:234] fire("PARSE_COMPLETE",[object XPCWrappedNative_NoHelper],[object HTMLDocument])
  ->  [aptEventHandler.js:337] observe([object XPCWrappedNative_NoHelper],"jaxerEvent.HTMLParseComplete",null)
paths:
  -> file:///E:/Aptana%20Jaxer%20Apache/Jaxer/Apache2-4Build/jaxer/framework/src/ModuleLogger.js
  -> file:///E:/Aptana%20Jaxer%20Apache/Jaxer/Apache2-4Build/jaxer/framework/src/CallbackManager.js
  -> file:///E:/Aptana%20Jaxer%20Apache/Jaxer/Apache2-4Build/jaxer/framework/src/HandlePage.js
  -> file:///E:/Aptana%20Jaxer%20Apache/Jaxer/Apache2-4Build/jaxer/framework/src/CoreEvents.js
  -> file:///E:/Aptana%20Jaxer%20Apache/Jaxer/Apache2-4Build/jaxer/components/aptEventHandler.js

01:10:28 12/24/2025 [ 22864] [TRACE] [JS Framework] [CallbackManager.cacheServerFunctions] Saving autoloads for this page: []
stack:
  ->  [ModuleLogger.js:98] trace("Saving autoloads for this page: []")
  ->  [CallbackManager.js:167] cacheServerFunctions([object Object])
  ->  [CallbackManager.js:73] processCallbacks([object HTMLDocument])
  ->  [HandlePage.js:63] onHandlePage([object XPCWrappedNative_NoHelper],[object HTMLDocument])
  ->  [CoreEvents.js:293] fireEvent("HANDLE_PAGE",[object Array])
  ->  [CoreEvents.js:234] fire("PARSE_COMPLETE",[object XPCWrappedNative_NoHelper],[object HTMLDocument])
  ->  [aptEventHandler.js:337] observe([object XPCWrappedNative_NoHelper],"jaxerEvent.HTMLParseComplete",null)
paths:
  -> file:///E:/Aptana%20Jaxer%20Apache/Jaxer/Apache2-4Build/jaxer/framework/src/ModuleLogger.js
  -> file:///E:/Aptana%20Jaxer%20Apache/Jaxer/Apache2-4Build/jaxer/framework/src/CallbackManager.js
  -> file:///E:/Aptana%20Jaxer%20Apache/Jaxer/Apache2-4Build/jaxer/framework/src/HandlePage.js
  -> file:///E:/Aptana%20Jaxer%20Apache/Jaxer/Apache2-4Build/jaxer/framework/src/CoreEvents.js
  -> file:///E:/Aptana%20Jaxer%20Apache/Jaxer/Apache2-4Build/jaxer/components/aptEventHandler.js

01:10:28 12/24/2025 [ 22864] [TRACE] [JS Framework] [DB.SQLite.execute] Starting execute
stack:
  ->  [ModuleLogger.js:98] trace("Starting execute")
  ->  [DB_SQLite.js:302] execute("SELECT COUNT(*) FROM callback_page WHERE name = ? AND crc32 = ?",[object Array])
  ->  [DB.js:181] anonymous("SELECT COUNT(*) FROM callback_page WHERE name = ? AND crc32 = ?",[object Array])
  ->  [CallbackManager.js:179] cacheServerFunctions([object Object])
  ->  [CallbackManager.js:73] processCallbacks([object HTMLDocument])
  ->  [HandlePage.js:63] onHandlePage([object XPCWrappedNative_NoHelper],[object HTMLDocument])
  ->  [CoreEvents.js:293] fireEvent("HANDLE_PAGE",[object Array])
  ->  [CoreEvents.js:234] fire("PARSE_COMPLETE",[object XPCWrappedNative_NoHelper],[object HTMLDocument])
  ->  [aptEventHandler.js:337] observe([object XPCWrappedNative_NoHelper],"jaxerEvent.HTMLParseComplete",null)
paths:
  -> file:///E:/Aptana%20Jaxer%20Apache/Jaxer/Apache2-4Build/jaxer/framework/src/ModuleLogger.js
  -> file:///E:/Aptana%20Jaxer%20Apache/Jaxer/Apache2-4Build/jaxer/framework/src/DB_SQLite.js
  -> file:///E:/Aptana%20Jaxer%20Apache/Jaxer/Apache2-4Build/jaxer/framework/src/DB.js
  -> file:///E:/Aptana%20Jaxer%20Apache/Jaxer/Apache2-4Build/jaxer/framework/src/CallbackManager.js
  -> file:///E:/Aptana%20Jaxer%20Apache/Jaxer/Apache2-4Build/jaxer/framework/src/HandlePage.js
  -> file:///E:/Aptana%20Jaxer%20Apache/Jaxer/Apache2-4Build/jaxer/framework/src/CoreEvents.js
  -> file:///E:/Aptana%20Jaxer%20Apache/Jaxer/Apache2-4Build/jaxer/components/aptEventHandler.js

01:10:28 12/24/2025 [ 22864] [DEBUG] [JS Framework] [DB.SQLite.open] Opening connection to database: E:\Aptana Jaxer Apache\Jaxer\Apache2-4Build\jaxer\..\local_jaxer\conf\..\data\frameworkdata.sqlite
stack:
  ->  [ModuleLogger.js:98] debug("Opening connection to database: E:\\Aptana Jaxer Apache\\Jaxer\\Apache2-4Build\\jaxer\\..\\local_jaxer\\conf\\..\\data\\frameworkdata.sqlite")
  ->  [DB_SQLite.js:212] open()
  ->  [DB_SQLite.js:306] execute("SELECT COUNT(*) FROM callback_page WHERE name = ? AND crc32 = ?",[object Array])
  ->  [DB.js:181] anonymous("SELECT COUNT(*) FROM callback_page WHERE name = ? AND crc32 = ?",[object Array])
  ->  [CallbackManager.js:179] cacheServerFunctions([object Object])
  ->  [CallbackManager.js:73] processCallbacks([object HTMLDocument])
  ->  [HandlePage.js:63] onHandlePage([object XPCWrappedNative_NoHelper],[object HTMLDocument])
  ->  [CoreEvents.js:293] fireEvent("HANDLE_PAGE",[object Array])
  ->  [CoreEvents.js:234] fire("PARSE_COMPLETE",[object XPCWrappedNative_NoHelper],[object HTMLDocument])
  ->  [aptEventHandler.js:337] observe([object XPCWrappedNative_NoHelper],"jaxerEvent.HTMLParseComplete",null)
paths:
  -> file:///E:/Aptana%20Jaxer%20Apache/Jaxer/Apache2-4Build/jaxer/framework/src/ModuleLogger.js
  -> file:///E:/Aptana%20Jaxer%20Apache/Jaxer/Apache2-4Build/jaxer/framework/src/DB_SQLite.js
  -> file:///E:/Aptana%20Jaxer%20Apache/Jaxer/Apache2-4Build/jaxer/framework/src/DB.js
  -> file:///E:/Aptana%20Jaxer%20Apache/Jaxer/Apache2-4Build/jaxer/framework/src/CallbackManager.js
  -> file:///E:/Aptana%20Jaxer%20Apache/Jaxer/Apache2-4Build/jaxer/framework/src/HandlePage.js
  -> file:///E:/Aptana%20Jaxer%20Apache/Jaxer/Apache2-4Build/jaxer/framework/src/CoreEvents.js
  -> file:///E:/Aptana%20Jaxer%20Apache/Jaxer/Apache2-4Build/jaxer/components/aptEventHandler.js

01:10:28 12/24/2025 [ 22864] [TRACE] [JS Framework] [DB.SQLite.open] Tried 1 time(s) in 1 ms to open connection to SQLite database file E:\Aptana Jaxer Apache\Jaxer\Apache2-4Build\jaxer\..\local_jaxer\conf\..\data\frameworkdata.sqlite
stack:
  ->  [ModuleLogger.js:98] trace("Tried 1 time(s) in 1 ms to open connection to SQLite database file E:\\Aptana Jaxer Apache\\Jaxer\\Apache2-4Build\\jaxer\\..\\local_jaxer\\conf\\..\\data\\frameworkdata.sqlite")
  ->  [DB_SQLite.js:266] open()
  ->  [DB_SQLite.js:306] execute("SELECT COUNT(*) FROM callback_page WHERE name = ? AND crc32 = ?",[object Array])
  ->  [DB.js:181] anonymous("SELECT COUNT(*) FROM callback_page WHERE name = ? AND crc32 = ?",[object Array])
  ->  [CallbackManager.js:179] cacheServerFunctions([object Object])
  ->  [CallbackManager.js:73] processCallbacks([object HTMLDocument])
  ->  [HandlePage.js:63] onHandlePage([object XPCWrappedNative_NoHelper],[object HTMLDocument])
  ->  [CoreEvents.js:293] fireEvent("HANDLE_PAGE",[object Array])
  ->  [CoreEvents.js:234] fire("PARSE_COMPLETE",[object XPCWrappedNative_NoHelper],[object HTMLDocument])
  ->  [aptEventHandler.js:337] observe([object XPCWrappedNative_NoHelper],"jaxerEvent.HTMLParseComplete",null)
paths:
  -> file:///E:/Aptana%20Jaxer%20Apache/Jaxer/Apache2-4Build/jaxer/framework/src/ModuleLogger.js
  -> file:///E:/Aptana%20Jaxer%20Apache/Jaxer/Apache2-4Build/jaxer/framework/src/DB_SQLite.js
  -> file:///E:/Aptana%20Jaxer%20Apache/Jaxer/Apache2-4Build/jaxer/framework/src/DB.js
  -> file:///E:/Aptana%20Jaxer%20Apache/Jaxer/Apache2-4Build/jaxer/framework/src/CallbackManager.js
  -> file:///E:/Aptana%20Jaxer%20Apache/Jaxer/Apache2-4Build/jaxer/framework/src/HandlePage.js
  -> file:///E:/Aptana%20Jaxer%20Apache/Jaxer/Apache2-4Build/jaxer/framework/src/CoreEvents.js
  -> file:///E:/Aptana%20Jaxer%20Apache/Jaxer/Apache2-4Build/jaxer/components/aptEventHandler.js

01:10:28 12/24/2025 [ 22864] [DEBUG] [JS Framework] [DB.SQLite.open] Opened
stack:
  ->  [ModuleLogger.js:98] debug("Opened")
  ->  [DB_SQLite.js:268] open()
  ->  [DB_SQLite.js:306] execute("SELECT COUNT(*) FROM callback_page WHERE name = ? AND crc32 = ?",[object Array])
  ->  [DB.js:181] anonymous("SELECT COUNT(*) FROM callback_page WHERE name = ? AND crc32 = ?",[object Array])
  ->  [CallbackManager.js:179] cacheServerFunctions([object Object])
  ->  [CallbackManager.js:73] processCallbacks([object HTMLDocument])
  ->  [HandlePage.js:63] onHandlePage([object XPCWrappedNative_NoHelper],[object HTMLDocument])
  ->  [CoreEvents.js:293] fireEvent("HANDLE_PAGE",[object Array])
  ->  [CoreEvents.js:234] fire("PARSE_COMPLETE",[object XPCWrappedNative_NoHelper],[object HTMLDocument])
  ->  [aptEventHandler.js:337] observe([object XPCWrappedNative_NoHelper],"jaxerEvent.HTMLParseComplete",null)
paths:
  -> file:///E:/Aptana%20Jaxer%20Apache/Jaxer/Apache2-4Build/jaxer/framework/src/ModuleLogger.js
  -> file:///E:/Aptana%20Jaxer%20Apache/Jaxer/Apache2-4Build/jaxer/framework/src/DB_SQLite.js
  -> file:///E:/Aptana%20Jaxer%20Apache/Jaxer/Apache2-4Build/jaxer/framework/src/DB.js
  -> file:///E:/Aptana%20Jaxer%20Apache/Jaxer/Apache2-4Build/jaxer/framework/src/CallbackManager.js
  -> file:///E:/Aptana%20Jaxer%20Apache/Jaxer/Apache2-4Build/jaxer/framework/src/HandlePage.js
  -> file:///E:/Aptana%20Jaxer%20Apache/Jaxer/Apache2-4Build/jaxer/framework/src/CoreEvents.js
  -> file:///E:/Aptana%20Jaxer%20Apache/Jaxer/Apache2-4Build/jaxer/components/aptEventHandler.js

01:10:28 12/24/2025 [ 22864] [TRACE] [JS Framework] [DB.SQLite.bindAndExecute] Binding statement SELECT COUNT(*) FROM callback_page WHERE name = ? AND crc32 = ?
with params: localhost:8081/aptana/samples/tasks/index.html,-1884894053
stack:
  ->  [ModuleLogger.js:98] trace("Binding statement SELECT COUNT(*) FROM callback_page WHERE name = ? AND crc32 = ?\nwith params: localhost:8081/aptana/samples/tasks/index.html,-1884894053")
  ->  [DB_SQLite.js:512] bindAndExecute([object Object],[object XPCWrappedNative_NoHelper],"SELECT COUNT(*) FROM callback_page WHERE name = ? AND crc32 = ?",[object Array],null,[object Object])
  ->  [DB_SQLite.js:464] executeOneWithStatement([object Array],0,[object Array])
  ->  [DB_SQLite.js:456] executeWithStatement([object Object],"SELECT COUNT(*) FROM callback_page WHERE name = ? AND crc32 = ?",[object Array],[object Object])
  ->  [DB_SQLite.js:312] execute("SELECT COUNT(*) FROM callback_page WHERE name = ? AND crc32 = ?",[object Array])
  ->  [DB.js:181] anonymous("SELECT COUNT(*) FROM callback_page WHERE name = ? AND crc32 = ?",[object Array])
  ->  [CallbackManager.js:179] cacheServerFunctions([object Object])
  ->  [CallbackManager.js:73] processCallbacks([object HTMLDocument])
  ->  [HandlePage.js:63] onHandlePage([object XPCWrappedNative_NoHelper],[object HTMLDocument])
  ->  [CoreEvents.js:293] fireEvent("HANDLE_PAGE",[object Array])
  ->  [CoreEvents.js:234] fire("PARSE_COMPLETE",[object XPCWrappedNative_NoHelper],[object HTMLDocument])
  ->  [aptEventHandler.js:337] observe([object XPCWrappedNative_NoHelper],"jaxerEvent.HTMLParseComplete",null)
paths:
  -> file:///E:/Aptana%20Jaxer%20Apache/Jaxer/Apache2-4Build/jaxer/framework/src/ModuleLogger.js
  -> file:///E:/Aptana%20Jaxer%20Apache/Jaxer/Apache2-4Build/jaxer/framework/src/DB_SQLite.js
  -> file:///E:/Aptana%20Jaxer%20Apache/Jaxer/Apache2-4Build/jaxer/framework/src/DB.js
  -> file:///E:/Aptana%20Jaxer%20Apache/Jaxer/Apache2-4Build/jaxer/framework/src/CallbackManager.js
  -> file:///E:/Aptana%20Jaxer%20Apache/Jaxer/Apache2-4Build/jaxer/framework/src/HandlePage.js
  -> file:///E:/Aptana%20Jaxer%20Apache/Jaxer/Apache2-4Build/jaxer/framework/src/CoreEvents.js
  -> file:///E:/Aptana%20Jaxer%20Apache/Jaxer/Apache2-4Build/jaxer/components/aptEventHandler.js

01:10:28 12/24/2025 [ 22864] [TRACE] [JS Framework] [DB.SQLite.bindAndExecute] Tried 1 time(s) in 7 ms to execute statement on SQLite database file E:\Aptana Jaxer Apache\Jaxer\Apache2-4Build\jaxer\..\local_jaxer\conf\..\data\frameworkdata.sqlite
stack:
  ->  [ModuleLogger.js:98] trace("Tried 1 time(s) in 7 ms to execute statement on SQLite database file E:\\Aptana Jaxer Apache\\Jaxer\\Apache2-4Build\\jaxer\\..\\local_jaxer\\conf\\..\\data\\frameworkdata.sqlite")
  ->  [DB_SQLite.js:606] bindAndExecute([object Object],[object XPCWrappedNative_NoHelper],"SELECT COUNT(*) FROM callback_page WHERE name = ? AND crc32 = ?",[object Array],null,[object Object])
  ->  [DB_SQLite.js:464] executeOneWithStatement([object Array],0,[object Array])
  ->  [DB_SQLite.js:456] executeWithStatement([object Object],"SELECT COUNT(*) FROM callback_page WHERE name = ? AND crc32 = ?",[object Array],[object Object])
  ->  [DB_SQLite.js:312] execute("SELECT COUNT(*) FROM callback_page WHERE name = ? AND crc32 = ?",[object Array])
  ->  [DB.js:181] anonymous("SELECT COUNT(*) FROM callback_page WHERE name = ? AND crc32 = ?",[object Array])
  ->  [CallbackManager.js:179] cacheServerFunctions([object Object])
  ->  [CallbackManager.js:73] processCallbacks([object HTMLDocument])
  ->  [HandlePage.js:63] onHandlePage([object XPCWrappedNative_NoHelper],[object HTMLDocument])
  ->  [CoreEvents.js:293] fireEvent("HANDLE_PAGE",[object Array])
  ->  [CoreEvents.js:234] fire("PARSE_COMPLETE",[object XPCWrappedNative_NoHelper],[object HTMLDocument])
  ->  [aptEventHandler.js:337] observe([object XPCWrappedNative_NoHelper],"jaxerEvent.HTMLParseComplete",null)
paths:
  -> file:///E:/Aptana%20Jaxer%20Apache/Jaxer/Apache2-4Build/jaxer/framework/src/ModuleLogger.js
  -> file:///E:/Aptana%20Jaxer%20Apache/Jaxer/Apache2-4Build/jaxer/framework/src/DB_SQLite.js
  -> file:///E:/Aptana%20Jaxer%20Apache/Jaxer/Apache2-4Build/jaxer/framework/src/DB.js
  -> file:///E:/Aptana%20Jaxer%20Apache/Jaxer/Apache2-4Build/jaxer/framework/src/CallbackManager.js
  -> file:///E:/Aptana%20Jaxer%20Apache/Jaxer/Apache2-4Build/jaxer/framework/src/HandlePage.js
  -> file:///E:/Aptana%20Jaxer%20Apache/Jaxer/Apache2-4Build/jaxer/framework/src/CoreEvents.js
  -> file:///E:/Aptana%20Jaxer%20Apache/Jaxer/Apache2-4Build/jaxer/components/aptEventHandler.js

01:10:28 12/24/2025 [ 22864] [TRACE] [JS Framework] [DB.SQLite.bindAndExecute] Populating resultSet
stack:
  ->  [ModuleLogger.js:98] trace("Populating resultSet")
  ->  [DB_SQLite.js:624] bindAndExecute([object Object],[object XPCWrappedNative_NoHelper],"SELECT COUNT(*) FROM callback_page WHERE name = ? AND crc32 = ?",[object Array],[object Object],[object Object])
  ->  [DB_SQLite.js:464] executeOneWithStatement([object Array],0,[object Array])
  ->  [DB_SQLite.js:456] executeWithStatement([object Object],"SELECT COUNT(*) FROM callback_page WHERE name = ? AND crc32 = ?",[object Array],[object Object])
  ->  [DB_SQLite.js:312] execute("SELECT COUNT(*) FROM callback_page WHERE name = ? AND crc32 = ?",[object Array])
  ->  [DB.js:181] anonymous("SELECT COUNT(*) FROM callback_page WHERE name = ? AND crc32 = ?",[object Array])
  ->  [CallbackManager.js:179] cacheServerFunctions([object Object])
  ->  [CallbackManager.js:73] processCallbacks([object HTMLDocument])
  ->  [HandlePage.js:63] onHandlePage([object XPCWrappedNative_NoHelper],[object HTMLDocument])
  ->  [CoreEvents.js:293] fireEvent("HANDLE_PAGE",[object Array])
  ->  [CoreEvents.js:234] fire("PARSE_COMPLETE",[object XPCWrappedNative_NoHelper],[object HTMLDocument])
  ->  [aptEventHandler.js:337] observe([object XPCWrappedNative_NoHelper],"jaxerEvent.HTMLParseComplete",null)
paths:
  -> file:///E:/Aptana%20Jaxer%20Apache/Jaxer/Apache2-4Build/jaxer/framework/src/ModuleLogger.js
  -> file:///E:/Aptana%20Jaxer%20Apache/Jaxer/Apache2-4Build/jaxer/framework/src/DB_SQLite.js
  -> file:///E:/Aptana%20Jaxer%20Apache/Jaxer/Apache2-4Build/jaxer/framework/src/DB.js
  -> file:///E:/Aptana%20Jaxer%20Apache/Jaxer/Apache2-4Build/jaxer/framework/src/CallbackManager.js
  -> file:///E:/Aptana%20Jaxer%20Apache/Jaxer/Apache2-4Build/jaxer/framework/src/HandlePage.js
  -> file:///E:/Aptana%20Jaxer%20Apache/Jaxer/Apache2-4Build/jaxer/framework/src/CoreEvents.js
  -> file:///E:/Aptana%20Jaxer%20Apache/Jaxer/Apache2-4Build/jaxer/components/aptEventHandler.js

01:10:28 12/24/2025 [ 22864] [TRACE] [JS Framework] [DB.SQLite.bindAndExecute] Column 0: COUNT(*)
stack:
  ->  [ModuleLogger.js:98] trace("Column 0: COUNT(*)")
  ->  [DB_SQLite.js:627] bindAndExecute([object Object],[object XPCWrappedNative_NoHelper],"SELECT COUNT(*) FROM callback_page WHERE name = ? AND crc32 = ?",[object Array],[object Object],[object Object])
  ->  [DB_SQLite.js:464] executeOneWithStatement([object Array],0,[object Array])
  ->  [DB_SQLite.js:456] executeWithStatement([object Object],"SELECT COUNT(*) FROM callback_page WHERE name = ? AND crc32 = ?",[object Array],[object Object])
  ->  [DB_SQLite.js:312] execute("SELECT COUNT(*) FROM callback_page WHERE name = ? AND crc32 = ?",[object Array])
  ->  [DB.js:181] anonymous("SELECT COUNT(*) FROM callback_page WHERE name = ? AND crc32 = ?",[object Array])
  ->  [CallbackManager.js:179] cacheServerFunctions([object Object])
  ->  [CallbackManager.js:73] processCallbacks([object HTMLDocument])
  ->  [HandlePage.js:63] onHandlePage([object XPCWrappedNative_NoHelper],[object HTMLDocument])
  ->  [CoreEvents.js:293] fireEvent("HANDLE_PAGE",[object Array])
  ->  [CoreEvents.js:234] fire("PARSE_COMPLETE",[object XPCWrappedNative_NoHelper],[object HTMLDocument])
  ->  [aptEventHandler.js:337] observe([object XPCWrappedNative_NoHelper],"jaxerEvent.HTMLParseComplete",null)
paths:
  -> file:///E:/Aptana%20Jaxer%20Apache/Jaxer/Apache2-4Build/jaxer/framework/src/ModuleLogger.js
  -> file:///E:/Aptana%20Jaxer%20Apache/Jaxer/Apache2-4Build/jaxer/framework/src/DB_SQLite.js
  -> file:///E:/Aptana%20Jaxer%20Apache/Jaxer/Apache2-4Build/jaxer/framework/src/DB.js
  -> file:///E:/Aptana%20Jaxer%20Apache/Jaxer/Apache2-4Build/jaxer/framework/src/CallbackManager.js
  -> file:///E:/Aptana%20Jaxer%20Apache/Jaxer/Apache2-4Build/jaxer/framework/src/HandlePage.js
  -> file:///E:/Aptana%20Jaxer%20Apache/Jaxer/Apache2-4Build/jaxer/framework/src/CoreEvents.js
  -> file:///E:/Aptana%20Jaxer%20Apache/Jaxer/Apache2-4Build/jaxer/components/aptEventHandler.js

01:10:28 12/24/2025 [ 22864] [TRACE] [JS Framework] [DB.SQLite.bindAndExecute] Tried 1 time(s) in 0 ms to execute statement on SQLite database file E:\Aptana Jaxer Apache\Jaxer\Apache2-4Build\jaxer\..\local_jaxer\conf\..\data\frameworkdata.sqlite
stack:
  ->  [ModuleLogger.js:98] trace("Tried 1 time(s) in 0 ms to execute statement on SQLite database file E:\\Aptana Jaxer Apache\\Jaxer\\Apache2-4Build\\jaxer\\..\\local_jaxer\\conf\\..\\data\\frameworkdata.sqlite")
  ->  [DB_SQLite.js:606] bindAndExecute([object Object],[object XPCWrappedNative_NoHelper],"SELECT COUNT(*) FROM callback_page WHERE name = ? AND crc32 = ?",[object Array],[object Object],[object Object])
  ->  [DB_SQLite.js:464] executeOneWithStatement([object Array],0,[object Array])
  ->  [DB_SQLite.js:456] executeWithStatement([object Object],"SELECT COUNT(*) FROM callback_page WHERE name = ? AND crc32 = ?",[object Array],[object Object])
  ->  [DB_SQLite.js:312] execute("SELECT COUNT(*) FROM callback_page WHERE name = ? AND crc32 = ?",[object Array])
  ->  [DB.js:181] anonymous("SELECT COUNT(*) FROM callback_page WHERE name = ? AND crc32 = ?",[object Array])
  ->  [CallbackManager.js:179] cacheServerFunctions([object Object])
  ->  [CallbackManager.js:73] processCallbacks([object HTMLDocument])
  ->  [HandlePage.js:63] onHandlePage([object XPCWrappedNative_NoHelper],[object HTMLDocument])
  ->  [CoreEvents.js:293] fireEvent("HANDLE_PAGE",[object Array])
  ->  [CoreEvents.js:234] fire("PARSE_COMPLETE",[object XPCWrappedNative_NoHelper],[object HTMLDocument])
  ->  [aptEventHandler.js:337] observe([object XPCWrappedNative_NoHelper],"jaxerEvent.HTMLParseComplete",null)
paths:
  -> file:///E:/Aptana%20Jaxer%20Apache/Jaxer/Apache2-4Build/jaxer/framework/src/ModuleLogger.js
  -> file:///E:/Aptana%20Jaxer%20Apache/Jaxer/Apache2-4Build/jaxer/framework/src/DB_SQLite.js
  -> file:///E:/Aptana%20Jaxer%20Apache/Jaxer/Apache2-4Build/jaxer/framework/src/DB.js
  -> file:///E:/Aptana%20Jaxer%20Apache/Jaxer/Apache2-4Build/jaxer/framework/src/CallbackManager.js
  -> file:///E:/Aptana%20Jaxer%20Apache/Jaxer/Apache2-4Build/jaxer/framework/src/HandlePage.js
  -> file:///E:/Aptana%20Jaxer%20Apache/Jaxer/Apache2-4Build/jaxer/framework/src/CoreEvents.js
  -> file:///E:/Aptana%20Jaxer%20Apache/Jaxer/Apache2-4Build/jaxer/components/aptEventHandler.js

01:10:28 12/24/2025 [ 22864] [TRACE] [JS Framework] [DB.SQLite.executeWithStatement] Closing statement
stack:
  ->  [ModuleLogger.js:98] trace("Closing statement")
  ->  [DB_SQLite.js:484] executeWithStatement([object Object],"SELECT COUNT(*) FROM callback_page WHERE name = ? AND crc32 = ?",[object Array],[object Object])
  ->  [DB_SQLite.js:312] execute("SELECT COUNT(*) FROM callback_page WHERE name = ? AND crc32 = ?",[object Array])
  ->  [DB.js:181] anonymous("SELECT COUNT(*) FROM callback_page WHERE name = ? AND crc32 = ?",[object Array])
  ->  [CallbackManager.js:179] cacheServerFunctions([object Object])
  ->  [CallbackManager.js:73] processCallbacks([object HTMLDocument])
  ->  [HandlePage.js:63] onHandlePage([object XPCWrappedNative_NoHelper],[object HTMLDocument])
  ->  [CoreEvents.js:293] fireEvent("HANDLE_PAGE",[object Array])
  ->  [CoreEvents.js:234] fire("PARSE_COMPLETE",[object XPCWrappedNative_NoHelper],[object HTMLDocument])
  ->  [aptEventHandler.js:337] observe([object XPCWrappedNative_NoHelper],"jaxerEvent.HTMLParseComplete",null)
paths:
  -> file:///E:/Aptana%20Jaxer%20Apache/Jaxer/Apache2-4Build/jaxer/framework/src/ModuleLogger.js
  -> file:///E:/Aptana%20Jaxer%20Apache/Jaxer/Apache2-4Build/jaxer/framework/src/DB_SQLite.js
  -> file:///E:/Aptana%20Jaxer%20Apache/Jaxer/Apache2-4Build/jaxer/framework/src/DB.js
  -> file:///E:/Aptana%20Jaxer%20Apache/Jaxer/Apache2-4Build/jaxer/framework/src/CallbackManager.js
  -> file:///E:/Aptana%20Jaxer%20Apache/Jaxer/Apache2-4Build/jaxer/framework/src/HandlePage.js
  -> file:///E:/Aptana%20Jaxer%20Apache/Jaxer/Apache2-4Build/jaxer/framework/src/CoreEvents.js
  -> file:///E:/Aptana%20Jaxer%20Apache/Jaxer/Apache2-4Build/jaxer/components/aptEventHandler.js

01:10:28 12/24/2025 [ 22864] [TRACE] [JS Framework] [DB.SQLite.executeWithStatement] Resetting and finalizing statement
stack:
  ->  [ModuleLogger.js:98] trace("Resetting and finalizing statement")
  ->  [DB_SQLite.js:487] executeWithStatement([object Object],"SELECT COUNT(*) FROM callback_page WHERE name = ? AND crc32 = ?",[object Array],[object Object])
  ->  [DB_SQLite.js:312] execute("SELECT COUNT(*) FROM callback_page WHERE name = ? AND crc32 = ?",[object Array])
  ->  [DB.js:181] anonymous("SELECT COUNT(*) FROM callback_page WHERE name = ? AND crc32 = ?",[object Array])
  ->  [CallbackManager.js:179] cacheServerFunctions([object Object])
  ->  [CallbackManager.js:73] processCallbacks([object HTMLDocument])
  ->  [HandlePage.js:63] onHandlePage([object XPCWrappedNative_NoHelper],[object HTMLDocument])
  ->  [CoreEvents.js:293] fireEvent("HANDLE_PAGE",[object Array])
  ->  [CoreEvents.js:234] fire("PARSE_COMPLETE",[object XPCWrappedNative_NoHelper],[object HTMLDocument])
  ->  [aptEventHandler.js:337] observe([object XPCWrappedNative_NoHelper],"jaxerEvent.HTMLParseComplete",null)
paths:
  -> file:///E:/Aptana%20Jaxer%20Apache/Jaxer/Apache2-4Build/jaxer/framework/src/ModuleLogger.js
  -> file:///E:/Aptana%20Jaxer%20Apache/Jaxer/Apache2-4Build/jaxer/framework/src/DB_SQLite.js
  -> file:///E:/Aptana%20Jaxer%20Apache/Jaxer/Apache2-4Build/jaxer/framework/src/DB.js
  -> file:///E:/Aptana%20Jaxer%20Apache/Jaxer/Apache2-4Build/jaxer/framework/src/CallbackManager.js
  -> file:///E:/Aptana%20Jaxer%20Apache/Jaxer/Apache2-4Build/jaxer/framework/src/HandlePage.js
  -> file:///E:/Aptana%20Jaxer%20Apache/Jaxer/Apache2-4Build/jaxer/framework/src/CoreEvents.js
  -> file:///E:/Aptana%20Jaxer%20Apache/Jaxer/Apache2-4Build/jaxer/components/aptEventHandler.js

01:10:28 12/24/2025 [ 22864] [TRACE] [JS Framework] [DB.SQLite.execute] Populated resultSet with 1 rows of 1 columns
stack:
  ->  [ModuleLogger.js:98] trace("Populated resultSet with 1 rows of 1 columns")
  ->  [DB_SQLite.js:315] execute("SELECT COUNT(*) FROM callback_page WHERE name = ? AND crc32 = ?",[object Array])
  ->  [DB.js:181] anonymous("SELECT COUNT(*) FROM callback_page WHERE name = ? AND crc32 = ?",[object Array])
  ->  [CallbackManager.js:179] cacheServerFunctions([object Object])
  ->  [CallbackManager.js:73] processCallbacks([object HTMLDocument])
  ->  [HandlePage.js:63] onHandlePage([object XPCWrappedNative_NoHelper],[object HTMLDocument])
  ->  [CoreEvents.js:293] fireEvent("HANDLE_PAGE",[object Array])
  ->  [CoreEvents.js:234] fire("PARSE_COMPLETE",[object XPCWrappedNative_NoHelper],[object HTMLDocument])
  ->  [aptEventHandler.js:337] observe([object XPCWrappedNative_NoHelper],"jaxerEvent.HTMLParseComplete",null)
paths:
  -> file:///E:/Aptana%20Jaxer%20Apache/Jaxer/Apache2-4Build/jaxer/framework/src/ModuleLogger.js
  -> file:///E:/Aptana%20Jaxer%20Apache/Jaxer/Apache2-4Build/jaxer/framework/src/DB_SQLite.js
  -> file:///E:/Aptana%20Jaxer%20Apache/Jaxer/Apache2-4Build/jaxer/framework/src/DB.js
  -> file:///E:/Aptana%20Jaxer%20Apache/Jaxer/Apache2-4Build/jaxer/framework/src/CallbackManager.js
  -> file:///E:/Aptana%20Jaxer%20Apache/Jaxer/Apache2-4Build/jaxer/framework/src/HandlePage.js
  -> file:///E:/Aptana%20Jaxer%20Apache/Jaxer/Apache2-4Build/jaxer/framework/src/CoreEvents.js
  -> file:///E:/Aptana%20Jaxer%20Apache/Jaxer/Apache2-4Build/jaxer/components/aptEventHandler.js

01:10:28 12/24/2025 [ 22864] [TRACE] [JS Framework] [DB.SQLite.execute] Finished executing
stack:
  ->  [ModuleLogger.js:98] trace("Finished executing")
  ->  [DB_SQLite.js:338] execute("SELECT COUNT(*) FROM callback_page WHERE name = ? AND crc32 = ?",[object Array])
  ->  [DB.js:181] anonymous("SELECT COUNT(*) FROM callback_page WHERE name = ? AND crc32 = ?",[object Array])
  ->  [CallbackManager.js:179] cacheServerFunctions([object Object])
  ->  [CallbackManager.js:73] processCallbacks([object HTMLDocument])
  ->  [HandlePage.js:63] onHandlePage([object XPCWrappedNative_NoHelper],[object HTMLDocument])
  ->  [CoreEvents.js:293] fireEvent("HANDLE_PAGE",[object Array])
  ->  [CoreEvents.js:234] fire("PARSE_COMPLETE",[object XPCWrappedNative_NoHelper],[object HTMLDocument])
  ->  [aptEventHandler.js:337] observe([object XPCWrappedNative_NoHelper],"jaxerEvent.HTMLParseComplete",null)
paths:
  -> file:///E:/Aptana%20Jaxer%20Apache/Jaxer/Apache2-4Build/jaxer/framework/src/ModuleLogger.js
  -> file:///E:/Aptana%20Jaxer%20Apache/Jaxer/Apache2-4Build/jaxer/framework/src/DB_SQLite.js
  -> file:///E:/Aptana%20Jaxer%20Apache/Jaxer/Apache2-4Build/jaxer/framework/src/DB.js
  -> file:///E:/Aptana%20Jaxer%20Apache/Jaxer/Apache2-4Build/jaxer/framework/src/CallbackManager.js
  -> file:///E:/Aptana%20Jaxer%20Apache/Jaxer/Apache2-4Build/jaxer/framework/src/HandlePage.js
  -> file:///E:/Aptana%20Jaxer%20Apache/Jaxer/Apache2-4Build/jaxer/framework/src/CoreEvents.js
  -> file:///E:/Aptana%20Jaxer%20Apache/Jaxer/Apache2-4Build/jaxer/components/aptEventHandler.js

01:10:28 12/24/2025 [ 22864] [DEBUG] [JS Framework] [CallbackManager.cacheCallbackPage] Caching this page under key = -1884894053::localhost:8081/aptana/samples/tasks/index.html
stack:
  ->  [ModuleLogger.js:98] debug("Caching this page under key = -1884894053::localhost:8081/aptana/samples/tasks/index.html")
  ->  [CallbackManager.js:281] cacheCallbackPage("localhost:8081/aptana/samples/tasks/index.html",-1884894053,"/* callback.js */\nJaxer._autoload([]);\n$ = this.$ = function $(id) {\n    return document.getElementById(id);\n};\naddTaskToUI = this.addTaskToUI = function addTaskToUI(description, id) {\n    var newId = id || Math.ceil(1000000000 * Math.random());\n    var div = document.createElement(\"div\");\n    div.id = \"task_\" + newId;\n    div.className = \"task\";\n    var checkbox = document.createElement(\"input\");\n    checkbox.setAttribute(\"type\", \"checkbox\");\n    checkbox.setAttribute(\"title\", \"done\");\n    checkbox.setAttribute(\"id\", \"checkbox_\" + newId);\n    Jaxer.setEvent(checkbox, \"onclick\", \"completeTask(\" + newId + \")\");\n    div.appendChild(checkbox);\n    var input = document.createElement(\"input\");\n    input.setAttribute(\"type\", \"text\");\n    input.setAttribute(\"size\", \"60\");\n    input.setAttribute(\"title\", \"description\");\n    input.setAttribute(\"id\", \"input_\" + newId);\n    input.value = description;\n    Jaxer.setEvent(input, \"onchange\", \"saveTaskInDB(\" + newId + \", this.value)\");\n    div.appendChild(input);\n    $(\"tasks\").insertBefore(div, $(\"tasks\").firstChild);\n    if (!Jaxer.isOnServer) {\n        saveTaskInDB(newId, description);\n    }\n};\nsaveTaskInDB = this.saveTaskInDB = function saveTaskInDB(id, description) {\n    var resultSet = Jaxer.DB.execute(\"SELECT * FROM tasks WHERE id = ?\", [id]);\n    if (resultSet.rows.length > 0) {\n        Jaxer.DB.execute(\"UPDATE tasks SET description = ? WHERE id = ?\", [description, id]);\n    } else {\n        Jaxer.DB.execute(\"INSERT INTO tasks (id, description, created) VALUES (?, ?, ?)\", [id, description, new Date]);\n    }\n};\nsaveTaskInDB.proxy = true;\ndeleteSavedTask = this.deleteSavedTask = function deleteSavedTask(id) {\n    Jaxer.DB.execute(\"DELETE FROM tasks WHERE id = ?\", [id]);\n};\ndeleteSavedTask.proxy = true;")
  ->  [CallbackManager.js:224] cacheServerFunctions([object Object])
  ->  [CallbackManager.js:73] processCallbacks([object HTMLDocument])
  ->  [HandlePage.js:63] onHandlePage([object XPCWrappedNative_NoHelper],[object HTMLDocument])
  ->  [CoreEvents.js:293] fireEvent("HANDLE_PAGE",[object Array])
  ->  [CoreEvents.js:234] fire("PARSE_COMPLETE",[object XPCWrappedNative_NoHelper],[object HTMLDocument])
  ->  [aptEventHandler.js:337] observe([object XPCWrappedNative_NoHelper],"jaxerEvent.HTMLParseComplete",null)
paths:
  -> file:///E:/Aptana%20Jaxer%20Apache/Jaxer/Apache2-4Build/jaxer/framework/src/ModuleLogger.js
  -> file:///E:/Aptana%20Jaxer%20Apache/Jaxer/Apache2-4Build/jaxer/framework/src/CallbackManager.js
  -> file:///E:/Aptana%20Jaxer%20Apache/Jaxer/Apache2-4Build/jaxer/framework/src/HandlePage.js
  -> file:///E:/Aptana%20Jaxer%20Apache/Jaxer/Apache2-4Build/jaxer/framework/src/CoreEvents.js
  -> file:///E:/Aptana%20Jaxer%20Apache/Jaxer/Apache2-4Build/jaxer/components/aptEventHandler.js

01:10:28 12/24/2025 [ 22864] [DEBUG] [JS Framework] [HandlePage.onHandlePage] Script processing complete
stack:
  ->  [ModuleLogger.js:98] debug("Script processing complete")
  ->  [HandlePage.js:64] onHandlePage([object XPCWrappedNative_NoHelper],[object HTMLDocument])
  ->  [CoreEvents.js:293] fireEvent("HANDLE_PAGE",[object Array])
  ->  [CoreEvents.js:234] fire("PARSE_COMPLETE",[object XPCWrappedNative_NoHelper],[object HTMLDocument])
  ->  [aptEventHandler.js:337] observe([object XPCWrappedNative_NoHelper],"jaxerEvent.HTMLParseComplete",null)
paths:
  -> file:///E:/Aptana%20Jaxer%20Apache/Jaxer/Apache2-4Build/jaxer/framework/src/ModuleLogger.js
  -> file:///E:/Aptana%20Jaxer%20Apache/Jaxer/Apache2-4Build/jaxer/framework/src/HandlePage.js
  -> file:///E:/Aptana%20Jaxer%20Apache/Jaxer/Apache2-4Build/jaxer/framework/src/CoreEvents.js
  -> file:///E:/Aptana%20Jaxer%20Apache/Jaxer/Apache2-4Build/jaxer/components/aptEventHandler.js

01:10:28 12/24/2025 [ 22864] [TRACE] [JS Framework] [HandlePage.processLoadEvent] Processing load event 'aftercallbackprocessing' with doc = [object HTMLDocument]
stack:
  ->  [ModuleLogger.js:98] trace("Processing load event 'aftercallbackprocessing' with doc = [object HTMLDocument]")
  ->  [HandlePage.js:258] processLoadEvent("aftercallbackprocessing",[object HTMLDocument],true)
  ->  [HandlePage.js:241] processAfterCallbackProcessing([object HTMLDocument])
  ->  [HandlePage.js:66] onHandlePage([object XPCWrappedNative_NoHelper],[object HTMLDocument])
  ->  [CoreEvents.js:293] fireEvent("HANDLE_PAGE",[object Array])
  ->  [CoreEvents.js:234] fire("PARSE_COMPLETE",[object XPCWrappedNative_NoHelper],[object HTMLDocument])
  ->  [aptEventHandler.js:337] observe([object XPCWrappedNative_NoHelper],"jaxerEvent.HTMLParseComplete",null)
paths:
  -> file:///E:/Aptana%20Jaxer%20Apache/Jaxer/Apache2-4Build/jaxer/framework/src/ModuleLogger.js
  -> file:///E:/Aptana%20Jaxer%20Apache/Jaxer/Apache2-4Build/jaxer/framework/src/HandlePage.js
  -> file:///E:/Aptana%20Jaxer%20Apache/Jaxer/Apache2-4Build/jaxer/framework/src/CoreEvents.js
  -> file:///E:/Aptana%20Jaxer%20Apache/Jaxer/Apache2-4Build/jaxer/components/aptEventHandler.js

01:10:28 12/24/2025 [ 22864] [DEBUG] [JS Framework] [SessionManager.keyToResponse] Saving session key to the client via cookie JaxerSessionId$$tasks: 176650262827103192941976629359
stack:
  ->  [ModuleLogger.js:98] debug("Saving session key to the client via cookie JaxerSessionId$$tasks: 176650262827103192941976629359")
  ->  [SessionManager.js:82] keyToResponse("tasks","176650262827103192941976629359")
  ->  [Container.js:614] persistAll([object HTMLDocument])
  ->  [HandlePage.js:73] onHandlePage([object XPCWrappedNative_NoHelper],[object HTMLDocument])
  ->  [CoreEvents.js:293] fireEvent("HANDLE_PAGE",[object Array])
  ->  [CoreEvents.js:234] fire("PARSE_COMPLETE",[object XPCWrappedNative_NoHelper],[object HTMLDocument])
  ->  [aptEventHandler.js:337] observe([object XPCWrappedNative_NoHelper],"jaxerEvent.HTMLParseComplete",null)
paths:
  -> file:///E:/Aptana%20Jaxer%20Apache/Jaxer/Apache2-4Build/jaxer/framework/src/ModuleLogger.js
  -> file:///E:/Aptana%20Jaxer%20Apache/Jaxer/Apache2-4Build/jaxer/framework/src/SessionManager.js
  -> file:///E:/Aptana%20Jaxer%20Apache/Jaxer/Apache2-4Build/jaxer/framework/src/Container.js
  -> file:///E:/Aptana%20Jaxer%20Apache/Jaxer/Apache2-4Build/jaxer/framework/src/HandlePage.js
  -> file:///E:/Aptana%20Jaxer%20Apache/Jaxer/Apache2-4Build/jaxer/framework/src/CoreEvents.js
  -> file:///E:/Aptana%20Jaxer%20Apache/Jaxer/Apache2-4Build/jaxer/components/aptEventHandler.js

01:10:28 12/24/2025 [ 22864] [TRACE] [JS Framework] [Container.persist] For container APPLICATION:tasks: Persisting
stack:
  ->  [ModuleLogger.js:98] trace("For container APPLICATION:tasks: Persisting")
  ->  [Container.js:313] persist()
  ->  [Container.js:620] persistAll([object HTMLDocument])
  ->  [HandlePage.js:73] onHandlePage([object XPCWrappedNative_NoHelper],[object HTMLDocument])
  ->  [CoreEvents.js:293] fireEvent("HANDLE_PAGE",[object Array])
  ->  [CoreEvents.js:234] fire("PARSE_COMPLETE",[object XPCWrappedNative_NoHelper],[object HTMLDocument])
  ->  [aptEventHandler.js:337] observe([object XPCWrappedNative_NoHelper],"jaxerEvent.HTMLParseComplete",null)
paths:
  -> file:///E:/Aptana%20Jaxer%20Apache/Jaxer/Apache2-4Build/jaxer/framework/src/ModuleLogger.js
  -> file:///E:/Aptana%20Jaxer%20Apache/Jaxer/Apache2-4Build/jaxer/framework/src/Container.js
  -> file:///E:/Aptana%20Jaxer%20Apache/Jaxer/Apache2-4Build/jaxer/framework/src/HandlePage.js
  -> file:///E:/Aptana%20Jaxer%20Apache/Jaxer/Apache2-4Build/jaxer/framework/src/CoreEvents.js
  -> file:///E:/Aptana%20Jaxer%20Apache/Jaxer/Apache2-4Build/jaxer/components/aptEventHandler.js

01:10:28 12/24/2025 [ 22864] [TRACE] [JS Framework] [Container.persist] For container PAGE:localhost:8081/aptana/samples/tasks/index.html: Persisting
stack:
  ->  [ModuleLogger.js:98] trace("For container PAGE:localhost:8081/aptana/samples/tasks/index.html: Persisting")
  ->  [Container.js:313] persist()
  ->  [Container.js:620] persistAll([object HTMLDocument])
  ->  [HandlePage.js:73] onHandlePage([object XPCWrappedNative_NoHelper],[object HTMLDocument])
  ->  [CoreEvents.js:293] fireEvent("HANDLE_PAGE",[object Array])
  ->  [CoreEvents.js:234] fire("PARSE_COMPLETE",[object XPCWrappedNative_NoHelper],[object HTMLDocument])
  ->  [aptEventHandler.js:337] observe([object XPCWrappedNative_NoHelper],"jaxerEvent.HTMLParseComplete",null)
paths:
  -> file:///E:/Aptana%20Jaxer%20Apache/Jaxer/Apache2-4Build/jaxer/framework/src/ModuleLogger.js
  -> file:///E:/Aptana%20Jaxer%20Apache/Jaxer/Apache2-4Build/jaxer/framework/src/Container.js
  -> file:///E:/Aptana%20Jaxer%20Apache/Jaxer/Apache2-4Build/jaxer/framework/src/HandlePage.js
  -> file:///E:/Aptana%20Jaxer%20Apache/Jaxer/Apache2-4Build/jaxer/framework/src/CoreEvents.js
  -> file:///E:/Aptana%20Jaxer%20Apache/Jaxer/Apache2-4Build/jaxer/components/aptEventHandler.js

01:10:28 12/24/2025 [ 22864] [TRACE] [JS Framework] [Container.persist] For container SESSION:176650262827103192941976629359: Persisting
stack:
  ->  [ModuleLogger.js:98] trace("For container SESSION:176650262827103192941976629359: Persisting")
  ->  [Container.js:313] persist()
  ->  [Container.js:620] persistAll([object HTMLDocument])
  ->  [HandlePage.js:73] onHandlePage([object XPCWrappedNative_NoHelper],[object HTMLDocument])
  ->  [CoreEvents.js:293] fireEvent("HANDLE_PAGE",[object Array])
  ->  [CoreEvents.js:234] fire("PARSE_COMPLETE",[object XPCWrappedNative_NoHelper],[object HTMLDocument])
  ->  [aptEventHandler.js:337] observe([object XPCWrappedNative_NoHelper],"jaxerEvent.HTMLParseComplete",null)
paths:
  -> file:///E:/Aptana%20Jaxer%20Apache/Jaxer/Apache2-4Build/jaxer/framework/src/ModuleLogger.js
  -> file:///E:/Aptana%20Jaxer%20Apache/Jaxer/Apache2-4Build/jaxer/framework/src/Container.js
  -> file:///E:/Aptana%20Jaxer%20Apache/Jaxer/Apache2-4Build/jaxer/framework/src/HandlePage.js
  -> file:///E:/Aptana%20Jaxer%20Apache/Jaxer/Apache2-4Build/jaxer/framework/src/CoreEvents.js
  -> file:///E:/Aptana%20Jaxer%20Apache/Jaxer/Apache2-4Build/jaxer/components/aptEventHandler.js

01:10:28 12/24/2025 [ 22864] [TRACE] [JS Framework] [Container.persist] For container SESSION_PAGE:176650262827103192941976629359$$localhost:8081/aptana/samples/tasks/index.html: Persisting
stack:
  ->  [ModuleLogger.js:98] trace("For container SESSION_PAGE:176650262827103192941976629359$$localhost:8081/aptana/samples/tasks/index.html: Persisting")
  ->  [Container.js:313] persist()
  ->  [Container.js:620] persistAll([object HTMLDocument])
  ->  [HandlePage.js:73] onHandlePage([object XPCWrappedNative_NoHelper],[object HTMLDocument])
  ->  [CoreEvents.js:293] fireEvent("HANDLE_PAGE",[object Array])
  ->  [CoreEvents.js:234] fire("PARSE_COMPLETE",[object XPCWrappedNative_NoHelper],[object HTMLDocument])
  ->  [aptEventHandler.js:337] observe([object XPCWrappedNative_NoHelper],"jaxerEvent.HTMLParseComplete",null)
paths:
  -> file:///E:/Aptana%20Jaxer%20Apache/Jaxer/Apache2-4Build/jaxer/framework/src/ModuleLogger.js
  -> file:///E:/Aptana%20Jaxer%20Apache/Jaxer/Apache2-4Build/jaxer/framework/src/Container.js
  -> file:///E:/Aptana%20Jaxer%20Apache/Jaxer/Apache2-4Build/jaxer/framework/src/HandlePage.js
  -> file:///E:/Aptana%20Jaxer%20Apache/Jaxer/Apache2-4Build/jaxer/framework/src/CoreEvents.js
  -> file:///E:/Aptana%20Jaxer%20Apache/Jaxer/Apache2-4Build/jaxer/components/aptEventHandler.js

01:10:28 12/24/2025 [ 22864] [TRACE] [JS Framework] [HandlePage.onHandlePage] Containers persisted
stack:
  ->  [ModuleLogger.js:98] trace("Containers persisted")
  ->  [HandlePage.js:74] onHandlePage([object XPCWrappedNative_NoHelper],[object HTMLDocument])
  ->  [CoreEvents.js:293] fireEvent("HANDLE_PAGE",[object Array])
  ->  [CoreEvents.js:234] fire("PARSE_COMPLETE",[object XPCWrappedNative_NoHelper],[object HTMLDocument])
  ->  [aptEventHandler.js:337] observe([object XPCWrappedNative_NoHelper],"jaxerEvent.HTMLParseComplete",null)
paths:
  -> file:///E:/Aptana%20Jaxer%20Apache/Jaxer/Apache2-4Build/jaxer/framework/src/ModuleLogger.js
  -> file:///E:/Aptana%20Jaxer%20Apache/Jaxer/Apache2-4Build/jaxer/framework/src/HandlePage.js
  -> file:///E:/Aptana%20Jaxer%20Apache/Jaxer/Apache2-4Build/jaxer/framework/src/CoreEvents.js
  -> file:///E:/Aptana%20Jaxer%20Apache/Jaxer/Apache2-4Build/jaxer/components/aptEventHandler.js

01:10:28 12/24/2025 [ 22864] [TRACE] [JS Framework] [Response.setNoCacheHeaders] Setting no-cache headers
stack:
  ->  [ModuleLogger.js:98] trace("Setting no-cache headers")
  ->  [Response.js:772] setNoCacheHeaders()
  ->  [HandlePage.js:85] onHandlePage([object XPCWrappedNative_NoHelper],[object HTMLDocument])
  ->  [CoreEvents.js:293] fireEvent("HANDLE_PAGE",[object Array])
  ->  [CoreEvents.js:234] fire("PARSE_COMPLETE",[object XPCWrappedNative_NoHelper],[object HTMLDocument])
  ->  [aptEventHandler.js:337] observe([object XPCWrappedNative_NoHelper],"jaxerEvent.HTMLParseComplete",null)
paths:
  -> file:///E:/Aptana%20Jaxer%20Apache/Jaxer/Apache2-4Build/jaxer/framework/src/ModuleLogger.js
  -> file:///E:/Aptana%20Jaxer%20Apache/Jaxer/Apache2-4Build/jaxer/framework/src/Response.js
  -> file:///E:/Aptana%20Jaxer%20Apache/Jaxer/Apache2-4Build/jaxer/framework/src/HandlePage.js
  -> file:///E:/Aptana%20Jaxer%20Apache/Jaxer/Apache2-4Build/jaxer/framework/src/CoreEvents.js
  -> file:///E:/Aptana%20Jaxer%20Apache/Jaxer/Apache2-4Build/jaxer/components/aptEventHandler.js

01:10:28 12/24/2025 [ 22864] [TRACE] [JS Framework] [DB.SQLite.close] Closing the connection
stack:
  ->  [ModuleLogger.js:98] trace("Closing the connection")
  ->  [DB_SQLite.js:739] close()
  ->  [DB.js:437] closeAllConnections(true)
  ->  [HandlePage.js:182] onHandlePage([object XPCWrappedNative_NoHelper],[object HTMLDocument])
  ->  [CoreEvents.js:293] fireEvent("HANDLE_PAGE",[object Array])
  ->  [CoreEvents.js:234] fire("PARSE_COMPLETE",[object XPCWrappedNative_NoHelper],[object HTMLDocument])
  ->  [aptEventHandler.js:337] observe([object XPCWrappedNative_NoHelper],"jaxerEvent.HTMLParseComplete",null)
paths:
  -> file:///E:/Aptana%20Jaxer%20Apache/Jaxer/Apache2-4Build/jaxer/framework/src/ModuleLogger.js
  -> file:///E:/Aptana%20Jaxer%20Apache/Jaxer/Apache2-4Build/jaxer/framework/src/DB_SQLite.js
  -> file:///E:/Aptana%20Jaxer%20Apache/Jaxer/Apache2-4Build/jaxer/framework/src/DB.js
  -> file:///E:/Aptana%20Jaxer%20Apache/Jaxer/Apache2-4Build/jaxer/framework/src/HandlePage.js
  -> file:///E:/Aptana%20Jaxer%20Apache/Jaxer/Apache2-4Build/jaxer/framework/src/CoreEvents.js
  -> file:///E:/Aptana%20Jaxer%20Apache/Jaxer/Apache2-4Build/jaxer/components/aptEventHandler.js

01:10:28 12/24/2025 [ 22864] [TRACE] [JS Framework] [DB.SQLite.close] Closing the connection
stack:
  ->  [ModuleLogger.js:98] trace("Closing the connection")
  ->  [DB_SQLite.js:739] close()
  ->  [DB.js:437] closeAllConnections(true)
  ->  [HandlePage.js:182] onHandlePage([object XPCWrappedNative_NoHelper],[object HTMLDocument])
  ->  [CoreEvents.js:293] fireEvent("HANDLE_PAGE",[object Array])
  ->  [CoreEvents.js:234] fire("PARSE_COMPLETE",[object XPCWrappedNative_NoHelper],[object HTMLDocument])
  ->  [aptEventHandler.js:337] observe([object XPCWrappedNative_NoHelper],"jaxerEvent.HTMLParseComplete",null)
paths:
  -> file:///E:/Aptana%20Jaxer%20Apache/Jaxer/Apache2-4Build/jaxer/framework/src/ModuleLogger.js
  -> file:///E:/Aptana%20Jaxer%20Apache/Jaxer/Apache2-4Build/jaxer/framework/src/DB_SQLite.js
  -> file:///E:/Aptana%20Jaxer%20Apache/Jaxer/Apache2-4Build/jaxer/framework/src/DB.js
  -> file:///E:/Aptana%20Jaxer%20Apache/Jaxer/Apache2-4Build/jaxer/framework/src/HandlePage.js
  -> file:///E:/Aptana%20Jaxer%20Apache/Jaxer/Apache2-4Build/jaxer/framework/src/CoreEvents.js
  -> file:///E:/Aptana%20Jaxer%20Apache/Jaxer/Apache2-4Build/jaxer/components/aptEventHandler.js

01:10:28 12/24/2025 [ 22864] [TRACE] [JS Framework] [CoreEvents.fireEvent] Firing an event for PARSE_COMPLETE
stack:
  ->  [ModuleLogger.js:98] trace("Firing an event for PARSE_COMPLETE")
  ->  [CoreEvents.js:282] fireEvent("PARSE_COMPLETE",[object Array])
  ->  [CoreEvents.js:238] fire("PARSE_COMPLETE",[object XPCWrappedNative_NoHelper],[object HTMLDocument])
  ->  [aptEventHandler.js:337] observe([object XPCWrappedNative_NoHelper],"jaxerEvent.HTMLParseComplete",null)
paths:
  -> file:///E:/Aptana%20Jaxer%20Apache/Jaxer/Apache2-4Build/jaxer/framework/src/ModuleLogger.js
  -> file:///E:/Aptana%20Jaxer%20Apache/Jaxer/Apache2-4Build/jaxer/framework/src/CoreEvents.js
  -> file:///E:/Aptana%20Jaxer%20Apache/Jaxer/Apache2-4Build/jaxer/components/aptEventHandler.js

01:10:28 12/24/2025 [ 22864] [TRACE] [JS Framework] [CoreEvents.fireEvent] Calling event handler: function onParseComplete(evt, doc) {
    Jaxer.__tempLoad.cl...
stack:
  ->  [ModuleLogger.js:98] trace("Calling event handler: function onParseComplete(evt, doc) {\n    Jaxer.__tempLoad.cl...")
  ->  [CoreEvents.js:292] fireEvent("PARSE_COMPLETE",[object Array])
  ->  [CoreEvents.js:238] fire("PARSE_COMPLETE",[object XPCWrappedNative_NoHelper],[object HTMLDocument])
  ->  [aptEventHandler.js:337] observe([object XPCWrappedNative_NoHelper],"jaxerEvent.HTMLParseComplete",null)
paths:
  -> file:///E:/Aptana%20Jaxer%20Apache/Jaxer/Apache2-4Build/jaxer/framework/src/ModuleLogger.js
  -> file:///E:/Aptana%20Jaxer%20Apache/Jaxer/Apache2-4Build/jaxer/framework/src/CoreEvents.js
  -> file:///E:/Aptana%20Jaxer%20Apache/Jaxer/Apache2-4Build/jaxer/components/aptEventHandler.js

01:10:28 12/24/2025 [ 22864] [TRACE] [JS Framework] [CoreEvents.fire] At this time, evt.Request.isHandler=false and eventType: REQUEST_COMPLETE
stack:
  ->  [ModuleLogger.js:98] trace("At this time, evt.Request.isHandler=false and eventType: REQUEST_COMPLETE")
  ->  [CoreEvents.js:205] fire("REQUEST_COMPLETE",[object XPCWrappedNative_NoHelper])
  ->  [aptEventHandler.js:351] observe([object XPCWrappedNative_NoHelper],"jaxerEvent.RequestComplete",null)
paths:
  -> file:///E:/Aptana%20Jaxer%20Apache/Jaxer/Apache2-4Build/jaxer/framework/src/ModuleLogger.js
  -> file:///E:/Aptana%20Jaxer%20Apache/Jaxer/Apache2-4Build/jaxer/framework/src/CoreEvents.js
  -> file:///E:/Aptana%20Jaxer%20Apache/Jaxer/Apache2-4Build/jaxer/components/aptEventHandler.js

01:10:28 12/24/2025 [ 22864] [TRACE] [JS Framework] [CoreEvents.fireEvent] Firing an event for REQUEST_COMPLETE
stack:
  ->  [ModuleLogger.js:98] trace("Firing an event for REQUEST_COMPLETE")
  ->  [CoreEvents.js:282] fireEvent("REQUEST_COMPLETE",[object Array])
  ->  [CoreEvents.js:238] fire("REQUEST_COMPLETE",[object XPCWrappedNative_NoHelper])
  ->  [aptEventHandler.js:351] observe([object XPCWrappedNative_NoHelper],"jaxerEvent.RequestComplete",null)
paths:
  -> file:///E:/Aptana%20Jaxer%20Apache/Jaxer/Apache2-4Build/jaxer/framework/src/ModuleLogger.js
  -> file:///E:/Aptana%20Jaxer%20Apache/Jaxer/Apache2-4Build/jaxer/framework/src/CoreEvents.js
  -> file:///E:/Aptana%20Jaxer%20Apache/Jaxer/Apache2-4Build/jaxer/components/aptEventHandler.js

01:10:28 12/24/2025 [ 22864] [TRACE] [JS Framework] [CoreEvents.fireEvent] Calling event handler: function onRequestComplete(evt) {
}...
stack:
  ->  [ModuleLogger.js:98] trace("Calling event handler: function onRequestComplete(evt) {\n}...")
  ->  [CoreEvents.js:292] fireEvent("REQUEST_COMPLETE",[object Array])
  ->  [CoreEvents.js:238] fire("REQUEST_COMPLETE",[object XPCWrappedNative_NoHelper])
  ->  [aptEventHandler.js:351] observe([object XPCWrappedNative_NoHelper],"jaxerEvent.RequestComplete",null)
paths:
  -> file:///E:/Aptana%20Jaxer%20Apache/Jaxer/Apache2-4Build/jaxer/framework/src/ModuleLogger.js
  -> file:///E:/Aptana%20Jaxer%20Apache/Jaxer/Apache2-4Build/jaxer/framework/src/CoreEvents.js
  -> file:///E:/Aptana%20Jaxer%20Apache/Jaxer/Apache2-4Build/jaxer/components/aptEventHandler.js

01:10:33 12/24/2025 [ 32928] [TRACE] [JS Framework] [CoreEvents.fire] At this time, evt.Request.isHandler=false and eventType: REQUEST_START
stack:
  ->  [ModuleLogger.js:98] trace("At this time, evt.Request.isHandler=false and eventType: REQUEST_START")
  ->  [CoreEvents.js:205] fire("REQUEST_START",[object XPCWrappedNative_NoHelper])
  ->  [aptEventHandler.js:292] observe([object XPCWrappedNative_NoHelper],"jaxerEvent.RequestStart",null)
paths:
  -> file:///E:/Aptana%20Jaxer%20Apache/Jaxer/Apache2-4Build/jaxer/framework/src/ModuleLogger.js
  -> file:///E:/Aptana%20Jaxer%20Apache/Jaxer/Apache2-4Build/jaxer/framework/src/CoreEvents.js
  -> file:///E:/Aptana%20Jaxer%20Apache/Jaxer/Apache2-4Build/jaxer/components/aptEventHandler.js

01:10:33 12/24/2025 [ 32928] [TRACE] [JS Framework] [CoreEvents.fireEvent] Firing an event for REQUEST_START
stack:
  ->  [ModuleLogger.js:98] trace("Firing an event for REQUEST_START")
  ->  [CoreEvents.js:282] fireEvent("REQUEST_START",[object Array])
  ->  [CoreEvents.js:238] fire("REQUEST_START",[object XPCWrappedNative_NoHelper])
  ->  [aptEventHandler.js:292] observe([object XPCWrappedNative_NoHelper],"jaxerEvent.RequestStart",null)
paths:
  -> file:///E:/Aptana%20Jaxer%20Apache/Jaxer/Apache2-4Build/jaxer/framework/src/ModuleLogger.js
  -> file:///E:/Aptana%20Jaxer%20Apache/Jaxer/Apache2-4Build/jaxer/framework/src/CoreEvents.js
  -> file:///E:/Aptana%20Jaxer%20Apache/Jaxer/Apache2-4Build/jaxer/components/aptEventHandler.js

01:10:33 12/24/2025 [ 32928] [TRACE] [JS Framework] [CoreEvents.fireEvent] Calling event handler: function onRequestStart(evt) {
}...
stack:
  ->  [ModuleLogger.js:98] trace("Calling event handler: function onRequestStart(evt) {\n}...")
  ->  [CoreEvents.js:292] fireEvent("REQUEST_START",[object Array])
  ->  [CoreEvents.js:238] fire("REQUEST_START",[object XPCWrappedNative_NoHelper])
  ->  [aptEventHandler.js:292] observe([object XPCWrappedNative_NoHelper],"jaxerEvent.RequestStart",null)
paths:
  -> file:///E:/Aptana%20Jaxer%20Apache/Jaxer/Apache2-4Build/jaxer/framework/src/ModuleLogger.js
  -> file:///E:/Aptana%20Jaxer%20Apache/Jaxer/Apache2-4Build/jaxer/framework/src/CoreEvents.js
  -> file:///E:/Aptana%20Jaxer%20Apache/Jaxer/Apache2-4Build/jaxer/components/aptEventHandler.js

01:10:33 12/24/2025 [ 32928] [TRACE] [JS Framework] [CoreEvents.fire] At this time, evt.Request.isHandler=false and eventType: PARSE_START
stack:
  ->  [ModuleLogger.js:98] trace("At this time, evt.Request.isHandler=false and eventType: PARSE_START")
  ->  [CoreEvents.js:205] fire("PARSE_START",[object XPCWrappedNative_NoHelper])
  ->  [aptEventHandler.js:306] observe([object XPCWrappedNative_NoHelper],"jaxerEvent.HTMLParseStart",null)
paths:
  -> file:///E:/Aptana%20Jaxer%20Apache/Jaxer/Apache2-4Build/jaxer/framework/src/ModuleLogger.js
  -> file:///E:/Aptana%20Jaxer%20Apache/Jaxer/Apache2-4Build/jaxer/framework/src/CoreEvents.js
  -> file:///E:/Aptana%20Jaxer%20Apache/Jaxer/Apache2-4Build/jaxer/components/aptEventHandler.js

01:10:33 12/24/2025 [ 32928] [TRACE] [JS Framework] [CoreEvents.fireEvent] Firing an event for PARSE_START
stack:
  ->  [ModuleLogger.js:98] trace("Firing an event for PARSE_START")
  ->  [CoreEvents.js:282] fireEvent("PARSE_START",[object Array])
  ->  [CoreEvents.js:238] fire("PARSE_START",[object XPCWrappedNative_NoHelper])
  ->  [aptEventHandler.js:306] observe([object XPCWrappedNative_NoHelper],"jaxerEvent.HTMLParseStart",null)
paths:
  -> file:///E:/Aptana%20Jaxer%20Apache/Jaxer/Apache2-4Build/jaxer/framework/src/ModuleLogger.js
  -> file:///E:/Aptana%20Jaxer%20Apache/Jaxer/Apache2-4Build/jaxer/framework/src/CoreEvents.js
  -> file:///E:/Aptana%20Jaxer%20Apache/Jaxer/Apache2-4Build/jaxer/components/aptEventHandler.js

01:10:33 12/24/2025 [ 32928] [TRACE] [JS Framework] [CoreEvents.fireEvent] Calling event handler: function onParseStart(evt) {
    Jaxer.request = frameworkGl...
stack:
  ->  [ModuleLogger.js:98] trace("Calling event handler: function onParseStart(evt) {\n    Jaxer.request = frameworkGl...")
  ->  [CoreEvents.js:292] fireEvent("PARSE_START",[object Array])
  ->  [CoreEvents.js:238] fire("PARSE_START",[object XPCWrappedNative_NoHelper])
  ->  [aptEventHandler.js:306] observe([object XPCWrappedNative_NoHelper],"jaxerEvent.HTMLParseStart",null)
paths:
  -> file:///E:/Aptana%20Jaxer%20Apache/Jaxer/Apache2-4Build/jaxer/framework/src/ModuleLogger.js
  -> file:///E:/Aptana%20Jaxer%20Apache/Jaxer/Apache2-4Build/jaxer/framework/src/CoreEvents.js
  -> file:///E:/Aptana%20Jaxer%20Apache/Jaxer/Apache2-4Build/jaxer/components/aptEventHandler.js

01:10:33 12/24/2025 [ 32928] [TRACE] [JS Framework] [Request.Request] Constructing request from: ({constructorErrors:[], _request:{}, method:"POST", isHandler:false, uri:"/aptana/modal_window.html", protocol:"HTTP/1.1", remoteUser:"", remoteHost:"desktop-lpv0ncp", remoteAddr:"::1", pageFile:"E:/Aptana Jaxer Apache/Jaxer/Apache2-4Build/jaxer/aptana/modal_window.html", documentRoot:"E:/Aptana Jaxer Apache/Jaxer/Apache2-4Build/public", OS:"WINNT", isJaxerServer:false, isHTTPS:false, queryString:"", logFileNativePath:"", action:"POST", headers:{Host:"localhost:8081", Connection:"keep-alive", 'Content-Length':"0", 'X-Prototype-Version':"1.6.0.2", 'sec-ch-ua-platform':"\"Windows\"", 'sec-ch-ua':"\"Chromium\";v=\"140\", \"Not=A?Brand\";v=\"24\", \"Opera\";v=\"124\"", 'sec-ch-ua-mobile':"?0", 'X-Requested-With':"XMLHttpRequest", 'User-Agent':"Mozilla/5.0 (Windows NT 10.0; Win64; x64) AppleWebKit/537.36 (KHTML, like Gecko) Chrome/140.0.0.0 Safari/537.36 OPR/124.0.0.0", Accept:"text/javascript, text/html, application/xml, text/xml, */*", 'Content-type':"application/x-www-form-urlencoded; charset=UTF-8", Origin:"http://localhost:8081", 'Sec-Fetch-Site':"same-origin", 'Sec-Fetch-Mode':"cors", 'Sec-Fetch-Dest':"empty", Referer:"http://localhost:8081/aptana/", 'Accept-Encoding':"gzip, deflate, br, zstd", 'Accept-Language':"en-US,en;q=0.9", Cookie:"JaxerSessionId%24%24localhost%3A8081=176589175647709027719934159097; JaxerSessionId%24%24diagnostics=1766389857171006019406608883027; JaxerSessionId%24%24chat=176650225815408013378880202926; JaxerSessionId%24%24smtp-email=1766502615487048247814800171795; JaxerSessionId%24%24rss-sample=1766502620172023884340692192807; JaxerSessionId%24%24tasks=176650262827103192941976629359"}})
stack:
  ->  [ModuleLogger.js:98] trace("Constructing request from: ({constructorErrors:[], _request:{}, method:\"POST\", isHandler:false, uri:\"/aptana/modal_window.html\", protocol:\"HTTP/1.1\", remoteUser:\"\", remoteHost:\"desktop-lpv0ncp\", remoteAddr:\"::1\", pageFile:\"E:/Aptana Jaxer Apache/Jaxer/Apache2-4Build/jaxer/aptana/modal_window.html\", documentRoot:\"E:/Aptana Jaxer Apache/Jaxer/Apache2-4Build/public\", OS:\"WINNT\", isJaxerServer:false, isHTTPS:false, queryString:\"\", logFileNativePath:\"\", action:\"POST\", headers:{Host:\"localhost:8081\", Connection:\"keep-alive\", 'Content-Length':\"0\", 'X-Prototype-Version':\"1.6.0.2\", 'sec-ch-ua-platform':\"\\\"Windows\\\"\", 'sec-ch-ua':\"\\\"Chromium\\\";v=\\\"140\\\", \\\"Not=A?Brand\\\";v=\\\"24\\\", \\\"Opera\\\";v=\\\"124\\\"\", 'sec-ch-ua-mobile':\"?0\", 'X-Requested-With':\"XMLHttpRequest\", 'User-Agent':\"Mozilla/5.0 (Windows NT 10.0; Win64; x64) AppleWebKit/537.36 (KHTML, like Gecko) Chrome/140.0.0.0 Safari/537.36 OPR/124.0.0.0\", Accept:\"text/javascript, text/html, application/xml, text/xml, */*\", 'Content-type':\"application/x-www-form-urlencoded; charset=UTF-8\", Origin:\"http://localhost:8081\", 'Sec-Fetch-Site':\"same-origin\", 'Sec-Fetch-Mode':\"cors\", 'Sec-Fetch-Dest':\"empty\", Referer:\"http://localhost:8081/aptana/\", 'Accept-Encoding':\"gzip, deflate, br, zstd\", 'Accept-Language':\"en-US,en;q=0.9\", Cookie:\"JaxerSessionId%24%24localhost%3A8081=176589175647709027719934159097; JaxerSessionId%24%24diagnostics=1766389857171006019406608883027; JaxerSessionId%24%24chat=176650225815408013378880202926; JaxerSessionId%24%24smtp-email=1766502615487048247814800171795; JaxerSessionId%24%24rss-sample=1766502620172023884340692192807; JaxerSessionId%24%24tasks=176650262827103192941976629359\"}})")
  ->  [Request.js:202] Request([object XPCWrappedNative_NoHelper])
  ->  [ParseStart.js:49] onParseStart([object XPCWrappedNative_NoHelper])
  ->  [CoreEvents.js:293] fireEvent("PARSE_START",[object Array])
  ->  [CoreEvents.js:238] fire("PARSE_START",[object XPCWrappedNative_NoHelper])
  ->  [aptEventHandler.js:306] observe([object XPCWrappedNative_NoHelper],"jaxerEvent.HTMLParseStart",null)
paths:
  -> file:///E:/Aptana%20Jaxer%20Apache/Jaxer/Apache2-4Build/jaxer/framework/src/ModuleLogger.js
  -> file:///E:/Aptana%20Jaxer%20Apache/Jaxer/Apache2-4Build/jaxer/framework/src/Request.js
  -> file:///E:/Aptana%20Jaxer%20Apache/Jaxer/Apache2-4Build/jaxer/framework/src/ParseStart.js
  -> file:///E:/Aptana%20Jaxer%20Apache/Jaxer/Apache2-4Build/jaxer/framework/src/CoreEvents.js
  -> file:///E:/Aptana%20Jaxer%20Apache/Jaxer/Apache2-4Build/jaxer/components/aptEventHandler.js

01:10:33 12/24/2025 [ 32928] [TRACE] [JS Framework] [ParseStart.onParseStart] Matching app using parsedUrl='({url:"http://localhost:8081/aptana/modal_window.html", scheme:"http", protocol:"http", authority:"localhost:8081", path:"/aptana/modal_window.html", query:"", fragment:"", userInfo:"", host:"localhost", port:"8081", hostAndPort:"localhost:8081", base:"http://localhost:8081", subdomain:"", domain:"localhost", pathParts:["aptana", "modal_window.html"], leaf:"modal_window.html", queryParts:{}})'
stack:
  ->  [ModuleLogger.js:98] trace("Matching app using parsedUrl='({url:\"http://localhost:8081/aptana/modal_window.html\", scheme:\"http\", protocol:\"http\", authority:\"localhost:8081\", path:\"/aptana/modal_window.html\", query:\"\", fragment:\"\", userInfo:\"\", host:\"localhost\", port:\"8081\", hostAndPort:\"localhost:8081\", base:\"http://localhost:8081\", subdomain:\"\", domain:\"localhost\", pathParts:[\"aptana\", \"modal_window.html\"], leaf:\"modal_window.html\", queryParts:{}})'")
  ->  [ParseStart.js:81] onParseStart([object XPCWrappedNative_NoHelper])
  ->  [CoreEvents.js:293] fireEvent("PARSE_START",[object Array])
  ->  [CoreEvents.js:238] fire("PARSE_START",[object XPCWrappedNative_NoHelper])
  ->  [aptEventHandler.js:306] observe([object XPCWrappedNative_NoHelper],"jaxerEvent.HTMLParseStart",null)
paths:
  -> file:///E:/Aptana%20Jaxer%20Apache/Jaxer/Apache2-4Build/jaxer/framework/src/ModuleLogger.js
  -> file:///E:/Aptana%20Jaxer%20Apache/Jaxer/Apache2-4Build/jaxer/framework/src/ParseStart.js
  -> file:///E:/Aptana%20Jaxer%20Apache/Jaxer/Apache2-4Build/jaxer/framework/src/CoreEvents.js
  -> file:///E:/Aptana%20Jaxer%20Apache/Jaxer/Apache2-4Build/jaxer/components/aptEventHandler.js

01:10:33 12/24/2025 [ 32928] [TRACE] [JS Framework] [App.init] Initializing app 'DEFAULT' (urlTest: /.*/)
stack:
  ->  [ModuleLogger.js:98] trace("Initializing app 'DEFAULT' (urlTest: /.*/)")
  ->  [App.js:184] init()
  ->  [ParseStart.js:110] onParseStart([object XPCWrappedNative_NoHelper])
  ->  [CoreEvents.js:293] fireEvent("PARSE_START",[object Array])
  ->  [CoreEvents.js:238] fire("PARSE_START",[object XPCWrappedNative_NoHelper])
  ->  [aptEventHandler.js:306] observe([object XPCWrappedNative_NoHelper],"jaxerEvent.HTMLParseStart",null)
paths:
  -> file:///E:/Aptana%20Jaxer%20Apache/Jaxer/Apache2-4Build/jaxer/framework/src/ModuleLogger.js
  -> file:///E:/Aptana%20Jaxer%20Apache/Jaxer/Apache2-4Build/jaxer/framework/src/App.js
  -> file:///E:/Aptana%20Jaxer%20Apache/Jaxer/Apache2-4Build/jaxer/framework/src/ParseStart.js
  -> file:///E:/Aptana%20Jaxer%20Apache/Jaxer/Apache2-4Build/jaxer/framework/src/CoreEvents.js
  -> file:///E:/Aptana%20Jaxer%20Apache/Jaxer/Apache2-4Build/jaxer/components/aptEventHandler.js

01:10:33 12/24/2025 [ 32928] [TRACE] [JS Framework] [App.init] APP_KEY for app 'DEFAULT': localhost:8081
stack:
  ->  [ModuleLogger.js:98] trace("APP_KEY for app 'DEFAULT': localhost:8081")
  ->  [App.js:196] init()
  ->  [ParseStart.js:110] onParseStart([object XPCWrappedNative_NoHelper])
  ->  [CoreEvents.js:293] fireEvent("PARSE_START",[object Array])
  ->  [CoreEvents.js:238] fire("PARSE_START",[object XPCWrappedNative_NoHelper])
  ->  [aptEventHandler.js:306] observe([object XPCWrappedNative_NoHelper],"jaxerEvent.HTMLParseStart",null)
paths:
  -> file:///E:/Aptana%20Jaxer%20Apache/Jaxer/Apache2-4Build/jaxer/framework/src/ModuleLogger.js
  -> file:///E:/Aptana%20Jaxer%20Apache/Jaxer/Apache2-4Build/jaxer/framework/src/App.js
  -> file:///E:/Aptana%20Jaxer%20Apache/Jaxer/Apache2-4Build/jaxer/framework/src/ParseStart.js
  -> file:///E:/Aptana%20Jaxer%20Apache/Jaxer/Apache2-4Build/jaxer/framework/src/CoreEvents.js
  -> file:///E:/Aptana%20Jaxer%20Apache/Jaxer/Apache2-4Build/jaxer/components/aptEventHandler.js

01:10:33 12/24/2025 [ 32928] [TRACE] [JS Framework] [App.init] PAGE_KEY for app 'DEFAULT': localhost:8081/aptana/modal_window.html
stack:
  ->  [ModuleLogger.js:98] trace("PAGE_KEY for app 'DEFAULT': localhost:8081/aptana/modal_window.html")
  ->  [App.js:208] init()
  ->  [ParseStart.js:110] onParseStart([object XPCWrappedNative_NoHelper])
  ->  [CoreEvents.js:293] fireEvent("PARSE_START",[object Array])
  ->  [CoreEvents.js:238] fire("PARSE_START",[object XPCWrappedNative_NoHelper])
  ->  [aptEventHandler.js:306] observe([object XPCWrappedNative_NoHelper],"jaxerEvent.HTMLParseStart",null)
paths:
  -> file:///E:/Aptana%20Jaxer%20Apache/Jaxer/Apache2-4Build/jaxer/framework/src/ModuleLogger.js
  -> file:///E:/Aptana%20Jaxer%20Apache/Jaxer/Apache2-4Build/jaxer/framework/src/App.js
  -> file:///E:/Aptana%20Jaxer%20Apache/Jaxer/Apache2-4Build/jaxer/framework/src/ParseStart.js
  -> file:///E:/Aptana%20Jaxer%20Apache/Jaxer/Apache2-4Build/jaxer/framework/src/CoreEvents.js
  -> file:///E:/Aptana%20Jaxer%20Apache/Jaxer/Apache2-4Build/jaxer/components/aptEventHandler.js

01:10:33 12/24/2025 [ 32928] [TRACE] [JS Framework] [App.init] PATH for app 'DEFAULT': resource:///../local_jaxer/data/DEFAULT
stack:
  ->  [ModuleLogger.js:98] trace("PATH for app 'DEFAULT': resource:///../local_jaxer/data/DEFAULT")
  ->  [App.js:231] init()
  ->  [ParseStart.js:110] onParseStart([object XPCWrappedNative_NoHelper])
  ->  [CoreEvents.js:293] fireEvent("PARSE_START",[object Array])
  ->  [CoreEvents.js:238] fire("PARSE_START",[object XPCWrappedNative_NoHelper])
  ->  [aptEventHandler.js:306] observe([object XPCWrappedNative_NoHelper],"jaxerEvent.HTMLParseStart",null)
paths:
  -> file:///E:/Aptana%20Jaxer%20Apache/Jaxer/Apache2-4Build/jaxer/framework/src/ModuleLogger.js
  -> file:///E:/Aptana%20Jaxer%20Apache/Jaxer/Apache2-4Build/jaxer/framework/src/App.js
  -> file:///E:/Aptana%20Jaxer%20Apache/Jaxer/Apache2-4Build/jaxer/framework/src/ParseStart.js
  -> file:///E:/Aptana%20Jaxer%20Apache/Jaxer/Apache2-4Build/jaxer/framework/src/CoreEvents.js
  -> file:///E:/Aptana%20Jaxer%20Apache/Jaxer/Apache2-4Build/jaxer/components/aptEventHandler.js

01:10:33 12/24/2025 [ 32928] [TRACE] [JS Framework] [ParseStart.onParseStart] Using app 'DEFAULT': urlTest = /.*/
stack:
  ->  [ModuleLogger.js:98] trace("Using app 'DEFAULT': urlTest = /.*/")
  ->  [ParseStart.js:113] onParseStart([object XPCWrappedNative_NoHelper])
  ->  [CoreEvents.js:293] fireEvent("PARSE_START",[object Array])
  ->  [CoreEvents.js:238] fire("PARSE_START",[object XPCWrappedNative_NoHelper])
  ->  [aptEventHandler.js:306] observe([object XPCWrappedNative_NoHelper],"jaxerEvent.HTMLParseStart",null)
paths:
  -> file:///E:/Aptana%20Jaxer%20Apache/Jaxer/Apache2-4Build/jaxer/framework/src/ModuleLogger.js
  -> file:///E:/Aptana%20Jaxer%20Apache/Jaxer/Apache2-4Build/jaxer/framework/src/ParseStart.js
  -> file:///E:/Aptana%20Jaxer%20Apache/Jaxer/Apache2-4Build/jaxer/framework/src/CoreEvents.js
  -> file:///E:/Aptana%20Jaxer%20Apache/Jaxer/Apache2-4Build/jaxer/components/aptEventHandler.js

01:10:33 12/24/2025 [ 32928] [DEBUG] [JS Framework] [SessionManager.keyFromRequest] Getting session key from the client via cookie JaxerSessionId$$localhost:8081: 176589175647709027719934159097
stack:
  ->  [ModuleLogger.js:98] debug("Getting session key from the client via cookie JaxerSessionId$$localhost:8081: 176589175647709027719934159097")
  ->  [SessionManager.js:59] keyFromRequest("localhost:8081")
  ->  [Container.js:474] init("localhost:8081","localhost:8081/aptana/modal_window.html")
  ->  [ParseStart.js:122] onParseStart([object XPCWrappedNative_NoHelper])
  ->  [CoreEvents.js:293] fireEvent("PARSE_START",[object Array])
  ->  [CoreEvents.js:238] fire("PARSE_START",[object XPCWrappedNative_NoHelper])
  ->  [aptEventHandler.js:306] observe([object XPCWrappedNative_NoHelper],"jaxerEvent.HTMLParseStart",null)
paths:
  -> file:///E:/Aptana%20Jaxer%20Apache/Jaxer/Apache2-4Build/jaxer/framework/src/ModuleLogger.js
  -> file:///E:/Aptana%20Jaxer%20Apache/Jaxer/Apache2-4Build/jaxer/framework/src/SessionManager.js
  -> file:///E:/Aptana%20Jaxer%20Apache/Jaxer/Apache2-4Build/jaxer/framework/src/Container.js
  -> file:///E:/Aptana%20Jaxer%20Apache/Jaxer/Apache2-4Build/jaxer/framework/src/ParseStart.js
  -> file:///E:/Aptana%20Jaxer%20Apache/Jaxer/Apache2-4Build/jaxer/framework/src/CoreEvents.js
  -> file:///E:/Aptana%20Jaxer%20Apache/Jaxer/Apache2-4Build/jaxer/components/aptEventHandler.js

01:10:33 12/24/2025 [ 32928] [DEBUG] [JS Framework] [Container.init] Created APPLICATION container as Jaxer.application with key localhost:8081
stack:
  ->  [ModuleLogger.js:98] debug("Created APPLICATION container as Jaxer.application with key localhost:8081")
  ->  [Container.js:485] init("localhost:8081","localhost:8081/aptana/modal_window.html")
  ->  [ParseStart.js:122] onParseStart([object XPCWrappedNative_NoHelper])
  ->  [CoreEvents.js:293] fireEvent("PARSE_START",[object Array])
  ->  [CoreEvents.js:238] fire("PARSE_START",[object XPCWrappedNative_NoHelper])
  ->  [aptEventHandler.js:306] observe([object XPCWrappedNative_NoHelper],"jaxerEvent.HTMLParseStart",null)
paths:
  -> file:///E:/Aptana%20Jaxer%20Apache/Jaxer/Apache2-4Build/jaxer/framework/src/ModuleLogger.js
  -> file:///E:/Aptana%20Jaxer%20Apache/Jaxer/Apache2-4Build/jaxer/framework/src/Container.js
  -> file:///E:/Aptana%20Jaxer%20Apache/Jaxer/Apache2-4Build/jaxer/framework/src/ParseStart.js
  -> file:///E:/Aptana%20Jaxer%20Apache/Jaxer/Apache2-4Build/jaxer/framework/src/CoreEvents.js
  -> file:///E:/Aptana%20Jaxer%20Apache/Jaxer/Apache2-4Build/jaxer/components/aptEventHandler.js

01:10:33 12/24/2025 [ 32928] [DEBUG] [JS Framework] [Container.init] Created PAGE container as Jaxer.page with key localhost:8081/aptana/modal_window.html
stack:
  ->  [ModuleLogger.js:98] debug("Created PAGE container as Jaxer.page with key localhost:8081/aptana/modal_window.html")
  ->  [Container.js:485] init("localhost:8081","localhost:8081/aptana/modal_window.html")
  ->  [ParseStart.js:122] onParseStart([object XPCWrappedNative_NoHelper])
  ->  [CoreEvents.js:293] fireEvent("PARSE_START",[object Array])
  ->  [CoreEvents.js:238] fire("PARSE_START",[object XPCWrappedNative_NoHelper])
  ->  [aptEventHandler.js:306] observe([object XPCWrappedNative_NoHelper],"jaxerEvent.HTMLParseStart",null)
paths:
  -> file:///E:/Aptana%20Jaxer%20Apache/Jaxer/Apache2-4Build/jaxer/framework/src/ModuleLogger.js
  -> file:///E:/Aptana%20Jaxer%20Apache/Jaxer/Apache2-4Build/jaxer/framework/src/Container.js
  -> file:///E:/Aptana%20Jaxer%20Apache/Jaxer/Apache2-4Build/jaxer/framework/src/ParseStart.js
  -> file:///E:/Aptana%20Jaxer%20Apache/Jaxer/Apache2-4Build/jaxer/framework/src/CoreEvents.js
  -> file:///E:/Aptana%20Jaxer%20Apache/Jaxer/Apache2-4Build/jaxer/components/aptEventHandler.js

01:10:33 12/24/2025 [ 32928] [DEBUG] [JS Framework] [Container.init] Created SESSION container as Jaxer.session with key 176589175647709027719934159097
stack:
  ->  [ModuleLogger.js:98] debug("Created SESSION container as Jaxer.session with key 176589175647709027719934159097")
  ->  [Container.js:485] init("localhost:8081","localhost:8081/aptana/modal_window.html")
  ->  [ParseStart.js:122] onParseStart([object XPCWrappedNative_NoHelper])
  ->  [CoreEvents.js:293] fireEvent("PARSE_START",[object Array])
  ->  [CoreEvents.js:238] fire("PARSE_START",[object XPCWrappedNative_NoHelper])
  ->  [aptEventHandler.js:306] observe([object XPCWrappedNative_NoHelper],"jaxerEvent.HTMLParseStart",null)
paths:
  -> file:///E:/Aptana%20Jaxer%20Apache/Jaxer/Apache2-4Build/jaxer/framework/src/ModuleLogger.js
  -> file:///E:/Aptana%20Jaxer%20Apache/Jaxer/Apache2-4Build/jaxer/framework/src/Container.js
  -> file:///E:/Aptana%20Jaxer%20Apache/Jaxer/Apache2-4Build/jaxer/framework/src/ParseStart.js
  -> file:///E:/Aptana%20Jaxer%20Apache/Jaxer/Apache2-4Build/jaxer/framework/src/CoreEvents.js
  -> file:///E:/Aptana%20Jaxer%20Apache/Jaxer/Apache2-4Build/jaxer/components/aptEventHandler.js

01:10:33 12/24/2025 [ 32928] [DEBUG] [JS Framework] [Container.init] Created SESSION_PAGE container as Jaxer.sessionPage with key 176589175647709027719934159097$$localhost:8081/aptana/modal_window.html
stack:
  ->  [ModuleLogger.js:98] debug("Created SESSION_PAGE container as Jaxer.sessionPage with key 176589175647709027719934159097$$localhost:8081/aptana/modal_window.html")
  ->  [Container.js:485] init("localhost:8081","localhost:8081/aptana/modal_window.html")
  ->  [ParseStart.js:122] onParseStart([object XPCWrappedNative_NoHelper])
  ->  [CoreEvents.js:293] fireEvent("PARSE_START",[object Array])
  ->  [CoreEvents.js:238] fire("PARSE_START",[object XPCWrappedNative_NoHelper])
  ->  [aptEventHandler.js:306] observe([object XPCWrappedNative_NoHelper],"jaxerEvent.HTMLParseStart",null)
paths:
  -> file:///E:/Aptana%20Jaxer%20Apache/Jaxer/Apache2-4Build/jaxer/framework/src/ModuleLogger.js
  -> file:///E:/Aptana%20Jaxer%20Apache/Jaxer/Apache2-4Build/jaxer/framework/src/Container.js
  -> file:///E:/Aptana%20Jaxer%20Apache/Jaxer/Apache2-4Build/jaxer/framework/src/ParseStart.js
  -> file:///E:/Aptana%20Jaxer%20Apache/Jaxer/Apache2-4Build/jaxer/framework/src/CoreEvents.js
  -> file:///E:/Aptana%20Jaxer%20Apache/Jaxer/Apache2-4Build/jaxer/components/aptEventHandler.js

01:10:33 12/24/2025 [ 32928] [TRACE] [JS Framework] [DB.setDefault] Setting default connection for app: DEFAULT
stack:
  ->  [ModuleLogger.js:98] trace("Setting default connection for app: DEFAULT")
  ->  [DB.js:162] setDefault("DEFAULT",[object Object])
  ->  [ParseStart.js:123] onParseStart([object XPCWrappedNative_NoHelper])
  ->  [CoreEvents.js:293] fireEvent("PARSE_START",[object Array])
  ->  [CoreEvents.js:238] fire("PARSE_START",[object XPCWrappedNative_NoHelper])
  ->  [aptEventHandler.js:306] observe([object XPCWrappedNative_NoHelper],"jaxerEvent.HTMLParseStart",null)
paths:
  -> file:///E:/Aptana%20Jaxer%20Apache/Jaxer/Apache2-4Build/jaxer/framework/src/ModuleLogger.js
  -> file:///E:/Aptana%20Jaxer%20Apache/Jaxer/Apache2-4Build/jaxer/framework/src/DB.js
  -> file:///E:/Aptana%20Jaxer%20Apache/Jaxer/Apache2-4Build/jaxer/framework/src/ParseStart.js
  -> file:///E:/Aptana%20Jaxer%20Apache/Jaxer/Apache2-4Build/jaxer/framework/src/CoreEvents.js
  -> file:///E:/Aptana%20Jaxer%20Apache/Jaxer/Apache2-4Build/jaxer/components/aptEventHandler.js

01:10:33 12/24/2025 [ 32928] [TRACE] [JS Framework] [CoreEvents.fire] At this time, evt.Request.isHandler=false and eventType: NEW_ELEMENT - HTML
stack:
  ->  [ModuleLogger.js:98] trace("At this time, evt.Request.isHandler=false and eventType: NEW_ELEMENT - HTML")
  ->  [CoreEvents.js:205] fire("NEW_ELEMENT",[object XPCWrappedNative_NoHelper],[object HTMLDocument],[object HTMLHtmlElement])
  ->  [aptEventHandler.js:157] observe([object XPCWrappedNative_NoHelper],"jaxerEvent.NewHTMLElement",null)
paths:
  -> file:///E:/Aptana%20Jaxer%20Apache/Jaxer/Apache2-4Build/jaxer/framework/src/ModuleLogger.js
  -> file:///E:/Aptana%20Jaxer%20Apache/Jaxer/Apache2-4Build/jaxer/framework/src/CoreEvents.js
  -> file:///E:/Aptana%20Jaxer%20Apache/Jaxer/Apache2-4Build/jaxer/components/aptEventHandler.js

01:10:33 12/24/2025 [ 32928] [TRACE] [JS Framework] [CoreEvents.fireEvent] Firing an event for NEW_ELEMENT
stack:
  ->  [ModuleLogger.js:98] trace("Firing an event for NEW_ELEMENT")
  ->  [CoreEvents.js:282] fireEvent("NEW_ELEMENT",[object Array])
  ->  [CoreEvents.js:238] fire("NEW_ELEMENT",[object XPCWrappedNative_NoHelper],[object HTMLDocument],[object HTMLHtmlElement])
  ->  [aptEventHandler.js:157] observe([object XPCWrappedNative_NoHelper],"jaxerEvent.NewHTMLElement",null)
paths:
  -> file:///E:/Aptana%20Jaxer%20Apache/Jaxer/Apache2-4Build/jaxer/framework/src/ModuleLogger.js
  -> file:///E:/Aptana%20Jaxer%20Apache/Jaxer/Apache2-4Build/jaxer/framework/src/CoreEvents.js
  -> file:///E:/Aptana%20Jaxer%20Apache/Jaxer/Apache2-4Build/jaxer/components/aptEventHandler.js

01:10:33 12/24/2025 [ 32928] [TRACE] [JS Framework] [CoreEvents.fireEvent] Calling event handler: function onNewElement(evt, doc, elt) {
    switch (elt.tagNa...
stack:
  ->  [ModuleLogger.js:98] trace("Calling event handler: function onNewElement(evt, doc, elt) {\n    switch (elt.tagNa...")
  ->  [CoreEvents.js:292] fireEvent("NEW_ELEMENT",[object Array])
  ->  [CoreEvents.js:238] fire("NEW_ELEMENT",[object XPCWrappedNative_NoHelper],[object HTMLDocument],[object HTMLHtmlElement])
  ->  [aptEventHandler.js:157] observe([object XPCWrappedNative_NoHelper],"jaxerEvent.NewHTMLElement",null)
paths:
  -> file:///E:/Aptana%20Jaxer%20Apache/Jaxer/Apache2-4Build/jaxer/framework/src/ModuleLogger.js
  -> file:///E:/Aptana%20Jaxer%20Apache/Jaxer/Apache2-4Build/jaxer/framework/src/CoreEvents.js
  -> file:///E:/Aptana%20Jaxer%20Apache/Jaxer/Apache2-4Build/jaxer/components/aptEventHandler.js

01:10:33 12/24/2025 [ 32928] [TRACE] [JS Framework] [CoreEvents.fire] At this time, evt.Request.isHandler=false and eventType: NEW_ELEMENT - HEAD
stack:
  ->  [ModuleLogger.js:98] trace("At this time, evt.Request.isHandler=false and eventType: NEW_ELEMENT - HEAD")
  ->  [CoreEvents.js:205] fire("NEW_ELEMENT",[object XPCWrappedNative_NoHelper],[object HTMLDocument],[object HTMLHeadElement])
  ->  [aptEventHandler.js:157] observe([object XPCWrappedNative_NoHelper],"jaxerEvent.NewHTMLElement",null)
paths:
  -> file:///E:/Aptana%20Jaxer%20Apache/Jaxer/Apache2-4Build/jaxer/framework/src/ModuleLogger.js
  -> file:///E:/Aptana%20Jaxer%20Apache/Jaxer/Apache2-4Build/jaxer/framework/src/CoreEvents.js
  -> file:///E:/Aptana%20Jaxer%20Apache/Jaxer/Apache2-4Build/jaxer/components/aptEventHandler.js

01:10:33 12/24/2025 [ 32928] [TRACE] [JS Framework] [CoreEvents.fireEvent] Firing an event for NEW_ELEMENT
stack:
  ->  [ModuleLogger.js:98] trace("Firing an event for NEW_ELEMENT")
  ->  [CoreEvents.js:282] fireEvent("NEW_ELEMENT",[object Array])
  ->  [CoreEvents.js:238] fire("NEW_ELEMENT",[object XPCWrappedNative_NoHelper],[object HTMLDocument],[object HTMLHeadElement])
  ->  [aptEventHandler.js:157] observe([object XPCWrappedNative_NoHelper],"jaxerEvent.NewHTMLElement",null)
paths:
  -> file:///E:/Aptana%20Jaxer%20Apache/Jaxer/Apache2-4Build/jaxer/framework/src/ModuleLogger.js
  -> file:///E:/Aptana%20Jaxer%20Apache/Jaxer/Apache2-4Build/jaxer/framework/src/CoreEvents.js
  -> file:///E:/Aptana%20Jaxer%20Apache/Jaxer/Apache2-4Build/jaxer/components/aptEventHandler.js

01:10:33 12/24/2025 [ 32928] [TRACE] [JS Framework] [CoreEvents.fireEvent] Calling event handler: function onNewElement(evt, doc, elt) {
    switch (elt.tagNa...
stack:
  ->  [ModuleLogger.js:98] trace("Calling event handler: function onNewElement(evt, doc, elt) {\n    switch (elt.tagNa...")
  ->  [CoreEvents.js:292] fireEvent("NEW_ELEMENT",[object Array])
  ->  [CoreEvents.js:238] fire("NEW_ELEMENT",[object XPCWrappedNative_NoHelper],[object HTMLDocument],[object HTMLHeadElement])
  ->  [aptEventHandler.js:157] observe([object XPCWrappedNative_NoHelper],"jaxerEvent.NewHTMLElement",null)
paths:
  -> file:///E:/Aptana%20Jaxer%20Apache/Jaxer/Apache2-4Build/jaxer/framework/src/ModuleLogger.js
  -> file:///E:/Aptana%20Jaxer%20Apache/Jaxer/Apache2-4Build/jaxer/framework/src/CoreEvents.js
  -> file:///E:/Aptana%20Jaxer%20Apache/Jaxer/Apache2-4Build/jaxer/components/aptEventHandler.js

01:10:33 12/24/2025 [ 32928] [TRACE] [JS Framework] [CoreEvents.fire] At this time, evt.Request.isHandler=false and eventType: INIT_HEAD
stack:
  ->  [ModuleLogger.js:98] trace("At this time, evt.Request.isHandler=false and eventType: INIT_HEAD")
  ->  [CoreEvents.js:205] fire("INIT_HEAD",[object XPCWrappedNative_NoHelper],[object HTMLDocument])
  ->  [aptEventHandler.js:139] observe([object XPCWrappedNative_NoHelper],"jaxerEvent.NewHTMLElement",null)
paths:
  -> file:///E:/Aptana%20Jaxer%20Apache/Jaxer/Apache2-4Build/jaxer/framework/src/ModuleLogger.js
  -> file:///E:/Aptana%20Jaxer%20Apache/Jaxer/Apache2-4Build/jaxer/framework/src/CoreEvents.js
  -> file:///E:/Aptana%20Jaxer%20Apache/Jaxer/Apache2-4Build/jaxer/components/aptEventHandler.js

01:10:33 12/24/2025 [ 32928] [TRACE] [JS Framework] [CoreEvents.fireEvent] Firing an event for INIT_HEAD
stack:
  ->  [ModuleLogger.js:98] trace("Firing an event for INIT_HEAD")
  ->  [CoreEvents.js:282] fireEvent("INIT_HEAD",[object Array])
  ->  [CoreEvents.js:238] fire("INIT_HEAD",[object XPCWrappedNative_NoHelper],[object HTMLDocument])
  ->  [aptEventHandler.js:139] observe([object XPCWrappedNative_NoHelper],"jaxerEvent.NewHTMLElement",null)
paths:
  -> file:///E:/Aptana%20Jaxer%20Apache/Jaxer/Apache2-4Build/jaxer/framework/src/ModuleLogger.js
  -> file:///E:/Aptana%20Jaxer%20Apache/Jaxer/Apache2-4Build/jaxer/framework/src/CoreEvents.js
  -> file:///E:/Aptana%20Jaxer%20Apache/Jaxer/Apache2-4Build/jaxer/components/aptEventHandler.js

01:10:33 12/24/2025 [ 32928] [TRACE] [JS Framework] [CoreEvents.fireEvent] Calling event handler: function onInitHead(evt, doc) {
    Jaxer.load = function lo...
stack:
  ->  [ModuleLogger.js:98] trace("Calling event handler: function onInitHead(evt, doc) {\n    Jaxer.load = function lo...")
  ->  [CoreEvents.js:292] fireEvent("INIT_HEAD",[object Array])
  ->  [CoreEvents.js:238] fire("INIT_HEAD",[object XPCWrappedNative_NoHelper],[object HTMLDocument])
  ->  [aptEventHandler.js:139] observe([object XPCWrappedNative_NoHelper],"jaxerEvent.NewHTMLElement",null)
paths:
  -> file:///E:/Aptana%20Jaxer%20Apache/Jaxer/Apache2-4Build/jaxer/framework/src/ModuleLogger.js
  -> file:///E:/Aptana%20Jaxer%20Apache/Jaxer/Apache2-4Build/jaxer/framework/src/CoreEvents.js
  -> file:///E:/Aptana%20Jaxer%20Apache/Jaxer/Apache2-4Build/jaxer/components/aptEventHandler.js

01:10:33 12/24/2025 [ 32928] [TRACE] [JS Framework] [Includer.evalOn] Evaluating using Jaxer.request.evaluateScript: contents = (function ... with global = [object ChromeWindow] and effectiveUrl = undefined
stack:
  ->  [ModuleLogger.js:98] trace("Evaluating using Jaxer.request.evaluateScript: contents = (function ... with global = [object ChromeWindow] and effectiveUrl = undefined")
  ->  [Includer.js:131] evalOn("(function extendDomSetters(global) {if (global.HTMLInputElement) {var inputValueSetter = global.HTMLInputElement.prototype.__lookupSetter__(\"value\");global.HTMLInputElement.prototype.__defineSetter__(\"value\", function (val) {inputValueSetter.call(this, val);this.setAttribute(\"value\", val);});var inputCheckedSetter = global.HTMLInputElement.prototype.__lookupSetter__(\"checked\");global.HTMLInputElement.prototype.__defineSetter__(\"checked\", function (val) {inputCheckedSetter.call(this, val);if (val) {this.setAttribute(\"checked\", null);} else {this.removeAttribute(\"checked\");}});}if (global.HTMLTextAreaElement) {var textAreaValueSetter = global.HTMLTextAreaElement.prototype.__lookupSetter__(\"value\");global.HTMLTextAreaElement.prototype.__defineSetter__(\"value\", function (val) {textAreaValueSetter.call(this, val);this.textContent = val;});}if (global.HTMLSelectElement) {var selectSelectedIndexSetter = global.HTMLSelectElement.prototype.__lookupSetter__(\"selectedIndex\");global.HTMLSelectElement.prototype.__defineSetter__(\"selectedIndex\", function (index) {selectSelectedIndexSetter.call(this, index);var option = this.options[index];if (option) {for (var i = 0, len = this.options.length; i < len; i++) {if (i == index) {this.options[i].setAttribute(\"selected\", null);} else {this.options[i].removeAttribute(\"selected\");}}}});}if (global.HTMLOptionElement) {var optionSelectedSetter = global.HTMLOptionElement.prototype.__lookupSetter__(\"selected\");global.HTMLOptionElement.prototype.__defineSetter__(\"selected\", function (val) {optionSelectedSetter.call(this, val);if (val) {this.setAttribute(\"selected\", null);} else {this.removeAttribute(\"selected\");}});}})(document.defaultView)",[object ChromeWindow])
  ->  [Overrides.js:370] applyAll([object ChromeWindow])
  ->  [InitHead.js:78] onInitHead([object XPCWrappedNative_NoHelper],[object HTMLDocument])
  ->  [CoreEvents.js:293] fireEvent("INIT_HEAD",[object Array])
  ->  [CoreEvents.js:238] fire("INIT_HEAD",[object XPCWrappedNative_NoHelper],[object HTMLDocument])
  ->  [aptEventHandler.js:139] observe([object XPCWrappedNative_NoHelper],"jaxerEvent.NewHTMLElement",null)
paths:
  -> file:///E:/Aptana%20Jaxer%20Apache/Jaxer/Apache2-4Build/jaxer/framework/src/ModuleLogger.js
  -> file:///E:/Aptana%20Jaxer%20Apache/Jaxer/Apache2-4Build/jaxer/framework/src/Includer.js
  -> file:///E:/Aptana%20Jaxer%20Apache/Jaxer/Apache2-4Build/jaxer/framework/src/Overrides.js
  -> file:///E:/Aptana%20Jaxer%20Apache/Jaxer/Apache2-4Build/jaxer/framework/src/InitHead.js
  -> file:///E:/Aptana%20Jaxer%20Apache/Jaxer/Apache2-4Build/jaxer/framework/src/CoreEvents.js
  -> file:///E:/Aptana%20Jaxer%20Apache/Jaxer/Apache2-4Build/jaxer/components/aptEventHandler.js

01:10:33 12/24/2025 [ 32928] [TRACE] [JS Framework] [CoreEvents.fire] At this time, evt.Request.isHandler=false and eventType: NEW_ELEMENT - BODY
stack:
  ->  [ModuleLogger.js:98] trace("At this time, evt.Request.isHandler=false and eventType: NEW_ELEMENT - BODY")
  ->  [CoreEvents.js:205] fire("NEW_ELEMENT",[object XPCWrappedNative_NoHelper],[object HTMLDocument],[object HTMLBodyElement])
  ->  [aptEventHandler.js:157] observe([object XPCWrappedNative_NoHelper],"jaxerEvent.NewHTMLElement",null)
paths:
  -> file:///E:/Aptana%20Jaxer%20Apache/Jaxer/Apache2-4Build/jaxer/framework/src/ModuleLogger.js
  -> file:///E:/Aptana%20Jaxer%20Apache/Jaxer/Apache2-4Build/jaxer/framework/src/CoreEvents.js
  -> file:///E:/Aptana%20Jaxer%20Apache/Jaxer/Apache2-4Build/jaxer/components/aptEventHandler.js

01:10:33 12/24/2025 [ 32928] [TRACE] [JS Framework] [CoreEvents.fireEvent] Firing an event for NEW_ELEMENT
stack:
  ->  [ModuleLogger.js:98] trace("Firing an event for NEW_ELEMENT")
  ->  [CoreEvents.js:282] fireEvent("NEW_ELEMENT",[object Array])
  ->  [CoreEvents.js:238] fire("NEW_ELEMENT",[object XPCWrappedNative_NoHelper],[object HTMLDocument],[object HTMLBodyElement])
  ->  [aptEventHandler.js:157] observe([object XPCWrappedNative_NoHelper],"jaxerEvent.NewHTMLElement",null)
paths:
  -> file:///E:/Aptana%20Jaxer%20Apache/Jaxer/Apache2-4Build/jaxer/framework/src/ModuleLogger.js
  -> file:///E:/Aptana%20Jaxer%20Apache/Jaxer/Apache2-4Build/jaxer/framework/src/CoreEvents.js
  -> file:///E:/Aptana%20Jaxer%20Apache/Jaxer/Apache2-4Build/jaxer/components/aptEventHandler.js

01:10:33 12/24/2025 [ 32928] [TRACE] [JS Framework] [CoreEvents.fireEvent] Calling event handler: function onNewElement(evt, doc, elt) {
    switch (elt.tagNa...
stack:
  ->  [ModuleLogger.js:98] trace("Calling event handler: function onNewElement(evt, doc, elt) {\n    switch (elt.tagNa...")
  ->  [CoreEvents.js:292] fireEvent("NEW_ELEMENT",[object Array])
  ->  [CoreEvents.js:238] fire("NEW_ELEMENT",[object XPCWrappedNative_NoHelper],[object HTMLDocument],[object HTMLBodyElement])
  ->  [aptEventHandler.js:157] observe([object XPCWrappedNative_NoHelper],"jaxerEvent.NewHTMLElement",null)
paths:
  -> file:///E:/Aptana%20Jaxer%20Apache/Jaxer/Apache2-4Build/jaxer/framework/src/ModuleLogger.js
  -> file:///E:/Aptana%20Jaxer%20Apache/Jaxer/Apache2-4Build/jaxer/framework/src/CoreEvents.js
  -> file:///E:/Aptana%20Jaxer%20Apache/Jaxer/Apache2-4Build/jaxer/components/aptEventHandler.js

01:10:33 12/24/2025 [ 32928] [TRACE] [JS Framework] [CoreEvents.fire] At this time, evt.Request.isHandler=false and eventType: PARSE_COMPLETE
stack:
  ->  [ModuleLogger.js:98] trace("At this time, evt.Request.isHandler=false and eventType: PARSE_COMPLETE")
  ->  [CoreEvents.js:205] fire("PARSE_COMPLETE",[object XPCWrappedNative_NoHelper],[object HTMLDocument])
  ->  [aptEventHandler.js:337] observe([object XPCWrappedNative_NoHelper],"jaxerEvent.HTMLParseComplete",null)
paths:
  -> file:///E:/Aptana%20Jaxer%20Apache/Jaxer/Apache2-4Build/jaxer/framework/src/ModuleLogger.js
  -> file:///E:/Aptana%20Jaxer%20Apache/Jaxer/Apache2-4Build/jaxer/framework/src/CoreEvents.js
  -> file:///E:/Aptana%20Jaxer%20Apache/Jaxer/Apache2-4Build/jaxer/components/aptEventHandler.js

01:10:33 12/24/2025 [ 32928] [TRACE] [JS Framework] [CoreEvents.fireEvent] Firing an event for HANDLE_PAGE
stack:
  ->  [ModuleLogger.js:98] trace("Firing an event for HANDLE_PAGE")
  ->  [CoreEvents.js:282] fireEvent("HANDLE_PAGE",[object Array])
  ->  [CoreEvents.js:234] fire("PARSE_COMPLETE",[object XPCWrappedNative_NoHelper],[object HTMLDocument])
  ->  [aptEventHandler.js:337] observe([object XPCWrappedNative_NoHelper],"jaxerEvent.HTMLParseComplete",null)
paths:
  -> file:///E:/Aptana%20Jaxer%20Apache/Jaxer/Apache2-4Build/jaxer/framework/src/ModuleLogger.js
  -> file:///E:/Aptana%20Jaxer%20Apache/Jaxer/Apache2-4Build/jaxer/framework/src/CoreEvents.js
  -> file:///E:/Aptana%20Jaxer%20Apache/Jaxer/Apache2-4Build/jaxer/components/aptEventHandler.js

01:10:33 12/24/2025 [ 32928] [TRACE] [JS Framework] [CoreEvents.fireEvent] Calling event handler: function onHandlePage(evt, doc) {
    if (checkErrors(doc)) ...
stack:
  ->  [ModuleLogger.js:98] trace("Calling event handler: function onHandlePage(evt, doc) {\n    if (checkErrors(doc)) ...")
  ->  [CoreEvents.js:292] fireEvent("HANDLE_PAGE",[object Array])
  ->  [CoreEvents.js:234] fire("PARSE_COMPLETE",[object XPCWrappedNative_NoHelper],[object HTMLDocument])
  ->  [aptEventHandler.js:337] observe([object XPCWrappedNative_NoHelper],"jaxerEvent.HTMLParseComplete",null)
paths:
  -> file:///E:/Aptana%20Jaxer%20Apache/Jaxer/Apache2-4Build/jaxer/framework/src/ModuleLogger.js
  -> file:///E:/Aptana%20Jaxer%20Apache/Jaxer/Apache2-4Build/jaxer/framework/src/CoreEvents.js
  -> file:///E:/Aptana%20Jaxer%20Apache/Jaxer/Apache2-4Build/jaxer/components/aptEventHandler.js

01:10:33 12/24/2025 [ 32928] [TRACE] [JS Framework] [HandlePage.onHandlePage] Processing onserverload with doc = [object HTMLDocument]
stack:
  ->  [ModuleLogger.js:98] trace("Processing onserverload with doc = [object HTMLDocument]")
  ->  [HandlePage.js:58] onHandlePage([object XPCWrappedNative_NoHelper],[object HTMLDocument])
  ->  [CoreEvents.js:293] fireEvent("HANDLE_PAGE",[object Array])
  ->  [CoreEvents.js:234] fire("PARSE_COMPLETE",[object XPCWrappedNative_NoHelper],[object HTMLDocument])
  ->  [aptEventHandler.js:337] observe([object XPCWrappedNative_NoHelper],"jaxerEvent.HTMLParseComplete",null)
paths:
  -> file:///E:/Aptana%20Jaxer%20Apache/Jaxer/Apache2-4Build/jaxer/framework/src/ModuleLogger.js
  -> file:///E:/Aptana%20Jaxer%20Apache/Jaxer/Apache2-4Build/jaxer/framework/src/HandlePage.js
  -> file:///E:/Aptana%20Jaxer%20Apache/Jaxer/Apache2-4Build/jaxer/framework/src/CoreEvents.js
  -> file:///E:/Aptana%20Jaxer%20Apache/Jaxer/Apache2-4Build/jaxer/components/aptEventHandler.js

01:10:33 12/24/2025 [ 32928] [TRACE] [JS Framework] [HandlePage.processLoadEvent] Processing load event 'serverload' with doc = [object HTMLDocument]
stack:
  ->  [ModuleLogger.js:98] trace("Processing load event 'serverload' with doc = [object HTMLDocument]")
  ->  [HandlePage.js:258] processLoadEvent("serverload",[object HTMLDocument],true)
  ->  [HandlePage.js:222] processOnServerLoad([object HTMLDocument])
  ->  [HandlePage.js:59] onHandlePage([object XPCWrappedNative_NoHelper],[object HTMLDocument])
  ->  [CoreEvents.js:293] fireEvent("HANDLE_PAGE",[object Array])
  ->  [CoreEvents.js:234] fire("PARSE_COMPLETE",[object XPCWrappedNative_NoHelper],[object HTMLDocument])
  ->  [aptEventHandler.js:337] observe([object XPCWrappedNative_NoHelper],"jaxerEvent.HTMLParseComplete",null)
paths:
  -> file:///E:/Aptana%20Jaxer%20Apache/Jaxer/Apache2-4Build/jaxer/framework/src/ModuleLogger.js
  -> file:///E:/Aptana%20Jaxer%20Apache/Jaxer/Apache2-4Build/jaxer/framework/src/HandlePage.js
  -> file:///E:/Aptana%20Jaxer%20Apache/Jaxer/Apache2-4Build/jaxer/framework/src/CoreEvents.js
  -> file:///E:/Aptana%20Jaxer%20Apache/Jaxer/Apache2-4Build/jaxer/components/aptEventHandler.js

01:10:33 12/24/2025 [ 32928] [TRACE] [JS Framework] [HandlePage.processLoadEvent] Processing load event 'load' with doc = [object HTMLDocument]
stack:
  ->  [ModuleLogger.js:98] trace("Processing load event 'load' with doc = [object HTMLDocument]")
  ->  [HandlePage.js:258] processLoadEvent("load",[object HTMLDocument],false)
  ->  [HandlePage.js:227] processOnServerLoad([object HTMLDocument])
  ->  [HandlePage.js:59] onHandlePage([object XPCWrappedNative_NoHelper],[object HTMLDocument])
  ->  [CoreEvents.js:293] fireEvent("HANDLE_PAGE",[object Array])
  ->  [CoreEvents.js:234] fire("PARSE_COMPLETE",[object XPCWrappedNative_NoHelper],[object HTMLDocument])
  ->  [aptEventHandler.js:337] observe([object XPCWrappedNative_NoHelper],"jaxerEvent.HTMLParseComplete",null)
paths:
  -> file:///E:/Aptana%20Jaxer%20Apache/Jaxer/Apache2-4Build/jaxer/framework/src/ModuleLogger.js
  -> file:///E:/Aptana%20Jaxer%20Apache/Jaxer/Apache2-4Build/jaxer/framework/src/HandlePage.js
  -> file:///E:/Aptana%20Jaxer%20Apache/Jaxer/Apache2-4Build/jaxer/framework/src/CoreEvents.js
  -> file:///E:/Aptana%20Jaxer%20Apache/Jaxer/Apache2-4Build/jaxer/components/aptEventHandler.js

01:10:33 12/24/2025 [ 32928] [DEBUG] [JS Framework] [HandlePage.onHandlePage] Script processing starting
stack:
  ->  [ModuleLogger.js:98] debug("Script processing starting")
  ->  [HandlePage.js:62] onHandlePage([object XPCWrappedNative_NoHelper],[object HTMLDocument])
  ->  [CoreEvents.js:293] fireEvent("HANDLE_PAGE",[object Array])
  ->  [CoreEvents.js:234] fire("PARSE_COMPLETE",[object XPCWrappedNative_NoHelper],[object HTMLDocument])
  ->  [aptEventHandler.js:337] observe([object XPCWrappedNative_NoHelper],"jaxerEvent.HTMLParseComplete",null)
paths:
  -> file:///E:/Aptana%20Jaxer%20Apache/Jaxer/Apache2-4Build/jaxer/framework/src/ModuleLogger.js
  -> file:///E:/Aptana%20Jaxer%20Apache/Jaxer/Apache2-4Build/jaxer/framework/src/HandlePage.js
  -> file:///E:/Aptana%20Jaxer%20Apache/Jaxer/Apache2-4Build/jaxer/framework/src/CoreEvents.js
  -> file:///E:/Aptana%20Jaxer%20Apache/Jaxer/Apache2-4Build/jaxer/components/aptEventHandler.js

01:10:33 12/24/2025 [ 32928] [DEBUG] [JS Framework] [CallbackManager.processScriptElements] Found 0 script blocks to conditionally post-process
stack:
  ->  [ModuleLogger.js:98] debug("Found 0 script blocks to conditionally post-process")
  ->  [CallbackManager.js:505] processScriptElements([object Object])
  ->  [CallbackManager.js:67] processCallbacks([object HTMLDocument])
  ->  [HandlePage.js:63] onHandlePage([object XPCWrappedNative_NoHelper],[object HTMLDocument])
  ->  [CoreEvents.js:293] fireEvent("HANDLE_PAGE",[object Array])
  ->  [CoreEvents.js:234] fire("PARSE_COMPLETE",[object XPCWrappedNative_NoHelper],[object HTMLDocument])
  ->  [aptEventHandler.js:337] observe([object XPCWrappedNative_NoHelper],"jaxerEvent.HTMLParseComplete",null)
paths:
  -> file:///E:/Aptana%20Jaxer%20Apache/Jaxer/Apache2-4Build/jaxer/framework/src/ModuleLogger.js
  -> file:///E:/Aptana%20Jaxer%20Apache/Jaxer/Apache2-4Build/jaxer/framework/src/CallbackManager.js
  -> file:///E:/Aptana%20Jaxer%20Apache/Jaxer/Apache2-4Build/jaxer/framework/src/HandlePage.js
  -> file:///E:/Aptana%20Jaxer%20Apache/Jaxer/Apache2-4Build/jaxer/framework/src/CoreEvents.js
  -> file:///E:/Aptana%20Jaxer%20Apache/Jaxer/Apache2-4Build/jaxer/components/aptEventHandler.js

01:10:33 12/24/2025 [ 32928] [TRACE] [JS Framework] [CallbackManager.cacheServerFunctions] Going to cache 0 functions...
stack:
  ->  [ModuleLogger.js:98] trace("Going to cache 0 functions...")
  ->  [CallbackManager.js:91] cacheServerFunctions([object Object])
  ->  [CallbackManager.js:73] processCallbacks([object HTMLDocument])
  ->  [HandlePage.js:63] onHandlePage([object XPCWrappedNative_NoHelper],[object HTMLDocument])
  ->  [CoreEvents.js:293] fireEvent("HANDLE_PAGE",[object Array])
  ->  [CoreEvents.js:234] fire("PARSE_COMPLETE",[object XPCWrappedNative_NoHelper],[object HTMLDocument])
  ->  [aptEventHandler.js:337] observe([object XPCWrappedNative_NoHelper],"jaxerEvent.HTMLParseComplete",null)
paths:
  -> file:///E:/Aptana%20Jaxer%20Apache/Jaxer/Apache2-4Build/jaxer/framework/src/ModuleLogger.js
  -> file:///E:/Aptana%20Jaxer%20Apache/Jaxer/Apache2-4Build/jaxer/framework/src/CallbackManager.js
  -> file:///E:/Aptana%20Jaxer%20Apache/Jaxer/Apache2-4Build/jaxer/framework/src/HandlePage.js
  -> file:///E:/Aptana%20Jaxer%20Apache/Jaxer/Apache2-4Build/jaxer/framework/src/CoreEvents.js
  -> file:///E:/Aptana%20Jaxer%20Apache/Jaxer/Apache2-4Build/jaxer/components/aptEventHandler.js

01:10:33 12/24/2025 [ 32928] [DEBUG] [JS Framework] [HandlePage.onHandlePage] Script processing complete
stack:
  ->  [ModuleLogger.js:98] debug("Script processing complete")
  ->  [HandlePage.js:64] onHandlePage([object XPCWrappedNative_NoHelper],[object HTMLDocument])
  ->  [CoreEvents.js:293] fireEvent("HANDLE_PAGE",[object Array])
  ->  [CoreEvents.js:234] fire("PARSE_COMPLETE",[object XPCWrappedNative_NoHelper],[object HTMLDocument])
  ->  [aptEventHandler.js:337] observe([object XPCWrappedNative_NoHelper],"jaxerEvent.HTMLParseComplete",null)
paths:
  -> file:///E:/Aptana%20Jaxer%20Apache/Jaxer/Apache2-4Build/jaxer/framework/src/ModuleLogger.js
  -> file:///E:/Aptana%20Jaxer%20Apache/Jaxer/Apache2-4Build/jaxer/framework/src/HandlePage.js
  -> file:///E:/Aptana%20Jaxer%20Apache/Jaxer/Apache2-4Build/jaxer/framework/src/CoreEvents.js
  -> file:///E:/Aptana%20Jaxer%20Apache/Jaxer/Apache2-4Build/jaxer/components/aptEventHandler.js

01:10:33 12/24/2025 [ 32928] [TRACE] [JS Framework] [HandlePage.processLoadEvent] Processing load event 'aftercallbackprocessing' with doc = [object HTMLDocument]
stack:
  ->  [ModuleLogger.js:98] trace("Processing load event 'aftercallbackprocessing' with doc = [object HTMLDocument]")
  ->  [HandlePage.js:258] processLoadEvent("aftercallbackprocessing",[object HTMLDocument],true)
  ->  [HandlePage.js:241] processAfterCallbackProcessing([object HTMLDocument])
  ->  [HandlePage.js:66] onHandlePage([object XPCWrappedNative_NoHelper],[object HTMLDocument])
  ->  [CoreEvents.js:293] fireEvent("HANDLE_PAGE",[object Array])
  ->  [CoreEvents.js:234] fire("PARSE_COMPLETE",[object XPCWrappedNative_NoHelper],[object HTMLDocument])
  ->  [aptEventHandler.js:337] observe([object XPCWrappedNative_NoHelper],"jaxerEvent.HTMLParseComplete",null)
paths:
  -> file:///E:/Aptana%20Jaxer%20Apache/Jaxer/Apache2-4Build/jaxer/framework/src/ModuleLogger.js
  -> file:///E:/Aptana%20Jaxer%20Apache/Jaxer/Apache2-4Build/jaxer/framework/src/HandlePage.js
  -> file:///E:/Aptana%20Jaxer%20Apache/Jaxer/Apache2-4Build/jaxer/framework/src/CoreEvents.js
  -> file:///E:/Aptana%20Jaxer%20Apache/Jaxer/Apache2-4Build/jaxer/components/aptEventHandler.js

01:10:33 12/24/2025 [ 32928] [DEBUG] [JS Framework] [SessionManager.keyToResponse] Saving session key to the client via cookie JaxerSessionId$$localhost:8081: 176589175647709027719934159097
stack:
  ->  [ModuleLogger.js:98] debug("Saving session key to the client via cookie JaxerSessionId$$localhost:8081: 176589175647709027719934159097")
  ->  [SessionManager.js:82] keyToResponse("localhost:8081","176589175647709027719934159097")
  ->  [Container.js:614] persistAll([object HTMLDocument])
  ->  [HandlePage.js:73] onHandlePage([object XPCWrappedNative_NoHelper],[object HTMLDocument])
  ->  [CoreEvents.js:293] fireEvent("HANDLE_PAGE",[object Array])
  ->  [CoreEvents.js:234] fire("PARSE_COMPLETE",[object XPCWrappedNative_NoHelper],[object HTMLDocument])
  ->  [aptEventHandler.js:337] observe([object XPCWrappedNative_NoHelper],"jaxerEvent.HTMLParseComplete",null)
paths:
  -> file:///E:/Aptana%20Jaxer%20Apache/Jaxer/Apache2-4Build/jaxer/framework/src/ModuleLogger.js
  -> file:///E:/Aptana%20Jaxer%20Apache/Jaxer/Apache2-4Build/jaxer/framework/src/SessionManager.js
  -> file:///E:/Aptana%20Jaxer%20Apache/Jaxer/Apache2-4Build/jaxer/framework/src/Container.js
  -> file:///E:/Aptana%20Jaxer%20Apache/Jaxer/Apache2-4Build/jaxer/framework/src/HandlePage.js
  -> file:///E:/Aptana%20Jaxer%20Apache/Jaxer/Apache2-4Build/jaxer/framework/src/CoreEvents.js
  -> file:///E:/Aptana%20Jaxer%20Apache/Jaxer/Apache2-4Build/jaxer/components/aptEventHandler.js

01:10:33 12/24/2025 [ 32928] [TRACE] [JS Framework] [Container.persist] For container APPLICATION:localhost:8081: Persisting
stack:
  ->  [ModuleLogger.js:98] trace("For container APPLICATION:localhost:8081: Persisting")
  ->  [Container.js:313] persist()
  ->  [Container.js:620] persistAll([object HTMLDocument])
  ->  [HandlePage.js:73] onHandlePage([object XPCWrappedNative_NoHelper],[object HTMLDocument])
  ->  [CoreEvents.js:293] fireEvent("HANDLE_PAGE",[object Array])
  ->  [CoreEvents.js:234] fire("PARSE_COMPLETE",[object XPCWrappedNative_NoHelper],[object HTMLDocument])
  ->  [aptEventHandler.js:337] observe([object XPCWrappedNative_NoHelper],"jaxerEvent.HTMLParseComplete",null)
paths:
  -> file:///E:/Aptana%20Jaxer%20Apache/Jaxer/Apache2-4Build/jaxer/framework/src/ModuleLogger.js
  -> file:///E:/Aptana%20Jaxer%20Apache/Jaxer/Apache2-4Build/jaxer/framework/src/Container.js
  -> file:///E:/Aptana%20Jaxer%20Apache/Jaxer/Apache2-4Build/jaxer/framework/src/HandlePage.js
  -> file:///E:/Aptana%20Jaxer%20Apache/Jaxer/Apache2-4Build/jaxer/framework/src/CoreEvents.js
  -> file:///E:/Aptana%20Jaxer%20Apache/Jaxer/Apache2-4Build/jaxer/components/aptEventHandler.js

01:10:33 12/24/2025 [ 32928] [TRACE] [JS Framework] [Container.persist] For container PAGE:localhost:8081/aptana/modal_window.html: Persisting
stack:
  ->  [ModuleLogger.js:98] trace("For container PAGE:localhost:8081/aptana/modal_window.html: Persisting")
  ->  [Container.js:313] persist()
  ->  [Container.js:620] persistAll([object HTMLDocument])
  ->  [HandlePage.js:73] onHandlePage([object XPCWrappedNative_NoHelper],[object HTMLDocument])
  ->  [CoreEvents.js:293] fireEvent("HANDLE_PAGE",[object Array])
  ->  [CoreEvents.js:234] fire("PARSE_COMPLETE",[object XPCWrappedNative_NoHelper],[object HTMLDocument])
  ->  [aptEventHandler.js:337] observe([object XPCWrappedNative_NoHelper],"jaxerEvent.HTMLParseComplete",null)
paths:
  -> file:///E:/Aptana%20Jaxer%20Apache/Jaxer/Apache2-4Build/jaxer/framework/src/ModuleLogger.js
  -> file:///E:/Aptana%20Jaxer%20Apache/Jaxer/Apache2-4Build/jaxer/framework/src/Container.js
  -> file:///E:/Aptana%20Jaxer%20Apache/Jaxer/Apache2-4Build/jaxer/framework/src/HandlePage.js
  -> file:///E:/Aptana%20Jaxer%20Apache/Jaxer/Apache2-4Build/jaxer/framework/src/CoreEvents.js
  -> file:///E:/Aptana%20Jaxer%20Apache/Jaxer/Apache2-4Build/jaxer/components/aptEventHandler.js

01:10:33 12/24/2025 [ 32928] [TRACE] [JS Framework] [Container.persist] For container SESSION:176589175647709027719934159097: Persisting
stack:
  ->  [ModuleLogger.js:98] trace("For container SESSION:176589175647709027719934159097: Persisting")
  ->  [Container.js:313] persist()
  ->  [Container.js:620] persistAll([object HTMLDocument])
  ->  [HandlePage.js:73] onHandlePage([object XPCWrappedNative_NoHelper],[object HTMLDocument])
  ->  [CoreEvents.js:293] fireEvent("HANDLE_PAGE",[object Array])
  ->  [CoreEvents.js:234] fire("PARSE_COMPLETE",[object XPCWrappedNative_NoHelper],[object HTMLDocument])
  ->  [aptEventHandler.js:337] observe([object XPCWrappedNative_NoHelper],"jaxerEvent.HTMLParseComplete",null)
paths:
  -> file:///E:/Aptana%20Jaxer%20Apache/Jaxer/Apache2-4Build/jaxer/framework/src/ModuleLogger.js
  -> file:///E:/Aptana%20Jaxer%20Apache/Jaxer/Apache2-4Build/jaxer/framework/src/Container.js
  -> file:///E:/Aptana%20Jaxer%20Apache/Jaxer/Apache2-4Build/jaxer/framework/src/HandlePage.js
  -> file:///E:/Aptana%20Jaxer%20Apache/Jaxer/Apache2-4Build/jaxer/framework/src/CoreEvents.js
  -> file:///E:/Aptana%20Jaxer%20Apache/Jaxer/Apache2-4Build/jaxer/components/aptEventHandler.js

01:10:33 12/24/2025 [ 32928] [TRACE] [JS Framework] [Container.persist] For container SESSION_PAGE:176589175647709027719934159097$$localhost:8081/aptana/modal_window.html: Persisting
stack:
  ->  [ModuleLogger.js:98] trace("For container SESSION_PAGE:176589175647709027719934159097$$localhost:8081/aptana/modal_window.html: Persisting")
  ->  [Container.js:313] persist()
  ->  [Container.js:620] persistAll([object HTMLDocument])
  ->  [HandlePage.js:73] onHandlePage([object XPCWrappedNative_NoHelper],[object HTMLDocument])
  ->  [CoreEvents.js:293] fireEvent("HANDLE_PAGE",[object Array])
  ->  [CoreEvents.js:234] fire("PARSE_COMPLETE",[object XPCWrappedNative_NoHelper],[object HTMLDocument])
  ->  [aptEventHandler.js:337] observe([object XPCWrappedNative_NoHelper],"jaxerEvent.HTMLParseComplete",null)
paths:
  -> file:///E:/Aptana%20Jaxer%20Apache/Jaxer/Apache2-4Build/jaxer/framework/src/ModuleLogger.js
  -> file:///E:/Aptana%20Jaxer%20Apache/Jaxer/Apache2-4Build/jaxer/framework/src/Container.js
  -> file:///E:/Aptana%20Jaxer%20Apache/Jaxer/Apache2-4Build/jaxer/framework/src/HandlePage.js
  -> file:///E:/Aptana%20Jaxer%20Apache/Jaxer/Apache2-4Build/jaxer/framework/src/CoreEvents.js
  -> file:///E:/Aptana%20Jaxer%20Apache/Jaxer/Apache2-4Build/jaxer/components/aptEventHandler.js

01:10:33 12/24/2025 [ 32928] [TRACE] [JS Framework] [HandlePage.onHandlePage] Containers persisted
stack:
  ->  [ModuleLogger.js:98] trace("Containers persisted")
  ->  [HandlePage.js:74] onHandlePage([object XPCWrappedNative_NoHelper],[object HTMLDocument])
  ->  [CoreEvents.js:293] fireEvent("HANDLE_PAGE",[object Array])
  ->  [CoreEvents.js:234] fire("PARSE_COMPLETE",[object XPCWrappedNative_NoHelper],[object HTMLDocument])
  ->  [aptEventHandler.js:337] observe([object XPCWrappedNative_NoHelper],"jaxerEvent.HTMLParseComplete",null)
paths:
  -> file:///E:/Aptana%20Jaxer%20Apache/Jaxer/Apache2-4Build/jaxer/framework/src/ModuleLogger.js
  -> file:///E:/Aptana%20Jaxer%20Apache/Jaxer/Apache2-4Build/jaxer/framework/src/HandlePage.js
  -> file:///E:/Aptana%20Jaxer%20Apache/Jaxer/Apache2-4Build/jaxer/framework/src/CoreEvents.js
  -> file:///E:/Aptana%20Jaxer%20Apache/Jaxer/Apache2-4Build/jaxer/components/aptEventHandler.js

01:10:33 12/24/2025 [ 32928] [TRACE] [JS Framework] [Response.useOriginalContents] Jaxer did not end up modifying this page or having any (known) side-effects - using original response in lieu of a Jaxer-generated one
stack:
  ->  [ModuleLogger.js:98] trace("Jaxer did not end up modifying this page or having any (known) side-effects - using original response in lieu of a Jaxer-generated one")
  ->  [Response.js:540] useOriginalContents()
  ->  [HandlePage.js:197] onHandlePage([object XPCWrappedNative_NoHelper],[object HTMLDocument])
  ->  [CoreEvents.js:293] fireEvent("HANDLE_PAGE",[object Array])
  ->  [CoreEvents.js:234] fire("PARSE_COMPLETE",[object XPCWrappedNative_NoHelper],[object HTMLDocument])
  ->  [aptEventHandler.js:337] observe([object XPCWrappedNative_NoHelper],"jaxerEvent.HTMLParseComplete",null)
paths:
  -> file:///E:/Aptana%20Jaxer%20Apache/Jaxer/Apache2-4Build/jaxer/framework/src/ModuleLogger.js
  -> file:///E:/Aptana%20Jaxer%20Apache/Jaxer/Apache2-4Build/jaxer/framework/src/Response.js
  -> file:///E:/Aptana%20Jaxer%20Apache/Jaxer/Apache2-4Build/jaxer/framework/src/HandlePage.js
  -> file:///E:/Aptana%20Jaxer%20Apache/Jaxer/Apache2-4Build/jaxer/framework/src/CoreEvents.js
  -> file:///E:/Aptana%20Jaxer%20Apache/Jaxer/Apache2-4Build/jaxer/components/aptEventHandler.js

01:10:33 12/24/2025 [ 32928] [TRACE] [JS Framework] [CoreEvents.fireEvent] Firing an event for PARSE_COMPLETE
stack:
  ->  [ModuleLogger.js:98] trace("Firing an event for PARSE_COMPLETE")
  ->  [CoreEvents.js:282] fireEvent("PARSE_COMPLETE",[object Array])
  ->  [CoreEvents.js:238] fire("PARSE_COMPLETE",[object XPCWrappedNative_NoHelper],[object HTMLDocument])
  ->  [aptEventHandler.js:337] observe([object XPCWrappedNative_NoHelper],"jaxerEvent.HTMLParseComplete",null)
paths:
  -> file:///E:/Aptana%20Jaxer%20Apache/Jaxer/Apache2-4Build/jaxer/framework/src/ModuleLogger.js
  -> file:///E:/Aptana%20Jaxer%20Apache/Jaxer/Apache2-4Build/jaxer/framework/src/CoreEvents.js
  -> file:///E:/Aptana%20Jaxer%20Apache/Jaxer/Apache2-4Build/jaxer/components/aptEventHandler.js

01:10:33 12/24/2025 [ 32928] [TRACE] [JS Framework] [CoreEvents.fireEvent] Calling event handler: function onParseComplete(evt, doc) {
    Jaxer.__tempLoad.cl...
stack:
  ->  [ModuleLogger.js:98] trace("Calling event handler: function onParseComplete(evt, doc) {\n    Jaxer.__tempLoad.cl...")
  ->  [CoreEvents.js:292] fireEvent("PARSE_COMPLETE",[object Array])
  ->  [CoreEvents.js:238] fire("PARSE_COMPLETE",[object XPCWrappedNative_NoHelper],[object HTMLDocument])
  ->  [aptEventHandler.js:337] observe([object XPCWrappedNative_NoHelper],"jaxerEvent.HTMLParseComplete",null)
paths:
  -> file:///E:/Aptana%20Jaxer%20Apache/Jaxer/Apache2-4Build/jaxer/framework/src/ModuleLogger.js
  -> file:///E:/Aptana%20Jaxer%20Apache/Jaxer/Apache2-4Build/jaxer/framework/src/CoreEvents.js
  -> file:///E:/Aptana%20Jaxer%20Apache/Jaxer/Apache2-4Build/jaxer/components/aptEventHandler.js

01:10:33 12/24/2025 [ 32928] [TRACE] [JS Framework] [CoreEvents.fire] At this time, evt.Request.isHandler=false and eventType: REQUEST_COMPLETE
stack:
  ->  [ModuleLogger.js:98] trace("At this time, evt.Request.isHandler=false and eventType: REQUEST_COMPLETE")
  ->  [CoreEvents.js:205] fire("REQUEST_COMPLETE",[object XPCWrappedNative_NoHelper])
  ->  [aptEventHandler.js:351] observe([object XPCWrappedNative_NoHelper],"jaxerEvent.RequestComplete",null)
paths:
  -> file:///E:/Aptana%20Jaxer%20Apache/Jaxer/Apache2-4Build/jaxer/framework/src/ModuleLogger.js
  -> file:///E:/Aptana%20Jaxer%20Apache/Jaxer/Apache2-4Build/jaxer/framework/src/CoreEvents.js
  -> file:///E:/Aptana%20Jaxer%20Apache/Jaxer/Apache2-4Build/jaxer/components/aptEventHandler.js

01:10:33 12/24/2025 [ 32928] [TRACE] [JS Framework] [CoreEvents.fireEvent] Firing an event for REQUEST_COMPLETE
stack:
  ->  [ModuleLogger.js:98] trace("Firing an event for REQUEST_COMPLETE")
  ->  [CoreEvents.js:282] fireEvent("REQUEST_COMPLETE",[object Array])
  ->  [CoreEvents.js:238] fire("REQUEST_COMPLETE",[object XPCWrappedNative_NoHelper])
  ->  [aptEventHandler.js:351] observe([object XPCWrappedNative_NoHelper],"jaxerEvent.RequestComplete",null)
paths:
  -> file:///E:/Aptana%20Jaxer%20Apache/Jaxer/Apache2-4Build/jaxer/framework/src/ModuleLogger.js
  -> file:///E:/Aptana%20Jaxer%20Apache/Jaxer/Apache2-4Build/jaxer/framework/src/CoreEvents.js
  -> file:///E:/Aptana%20Jaxer%20Apache/Jaxer/Apache2-4Build/jaxer/components/aptEventHandler.js

01:10:33 12/24/2025 [ 32928] [TRACE] [JS Framework] [CoreEvents.fireEvent] Calling event handler: function onRequestComplete(evt) {
}...
stack:
  ->  [ModuleLogger.js:98] trace("Calling event handler: function onRequestComplete(evt) {\n}...")
  ->  [CoreEvents.js:292] fireEvent("REQUEST_COMPLETE",[object Array])
  ->  [CoreEvents.js:238] fire("REQUEST_COMPLETE",[object XPCWrappedNative_NoHelper])
  ->  [aptEventHandler.js:351] observe([object XPCWrappedNative_NoHelper],"jaxerEvent.RequestComplete",null)
paths:
  -> file:///E:/Aptana%20Jaxer%20Apache/Jaxer/Apache2-4Build/jaxer/framework/src/ModuleLogger.js
  -> file:///E:/Aptana%20Jaxer%20Apache/Jaxer/Apache2-4Build/jaxer/framework/src/CoreEvents.js
  -> file:///E:/Aptana%20Jaxer%20Apache/Jaxer/Apache2-4Build/jaxer/components/aptEventHandler.js

01:10:33 12/24/2025 [ 15324] [TRACE] [JS Framework] [CoreEvents.fire] At this time, evt.Request.isHandler=false and eventType: REQUEST_START
stack:
  ->  [ModuleLogger.js:98] trace("At this time, evt.Request.isHandler=false and eventType: REQUEST_START")
  ->  [CoreEvents.js:205] fire("REQUEST_START",[object XPCWrappedNative_NoHelper])
  ->  [aptEventHandler.js:292] observe([object XPCWrappedNative_NoHelper],"jaxerEvent.RequestStart",null)
paths:
  -> file:///E:/Aptana%20Jaxer%20Apache/Jaxer/Apache2-4Build/jaxer/framework/src/ModuleLogger.js
  -> file:///E:/Aptana%20Jaxer%20Apache/Jaxer/Apache2-4Build/jaxer/framework/src/CoreEvents.js
  -> file:///E:/Aptana%20Jaxer%20Apache/Jaxer/Apache2-4Build/jaxer/components/aptEventHandler.js

01:10:33 12/24/2025 [ 15324] [TRACE] [JS Framework] [CoreEvents.fireEvent] Firing an event for REQUEST_START
stack:
  ->  [ModuleLogger.js:98] trace("Firing an event for REQUEST_START")
  ->  [CoreEvents.js:282] fireEvent("REQUEST_START",[object Array])
  ->  [CoreEvents.js:238] fire("REQUEST_START",[object XPCWrappedNative_NoHelper])
  ->  [aptEventHandler.js:292] observe([object XPCWrappedNative_NoHelper],"jaxerEvent.RequestStart",null)
paths:
  -> file:///E:/Aptana%20Jaxer%20Apache/Jaxer/Apache2-4Build/jaxer/framework/src/ModuleLogger.js
  -> file:///E:/Aptana%20Jaxer%20Apache/Jaxer/Apache2-4Build/jaxer/framework/src/CoreEvents.js
  -> file:///E:/Aptana%20Jaxer%20Apache/Jaxer/Apache2-4Build/jaxer/components/aptEventHandler.js

01:10:33 12/24/2025 [ 15324] [TRACE] [JS Framework] [CoreEvents.fireEvent] Calling event handler: function onRequestStart(evt) {
}...
stack:
  ->  [ModuleLogger.js:98] trace("Calling event handler: function onRequestStart(evt) {\n}...")
  ->  [CoreEvents.js:292] fireEvent("REQUEST_START",[object Array])
  ->  [CoreEvents.js:238] fire("REQUEST_START",[object XPCWrappedNative_NoHelper])
  ->  [aptEventHandler.js:292] observe([object XPCWrappedNative_NoHelper],"jaxerEvent.RequestStart",null)
paths:
  -> file:///E:/Aptana%20Jaxer%20Apache/Jaxer/Apache2-4Build/jaxer/framework/src/ModuleLogger.js
  -> file:///E:/Aptana%20Jaxer%20Apache/Jaxer/Apache2-4Build/jaxer/framework/src/CoreEvents.js
  -> file:///E:/Aptana%20Jaxer%20Apache/Jaxer/Apache2-4Build/jaxer/components/aptEventHandler.js

01:10:33 12/24/2025 [ 15324] [TRACE] [JS Framework] [CoreEvents.fire] At this time, evt.Request.isHandler=false and eventType: PARSE_START
stack:
  ->  [ModuleLogger.js:98] trace("At this time, evt.Request.isHandler=false and eventType: PARSE_START")
  ->  [CoreEvents.js:205] fire("PARSE_START",[object XPCWrappedNative_NoHelper])
  ->  [aptEventHandler.js:306] observe([object XPCWrappedNative_NoHelper],"jaxerEvent.HTMLParseStart",null)
paths:
  -> file:///E:/Aptana%20Jaxer%20Apache/Jaxer/Apache2-4Build/jaxer/framework/src/ModuleLogger.js
  -> file:///E:/Aptana%20Jaxer%20Apache/Jaxer/Apache2-4Build/jaxer/framework/src/CoreEvents.js
  -> file:///E:/Aptana%20Jaxer%20Apache/Jaxer/Apache2-4Build/jaxer/components/aptEventHandler.js

01:10:33 12/24/2025 [ 15324] [TRACE] [JS Framework] [CoreEvents.fireEvent] Firing an event for PARSE_START
stack:
  ->  [ModuleLogger.js:98] trace("Firing an event for PARSE_START")
  ->  [CoreEvents.js:282] fireEvent("PARSE_START",[object Array])
  ->  [CoreEvents.js:238] fire("PARSE_START",[object XPCWrappedNative_NoHelper])
  ->  [aptEventHandler.js:306] observe([object XPCWrappedNative_NoHelper],"jaxerEvent.HTMLParseStart",null)
paths:
  -> file:///E:/Aptana%20Jaxer%20Apache/Jaxer/Apache2-4Build/jaxer/framework/src/ModuleLogger.js
  -> file:///E:/Aptana%20Jaxer%20Apache/Jaxer/Apache2-4Build/jaxer/framework/src/CoreEvents.js
  -> file:///E:/Aptana%20Jaxer%20Apache/Jaxer/Apache2-4Build/jaxer/components/aptEventHandler.js

01:10:33 12/24/2025 [ 15324] [TRACE] [JS Framework] [CoreEvents.fireEvent] Calling event handler: function onParseStart(evt) {
    Jaxer.request = frameworkGl...
stack:
  ->  [ModuleLogger.js:98] trace("Calling event handler: function onParseStart(evt) {\n    Jaxer.request = frameworkGl...")
  ->  [CoreEvents.js:292] fireEvent("PARSE_START",[object Array])
  ->  [CoreEvents.js:238] fire("PARSE_START",[object XPCWrappedNative_NoHelper])
  ->  [aptEventHandler.js:306] observe([object XPCWrappedNative_NoHelper],"jaxerEvent.HTMLParseStart",null)
paths:
  -> file:///E:/Aptana%20Jaxer%20Apache/Jaxer/Apache2-4Build/jaxer/framework/src/ModuleLogger.js
  -> file:///E:/Aptana%20Jaxer%20Apache/Jaxer/Apache2-4Build/jaxer/framework/src/CoreEvents.js
  -> file:///E:/Aptana%20Jaxer%20Apache/Jaxer/Apache2-4Build/jaxer/components/aptEventHandler.js

01:10:33 12/24/2025 [ 15324] [TRACE] [JS Framework] [Request.Request] Constructing request from: ({constructorErrors:[], _request:{}, method:"GET", isHandler:false, uri:"/aptana/samples/wikilite/index.html", protocol:"HTTP/1.1", remoteUser:"", remoteHost:"desktop-lpv0ncp", remoteAddr:"::1", pageFile:"E:/Aptana Jaxer Apache/Jaxer/Apache2-4Build/jaxer/aptana/samples/wikilite/index.html", documentRoot:"E:/Aptana Jaxer Apache/Jaxer/Apache2-4Build/public", OS:"WINNT", isJaxerServer:false, isHTTPS:false, queryString:"", logFileNativePath:"", action:"GET", headers:{Host:"localhost:8081", Connection:"keep-alive", 'sec-ch-ua':"\"Chromium\";v=\"140\", \"Not=A?Brand\";v=\"24\", \"Opera\";v=\"124\"", 'sec-ch-ua-mobile':"?0", 'sec-ch-ua-platform':"\"Windows\"", 'Upgrade-Insecure-Requests':"1", 'User-Agent':"Mozilla/5.0 (Windows NT 10.0; Win64; x64) AppleWebKit/537.36 (KHTML, like Gecko) Chrome/140.0.0.0 Safari/537.36 OPR/124.0.0.0", Accept:"text/html,application/xhtml+xml,application/xml;q=0.9,image/avif,image/webp,image/apng,*/*;q=0.8,application/signed-exchange;v=b3;q=0.7", 'Sec-Fetch-Site':"same-origin", 'Sec-Fetch-Mode':"navigate", 'Sec-Fetch-User':"?1", 'Sec-Fetch-Dest':"iframe", Referer:"http://localhost:8081/aptana/", 'Accept-Encoding':"gzip, deflate, br, zstd", 'Accept-Language':"en-US,en;q=0.9", Cookie:"JaxerSessionId%24%24localhost%3A8081=176589175647709027719934159097; JaxerSessionId%24%24diagnostics=1766389857171006019406608883027; JaxerSessionId%24%24chat=176650225815408013378880202926; JaxerSessionId%24%24smtp-email=1766502615487048247814800171795; JaxerSessionId%24%24rss-sample=1766502620172023884340692192807; JaxerSessionId%24%24tasks=176650262827103192941976629359"}})
stack:
  ->  [ModuleLogger.js:98] trace("Constructing request from: ({constructorErrors:[], _request:{}, method:\"GET\", isHandler:false, uri:\"/aptana/samples/wikilite/index.html\", protocol:\"HTTP/1.1\", remoteUser:\"\", remoteHost:\"desktop-lpv0ncp\", remoteAddr:\"::1\", pageFile:\"E:/Aptana Jaxer Apache/Jaxer/Apache2-4Build/jaxer/aptana/samples/wikilite/index.html\", documentRoot:\"E:/Aptana Jaxer Apache/Jaxer/Apache2-4Build/public\", OS:\"WINNT\", isJaxerServer:false, isHTTPS:false, queryString:\"\", logFileNativePath:\"\", action:\"GET\", headers:{Host:\"localhost:8081\", Connection:\"keep-alive\", 'sec-ch-ua':\"\\\"Chromium\\\";v=\\\"140\\\", \\\"Not=A?Brand\\\";v=\\\"24\\\", \\\"Opera\\\";v=\\\"124\\\"\", 'sec-ch-ua-mobile':\"?0\", 'sec-ch-ua-platform':\"\\\"Windows\\\"\", 'Upgrade-Insecure-Requests':\"1\", 'User-Agent':\"Mozilla/5.0 (Windows NT 10.0; Win64; x64) AppleWebKit/537.36 (KHTML, like Gecko) Chrome/140.0.0.0 Safari/537.36 OPR/124.0.0.0\", Accept:\"text/html,application/xhtml+xml,application/xml;q=0.9,image/avif,image/webp,image/apng,*/*;q=0.8,application/signed-exchange;v=b3;q=0.7\", 'Sec-Fetch-Site':\"same-origin\", 'Sec-Fetch-Mode':\"navigate\", 'Sec-Fetch-User':\"?1\", 'Sec-Fetch-Dest':\"iframe\", Referer:\"http://localhost:8081/aptana/\", 'Accept-Encoding':\"gzip, deflate, br, zstd\", 'Accept-Language':\"en-US,en;q=0.9\", Cookie:\"JaxerSessionId%24%24localhost%3A8081=176589175647709027719934159097; JaxerSessionId%24%24diagnostics=1766389857171006019406608883027; JaxerSessionId%24%24chat=176650225815408013378880202926; JaxerSessionId%24%24smtp-email=1766502615487048247814800171795; JaxerSessionId%24%24rss-sample=1766502620172023884340692192807; JaxerSessionId%24%24tasks=176650262827103192941976629359\"}})")
  ->  [Request.js:202] Request([object XPCWrappedNative_NoHelper])
  ->  [ParseStart.js:49] onParseStart([object XPCWrappedNative_NoHelper])
  ->  [CoreEvents.js:293] fireEvent("PARSE_START",[object Array])
  ->  [CoreEvents.js:238] fire("PARSE_START",[object XPCWrappedNative_NoHelper])
  ->  [aptEventHandler.js:306] observe([object XPCWrappedNative_NoHelper],"jaxerEvent.HTMLParseStart",null)
paths:
  -> file:///E:/Aptana%20Jaxer%20Apache/Jaxer/Apache2-4Build/jaxer/framework/src/ModuleLogger.js
  -> file:///E:/Aptana%20Jaxer%20Apache/Jaxer/Apache2-4Build/jaxer/framework/src/Request.js
  -> file:///E:/Aptana%20Jaxer%20Apache/Jaxer/Apache2-4Build/jaxer/framework/src/ParseStart.js
  -> file:///E:/Aptana%20Jaxer%20Apache/Jaxer/Apache2-4Build/jaxer/framework/src/CoreEvents.js
  -> file:///E:/Aptana%20Jaxer%20Apache/Jaxer/Apache2-4Build/jaxer/components/aptEventHandler.js

01:10:33 12/24/2025 [ 15324] [TRACE] [JS Framework] [ParseStart.onParseStart] Matching app using parsedUrl='({url:"http://localhost:8081/aptana/samples/wikilite/index.html", scheme:"http", protocol:"http", authority:"localhost:8081", path:"/aptana/samples/wikilite/index.html", query:"", fragment:"", userInfo:"", host:"localhost", port:"8081", hostAndPort:"localhost:8081", base:"http://localhost:8081", subdomain:"", domain:"localhost", pathParts:["aptana", "samples", "wikilite", "index.html"], leaf:"index.html", queryParts:{}})'
stack:
  ->  [ModuleLogger.js:98] trace("Matching app using parsedUrl='({url:\"http://localhost:8081/aptana/samples/wikilite/index.html\", scheme:\"http\", protocol:\"http\", authority:\"localhost:8081\", path:\"/aptana/samples/wikilite/index.html\", query:\"\", fragment:\"\", userInfo:\"\", host:\"localhost\", port:\"8081\", hostAndPort:\"localhost:8081\", base:\"http://localhost:8081\", subdomain:\"\", domain:\"localhost\", pathParts:[\"aptana\", \"samples\", \"wikilite\", \"index.html\"], leaf:\"index.html\", queryParts:{}})'")
  ->  [ParseStart.js:81] onParseStart([object XPCWrappedNative_NoHelper])
  ->  [CoreEvents.js:293] fireEvent("PARSE_START",[object Array])
  ->  [CoreEvents.js:238] fire("PARSE_START",[object XPCWrappedNative_NoHelper])
  ->  [aptEventHandler.js:306] observe([object XPCWrappedNative_NoHelper],"jaxerEvent.HTMLParseStart",null)
paths:
  -> file:///E:/Aptana%20Jaxer%20Apache/Jaxer/Apache2-4Build/jaxer/framework/src/ModuleLogger.js
  -> file:///E:/Aptana%20Jaxer%20Apache/Jaxer/Apache2-4Build/jaxer/framework/src/ParseStart.js
  -> file:///E:/Aptana%20Jaxer%20Apache/Jaxer/Apache2-4Build/jaxer/framework/src/CoreEvents.js
  -> file:///E:/Aptana%20Jaxer%20Apache/Jaxer/Apache2-4Build/jaxer/components/aptEventHandler.js

01:10:33 12/24/2025 [ 15324] [TRACE] [JS Framework] [App.init] Initializing app 'DEFAULT' (urlTest: /.*/)
stack:
  ->  [ModuleLogger.js:98] trace("Initializing app 'DEFAULT' (urlTest: /.*/)")
  ->  [App.js:184] init()
  ->  [ParseStart.js:110] onParseStart([object XPCWrappedNative_NoHelper])
  ->  [CoreEvents.js:293] fireEvent("PARSE_START",[object Array])
  ->  [CoreEvents.js:238] fire("PARSE_START",[object XPCWrappedNative_NoHelper])
  ->  [aptEventHandler.js:306] observe([object XPCWrappedNative_NoHelper],"jaxerEvent.HTMLParseStart",null)
paths:
  -> file:///E:/Aptana%20Jaxer%20Apache/Jaxer/Apache2-4Build/jaxer/framework/src/ModuleLogger.js
  -> file:///E:/Aptana%20Jaxer%20Apache/Jaxer/Apache2-4Build/jaxer/framework/src/App.js
  -> file:///E:/Aptana%20Jaxer%20Apache/Jaxer/Apache2-4Build/jaxer/framework/src/ParseStart.js
  -> file:///E:/Aptana%20Jaxer%20Apache/Jaxer/Apache2-4Build/jaxer/framework/src/CoreEvents.js
  -> file:///E:/Aptana%20Jaxer%20Apache/Jaxer/Apache2-4Build/jaxer/components/aptEventHandler.js

01:10:33 12/24/2025 [ 15324] [TRACE] [JS Framework] [App.init] APP_KEY for app 'DEFAULT': localhost:8081
stack:
  ->  [ModuleLogger.js:98] trace("APP_KEY for app 'DEFAULT': localhost:8081")
  ->  [App.js:196] init()
  ->  [ParseStart.js:110] onParseStart([object XPCWrappedNative_NoHelper])
  ->  [CoreEvents.js:293] fireEvent("PARSE_START",[object Array])
  ->  [CoreEvents.js:238] fire("PARSE_START",[object XPCWrappedNative_NoHelper])
  ->  [aptEventHandler.js:306] observe([object XPCWrappedNative_NoHelper],"jaxerEvent.HTMLParseStart",null)
paths:
  -> file:///E:/Aptana%20Jaxer%20Apache/Jaxer/Apache2-4Build/jaxer/framework/src/ModuleLogger.js
  -> file:///E:/Aptana%20Jaxer%20Apache/Jaxer/Apache2-4Build/jaxer/framework/src/App.js
  -> file:///E:/Aptana%20Jaxer%20Apache/Jaxer/Apache2-4Build/jaxer/framework/src/ParseStart.js
  -> file:///E:/Aptana%20Jaxer%20Apache/Jaxer/Apache2-4Build/jaxer/framework/src/CoreEvents.js
  -> file:///E:/Aptana%20Jaxer%20Apache/Jaxer/Apache2-4Build/jaxer/components/aptEventHandler.js

01:10:33 12/24/2025 [ 15324] [TRACE] [JS Framework] [App.init] PAGE_KEY for app 'DEFAULT': localhost:8081/aptana/samples/wikilite/index.html
stack:
  ->  [ModuleLogger.js:98] trace("PAGE_KEY for app 'DEFAULT': localhost:8081/aptana/samples/wikilite/index.html")
  ->  [App.js:208] init()
  ->  [ParseStart.js:110] onParseStart([object XPCWrappedNative_NoHelper])
  ->  [CoreEvents.js:293] fireEvent("PARSE_START",[object Array])
  ->  [CoreEvents.js:238] fire("PARSE_START",[object XPCWrappedNative_NoHelper])
  ->  [aptEventHandler.js:306] observe([object XPCWrappedNative_NoHelper],"jaxerEvent.HTMLParseStart",null)
paths:
  -> file:///E:/Aptana%20Jaxer%20Apache/Jaxer/Apache2-4Build/jaxer/framework/src/ModuleLogger.js
  -> file:///E:/Aptana%20Jaxer%20Apache/Jaxer/Apache2-4Build/jaxer/framework/src/App.js
  -> file:///E:/Aptana%20Jaxer%20Apache/Jaxer/Apache2-4Build/jaxer/framework/src/ParseStart.js
  -> file:///E:/Aptana%20Jaxer%20Apache/Jaxer/Apache2-4Build/jaxer/framework/src/CoreEvents.js
  -> file:///E:/Aptana%20Jaxer%20Apache/Jaxer/Apache2-4Build/jaxer/components/aptEventHandler.js

01:10:33 12/24/2025 [ 15324] [TRACE] [JS Framework] [App.init] PATH for app 'DEFAULT': resource:///../local_jaxer/data/DEFAULT
stack:
  ->  [ModuleLogger.js:98] trace("PATH for app 'DEFAULT': resource:///../local_jaxer/data/DEFAULT")
  ->  [App.js:231] init()
  ->  [ParseStart.js:110] onParseStart([object XPCWrappedNative_NoHelper])
  ->  [CoreEvents.js:293] fireEvent("PARSE_START",[object Array])
  ->  [CoreEvents.js:238] fire("PARSE_START",[object XPCWrappedNative_NoHelper])
  ->  [aptEventHandler.js:306] observe([object XPCWrappedNative_NoHelper],"jaxerEvent.HTMLParseStart",null)
paths:
  -> file:///E:/Aptana%20Jaxer%20Apache/Jaxer/Apache2-4Build/jaxer/framework/src/ModuleLogger.js
  -> file:///E:/Aptana%20Jaxer%20Apache/Jaxer/Apache2-4Build/jaxer/framework/src/App.js
  -> file:///E:/Aptana%20Jaxer%20Apache/Jaxer/Apache2-4Build/jaxer/framework/src/ParseStart.js
  -> file:///E:/Aptana%20Jaxer%20Apache/Jaxer/Apache2-4Build/jaxer/framework/src/CoreEvents.js
  -> file:///E:/Aptana%20Jaxer%20Apache/Jaxer/Apache2-4Build/jaxer/components/aptEventHandler.js

01:10:33 12/24/2025 [ 15324] [TRACE] [JS Framework] [App.App] Constructing App from props: ({urlTest:(function (parsedUrl) {return parsedUrl.pathParts.length > 2 && parsedUrl.pathParts[0] == "aptana" && parsedUrl.pathParts[1] == "samples";}), name:(function (parsedUrl) {return parsedUrl.pathParts[2];}), path:(function (resolvedName, parsedUrl) {return Dir.combine(Config.DEFAULT_PATH_BASE, "samples", resolvedName);}), db:(function (resolvedName, parsedUrl) {switch (Config.DEFAULT_DB.IMPLEMENTATION) {case "SQLite":return Util.extend(Config.DEFAULT_DB, {PATH: Dir.combine(Config.DEFAULT_PATH_BASE, "samples", resolvedName, resolvedName + ".sqlite")});case "MySQL":return Util.extend(Config.DEFAULT_DB, {NAME: resolvedName});default:throw new Exception("Unrecognized database implementation: " + Config.DEFAULT_DB.IMPLEMENTATION);}})}) and a default app of: ({urlTest:/.*/, name:"DEFAULT", appKey:(function (parsedUrl) {return parsedUrl.hostAndPort;}), pageKey:(function (parsedUrl) {return parsedUrl.hostAndPort + parsedUrl.path;}), db:function smartDB(resolvedName, parsedUrl) {switch (Config.DEFAULT_DB.IMPLEMENTATION) {case "SQLite":return Util.extend(Config.DEFAULT_DB, {PATH: Dir.combine(Config.DEFAULT_PATH_BASE, resolvedName, "appdata.sqlite")});case "MySQL":return Util.extend(Config.DEFAULT_DB, {NAME: resolvedName});default:throw new Exception("Unrecognized database implementation: " + Config.DEFAULT_DB.IMPLEMENTATION);}}, path:(function (resolvedName, parsedUrl) {return Dir.combine(Config.DEFAULT_PATH_BASE, resolvedName);}), handler:(void 0), get NAME () {return _NAME;}, get APP_KEY () {return _APP_KEY;}, get PAGE_KEY () {return _PAGE_KEY;}, get DB () {return _DB;}, get PATH () {return _PATH;}})
stack:
  ->  [ModuleLogger.js:98] trace("Constructing App from props: ({urlTest:(function (parsedUrl) {return parsedUrl.pathParts.length > 2 && parsedUrl.pathParts[0] == \"aptana\" && parsedUrl.pathParts[1] == \"samples\";}), name:(function (parsedUrl) {return parsedUrl.pathParts[2];}), path:(function (resolvedName, parsedUrl) {return Dir.combine(Config.DEFAULT_PATH_BASE, \"samples\", resolvedName);}), db:(function (resolvedName, parsedUrl) {switch (Config.DEFAULT_DB.IMPLEMENTATION) {case \"SQLite\":return Util.extend(Config.DEFAULT_DB, {PATH: Dir.combine(Config.DEFAULT_PATH_BASE, \"samples\", resolvedName, resolvedName + \".sqlite\")});case \"MySQL\":return Util.extend(Config.DEFAULT_DB, {NAME: resolvedName});default:throw new Exception(\"Unrecognized database implementation: \" + Config.DEFAULT_DB.IMPLEMENTATION);}})}) and a default app of: ({urlTest:/.*/, name:\"DEFAULT\", appKey:(function (parsedUrl) {return parsedUrl.hostAndPort;}), pageKey:(function (parsedUrl) {return parsedUrl.hostAndPort + parsedUrl.path;}), db:function smartDB(resolvedName, parsedUrl) {switch (Config.DEFAULT_DB.IMPLEMENTATION) {case \"SQLite\":return Util.extend(Config.DEFAULT_DB, {PATH: Dir.combine(Config.DEFAULT_PATH_BASE, resolvedName, \"appdata.sqlite\")});case \"MySQL\":return Util.extend(Config.DEFAULT_DB, {NAME: resolvedName});default:throw new Exception(\"Unrecognized database implementation: \" + Config.DEFAULT_DB.IMPLEMENTATION);}}, path:(function (resolvedName, parsedUrl) {return Dir.combine(Config.DEFAULT_PATH_BASE, resolvedName);}), handler:(void 0), get NAME () {return _NAME;}, get APP_KEY () {return _APP_KEY;}, get PAGE_KEY () {return _PAGE_KEY;}, get DB () {return _DB;}, get PATH () {return _PATH;}})")
  ->  [App.js:56] App([object Object])
  ->  [ParseStart.js:111] onParseStart([object XPCWrappedNative_NoHelper])
  ->  [CoreEvents.js:293] fireEvent("PARSE_START",[object Array])
  ->  [CoreEvents.js:238] fire("PARSE_START",[object XPCWrappedNative_NoHelper])
  ->  [aptEventHandler.js:306] observe([object XPCWrappedNative_NoHelper],"jaxerEvent.HTMLParseStart",null)
paths:
  -> file:///E:/Aptana%20Jaxer%20Apache/Jaxer/Apache2-4Build/jaxer/framework/src/ModuleLogger.js
  -> file:///E:/Aptana%20Jaxer%20Apache/Jaxer/Apache2-4Build/jaxer/framework/src/App.js
  -> file:///E:/Aptana%20Jaxer%20Apache/Jaxer/Apache2-4Build/jaxer/framework/src/ParseStart.js
  -> file:///E:/Aptana%20Jaxer%20Apache/Jaxer/Apache2-4Build/jaxer/framework/src/CoreEvents.js
  -> file:///E:/Aptana%20Jaxer%20Apache/Jaxer/Apache2-4Build/jaxer/components/aptEventHandler.js

01:10:33 12/24/2025 [ 15324] [TRACE] [JS Framework] [App.init] Initializing app 'wikilite' (urlTest: function (parsedUrl) {
    return parsedUrl.pathParts.length > 2 &&
        parsedUrl.pathParts[0] == "aptana" &&
        parsedUrl.pathParts[1] == "samples";
})
stack:
  ->  [ModuleLogger.js:98] trace("Initializing app 'wikilite' (urlTest: function (parsedUrl) {\n    return parsedUrl.pathParts.length > 2 &&\n        parsedUrl.pathParts[0] == \"aptana\" &&\n        parsedUrl.pathParts[1] == \"samples\";\n})")
  ->  [App.js:184] init()
  ->  [App.js:151] App([object Object])
  ->  [ParseStart.js:111] onParseStart([object XPCWrappedNative_NoHelper])
  ->  [CoreEvents.js:293] fireEvent("PARSE_START",[object Array])
  ->  [CoreEvents.js:238] fire("PARSE_START",[object XPCWrappedNative_NoHelper])
  ->  [aptEventHandler.js:306] observe([object XPCWrappedNative_NoHelper],"jaxerEvent.HTMLParseStart",null)
paths:
  -> file:///E:/Aptana%20Jaxer%20Apache/Jaxer/Apache2-4Build/jaxer/framework/src/ModuleLogger.js
  -> file:///E:/Aptana%20Jaxer%20Apache/Jaxer/Apache2-4Build/jaxer/framework/src/App.js
  -> file:///E:/Aptana%20Jaxer%20Apache/Jaxer/Apache2-4Build/jaxer/framework/src/ParseStart.js
  -> file:///E:/Aptana%20Jaxer%20Apache/Jaxer/Apache2-4Build/jaxer/framework/src/CoreEvents.js
  -> file:///E:/Aptana%20Jaxer%20Apache/Jaxer/Apache2-4Build/jaxer/components/aptEventHandler.js

01:10:33 12/24/2025 [ 15324] [TRACE] [JS Framework] [App.init] APP_KEY for app 'wikilite': wikilite
stack:
  ->  [ModuleLogger.js:98] trace("APP_KEY for app 'wikilite': wikilite")
  ->  [App.js:196] init()
  ->  [App.js:151] App([object Object])
  ->  [ParseStart.js:111] onParseStart([object XPCWrappedNative_NoHelper])
  ->  [CoreEvents.js:293] fireEvent("PARSE_START",[object Array])
  ->  [CoreEvents.js:238] fire("PARSE_START",[object XPCWrappedNative_NoHelper])
  ->  [aptEventHandler.js:306] observe([object XPCWrappedNative_NoHelper],"jaxerEvent.HTMLParseStart",null)
paths:
  -> file:///E:/Aptana%20Jaxer%20Apache/Jaxer/Apache2-4Build/jaxer/framework/src/ModuleLogger.js
  -> file:///E:/Aptana%20Jaxer%20Apache/Jaxer/Apache2-4Build/jaxer/framework/src/App.js
  -> file:///E:/Aptana%20Jaxer%20Apache/Jaxer/Apache2-4Build/jaxer/framework/src/ParseStart.js
  -> file:///E:/Aptana%20Jaxer%20Apache/Jaxer/Apache2-4Build/jaxer/framework/src/CoreEvents.js
  -> file:///E:/Aptana%20Jaxer%20Apache/Jaxer/Apache2-4Build/jaxer/components/aptEventHandler.js

01:10:33 12/24/2025 [ 15324] [TRACE] [JS Framework] [App.init] PAGE_KEY for app 'wikilite': localhost:8081/aptana/samples/wikilite/index.html
stack:
  ->  [ModuleLogger.js:98] trace("PAGE_KEY for app 'wikilite': localhost:8081/aptana/samples/wikilite/index.html")
  ->  [App.js:208] init()
  ->  [App.js:151] App([object Object])
  ->  [ParseStart.js:111] onParseStart([object XPCWrappedNative_NoHelper])
  ->  [CoreEvents.js:293] fireEvent("PARSE_START",[object Array])
  ->  [CoreEvents.js:238] fire("PARSE_START",[object XPCWrappedNative_NoHelper])
  ->  [aptEventHandler.js:306] observe([object XPCWrappedNative_NoHelper],"jaxerEvent.HTMLParseStart",null)
paths:
  -> file:///E:/Aptana%20Jaxer%20Apache/Jaxer/Apache2-4Build/jaxer/framework/src/ModuleLogger.js
  -> file:///E:/Aptana%20Jaxer%20Apache/Jaxer/Apache2-4Build/jaxer/framework/src/App.js
  -> file:///E:/Aptana%20Jaxer%20Apache/Jaxer/Apache2-4Build/jaxer/framework/src/ParseStart.js
  -> file:///E:/Aptana%20Jaxer%20Apache/Jaxer/Apache2-4Build/jaxer/framework/src/CoreEvents.js
  -> file:///E:/Aptana%20Jaxer%20Apache/Jaxer/Apache2-4Build/jaxer/components/aptEventHandler.js

01:10:33 12/24/2025 [ 15324] [TRACE] [JS Framework] [App.init] PATH for app 'wikilite': resource:///../local_jaxer/data/samples/wikilite
stack:
  ->  [ModuleLogger.js:98] trace("PATH for app 'wikilite': resource:///../local_jaxer/data/samples/wikilite")
  ->  [App.js:231] init()
  ->  [App.js:151] App([object Object])
  ->  [ParseStart.js:111] onParseStart([object XPCWrappedNative_NoHelper])
  ->  [CoreEvents.js:293] fireEvent("PARSE_START",[object Array])
  ->  [CoreEvents.js:238] fire("PARSE_START",[object XPCWrappedNative_NoHelper])
  ->  [aptEventHandler.js:306] observe([object XPCWrappedNative_NoHelper],"jaxerEvent.HTMLParseStart",null)
paths:
  -> file:///E:/Aptana%20Jaxer%20Apache/Jaxer/Apache2-4Build/jaxer/framework/src/ModuleLogger.js
  -> file:///E:/Aptana%20Jaxer%20Apache/Jaxer/Apache2-4Build/jaxer/framework/src/App.js
  -> file:///E:/Aptana%20Jaxer%20Apache/Jaxer/Apache2-4Build/jaxer/framework/src/ParseStart.js
  -> file:///E:/Aptana%20Jaxer%20Apache/Jaxer/Apache2-4Build/jaxer/framework/src/CoreEvents.js
  -> file:///E:/Aptana%20Jaxer%20Apache/Jaxer/Apache2-4Build/jaxer/components/aptEventHandler.js

01:10:33 12/24/2025 [ 15324] [TRACE] [JS Framework] [ParseStart.onParseStart] Using app 'wikilite': urlTest = function (parsedUrl) {
    return parsedUrl.pathParts.length > 2 &&
        parsedUrl.pathParts[0] == "aptana" &&
        parsedUrl.pathParts[1] == "samples";
}
stack:
  ->  [ModuleLogger.js:98] trace("Using app 'wikilite': urlTest = function (parsedUrl) {\n    return parsedUrl.pathParts.length > 2 &&\n        parsedUrl.pathParts[0] == \"aptana\" &&\n        parsedUrl.pathParts[1] == \"samples\";\n}")
  ->  [ParseStart.js:113] onParseStart([object XPCWrappedNative_NoHelper])
  ->  [CoreEvents.js:293] fireEvent("PARSE_START",[object Array])
  ->  [CoreEvents.js:238] fire("PARSE_START",[object XPCWrappedNative_NoHelper])
  ->  [aptEventHandler.js:306] observe([object XPCWrappedNative_NoHelper],"jaxerEvent.HTMLParseStart",null)
paths:
  -> file:///E:/Aptana%20Jaxer%20Apache/Jaxer/Apache2-4Build/jaxer/framework/src/ModuleLogger.js
  -> file:///E:/Aptana%20Jaxer%20Apache/Jaxer/Apache2-4Build/jaxer/framework/src/ParseStart.js
  -> file:///E:/Aptana%20Jaxer%20Apache/Jaxer/Apache2-4Build/jaxer/framework/src/CoreEvents.js
  -> file:///E:/Aptana%20Jaxer%20Apache/Jaxer/Apache2-4Build/jaxer/components/aptEventHandler.js

01:10:33 12/24/2025 [ 15324] [DEBUG] [JS Framework] [SessionManager.keyFromRequest] Getting session key from the client via cookie JaxerSessionId$$wikilite: null
stack:
  ->  [ModuleLogger.js:98] debug("Getting session key from the client via cookie JaxerSessionId$$wikilite: null")
  ->  [SessionManager.js:59] keyFromRequest("wikilite")
  ->  [Container.js:474] init("wikilite","localhost:8081/aptana/samples/wikilite/index.html")
  ->  [ParseStart.js:122] onParseStart([object XPCWrappedNative_NoHelper])
  ->  [CoreEvents.js:293] fireEvent("PARSE_START",[object Array])
  ->  [CoreEvents.js:238] fire("PARSE_START",[object XPCWrappedNative_NoHelper])
  ->  [aptEventHandler.js:306] observe([object XPCWrappedNative_NoHelper],"jaxerEvent.HTMLParseStart",null)
paths:
  -> file:///E:/Aptana%20Jaxer%20Apache/Jaxer/Apache2-4Build/jaxer/framework/src/ModuleLogger.js
  -> file:///E:/Aptana%20Jaxer%20Apache/Jaxer/Apache2-4Build/jaxer/framework/src/SessionManager.js
  -> file:///E:/Aptana%20Jaxer%20Apache/Jaxer/Apache2-4Build/jaxer/framework/src/Container.js
  -> file:///E:/Aptana%20Jaxer%20Apache/Jaxer/Apache2-4Build/jaxer/framework/src/ParseStart.js
  -> file:///E:/Aptana%20Jaxer%20Apache/Jaxer/Apache2-4Build/jaxer/framework/src/CoreEvents.js
  -> file:///E:/Aptana%20Jaxer%20Apache/Jaxer/Apache2-4Build/jaxer/components/aptEventHandler.js

01:10:33 12/24/2025 [ 15324] [DEBUG] [JS Framework] [SessionManager.keyFromRequest] Creating a new session key: 1766502633159009874746526267386
stack:
  ->  [ModuleLogger.js:98] debug("Creating a new session key: 1766502633159009874746526267386")
  ->  [SessionManager.js:63] keyFromRequest("wikilite")
  ->  [Container.js:474] init("wikilite","localhost:8081/aptana/samples/wikilite/index.html")
  ->  [ParseStart.js:122] onParseStart([object XPCWrappedNative_NoHelper])
  ->  [CoreEvents.js:293] fireEvent("PARSE_START",[object Array])
  ->  [CoreEvents.js:238] fire("PARSE_START",[object XPCWrappedNative_NoHelper])
  ->  [aptEventHandler.js:306] observe([object XPCWrappedNative_NoHelper],"jaxerEvent.HTMLParseStart",null)
paths:
  -> file:///E:/Aptana%20Jaxer%20Apache/Jaxer/Apache2-4Build/jaxer/framework/src/ModuleLogger.js
  -> file:///E:/Aptana%20Jaxer%20Apache/Jaxer/Apache2-4Build/jaxer/framework/src/SessionManager.js
  -> file:///E:/Aptana%20Jaxer%20Apache/Jaxer/Apache2-4Build/jaxer/framework/src/Container.js
  -> file:///E:/Aptana%20Jaxer%20Apache/Jaxer/Apache2-4Build/jaxer/framework/src/ParseStart.js
  -> file:///E:/Aptana%20Jaxer%20Apache/Jaxer/Apache2-4Build/jaxer/framework/src/CoreEvents.js
  -> file:///E:/Aptana%20Jaxer%20Apache/Jaxer/Apache2-4Build/jaxer/components/aptEventHandler.js

01:10:33 12/24/2025 [ 15324] [DEBUG] [JS Framework] [Container.init] Created APPLICATION container as Jaxer.application with key wikilite
stack:
  ->  [ModuleLogger.js:98] debug("Created APPLICATION container as Jaxer.application with key wikilite")
  ->  [Container.js:485] init("wikilite","localhost:8081/aptana/samples/wikilite/index.html")
  ->  [ParseStart.js:122] onParseStart([object XPCWrappedNative_NoHelper])
  ->  [CoreEvents.js:293] fireEvent("PARSE_START",[object Array])
  ->  [CoreEvents.js:238] fire("PARSE_START",[object XPCWrappedNative_NoHelper])
  ->  [aptEventHandler.js:306] observe([object XPCWrappedNative_NoHelper],"jaxerEvent.HTMLParseStart",null)
paths:
  -> file:///E:/Aptana%20Jaxer%20Apache/Jaxer/Apache2-4Build/jaxer/framework/src/ModuleLogger.js
  -> file:///E:/Aptana%20Jaxer%20Apache/Jaxer/Apache2-4Build/jaxer/framework/src/Container.js
  -> file:///E:/Aptana%20Jaxer%20Apache/Jaxer/Apache2-4Build/jaxer/framework/src/ParseStart.js
  -> file:///E:/Aptana%20Jaxer%20Apache/Jaxer/Apache2-4Build/jaxer/framework/src/CoreEvents.js
  -> file:///E:/Aptana%20Jaxer%20Apache/Jaxer/Apache2-4Build/jaxer/components/aptEventHandler.js

01:10:33 12/24/2025 [ 15324] [DEBUG] [JS Framework] [Container.init] Created PAGE container as Jaxer.page with key localhost:8081/aptana/samples/wikilite/index.html
stack:
  ->  [ModuleLogger.js:98] debug("Created PAGE container as Jaxer.page with key localhost:8081/aptana/samples/wikilite/index.html")
  ->  [Container.js:485] init("wikilite","localhost:8081/aptana/samples/wikilite/index.html")
  ->  [ParseStart.js:122] onParseStart([object XPCWrappedNative_NoHelper])
  ->  [CoreEvents.js:293] fireEvent("PARSE_START",[object Array])
  ->  [CoreEvents.js:238] fire("PARSE_START",[object XPCWrappedNative_NoHelper])
  ->  [aptEventHandler.js:306] observe([object XPCWrappedNative_NoHelper],"jaxerEvent.HTMLParseStart",null)
paths:
  -> file:///E:/Aptana%20Jaxer%20Apache/Jaxer/Apache2-4Build/jaxer/framework/src/ModuleLogger.js
  -> file:///E:/Aptana%20Jaxer%20Apache/Jaxer/Apache2-4Build/jaxer/framework/src/Container.js
  -> file:///E:/Aptana%20Jaxer%20Apache/Jaxer/Apache2-4Build/jaxer/framework/src/ParseStart.js
  -> file:///E:/Aptana%20Jaxer%20Apache/Jaxer/Apache2-4Build/jaxer/framework/src/CoreEvents.js
  -> file:///E:/Aptana%20Jaxer%20Apache/Jaxer/Apache2-4Build/jaxer/components/aptEventHandler.js

01:10:33 12/24/2025 [ 15324] [DEBUG] [JS Framework] [Container.init] Created SESSION container as Jaxer.session with key 1766502633159009874746526267386
stack:
  ->  [ModuleLogger.js:98] debug("Created SESSION container as Jaxer.session with key 1766502633159009874746526267386")
  ->  [Container.js:485] init("wikilite","localhost:8081/aptana/samples/wikilite/index.html")
  ->  [ParseStart.js:122] onParseStart([object XPCWrappedNative_NoHelper])
  ->  [CoreEvents.js:293] fireEvent("PARSE_START",[object Array])
  ->  [CoreEvents.js:238] fire("PARSE_START",[object XPCWrappedNative_NoHelper])
  ->  [aptEventHandler.js:306] observe([object XPCWrappedNative_NoHelper],"jaxerEvent.HTMLParseStart",null)
paths:
  -> file:///E:/Aptana%20Jaxer%20Apache/Jaxer/Apache2-4Build/jaxer/framework/src/ModuleLogger.js
  -> file:///E:/Aptana%20Jaxer%20Apache/Jaxer/Apache2-4Build/jaxer/framework/src/Container.js
  -> file:///E:/Aptana%20Jaxer%20Apache/Jaxer/Apache2-4Build/jaxer/framework/src/ParseStart.js
  -> file:///E:/Aptana%20Jaxer%20Apache/Jaxer/Apache2-4Build/jaxer/framework/src/CoreEvents.js
  -> file:///E:/Aptana%20Jaxer%20Apache/Jaxer/Apache2-4Build/jaxer/components/aptEventHandler.js

01:10:33 12/24/2025 [ 15324] [DEBUG] [JS Framework] [Container.init] Created SESSION_PAGE container as Jaxer.sessionPage with key 1766502633159009874746526267386$$localhost:8081/aptana/samples/wikilite/index.html
stack:
  ->  [ModuleLogger.js:98] debug("Created SESSION_PAGE container as Jaxer.sessionPage with key 1766502633159009874746526267386$$localhost:8081/aptana/samples/wikilite/index.html")
  ->  [Container.js:485] init("wikilite","localhost:8081/aptana/samples/wikilite/index.html")
  ->  [ParseStart.js:122] onParseStart([object XPCWrappedNative_NoHelper])
  ->  [CoreEvents.js:293] fireEvent("PARSE_START",[object Array])
  ->  [CoreEvents.js:238] fire("PARSE_START",[object XPCWrappedNative_NoHelper])
  ->  [aptEventHandler.js:306] observe([object XPCWrappedNative_NoHelper],"jaxerEvent.HTMLParseStart",null)
paths:
  -> file:///E:/Aptana%20Jaxer%20Apache/Jaxer/Apache2-4Build/jaxer/framework/src/ModuleLogger.js
  -> file:///E:/Aptana%20Jaxer%20Apache/Jaxer/Apache2-4Build/jaxer/framework/src/Container.js
  -> file:///E:/Aptana%20Jaxer%20Apache/Jaxer/Apache2-4Build/jaxer/framework/src/ParseStart.js
  -> file:///E:/Aptana%20Jaxer%20Apache/Jaxer/Apache2-4Build/jaxer/framework/src/CoreEvents.js
  -> file:///E:/Aptana%20Jaxer%20Apache/Jaxer/Apache2-4Build/jaxer/components/aptEventHandler.js

01:10:33 12/24/2025 [ 15324] [TRACE] [JS Framework] [DB.setDefault] Setting default connection for app: wikilite
stack:
  ->  [ModuleLogger.js:98] trace("Setting default connection for app: wikilite")
  ->  [DB.js:162] setDefault("wikilite",[object Object])
  ->  [ParseStart.js:123] onParseStart([object XPCWrappedNative_NoHelper])
  ->  [CoreEvents.js:293] fireEvent("PARSE_START",[object Array])
  ->  [CoreEvents.js:238] fire("PARSE_START",[object XPCWrappedNative_NoHelper])
  ->  [aptEventHandler.js:306] observe([object XPCWrappedNative_NoHelper],"jaxerEvent.HTMLParseStart",null)
paths:
  -> file:///E:/Aptana%20Jaxer%20Apache/Jaxer/Apache2-4Build/jaxer/framework/src/ModuleLogger.js
  -> file:///E:/Aptana%20Jaxer%20Apache/Jaxer/Apache2-4Build/jaxer/framework/src/DB.js
  -> file:///E:/Aptana%20Jaxer%20Apache/Jaxer/Apache2-4Build/jaxer/framework/src/ParseStart.js
  -> file:///E:/Aptana%20Jaxer%20Apache/Jaxer/Apache2-4Build/jaxer/framework/src/CoreEvents.js
  -> file:///E:/Aptana%20Jaxer%20Apache/Jaxer/Apache2-4Build/jaxer/components/aptEventHandler.js

01:10:33 12/24/2025 [ 15324] [TRACE] [JS Framework] [DB.initDefault] Creating database (if necessary) for app: wikilite
stack:
  ->  [ModuleLogger.js:98] trace("Creating database (if necessary) for app: wikilite")
  ->  [DB.js:136] initDefault("wikilite",[object Object])
  ->  [DB.js:174] setDefault("wikilite",[object Object])
  ->  [ParseStart.js:123] onParseStart([object XPCWrappedNative_NoHelper])
  ->  [CoreEvents.js:293] fireEvent("PARSE_START",[object Array])
  ->  [CoreEvents.js:238] fire("PARSE_START",[object XPCWrappedNative_NoHelper])
  ->  [aptEventHandler.js:306] observe([object XPCWrappedNative_NoHelper],"jaxerEvent.HTMLParseStart",null)
paths:
  -> file:///E:/Aptana%20Jaxer%20Apache/Jaxer/Apache2-4Build/jaxer/framework/src/ModuleLogger.js
  -> file:///E:/Aptana%20Jaxer%20Apache/Jaxer/Apache2-4Build/jaxer/framework/src/DB.js
  -> file:///E:/Aptana%20Jaxer%20Apache/Jaxer/Apache2-4Build/jaxer/framework/src/ParseStart.js
  -> file:///E:/Aptana%20Jaxer%20Apache/Jaxer/Apache2-4Build/jaxer/framework/src/CoreEvents.js
  -> file:///E:/Aptana%20Jaxer%20Apache/Jaxer/Apache2-4Build/jaxer/components/aptEventHandler.js

01:10:33 12/24/2025 [ 15324] [TRACE] [JS Framework] [DB.SQLite.validateConnectionParameters] Connection parameters OK :({IMPLEMENTATION:"SQLite", PATH:"resource:///../local_jaxer/data/samples/wikilite/wikilite.sqlite", CLOSE_AFTER_EXECUTE:false, CLOSE_AFTER_REQUEST:true, MAX_NUM_TRIES:100, MILLIS_BETWEEN_TRIES:37})
stack:
  ->  [ModuleLogger.js:98] trace("Connection parameters OK :({IMPLEMENTATION:\"SQLite\", PATH:\"resource:///../local_jaxer/data/samples/wikilite/wikilite.sqlite\", CLOSE_AFTER_EXECUTE:false, CLOSE_AFTER_REQUEST:true, MAX_NUM_TRIES:100, MILLIS_BETWEEN_TRIES:37})")
  ->  [DB_SQLite.js:83] validateConnectionParameters([object Object])
  ->  [DB_SQLite.js:148] Connection([object Object])
  ->  [DB_SQLite.js:104] createDB([object Object])
  ->  [DB.js:137] initDefault("wikilite",[object Object])
  ->  [DB.js:174] setDefault("wikilite",[object Object])
  ->  [ParseStart.js:123] onParseStart([object XPCWrappedNative_NoHelper])
  ->  [CoreEvents.js:293] fireEvent("PARSE_START",[object Array])
  ->  [CoreEvents.js:238] fire("PARSE_START",[object XPCWrappedNative_NoHelper])
  ->  [aptEventHandler.js:306] observe([object XPCWrappedNative_NoHelper],"jaxerEvent.HTMLParseStart",null)
paths:
  -> file:///E:/Aptana%20Jaxer%20Apache/Jaxer/Apache2-4Build/jaxer/framework/src/ModuleLogger.js
  -> file:///E:/Aptana%20Jaxer%20Apache/Jaxer/Apache2-4Build/jaxer/framework/src/DB_SQLite.js
  -> file:///E:/Aptana%20Jaxer%20Apache/Jaxer/Apache2-4Build/jaxer/framework/src/DB.js
  -> file:///E:/Aptana%20Jaxer%20Apache/Jaxer/Apache2-4Build/jaxer/framework/src/ParseStart.js
  -> file:///E:/Aptana%20Jaxer%20Apache/Jaxer/Apache2-4Build/jaxer/framework/src/CoreEvents.js
  -> file:///E:/Aptana%20Jaxer%20Apache/Jaxer/Apache2-4Build/jaxer/components/aptEventHandler.js

01:10:33 12/24/2025 [ 15324] [DEBUG] [JS Framework] [DB.SQLite.createDB] Creating/verifying connection to database file at E:\Aptana Jaxer Apache\Jaxer\Apache2-4Build\jaxer\..\local_jaxer\data\samples\wikilite\wikilite.sqlite
stack:
  ->  [ModuleLogger.js:98] debug("Creating/verifying connection to database file at E:\\Aptana Jaxer Apache\\Jaxer\\Apache2-4Build\\jaxer\\..\\local_jaxer\\data\\samples\\wikilite\\wikilite.sqlite")
  ->  [DB_SQLite.js:105] createDB([object Object])
  ->  [DB.js:137] initDefault("wikilite",[object Object])
  ->  [DB.js:174] setDefault("wikilite",[object Object])
  ->  [ParseStart.js:123] onParseStart([object XPCWrappedNative_NoHelper])
  ->  [CoreEvents.js:293] fireEvent("PARSE_START",[object Array])
  ->  [CoreEvents.js:238] fire("PARSE_START",[object XPCWrappedNative_NoHelper])
  ->  [aptEventHandler.js:306] observe([object XPCWrappedNative_NoHelper],"jaxerEvent.HTMLParseStart",null)
paths:
  -> file:///E:/Aptana%20Jaxer%20Apache/Jaxer/Apache2-4Build/jaxer/framework/src/ModuleLogger.js
  -> file:///E:/Aptana%20Jaxer%20Apache/Jaxer/Apache2-4Build/jaxer/framework/src/DB_SQLite.js
  -> file:///E:/Aptana%20Jaxer%20Apache/Jaxer/Apache2-4Build/jaxer/framework/src/DB.js
  -> file:///E:/Aptana%20Jaxer%20Apache/Jaxer/Apache2-4Build/jaxer/framework/src/ParseStart.js
  -> file:///E:/Aptana%20Jaxer%20Apache/Jaxer/Apache2-4Build/jaxer/framework/src/CoreEvents.js
  -> file:///E:/Aptana%20Jaxer%20Apache/Jaxer/Apache2-4Build/jaxer/components/aptEventHandler.js

01:10:33 12/24/2025 [ 15324] [DEBUG] [JS Framework] [DB.SQLite.open] Opening connection to database: E:\Aptana Jaxer Apache\Jaxer\Apache2-4Build\jaxer\..\local_jaxer\data\samples\wikilite\wikilite.sqlite
stack:
  ->  [ModuleLogger.js:98] debug("Opening connection to database: E:\\Aptana Jaxer Apache\\Jaxer\\Apache2-4Build\\jaxer\\..\\local_jaxer\\data\\samples\\wikilite\\wikilite.sqlite")
  ->  [DB_SQLite.js:212] open()
  ->  [DB_SQLite.js:109] createDB([object Object])
  ->  [DB.js:137] initDefault("wikilite",[object Object])
  ->  [DB.js:174] setDefault("wikilite",[object Object])
  ->  [ParseStart.js:123] onParseStart([object XPCWrappedNative_NoHelper])
  ->  [CoreEvents.js:293] fireEvent("PARSE_START",[object Array])
  ->  [CoreEvents.js:238] fire("PARSE_START",[object XPCWrappedNative_NoHelper])
  ->  [aptEventHandler.js:306] observe([object XPCWrappedNative_NoHelper],"jaxerEvent.HTMLParseStart",null)
paths:
  -> file:///E:/Aptana%20Jaxer%20Apache/Jaxer/Apache2-4Build/jaxer/framework/src/ModuleLogger.js
  -> file:///E:/Aptana%20Jaxer%20Apache/Jaxer/Apache2-4Build/jaxer/framework/src/DB_SQLite.js
  -> file:///E:/Aptana%20Jaxer%20Apache/Jaxer/Apache2-4Build/jaxer/framework/src/DB.js
  -> file:///E:/Aptana%20Jaxer%20Apache/Jaxer/Apache2-4Build/jaxer/framework/src/ParseStart.js
  -> file:///E:/Aptana%20Jaxer%20Apache/Jaxer/Apache2-4Build/jaxer/framework/src/CoreEvents.js
  -> file:///E:/Aptana%20Jaxer%20Apache/Jaxer/Apache2-4Build/jaxer/components/aptEventHandler.js

01:10:33 12/24/2025 [ 15324] [TRACE] [JS Framework] [DB.SQLite.open] Tried 1 time(s) in 1 ms to open connection to SQLite database file E:\Aptana Jaxer Apache\Jaxer\Apache2-4Build\jaxer\..\local_jaxer\data\samples\wikilite\wikilite.sqlite
stack:
  ->  [ModuleLogger.js:98] trace("Tried 1 time(s) in 1 ms to open connection to SQLite database file E:\\Aptana Jaxer Apache\\Jaxer\\Apache2-4Build\\jaxer\\..\\local_jaxer\\data\\samples\\wikilite\\wikilite.sqlite")
  ->  [DB_SQLite.js:266] open()
  ->  [DB_SQLite.js:109] createDB([object Object])
  ->  [DB.js:137] initDefault("wikilite",[object Object])
  ->  [DB.js:174] setDefault("wikilite",[object Object])
  ->  [ParseStart.js:123] onParseStart([object XPCWrappedNative_NoHelper])
  ->  [CoreEvents.js:293] fireEvent("PARSE_START",[object Array])
  ->  [CoreEvents.js:238] fire("PARSE_START",[object XPCWrappedNative_NoHelper])
  ->  [aptEventHandler.js:306] observe([object XPCWrappedNative_NoHelper],"jaxerEvent.HTMLParseStart",null)
paths:
  -> file:///E:/Aptana%20Jaxer%20Apache/Jaxer/Apache2-4Build/jaxer/framework/src/ModuleLogger.js
  -> file:///E:/Aptana%20Jaxer%20Apache/Jaxer/Apache2-4Build/jaxer/framework/src/DB_SQLite.js
  -> file:///E:/Aptana%20Jaxer%20Apache/Jaxer/Apache2-4Build/jaxer/framework/src/DB.js
  -> file:///E:/Aptana%20Jaxer%20Apache/Jaxer/Apache2-4Build/jaxer/framework/src/ParseStart.js
  -> file:///E:/Aptana%20Jaxer%20Apache/Jaxer/Apache2-4Build/jaxer/framework/src/CoreEvents.js
  -> file:///E:/Aptana%20Jaxer%20Apache/Jaxer/Apache2-4Build/jaxer/components/aptEventHandler.js

01:10:33 12/24/2025 [ 15324] [DEBUG] [JS Framework] [DB.SQLite.open] Opened
stack:
  ->  [ModuleLogger.js:98] debug("Opened")
  ->  [DB_SQLite.js:268] open()
  ->  [DB_SQLite.js:109] createDB([object Object])
  ->  [DB.js:137] initDefault("wikilite",[object Object])
  ->  [DB.js:174] setDefault("wikilite",[object Object])
  ->  [ParseStart.js:123] onParseStart([object XPCWrappedNative_NoHelper])
  ->  [CoreEvents.js:293] fireEvent("PARSE_START",[object Array])
  ->  [CoreEvents.js:238] fire("PARSE_START",[object XPCWrappedNative_NoHelper])
  ->  [aptEventHandler.js:306] observe([object XPCWrappedNative_NoHelper],"jaxerEvent.HTMLParseStart",null)
paths:
  -> file:///E:/Aptana%20Jaxer%20Apache/Jaxer/Apache2-4Build/jaxer/framework/src/ModuleLogger.js
  -> file:///E:/Aptana%20Jaxer%20Apache/Jaxer/Apache2-4Build/jaxer/framework/src/DB_SQLite.js
  -> file:///E:/Aptana%20Jaxer%20Apache/Jaxer/Apache2-4Build/jaxer/framework/src/DB.js
  -> file:///E:/Aptana%20Jaxer%20Apache/Jaxer/Apache2-4Build/jaxer/framework/src/ParseStart.js
  -> file:///E:/Aptana%20Jaxer%20Apache/Jaxer/Apache2-4Build/jaxer/framework/src/CoreEvents.js
  -> file:///E:/Aptana%20Jaxer%20Apache/Jaxer/Apache2-4Build/jaxer/components/aptEventHandler.js

01:10:33 12/24/2025 [ 15324] [TRACE] [JS Framework] [DB.SQLite.close] Closing the connection
stack:
  ->  [ModuleLogger.js:98] trace("Closing the connection")
  ->  [DB_SQLite.js:739] close()
  ->  [DB_SQLite.js:110] createDB([object Object])
  ->  [DB.js:137] initDefault("wikilite",[object Object])
  ->  [DB.js:174] setDefault("wikilite",[object Object])
  ->  [ParseStart.js:123] onParseStart([object XPCWrappedNative_NoHelper])
  ->  [CoreEvents.js:293] fireEvent("PARSE_START",[object Array])
  ->  [CoreEvents.js:238] fire("PARSE_START",[object XPCWrappedNative_NoHelper])
  ->  [aptEventHandler.js:306] observe([object XPCWrappedNative_NoHelper],"jaxerEvent.HTMLParseStart",null)
paths:
  -> file:///E:/Aptana%20Jaxer%20Apache/Jaxer/Apache2-4Build/jaxer/framework/src/ModuleLogger.js
  -> file:///E:/Aptana%20Jaxer%20Apache/Jaxer/Apache2-4Build/jaxer/framework/src/DB_SQLite.js
  -> file:///E:/Aptana%20Jaxer%20Apache/Jaxer/Apache2-4Build/jaxer/framework/src/DB.js
  -> file:///E:/Aptana%20Jaxer%20Apache/Jaxer/Apache2-4Build/jaxer/framework/src/ParseStart.js
  -> file:///E:/Aptana%20Jaxer%20Apache/Jaxer/Apache2-4Build/jaxer/framework/src/CoreEvents.js
  -> file:///E:/Aptana%20Jaxer%20Apache/Jaxer/Apache2-4Build/jaxer/components/aptEventHandler.js

01:10:33 12/24/2025 [ 15324] [TRACE] [JS Framework] [DB.SQLite.validateConnectionParameters] Connection parameters OK :({IMPLEMENTATION:"SQLite", PATH:"resource:///../local_jaxer/data/samples/wikilite/wikilite.sqlite", CLOSE_AFTER_EXECUTE:false, CLOSE_AFTER_REQUEST:true, MAX_NUM_TRIES:100, MILLIS_BETWEEN_TRIES:37})
stack:
  ->  [ModuleLogger.js:98] trace("Connection parameters OK :({IMPLEMENTATION:\"SQLite\", PATH:\"resource:///../local_jaxer/data/samples/wikilite/wikilite.sqlite\", CLOSE_AFTER_EXECUTE:false, CLOSE_AFTER_REQUEST:true, MAX_NUM_TRIES:100, MILLIS_BETWEEN_TRIES:37})")
  ->  [DB_SQLite.js:83] validateConnectionParameters([object Object])
  ->  [DB_SQLite.js:148] Connection([object Object])
  ->  [DB_SQLite.js:111] createDB([object Object])
  ->  [DB.js:137] initDefault("wikilite",[object Object])
  ->  [DB.js:174] setDefault("wikilite",[object Object])
  ->  [ParseStart.js:123] onParseStart([object XPCWrappedNative_NoHelper])
  ->  [CoreEvents.js:293] fireEvent("PARSE_START",[object Array])
  ->  [CoreEvents.js:238] fire("PARSE_START",[object XPCWrappedNative_NoHelper])
  ->  [aptEventHandler.js:306] observe([object XPCWrappedNative_NoHelper],"jaxerEvent.HTMLParseStart",null)
paths:
  -> file:///E:/Aptana%20Jaxer%20Apache/Jaxer/Apache2-4Build/jaxer/framework/src/ModuleLogger.js
  -> file:///E:/Aptana%20Jaxer%20Apache/Jaxer/Apache2-4Build/jaxer/framework/src/DB_SQLite.js
  -> file:///E:/Aptana%20Jaxer%20Apache/Jaxer/Apache2-4Build/jaxer/framework/src/DB.js
  -> file:///E:/Aptana%20Jaxer%20Apache/Jaxer/Apache2-4Build/jaxer/framework/src/ParseStart.js
  -> file:///E:/Aptana%20Jaxer%20Apache/Jaxer/Apache2-4Build/jaxer/framework/src/CoreEvents.js
  -> file:///E:/Aptana%20Jaxer%20Apache/Jaxer/Apache2-4Build/jaxer/components/aptEventHandler.js

01:10:33 12/24/2025 [ 15324] [TRACE] [JS Framework] [DB.SQLite.validateConnectionParameters] Connection parameters OK :({IMPLEMENTATION:"SQLite", PATH:"resource:///../local_jaxer/data/samples/wikilite/wikilite.sqlite", CLOSE_AFTER_EXECUTE:false, CLOSE_AFTER_REQUEST:true, MAX_NUM_TRIES:100, MILLIS_BETWEEN_TRIES:37})
stack:
  ->  [ModuleLogger.js:98] trace("Connection parameters OK :({IMPLEMENTATION:\"SQLite\", PATH:\"resource:///../local_jaxer/data/samples/wikilite/wikilite.sqlite\", CLOSE_AFTER_EXECUTE:false, CLOSE_AFTER_REQUEST:true, MAX_NUM_TRIES:100, MILLIS_BETWEEN_TRIES:37})")
  ->  [DB_SQLite.js:83] validateConnectionParameters([object Object])
  ->  [DB_SQLite.js:148] Connection([object Object])
  ->  [DB.js:139] initDefault("wikilite",[object Object])
  ->  [DB.js:174] setDefault("wikilite",[object Object])
  ->  [ParseStart.js:123] onParseStart([object XPCWrappedNative_NoHelper])
  ->  [CoreEvents.js:293] fireEvent("PARSE_START",[object Array])
  ->  [CoreEvents.js:238] fire("PARSE_START",[object XPCWrappedNative_NoHelper])
  ->  [aptEventHandler.js:306] observe([object XPCWrappedNative_NoHelper],"jaxerEvent.HTMLParseStart",null)
paths:
  -> file:///E:/Aptana%20Jaxer%20Apache/Jaxer/Apache2-4Build/jaxer/framework/src/ModuleLogger.js
  -> file:///E:/Aptana%20Jaxer%20Apache/Jaxer/Apache2-4Build/jaxer/framework/src/DB_SQLite.js
  -> file:///E:/Aptana%20Jaxer%20Apache/Jaxer/Apache2-4Build/jaxer/framework/src/DB.js
  -> file:///E:/Aptana%20Jaxer%20Apache/Jaxer/Apache2-4Build/jaxer/framework/src/ParseStart.js
  -> file:///E:/Aptana%20Jaxer%20Apache/Jaxer/Apache2-4Build/jaxer/framework/src/CoreEvents.js
  -> file:///E:/Aptana%20Jaxer%20Apache/Jaxer/Apache2-4Build/jaxer/components/aptEventHandler.js

01:10:33 12/24/2025 [ 15324] [TRACE] [JS Framework] [CoreEvents.fire] At this time, evt.Request.isHandler=false and eventType: NEW_ELEMENT - HTML
stack:
  ->  [ModuleLogger.js:98] trace("At this time, evt.Request.isHandler=false and eventType: NEW_ELEMENT - HTML")
  ->  [CoreEvents.js:205] fire("NEW_ELEMENT",[object XPCWrappedNative_NoHelper],[object HTMLDocument],[object HTMLHtmlElement])
  ->  [aptEventHandler.js:157] observe([object XPCWrappedNative_NoHelper],"jaxerEvent.NewHTMLElement",null)
paths:
  -> file:///E:/Aptana%20Jaxer%20Apache/Jaxer/Apache2-4Build/jaxer/framework/src/ModuleLogger.js
  -> file:///E:/Aptana%20Jaxer%20Apache/Jaxer/Apache2-4Build/jaxer/framework/src/CoreEvents.js
  -> file:///E:/Aptana%20Jaxer%20Apache/Jaxer/Apache2-4Build/jaxer/components/aptEventHandler.js

01:10:33 12/24/2025 [ 15324] [TRACE] [JS Framework] [CoreEvents.fireEvent] Firing an event for NEW_ELEMENT
stack:
  ->  [ModuleLogger.js:98] trace("Firing an event for NEW_ELEMENT")
  ->  [CoreEvents.js:282] fireEvent("NEW_ELEMENT",[object Array])
  ->  [CoreEvents.js:238] fire("NEW_ELEMENT",[object XPCWrappedNative_NoHelper],[object HTMLDocument],[object HTMLHtmlElement])
  ->  [aptEventHandler.js:157] observe([object XPCWrappedNative_NoHelper],"jaxerEvent.NewHTMLElement",null)
paths:
  -> file:///E:/Aptana%20Jaxer%20Apache/Jaxer/Apache2-4Build/jaxer/framework/src/ModuleLogger.js
  -> file:///E:/Aptana%20Jaxer%20Apache/Jaxer/Apache2-4Build/jaxer/framework/src/CoreEvents.js
  -> file:///E:/Aptana%20Jaxer%20Apache/Jaxer/Apache2-4Build/jaxer/components/aptEventHandler.js

01:10:33 12/24/2025 [ 15324] [TRACE] [JS Framework] [CoreEvents.fireEvent] Calling event handler: function onNewElement(evt, doc, elt) {
    switch (elt.tagNa...
stack:
  ->  [ModuleLogger.js:98] trace("Calling event handler: function onNewElement(evt, doc, elt) {\n    switch (elt.tagNa...")
  ->  [CoreEvents.js:292] fireEvent("NEW_ELEMENT",[object Array])
  ->  [CoreEvents.js:238] fire("NEW_ELEMENT",[object XPCWrappedNative_NoHelper],[object HTMLDocument],[object HTMLHtmlElement])
  ->  [aptEventHandler.js:157] observe([object XPCWrappedNative_NoHelper],"jaxerEvent.NewHTMLElement",null)
paths:
  -> file:///E:/Aptana%20Jaxer%20Apache/Jaxer/Apache2-4Build/jaxer/framework/src/ModuleLogger.js
  -> file:///E:/Aptana%20Jaxer%20Apache/Jaxer/Apache2-4Build/jaxer/framework/src/CoreEvents.js
  -> file:///E:/Aptana%20Jaxer%20Apache/Jaxer/Apache2-4Build/jaxer/components/aptEventHandler.js

01:10:33 12/24/2025 [ 15324] [TRACE] [JS Framework] [CoreEvents.fire] At this time, evt.Request.isHandler=false and eventType: NEW_ELEMENT - HEAD
stack:
  ->  [ModuleLogger.js:98] trace("At this time, evt.Request.isHandler=false and eventType: NEW_ELEMENT - HEAD")
  ->  [CoreEvents.js:205] fire("NEW_ELEMENT",[object XPCWrappedNative_NoHelper],[object HTMLDocument],[object HTMLHeadElement])
  ->  [aptEventHandler.js:157] observe([object XPCWrappedNative_NoHelper],"jaxerEvent.NewHTMLElement",null)
paths:
  -> file:///E:/Aptana%20Jaxer%20Apache/Jaxer/Apache2-4Build/jaxer/framework/src/ModuleLogger.js
  -> file:///E:/Aptana%20Jaxer%20Apache/Jaxer/Apache2-4Build/jaxer/framework/src/CoreEvents.js
  -> file:///E:/Aptana%20Jaxer%20Apache/Jaxer/Apache2-4Build/jaxer/components/aptEventHandler.js

01:10:33 12/24/2025 [ 15324] [TRACE] [JS Framework] [CoreEvents.fireEvent] Firing an event for NEW_ELEMENT
stack:
  ->  [ModuleLogger.js:98] trace("Firing an event for NEW_ELEMENT")
  ->  [CoreEvents.js:282] fireEvent("NEW_ELEMENT",[object Array])
  ->  [CoreEvents.js:238] fire("NEW_ELEMENT",[object XPCWrappedNative_NoHelper],[object HTMLDocument],[object HTMLHeadElement])
  ->  [aptEventHandler.js:157] observe([object XPCWrappedNative_NoHelper],"jaxerEvent.NewHTMLElement",null)
paths:
  -> file:///E:/Aptana%20Jaxer%20Apache/Jaxer/Apache2-4Build/jaxer/framework/src/ModuleLogger.js
  -> file:///E:/Aptana%20Jaxer%20Apache/Jaxer/Apache2-4Build/jaxer/framework/src/CoreEvents.js
  -> file:///E:/Aptana%20Jaxer%20Apache/Jaxer/Apache2-4Build/jaxer/components/aptEventHandler.js

01:10:33 12/24/2025 [ 15324] [TRACE] [JS Framework] [CoreEvents.fireEvent] Calling event handler: function onNewElement(evt, doc, elt) {
    switch (elt.tagNa...
stack:
  ->  [ModuleLogger.js:98] trace("Calling event handler: function onNewElement(evt, doc, elt) {\n    switch (elt.tagNa...")
  ->  [CoreEvents.js:292] fireEvent("NEW_ELEMENT",[object Array])
  ->  [CoreEvents.js:238] fire("NEW_ELEMENT",[object XPCWrappedNative_NoHelper],[object HTMLDocument],[object HTMLHeadElement])
  ->  [aptEventHandler.js:157] observe([object XPCWrappedNative_NoHelper],"jaxerEvent.NewHTMLElement",null)
paths:
  -> file:///E:/Aptana%20Jaxer%20Apache/Jaxer/Apache2-4Build/jaxer/framework/src/ModuleLogger.js
  -> file:///E:/Aptana%20Jaxer%20Apache/Jaxer/Apache2-4Build/jaxer/framework/src/CoreEvents.js
  -> file:///E:/Aptana%20Jaxer%20Apache/Jaxer/Apache2-4Build/jaxer/components/aptEventHandler.js

01:10:33 12/24/2025 [ 15324] [TRACE] [JS Framework] [CoreEvents.fire] At this time, evt.Request.isHandler=false and eventType: INIT_HEAD
stack:
  ->  [ModuleLogger.js:98] trace("At this time, evt.Request.isHandler=false and eventType: INIT_HEAD")
  ->  [CoreEvents.js:205] fire("INIT_HEAD",[object XPCWrappedNative_NoHelper],[object HTMLDocument])
  ->  [aptEventHandler.js:139] observe([object XPCWrappedNative_NoHelper],"jaxerEvent.NewHTMLElement",null)
paths:
  -> file:///E:/Aptana%20Jaxer%20Apache/Jaxer/Apache2-4Build/jaxer/framework/src/ModuleLogger.js
  -> file:///E:/Aptana%20Jaxer%20Apache/Jaxer/Apache2-4Build/jaxer/framework/src/CoreEvents.js
  -> file:///E:/Aptana%20Jaxer%20Apache/Jaxer/Apache2-4Build/jaxer/components/aptEventHandler.js

01:10:33 12/24/2025 [ 15324] [TRACE] [JS Framework] [CoreEvents.fireEvent] Firing an event for INIT_HEAD
stack:
  ->  [ModuleLogger.js:98] trace("Firing an event for INIT_HEAD")
  ->  [CoreEvents.js:282] fireEvent("INIT_HEAD",[object Array])
  ->  [CoreEvents.js:238] fire("INIT_HEAD",[object XPCWrappedNative_NoHelper],[object HTMLDocument])
  ->  [aptEventHandler.js:139] observe([object XPCWrappedNative_NoHelper],"jaxerEvent.NewHTMLElement",null)
paths:
  -> file:///E:/Aptana%20Jaxer%20Apache/Jaxer/Apache2-4Build/jaxer/framework/src/ModuleLogger.js
  -> file:///E:/Aptana%20Jaxer%20Apache/Jaxer/Apache2-4Build/jaxer/framework/src/CoreEvents.js
  -> file:///E:/Aptana%20Jaxer%20Apache/Jaxer/Apache2-4Build/jaxer/components/aptEventHandler.js

01:10:33 12/24/2025 [ 15324] [TRACE] [JS Framework] [CoreEvents.fireEvent] Calling event handler: function onInitHead(evt, doc) {
    Jaxer.load = function lo...
stack:
  ->  [ModuleLogger.js:98] trace("Calling event handler: function onInitHead(evt, doc) {\n    Jaxer.load = function lo...")
  ->  [CoreEvents.js:292] fireEvent("INIT_HEAD",[object Array])
  ->  [CoreEvents.js:238] fire("INIT_HEAD",[object XPCWrappedNative_NoHelper],[object HTMLDocument])
  ->  [aptEventHandler.js:139] observe([object XPCWrappedNative_NoHelper],"jaxerEvent.NewHTMLElement",null)
paths:
  -> file:///E:/Aptana%20Jaxer%20Apache/Jaxer/Apache2-4Build/jaxer/framework/src/ModuleLogger.js
  -> file:///E:/Aptana%20Jaxer%20Apache/Jaxer/Apache2-4Build/jaxer/framework/src/CoreEvents.js
  -> file:///E:/Aptana%20Jaxer%20Apache/Jaxer/Apache2-4Build/jaxer/components/aptEventHandler.js

01:10:33 12/24/2025 [ 15324] [TRACE] [JS Framework] [Includer.evalOn] Evaluating using Jaxer.request.evaluateScript: contents = (function ... with global = [object ChromeWindow] and effectiveUrl = undefined
stack:
  ->  [ModuleLogger.js:98] trace("Evaluating using Jaxer.request.evaluateScript: contents = (function ... with global = [object ChromeWindow] and effectiveUrl = undefined")
  ->  [Includer.js:131] evalOn("(function extendDomSetters(global) {if (global.HTMLInputElement) {var inputValueSetter = global.HTMLInputElement.prototype.__lookupSetter__(\"value\");global.HTMLInputElement.prototype.__defineSetter__(\"value\", function (val) {inputValueSetter.call(this, val);this.setAttribute(\"value\", val);});var inputCheckedSetter = global.HTMLInputElement.prototype.__lookupSetter__(\"checked\");global.HTMLInputElement.prototype.__defineSetter__(\"checked\", function (val) {inputCheckedSetter.call(this, val);if (val) {this.setAttribute(\"checked\", null);} else {this.removeAttribute(\"checked\");}});}if (global.HTMLTextAreaElement) {var textAreaValueSetter = global.HTMLTextAreaElement.prototype.__lookupSetter__(\"value\");global.HTMLTextAreaElement.prototype.__defineSetter__(\"value\", function (val) {textAreaValueSetter.call(this, val);this.textContent = val;});}if (global.HTMLSelectElement) {var selectSelectedIndexSetter = global.HTMLSelectElement.prototype.__lookupSetter__(\"selectedIndex\");global.HTMLSelectElement.prototype.__defineSetter__(\"selectedIndex\", function (index) {selectSelectedIndexSetter.call(this, index);var option = this.options[index];if (option) {for (var i = 0, len = this.options.length; i < len; i++) {if (i == index) {this.options[i].setAttribute(\"selected\", null);} else {this.options[i].removeAttribute(\"selected\");}}}});}if (global.HTMLOptionElement) {var optionSelectedSetter = global.HTMLOptionElement.prototype.__lookupSetter__(\"selected\");global.HTMLOptionElement.prototype.__defineSetter__(\"selected\", function (val) {optionSelectedSetter.call(this, val);if (val) {this.setAttribute(\"selected\", null);} else {this.removeAttribute(\"selected\");}});}})(document.defaultView)",[object ChromeWindow])
  ->  [Overrides.js:370] applyAll([object ChromeWindow])
  ->  [InitHead.js:78] onInitHead([object XPCWrappedNative_NoHelper],[object HTMLDocument])
  ->  [CoreEvents.js:293] fireEvent("INIT_HEAD",[object Array])
  ->  [CoreEvents.js:238] fire("INIT_HEAD",[object XPCWrappedNative_NoHelper],[object HTMLDocument])
  ->  [aptEventHandler.js:139] observe([object XPCWrappedNative_NoHelper],"jaxerEvent.NewHTMLElement",null)
paths:
  -> file:///E:/Aptana%20Jaxer%20Apache/Jaxer/Apache2-4Build/jaxer/framework/src/ModuleLogger.js
  -> file:///E:/Aptana%20Jaxer%20Apache/Jaxer/Apache2-4Build/jaxer/framework/src/Includer.js
  -> file:///E:/Aptana%20Jaxer%20Apache/Jaxer/Apache2-4Build/jaxer/framework/src/Overrides.js
  -> file:///E:/Aptana%20Jaxer%20Apache/Jaxer/Apache2-4Build/jaxer/framework/src/InitHead.js
  -> file:///E:/Aptana%20Jaxer%20Apache/Jaxer/Apache2-4Build/jaxer/framework/src/CoreEvents.js
  -> file:///E:/Aptana%20Jaxer%20Apache/Jaxer/Apache2-4Build/jaxer/components/aptEventHandler.js

01:10:33 12/24/2025 [ 15324] [TRACE] [JS Framework] [CoreEvents.fire] At this time, evt.Request.isHandler=false and eventType: NEW_ELEMENT - TITLE
stack:
  ->  [ModuleLogger.js:98] trace("At this time, evt.Request.isHandler=false and eventType: NEW_ELEMENT - TITLE")
  ->  [CoreEvents.js:205] fire("NEW_ELEMENT",[object XPCWrappedNative_NoHelper],[object HTMLDocument],[object HTMLTitleElement])
  ->  [aptEventHandler.js:157] observe([object XPCWrappedNative_NoHelper],"jaxerEvent.NewHTMLElement",null)
paths:
  -> file:///E:/Aptana%20Jaxer%20Apache/Jaxer/Apache2-4Build/jaxer/framework/src/ModuleLogger.js
  -> file:///E:/Aptana%20Jaxer%20Apache/Jaxer/Apache2-4Build/jaxer/framework/src/CoreEvents.js
  -> file:///E:/Aptana%20Jaxer%20Apache/Jaxer/Apache2-4Build/jaxer/components/aptEventHandler.js

01:10:33 12/24/2025 [ 15324] [TRACE] [JS Framework] [CoreEvents.fireEvent] Firing an event for NEW_ELEMENT
stack:
  ->  [ModuleLogger.js:98] trace("Firing an event for NEW_ELEMENT")
  ->  [CoreEvents.js:282] fireEvent("NEW_ELEMENT",[object Array])
  ->  [CoreEvents.js:238] fire("NEW_ELEMENT",[object XPCWrappedNative_NoHelper],[object HTMLDocument],[object HTMLTitleElement])
  ->  [aptEventHandler.js:157] observe([object XPCWrappedNative_NoHelper],"jaxerEvent.NewHTMLElement",null)
paths:
  -> file:///E:/Aptana%20Jaxer%20Apache/Jaxer/Apache2-4Build/jaxer/framework/src/ModuleLogger.js
  -> file:///E:/Aptana%20Jaxer%20Apache/Jaxer/Apache2-4Build/jaxer/framework/src/CoreEvents.js
  -> file:///E:/Aptana%20Jaxer%20Apache/Jaxer/Apache2-4Build/jaxer/components/aptEventHandler.js

01:10:33 12/24/2025 [ 15324] [TRACE] [JS Framework] [CoreEvents.fireEvent] Calling event handler: function onNewElement(evt, doc, elt) {
    switch (elt.tagNa...
stack:
  ->  [ModuleLogger.js:98] trace("Calling event handler: function onNewElement(evt, doc, elt) {\n    switch (elt.tagNa...")
  ->  [CoreEvents.js:292] fireEvent("NEW_ELEMENT",[object Array])
  ->  [CoreEvents.js:238] fire("NEW_ELEMENT",[object XPCWrappedNative_NoHelper],[object HTMLDocument],[object HTMLTitleElement])
  ->  [aptEventHandler.js:157] observe([object XPCWrappedNative_NoHelper],"jaxerEvent.NewHTMLElement",null)
paths:
  -> file:///E:/Aptana%20Jaxer%20Apache/Jaxer/Apache2-4Build/jaxer/framework/src/ModuleLogger.js
  -> file:///E:/Aptana%20Jaxer%20Apache/Jaxer/Apache2-4Build/jaxer/framework/src/CoreEvents.js
  -> file:///E:/Aptana%20Jaxer%20Apache/Jaxer/Apache2-4Build/jaxer/components/aptEventHandler.js

01:10:33 12/24/2025 [ 15324] [TRACE] [JS Framework] [CoreEvents.fire] At this time, evt.Request.isHandler=false and eventType: NEW_ELEMENT - SCRIPT
stack:
  ->  [ModuleLogger.js:98] trace("At this time, evt.Request.isHandler=false and eventType: NEW_ELEMENT - SCRIPT")
  ->  [CoreEvents.js:205] fire("NEW_ELEMENT",[object XPCWrappedNative_NoHelper],[object HTMLDocument],[object HTMLScriptElement])
  ->  [aptEventHandler.js:157] observe([object XPCWrappedNative_NoHelper],"jaxerEvent.NewHTMLElement",null)
paths:
  -> file:///E:/Aptana%20Jaxer%20Apache/Jaxer/Apache2-4Build/jaxer/framework/src/ModuleLogger.js
  -> file:///E:/Aptana%20Jaxer%20Apache/Jaxer/Apache2-4Build/jaxer/framework/src/CoreEvents.js
  -> file:///E:/Aptana%20Jaxer%20Apache/Jaxer/Apache2-4Build/jaxer/components/aptEventHandler.js

01:10:33 12/24/2025 [ 15324] [TRACE] [JS Framework] [CoreEvents.fireEvent] Firing an event for NEW_ELEMENT
stack:
  ->  [ModuleLogger.js:98] trace("Firing an event for NEW_ELEMENT")
  ->  [CoreEvents.js:282] fireEvent("NEW_ELEMENT",[object Array])
  ->  [CoreEvents.js:238] fire("NEW_ELEMENT",[object XPCWrappedNative_NoHelper],[object HTMLDocument],[object HTMLScriptElement])
  ->  [aptEventHandler.js:157] observe([object XPCWrappedNative_NoHelper],"jaxerEvent.NewHTMLElement",null)
paths:
  -> file:///E:/Aptana%20Jaxer%20Apache/Jaxer/Apache2-4Build/jaxer/framework/src/ModuleLogger.js
  -> file:///E:/Aptana%20Jaxer%20Apache/Jaxer/Apache2-4Build/jaxer/framework/src/CoreEvents.js
  -> file:///E:/Aptana%20Jaxer%20Apache/Jaxer/Apache2-4Build/jaxer/components/aptEventHandler.js

01:10:33 12/24/2025 [ 15324] [TRACE] [JS Framework] [CoreEvents.fireEvent] Calling event handler: function onNewElement(evt, doc, elt) {
    switch (elt.tagNa...
stack:
  ->  [ModuleLogger.js:98] trace("Calling event handler: function onNewElement(evt, doc, elt) {\n    switch (elt.tagNa...")
  ->  [CoreEvents.js:292] fireEvent("NEW_ELEMENT",[object Array])
  ->  [CoreEvents.js:238] fire("NEW_ELEMENT",[object XPCWrappedNative_NoHelper],[object HTMLDocument],[object HTMLScriptElement])
  ->  [aptEventHandler.js:157] observe([object XPCWrappedNative_NoHelper],"jaxerEvent.NewHTMLElement",null)
paths:
  -> file:///E:/Aptana%20Jaxer%20Apache/Jaxer/Apache2-4Build/jaxer/framework/src/ModuleLogger.js
  -> file:///E:/Aptana%20Jaxer%20Apache/Jaxer/Apache2-4Build/jaxer/framework/src/CoreEvents.js
  -> file:///E:/Aptana%20Jaxer%20Apache/Jaxer/Apache2-4Build/jaxer/components/aptEventHandler.js

01:10:33 12/24/2025 [ 15324] [TRACE] [JS Framework] [NewElement.onNewElement] Received element: SCRIPT with no src and runat='server'
stack:
  ->  [ModuleLogger.js:98] trace("Received element: SCRIPT with no src and runat='server'")
  ->  [NewElement.js:88] onNewElement([object XPCWrappedNative_NoHelper],[object HTMLDocument],[object HTMLScriptElement])
  ->  [CoreEvents.js:293] fireEvent("NEW_ELEMENT",[object Array])
  ->  [CoreEvents.js:238] fire("NEW_ELEMENT",[object XPCWrappedNative_NoHelper],[object HTMLDocument],[object HTMLScriptElement])
  ->  [aptEventHandler.js:157] observe([object XPCWrappedNative_NoHelper],"jaxerEvent.NewHTMLElement",null)
paths:
  -> file:///E:/Aptana%20Jaxer%20Apache/Jaxer/Apache2-4Build/jaxer/framework/src/ModuleLogger.js
  -> file:///E:/Aptana%20Jaxer%20Apache/Jaxer/Apache2-4Build/jaxer/framework/src/NewElement.js
  -> file:///E:/Aptana%20Jaxer%20Apache/Jaxer/Apache2-4Build/jaxer/framework/src/CoreEvents.js
  -> file:///E:/Aptana%20Jaxer%20Apache/Jaxer/Apache2-4Build/jaxer/components/aptEventHandler.js

01:10:33 12/24/2025 [ 15324] [TRACE] [JS Framework] [CoreEvents.fire] At this time, evt.Request.isHandler=false and eventType: NEW_ELEMENT - SCRIPT
stack:
  ->  [ModuleLogger.js:98] trace("At this time, evt.Request.isHandler=false and eventType: NEW_ELEMENT - SCRIPT")
  ->  [CoreEvents.js:205] fire("NEW_ELEMENT",[object XPCWrappedNative_NoHelper],[object HTMLDocument],[object HTMLScriptElement])
  ->  [aptEventHandler.js:157] observe([object XPCWrappedNative_NoHelper],"jaxerEvent.NewHTMLElement",null)
paths:
  -> file:///E:/Aptana%20Jaxer%20Apache/Jaxer/Apache2-4Build/jaxer/framework/src/ModuleLogger.js
  -> file:///E:/Aptana%20Jaxer%20Apache/Jaxer/Apache2-4Build/jaxer/framework/src/CoreEvents.js
  -> file:///E:/Aptana%20Jaxer%20Apache/Jaxer/Apache2-4Build/jaxer/components/aptEventHandler.js

01:10:33 12/24/2025 [ 15324] [TRACE] [JS Framework] [CoreEvents.fireEvent] Firing an event for NEW_ELEMENT
stack:
  ->  [ModuleLogger.js:98] trace("Firing an event for NEW_ELEMENT")
  ->  [CoreEvents.js:282] fireEvent("NEW_ELEMENT",[object Array])
  ->  [CoreEvents.js:238] fire("NEW_ELEMENT",[object XPCWrappedNative_NoHelper],[object HTMLDocument],[object HTMLScriptElement])
  ->  [aptEventHandler.js:157] observe([object XPCWrappedNative_NoHelper],"jaxerEvent.NewHTMLElement",null)
paths:
  -> file:///E:/Aptana%20Jaxer%20Apache/Jaxer/Apache2-4Build/jaxer/framework/src/ModuleLogger.js
  -> file:///E:/Aptana%20Jaxer%20Apache/Jaxer/Apache2-4Build/jaxer/framework/src/CoreEvents.js
  -> file:///E:/Aptana%20Jaxer%20Apache/Jaxer/Apache2-4Build/jaxer/components/aptEventHandler.js

01:10:33 12/24/2025 [ 15324] [TRACE] [JS Framework] [CoreEvents.fireEvent] Calling event handler: function onNewElement(evt, doc, elt) {
    switch (elt.tagNa...
stack:
  ->  [ModuleLogger.js:98] trace("Calling event handler: function onNewElement(evt, doc, elt) {\n    switch (elt.tagNa...")
  ->  [CoreEvents.js:292] fireEvent("NEW_ELEMENT",[object Array])
  ->  [CoreEvents.js:238] fire("NEW_ELEMENT",[object XPCWrappedNative_NoHelper],[object HTMLDocument],[object HTMLScriptElement])
  ->  [aptEventHandler.js:157] observe([object XPCWrappedNative_NoHelper],"jaxerEvent.NewHTMLElement",null)
paths:
  -> file:///E:/Aptana%20Jaxer%20Apache/Jaxer/Apache2-4Build/jaxer/framework/src/ModuleLogger.js
  -> file:///E:/Aptana%20Jaxer%20Apache/Jaxer/Apache2-4Build/jaxer/framework/src/CoreEvents.js
  -> file:///E:/Aptana%20Jaxer%20Apache/Jaxer/Apache2-4Build/jaxer/components/aptEventHandler.js

01:10:33 12/24/2025 [ 15324] [TRACE] [JS Framework] [NewElement.onNewElement] Received element: SCRIPT with no src and runat='both'
stack:
  ->  [ModuleLogger.js:98] trace("Received element: SCRIPT with no src and runat='both'")
  ->  [NewElement.js:88] onNewElement([object XPCWrappedNative_NoHelper],[object HTMLDocument],[object HTMLScriptElement])
  ->  [CoreEvents.js:293] fireEvent("NEW_ELEMENT",[object Array])
  ->  [CoreEvents.js:238] fire("NEW_ELEMENT",[object XPCWrappedNative_NoHelper],[object HTMLDocument],[object HTMLScriptElement])
  ->  [aptEventHandler.js:157] observe([object XPCWrappedNative_NoHelper],"jaxerEvent.NewHTMLElement",null)
paths:
  -> file:///E:/Aptana%20Jaxer%20Apache/Jaxer/Apache2-4Build/jaxer/framework/src/ModuleLogger.js
  -> file:///E:/Aptana%20Jaxer%20Apache/Jaxer/Apache2-4Build/jaxer/framework/src/NewElement.js
  -> file:///E:/Aptana%20Jaxer%20Apache/Jaxer/Apache2-4Build/jaxer/framework/src/CoreEvents.js
  -> file:///E:/Aptana%20Jaxer%20Apache/Jaxer/Apache2-4Build/jaxer/components/aptEventHandler.js

01:10:33 12/24/2025 [ 15324] [TRACE] [JS Framework] [CoreEvents.fire] At this time, evt.Request.isHandler=false and eventType: NEW_ELEMENT - SCRIPT
stack:
  ->  [ModuleLogger.js:98] trace("At this time, evt.Request.isHandler=false and eventType: NEW_ELEMENT - SCRIPT")
  ->  [CoreEvents.js:205] fire("NEW_ELEMENT",[object XPCWrappedNative_NoHelper],[object HTMLDocument],[object HTMLScriptElement])
  ->  [aptEventHandler.js:157] observe([object XPCWrappedNative_NoHelper],"jaxerEvent.NewHTMLElement",null)
paths:
  -> file:///E:/Aptana%20Jaxer%20Apache/Jaxer/Apache2-4Build/jaxer/framework/src/ModuleLogger.js
  -> file:///E:/Aptana%20Jaxer%20Apache/Jaxer/Apache2-4Build/jaxer/framework/src/CoreEvents.js
  -> file:///E:/Aptana%20Jaxer%20Apache/Jaxer/Apache2-4Build/jaxer/components/aptEventHandler.js

01:10:33 12/24/2025 [ 15324] [TRACE] [JS Framework] [CoreEvents.fireEvent] Firing an event for NEW_ELEMENT
stack:
  ->  [ModuleLogger.js:98] trace("Firing an event for NEW_ELEMENT")
  ->  [CoreEvents.js:282] fireEvent("NEW_ELEMENT",[object Array])
  ->  [CoreEvents.js:238] fire("NEW_ELEMENT",[object XPCWrappedNative_NoHelper],[object HTMLDocument],[object HTMLScriptElement])
  ->  [aptEventHandler.js:157] observe([object XPCWrappedNative_NoHelper],"jaxerEvent.NewHTMLElement",null)
paths:
  -> file:///E:/Aptana%20Jaxer%20Apache/Jaxer/Apache2-4Build/jaxer/framework/src/ModuleLogger.js
  -> file:///E:/Aptana%20Jaxer%20Apache/Jaxer/Apache2-4Build/jaxer/framework/src/CoreEvents.js
  -> file:///E:/Aptana%20Jaxer%20Apache/Jaxer/Apache2-4Build/jaxer/components/aptEventHandler.js

01:10:33 12/24/2025 [ 15324] [TRACE] [JS Framework] [CoreEvents.fireEvent] Calling event handler: function onNewElement(evt, doc, elt) {
    switch (elt.tagNa...
stack:
  ->  [ModuleLogger.js:98] trace("Calling event handler: function onNewElement(evt, doc, elt) {\n    switch (elt.tagNa...")
  ->  [CoreEvents.js:292] fireEvent("NEW_ELEMENT",[object Array])
  ->  [CoreEvents.js:238] fire("NEW_ELEMENT",[object XPCWrappedNative_NoHelper],[object HTMLDocument],[object HTMLScriptElement])
  ->  [aptEventHandler.js:157] observe([object XPCWrappedNative_NoHelper],"jaxerEvent.NewHTMLElement",null)
paths:
  -> file:///E:/Aptana%20Jaxer%20Apache/Jaxer/Apache2-4Build/jaxer/framework/src/ModuleLogger.js
  -> file:///E:/Aptana%20Jaxer%20Apache/Jaxer/Apache2-4Build/jaxer/framework/src/CoreEvents.js
  -> file:///E:/Aptana%20Jaxer%20Apache/Jaxer/Apache2-4Build/jaxer/components/aptEventHandler.js

01:10:33 12/24/2025 [ 15324] [TRACE] [JS Framework] [NewElement.onNewElement] Received element: SCRIPT with no src and runat='server'
stack:
  ->  [ModuleLogger.js:98] trace("Received element: SCRIPT with no src and runat='server'")
  ->  [NewElement.js:88] onNewElement([object XPCWrappedNative_NoHelper],[object HTMLDocument],[object HTMLScriptElement])
  ->  [CoreEvents.js:293] fireEvent("NEW_ELEMENT",[object Array])
  ->  [CoreEvents.js:238] fire("NEW_ELEMENT",[object XPCWrappedNative_NoHelper],[object HTMLDocument],[object HTMLScriptElement])
  ->  [aptEventHandler.js:157] observe([object XPCWrappedNative_NoHelper],"jaxerEvent.NewHTMLElement",null)
paths:
  -> file:///E:/Aptana%20Jaxer%20Apache/Jaxer/Apache2-4Build/jaxer/framework/src/ModuleLogger.js
  -> file:///E:/Aptana%20Jaxer%20Apache/Jaxer/Apache2-4Build/jaxer/framework/src/NewElement.js
  -> file:///E:/Aptana%20Jaxer%20Apache/Jaxer/Apache2-4Build/jaxer/framework/src/CoreEvents.js
  -> file:///E:/Aptana%20Jaxer%20Apache/Jaxer/Apache2-4Build/jaxer/components/aptEventHandler.js

01:10:33 12/24/2025 [ 15324] [TRACE] [JS Framework] [CoreEvents.fire] At this time, evt.Request.isHandler=false and eventType: PARSE_COMPLETE
stack:
  ->  [ModuleLogger.js:98] trace("At this time, evt.Request.isHandler=false and eventType: PARSE_COMPLETE")
  ->  [CoreEvents.js:205] fire("PARSE_COMPLETE",[object XPCWrappedNative_NoHelper],[object HTMLDocument])
  ->  [aptEventHandler.js:337] observe([object XPCWrappedNative_NoHelper],"jaxerEvent.HTMLParseComplete",null)
paths:
  -> file:///E:/Aptana%20Jaxer%20Apache/Jaxer/Apache2-4Build/jaxer/framework/src/ModuleLogger.js
  -> file:///E:/Aptana%20Jaxer%20Apache/Jaxer/Apache2-4Build/jaxer/framework/src/CoreEvents.js
  -> file:///E:/Aptana%20Jaxer%20Apache/Jaxer/Apache2-4Build/jaxer/components/aptEventHandler.js

01:10:33 12/24/2025 [ 15324] [TRACE] [JS Framework] [CoreEvents.fireEvent] Firing an event for HANDLE_PAGE
stack:
  ->  [ModuleLogger.js:98] trace("Firing an event for HANDLE_PAGE")
  ->  [CoreEvents.js:282] fireEvent("HANDLE_PAGE",[object Array])
  ->  [CoreEvents.js:234] fire("PARSE_COMPLETE",[object XPCWrappedNative_NoHelper],[object HTMLDocument])
  ->  [aptEventHandler.js:337] observe([object XPCWrappedNative_NoHelper],"jaxerEvent.HTMLParseComplete",null)
paths:
  -> file:///E:/Aptana%20Jaxer%20Apache/Jaxer/Apache2-4Build/jaxer/framework/src/ModuleLogger.js
  -> file:///E:/Aptana%20Jaxer%20Apache/Jaxer/Apache2-4Build/jaxer/framework/src/CoreEvents.js
  -> file:///E:/Aptana%20Jaxer%20Apache/Jaxer/Apache2-4Build/jaxer/components/aptEventHandler.js

01:10:33 12/24/2025 [ 15324] [TRACE] [JS Framework] [CoreEvents.fireEvent] Calling event handler: function onHandlePage(evt, doc) {
    if (checkErrors(doc)) ...
stack:
  ->  [ModuleLogger.js:98] trace("Calling event handler: function onHandlePage(evt, doc) {\n    if (checkErrors(doc)) ...")
  ->  [CoreEvents.js:292] fireEvent("HANDLE_PAGE",[object Array])
  ->  [CoreEvents.js:234] fire("PARSE_COMPLETE",[object XPCWrappedNative_NoHelper],[object HTMLDocument])
  ->  [aptEventHandler.js:337] observe([object XPCWrappedNative_NoHelper],"jaxerEvent.HTMLParseComplete",null)
paths:
  -> file:///E:/Aptana%20Jaxer%20Apache/Jaxer/Apache2-4Build/jaxer/framework/src/ModuleLogger.js
  -> file:///E:/Aptana%20Jaxer%20Apache/Jaxer/Apache2-4Build/jaxer/framework/src/CoreEvents.js
  -> file:///E:/Aptana%20Jaxer%20Apache/Jaxer/Apache2-4Build/jaxer/components/aptEventHandler.js

01:10:33 12/24/2025 [ 15324] [TRACE] [JS Framework] [HandlePage.onHandlePage] Processing onserverload with doc = [object HTMLDocument]
stack:
  ->  [ModuleLogger.js:98] trace("Processing onserverload with doc = [object HTMLDocument]")
  ->  [HandlePage.js:58] onHandlePage([object XPCWrappedNative_NoHelper],[object HTMLDocument])
  ->  [CoreEvents.js:293] fireEvent("HANDLE_PAGE",[object Array])
  ->  [CoreEvents.js:234] fire("PARSE_COMPLETE",[object XPCWrappedNative_NoHelper],[object HTMLDocument])
  ->  [aptEventHandler.js:337] observe([object XPCWrappedNative_NoHelper],"jaxerEvent.HTMLParseComplete",null)
paths:
  -> file:///E:/Aptana%20Jaxer%20Apache/Jaxer/Apache2-4Build/jaxer/framework/src/ModuleLogger.js
  -> file:///E:/Aptana%20Jaxer%20Apache/Jaxer/Apache2-4Build/jaxer/framework/src/HandlePage.js
  -> file:///E:/Aptana%20Jaxer%20Apache/Jaxer/Apache2-4Build/jaxer/framework/src/CoreEvents.js
  -> file:///E:/Aptana%20Jaxer%20Apache/Jaxer/Apache2-4Build/jaxer/components/aptEventHandler.js

01:10:33 12/24/2025 [ 15324] [TRACE] [JS Framework] [HandlePage.processLoadEvent] Processing load event 'serverload' with doc = [object HTMLDocument]
stack:
  ->  [ModuleLogger.js:98] trace("Processing load event 'serverload' with doc = [object HTMLDocument]")
  ->  [HandlePage.js:258] processLoadEvent("serverload",[object HTMLDocument],true)
  ->  [HandlePage.js:222] processOnServerLoad([object HTMLDocument])
  ->  [HandlePage.js:59] onHandlePage([object XPCWrappedNative_NoHelper],[object HTMLDocument])
  ->  [CoreEvents.js:293] fireEvent("HANDLE_PAGE",[object Array])
  ->  [CoreEvents.js:234] fire("PARSE_COMPLETE",[object XPCWrappedNative_NoHelper],[object HTMLDocument])
  ->  [aptEventHandler.js:337] observe([object XPCWrappedNative_NoHelper],"jaxerEvent.HTMLParseComplete",null)
paths:
  -> file:///E:/Aptana%20Jaxer%20Apache/Jaxer/Apache2-4Build/jaxer/framework/src/ModuleLogger.js
  -> file:///E:/Aptana%20Jaxer%20Apache/Jaxer/Apache2-4Build/jaxer/framework/src/HandlePage.js
  -> file:///E:/Aptana%20Jaxer%20Apache/Jaxer/Apache2-4Build/jaxer/framework/src/CoreEvents.js
  -> file:///E:/Aptana%20Jaxer%20Apache/Jaxer/Apache2-4Build/jaxer/components/aptEventHandler.js

01:10:33 12/24/2025 [ 15324] [TRACE] [JS Framework] [HandlePage.processLoadEvent] Processing load event 'load' with doc = [object HTMLDocument]
stack:
  ->  [ModuleLogger.js:98] trace("Processing load event 'load' with doc = [object HTMLDocument]")
  ->  [HandlePage.js:258] processLoadEvent("load",[object HTMLDocument],false)
  ->  [HandlePage.js:227] processOnServerLoad([object HTMLDocument])
  ->  [HandlePage.js:59] onHandlePage([object XPCWrappedNative_NoHelper],[object HTMLDocument])
  ->  [CoreEvents.js:293] fireEvent("HANDLE_PAGE",[object Array])
  ->  [CoreEvents.js:234] fire("PARSE_COMPLETE",[object XPCWrappedNative_NoHelper],[object HTMLDocument])
  ->  [aptEventHandler.js:337] observe([object XPCWrappedNative_NoHelper],"jaxerEvent.HTMLParseComplete",null)
paths:
  -> file:///E:/Aptana%20Jaxer%20Apache/Jaxer/Apache2-4Build/jaxer/framework/src/ModuleLogger.js
  -> file:///E:/Aptana%20Jaxer%20Apache/Jaxer/Apache2-4Build/jaxer/framework/src/HandlePage.js
  -> file:///E:/Aptana%20Jaxer%20Apache/Jaxer/Apache2-4Build/jaxer/framework/src/CoreEvents.js
  -> file:///E:/Aptana%20Jaxer%20Apache/Jaxer/Apache2-4Build/jaxer/components/aptEventHandler.js

01:10:33 12/24/2025 [ 15324] [DEBUG] [JS Framework] [HandlePage.onHandlePage] Script processing starting
stack:
  ->  [ModuleLogger.js:98] debug("Script processing starting")
  ->  [HandlePage.js:62] onHandlePage([object XPCWrappedNative_NoHelper],[object HTMLDocument])
  ->  [CoreEvents.js:293] fireEvent("HANDLE_PAGE",[object Array])
  ->  [CoreEvents.js:234] fire("PARSE_COMPLETE",[object XPCWrappedNative_NoHelper],[object HTMLDocument])
  ->  [aptEventHandler.js:337] observe([object XPCWrappedNative_NoHelper],"jaxerEvent.HTMLParseComplete",null)
paths:
  -> file:///E:/Aptana%20Jaxer%20Apache/Jaxer/Apache2-4Build/jaxer/framework/src/ModuleLogger.js
  -> file:///E:/Aptana%20Jaxer%20Apache/Jaxer/Apache2-4Build/jaxer/framework/src/HandlePage.js
  -> file:///E:/Aptana%20Jaxer%20Apache/Jaxer/Apache2-4Build/jaxer/framework/src/CoreEvents.js
  -> file:///E:/Aptana%20Jaxer%20Apache/Jaxer/Apache2-4Build/jaxer/components/aptEventHandler.js

01:10:33 12/24/2025 [ 15324] [DEBUG] [JS Framework] [CallbackManager.processScriptElements] Found 5 script blocks to conditionally post-process
stack:
  ->  [ModuleLogger.js:98] debug("Found 5 script blocks to conditionally post-process")
  ->  [CallbackManager.js:505] processScriptElements([object Object])
  ->  [CallbackManager.js:67] processCallbacks([object HTMLDocument])
  ->  [HandlePage.js:63] onHandlePage([object XPCWrappedNative_NoHelper],[object HTMLDocument])
  ->  [CoreEvents.js:293] fireEvent("HANDLE_PAGE",[object Array])
  ->  [CoreEvents.js:234] fire("PARSE_COMPLETE",[object XPCWrappedNative_NoHelper],[object HTMLDocument])
  ->  [aptEventHandler.js:337] observe([object XPCWrappedNative_NoHelper],"jaxerEvent.HTMLParseComplete",null)
paths:
  -> file:///E:/Aptana%20Jaxer%20Apache/Jaxer/Apache2-4Build/jaxer/framework/src/ModuleLogger.js
  -> file:///E:/Aptana%20Jaxer%20Apache/Jaxer/Apache2-4Build/jaxer/framework/src/CallbackManager.js
  -> file:///E:/Aptana%20Jaxer%20Apache/Jaxer/Apache2-4Build/jaxer/framework/src/HandlePage.js
  -> file:///E:/Aptana%20Jaxer%20Apache/Jaxer/Apache2-4Build/jaxer/framework/src/CoreEvents.js
  -> file:///E:/Aptana%20Jaxer%20Apache/Jaxer/Apache2-4Build/jaxer/components/aptEventHandler.js

01:10:33 12/24/2025 [ 15324] [DEBUG] [JS Framework] [ScriptProcessor.process] Post-processing script block with no src and runat='server' and contents='

			/*
			 * Set the initial editing state to false and read in the last saved
			 * value of the '...'
stack:
  ->  [ModuleLogger.js:98] debug("Post-processing script block with no src and runat='server' and contents='\n\n\t\t\t/*\n\t\t\t * Set the initial editing state to false and read in the last saved\n\t\t\t * value of the '...'")
  ->  [ScriptProcessor.js:280] process()
  ->  [CallbackManager.js:511] processElement([object HTMLScriptElement],1,[object Array])
  ->  [CallbackManager.js:509] processScriptElements([object Object])
  ->  [CallbackManager.js:67] processCallbacks([object HTMLDocument])
  ->  [HandlePage.js:63] onHandlePage([object XPCWrappedNative_NoHelper],[object HTMLDocument])
  ->  [CoreEvents.js:293] fireEvent("HANDLE_PAGE",[object Array])
  ->  [CoreEvents.js:234] fire("PARSE_COMPLETE",[object XPCWrappedNative_NoHelper],[object HTMLDocument])
  ->  [aptEventHandler.js:337] observe([object XPCWrappedNative_NoHelper],"jaxerEvent.HTMLParseComplete",null)
paths:
  -> file:///E:/Aptana%20Jaxer%20Apache/Jaxer/Apache2-4Build/jaxer/framework/src/ModuleLogger.js
  -> file:///E:/Aptana%20Jaxer%20Apache/Jaxer/Apache2-4Build/jaxer/framework/src/ScriptProcessor.js
  -> file:///E:/Aptana%20Jaxer%20Apache/Jaxer/Apache2-4Build/jaxer/framework/src/CallbackManager.js
  -> file:///E:/Aptana%20Jaxer%20Apache/Jaxer/Apache2-4Build/jaxer/framework/src/HandlePage.js
  -> file:///E:/Aptana%20Jaxer%20Apache/Jaxer/Apache2-4Build/jaxer/framework/src/CoreEvents.js
  -> file:///E:/Aptana%20Jaxer%20Apache/Jaxer/Apache2-4Build/jaxer/components/aptEventHandler.js

01:10:33 12/24/2025 [ 15324] [DEBUG] [JS Framework] [ScriptProcessor.process] Found 4 functions to process
stack:
  ->  [ModuleLogger.js:98] debug("Found 4 functions to process")
  ->  [ScriptProcessor.js:284] process()
  ->  [CallbackManager.js:511] processElement([object HTMLScriptElement],1,[object Array])
  ->  [CallbackManager.js:509] processScriptElements([object Object])
  ->  [CallbackManager.js:67] processCallbacks([object HTMLDocument])
  ->  [HandlePage.js:63] onHandlePage([object XPCWrappedNative_NoHelper],[object HTMLDocument])
  ->  [CoreEvents.js:293] fireEvent("HANDLE_PAGE",[object Array])
  ->  [CoreEvents.js:234] fire("PARSE_COMPLETE",[object XPCWrappedNative_NoHelper],[object HTMLDocument])
  ->  [aptEventHandler.js:337] observe([object XPCWrappedNative_NoHelper],"jaxerEvent.HTMLParseComplete",null)
paths:
  -> file:///E:/Aptana%20Jaxer%20Apache/Jaxer/Apache2-4Build/jaxer/framework/src/ModuleLogger.js
  -> file:///E:/Aptana%20Jaxer%20Apache/Jaxer/Apache2-4Build/jaxer/framework/src/ScriptProcessor.js
  -> file:///E:/Aptana%20Jaxer%20Apache/Jaxer/Apache2-4Build/jaxer/framework/src/CallbackManager.js
  -> file:///E:/Aptana%20Jaxer%20Apache/Jaxer/Apache2-4Build/jaxer/framework/src/HandlePage.js
  -> file:///E:/Aptana%20Jaxer%20Apache/Jaxer/Apache2-4Build/jaxer/framework/src/CoreEvents.js
  -> file:///E:/Aptana%20Jaxer%20Apache/Jaxer/Apache2-4Build/jaxer/components/aptEventHandler.js

01:10:33 12/24/2025 [ 15324] [TRACE] [JS Framework] [ScriptProcessor.process] Processing function 'init' with runat=server, proxy=false, effectiveRunat=server
stack:
  ->  [ModuleLogger.js:98] trace("Processing function 'init' with runat=server, proxy=false, effectiveRunat=server")
  ->  [ScriptProcessor.js:307] process()
  ->  [CallbackManager.js:511] processElement([object HTMLScriptElement],1,[object Array])
  ->  [CallbackManager.js:509] processScriptElements([object Object])
  ->  [CallbackManager.js:67] processCallbacks([object HTMLDocument])
  ->  [HandlePage.js:63] onHandlePage([object XPCWrappedNative_NoHelper],[object HTMLDocument])
  ->  [CoreEvents.js:293] fireEvent("HANDLE_PAGE",[object Array])
  ->  [CoreEvents.js:234] fire("PARSE_COMPLETE",[object XPCWrappedNative_NoHelper],[object HTMLDocument])
  ->  [aptEventHandler.js:337] observe([object XPCWrappedNative_NoHelper],"jaxerEvent.HTMLParseComplete",null)
paths:
  -> file:///E:/Aptana%20Jaxer%20Apache/Jaxer/Apache2-4Build/jaxer/framework/src/ModuleLogger.js
  -> file:///E:/Aptana%20Jaxer%20Apache/Jaxer/Apache2-4Build/jaxer/framework/src/ScriptProcessor.js
  -> file:///E:/Aptana%20Jaxer%20Apache/Jaxer/Apache2-4Build/jaxer/framework/src/CallbackManager.js
  -> file:///E:/Aptana%20Jaxer%20Apache/Jaxer/Apache2-4Build/jaxer/framework/src/HandlePage.js
  -> file:///E:/Aptana%20Jaxer%20Apache/Jaxer/Apache2-4Build/jaxer/framework/src/CoreEvents.js
  -> file:///E:/Aptana%20Jaxer%20Apache/Jaxer/Apache2-4Build/jaxer/components/aptEventHandler.js

01:10:33 12/24/2025 [ 15324] [TRACE] [JS Framework] [ScriptProcessor.process] Processing function 'readAndFill' with runat=server, proxy=false, effectiveRunat=server
stack:
  ->  [ModuleLogger.js:98] trace("Processing function 'readAndFill' with runat=server, proxy=false, effectiveRunat=server")
  ->  [ScriptProcessor.js:307] process()
  ->  [CallbackManager.js:511] processElement([object HTMLScriptElement],1,[object Array])
  ->  [CallbackManager.js:509] processScriptElements([object Object])
  ->  [CallbackManager.js:67] processCallbacks([object HTMLDocument])
  ->  [HandlePage.js:63] onHandlePage([object XPCWrappedNative_NoHelper],[object HTMLDocument])
  ->  [CoreEvents.js:293] fireEvent("HANDLE_PAGE",[object Array])
  ->  [CoreEvents.js:234] fire("PARSE_COMPLETE",[object XPCWrappedNative_NoHelper],[object HTMLDocument])
  ->  [aptEventHandler.js:337] observe([object XPCWrappedNative_NoHelper],"jaxerEvent.HTMLParseComplete",null)
paths:
  -> file:///E:/Aptana%20Jaxer%20Apache/Jaxer/Apache2-4Build/jaxer/framework/src/ModuleLogger.js
  -> file:///E:/Aptana%20Jaxer%20Apache/Jaxer/Apache2-4Build/jaxer/framework/src/ScriptProcessor.js
  -> file:///E:/Aptana%20Jaxer%20Apache/Jaxer/Apache2-4Build/jaxer/framework/src/CallbackManager.js
  -> file:///E:/Aptana%20Jaxer%20Apache/Jaxer/Apache2-4Build/jaxer/framework/src/HandlePage.js
  -> file:///E:/Aptana%20Jaxer%20Apache/Jaxer/Apache2-4Build/jaxer/framework/src/CoreEvents.js
  -> file:///E:/Aptana%20Jaxer%20Apache/Jaxer/Apache2-4Build/jaxer/components/aptEventHandler.js

01:10:33 12/24/2025 [ 15324] [TRACE] [JS Framework] [ScriptProcessor.process] Processing function 'getFilePath' with runat=server, proxy=false, effectiveRunat=server
stack:
  ->  [ModuleLogger.js:98] trace("Processing function 'getFilePath' with runat=server, proxy=false, effectiveRunat=server")
  ->  [ScriptProcessor.js:307] process()
  ->  [CallbackManager.js:511] processElement([object HTMLScriptElement],1,[object Array])
  ->  [CallbackManager.js:509] processScriptElements([object Object])
  ->  [CallbackManager.js:67] processCallbacks([object HTMLDocument])
  ->  [HandlePage.js:63] onHandlePage([object XPCWrappedNative_NoHelper],[object HTMLDocument])
  ->  [CoreEvents.js:293] fireEvent("HANDLE_PAGE",[object Array])
  ->  [CoreEvents.js:234] fire("PARSE_COMPLETE",[object XPCWrappedNative_NoHelper],[object HTMLDocument])
  ->  [aptEventHandler.js:337] observe([object XPCWrappedNative_NoHelper],"jaxerEvent.HTMLParseComplete",null)
paths:
  -> file:///E:/Aptana%20Jaxer%20Apache/Jaxer/Apache2-4Build/jaxer/framework/src/ModuleLogger.js
  -> file:///E:/Aptana%20Jaxer%20Apache/Jaxer/Apache2-4Build/jaxer/framework/src/ScriptProcessor.js
  -> file:///E:/Aptana%20Jaxer%20Apache/Jaxer/Apache2-4Build/jaxer/framework/src/CallbackManager.js
  -> file:///E:/Aptana%20Jaxer%20Apache/Jaxer/Apache2-4Build/jaxer/framework/src/HandlePage.js
  -> file:///E:/Aptana%20Jaxer%20Apache/Jaxer/Apache2-4Build/jaxer/framework/src/CoreEvents.js
  -> file:///E:/Aptana%20Jaxer%20Apache/Jaxer/Apache2-4Build/jaxer/components/aptEventHandler.js

01:10:33 12/24/2025 [ 15324] [TRACE] [JS Framework] [ScriptProcessor.process] Processing function 'save' with runat=server, proxy=true, effectiveRunat=server-proxy
stack:
  ->  [ModuleLogger.js:98] trace("Processing function 'save' with runat=server, proxy=true, effectiveRunat=server-proxy")
  ->  [ScriptProcessor.js:307] process()
  ->  [CallbackManager.js:511] processElement([object HTMLScriptElement],1,[object Array])
  ->  [CallbackManager.js:509] processScriptElements([object Object])
  ->  [CallbackManager.js:67] processCallbacks([object HTMLDocument])
  ->  [HandlePage.js:63] onHandlePage([object XPCWrappedNative_NoHelper],[object HTMLDocument])
  ->  [CoreEvents.js:293] fireEvent("HANDLE_PAGE",[object Array])
  ->  [CoreEvents.js:234] fire("PARSE_COMPLETE",[object XPCWrappedNative_NoHelper],[object HTMLDocument])
  ->  [aptEventHandler.js:337] observe([object XPCWrappedNative_NoHelper],"jaxerEvent.HTMLParseComplete",null)
paths:
  -> file:///E:/Aptana%20Jaxer%20Apache/Jaxer/Apache2-4Build/jaxer/framework/src/ModuleLogger.js
  -> file:///E:/Aptana%20Jaxer%20Apache/Jaxer/Apache2-4Build/jaxer/framework/src/ScriptProcessor.js
  -> file:///E:/Aptana%20Jaxer%20Apache/Jaxer/Apache2-4Build/jaxer/framework/src/CallbackManager.js
  -> file:///E:/Aptana%20Jaxer%20Apache/Jaxer/Apache2-4Build/jaxer/framework/src/HandlePage.js
  -> file:///E:/Aptana%20Jaxer%20Apache/Jaxer/Apache2-4Build/jaxer/framework/src/CoreEvents.js
  -> file:///E:/Aptana%20Jaxer%20Apache/Jaxer/Apache2-4Build/jaxer/components/aptEventHandler.js

01:10:33 12/24/2025 [ 15324] [DEBUG] [JS Framework] [ScriptProcessor.process] Post-processing script block with no src and runat='both' and contents='
			/*
			 * Easy access to a named element in the DOM
			 */
			function $(id)
			{
				return docu...'
stack:
  ->  [ModuleLogger.js:98] debug("Post-processing script block with no src and runat='both' and contents='\n\t\t\t/*\n\t\t\t * Easy access to a named element in the DOM\n\t\t\t */\n\t\t\tfunction $(id)\n\t\t\t{\n\t\t\t\treturn docu...'")
  ->  [ScriptProcessor.js:280] process()
  ->  [CallbackManager.js:511] processElement([object HTMLScriptElement],2,[object Array])
  ->  [CallbackManager.js:509] processScriptElements([object Object])
  ->  [CallbackManager.js:67] processCallbacks([object HTMLDocument])
  ->  [HandlePage.js:63] onHandlePage([object XPCWrappedNative_NoHelper],[object HTMLDocument])
  ->  [CoreEvents.js:293] fireEvent("HANDLE_PAGE",[object Array])
  ->  [CoreEvents.js:234] fire("PARSE_COMPLETE",[object XPCWrappedNative_NoHelper],[object HTMLDocument])
  ->  [aptEventHandler.js:337] observe([object XPCWrappedNative_NoHelper],"jaxerEvent.HTMLParseComplete",null)
paths:
  -> file:///E:/Aptana%20Jaxer%20Apache/Jaxer/Apache2-4Build/jaxer/framework/src/ModuleLogger.js
  -> file:///E:/Aptana%20Jaxer%20Apache/Jaxer/Apache2-4Build/jaxer/framework/src/ScriptProcessor.js
  -> file:///E:/Aptana%20Jaxer%20Apache/Jaxer/Apache2-4Build/jaxer/framework/src/CallbackManager.js
  -> file:///E:/Aptana%20Jaxer%20Apache/Jaxer/Apache2-4Build/jaxer/framework/src/HandlePage.js
  -> file:///E:/Aptana%20Jaxer%20Apache/Jaxer/Apache2-4Build/jaxer/framework/src/CoreEvents.js
  -> file:///E:/Aptana%20Jaxer%20Apache/Jaxer/Apache2-4Build/jaxer/components/aptEventHandler.js

01:10:33 12/24/2025 [ 15324] [DEBUG] [JS Framework] [ScriptProcessor.process] Found 3 functions to process
stack:
  ->  [ModuleLogger.js:98] debug("Found 3 functions to process")
  ->  [ScriptProcessor.js:284] process()
  ->  [CallbackManager.js:511] processElement([object HTMLScriptElement],2,[object Array])
  ->  [CallbackManager.js:509] processScriptElements([object Object])
  ->  [CallbackManager.js:67] processCallbacks([object HTMLDocument])
  ->  [HandlePage.js:63] onHandlePage([object XPCWrappedNative_NoHelper],[object HTMLDocument])
  ->  [CoreEvents.js:293] fireEvent("HANDLE_PAGE",[object Array])
  ->  [CoreEvents.js:234] fire("PARSE_COMPLETE",[object XPCWrappedNative_NoHelper],[object HTMLDocument])
  ->  [aptEventHandler.js:337] observe([object XPCWrappedNative_NoHelper],"jaxerEvent.HTMLParseComplete",null)
paths:
  -> file:///E:/Aptana%20Jaxer%20Apache/Jaxer/Apache2-4Build/jaxer/framework/src/ModuleLogger.js
  -> file:///E:/Aptana%20Jaxer%20Apache/Jaxer/Apache2-4Build/jaxer/framework/src/ScriptProcessor.js
  -> file:///E:/Aptana%20Jaxer%20Apache/Jaxer/Apache2-4Build/jaxer/framework/src/CallbackManager.js
  -> file:///E:/Aptana%20Jaxer%20Apache/Jaxer/Apache2-4Build/jaxer/framework/src/HandlePage.js
  -> file:///E:/Aptana%20Jaxer%20Apache/Jaxer/Apache2-4Build/jaxer/framework/src/CoreEvents.js
  -> file:///E:/Aptana%20Jaxer%20Apache/Jaxer/Apache2-4Build/jaxer/components/aptEventHandler.js

01:10:33 12/24/2025 [ 15324] [TRACE] [JS Framework] [ScriptProcessor.process] Processing function '$' with runat=both, proxy=false, effectiveRunat=both
stack:
  ->  [ModuleLogger.js:98] trace("Processing function '$' with runat=both, proxy=false, effectiveRunat=both")
  ->  [ScriptProcessor.js:307] process()
  ->  [CallbackManager.js:511] processElement([object HTMLScriptElement],2,[object Array])
  ->  [CallbackManager.js:509] processScriptElements([object Object])
  ->  [CallbackManager.js:67] processCallbacks([object HTMLDocument])
  ->  [HandlePage.js:63] onHandlePage([object XPCWrappedNative_NoHelper],[object HTMLDocument])
  ->  [CoreEvents.js:293] fireEvent("HANDLE_PAGE",[object Array])
  ->  [CoreEvents.js:234] fire("PARSE_COMPLETE",[object XPCWrappedNative_NoHelper],[object HTMLDocument])
  ->  [aptEventHandler.js:337] observe([object XPCWrappedNative_NoHelper],"jaxerEvent.HTMLParseComplete",null)
paths:
  -> file:///E:/Aptana%20Jaxer%20Apache/Jaxer/Apache2-4Build/jaxer/framework/src/ModuleLogger.js
  -> file:///E:/Aptana%20Jaxer%20Apache/Jaxer/Apache2-4Build/jaxer/framework/src/ScriptProcessor.js
  -> file:///E:/Aptana%20Jaxer%20Apache/Jaxer/Apache2-4Build/jaxer/framework/src/CallbackManager.js
  -> file:///E:/Aptana%20Jaxer%20Apache/Jaxer/Apache2-4Build/jaxer/framework/src/HandlePage.js
  -> file:///E:/Aptana%20Jaxer%20Apache/Jaxer/Apache2-4Build/jaxer/framework/src/CoreEvents.js
  -> file:///E:/Aptana%20Jaxer%20Apache/Jaxer/Apache2-4Build/jaxer/components/aptEventHandler.js

01:10:33 12/24/2025 [ 15324] [TRACE] [JS Framework] [ScriptProcessor.process] Processing function 'setEditing' with runat=both, proxy=false, effectiveRunat=both
stack:
  ->  [ModuleLogger.js:98] trace("Processing function 'setEditing' with runat=both, proxy=false, effectiveRunat=both")
  ->  [ScriptProcessor.js:307] process()
  ->  [CallbackManager.js:511] processElement([object HTMLScriptElement],2,[object Array])
  ->  [CallbackManager.js:509] processScriptElements([object Object])
  ->  [CallbackManager.js:67] processCallbacks([object HTMLDocument])
  ->  [HandlePage.js:63] onHandlePage([object XPCWrappedNative_NoHelper],[object HTMLDocument])
  ->  [CoreEvents.js:293] fireEvent("HANDLE_PAGE",[object Array])
  ->  [CoreEvents.js:234] fire("PARSE_COMPLETE",[object XPCWrappedNative_NoHelper],[object HTMLDocument])
  ->  [aptEventHandler.js:337] observe([object XPCWrappedNative_NoHelper],"jaxerEvent.HTMLParseComplete",null)
paths:
  -> file:///E:/Aptana%20Jaxer%20Apache/Jaxer/Apache2-4Build/jaxer/framework/src/ModuleLogger.js
  -> file:///E:/Aptana%20Jaxer%20Apache/Jaxer/Apache2-4Build/jaxer/framework/src/ScriptProcessor.js
  -> file:///E:/Aptana%20Jaxer%20Apache/Jaxer/Apache2-4Build/jaxer/framework/src/CallbackManager.js
  -> file:///E:/Aptana%20Jaxer%20Apache/Jaxer/Apache2-4Build/jaxer/framework/src/HandlePage.js
  -> file:///E:/Aptana%20Jaxer%20Apache/Jaxer/Apache2-4Build/jaxer/framework/src/CoreEvents.js
  -> file:///E:/Aptana%20Jaxer%20Apache/Jaxer/Apache2-4Build/jaxer/components/aptEventHandler.js

01:10:33 12/24/2025 [ 15324] [TRACE] [JS Framework] [ScriptProcessor.process] Processing function 'checkValid' with runat=both, proxy=false, effectiveRunat=both
stack:
  ->  [ModuleLogger.js:98] trace("Processing function 'checkValid' with runat=both, proxy=false, effectiveRunat=both")
  ->  [ScriptProcessor.js:307] process()
  ->  [CallbackManager.js:511] processElement([object HTMLScriptElement],2,[object Array])
  ->  [CallbackManager.js:509] processScriptElements([object Object])
  ->  [CallbackManager.js:67] processCallbacks([object HTMLDocument])
  ->  [HandlePage.js:63] onHandlePage([object XPCWrappedNative_NoHelper],[object HTMLDocument])
  ->  [CoreEvents.js:293] fireEvent("HANDLE_PAGE",[object Array])
  ->  [CoreEvents.js:234] fire("PARSE_COMPLETE",[object XPCWrappedNative_NoHelper],[object HTMLDocument])
  ->  [aptEventHandler.js:337] observe([object XPCWrappedNative_NoHelper],"jaxerEvent.HTMLParseComplete",null)
paths:
  -> file:///E:/Aptana%20Jaxer%20Apache/Jaxer/Apache2-4Build/jaxer/framework/src/ModuleLogger.js
  -> file:///E:/Aptana%20Jaxer%20Apache/Jaxer/Apache2-4Build/jaxer/framework/src/ScriptProcessor.js
  -> file:///E:/Aptana%20Jaxer%20Apache/Jaxer/Apache2-4Build/jaxer/framework/src/CallbackManager.js
  -> file:///E:/Aptana%20Jaxer%20Apache/Jaxer/Apache2-4Build/jaxer/framework/src/HandlePage.js
  -> file:///E:/Aptana%20Jaxer%20Apache/Jaxer/Apache2-4Build/jaxer/framework/src/CoreEvents.js
  -> file:///E:/Aptana%20Jaxer%20Apache/Jaxer/Apache2-4Build/jaxer/components/aptEventHandler.js

01:10:33 12/24/2025 [ 15324] [DEBUG] [JS Framework] [ScriptProcessor.process] Post-processing script block with no src and runat='server' and contents='
				if (Jaxer.System.executableFolder.match('com.aptana.ide.framework.jaxer')) {
					document.getE...'
stack:
  ->  [ModuleLogger.js:98] debug("Post-processing script block with no src and runat='server' and contents='\n\t\t\t\tif (Jaxer.System.executableFolder.match('com.aptana.ide.framework.jaxer')) {\n\t\t\t\t\tdocument.getE...'")
  ->  [ScriptProcessor.js:280] process()
  ->  [CallbackManager.js:511] processElement([object HTMLScriptElement],4,[object Array])
  ->  [CallbackManager.js:509] processScriptElements([object Object])
  ->  [CallbackManager.js:67] processCallbacks([object HTMLDocument])
  ->  [HandlePage.js:63] onHandlePage([object XPCWrappedNative_NoHelper],[object HTMLDocument])
  ->  [CoreEvents.js:293] fireEvent("HANDLE_PAGE",[object Array])
  ->  [CoreEvents.js:234] fire("PARSE_COMPLETE",[object XPCWrappedNative_NoHelper],[object HTMLDocument])
  ->  [aptEventHandler.js:337] observe([object XPCWrappedNative_NoHelper],"jaxerEvent.HTMLParseComplete",null)
paths:
  -> file:///E:/Aptana%20Jaxer%20Apache/Jaxer/Apache2-4Build/jaxer/framework/src/ModuleLogger.js
  -> file:///E:/Aptana%20Jaxer%20Apache/Jaxer/Apache2-4Build/jaxer/framework/src/ScriptProcessor.js
  -> file:///E:/Aptana%20Jaxer%20Apache/Jaxer/Apache2-4Build/jaxer/framework/src/CallbackManager.js
  -> file:///E:/Aptana%20Jaxer%20Apache/Jaxer/Apache2-4Build/jaxer/framework/src/HandlePage.js
  -> file:///E:/Aptana%20Jaxer%20Apache/Jaxer/Apache2-4Build/jaxer/framework/src/CoreEvents.js
  -> file:///E:/Aptana%20Jaxer%20Apache/Jaxer/Apache2-4Build/jaxer/components/aptEventHandler.js

01:10:33 12/24/2025 [ 15324] [DEBUG] [JS Framework] [ScriptProcessor.process] Found 0 functions to process
stack:
  ->  [ModuleLogger.js:98] debug("Found 0 functions to process")
  ->  [ScriptProcessor.js:284] process()
  ->  [CallbackManager.js:511] processElement([object HTMLScriptElement],4,[object Array])
  ->  [CallbackManager.js:509] processScriptElements([object Object])
  ->  [CallbackManager.js:67] processCallbacks([object HTMLDocument])
  ->  [HandlePage.js:63] onHandlePage([object XPCWrappedNative_NoHelper],[object HTMLDocument])
  ->  [CoreEvents.js:293] fireEvent("HANDLE_PAGE",[object Array])
  ->  [CoreEvents.js:234] fire("PARSE_COMPLETE",[object XPCWrappedNative_NoHelper],[object HTMLDocument])
  ->  [aptEventHandler.js:337] observe([object XPCWrappedNative_NoHelper],"jaxerEvent.HTMLParseComplete",null)
paths:
  -> file:///E:/Aptana%20Jaxer%20Apache/Jaxer/Apache2-4Build/jaxer/framework/src/ModuleLogger.js
  -> file:///E:/Aptana%20Jaxer%20Apache/Jaxer/Apache2-4Build/jaxer/framework/src/ScriptProcessor.js
  -> file:///E:/Aptana%20Jaxer%20Apache/Jaxer/Apache2-4Build/jaxer/framework/src/CallbackManager.js
  -> file:///E:/Aptana%20Jaxer%20Apache/Jaxer/Apache2-4Build/jaxer/framework/src/HandlePage.js
  -> file:///E:/Aptana%20Jaxer%20Apache/Jaxer/Apache2-4Build/jaxer/framework/src/CoreEvents.js
  -> file:///E:/Aptana%20Jaxer%20Apache/Jaxer/Apache2-4Build/jaxer/components/aptEventHandler.js

01:10:33 12/24/2025 [ 15324] [DEBUG] [JS Framework] [ScriptProcessor.apply] This script block will be sent to the browser
stack:
  ->  [ModuleLogger.js:98] debug("This script block will be sent to the browser")
  ->  [ScriptProcessor.js:342] apply()
  ->  [CallbackManager.js:537] postProcess([object Object],1,[object Array])
  ->  [CallbackManager.js:519] processScriptElements([object Object])
  ->  [CallbackManager.js:67] processCallbacks([object HTMLDocument])
  ->  [HandlePage.js:63] onHandlePage([object XPCWrappedNative_NoHelper],[object HTMLDocument])
  ->  [CoreEvents.js:293] fireEvent("HANDLE_PAGE",[object Array])
  ->  [CoreEvents.js:234] fire("PARSE_COMPLETE",[object XPCWrappedNative_NoHelper],[object HTMLDocument])
  ->  [aptEventHandler.js:337] observe([object XPCWrappedNative_NoHelper],"jaxerEvent.HTMLParseComplete",null)
paths:
  -> file:///E:/Aptana%20Jaxer%20Apache/Jaxer/Apache2-4Build/jaxer/framework/src/ModuleLogger.js
  -> file:///E:/Aptana%20Jaxer%20Apache/Jaxer/Apache2-4Build/jaxer/framework/src/ScriptProcessor.js
  -> file:///E:/Aptana%20Jaxer%20Apache/Jaxer/Apache2-4Build/jaxer/framework/src/CallbackManager.js
  -> file:///E:/Aptana%20Jaxer%20Apache/Jaxer/Apache2-4Build/jaxer/framework/src/HandlePage.js
  -> file:///E:/Aptana%20Jaxer%20Apache/Jaxer/Apache2-4Build/jaxer/framework/src/CoreEvents.js
  -> file:///E:/Aptana%20Jaxer%20Apache/Jaxer/Apache2-4Build/jaxer/components/aptEventHandler.js

01:10:33 12/24/2025 [ 15324] [DEBUG] [JS Framework] [ScriptProcessor.apply] This script block will be sent to the browser
stack:
  ->  [ModuleLogger.js:98] debug("This script block will be sent to the browser")
  ->  [ScriptProcessor.js:342] apply()
  ->  [CallbackManager.js:537] postProcess([object Object],2,[object Array])
  ->  [CallbackManager.js:519] processScriptElements([object Object])
  ->  [CallbackManager.js:67] processCallbacks([object HTMLDocument])
  ->  [HandlePage.js:63] onHandlePage([object XPCWrappedNative_NoHelper],[object HTMLDocument])
  ->  [CoreEvents.js:293] fireEvent("HANDLE_PAGE",[object Array])
  ->  [CoreEvents.js:234] fire("PARSE_COMPLETE",[object XPCWrappedNative_NoHelper],[object HTMLDocument])
  ->  [aptEventHandler.js:337] observe([object XPCWrappedNative_NoHelper],"jaxerEvent.HTMLParseComplete",null)
paths:
  -> file:///E:/Aptana%20Jaxer%20Apache/Jaxer/Apache2-4Build/jaxer/framework/src/ModuleLogger.js
  -> file:///E:/Aptana%20Jaxer%20Apache/Jaxer/Apache2-4Build/jaxer/framework/src/ScriptProcessor.js
  -> file:///E:/Aptana%20Jaxer%20Apache/Jaxer/Apache2-4Build/jaxer/framework/src/CallbackManager.js
  -> file:///E:/Aptana%20Jaxer%20Apache/Jaxer/Apache2-4Build/jaxer/framework/src/HandlePage.js
  -> file:///E:/Aptana%20Jaxer%20Apache/Jaxer/Apache2-4Build/jaxer/framework/src/CoreEvents.js
  -> file:///E:/Aptana%20Jaxer%20Apache/Jaxer/Apache2-4Build/jaxer/components/aptEventHandler.js

01:10:33 12/24/2025 [ 15324] [DEBUG] [JS Framework] [ScriptProcessor.apply] Removed script block from DOM
stack:
  ->  [ModuleLogger.js:98] debug("Removed script block from DOM")
  ->  [ScriptProcessor.js:356] apply()
  ->  [CallbackManager.js:537] postProcess([object Object],4,[object Array])
  ->  [CallbackManager.js:519] processScriptElements([object Object])
  ->  [CallbackManager.js:67] processCallbacks([object HTMLDocument])
  ->  [HandlePage.js:63] onHandlePage([object XPCWrappedNative_NoHelper],[object HTMLDocument])
  ->  [CoreEvents.js:293] fireEvent("HANDLE_PAGE",[object Array])
  ->  [CoreEvents.js:234] fire("PARSE_COMPLETE",[object XPCWrappedNative_NoHelper],[object HTMLDocument])
  ->  [aptEventHandler.js:337] observe([object XPCWrappedNative_NoHelper],"jaxerEvent.HTMLParseComplete",null)
paths:
  -> file:///E:/Aptana%20Jaxer%20Apache/Jaxer/Apache2-4Build/jaxer/framework/src/ModuleLogger.js
  -> file:///E:/Aptana%20Jaxer%20Apache/Jaxer/Apache2-4Build/jaxer/framework/src/ScriptProcessor.js
  -> file:///E:/Aptana%20Jaxer%20Apache/Jaxer/Apache2-4Build/jaxer/framework/src/CallbackManager.js
  -> file:///E:/Aptana%20Jaxer%20Apache/Jaxer/Apache2-4Build/jaxer/framework/src/HandlePage.js
  -> file:///E:/Aptana%20Jaxer%20Apache/Jaxer/Apache2-4Build/jaxer/framework/src/CoreEvents.js
  -> file:///E:/Aptana%20Jaxer%20Apache/Jaxer/Apache2-4Build/jaxer/components/aptEventHandler.js

01:10:33 12/24/2025 [ 15324] [TRACE] [JS Framework] [CallbackManager.cacheServerFunctions] Going to cache 7 functions...
stack:
  ->  [ModuleLogger.js:98] trace("Going to cache 7 functions...")
  ->  [CallbackManager.js:91] cacheServerFunctions([object Object])
  ->  [CallbackManager.js:73] processCallbacks([object HTMLDocument])
  ->  [HandlePage.js:63] onHandlePage([object XPCWrappedNative_NoHelper],[object HTMLDocument])
  ->  [CoreEvents.js:293] fireEvent("HANDLE_PAGE",[object Array])
  ->  [CoreEvents.js:234] fire("PARSE_COMPLETE",[object XPCWrappedNative_NoHelper],[object HTMLDocument])
  ->  [aptEventHandler.js:337] observe([object XPCWrappedNative_NoHelper],"jaxerEvent.HTMLParseComplete",null)
paths:
  -> file:///E:/Aptana%20Jaxer%20Apache/Jaxer/Apache2-4Build/jaxer/framework/src/ModuleLogger.js
  -> file:///E:/Aptana%20Jaxer%20Apache/Jaxer/Apache2-4Build/jaxer/framework/src/CallbackManager.js
  -> file:///E:/Aptana%20Jaxer%20Apache/Jaxer/Apache2-4Build/jaxer/framework/src/HandlePage.js
  -> file:///E:/Aptana%20Jaxer%20Apache/Jaxer/Apache2-4Build/jaxer/framework/src/CoreEvents.js
  -> file:///E:/Aptana%20Jaxer%20Apache/Jaxer/Apache2-4Build/jaxer/components/aptEventHandler.js

01:10:33 12/24/2025 [ 15324] [TRACE] [JS Framework] [CallbackManager.cacheServerFunctions] Saving autoloads for this page: []
stack:
  ->  [ModuleLogger.js:98] trace("Saving autoloads for this page: []")
  ->  [CallbackManager.js:167] cacheServerFunctions([object Object])
  ->  [CallbackManager.js:73] processCallbacks([object HTMLDocument])
  ->  [HandlePage.js:63] onHandlePage([object XPCWrappedNative_NoHelper],[object HTMLDocument])
  ->  [CoreEvents.js:293] fireEvent("HANDLE_PAGE",[object Array])
  ->  [CoreEvents.js:234] fire("PARSE_COMPLETE",[object XPCWrappedNative_NoHelper],[object HTMLDocument])
  ->  [aptEventHandler.js:337] observe([object XPCWrappedNative_NoHelper],"jaxerEvent.HTMLParseComplete",null)
paths:
  -> file:///E:/Aptana%20Jaxer%20Apache/Jaxer/Apache2-4Build/jaxer/framework/src/ModuleLogger.js
  -> file:///E:/Aptana%20Jaxer%20Apache/Jaxer/Apache2-4Build/jaxer/framework/src/CallbackManager.js
  -> file:///E:/Aptana%20Jaxer%20Apache/Jaxer/Apache2-4Build/jaxer/framework/src/HandlePage.js
  -> file:///E:/Aptana%20Jaxer%20Apache/Jaxer/Apache2-4Build/jaxer/framework/src/CoreEvents.js
  -> file:///E:/Aptana%20Jaxer%20Apache/Jaxer/Apache2-4Build/jaxer/components/aptEventHandler.js

01:10:33 12/24/2025 [ 15324] [TRACE] [JS Framework] [DB.SQLite.execute] Starting execute
stack:
  ->  [ModuleLogger.js:98] trace("Starting execute")
  ->  [DB_SQLite.js:302] execute("SELECT COUNT(*) FROM callback_page WHERE name = ? AND crc32 = ?",[object Array])
  ->  [DB.js:181] anonymous("SELECT COUNT(*) FROM callback_page WHERE name = ? AND crc32 = ?",[object Array])
  ->  [CallbackManager.js:179] cacheServerFunctions([object Object])
  ->  [CallbackManager.js:73] processCallbacks([object HTMLDocument])
  ->  [HandlePage.js:63] onHandlePage([object XPCWrappedNative_NoHelper],[object HTMLDocument])
  ->  [CoreEvents.js:293] fireEvent("HANDLE_PAGE",[object Array])
  ->  [CoreEvents.js:234] fire("PARSE_COMPLETE",[object XPCWrappedNative_NoHelper],[object HTMLDocument])
  ->  [aptEventHandler.js:337] observe([object XPCWrappedNative_NoHelper],"jaxerEvent.HTMLParseComplete",null)
paths:
  -> file:///E:/Aptana%20Jaxer%20Apache/Jaxer/Apache2-4Build/jaxer/framework/src/ModuleLogger.js
  -> file:///E:/Aptana%20Jaxer%20Apache/Jaxer/Apache2-4Build/jaxer/framework/src/DB_SQLite.js
  -> file:///E:/Aptana%20Jaxer%20Apache/Jaxer/Apache2-4Build/jaxer/framework/src/DB.js
  -> file:///E:/Aptana%20Jaxer%20Apache/Jaxer/Apache2-4Build/jaxer/framework/src/CallbackManager.js
  -> file:///E:/Aptana%20Jaxer%20Apache/Jaxer/Apache2-4Build/jaxer/framework/src/HandlePage.js
  -> file:///E:/Aptana%20Jaxer%20Apache/Jaxer/Apache2-4Build/jaxer/framework/src/CoreEvents.js
  -> file:///E:/Aptana%20Jaxer%20Apache/Jaxer/Apache2-4Build/jaxer/components/aptEventHandler.js

01:10:33 12/24/2025 [ 15324] [DEBUG] [JS Framework] [DB.SQLite.open] Opening connection to database: E:\Aptana Jaxer Apache\Jaxer\Apache2-4Build\jaxer\..\local_jaxer\conf\..\data\frameworkdata.sqlite
stack:
  ->  [ModuleLogger.js:98] debug("Opening connection to database: E:\\Aptana Jaxer Apache\\Jaxer\\Apache2-4Build\\jaxer\\..\\local_jaxer\\conf\\..\\data\\frameworkdata.sqlite")
  ->  [DB_SQLite.js:212] open()
  ->  [DB_SQLite.js:306] execute("SELECT COUNT(*) FROM callback_page WHERE name = ? AND crc32 = ?",[object Array])
  ->  [DB.js:181] anonymous("SELECT COUNT(*) FROM callback_page WHERE name = ? AND crc32 = ?",[object Array])
  ->  [CallbackManager.js:179] cacheServerFunctions([object Object])
  ->  [CallbackManager.js:73] processCallbacks([object HTMLDocument])
  ->  [HandlePage.js:63] onHandlePage([object XPCWrappedNative_NoHelper],[object HTMLDocument])
  ->  [CoreEvents.js:293] fireEvent("HANDLE_PAGE",[object Array])
  ->  [CoreEvents.js:234] fire("PARSE_COMPLETE",[object XPCWrappedNative_NoHelper],[object HTMLDocument])
  ->  [aptEventHandler.js:337] observe([object XPCWrappedNative_NoHelper],"jaxerEvent.HTMLParseComplete",null)
paths:
  -> file:///E:/Aptana%20Jaxer%20Apache/Jaxer/Apache2-4Build/jaxer/framework/src/ModuleLogger.js
  -> file:///E:/Aptana%20Jaxer%20Apache/Jaxer/Apache2-4Build/jaxer/framework/src/DB_SQLite.js
  -> file:///E:/Aptana%20Jaxer%20Apache/Jaxer/Apache2-4Build/jaxer/framework/src/DB.js
  -> file:///E:/Aptana%20Jaxer%20Apache/Jaxer/Apache2-4Build/jaxer/framework/src/CallbackManager.js
  -> file:///E:/Aptana%20Jaxer%20Apache/Jaxer/Apache2-4Build/jaxer/framework/src/HandlePage.js
  -> file:///E:/Aptana%20Jaxer%20Apache/Jaxer/Apache2-4Build/jaxer/framework/src/CoreEvents.js
  -> file:///E:/Aptana%20Jaxer%20Apache/Jaxer/Apache2-4Build/jaxer/components/aptEventHandler.js

01:10:33 12/24/2025 [ 15324] [TRACE] [JS Framework] [DB.SQLite.open] Tried 1 time(s) in 0 ms to open connection to SQLite database file E:\Aptana Jaxer Apache\Jaxer\Apache2-4Build\jaxer\..\local_jaxer\conf\..\data\frameworkdata.sqlite
stack:
  ->  [ModuleLogger.js:98] trace("Tried 1 time(s) in 0 ms to open connection to SQLite database file E:\\Aptana Jaxer Apache\\Jaxer\\Apache2-4Build\\jaxer\\..\\local_jaxer\\conf\\..\\data\\frameworkdata.sqlite")
  ->  [DB_SQLite.js:266] open()
  ->  [DB_SQLite.js:306] execute("SELECT COUNT(*) FROM callback_page WHERE name = ? AND crc32 = ?",[object Array])
  ->  [DB.js:181] anonymous("SELECT COUNT(*) FROM callback_page WHERE name = ? AND crc32 = ?",[object Array])
  ->  [CallbackManager.js:179] cacheServerFunctions([object Object])
  ->  [CallbackManager.js:73] processCallbacks([object HTMLDocument])
  ->  [HandlePage.js:63] onHandlePage([object XPCWrappedNative_NoHelper],[object HTMLDocument])
  ->  [CoreEvents.js:293] fireEvent("HANDLE_PAGE",[object Array])
  ->  [CoreEvents.js:234] fire("PARSE_COMPLETE",[object XPCWrappedNative_NoHelper],[object HTMLDocument])
  ->  [aptEventHandler.js:337] observe([object XPCWrappedNative_NoHelper],"jaxerEvent.HTMLParseComplete",null)
paths:
  -> file:///E:/Aptana%20Jaxer%20Apache/Jaxer/Apache2-4Build/jaxer/framework/src/ModuleLogger.js
  -> file:///E:/Aptana%20Jaxer%20Apache/Jaxer/Apache2-4Build/jaxer/framework/src/DB_SQLite.js
  -> file:///E:/Aptana%20Jaxer%20Apache/Jaxer/Apache2-4Build/jaxer/framework/src/DB.js
  -> file:///E:/Aptana%20Jaxer%20Apache/Jaxer/Apache2-4Build/jaxer/framework/src/CallbackManager.js
  -> file:///E:/Aptana%20Jaxer%20Apache/Jaxer/Apache2-4Build/jaxer/framework/src/HandlePage.js
  -> file:///E:/Aptana%20Jaxer%20Apache/Jaxer/Apache2-4Build/jaxer/framework/src/CoreEvents.js
  -> file:///E:/Aptana%20Jaxer%20Apache/Jaxer/Apache2-4Build/jaxer/components/aptEventHandler.js

01:10:33 12/24/2025 [ 15324] [DEBUG] [JS Framework] [DB.SQLite.open] Opened
stack:
  ->  [ModuleLogger.js:98] debug("Opened")
  ->  [DB_SQLite.js:268] open()
  ->  [DB_SQLite.js:306] execute("SELECT COUNT(*) FROM callback_page WHERE name = ? AND crc32 = ?",[object Array])
  ->  [DB.js:181] anonymous("SELECT COUNT(*) FROM callback_page WHERE name = ? AND crc32 = ?",[object Array])
  ->  [CallbackManager.js:179] cacheServerFunctions([object Object])
  ->  [CallbackManager.js:73] processCallbacks([object HTMLDocument])
  ->  [HandlePage.js:63] onHandlePage([object XPCWrappedNative_NoHelper],[object HTMLDocument])
  ->  [CoreEvents.js:293] fireEvent("HANDLE_PAGE",[object Array])
  ->  [CoreEvents.js:234] fire("PARSE_COMPLETE",[object XPCWrappedNative_NoHelper],[object HTMLDocument])
  ->  [aptEventHandler.js:337] observe([object XPCWrappedNative_NoHelper],"jaxerEvent.HTMLParseComplete",null)
paths:
  -> file:///E:/Aptana%20Jaxer%20Apache/Jaxer/Apache2-4Build/jaxer/framework/src/ModuleLogger.js
  -> file:///E:/Aptana%20Jaxer%20Apache/Jaxer/Apache2-4Build/jaxer/framework/src/DB_SQLite.js
  -> file:///E:/Aptana%20Jaxer%20Apache/Jaxer/Apache2-4Build/jaxer/framework/src/DB.js
  -> file:///E:/Aptana%20Jaxer%20Apache/Jaxer/Apache2-4Build/jaxer/framework/src/CallbackManager.js
  -> file:///E:/Aptana%20Jaxer%20Apache/Jaxer/Apache2-4Build/jaxer/framework/src/HandlePage.js
  -> file:///E:/Aptana%20Jaxer%20Apache/Jaxer/Apache2-4Build/jaxer/framework/src/CoreEvents.js
  -> file:///E:/Aptana%20Jaxer%20Apache/Jaxer/Apache2-4Build/jaxer/components/aptEventHandler.js

01:10:33 12/24/2025 [ 15324] [TRACE] [JS Framework] [DB.SQLite.bindAndExecute] Binding statement SELECT COUNT(*) FROM callback_page WHERE name = ? AND crc32 = ?
with params: localhost:8081/aptana/samples/wikilite/index.html,-484500735
stack:
  ->  [ModuleLogger.js:98] trace("Binding statement SELECT COUNT(*) FROM callback_page WHERE name = ? AND crc32 = ?\nwith params: localhost:8081/aptana/samples/wikilite/index.html,-484500735")
  ->  [DB_SQLite.js:512] bindAndExecute([object Object],[object XPCWrappedNative_NoHelper],"SELECT COUNT(*) FROM callback_page WHERE name = ? AND crc32 = ?",[object Array],null,[object Object])
  ->  [DB_SQLite.js:464] executeOneWithStatement([object Array],0,[object Array])
  ->  [DB_SQLite.js:456] executeWithStatement([object Object],"SELECT COUNT(*) FROM callback_page WHERE name = ? AND crc32 = ?",[object Array],[object Object])
  ->  [DB_SQLite.js:312] execute("SELECT COUNT(*) FROM callback_page WHERE name = ? AND crc32 = ?",[object Array])
  ->  [DB.js:181] anonymous("SELECT COUNT(*) FROM callback_page WHERE name = ? AND crc32 = ?",[object Array])
  ->  [CallbackManager.js:179] cacheServerFunctions([object Object])
  ->  [CallbackManager.js:73] processCallbacks([object HTMLDocument])
  ->  [HandlePage.js:63] onHandlePage([object XPCWrappedNative_NoHelper],[object HTMLDocument])
  ->  [CoreEvents.js:293] fireEvent("HANDLE_PAGE",[object Array])
  ->  [CoreEvents.js:234] fire("PARSE_COMPLETE",[object XPCWrappedNative_NoHelper],[object HTMLDocument])
  ->  [aptEventHandler.js:337] observe([object XPCWrappedNative_NoHelper],"jaxerEvent.HTMLParseComplete",null)
paths:
  -> file:///E:/Aptana%20Jaxer%20Apache/Jaxer/Apache2-4Build/jaxer/framework/src/ModuleLogger.js
  -> file:///E:/Aptana%20Jaxer%20Apache/Jaxer/Apache2-4Build/jaxer/framework/src/DB_SQLite.js
  -> file:///E:/Aptana%20Jaxer%20Apache/Jaxer/Apache2-4Build/jaxer/framework/src/DB.js
  -> file:///E:/Aptana%20Jaxer%20Apache/Jaxer/Apache2-4Build/jaxer/framework/src/CallbackManager.js
  -> file:///E:/Aptana%20Jaxer%20Apache/Jaxer/Apache2-4Build/jaxer/framework/src/HandlePage.js
  -> file:///E:/Aptana%20Jaxer%20Apache/Jaxer/Apache2-4Build/jaxer/framework/src/CoreEvents.js
  -> file:///E:/Aptana%20Jaxer%20Apache/Jaxer/Apache2-4Build/jaxer/components/aptEventHandler.js

01:10:33 12/24/2025 [ 15324] [TRACE] [JS Framework] [DB.SQLite.bindAndExecute] Tried 1 time(s) in 6 ms to execute statement on SQLite database file E:\Aptana Jaxer Apache\Jaxer\Apache2-4Build\jaxer\..\local_jaxer\conf\..\data\frameworkdata.sqlite
stack:
  ->  [ModuleLogger.js:98] trace("Tried 1 time(s) in 6 ms to execute statement on SQLite database file E:\\Aptana Jaxer Apache\\Jaxer\\Apache2-4Build\\jaxer\\..\\local_jaxer\\conf\\..\\data\\frameworkdata.sqlite")
  ->  [DB_SQLite.js:606] bindAndExecute([object Object],[object XPCWrappedNative_NoHelper],"SELECT COUNT(*) FROM callback_page WHERE name = ? AND crc32 = ?",[object Array],null,[object Object])
  ->  [DB_SQLite.js:464] executeOneWithStatement([object Array],0,[object Array])
  ->  [DB_SQLite.js:456] executeWithStatement([object Object],"SELECT COUNT(*) FROM callback_page WHERE name = ? AND crc32 = ?",[object Array],[object Object])
  ->  [DB_SQLite.js:312] execute("SELECT COUNT(*) FROM callback_page WHERE name = ? AND crc32 = ?",[object Array])
  ->  [DB.js:181] anonymous("SELECT COUNT(*) FROM callback_page WHERE name = ? AND crc32 = ?",[object Array])
  ->  [CallbackManager.js:179] cacheServerFunctions([object Object])
  ->  [CallbackManager.js:73] processCallbacks([object HTMLDocument])
  ->  [HandlePage.js:63] onHandlePage([object XPCWrappedNative_NoHelper],[object HTMLDocument])
  ->  [CoreEvents.js:293] fireEvent("HANDLE_PAGE",[object Array])
  ->  [CoreEvents.js:234] fire("PARSE_COMPLETE",[object XPCWrappedNative_NoHelper],[object HTMLDocument])
  ->  [aptEventHandler.js:337] observe([object XPCWrappedNative_NoHelper],"jaxerEvent.HTMLParseComplete",null)
paths:
  -> file:///E:/Aptana%20Jaxer%20Apache/Jaxer/Apache2-4Build/jaxer/framework/src/ModuleLogger.js
  -> file:///E:/Aptana%20Jaxer%20Apache/Jaxer/Apache2-4Build/jaxer/framework/src/DB_SQLite.js
  -> file:///E:/Aptana%20Jaxer%20Apache/Jaxer/Apache2-4Build/jaxer/framework/src/DB.js
  -> file:///E:/Aptana%20Jaxer%20Apache/Jaxer/Apache2-4Build/jaxer/framework/src/CallbackManager.js
  -> file:///E:/Aptana%20Jaxer%20Apache/Jaxer/Apache2-4Build/jaxer/framework/src/HandlePage.js
  -> file:///E:/Aptana%20Jaxer%20Apache/Jaxer/Apache2-4Build/jaxer/framework/src/CoreEvents.js
  -> file:///E:/Aptana%20Jaxer%20Apache/Jaxer/Apache2-4Build/jaxer/components/aptEventHandler.js

01:10:33 12/24/2025 [ 15324] [TRACE] [JS Framework] [DB.SQLite.bindAndExecute] Populating resultSet
stack:
  ->  [ModuleLogger.js:98] trace("Populating resultSet")
  ->  [DB_SQLite.js:624] bindAndExecute([object Object],[object XPCWrappedNative_NoHelper],"SELECT COUNT(*) FROM callback_page WHERE name = ? AND crc32 = ?",[object Array],[object Object],[object Object])
  ->  [DB_SQLite.js:464] executeOneWithStatement([object Array],0,[object Array])
  ->  [DB_SQLite.js:456] executeWithStatement([object Object],"SELECT COUNT(*) FROM callback_page WHERE name = ? AND crc32 = ?",[object Array],[object Object])
  ->  [DB_SQLite.js:312] execute("SELECT COUNT(*) FROM callback_page WHERE name = ? AND crc32 = ?",[object Array])
  ->  [DB.js:181] anonymous("SELECT COUNT(*) FROM callback_page WHERE name = ? AND crc32 = ?",[object Array])
  ->  [CallbackManager.js:179] cacheServerFunctions([object Object])
  ->  [CallbackManager.js:73] processCallbacks([object HTMLDocument])
  ->  [HandlePage.js:63] onHandlePage([object XPCWrappedNative_NoHelper],[object HTMLDocument])
  ->  [CoreEvents.js:293] fireEvent("HANDLE_PAGE",[object Array])
  ->  [CoreEvents.js:234] fire("PARSE_COMPLETE",[object XPCWrappedNative_NoHelper],[object HTMLDocument])
  ->  [aptEventHandler.js:337] observe([object XPCWrappedNative_NoHelper],"jaxerEvent.HTMLParseComplete",null)
paths:
  -> file:///E:/Aptana%20Jaxer%20Apache/Jaxer/Apache2-4Build/jaxer/framework/src/ModuleLogger.js
  -> file:///E:/Aptana%20Jaxer%20Apache/Jaxer/Apache2-4Build/jaxer/framework/src/DB_SQLite.js
  -> file:///E:/Aptana%20Jaxer%20Apache/Jaxer/Apache2-4Build/jaxer/framework/src/DB.js
  -> file:///E:/Aptana%20Jaxer%20Apache/Jaxer/Apache2-4Build/jaxer/framework/src/CallbackManager.js
  -> file:///E:/Aptana%20Jaxer%20Apache/Jaxer/Apache2-4Build/jaxer/framework/src/HandlePage.js
  -> file:///E:/Aptana%20Jaxer%20Apache/Jaxer/Apache2-4Build/jaxer/framework/src/CoreEvents.js
  -> file:///E:/Aptana%20Jaxer%20Apache/Jaxer/Apache2-4Build/jaxer/components/aptEventHandler.js

01:10:33 12/24/2025 [ 15324] [TRACE] [JS Framework] [DB.SQLite.bindAndExecute] Column 0: COUNT(*)
stack:
  ->  [ModuleLogger.js:98] trace("Column 0: COUNT(*)")
  ->  [DB_SQLite.js:627] bindAndExecute([object Object],[object XPCWrappedNative_NoHelper],"SELECT COUNT(*) FROM callback_page WHERE name = ? AND crc32 = ?",[object Array],[object Object],[object Object])
  ->  [DB_SQLite.js:464] executeOneWithStatement([object Array],0,[object Array])
  ->  [DB_SQLite.js:456] executeWithStatement([object Object],"SELECT COUNT(*) FROM callback_page WHERE name = ? AND crc32 = ?",[object Array],[object Object])
  ->  [DB_SQLite.js:312] execute("SELECT COUNT(*) FROM callback_page WHERE name = ? AND crc32 = ?",[object Array])
  ->  [DB.js:181] anonymous("SELECT COUNT(*) FROM callback_page WHERE name = ? AND crc32 = ?",[object Array])
  ->  [CallbackManager.js:179] cacheServerFunctions([object Object])
  ->  [CallbackManager.js:73] processCallbacks([object HTMLDocument])
  ->  [HandlePage.js:63] onHandlePage([object XPCWrappedNative_NoHelper],[object HTMLDocument])
  ->  [CoreEvents.js:293] fireEvent("HANDLE_PAGE",[object Array])
  ->  [CoreEvents.js:234] fire("PARSE_COMPLETE",[object XPCWrappedNative_NoHelper],[object HTMLDocument])
  ->  [aptEventHandler.js:337] observe([object XPCWrappedNative_NoHelper],"jaxerEvent.HTMLParseComplete",null)
paths:
  -> file:///E:/Aptana%20Jaxer%20Apache/Jaxer/Apache2-4Build/jaxer/framework/src/ModuleLogger.js
  -> file:///E:/Aptana%20Jaxer%20Apache/Jaxer/Apache2-4Build/jaxer/framework/src/DB_SQLite.js
  -> file:///E:/Aptana%20Jaxer%20Apache/Jaxer/Apache2-4Build/jaxer/framework/src/DB.js
  -> file:///E:/Aptana%20Jaxer%20Apache/Jaxer/Apache2-4Build/jaxer/framework/src/CallbackManager.js
  -> file:///E:/Aptana%20Jaxer%20Apache/Jaxer/Apache2-4Build/jaxer/framework/src/HandlePage.js
  -> file:///E:/Aptana%20Jaxer%20Apache/Jaxer/Apache2-4Build/jaxer/framework/src/CoreEvents.js
  -> file:///E:/Aptana%20Jaxer%20Apache/Jaxer/Apache2-4Build/jaxer/components/aptEventHandler.js

01:10:33 12/24/2025 [ 15324] [TRACE] [JS Framework] [DB.SQLite.bindAndExecute] Tried 1 time(s) in 0 ms to execute statement on SQLite database file E:\Aptana Jaxer Apache\Jaxer\Apache2-4Build\jaxer\..\local_jaxer\conf\..\data\frameworkdata.sqlite
stack:
  ->  [ModuleLogger.js:98] trace("Tried 1 time(s) in 0 ms to execute statement on SQLite database file E:\\Aptana Jaxer Apache\\Jaxer\\Apache2-4Build\\jaxer\\..\\local_jaxer\\conf\\..\\data\\frameworkdata.sqlite")
  ->  [DB_SQLite.js:606] bindAndExecute([object Object],[object XPCWrappedNative_NoHelper],"SELECT COUNT(*) FROM callback_page WHERE name = ? AND crc32 = ?",[object Array],[object Object],[object Object])
  ->  [DB_SQLite.js:464] executeOneWithStatement([object Array],0,[object Array])
  ->  [DB_SQLite.js:456] executeWithStatement([object Object],"SELECT COUNT(*) FROM callback_page WHERE name = ? AND crc32 = ?",[object Array],[object Object])
  ->  [DB_SQLite.js:312] execute("SELECT COUNT(*) FROM callback_page WHERE name = ? AND crc32 = ?",[object Array])
  ->  [DB.js:181] anonymous("SELECT COUNT(*) FROM callback_page WHERE name = ? AND crc32 = ?",[object Array])
  ->  [CallbackManager.js:179] cacheServerFunctions([object Object])
  ->  [CallbackManager.js:73] processCallbacks([object HTMLDocument])
  ->  [HandlePage.js:63] onHandlePage([object XPCWrappedNative_NoHelper],[object HTMLDocument])
  ->  [CoreEvents.js:293] fireEvent("HANDLE_PAGE",[object Array])
  ->  [CoreEvents.js:234] fire("PARSE_COMPLETE",[object XPCWrappedNative_NoHelper],[object HTMLDocument])
  ->  [aptEventHandler.js:337] observe([object XPCWrappedNative_NoHelper],"jaxerEvent.HTMLParseComplete",null)
paths:
  -> file:///E:/Aptana%20Jaxer%20Apache/Jaxer/Apache2-4Build/jaxer/framework/src/ModuleLogger.js
  -> file:///E:/Aptana%20Jaxer%20Apache/Jaxer/Apache2-4Build/jaxer/framework/src/DB_SQLite.js
  -> file:///E:/Aptana%20Jaxer%20Apache/Jaxer/Apache2-4Build/jaxer/framework/src/DB.js
  -> file:///E:/Aptana%20Jaxer%20Apache/Jaxer/Apache2-4Build/jaxer/framework/src/CallbackManager.js
  -> file:///E:/Aptana%20Jaxer%20Apache/Jaxer/Apache2-4Build/jaxer/framework/src/HandlePage.js
  -> file:///E:/Aptana%20Jaxer%20Apache/Jaxer/Apache2-4Build/jaxer/framework/src/CoreEvents.js
  -> file:///E:/Aptana%20Jaxer%20Apache/Jaxer/Apache2-4Build/jaxer/components/aptEventHandler.js

01:10:33 12/24/2025 [ 15324] [TRACE] [JS Framework] [DB.SQLite.executeWithStatement] Closing statement
stack:
  ->  [ModuleLogger.js:98] trace("Closing statement")
  ->  [DB_SQLite.js:484] executeWithStatement([object Object],"SELECT COUNT(*) FROM callback_page WHERE name = ? AND crc32 = ?",[object Array],[object Object])
  ->  [DB_SQLite.js:312] execute("SELECT COUNT(*) FROM callback_page WHERE name = ? AND crc32 = ?",[object Array])
  ->  [DB.js:181] anonymous("SELECT COUNT(*) FROM callback_page WHERE name = ? AND crc32 = ?",[object Array])
  ->  [CallbackManager.js:179] cacheServerFunctions([object Object])
  ->  [CallbackManager.js:73] processCallbacks([object HTMLDocument])
  ->  [HandlePage.js:63] onHandlePage([object XPCWrappedNative_NoHelper],[object HTMLDocument])
  ->  [CoreEvents.js:293] fireEvent("HANDLE_PAGE",[object Array])
  ->  [CoreEvents.js:234] fire("PARSE_COMPLETE",[object XPCWrappedNative_NoHelper],[object HTMLDocument])
  ->  [aptEventHandler.js:337] observe([object XPCWrappedNative_NoHelper],"jaxerEvent.HTMLParseComplete",null)
paths:
  -> file:///E:/Aptana%20Jaxer%20Apache/Jaxer/Apache2-4Build/jaxer/framework/src/ModuleLogger.js
  -> file:///E:/Aptana%20Jaxer%20Apache/Jaxer/Apache2-4Build/jaxer/framework/src/DB_SQLite.js
  -> file:///E:/Aptana%20Jaxer%20Apache/Jaxer/Apache2-4Build/jaxer/framework/src/DB.js
  -> file:///E:/Aptana%20Jaxer%20Apache/Jaxer/Apache2-4Build/jaxer/framework/src/CallbackManager.js
  -> file:///E:/Aptana%20Jaxer%20Apache/Jaxer/Apache2-4Build/jaxer/framework/src/HandlePage.js
  -> file:///E:/Aptana%20Jaxer%20Apache/Jaxer/Apache2-4Build/jaxer/framework/src/CoreEvents.js
  -> file:///E:/Aptana%20Jaxer%20Apache/Jaxer/Apache2-4Build/jaxer/components/aptEventHandler.js

01:10:33 12/24/2025 [ 15324] [TRACE] [JS Framework] [DB.SQLite.executeWithStatement] Resetting and finalizing statement
stack:
  ->  [ModuleLogger.js:98] trace("Resetting and finalizing statement")
  ->  [DB_SQLite.js:487] executeWithStatement([object Object],"SELECT COUNT(*) FROM callback_page WHERE name = ? AND crc32 = ?",[object Array],[object Object])
  ->  [DB_SQLite.js:312] execute("SELECT COUNT(*) FROM callback_page WHERE name = ? AND crc32 = ?",[object Array])
  ->  [DB.js:181] anonymous("SELECT COUNT(*) FROM callback_page WHERE name = ? AND crc32 = ?",[object Array])
  ->  [CallbackManager.js:179] cacheServerFunctions([object Object])
  ->  [CallbackManager.js:73] processCallbacks([object HTMLDocument])
  ->  [HandlePage.js:63] onHandlePage([object XPCWrappedNative_NoHelper],[object HTMLDocument])
  ->  [CoreEvents.js:293] fireEvent("HANDLE_PAGE",[object Array])
  ->  [CoreEvents.js:234] fire("PARSE_COMPLETE",[object XPCWrappedNative_NoHelper],[object HTMLDocument])
  ->  [aptEventHandler.js:337] observe([object XPCWrappedNative_NoHelper],"jaxerEvent.HTMLParseComplete",null)
paths:
  -> file:///E:/Aptana%20Jaxer%20Apache/Jaxer/Apache2-4Build/jaxer/framework/src/ModuleLogger.js
  -> file:///E:/Aptana%20Jaxer%20Apache/Jaxer/Apache2-4Build/jaxer/framework/src/DB_SQLite.js
  -> file:///E:/Aptana%20Jaxer%20Apache/Jaxer/Apache2-4Build/jaxer/framework/src/DB.js
  -> file:///E:/Aptana%20Jaxer%20Apache/Jaxer/Apache2-4Build/jaxer/framework/src/CallbackManager.js
  -> file:///E:/Aptana%20Jaxer%20Apache/Jaxer/Apache2-4Build/jaxer/framework/src/HandlePage.js
  -> file:///E:/Aptana%20Jaxer%20Apache/Jaxer/Apache2-4Build/jaxer/framework/src/CoreEvents.js
  -> file:///E:/Aptana%20Jaxer%20Apache/Jaxer/Apache2-4Build/jaxer/components/aptEventHandler.js

01:10:33 12/24/2025 [ 15324] [TRACE] [JS Framework] [DB.SQLite.execute] Populated resultSet with 1 rows of 1 columns
stack:
  ->  [ModuleLogger.js:98] trace("Populated resultSet with 1 rows of 1 columns")
  ->  [DB_SQLite.js:315] execute("SELECT COUNT(*) FROM callback_page WHERE name = ? AND crc32 = ?",[object Array])
  ->  [DB.js:181] anonymous("SELECT COUNT(*) FROM callback_page WHERE name = ? AND crc32 = ?",[object Array])
  ->  [CallbackManager.js:179] cacheServerFunctions([object Object])
  ->  [CallbackManager.js:73] processCallbacks([object HTMLDocument])
  ->  [HandlePage.js:63] onHandlePage([object XPCWrappedNative_NoHelper],[object HTMLDocument])
  ->  [CoreEvents.js:293] fireEvent("HANDLE_PAGE",[object Array])
  ->  [CoreEvents.js:234] fire("PARSE_COMPLETE",[object XPCWrappedNative_NoHelper],[object HTMLDocument])
  ->  [aptEventHandler.js:337] observe([object XPCWrappedNative_NoHelper],"jaxerEvent.HTMLParseComplete",null)
paths:
  -> file:///E:/Aptana%20Jaxer%20Apache/Jaxer/Apache2-4Build/jaxer/framework/src/ModuleLogger.js
  -> file:///E:/Aptana%20Jaxer%20Apache/Jaxer/Apache2-4Build/jaxer/framework/src/DB_SQLite.js
  -> file:///E:/Aptana%20Jaxer%20Apache/Jaxer/Apache2-4Build/jaxer/framework/src/DB.js
  -> file:///E:/Aptana%20Jaxer%20Apache/Jaxer/Apache2-4Build/jaxer/framework/src/CallbackManager.js
  -> file:///E:/Aptana%20Jaxer%20Apache/Jaxer/Apache2-4Build/jaxer/framework/src/HandlePage.js
  -> file:///E:/Aptana%20Jaxer%20Apache/Jaxer/Apache2-4Build/jaxer/framework/src/CoreEvents.js
  -> file:///E:/Aptana%20Jaxer%20Apache/Jaxer/Apache2-4Build/jaxer/components/aptEventHandler.js

01:10:33 12/24/2025 [ 15324] [TRACE] [JS Framework] [DB.SQLite.execute] Finished executing
stack:
  ->  [ModuleLogger.js:98] trace("Finished executing")
  ->  [DB_SQLite.js:338] execute("SELECT COUNT(*) FROM callback_page WHERE name = ? AND crc32 = ?",[object Array])
  ->  [DB.js:181] anonymous("SELECT COUNT(*) FROM callback_page WHERE name = ? AND crc32 = ?",[object Array])
  ->  [CallbackManager.js:179] cacheServerFunctions([object Object])
  ->  [CallbackManager.js:73] processCallbacks([object HTMLDocument])
  ->  [HandlePage.js:63] onHandlePage([object XPCWrappedNative_NoHelper],[object HTMLDocument])
  ->  [CoreEvents.js:293] fireEvent("HANDLE_PAGE",[object Array])
  ->  [CoreEvents.js:234] fire("PARSE_COMPLETE",[object XPCWrappedNative_NoHelper],[object HTMLDocument])
  ->  [aptEventHandler.js:337] observe([object XPCWrappedNative_NoHelper],"jaxerEvent.HTMLParseComplete",null)
paths:
  -> file:///E:/Aptana%20Jaxer%20Apache/Jaxer/Apache2-4Build/jaxer/framework/src/ModuleLogger.js
  -> file:///E:/Aptana%20Jaxer%20Apache/Jaxer/Apache2-4Build/jaxer/framework/src/DB_SQLite.js
  -> file:///E:/Aptana%20Jaxer%20Apache/Jaxer/Apache2-4Build/jaxer/framework/src/DB.js
  -> file:///E:/Aptana%20Jaxer%20Apache/Jaxer/Apache2-4Build/jaxer/framework/src/CallbackManager.js
  -> file:///E:/Aptana%20Jaxer%20Apache/Jaxer/Apache2-4Build/jaxer/framework/src/HandlePage.js
  -> file:///E:/Aptana%20Jaxer%20Apache/Jaxer/Apache2-4Build/jaxer/framework/src/CoreEvents.js
  -> file:///E:/Aptana%20Jaxer%20Apache/Jaxer/Apache2-4Build/jaxer/components/aptEventHandler.js

01:10:33 12/24/2025 [ 15324] [DEBUG] [JS Framework] [CallbackManager.cacheCallbackPage] Caching this page under key = -484500735::localhost:8081/aptana/samples/wikilite/index.html
stack:
  ->  [ModuleLogger.js:98] debug("Caching this page under key = -484500735::localhost:8081/aptana/samples/wikilite/index.html")
  ->  [CallbackManager.js:281] cacheCallbackPage("localhost:8081/aptana/samples/wikilite/index.html",-484500735,"/* callback.js */\nJaxer._autoload([]);\ninit = this.init = function init() {\n    setEditing(false);\n    readAndFill();\n};\nreadAndFill = this.readAndFill = function readAndFill() {\n    var filePath = getFilePath();\n    var fileExists = Jaxer.File.exists(filePath);\n    $(\"contents\").value = fileExists ? Jaxer.File.read(filePath) : \"\";\n};\ngetFilePath = this.getFilePath = function getFilePath() {\n    return \"contents.txt\";\n};\nsave = this.save = function save(contents) {\n    contents = contents.replace(/\\r\\n/g, \"\\n\");\n    contents = contents.replace(/\\r/g, \"\\n\");\n    checkValid(contents);\n    Jaxer.File.write(getFilePath(), contents);\n};\nsave.proxy = true;\n$ = this.$ = function $(id) {\n    return document.getElementById(id);\n};\nsetEditing = this.setEditing = function setEditing(editable) {\n    $(\"contents\").readOnly = !editable;\n    $(\"contents\").className = editable ? \"\" : \"readonly\";\n    $(\"editOrSave\").value = editable ? \"save\" : \"edit\";\n    if (editable) {\n        $(\"contents\").focus();\n    }\n};\ncheckValid = this.checkValid = function checkValid(contents) {\n    if (contents.length > 10000) {\n        throw new (Jaxer.ClientError)(\"Too long!\");\n    }\n};")
  ->  [CallbackManager.js:224] cacheServerFunctions([object Object])
  ->  [CallbackManager.js:73] processCallbacks([object HTMLDocument])
  ->  [HandlePage.js:63] onHandlePage([object XPCWrappedNative_NoHelper],[object HTMLDocument])
  ->  [CoreEvents.js:293] fireEvent("HANDLE_PAGE",[object Array])
  ->  [CoreEvents.js:234] fire("PARSE_COMPLETE",[object XPCWrappedNative_NoHelper],[object HTMLDocument])
  ->  [aptEventHandler.js:337] observe([object XPCWrappedNative_NoHelper],"jaxerEvent.HTMLParseComplete",null)
paths:
  -> file:///E:/Aptana%20Jaxer%20Apache/Jaxer/Apache2-4Build/jaxer/framework/src/ModuleLogger.js
  -> file:///E:/Aptana%20Jaxer%20Apache/Jaxer/Apache2-4Build/jaxer/framework/src/CallbackManager.js
  -> file:///E:/Aptana%20Jaxer%20Apache/Jaxer/Apache2-4Build/jaxer/framework/src/HandlePage.js
  -> file:///E:/Aptana%20Jaxer%20Apache/Jaxer/Apache2-4Build/jaxer/framework/src/CoreEvents.js
  -> file:///E:/Aptana%20Jaxer%20Apache/Jaxer/Apache2-4Build/jaxer/components/aptEventHandler.js

01:10:33 12/24/2025 [ 15324] [DEBUG] [JS Framework] [HandlePage.onHandlePage] Script processing complete
stack:
  ->  [ModuleLogger.js:98] debug("Script processing complete")
  ->  [HandlePage.js:64] onHandlePage([object XPCWrappedNative_NoHelper],[object HTMLDocument])
  ->  [CoreEvents.js:293] fireEvent("HANDLE_PAGE",[object Array])
  ->  [CoreEvents.js:234] fire("PARSE_COMPLETE",[object XPCWrappedNative_NoHelper],[object HTMLDocument])
  ->  [aptEventHandler.js:337] observe([object XPCWrappedNative_NoHelper],"jaxerEvent.HTMLParseComplete",null)
paths:
  -> file:///E:/Aptana%20Jaxer%20Apache/Jaxer/Apache2-4Build/jaxer/framework/src/ModuleLogger.js
  -> file:///E:/Aptana%20Jaxer%20Apache/Jaxer/Apache2-4Build/jaxer/framework/src/HandlePage.js
  -> file:///E:/Aptana%20Jaxer%20Apache/Jaxer/Apache2-4Build/jaxer/framework/src/CoreEvents.js
  -> file:///E:/Aptana%20Jaxer%20Apache/Jaxer/Apache2-4Build/jaxer/components/aptEventHandler.js

01:10:33 12/24/2025 [ 15324] [TRACE] [JS Framework] [HandlePage.processLoadEvent] Processing load event 'aftercallbackprocessing' with doc = [object HTMLDocument]
stack:
  ->  [ModuleLogger.js:98] trace("Processing load event 'aftercallbackprocessing' with doc = [object HTMLDocument]")
  ->  [HandlePage.js:258] processLoadEvent("aftercallbackprocessing",[object HTMLDocument],true)
  ->  [HandlePage.js:241] processAfterCallbackProcessing([object HTMLDocument])
  ->  [HandlePage.js:66] onHandlePage([object XPCWrappedNative_NoHelper],[object HTMLDocument])
  ->  [CoreEvents.js:293] fireEvent("HANDLE_PAGE",[object Array])
  ->  [CoreEvents.js:234] fire("PARSE_COMPLETE",[object XPCWrappedNative_NoHelper],[object HTMLDocument])
  ->  [aptEventHandler.js:337] observe([object XPCWrappedNative_NoHelper],"jaxerEvent.HTMLParseComplete",null)
paths:
  -> file:///E:/Aptana%20Jaxer%20Apache/Jaxer/Apache2-4Build/jaxer/framework/src/ModuleLogger.js
  -> file:///E:/Aptana%20Jaxer%20Apache/Jaxer/Apache2-4Build/jaxer/framework/src/HandlePage.js
  -> file:///E:/Aptana%20Jaxer%20Apache/Jaxer/Apache2-4Build/jaxer/framework/src/CoreEvents.js
  -> file:///E:/Aptana%20Jaxer%20Apache/Jaxer/Apache2-4Build/jaxer/components/aptEventHandler.js

01:10:33 12/24/2025 [ 15324] [DEBUG] [JS Framework] [SessionManager.keyToResponse] Saving session key to the client via cookie JaxerSessionId$$wikilite: 1766502633159009874746526267386
stack:
  ->  [ModuleLogger.js:98] debug("Saving session key to the client via cookie JaxerSessionId$$wikilite: 1766502633159009874746526267386")
  ->  [SessionManager.js:82] keyToResponse("wikilite","1766502633159009874746526267386")
  ->  [Container.js:614] persistAll([object HTMLDocument])
  ->  [HandlePage.js:73] onHandlePage([object XPCWrappedNative_NoHelper],[object HTMLDocument])
  ->  [CoreEvents.js:293] fireEvent("HANDLE_PAGE",[object Array])
  ->  [CoreEvents.js:234] fire("PARSE_COMPLETE",[object XPCWrappedNative_NoHelper],[object HTMLDocument])
  ->  [aptEventHandler.js:337] observe([object XPCWrappedNative_NoHelper],"jaxerEvent.HTMLParseComplete",null)
paths:
  -> file:///E:/Aptana%20Jaxer%20Apache/Jaxer/Apache2-4Build/jaxer/framework/src/ModuleLogger.js
  -> file:///E:/Aptana%20Jaxer%20Apache/Jaxer/Apache2-4Build/jaxer/framework/src/SessionManager.js
  -> file:///E:/Aptana%20Jaxer%20Apache/Jaxer/Apache2-4Build/jaxer/framework/src/Container.js
  -> file:///E:/Aptana%20Jaxer%20Apache/Jaxer/Apache2-4Build/jaxer/framework/src/HandlePage.js
  -> file:///E:/Aptana%20Jaxer%20Apache/Jaxer/Apache2-4Build/jaxer/framework/src/CoreEvents.js
  -> file:///E:/Aptana%20Jaxer%20Apache/Jaxer/Apache2-4Build/jaxer/components/aptEventHandler.js

01:10:33 12/24/2025 [ 15324] [TRACE] [JS Framework] [Container.persist] For container APPLICATION:wikilite: Persisting
stack:
  ->  [ModuleLogger.js:98] trace("For container APPLICATION:wikilite: Persisting")
  ->  [Container.js:313] persist()
  ->  [Container.js:620] persistAll([object HTMLDocument])
  ->  [HandlePage.js:73] onHandlePage([object XPCWrappedNative_NoHelper],[object HTMLDocument])
  ->  [CoreEvents.js:293] fireEvent("HANDLE_PAGE",[object Array])
  ->  [CoreEvents.js:234] fire("PARSE_COMPLETE",[object XPCWrappedNative_NoHelper],[object HTMLDocument])
  ->  [aptEventHandler.js:337] observe([object XPCWrappedNative_NoHelper],"jaxerEvent.HTMLParseComplete",null)
paths:
  -> file:///E:/Aptana%20Jaxer%20Apache/Jaxer/Apache2-4Build/jaxer/framework/src/ModuleLogger.js
  -> file:///E:/Aptana%20Jaxer%20Apache/Jaxer/Apache2-4Build/jaxer/framework/src/Container.js
  -> file:///E:/Aptana%20Jaxer%20Apache/Jaxer/Apache2-4Build/jaxer/framework/src/HandlePage.js
  -> file:///E:/Aptana%20Jaxer%20Apache/Jaxer/Apache2-4Build/jaxer/framework/src/CoreEvents.js
  -> file:///E:/Aptana%20Jaxer%20Apache/Jaxer/Apache2-4Build/jaxer/components/aptEventHandler.js

01:10:33 12/24/2025 [ 15324] [TRACE] [JS Framework] [Container.persist] For container PAGE:localhost:8081/aptana/samples/wikilite/index.html: Persisting
stack:
  ->  [ModuleLogger.js:98] trace("For container PAGE:localhost:8081/aptana/samples/wikilite/index.html: Persisting")
  ->  [Container.js:313] persist()
  ->  [Container.js:620] persistAll([object HTMLDocument])
  ->  [HandlePage.js:73] onHandlePage([object XPCWrappedNative_NoHelper],[object HTMLDocument])
  ->  [CoreEvents.js:293] fireEvent("HANDLE_PAGE",[object Array])
  ->  [CoreEvents.js:234] fire("PARSE_COMPLETE",[object XPCWrappedNative_NoHelper],[object HTMLDocument])
  ->  [aptEventHandler.js:337] observe([object XPCWrappedNative_NoHelper],"jaxerEvent.HTMLParseComplete",null)
paths:
  -> file:///E:/Aptana%20Jaxer%20Apache/Jaxer/Apache2-4Build/jaxer/framework/src/ModuleLogger.js
  -> file:///E:/Aptana%20Jaxer%20Apache/Jaxer/Apache2-4Build/jaxer/framework/src/Container.js
  -> file:///E:/Aptana%20Jaxer%20Apache/Jaxer/Apache2-4Build/jaxer/framework/src/HandlePage.js
  -> file:///E:/Aptana%20Jaxer%20Apache/Jaxer/Apache2-4Build/jaxer/framework/src/CoreEvents.js
  -> file:///E:/Aptana%20Jaxer%20Apache/Jaxer/Apache2-4Build/jaxer/components/aptEventHandler.js

01:10:33 12/24/2025 [ 15324] [TRACE] [JS Framework] [Container.persist] For container SESSION:1766502633159009874746526267386: Persisting
stack:
  ->  [ModuleLogger.js:98] trace("For container SESSION:1766502633159009874746526267386: Persisting")
  ->  [Container.js:313] persist()
  ->  [Container.js:620] persistAll([object HTMLDocument])
  ->  [HandlePage.js:73] onHandlePage([object XPCWrappedNative_NoHelper],[object HTMLDocument])
  ->  [CoreEvents.js:293] fireEvent("HANDLE_PAGE",[object Array])
  ->  [CoreEvents.js:234] fire("PARSE_COMPLETE",[object XPCWrappedNative_NoHelper],[object HTMLDocument])
  ->  [aptEventHandler.js:337] observe([object XPCWrappedNative_NoHelper],"jaxerEvent.HTMLParseComplete",null)
paths:
  -> file:///E:/Aptana%20Jaxer%20Apache/Jaxer/Apache2-4Build/jaxer/framework/src/ModuleLogger.js
  -> file:///E:/Aptana%20Jaxer%20Apache/Jaxer/Apache2-4Build/jaxer/framework/src/Container.js
  -> file:///E:/Aptana%20Jaxer%20Apache/Jaxer/Apache2-4Build/jaxer/framework/src/HandlePage.js
  -> file:///E:/Aptana%20Jaxer%20Apache/Jaxer/Apache2-4Build/jaxer/framework/src/CoreEvents.js
  -> file:///E:/Aptana%20Jaxer%20Apache/Jaxer/Apache2-4Build/jaxer/components/aptEventHandler.js

01:10:33 12/24/2025 [ 15324] [TRACE] [JS Framework] [Container.persist] For container SESSION_PAGE:1766502633159009874746526267386$$localhost:8081/aptana/samples/wikilite/index.html: Persisting
stack:
  ->  [ModuleLogger.js:98] trace("For container SESSION_PAGE:1766502633159009874746526267386$$localhost:8081/aptana/samples/wikilite/index.html: Persisting")
  ->  [Container.js:313] persist()
  ->  [Container.js:620] persistAll([object HTMLDocument])
  ->  [HandlePage.js:73] onHandlePage([object XPCWrappedNative_NoHelper],[object HTMLDocument])
  ->  [CoreEvents.js:293] fireEvent("HANDLE_PAGE",[object Array])
  ->  [CoreEvents.js:234] fire("PARSE_COMPLETE",[object XPCWrappedNative_NoHelper],[object HTMLDocument])
  ->  [aptEventHandler.js:337] observe([object XPCWrappedNative_NoHelper],"jaxerEvent.HTMLParseComplete",null)
paths:
  -> file:///E:/Aptana%20Jaxer%20Apache/Jaxer/Apache2-4Build/jaxer/framework/src/ModuleLogger.js
  -> file:///E:/Aptana%20Jaxer%20Apache/Jaxer/Apache2-4Build/jaxer/framework/src/Container.js
  -> file:///E:/Aptana%20Jaxer%20Apache/Jaxer/Apache2-4Build/jaxer/framework/src/HandlePage.js
  -> file:///E:/Aptana%20Jaxer%20Apache/Jaxer/Apache2-4Build/jaxer/framework/src/CoreEvents.js
  -> file:///E:/Aptana%20Jaxer%20Apache/Jaxer/Apache2-4Build/jaxer/components/aptEventHandler.js

01:10:33 12/24/2025 [ 15324] [TRACE] [JS Framework] [HandlePage.onHandlePage] Containers persisted
stack:
  ->  [ModuleLogger.js:98] trace("Containers persisted")
  ->  [HandlePage.js:74] onHandlePage([object XPCWrappedNative_NoHelper],[object HTMLDocument])
  ->  [CoreEvents.js:293] fireEvent("HANDLE_PAGE",[object Array])
  ->  [CoreEvents.js:234] fire("PARSE_COMPLETE",[object XPCWrappedNative_NoHelper],[object HTMLDocument])
  ->  [aptEventHandler.js:337] observe([object XPCWrappedNative_NoHelper],"jaxerEvent.HTMLParseComplete",null)
paths:
  -> file:///E:/Aptana%20Jaxer%20Apache/Jaxer/Apache2-4Build/jaxer/framework/src/ModuleLogger.js
  -> file:///E:/Aptana%20Jaxer%20Apache/Jaxer/Apache2-4Build/jaxer/framework/src/HandlePage.js
  -> file:///E:/Aptana%20Jaxer%20Apache/Jaxer/Apache2-4Build/jaxer/framework/src/CoreEvents.js
  -> file:///E:/Aptana%20Jaxer%20Apache/Jaxer/Apache2-4Build/jaxer/components/aptEventHandler.js

01:10:33 12/24/2025 [ 15324] [TRACE] [JS Framework] [Response.setNoCacheHeaders] Setting no-cache headers
stack:
  ->  [ModuleLogger.js:98] trace("Setting no-cache headers")
  ->  [Response.js:772] setNoCacheHeaders()
  ->  [HandlePage.js:85] onHandlePage([object XPCWrappedNative_NoHelper],[object HTMLDocument])
  ->  [CoreEvents.js:293] fireEvent("HANDLE_PAGE",[object Array])
  ->  [CoreEvents.js:234] fire("PARSE_COMPLETE",[object XPCWrappedNative_NoHelper],[object HTMLDocument])
  ->  [aptEventHandler.js:337] observe([object XPCWrappedNative_NoHelper],"jaxerEvent.HTMLParseComplete",null)
paths:
  -> file:///E:/Aptana%20Jaxer%20Apache/Jaxer/Apache2-4Build/jaxer/framework/src/ModuleLogger.js
  -> file:///E:/Aptana%20Jaxer%20Apache/Jaxer/Apache2-4Build/jaxer/framework/src/Response.js
  -> file:///E:/Aptana%20Jaxer%20Apache/Jaxer/Apache2-4Build/jaxer/framework/src/HandlePage.js
  -> file:///E:/Aptana%20Jaxer%20Apache/Jaxer/Apache2-4Build/jaxer/framework/src/CoreEvents.js
  -> file:///E:/Aptana%20Jaxer%20Apache/Jaxer/Apache2-4Build/jaxer/components/aptEventHandler.js

01:10:33 12/24/2025 [ 15324] [TRACE] [JS Framework] [DB.SQLite.close] Closing the connection
stack:
  ->  [ModuleLogger.js:98] trace("Closing the connection")
  ->  [DB_SQLite.js:739] close()
  ->  [DB.js:437] closeAllConnections(true)
  ->  [HandlePage.js:182] onHandlePage([object XPCWrappedNative_NoHelper],[object HTMLDocument])
  ->  [CoreEvents.js:293] fireEvent("HANDLE_PAGE",[object Array])
  ->  [CoreEvents.js:234] fire("PARSE_COMPLETE",[object XPCWrappedNative_NoHelper],[object HTMLDocument])
  ->  [aptEventHandler.js:337] observe([object XPCWrappedNative_NoHelper],"jaxerEvent.HTMLParseComplete",null)
paths:
  -> file:///E:/Aptana%20Jaxer%20Apache/Jaxer/Apache2-4Build/jaxer/framework/src/ModuleLogger.js
  -> file:///E:/Aptana%20Jaxer%20Apache/Jaxer/Apache2-4Build/jaxer/framework/src/DB_SQLite.js
  -> file:///E:/Aptana%20Jaxer%20Apache/Jaxer/Apache2-4Build/jaxer/framework/src/DB.js
  -> file:///E:/Aptana%20Jaxer%20Apache/Jaxer/Apache2-4Build/jaxer/framework/src/HandlePage.js
  -> file:///E:/Aptana%20Jaxer%20Apache/Jaxer/Apache2-4Build/jaxer/framework/src/CoreEvents.js
  -> file:///E:/Aptana%20Jaxer%20Apache/Jaxer/Apache2-4Build/jaxer/components/aptEventHandler.js

01:10:33 12/24/2025 [ 15324] [TRACE] [JS Framework] [CoreEvents.fireEvent] Firing an event for PARSE_COMPLETE
stack:
  ->  [ModuleLogger.js:98] trace("Firing an event for PARSE_COMPLETE")
  ->  [CoreEvents.js:282] fireEvent("PARSE_COMPLETE",[object Array])
  ->  [CoreEvents.js:238] fire("PARSE_COMPLETE",[object XPCWrappedNative_NoHelper],[object HTMLDocument])
  ->  [aptEventHandler.js:337] observe([object XPCWrappedNative_NoHelper],"jaxerEvent.HTMLParseComplete",null)
paths:
  -> file:///E:/Aptana%20Jaxer%20Apache/Jaxer/Apache2-4Build/jaxer/framework/src/ModuleLogger.js
  -> file:///E:/Aptana%20Jaxer%20Apache/Jaxer/Apache2-4Build/jaxer/framework/src/CoreEvents.js
  -> file:///E:/Aptana%20Jaxer%20Apache/Jaxer/Apache2-4Build/jaxer/components/aptEventHandler.js

01:10:33 12/24/2025 [ 15324] [TRACE] [JS Framework] [CoreEvents.fireEvent] Calling event handler: function onParseComplete(evt, doc) {
    Jaxer.__tempLoad.cl...
stack:
  ->  [ModuleLogger.js:98] trace("Calling event handler: function onParseComplete(evt, doc) {\n    Jaxer.__tempLoad.cl...")
  ->  [CoreEvents.js:292] fireEvent("PARSE_COMPLETE",[object Array])
  ->  [CoreEvents.js:238] fire("PARSE_COMPLETE",[object XPCWrappedNative_NoHelper],[object HTMLDocument])
  ->  [aptEventHandler.js:337] observe([object XPCWrappedNative_NoHelper],"jaxerEvent.HTMLParseComplete",null)
paths:
  -> file:///E:/Aptana%20Jaxer%20Apache/Jaxer/Apache2-4Build/jaxer/framework/src/ModuleLogger.js
  -> file:///E:/Aptana%20Jaxer%20Apache/Jaxer/Apache2-4Build/jaxer/framework/src/CoreEvents.js
  -> file:///E:/Aptana%20Jaxer%20Apache/Jaxer/Apache2-4Build/jaxer/components/aptEventHandler.js

01:10:33 12/24/2025 [ 15324] [TRACE] [JS Framework] [CoreEvents.fire] At this time, evt.Request.isHandler=false and eventType: REQUEST_COMPLETE
stack:
  ->  [ModuleLogger.js:98] trace("At this time, evt.Request.isHandler=false and eventType: REQUEST_COMPLETE")
  ->  [CoreEvents.js:205] fire("REQUEST_COMPLETE",[object XPCWrappedNative_NoHelper])
  ->  [aptEventHandler.js:351] observe([object XPCWrappedNative_NoHelper],"jaxerEvent.RequestComplete",null)
paths:
  -> file:///E:/Aptana%20Jaxer%20Apache/Jaxer/Apache2-4Build/jaxer/framework/src/ModuleLogger.js
  -> file:///E:/Aptana%20Jaxer%20Apache/Jaxer/Apache2-4Build/jaxer/framework/src/CoreEvents.js
  -> file:///E:/Aptana%20Jaxer%20Apache/Jaxer/Apache2-4Build/jaxer/components/aptEventHandler.js

01:10:33 12/24/2025 [ 15324] [TRACE] [JS Framework] [CoreEvents.fireEvent] Firing an event for REQUEST_COMPLETE
stack:
  ->  [ModuleLogger.js:98] trace("Firing an event for REQUEST_COMPLETE")
  ->  [CoreEvents.js:282] fireEvent("REQUEST_COMPLETE",[object Array])
  ->  [CoreEvents.js:238] fire("REQUEST_COMPLETE",[object XPCWrappedNative_NoHelper])
  ->  [aptEventHandler.js:351] observe([object XPCWrappedNative_NoHelper],"jaxerEvent.RequestComplete",null)
paths:
  -> file:///E:/Aptana%20Jaxer%20Apache/Jaxer/Apache2-4Build/jaxer/framework/src/ModuleLogger.js
  -> file:///E:/Aptana%20Jaxer%20Apache/Jaxer/Apache2-4Build/jaxer/framework/src/CoreEvents.js
  -> file:///E:/Aptana%20Jaxer%20Apache/Jaxer/Apache2-4Build/jaxer/components/aptEventHandler.js

01:10:33 12/24/2025 [ 15324] [TRACE] [JS Framework] [CoreEvents.fireEvent] Calling event handler: function onRequestComplete(evt) {
}...
stack:
  ->  [ModuleLogger.js:98] trace("Calling event handler: function onRequestComplete(evt) {\n}...")
  ->  [CoreEvents.js:292] fireEvent("REQUEST_COMPLETE",[object Array])
  ->  [CoreEvents.js:238] fire("REQUEST_COMPLETE",[object XPCWrappedNative_NoHelper])
  ->  [aptEventHandler.js:351] observe([object XPCWrappedNative_NoHelper],"jaxerEvent.RequestComplete",null)
paths:
  -> file:///E:/Aptana%20Jaxer%20Apache/Jaxer/Apache2-4Build/jaxer/framework/src/ModuleLogger.js
  -> file:///E:/Aptana%20Jaxer%20Apache/Jaxer/Apache2-4Build/jaxer/framework/src/CoreEvents.js
  -> file:///E:/Aptana%20Jaxer%20Apache/Jaxer/Apache2-4Build/jaxer/components/aptEventHandler.js

01:10:37 12/24/2025 [ 22864] [TRACE] [JS Framework] [CoreEvents.fire] At this time, evt.Request.isHandler=false and eventType: REQUEST_START
stack:
  ->  [ModuleLogger.js:98] trace("At this time, evt.Request.isHandler=false and eventType: REQUEST_START")
  ->  [CoreEvents.js:205] fire("REQUEST_START",[object XPCWrappedNative_NoHelper])
  ->  [aptEventHandler.js:292] observe([object XPCWrappedNative_NoHelper],"jaxerEvent.RequestStart",null)
paths:
  -> file:///E:/Aptana%20Jaxer%20Apache/Jaxer/Apache2-4Build/jaxer/framework/src/ModuleLogger.js
  -> file:///E:/Aptana%20Jaxer%20Apache/Jaxer/Apache2-4Build/jaxer/framework/src/CoreEvents.js
  -> file:///E:/Aptana%20Jaxer%20Apache/Jaxer/Apache2-4Build/jaxer/components/aptEventHandler.js

01:10:37 12/24/2025 [ 22864] [TRACE] [JS Framework] [CoreEvents.fireEvent] Firing an event for REQUEST_START
stack:
  ->  [ModuleLogger.js:98] trace("Firing an event for REQUEST_START")
  ->  [CoreEvents.js:282] fireEvent("REQUEST_START",[object Array])
  ->  [CoreEvents.js:238] fire("REQUEST_START",[object XPCWrappedNative_NoHelper])
  ->  [aptEventHandler.js:292] observe([object XPCWrappedNative_NoHelper],"jaxerEvent.RequestStart",null)
paths:
  -> file:///E:/Aptana%20Jaxer%20Apache/Jaxer/Apache2-4Build/jaxer/framework/src/ModuleLogger.js
  -> file:///E:/Aptana%20Jaxer%20Apache/Jaxer/Apache2-4Build/jaxer/framework/src/CoreEvents.js
  -> file:///E:/Aptana%20Jaxer%20Apache/Jaxer/Apache2-4Build/jaxer/components/aptEventHandler.js

01:10:37 12/24/2025 [ 22864] [TRACE] [JS Framework] [CoreEvents.fireEvent] Calling event handler: function onRequestStart(evt) {
}...
stack:
  ->  [ModuleLogger.js:98] trace("Calling event handler: function onRequestStart(evt) {\n}...")
  ->  [CoreEvents.js:292] fireEvent("REQUEST_START",[object Array])
  ->  [CoreEvents.js:238] fire("REQUEST_START",[object XPCWrappedNative_NoHelper])
  ->  [aptEventHandler.js:292] observe([object XPCWrappedNative_NoHelper],"jaxerEvent.RequestStart",null)
paths:
  -> file:///E:/Aptana%20Jaxer%20Apache/Jaxer/Apache2-4Build/jaxer/framework/src/ModuleLogger.js
  -> file:///E:/Aptana%20Jaxer%20Apache/Jaxer/Apache2-4Build/jaxer/framework/src/CoreEvents.js
  -> file:///E:/Aptana%20Jaxer%20Apache/Jaxer/Apache2-4Build/jaxer/components/aptEventHandler.js

01:10:37 12/24/2025 [ 22864] [TRACE] [JS Framework] [CoreEvents.fire] At this time, evt.Request.isHandler=false and eventType: PARSE_START
stack:
  ->  [ModuleLogger.js:98] trace("At this time, evt.Request.isHandler=false and eventType: PARSE_START")
  ->  [CoreEvents.js:205] fire("PARSE_START",[object XPCWrappedNative_NoHelper])
  ->  [aptEventHandler.js:306] observe([object XPCWrappedNative_NoHelper],"jaxerEvent.HTMLParseStart",null)
paths:
  -> file:///E:/Aptana%20Jaxer%20Apache/Jaxer/Apache2-4Build/jaxer/framework/src/ModuleLogger.js
  -> file:///E:/Aptana%20Jaxer%20Apache/Jaxer/Apache2-4Build/jaxer/framework/src/CoreEvents.js
  -> file:///E:/Aptana%20Jaxer%20Apache/Jaxer/Apache2-4Build/jaxer/components/aptEventHandler.js

01:10:37 12/24/2025 [ 22864] [TRACE] [JS Framework] [CoreEvents.fireEvent] Firing an event for PARSE_START
stack:
  ->  [ModuleLogger.js:98] trace("Firing an event for PARSE_START")
  ->  [CoreEvents.js:282] fireEvent("PARSE_START",[object Array])
  ->  [CoreEvents.js:238] fire("PARSE_START",[object XPCWrappedNative_NoHelper])
  ->  [aptEventHandler.js:306] observe([object XPCWrappedNative_NoHelper],"jaxerEvent.HTMLParseStart",null)
paths:
  -> file:///E:/Aptana%20Jaxer%20Apache/Jaxer/Apache2-4Build/jaxer/framework/src/ModuleLogger.js
  -> file:///E:/Aptana%20Jaxer%20Apache/Jaxer/Apache2-4Build/jaxer/framework/src/CoreEvents.js
  -> file:///E:/Aptana%20Jaxer%20Apache/Jaxer/Apache2-4Build/jaxer/components/aptEventHandler.js

01:10:37 12/24/2025 [ 22864] [TRACE] [JS Framework] [CoreEvents.fireEvent] Calling event handler: function onParseStart(evt) {
    Jaxer.request = frameworkGl...
stack:
  ->  [ModuleLogger.js:98] trace("Calling event handler: function onParseStart(evt) {\n    Jaxer.request = frameworkGl...")
  ->  [CoreEvents.js:292] fireEvent("PARSE_START",[object Array])
  ->  [CoreEvents.js:238] fire("PARSE_START",[object XPCWrappedNative_NoHelper])
  ->  [aptEventHandler.js:306] observe([object XPCWrappedNative_NoHelper],"jaxerEvent.HTMLParseStart",null)
paths:
  -> file:///E:/Aptana%20Jaxer%20Apache/Jaxer/Apache2-4Build/jaxer/framework/src/ModuleLogger.js
  -> file:///E:/Aptana%20Jaxer%20Apache/Jaxer/Apache2-4Build/jaxer/framework/src/CoreEvents.js
  -> file:///E:/Aptana%20Jaxer%20Apache/Jaxer/Apache2-4Build/jaxer/components/aptEventHandler.js

01:10:37 12/24/2025 [ 22864] [TRACE] [JS Framework] [Request.Request] Constructing request from: ({constructorErrors:[], _request:{}, method:"POST", isHandler:false, uri:"/aptana/modal_window.html", protocol:"HTTP/1.1", remoteUser:"", remoteHost:"desktop-lpv0ncp", remoteAddr:"::1", pageFile:"E:/Aptana Jaxer Apache/Jaxer/Apache2-4Build/jaxer/aptana/modal_window.html", documentRoot:"E:/Aptana Jaxer Apache/Jaxer/Apache2-4Build/public", OS:"WINNT", isJaxerServer:false, isHTTPS:false, queryString:"", logFileNativePath:"", action:"POST", headers:{Host:"localhost:8081", Connection:"keep-alive", 'Content-Length':"0", 'X-Prototype-Version':"1.6.0.2", 'sec-ch-ua-platform':"\"Windows\"", 'sec-ch-ua':"\"Chromium\";v=\"140\", \"Not=A?Brand\";v=\"24\", \"Opera\";v=\"124\"", 'sec-ch-ua-mobile':"?0", 'X-Requested-With':"XMLHttpRequest", 'User-Agent':"Mozilla/5.0 (Windows NT 10.0; Win64; x64) AppleWebKit/537.36 (KHTML, like Gecko) Chrome/140.0.0.0 Safari/537.36 OPR/124.0.0.0", Accept:"text/javascript, text/html, application/xml, text/xml, */*", 'Content-type':"application/x-www-form-urlencoded; charset=UTF-8", Origin:"http://localhost:8081", 'Sec-Fetch-Site':"same-origin", 'Sec-Fetch-Mode':"cors", 'Sec-Fetch-Dest':"empty", Referer:"http://localhost:8081/aptana/", 'Accept-Encoding':"gzip, deflate, br, zstd", 'Accept-Language':"en-US,en;q=0.9", Cookie:"JaxerSessionId%24%24localhost%3A8081=176589175647709027719934159097; JaxerSessionId%24%24diagnostics=1766389857171006019406608883027; JaxerSessionId%24%24chat=176650225815408013378880202926; JaxerSessionId%24%24smtp-email=1766502615487048247814800171795; JaxerSessionId%24%24rss-sample=1766502620172023884340692192807; JaxerSessionId%24%24tasks=176650262827103192941976629359; JaxerSessionId%24%24wikilite=1766502633159009874746526267386"}})
stack:
  ->  [ModuleLogger.js:98] trace("Constructing request from: ({constructorErrors:[], _request:{}, method:\"POST\", isHandler:false, uri:\"/aptana/modal_window.html\", protocol:\"HTTP/1.1\", remoteUser:\"\", remoteHost:\"desktop-lpv0ncp\", remoteAddr:\"::1\", pageFile:\"E:/Aptana Jaxer Apache/Jaxer/Apache2-4Build/jaxer/aptana/modal_window.html\", documentRoot:\"E:/Aptana Jaxer Apache/Jaxer/Apache2-4Build/public\", OS:\"WINNT\", isJaxerServer:false, isHTTPS:false, queryString:\"\", logFileNativePath:\"\", action:\"POST\", headers:{Host:\"localhost:8081\", Connection:\"keep-alive\", 'Content-Length':\"0\", 'X-Prototype-Version':\"1.6.0.2\", 'sec-ch-ua-platform':\"\\\"Windows\\\"\", 'sec-ch-ua':\"\\\"Chromium\\\";v=\\\"140\\\", \\\"Not=A?Brand\\\";v=\\\"24\\\", \\\"Opera\\\";v=\\\"124\\\"\", 'sec-ch-ua-mobile':\"?0\", 'X-Requested-With':\"XMLHttpRequest\", 'User-Agent':\"Mozilla/5.0 (Windows NT 10.0; Win64; x64) AppleWebKit/537.36 (KHTML, like Gecko) Chrome/140.0.0.0 Safari/537.36 OPR/124.0.0.0\", Accept:\"text/javascript, text/html, application/xml, text/xml, */*\", 'Content-type':\"application/x-www-form-urlencoded; charset=UTF-8\", Origin:\"http://localhost:8081\", 'Sec-Fetch-Site':\"same-origin\", 'Sec-Fetch-Mode':\"cors\", 'Sec-Fetch-Dest':\"empty\", Referer:\"http://localhost:8081/aptana/\", 'Accept-Encoding':\"gzip, deflate, br, zstd\", 'Accept-Language':\"en-US,en;q=0.9\", Cookie:\"JaxerSessionId%24%24localhost%3A8081=176589175647709027719934159097; JaxerSessionId%24%24diagnostics=1766389857171006019406608883027; JaxerSessionId%24%24chat=176650225815408013378880202926; JaxerSessionId%24%24smtp-email=1766502615487048247814800171795; JaxerSessionId%24%24rss-sample=1766502620172023884340692192807; JaxerSessionId%24%24tasks=176650262827103192941976629359; JaxerSessionId%24%24wikilite=1766502633159009874746526267386\"}})")
  ->  [Request.js:202] Request([object XPCWrappedNative_NoHelper])
  ->  [ParseStart.js:49] onParseStart([object XPCWrappedNative_NoHelper])
  ->  [CoreEvents.js:293] fireEvent("PARSE_START",[object Array])
  ->  [CoreEvents.js:238] fire("PARSE_START",[object XPCWrappedNative_NoHelper])
  ->  [aptEventHandler.js:306] observe([object XPCWrappedNative_NoHelper],"jaxerEvent.HTMLParseStart",null)
paths:
  -> file:///E:/Aptana%20Jaxer%20Apache/Jaxer/Apache2-4Build/jaxer/framework/src/ModuleLogger.js
  -> file:///E:/Aptana%20Jaxer%20Apache/Jaxer/Apache2-4Build/jaxer/framework/src/Request.js
  -> file:///E:/Aptana%20Jaxer%20Apache/Jaxer/Apache2-4Build/jaxer/framework/src/ParseStart.js
  -> file:///E:/Aptana%20Jaxer%20Apache/Jaxer/Apache2-4Build/jaxer/framework/src/CoreEvents.js
  -> file:///E:/Aptana%20Jaxer%20Apache/Jaxer/Apache2-4Build/jaxer/components/aptEventHandler.js

01:10:37 12/24/2025 [ 22864] [TRACE] [JS Framework] [ParseStart.onParseStart] Matching app using parsedUrl='({url:"http://localhost:8081/aptana/modal_window.html", scheme:"http", protocol:"http", authority:"localhost:8081", path:"/aptana/modal_window.html", query:"", fragment:"", userInfo:"", host:"localhost", port:"8081", hostAndPort:"localhost:8081", base:"http://localhost:8081", subdomain:"", domain:"localhost", pathParts:["aptana", "modal_window.html"], leaf:"modal_window.html", queryParts:{}})'
stack:
  ->  [ModuleLogger.js:98] trace("Matching app using parsedUrl='({url:\"http://localhost:8081/aptana/modal_window.html\", scheme:\"http\", protocol:\"http\", authority:\"localhost:8081\", path:\"/aptana/modal_window.html\", query:\"\", fragment:\"\", userInfo:\"\", host:\"localhost\", port:\"8081\", hostAndPort:\"localhost:8081\", base:\"http://localhost:8081\", subdomain:\"\", domain:\"localhost\", pathParts:[\"aptana\", \"modal_window.html\"], leaf:\"modal_window.html\", queryParts:{}})'")
  ->  [ParseStart.js:81] onParseStart([object XPCWrappedNative_NoHelper])
  ->  [CoreEvents.js:293] fireEvent("PARSE_START",[object Array])
  ->  [CoreEvents.js:238] fire("PARSE_START",[object XPCWrappedNative_NoHelper])
  ->  [aptEventHandler.js:306] observe([object XPCWrappedNative_NoHelper],"jaxerEvent.HTMLParseStart",null)
paths:
  -> file:///E:/Aptana%20Jaxer%20Apache/Jaxer/Apache2-4Build/jaxer/framework/src/ModuleLogger.js
  -> file:///E:/Aptana%20Jaxer%20Apache/Jaxer/Apache2-4Build/jaxer/framework/src/ParseStart.js
  -> file:///E:/Aptana%20Jaxer%20Apache/Jaxer/Apache2-4Build/jaxer/framework/src/CoreEvents.js
  -> file:///E:/Aptana%20Jaxer%20Apache/Jaxer/Apache2-4Build/jaxer/components/aptEventHandler.js

01:10:37 12/24/2025 [ 22864] [TRACE] [JS Framework] [App.init] Initializing app 'DEFAULT' (urlTest: /.*/)
stack:
  ->  [ModuleLogger.js:98] trace("Initializing app 'DEFAULT' (urlTest: /.*/)")
  ->  [App.js:184] init()
  ->  [ParseStart.js:110] onParseStart([object XPCWrappedNative_NoHelper])
  ->  [CoreEvents.js:293] fireEvent("PARSE_START",[object Array])
  ->  [CoreEvents.js:238] fire("PARSE_START",[object XPCWrappedNative_NoHelper])
  ->  [aptEventHandler.js:306] observe([object XPCWrappedNative_NoHelper],"jaxerEvent.HTMLParseStart",null)
paths:
  -> file:///E:/Aptana%20Jaxer%20Apache/Jaxer/Apache2-4Build/jaxer/framework/src/ModuleLogger.js
  -> file:///E:/Aptana%20Jaxer%20Apache/Jaxer/Apache2-4Build/jaxer/framework/src/App.js
  -> file:///E:/Aptana%20Jaxer%20Apache/Jaxer/Apache2-4Build/jaxer/framework/src/ParseStart.js
  -> file:///E:/Aptana%20Jaxer%20Apache/Jaxer/Apache2-4Build/jaxer/framework/src/CoreEvents.js
  -> file:///E:/Aptana%20Jaxer%20Apache/Jaxer/Apache2-4Build/jaxer/components/aptEventHandler.js

01:10:37 12/24/2025 [ 22864] [TRACE] [JS Framework] [App.init] APP_KEY for app 'DEFAULT': localhost:8081
stack:
  ->  [ModuleLogger.js:98] trace("APP_KEY for app 'DEFAULT': localhost:8081")
  ->  [App.js:196] init()
  ->  [ParseStart.js:110] onParseStart([object XPCWrappedNative_NoHelper])
  ->  [CoreEvents.js:293] fireEvent("PARSE_START",[object Array])
  ->  [CoreEvents.js:238] fire("PARSE_START",[object XPCWrappedNative_NoHelper])
  ->  [aptEventHandler.js:306] observe([object XPCWrappedNative_NoHelper],"jaxerEvent.HTMLParseStart",null)
paths:
  -> file:///E:/Aptana%20Jaxer%20Apache/Jaxer/Apache2-4Build/jaxer/framework/src/ModuleLogger.js
  -> file:///E:/Aptana%20Jaxer%20Apache/Jaxer/Apache2-4Build/jaxer/framework/src/App.js
  -> file:///E:/Aptana%20Jaxer%20Apache/Jaxer/Apache2-4Build/jaxer/framework/src/ParseStart.js
  -> file:///E:/Aptana%20Jaxer%20Apache/Jaxer/Apache2-4Build/jaxer/framework/src/CoreEvents.js
  -> file:///E:/Aptana%20Jaxer%20Apache/Jaxer/Apache2-4Build/jaxer/components/aptEventHandler.js

01:10:37 12/24/2025 [ 22864] [TRACE] [JS Framework] [App.init] PAGE_KEY for app 'DEFAULT': localhost:8081/aptana/modal_window.html
stack:
  ->  [ModuleLogger.js:98] trace("PAGE_KEY for app 'DEFAULT': localhost:8081/aptana/modal_window.html")
  ->  [App.js:208] init()
  ->  [ParseStart.js:110] onParseStart([object XPCWrappedNative_NoHelper])
  ->  [CoreEvents.js:293] fireEvent("PARSE_START",[object Array])
  ->  [CoreEvents.js:238] fire("PARSE_START",[object XPCWrappedNative_NoHelper])
  ->  [aptEventHandler.js:306] observe([object XPCWrappedNative_NoHelper],"jaxerEvent.HTMLParseStart",null)
paths:
  -> file:///E:/Aptana%20Jaxer%20Apache/Jaxer/Apache2-4Build/jaxer/framework/src/ModuleLogger.js
  -> file:///E:/Aptana%20Jaxer%20Apache/Jaxer/Apache2-4Build/jaxer/framework/src/App.js
  -> file:///E:/Aptana%20Jaxer%20Apache/Jaxer/Apache2-4Build/jaxer/framework/src/ParseStart.js
  -> file:///E:/Aptana%20Jaxer%20Apache/Jaxer/Apache2-4Build/jaxer/framework/src/CoreEvents.js
  -> file:///E:/Aptana%20Jaxer%20Apache/Jaxer/Apache2-4Build/jaxer/components/aptEventHandler.js

01:10:37 12/24/2025 [ 22864] [TRACE] [JS Framework] [App.init] PATH for app 'DEFAULT': resource:///../local_jaxer/data/DEFAULT
stack:
  ->  [ModuleLogger.js:98] trace("PATH for app 'DEFAULT': resource:///../local_jaxer/data/DEFAULT")
  ->  [App.js:231] init()
  ->  [ParseStart.js:110] onParseStart([object XPCWrappedNative_NoHelper])
  ->  [CoreEvents.js:293] fireEvent("PARSE_START",[object Array])
  ->  [CoreEvents.js:238] fire("PARSE_START",[object XPCWrappedNative_NoHelper])
  ->  [aptEventHandler.js:306] observe([object XPCWrappedNative_NoHelper],"jaxerEvent.HTMLParseStart",null)
paths:
  -> file:///E:/Aptana%20Jaxer%20Apache/Jaxer/Apache2-4Build/jaxer/framework/src/ModuleLogger.js
  -> file:///E:/Aptana%20Jaxer%20Apache/Jaxer/Apache2-4Build/jaxer/framework/src/App.js
  -> file:///E:/Aptana%20Jaxer%20Apache/Jaxer/Apache2-4Build/jaxer/framework/src/ParseStart.js
  -> file:///E:/Aptana%20Jaxer%20Apache/Jaxer/Apache2-4Build/jaxer/framework/src/CoreEvents.js
  -> file:///E:/Aptana%20Jaxer%20Apache/Jaxer/Apache2-4Build/jaxer/components/aptEventHandler.js

01:10:37 12/24/2025 [ 22864] [TRACE] [JS Framework] [ParseStart.onParseStart] Using app 'DEFAULT': urlTest = /.*/
stack:
  ->  [ModuleLogger.js:98] trace("Using app 'DEFAULT': urlTest = /.*/")
  ->  [ParseStart.js:113] onParseStart([object XPCWrappedNative_NoHelper])
  ->  [CoreEvents.js:293] fireEvent("PARSE_START",[object Array])
  ->  [CoreEvents.js:238] fire("PARSE_START",[object XPCWrappedNative_NoHelper])
  ->  [aptEventHandler.js:306] observe([object XPCWrappedNative_NoHelper],"jaxerEvent.HTMLParseStart",null)
paths:
  -> file:///E:/Aptana%20Jaxer%20Apache/Jaxer/Apache2-4Build/jaxer/framework/src/ModuleLogger.js
  -> file:///E:/Aptana%20Jaxer%20Apache/Jaxer/Apache2-4Build/jaxer/framework/src/ParseStart.js
  -> file:///E:/Aptana%20Jaxer%20Apache/Jaxer/Apache2-4Build/jaxer/framework/src/CoreEvents.js
  -> file:///E:/Aptana%20Jaxer%20Apache/Jaxer/Apache2-4Build/jaxer/components/aptEventHandler.js

01:10:37 12/24/2025 [ 22864] [DEBUG] [JS Framework] [SessionManager.keyFromRequest] Getting session key from the client via cookie JaxerSessionId$$localhost:8081: 176589175647709027719934159097
stack:
  ->  [ModuleLogger.js:98] debug("Getting session key from the client via cookie JaxerSessionId$$localhost:8081: 176589175647709027719934159097")
  ->  [SessionManager.js:59] keyFromRequest("localhost:8081")
  ->  [Container.js:474] init("localhost:8081","localhost:8081/aptana/modal_window.html")
  ->  [ParseStart.js:122] onParseStart([object XPCWrappedNative_NoHelper])
  ->  [CoreEvents.js:293] fireEvent("PARSE_START",[object Array])
  ->  [CoreEvents.js:238] fire("PARSE_START",[object XPCWrappedNative_NoHelper])
  ->  [aptEventHandler.js:306] observe([object XPCWrappedNative_NoHelper],"jaxerEvent.HTMLParseStart",null)
paths:
  -> file:///E:/Aptana%20Jaxer%20Apache/Jaxer/Apache2-4Build/jaxer/framework/src/ModuleLogger.js
  -> file:///E:/Aptana%20Jaxer%20Apache/Jaxer/Apache2-4Build/jaxer/framework/src/SessionManager.js
  -> file:///E:/Aptana%20Jaxer%20Apache/Jaxer/Apache2-4Build/jaxer/framework/src/Container.js
  -> file:///E:/Aptana%20Jaxer%20Apache/Jaxer/Apache2-4Build/jaxer/framework/src/ParseStart.js
  -> file:///E:/Aptana%20Jaxer%20Apache/Jaxer/Apache2-4Build/jaxer/framework/src/CoreEvents.js
  -> file:///E:/Aptana%20Jaxer%20Apache/Jaxer/Apache2-4Build/jaxer/components/aptEventHandler.js

01:10:37 12/24/2025 [ 22864] [DEBUG] [JS Framework] [Container.init] Created APPLICATION container as Jaxer.application with key localhost:8081
stack:
  ->  [ModuleLogger.js:98] debug("Created APPLICATION container as Jaxer.application with key localhost:8081")
  ->  [Container.js:485] init("localhost:8081","localhost:8081/aptana/modal_window.html")
  ->  [ParseStart.js:122] onParseStart([object XPCWrappedNative_NoHelper])
  ->  [CoreEvents.js:293] fireEvent("PARSE_START",[object Array])
  ->  [CoreEvents.js:238] fire("PARSE_START",[object XPCWrappedNative_NoHelper])
  ->  [aptEventHandler.js:306] observe([object XPCWrappedNative_NoHelper],"jaxerEvent.HTMLParseStart",null)
paths:
  -> file:///E:/Aptana%20Jaxer%20Apache/Jaxer/Apache2-4Build/jaxer/framework/src/ModuleLogger.js
  -> file:///E:/Aptana%20Jaxer%20Apache/Jaxer/Apache2-4Build/jaxer/framework/src/Container.js
  -> file:///E:/Aptana%20Jaxer%20Apache/Jaxer/Apache2-4Build/jaxer/framework/src/ParseStart.js
  -> file:///E:/Aptana%20Jaxer%20Apache/Jaxer/Apache2-4Build/jaxer/framework/src/CoreEvents.js
  -> file:///E:/Aptana%20Jaxer%20Apache/Jaxer/Apache2-4Build/jaxer/components/aptEventHandler.js

01:10:37 12/24/2025 [ 22864] [DEBUG] [JS Framework] [Container.init] Created PAGE container as Jaxer.page with key localhost:8081/aptana/modal_window.html
stack:
  ->  [ModuleLogger.js:98] debug("Created PAGE container as Jaxer.page with key localhost:8081/aptana/modal_window.html")
  ->  [Container.js:485] init("localhost:8081","localhost:8081/aptana/modal_window.html")
  ->  [ParseStart.js:122] onParseStart([object XPCWrappedNative_NoHelper])
  ->  [CoreEvents.js:293] fireEvent("PARSE_START",[object Array])
  ->  [CoreEvents.js:238] fire("PARSE_START",[object XPCWrappedNative_NoHelper])
  ->  [aptEventHandler.js:306] observe([object XPCWrappedNative_NoHelper],"jaxerEvent.HTMLParseStart",null)
paths:
  -> file:///E:/Aptana%20Jaxer%20Apache/Jaxer/Apache2-4Build/jaxer/framework/src/ModuleLogger.js
  -> file:///E:/Aptana%20Jaxer%20Apache/Jaxer/Apache2-4Build/jaxer/framework/src/Container.js
  -> file:///E:/Aptana%20Jaxer%20Apache/Jaxer/Apache2-4Build/jaxer/framework/src/ParseStart.js
  -> file:///E:/Aptana%20Jaxer%20Apache/Jaxer/Apache2-4Build/jaxer/framework/src/CoreEvents.js
  -> file:///E:/Aptana%20Jaxer%20Apache/Jaxer/Apache2-4Build/jaxer/components/aptEventHandler.js

01:10:37 12/24/2025 [ 22864] [DEBUG] [JS Framework] [Container.init] Created SESSION container as Jaxer.session with key 176589175647709027719934159097
stack:
  ->  [ModuleLogger.js:98] debug("Created SESSION container as Jaxer.session with key 176589175647709027719934159097")
  ->  [Container.js:485] init("localhost:8081","localhost:8081/aptana/modal_window.html")
  ->  [ParseStart.js:122] onParseStart([object XPCWrappedNative_NoHelper])
  ->  [CoreEvents.js:293] fireEvent("PARSE_START",[object Array])
  ->  [CoreEvents.js:238] fire("PARSE_START",[object XPCWrappedNative_NoHelper])
  ->  [aptEventHandler.js:306] observe([object XPCWrappedNative_NoHelper],"jaxerEvent.HTMLParseStart",null)
paths:
  -> file:///E:/Aptana%20Jaxer%20Apache/Jaxer/Apache2-4Build/jaxer/framework/src/ModuleLogger.js
  -> file:///E:/Aptana%20Jaxer%20Apache/Jaxer/Apache2-4Build/jaxer/framework/src/Container.js
  -> file:///E:/Aptana%20Jaxer%20Apache/Jaxer/Apache2-4Build/jaxer/framework/src/ParseStart.js
  -> file:///E:/Aptana%20Jaxer%20Apache/Jaxer/Apache2-4Build/jaxer/framework/src/CoreEvents.js
  -> file:///E:/Aptana%20Jaxer%20Apache/Jaxer/Apache2-4Build/jaxer/components/aptEventHandler.js

01:10:37 12/24/2025 [ 22864] [DEBUG] [JS Framework] [Container.init] Created SESSION_PAGE container as Jaxer.sessionPage with key 176589175647709027719934159097$$localhost:8081/aptana/modal_window.html
stack:
  ->  [ModuleLogger.js:98] debug("Created SESSION_PAGE container as Jaxer.sessionPage with key 176589175647709027719934159097$$localhost:8081/aptana/modal_window.html")
  ->  [Container.js:485] init("localhost:8081","localhost:8081/aptana/modal_window.html")
  ->  [ParseStart.js:122] onParseStart([object XPCWrappedNative_NoHelper])
  ->  [CoreEvents.js:293] fireEvent("PARSE_START",[object Array])
  ->  [CoreEvents.js:238] fire("PARSE_START",[object XPCWrappedNative_NoHelper])
  ->  [aptEventHandler.js:306] observe([object XPCWrappedNative_NoHelper],"jaxerEvent.HTMLParseStart",null)
paths:
  -> file:///E:/Aptana%20Jaxer%20Apache/Jaxer/Apache2-4Build/jaxer/framework/src/ModuleLogger.js
  -> file:///E:/Aptana%20Jaxer%20Apache/Jaxer/Apache2-4Build/jaxer/framework/src/Container.js
  -> file:///E:/Aptana%20Jaxer%20Apache/Jaxer/Apache2-4Build/jaxer/framework/src/ParseStart.js
  -> file:///E:/Aptana%20Jaxer%20Apache/Jaxer/Apache2-4Build/jaxer/framework/src/CoreEvents.js
  -> file:///E:/Aptana%20Jaxer%20Apache/Jaxer/Apache2-4Build/jaxer/components/aptEventHandler.js

01:10:37 12/24/2025 [ 22864] [TRACE] [JS Framework] [DB.setDefault] Setting default connection for app: DEFAULT
stack:
  ->  [ModuleLogger.js:98] trace("Setting default connection for app: DEFAULT")
  ->  [DB.js:162] setDefault("DEFAULT",[object Object])
  ->  [ParseStart.js:123] onParseStart([object XPCWrappedNative_NoHelper])
  ->  [CoreEvents.js:293] fireEvent("PARSE_START",[object Array])
  ->  [CoreEvents.js:238] fire("PARSE_START",[object XPCWrappedNative_NoHelper])
  ->  [aptEventHandler.js:306] observe([object XPCWrappedNative_NoHelper],"jaxerEvent.HTMLParseStart",null)
paths:
  -> file:///E:/Aptana%20Jaxer%20Apache/Jaxer/Apache2-4Build/jaxer/framework/src/ModuleLogger.js
  -> file:///E:/Aptana%20Jaxer%20Apache/Jaxer/Apache2-4Build/jaxer/framework/src/DB.js
  -> file:///E:/Aptana%20Jaxer%20Apache/Jaxer/Apache2-4Build/jaxer/framework/src/ParseStart.js
  -> file:///E:/Aptana%20Jaxer%20Apache/Jaxer/Apache2-4Build/jaxer/framework/src/CoreEvents.js
  -> file:///E:/Aptana%20Jaxer%20Apache/Jaxer/Apache2-4Build/jaxer/components/aptEventHandler.js

01:10:37 12/24/2025 [ 22864] [TRACE] [JS Framework] [CoreEvents.fire] At this time, evt.Request.isHandler=false and eventType: NEW_ELEMENT - HTML
stack:
  ->  [ModuleLogger.js:98] trace("At this time, evt.Request.isHandler=false and eventType: NEW_ELEMENT - HTML")
  ->  [CoreEvents.js:205] fire("NEW_ELEMENT",[object XPCWrappedNative_NoHelper],[object HTMLDocument],[object HTMLHtmlElement])
  ->  [aptEventHandler.js:157] observe([object XPCWrappedNative_NoHelper],"jaxerEvent.NewHTMLElement",null)
paths:
  -> file:///E:/Aptana%20Jaxer%20Apache/Jaxer/Apache2-4Build/jaxer/framework/src/ModuleLogger.js
  -> file:///E:/Aptana%20Jaxer%20Apache/Jaxer/Apache2-4Build/jaxer/framework/src/CoreEvents.js
  -> file:///E:/Aptana%20Jaxer%20Apache/Jaxer/Apache2-4Build/jaxer/components/aptEventHandler.js

01:10:37 12/24/2025 [ 22864] [TRACE] [JS Framework] [CoreEvents.fireEvent] Firing an event for NEW_ELEMENT
stack:
  ->  [ModuleLogger.js:98] trace("Firing an event for NEW_ELEMENT")
  ->  [CoreEvents.js:282] fireEvent("NEW_ELEMENT",[object Array])
  ->  [CoreEvents.js:238] fire("NEW_ELEMENT",[object XPCWrappedNative_NoHelper],[object HTMLDocument],[object HTMLHtmlElement])
  ->  [aptEventHandler.js:157] observe([object XPCWrappedNative_NoHelper],"jaxerEvent.NewHTMLElement",null)
paths:
  -> file:///E:/Aptana%20Jaxer%20Apache/Jaxer/Apache2-4Build/jaxer/framework/src/ModuleLogger.js
  -> file:///E:/Aptana%20Jaxer%20Apache/Jaxer/Apache2-4Build/jaxer/framework/src/CoreEvents.js
  -> file:///E:/Aptana%20Jaxer%20Apache/Jaxer/Apache2-4Build/jaxer/components/aptEventHandler.js

01:10:37 12/24/2025 [ 22864] [TRACE] [JS Framework] [CoreEvents.fireEvent] Calling event handler: function onNewElement(evt, doc, elt) {
    switch (elt.tagNa...
stack:
  ->  [ModuleLogger.js:98] trace("Calling event handler: function onNewElement(evt, doc, elt) {\n    switch (elt.tagNa...")
  ->  [CoreEvents.js:292] fireEvent("NEW_ELEMENT",[object Array])
  ->  [CoreEvents.js:238] fire("NEW_ELEMENT",[object XPCWrappedNative_NoHelper],[object HTMLDocument],[object HTMLHtmlElement])
  ->  [aptEventHandler.js:157] observe([object XPCWrappedNative_NoHelper],"jaxerEvent.NewHTMLElement",null)
paths:
  -> file:///E:/Aptana%20Jaxer%20Apache/Jaxer/Apache2-4Build/jaxer/framework/src/ModuleLogger.js
  -> file:///E:/Aptana%20Jaxer%20Apache/Jaxer/Apache2-4Build/jaxer/framework/src/CoreEvents.js
  -> file:///E:/Aptana%20Jaxer%20Apache/Jaxer/Apache2-4Build/jaxer/components/aptEventHandler.js

01:10:37 12/24/2025 [ 22864] [TRACE] [JS Framework] [CoreEvents.fire] At this time, evt.Request.isHandler=false and eventType: NEW_ELEMENT - HEAD
stack:
  ->  [ModuleLogger.js:98] trace("At this time, evt.Request.isHandler=false and eventType: NEW_ELEMENT - HEAD")
  ->  [CoreEvents.js:205] fire("NEW_ELEMENT",[object XPCWrappedNative_NoHelper],[object HTMLDocument],[object HTMLHeadElement])
  ->  [aptEventHandler.js:157] observe([object XPCWrappedNative_NoHelper],"jaxerEvent.NewHTMLElement",null)
paths:
  -> file:///E:/Aptana%20Jaxer%20Apache/Jaxer/Apache2-4Build/jaxer/framework/src/ModuleLogger.js
  -> file:///E:/Aptana%20Jaxer%20Apache/Jaxer/Apache2-4Build/jaxer/framework/src/CoreEvents.js
  -> file:///E:/Aptana%20Jaxer%20Apache/Jaxer/Apache2-4Build/jaxer/components/aptEventHandler.js

01:10:37 12/24/2025 [ 22864] [TRACE] [JS Framework] [CoreEvents.fireEvent] Firing an event for NEW_ELEMENT
stack:
  ->  [ModuleLogger.js:98] trace("Firing an event for NEW_ELEMENT")
  ->  [CoreEvents.js:282] fireEvent("NEW_ELEMENT",[object Array])
  ->  [CoreEvents.js:238] fire("NEW_ELEMENT",[object XPCWrappedNative_NoHelper],[object HTMLDocument],[object HTMLHeadElement])
  ->  [aptEventHandler.js:157] observe([object XPCWrappedNative_NoHelper],"jaxerEvent.NewHTMLElement",null)
paths:
  -> file:///E:/Aptana%20Jaxer%20Apache/Jaxer/Apache2-4Build/jaxer/framework/src/ModuleLogger.js
  -> file:///E:/Aptana%20Jaxer%20Apache/Jaxer/Apache2-4Build/jaxer/framework/src/CoreEvents.js
  -> file:///E:/Aptana%20Jaxer%20Apache/Jaxer/Apache2-4Build/jaxer/components/aptEventHandler.js

01:10:37 12/24/2025 [ 22864] [TRACE] [JS Framework] [CoreEvents.fireEvent] Calling event handler: function onNewElement(evt, doc, elt) {
    switch (elt.tagNa...
stack:
  ->  [ModuleLogger.js:98] trace("Calling event handler: function onNewElement(evt, doc, elt) {\n    switch (elt.tagNa...")
  ->  [CoreEvents.js:292] fireEvent("NEW_ELEMENT",[object Array])
  ->  [CoreEvents.js:238] fire("NEW_ELEMENT",[object XPCWrappedNative_NoHelper],[object HTMLDocument],[object HTMLHeadElement])
  ->  [aptEventHandler.js:157] observe([object XPCWrappedNative_NoHelper],"jaxerEvent.NewHTMLElement",null)
paths:
  -> file:///E:/Aptana%20Jaxer%20Apache/Jaxer/Apache2-4Build/jaxer/framework/src/ModuleLogger.js
  -> file:///E:/Aptana%20Jaxer%20Apache/Jaxer/Apache2-4Build/jaxer/framework/src/CoreEvents.js
  -> file:///E:/Aptana%20Jaxer%20Apache/Jaxer/Apache2-4Build/jaxer/components/aptEventHandler.js

01:10:37 12/24/2025 [ 22864] [TRACE] [JS Framework] [CoreEvents.fire] At this time, evt.Request.isHandler=false and eventType: INIT_HEAD
stack:
  ->  [ModuleLogger.js:98] trace("At this time, evt.Request.isHandler=false and eventType: INIT_HEAD")
  ->  [CoreEvents.js:205] fire("INIT_HEAD",[object XPCWrappedNative_NoHelper],[object HTMLDocument])
  ->  [aptEventHandler.js:139] observe([object XPCWrappedNative_NoHelper],"jaxerEvent.NewHTMLElement",null)
paths:
  -> file:///E:/Aptana%20Jaxer%20Apache/Jaxer/Apache2-4Build/jaxer/framework/src/ModuleLogger.js
  -> file:///E:/Aptana%20Jaxer%20Apache/Jaxer/Apache2-4Build/jaxer/framework/src/CoreEvents.js
  -> file:///E:/Aptana%20Jaxer%20Apache/Jaxer/Apache2-4Build/jaxer/components/aptEventHandler.js

01:10:37 12/24/2025 [ 22864] [TRACE] [JS Framework] [CoreEvents.fireEvent] Firing an event for INIT_HEAD
stack:
  ->  [ModuleLogger.js:98] trace("Firing an event for INIT_HEAD")
  ->  [CoreEvents.js:282] fireEvent("INIT_HEAD",[object Array])
  ->  [CoreEvents.js:238] fire("INIT_HEAD",[object XPCWrappedNative_NoHelper],[object HTMLDocument])
  ->  [aptEventHandler.js:139] observe([object XPCWrappedNative_NoHelper],"jaxerEvent.NewHTMLElement",null)
paths:
  -> file:///E:/Aptana%20Jaxer%20Apache/Jaxer/Apache2-4Build/jaxer/framework/src/ModuleLogger.js
  -> file:///E:/Aptana%20Jaxer%20Apache/Jaxer/Apache2-4Build/jaxer/framework/src/CoreEvents.js
  -> file:///E:/Aptana%20Jaxer%20Apache/Jaxer/Apache2-4Build/jaxer/components/aptEventHandler.js

01:10:37 12/24/2025 [ 22864] [TRACE] [JS Framework] [CoreEvents.fireEvent] Calling event handler: function onInitHead(evt, doc) {
    Jaxer.load = function lo...
stack:
  ->  [ModuleLogger.js:98] trace("Calling event handler: function onInitHead(evt, doc) {\n    Jaxer.load = function lo...")
  ->  [CoreEvents.js:292] fireEvent("INIT_HEAD",[object Array])
  ->  [CoreEvents.js:238] fire("INIT_HEAD",[object XPCWrappedNative_NoHelper],[object HTMLDocument])
  ->  [aptEventHandler.js:139] observe([object XPCWrappedNative_NoHelper],"jaxerEvent.NewHTMLElement",null)
paths:
  -> file:///E:/Aptana%20Jaxer%20Apache/Jaxer/Apache2-4Build/jaxer/framework/src/ModuleLogger.js
  -> file:///E:/Aptana%20Jaxer%20Apache/Jaxer/Apache2-4Build/jaxer/framework/src/CoreEvents.js
  -> file:///E:/Aptana%20Jaxer%20Apache/Jaxer/Apache2-4Build/jaxer/components/aptEventHandler.js

01:10:37 12/24/2025 [ 22864] [TRACE] [JS Framework] [Includer.evalOn] Evaluating using Jaxer.request.evaluateScript: contents = (function ... with global = [object ChromeWindow] and effectiveUrl = undefined
stack:
  ->  [ModuleLogger.js:98] trace("Evaluating using Jaxer.request.evaluateScript: contents = (function ... with global = [object ChromeWindow] and effectiveUrl = undefined")
  ->  [Includer.js:131] evalOn("(function extendDomSetters(global) {if (global.HTMLInputElement) {var inputValueSetter = global.HTMLInputElement.prototype.__lookupSetter__(\"value\");global.HTMLInputElement.prototype.__defineSetter__(\"value\", function (val) {inputValueSetter.call(this, val);this.setAttribute(\"value\", val);});var inputCheckedSetter = global.HTMLInputElement.prototype.__lookupSetter__(\"checked\");global.HTMLInputElement.prototype.__defineSetter__(\"checked\", function (val) {inputCheckedSetter.call(this, val);if (val) {this.setAttribute(\"checked\", null);} else {this.removeAttribute(\"checked\");}});}if (global.HTMLTextAreaElement) {var textAreaValueSetter = global.HTMLTextAreaElement.prototype.__lookupSetter__(\"value\");global.HTMLTextAreaElement.prototype.__defineSetter__(\"value\", function (val) {textAreaValueSetter.call(this, val);this.textContent = val;});}if (global.HTMLSelectElement) {var selectSelectedIndexSetter = global.HTMLSelectElement.prototype.__lookupSetter__(\"selectedIndex\");global.HTMLSelectElement.prototype.__defineSetter__(\"selectedIndex\", function (index) {selectSelectedIndexSetter.call(this, index);var option = this.options[index];if (option) {for (var i = 0, len = this.options.length; i < len; i++) {if (i == index) {this.options[i].setAttribute(\"selected\", null);} else {this.options[i].removeAttribute(\"selected\");}}}});}if (global.HTMLOptionElement) {var optionSelectedSetter = global.HTMLOptionElement.prototype.__lookupSetter__(\"selected\");global.HTMLOptionElement.prototype.__defineSetter__(\"selected\", function (val) {optionSelectedSetter.call(this, val);if (val) {this.setAttribute(\"selected\", null);} else {this.removeAttribute(\"selected\");}});}})(document.defaultView)",[object ChromeWindow])
  ->  [Overrides.js:370] applyAll([object ChromeWindow])
  ->  [InitHead.js:78] onInitHead([object XPCWrappedNative_NoHelper],[object HTMLDocument])
  ->  [CoreEvents.js:293] fireEvent("INIT_HEAD",[object Array])
  ->  [CoreEvents.js:238] fire("INIT_HEAD",[object XPCWrappedNative_NoHelper],[object HTMLDocument])
  ->  [aptEventHandler.js:139] observe([object XPCWrappedNative_NoHelper],"jaxerEvent.NewHTMLElement",null)
paths:
  -> file:///E:/Aptana%20Jaxer%20Apache/Jaxer/Apache2-4Build/jaxer/framework/src/ModuleLogger.js
  -> file:///E:/Aptana%20Jaxer%20Apache/Jaxer/Apache2-4Build/jaxer/framework/src/Includer.js
  -> file:///E:/Aptana%20Jaxer%20Apache/Jaxer/Apache2-4Build/jaxer/framework/src/Overrides.js
  -> file:///E:/Aptana%20Jaxer%20Apache/Jaxer/Apache2-4Build/jaxer/framework/src/InitHead.js
  -> file:///E:/Aptana%20Jaxer%20Apache/Jaxer/Apache2-4Build/jaxer/framework/src/CoreEvents.js
  -> file:///E:/Aptana%20Jaxer%20Apache/Jaxer/Apache2-4Build/jaxer/components/aptEventHandler.js

01:10:37 12/24/2025 [ 22864] [TRACE] [JS Framework] [CoreEvents.fire] At this time, evt.Request.isHandler=false and eventType: NEW_ELEMENT - BODY
stack:
  ->  [ModuleLogger.js:98] trace("At this time, evt.Request.isHandler=false and eventType: NEW_ELEMENT - BODY")
  ->  [CoreEvents.js:205] fire("NEW_ELEMENT",[object XPCWrappedNative_NoHelper],[object HTMLDocument],[object HTMLBodyElement])
  ->  [aptEventHandler.js:157] observe([object XPCWrappedNative_NoHelper],"jaxerEvent.NewHTMLElement",null)
paths:
  -> file:///E:/Aptana%20Jaxer%20Apache/Jaxer/Apache2-4Build/jaxer/framework/src/ModuleLogger.js
  -> file:///E:/Aptana%20Jaxer%20Apache/Jaxer/Apache2-4Build/jaxer/framework/src/CoreEvents.js
  -> file:///E:/Aptana%20Jaxer%20Apache/Jaxer/Apache2-4Build/jaxer/components/aptEventHandler.js

01:10:37 12/24/2025 [ 22864] [TRACE] [JS Framework] [CoreEvents.fireEvent] Firing an event for NEW_ELEMENT
stack:
  ->  [ModuleLogger.js:98] trace("Firing an event for NEW_ELEMENT")
  ->  [CoreEvents.js:282] fireEvent("NEW_ELEMENT",[object Array])
  ->  [CoreEvents.js:238] fire("NEW_ELEMENT",[object XPCWrappedNative_NoHelper],[object HTMLDocument],[object HTMLBodyElement])
  ->  [aptEventHandler.js:157] observe([object XPCWrappedNative_NoHelper],"jaxerEvent.NewHTMLElement",null)
paths:
  -> file:///E:/Aptana%20Jaxer%20Apache/Jaxer/Apache2-4Build/jaxer/framework/src/ModuleLogger.js
  -> file:///E:/Aptana%20Jaxer%20Apache/Jaxer/Apache2-4Build/jaxer/framework/src/CoreEvents.js
  -> file:///E:/Aptana%20Jaxer%20Apache/Jaxer/Apache2-4Build/jaxer/components/aptEventHandler.js

01:10:37 12/24/2025 [ 22864] [TRACE] [JS Framework] [CoreEvents.fireEvent] Calling event handler: function onNewElement(evt, doc, elt) {
    switch (elt.tagNa...
stack:
  ->  [ModuleLogger.js:98] trace("Calling event handler: function onNewElement(evt, doc, elt) {\n    switch (elt.tagNa...")
  ->  [CoreEvents.js:292] fireEvent("NEW_ELEMENT",[object Array])
  ->  [CoreEvents.js:238] fire("NEW_ELEMENT",[object XPCWrappedNative_NoHelper],[object HTMLDocument],[object HTMLBodyElement])
  ->  [aptEventHandler.js:157] observe([object XPCWrappedNative_NoHelper],"jaxerEvent.NewHTMLElement",null)
paths:
  -> file:///E:/Aptana%20Jaxer%20Apache/Jaxer/Apache2-4Build/jaxer/framework/src/ModuleLogger.js
  -> file:///E:/Aptana%20Jaxer%20Apache/Jaxer/Apache2-4Build/jaxer/framework/src/CoreEvents.js
  -> file:///E:/Aptana%20Jaxer%20Apache/Jaxer/Apache2-4Build/jaxer/components/aptEventHandler.js

01:10:37 12/24/2025 [ 22864] [TRACE] [JS Framework] [CoreEvents.fire] At this time, evt.Request.isHandler=false and eventType: PARSE_COMPLETE
stack:
  ->  [ModuleLogger.js:98] trace("At this time, evt.Request.isHandler=false and eventType: PARSE_COMPLETE")
  ->  [CoreEvents.js:205] fire("PARSE_COMPLETE",[object XPCWrappedNative_NoHelper],[object HTMLDocument])
  ->  [aptEventHandler.js:337] observe([object XPCWrappedNative_NoHelper],"jaxerEvent.HTMLParseComplete",null)
paths:
  -> file:///E:/Aptana%20Jaxer%20Apache/Jaxer/Apache2-4Build/jaxer/framework/src/ModuleLogger.js
  -> file:///E:/Aptana%20Jaxer%20Apache/Jaxer/Apache2-4Build/jaxer/framework/src/CoreEvents.js
  -> file:///E:/Aptana%20Jaxer%20Apache/Jaxer/Apache2-4Build/jaxer/components/aptEventHandler.js

01:10:37 12/24/2025 [ 22864] [TRACE] [JS Framework] [CoreEvents.fireEvent] Firing an event for HANDLE_PAGE
stack:
  ->  [ModuleLogger.js:98] trace("Firing an event for HANDLE_PAGE")
  ->  [CoreEvents.js:282] fireEvent("HANDLE_PAGE",[object Array])
  ->  [CoreEvents.js:234] fire("PARSE_COMPLETE",[object XPCWrappedNative_NoHelper],[object HTMLDocument])
  ->  [aptEventHandler.js:337] observe([object XPCWrappedNative_NoHelper],"jaxerEvent.HTMLParseComplete",null)
paths:
  -> file:///E:/Aptana%20Jaxer%20Apache/Jaxer/Apache2-4Build/jaxer/framework/src/ModuleLogger.js
  -> file:///E:/Aptana%20Jaxer%20Apache/Jaxer/Apache2-4Build/jaxer/framework/src/CoreEvents.js
  -> file:///E:/Aptana%20Jaxer%20Apache/Jaxer/Apache2-4Build/jaxer/components/aptEventHandler.js

01:10:37 12/24/2025 [ 22864] [TRACE] [JS Framework] [CoreEvents.fireEvent] Calling event handler: function onHandlePage(evt, doc) {
    if (checkErrors(doc)) ...
stack:
  ->  [ModuleLogger.js:98] trace("Calling event handler: function onHandlePage(evt, doc) {\n    if (checkErrors(doc)) ...")
  ->  [CoreEvents.js:292] fireEvent("HANDLE_PAGE",[object Array])
  ->  [CoreEvents.js:234] fire("PARSE_COMPLETE",[object XPCWrappedNative_NoHelper],[object HTMLDocument])
  ->  [aptEventHandler.js:337] observe([object XPCWrappedNative_NoHelper],"jaxerEvent.HTMLParseComplete",null)
paths:
  -> file:///E:/Aptana%20Jaxer%20Apache/Jaxer/Apache2-4Build/jaxer/framework/src/ModuleLogger.js
  -> file:///E:/Aptana%20Jaxer%20Apache/Jaxer/Apache2-4Build/jaxer/framework/src/CoreEvents.js
  -> file:///E:/Aptana%20Jaxer%20Apache/Jaxer/Apache2-4Build/jaxer/components/aptEventHandler.js

01:10:37 12/24/2025 [ 22864] [TRACE] [JS Framework] [HandlePage.onHandlePage] Processing onserverload with doc = [object HTMLDocument]
stack:
  ->  [ModuleLogger.js:98] trace("Processing onserverload with doc = [object HTMLDocument]")
  ->  [HandlePage.js:58] onHandlePage([object XPCWrappedNative_NoHelper],[object HTMLDocument])
  ->  [CoreEvents.js:293] fireEvent("HANDLE_PAGE",[object Array])
  ->  [CoreEvents.js:234] fire("PARSE_COMPLETE",[object XPCWrappedNative_NoHelper],[object HTMLDocument])
  ->  [aptEventHandler.js:337] observe([object XPCWrappedNative_NoHelper],"jaxerEvent.HTMLParseComplete",null)
paths:
  -> file:///E:/Aptana%20Jaxer%20Apache/Jaxer/Apache2-4Build/jaxer/framework/src/ModuleLogger.js
  -> file:///E:/Aptana%20Jaxer%20Apache/Jaxer/Apache2-4Build/jaxer/framework/src/HandlePage.js
  -> file:///E:/Aptana%20Jaxer%20Apache/Jaxer/Apache2-4Build/jaxer/framework/src/CoreEvents.js
  -> file:///E:/Aptana%20Jaxer%20Apache/Jaxer/Apache2-4Build/jaxer/components/aptEventHandler.js

01:10:37 12/24/2025 [ 22864] [TRACE] [JS Framework] [HandlePage.processLoadEvent] Processing load event 'serverload' with doc = [object HTMLDocument]
stack:
  ->  [ModuleLogger.js:98] trace("Processing load event 'serverload' with doc = [object HTMLDocument]")
  ->  [HandlePage.js:258] processLoadEvent("serverload",[object HTMLDocument],true)
  ->  [HandlePage.js:222] processOnServerLoad([object HTMLDocument])
  ->  [HandlePage.js:59] onHandlePage([object XPCWrappedNative_NoHelper],[object HTMLDocument])
  ->  [CoreEvents.js:293] fireEvent("HANDLE_PAGE",[object Array])
  ->  [CoreEvents.js:234] fire("PARSE_COMPLETE",[object XPCWrappedNative_NoHelper],[object HTMLDocument])
  ->  [aptEventHandler.js:337] observe([object XPCWrappedNative_NoHelper],"jaxerEvent.HTMLParseComplete",null)
paths:
  -> file:///E:/Aptana%20Jaxer%20Apache/Jaxer/Apache2-4Build/jaxer/framework/src/ModuleLogger.js
  -> file:///E:/Aptana%20Jaxer%20Apache/Jaxer/Apache2-4Build/jaxer/framework/src/HandlePage.js
  -> file:///E:/Aptana%20Jaxer%20Apache/Jaxer/Apache2-4Build/jaxer/framework/src/CoreEvents.js
  -> file:///E:/Aptana%20Jaxer%20Apache/Jaxer/Apache2-4Build/jaxer/components/aptEventHandler.js

01:10:37 12/24/2025 [ 22864] [TRACE] [JS Framework] [HandlePage.processLoadEvent] Processing load event 'load' with doc = [object HTMLDocument]
stack:
  ->  [ModuleLogger.js:98] trace("Processing load event 'load' with doc = [object HTMLDocument]")
  ->  [HandlePage.js:258] processLoadEvent("load",[object HTMLDocument],false)
  ->  [HandlePage.js:227] processOnServerLoad([object HTMLDocument])
  ->  [HandlePage.js:59] onHandlePage([object XPCWrappedNative_NoHelper],[object HTMLDocument])
  ->  [CoreEvents.js:293] fireEvent("HANDLE_PAGE",[object Array])
  ->  [CoreEvents.js:234] fire("PARSE_COMPLETE",[object XPCWrappedNative_NoHelper],[object HTMLDocument])
  ->  [aptEventHandler.js:337] observe([object XPCWrappedNative_NoHelper],"jaxerEvent.HTMLParseComplete",null)
paths:
  -> file:///E:/Aptana%20Jaxer%20Apache/Jaxer/Apache2-4Build/jaxer/framework/src/ModuleLogger.js
  -> file:///E:/Aptana%20Jaxer%20Apache/Jaxer/Apache2-4Build/jaxer/framework/src/HandlePage.js
  -> file:///E:/Aptana%20Jaxer%20Apache/Jaxer/Apache2-4Build/jaxer/framework/src/CoreEvents.js
  -> file:///E:/Aptana%20Jaxer%20Apache/Jaxer/Apache2-4Build/jaxer/components/aptEventHandler.js

01:10:37 12/24/2025 [ 22864] [DEBUG] [JS Framework] [HandlePage.onHandlePage] Script processing starting
stack:
  ->  [ModuleLogger.js:98] debug("Script processing starting")
  ->  [HandlePage.js:62] onHandlePage([object XPCWrappedNative_NoHelper],[object HTMLDocument])
  ->  [CoreEvents.js:293] fireEvent("HANDLE_PAGE",[object Array])
  ->  [CoreEvents.js:234] fire("PARSE_COMPLETE",[object XPCWrappedNative_NoHelper],[object HTMLDocument])
  ->  [aptEventHandler.js:337] observe([object XPCWrappedNative_NoHelper],"jaxerEvent.HTMLParseComplete",null)
paths:
  -> file:///E:/Aptana%20Jaxer%20Apache/Jaxer/Apache2-4Build/jaxer/framework/src/ModuleLogger.js
  -> file:///E:/Aptana%20Jaxer%20Apache/Jaxer/Apache2-4Build/jaxer/framework/src/HandlePage.js
  -> file:///E:/Aptana%20Jaxer%20Apache/Jaxer/Apache2-4Build/jaxer/framework/src/CoreEvents.js
  -> file:///E:/Aptana%20Jaxer%20Apache/Jaxer/Apache2-4Build/jaxer/components/aptEventHandler.js

01:10:37 12/24/2025 [ 22864] [DEBUG] [JS Framework] [CallbackManager.processScriptElements] Found 0 script blocks to conditionally post-process
stack:
  ->  [ModuleLogger.js:98] debug("Found 0 script blocks to conditionally post-process")
  ->  [CallbackManager.js:505] processScriptElements([object Object])
  ->  [CallbackManager.js:67] processCallbacks([object HTMLDocument])
  ->  [HandlePage.js:63] onHandlePage([object XPCWrappedNative_NoHelper],[object HTMLDocument])
  ->  [CoreEvents.js:293] fireEvent("HANDLE_PAGE",[object Array])
  ->  [CoreEvents.js:234] fire("PARSE_COMPLETE",[object XPCWrappedNative_NoHelper],[object HTMLDocument])
  ->  [aptEventHandler.js:337] observe([object XPCWrappedNative_NoHelper],"jaxerEvent.HTMLParseComplete",null)
paths:
  -> file:///E:/Aptana%20Jaxer%20Apache/Jaxer/Apache2-4Build/jaxer/framework/src/ModuleLogger.js
  -> file:///E:/Aptana%20Jaxer%20Apache/Jaxer/Apache2-4Build/jaxer/framework/src/CallbackManager.js
  -> file:///E:/Aptana%20Jaxer%20Apache/Jaxer/Apache2-4Build/jaxer/framework/src/HandlePage.js
  -> file:///E:/Aptana%20Jaxer%20Apache/Jaxer/Apache2-4Build/jaxer/framework/src/CoreEvents.js
  -> file:///E:/Aptana%20Jaxer%20Apache/Jaxer/Apache2-4Build/jaxer/components/aptEventHandler.js

01:10:37 12/24/2025 [ 22864] [TRACE] [JS Framework] [CallbackManager.cacheServerFunctions] Going to cache 0 functions...
stack:
  ->  [ModuleLogger.js:98] trace("Going to cache 0 functions...")
  ->  [CallbackManager.js:91] cacheServerFunctions([object Object])
  ->  [CallbackManager.js:73] processCallbacks([object HTMLDocument])
  ->  [HandlePage.js:63] onHandlePage([object XPCWrappedNative_NoHelper],[object HTMLDocument])
  ->  [CoreEvents.js:293] fireEvent("HANDLE_PAGE",[object Array])
  ->  [CoreEvents.js:234] fire("PARSE_COMPLETE",[object XPCWrappedNative_NoHelper],[object HTMLDocument])
  ->  [aptEventHandler.js:337] observe([object XPCWrappedNative_NoHelper],"jaxerEvent.HTMLParseComplete",null)
paths:
  -> file:///E:/Aptana%20Jaxer%20Apache/Jaxer/Apache2-4Build/jaxer/framework/src/ModuleLogger.js
  -> file:///E:/Aptana%20Jaxer%20Apache/Jaxer/Apache2-4Build/jaxer/framework/src/CallbackManager.js
  -> file:///E:/Aptana%20Jaxer%20Apache/Jaxer/Apache2-4Build/jaxer/framework/src/HandlePage.js
  -> file:///E:/Aptana%20Jaxer%20Apache/Jaxer/Apache2-4Build/jaxer/framework/src/CoreEvents.js
  -> file:///E:/Aptana%20Jaxer%20Apache/Jaxer/Apache2-4Build/jaxer/components/aptEventHandler.js

01:10:37 12/24/2025 [ 22864] [DEBUG] [JS Framework] [HandlePage.onHandlePage] Script processing complete
stack:
  ->  [ModuleLogger.js:98] debug("Script processing complete")
  ->  [HandlePage.js:64] onHandlePage([object XPCWrappedNative_NoHelper],[object HTMLDocument])
  ->  [CoreEvents.js:293] fireEvent("HANDLE_PAGE",[object Array])
  ->  [CoreEvents.js:234] fire("PARSE_COMPLETE",[object XPCWrappedNative_NoHelper],[object HTMLDocument])
  ->  [aptEventHandler.js:337] observe([object XPCWrappedNative_NoHelper],"jaxerEvent.HTMLParseComplete",null)
paths:
  -> file:///E:/Aptana%20Jaxer%20Apache/Jaxer/Apache2-4Build/jaxer/framework/src/ModuleLogger.js
  -> file:///E:/Aptana%20Jaxer%20Apache/Jaxer/Apache2-4Build/jaxer/framework/src/HandlePage.js
  -> file:///E:/Aptana%20Jaxer%20Apache/Jaxer/Apache2-4Build/jaxer/framework/src/CoreEvents.js
  -> file:///E:/Aptana%20Jaxer%20Apache/Jaxer/Apache2-4Build/jaxer/components/aptEventHandler.js

01:10:37 12/24/2025 [ 22864] [TRACE] [JS Framework] [HandlePage.processLoadEvent] Processing load event 'aftercallbackprocessing' with doc = [object HTMLDocument]
stack:
  ->  [ModuleLogger.js:98] trace("Processing load event 'aftercallbackprocessing' with doc = [object HTMLDocument]")
  ->  [HandlePage.js:258] processLoadEvent("aftercallbackprocessing",[object HTMLDocument],true)
  ->  [HandlePage.js:241] processAfterCallbackProcessing([object HTMLDocument])
  ->  [HandlePage.js:66] onHandlePage([object XPCWrappedNative_NoHelper],[object HTMLDocument])
  ->  [CoreEvents.js:293] fireEvent("HANDLE_PAGE",[object Array])
  ->  [CoreEvents.js:234] fire("PARSE_COMPLETE",[object XPCWrappedNative_NoHelper],[object HTMLDocument])
  ->  [aptEventHandler.js:337] observe([object XPCWrappedNative_NoHelper],"jaxerEvent.HTMLParseComplete",null)
paths:
  -> file:///E:/Aptana%20Jaxer%20Apache/Jaxer/Apache2-4Build/jaxer/framework/src/ModuleLogger.js
  -> file:///E:/Aptana%20Jaxer%20Apache/Jaxer/Apache2-4Build/jaxer/framework/src/HandlePage.js
  -> file:///E:/Aptana%20Jaxer%20Apache/Jaxer/Apache2-4Build/jaxer/framework/src/CoreEvents.js
  -> file:///E:/Aptana%20Jaxer%20Apache/Jaxer/Apache2-4Build/jaxer/components/aptEventHandler.js

01:10:37 12/24/2025 [ 22864] [DEBUG] [JS Framework] [SessionManager.keyToResponse] Saving session key to the client via cookie JaxerSessionId$$localhost:8081: 176589175647709027719934159097
stack:
  ->  [ModuleLogger.js:98] debug("Saving session key to the client via cookie JaxerSessionId$$localhost:8081: 176589175647709027719934159097")
  ->  [SessionManager.js:82] keyToResponse("localhost:8081","176589175647709027719934159097")
  ->  [Container.js:614] persistAll([object HTMLDocument])
  ->  [HandlePage.js:73] onHandlePage([object XPCWrappedNative_NoHelper],[object HTMLDocument])
  ->  [CoreEvents.js:293] fireEvent("HANDLE_PAGE",[object Array])
  ->  [CoreEvents.js:234] fire("PARSE_COMPLETE",[object XPCWrappedNative_NoHelper],[object HTMLDocument])
  ->  [aptEventHandler.js:337] observe([object XPCWrappedNative_NoHelper],"jaxerEvent.HTMLParseComplete",null)
paths:
  -> file:///E:/Aptana%20Jaxer%20Apache/Jaxer/Apache2-4Build/jaxer/framework/src/ModuleLogger.js
  -> file:///E:/Aptana%20Jaxer%20Apache/Jaxer/Apache2-4Build/jaxer/framework/src/SessionManager.js
  -> file:///E:/Aptana%20Jaxer%20Apache/Jaxer/Apache2-4Build/jaxer/framework/src/Container.js
  -> file:///E:/Aptana%20Jaxer%20Apache/Jaxer/Apache2-4Build/jaxer/framework/src/HandlePage.js
  -> file:///E:/Aptana%20Jaxer%20Apache/Jaxer/Apache2-4Build/jaxer/framework/src/CoreEvents.js
  -> file:///E:/Aptana%20Jaxer%20Apache/Jaxer/Apache2-4Build/jaxer/components/aptEventHandler.js

01:10:37 12/24/2025 [ 22864] [TRACE] [JS Framework] [Container.persist] For container APPLICATION:localhost:8081: Persisting
stack:
  ->  [ModuleLogger.js:98] trace("For container APPLICATION:localhost:8081: Persisting")
  ->  [Container.js:313] persist()
  ->  [Container.js:620] persistAll([object HTMLDocument])
  ->  [HandlePage.js:73] onHandlePage([object XPCWrappedNative_NoHelper],[object HTMLDocument])
  ->  [CoreEvents.js:293] fireEvent("HANDLE_PAGE",[object Array])
  ->  [CoreEvents.js:234] fire("PARSE_COMPLETE",[object XPCWrappedNative_NoHelper],[object HTMLDocument])
  ->  [aptEventHandler.js:337] observe([object XPCWrappedNative_NoHelper],"jaxerEvent.HTMLParseComplete",null)
paths:
  -> file:///E:/Aptana%20Jaxer%20Apache/Jaxer/Apache2-4Build/jaxer/framework/src/ModuleLogger.js
  -> file:///E:/Aptana%20Jaxer%20Apache/Jaxer/Apache2-4Build/jaxer/framework/src/Container.js
  -> file:///E:/Aptana%20Jaxer%20Apache/Jaxer/Apache2-4Build/jaxer/framework/src/HandlePage.js
  -> file:///E:/Aptana%20Jaxer%20Apache/Jaxer/Apache2-4Build/jaxer/framework/src/CoreEvents.js
  -> file:///E:/Aptana%20Jaxer%20Apache/Jaxer/Apache2-4Build/jaxer/components/aptEventHandler.js

01:10:37 12/24/2025 [ 22864] [TRACE] [JS Framework] [Container.persist] For container PAGE:localhost:8081/aptana/modal_window.html: Persisting
stack:
  ->  [ModuleLogger.js:98] trace("For container PAGE:localhost:8081/aptana/modal_window.html: Persisting")
  ->  [Container.js:313] persist()
  ->  [Container.js:620] persistAll([object HTMLDocument])
  ->  [HandlePage.js:73] onHandlePage([object XPCWrappedNative_NoHelper],[object HTMLDocument])
  ->  [CoreEvents.js:293] fireEvent("HANDLE_PAGE",[object Array])
  ->  [CoreEvents.js:234] fire("PARSE_COMPLETE",[object XPCWrappedNative_NoHelper],[object HTMLDocument])
  ->  [aptEventHandler.js:337] observe([object XPCWrappedNative_NoHelper],"jaxerEvent.HTMLParseComplete",null)
paths:
  -> file:///E:/Aptana%20Jaxer%20Apache/Jaxer/Apache2-4Build/jaxer/framework/src/ModuleLogger.js
  -> file:///E:/Aptana%20Jaxer%20Apache/Jaxer/Apache2-4Build/jaxer/framework/src/Container.js
  -> file:///E:/Aptana%20Jaxer%20Apache/Jaxer/Apache2-4Build/jaxer/framework/src/HandlePage.js
  -> file:///E:/Aptana%20Jaxer%20Apache/Jaxer/Apache2-4Build/jaxer/framework/src/CoreEvents.js
  -> file:///E:/Aptana%20Jaxer%20Apache/Jaxer/Apache2-4Build/jaxer/components/aptEventHandler.js

01:10:37 12/24/2025 [ 22864] [TRACE] [JS Framework] [Container.persist] For container SESSION:176589175647709027719934159097: Persisting
stack:
  ->  [ModuleLogger.js:98] trace("For container SESSION:176589175647709027719934159097: Persisting")
  ->  [Container.js:313] persist()
  ->  [Container.js:620] persistAll([object HTMLDocument])
  ->  [HandlePage.js:73] onHandlePage([object XPCWrappedNative_NoHelper],[object HTMLDocument])
  ->  [CoreEvents.js:293] fireEvent("HANDLE_PAGE",[object Array])
  ->  [CoreEvents.js:234] fire("PARSE_COMPLETE",[object XPCWrappedNative_NoHelper],[object HTMLDocument])
  ->  [aptEventHandler.js:337] observe([object XPCWrappedNative_NoHelper],"jaxerEvent.HTMLParseComplete",null)
paths:
  -> file:///E:/Aptana%20Jaxer%20Apache/Jaxer/Apache2-4Build/jaxer/framework/src/ModuleLogger.js
  -> file:///E:/Aptana%20Jaxer%20Apache/Jaxer/Apache2-4Build/jaxer/framework/src/Container.js
  -> file:///E:/Aptana%20Jaxer%20Apache/Jaxer/Apache2-4Build/jaxer/framework/src/HandlePage.js
  -> file:///E:/Aptana%20Jaxer%20Apache/Jaxer/Apache2-4Build/jaxer/framework/src/CoreEvents.js
  -> file:///E:/Aptana%20Jaxer%20Apache/Jaxer/Apache2-4Build/jaxer/components/aptEventHandler.js

01:10:37 12/24/2025 [ 22864] [TRACE] [JS Framework] [Container.persist] For container SESSION_PAGE:176589175647709027719934159097$$localhost:8081/aptana/modal_window.html: Persisting
stack:
  ->  [ModuleLogger.js:98] trace("For container SESSION_PAGE:176589175647709027719934159097$$localhost:8081/aptana/modal_window.html: Persisting")
  ->  [Container.js:313] persist()
  ->  [Container.js:620] persistAll([object HTMLDocument])
  ->  [HandlePage.js:73] onHandlePage([object XPCWrappedNative_NoHelper],[object HTMLDocument])
  ->  [CoreEvents.js:293] fireEvent("HANDLE_PAGE",[object Array])
  ->  [CoreEvents.js:234] fire("PARSE_COMPLETE",[object XPCWrappedNative_NoHelper],[object HTMLDocument])
  ->  [aptEventHandler.js:337] observe([object XPCWrappedNative_NoHelper],"jaxerEvent.HTMLParseComplete",null)
paths:
  -> file:///E:/Aptana%20Jaxer%20Apache/Jaxer/Apache2-4Build/jaxer/framework/src/ModuleLogger.js
  -> file:///E:/Aptana%20Jaxer%20Apache/Jaxer/Apache2-4Build/jaxer/framework/src/Container.js
  -> file:///E:/Aptana%20Jaxer%20Apache/Jaxer/Apache2-4Build/jaxer/framework/src/HandlePage.js
  -> file:///E:/Aptana%20Jaxer%20Apache/Jaxer/Apache2-4Build/jaxer/framework/src/CoreEvents.js
  -> file:///E:/Aptana%20Jaxer%20Apache/Jaxer/Apache2-4Build/jaxer/components/aptEventHandler.js

01:10:37 12/24/2025 [ 22864] [TRACE] [JS Framework] [HandlePage.onHandlePage] Containers persisted
stack:
  ->  [ModuleLogger.js:98] trace("Containers persisted")
  ->  [HandlePage.js:74] onHandlePage([object XPCWrappedNative_NoHelper],[object HTMLDocument])
  ->  [CoreEvents.js:293] fireEvent("HANDLE_PAGE",[object Array])
  ->  [CoreEvents.js:234] fire("PARSE_COMPLETE",[object XPCWrappedNative_NoHelper],[object HTMLDocument])
  ->  [aptEventHandler.js:337] observe([object XPCWrappedNative_NoHelper],"jaxerEvent.HTMLParseComplete",null)
paths:
  -> file:///E:/Aptana%20Jaxer%20Apache/Jaxer/Apache2-4Build/jaxer/framework/src/ModuleLogger.js
  -> file:///E:/Aptana%20Jaxer%20Apache/Jaxer/Apache2-4Build/jaxer/framework/src/HandlePage.js
  -> file:///E:/Aptana%20Jaxer%20Apache/Jaxer/Apache2-4Build/jaxer/framework/src/CoreEvents.js
  -> file:///E:/Aptana%20Jaxer%20Apache/Jaxer/Apache2-4Build/jaxer/components/aptEventHandler.js

01:10:37 12/24/2025 [ 22864] [TRACE] [JS Framework] [Response.useOriginalContents] Jaxer did not end up modifying this page or having any (known) side-effects - using original response in lieu of a Jaxer-generated one
stack:
  ->  [ModuleLogger.js:98] trace("Jaxer did not end up modifying this page or having any (known) side-effects - using original response in lieu of a Jaxer-generated one")
  ->  [Response.js:540] useOriginalContents()
  ->  [HandlePage.js:197] onHandlePage([object XPCWrappedNative_NoHelper],[object HTMLDocument])
  ->  [CoreEvents.js:293] fireEvent("HANDLE_PAGE",[object Array])
  ->  [CoreEvents.js:234] fire("PARSE_COMPLETE",[object XPCWrappedNative_NoHelper],[object HTMLDocument])
  ->  [aptEventHandler.js:337] observe([object XPCWrappedNative_NoHelper],"jaxerEvent.HTMLParseComplete",null)
paths:
  -> file:///E:/Aptana%20Jaxer%20Apache/Jaxer/Apache2-4Build/jaxer/framework/src/ModuleLogger.js
  -> file:///E:/Aptana%20Jaxer%20Apache/Jaxer/Apache2-4Build/jaxer/framework/src/Response.js
  -> file:///E:/Aptana%20Jaxer%20Apache/Jaxer/Apache2-4Build/jaxer/framework/src/HandlePage.js
  -> file:///E:/Aptana%20Jaxer%20Apache/Jaxer/Apache2-4Build/jaxer/framework/src/CoreEvents.js
  -> file:///E:/Aptana%20Jaxer%20Apache/Jaxer/Apache2-4Build/jaxer/components/aptEventHandler.js

01:10:37 12/24/2025 [ 22864] [TRACE] [JS Framework] [CoreEvents.fireEvent] Firing an event for PARSE_COMPLETE
stack:
  ->  [ModuleLogger.js:98] trace("Firing an event for PARSE_COMPLETE")
  ->  [CoreEvents.js:282] fireEvent("PARSE_COMPLETE",[object Array])
  ->  [CoreEvents.js:238] fire("PARSE_COMPLETE",[object XPCWrappedNative_NoHelper],[object HTMLDocument])
  ->  [aptEventHandler.js:337] observe([object XPCWrappedNative_NoHelper],"jaxerEvent.HTMLParseComplete",null)
paths:
  -> file:///E:/Aptana%20Jaxer%20Apache/Jaxer/Apache2-4Build/jaxer/framework/src/ModuleLogger.js
  -> file:///E:/Aptana%20Jaxer%20Apache/Jaxer/Apache2-4Build/jaxer/framework/src/CoreEvents.js
  -> file:///E:/Aptana%20Jaxer%20Apache/Jaxer/Apache2-4Build/jaxer/components/aptEventHandler.js

01:10:37 12/24/2025 [ 22864] [TRACE] [JS Framework] [CoreEvents.fireEvent] Calling event handler: function onParseComplete(evt, doc) {
    Jaxer.__tempLoad.cl...
stack:
  ->  [ModuleLogger.js:98] trace("Calling event handler: function onParseComplete(evt, doc) {\n    Jaxer.__tempLoad.cl...")
  ->  [CoreEvents.js:292] fireEvent("PARSE_COMPLETE",[object Array])
  ->  [CoreEvents.js:238] fire("PARSE_COMPLETE",[object XPCWrappedNative_NoHelper],[object HTMLDocument])
  ->  [aptEventHandler.js:337] observe([object XPCWrappedNative_NoHelper],"jaxerEvent.HTMLParseComplete",null)
paths:
  -> file:///E:/Aptana%20Jaxer%20Apache/Jaxer/Apache2-4Build/jaxer/framework/src/ModuleLogger.js
  -> file:///E:/Aptana%20Jaxer%20Apache/Jaxer/Apache2-4Build/jaxer/framework/src/CoreEvents.js
  -> file:///E:/Aptana%20Jaxer%20Apache/Jaxer/Apache2-4Build/jaxer/components/aptEventHandler.js

01:10:37 12/24/2025 [ 22864] [TRACE] [JS Framework] [CoreEvents.fire] At this time, evt.Request.isHandler=false and eventType: REQUEST_COMPLETE
stack:
  ->  [ModuleLogger.js:98] trace("At this time, evt.Request.isHandler=false and eventType: REQUEST_COMPLETE")
  ->  [CoreEvents.js:205] fire("REQUEST_COMPLETE",[object XPCWrappedNative_NoHelper])
  ->  [aptEventHandler.js:351] observe([object XPCWrappedNative_NoHelper],"jaxerEvent.RequestComplete",null)
paths:
  -> file:///E:/Aptana%20Jaxer%20Apache/Jaxer/Apache2-4Build/jaxer/framework/src/ModuleLogger.js
  -> file:///E:/Aptana%20Jaxer%20Apache/Jaxer/Apache2-4Build/jaxer/framework/src/CoreEvents.js
  -> file:///E:/Aptana%20Jaxer%20Apache/Jaxer/Apache2-4Build/jaxer/components/aptEventHandler.js

01:10:37 12/24/2025 [ 22864] [TRACE] [JS Framework] [CoreEvents.fireEvent] Firing an event for REQUEST_COMPLETE
stack:
  ->  [ModuleLogger.js:98] trace("Firing an event for REQUEST_COMPLETE")
  ->  [CoreEvents.js:282] fireEvent("REQUEST_COMPLETE",[object Array])
  ->  [CoreEvents.js:238] fire("REQUEST_COMPLETE",[object XPCWrappedNative_NoHelper])
  ->  [aptEventHandler.js:351] observe([object XPCWrappedNative_NoHelper],"jaxerEvent.RequestComplete",null)
paths:
  -> file:///E:/Aptana%20Jaxer%20Apache/Jaxer/Apache2-4Build/jaxer/framework/src/ModuleLogger.js
  -> file:///E:/Aptana%20Jaxer%20Apache/Jaxer/Apache2-4Build/jaxer/framework/src/CoreEvents.js
  -> file:///E:/Aptana%20Jaxer%20Apache/Jaxer/Apache2-4Build/jaxer/components/aptEventHandler.js

01:10:37 12/24/2025 [ 22864] [TRACE] [JS Framework] [CoreEvents.fireEvent] Calling event handler: function onRequestComplete(evt) {
}...
stack:
  ->  [ModuleLogger.js:98] trace("Calling event handler: function onRequestComplete(evt) {\n}...")
  ->  [CoreEvents.js:292] fireEvent("REQUEST_COMPLETE",[object Array])
  ->  [CoreEvents.js:238] fire("REQUEST_COMPLETE",[object XPCWrappedNative_NoHelper])
  ->  [aptEventHandler.js:351] observe([object XPCWrappedNative_NoHelper],"jaxerEvent.RequestComplete",null)
paths:
  -> file:///E:/Aptana%20Jaxer%20Apache/Jaxer/Apache2-4Build/jaxer/framework/src/ModuleLogger.js
  -> file:///E:/Aptana%20Jaxer%20Apache/Jaxer/Apache2-4Build/jaxer/framework/src/CoreEvents.js
  -> file:///E:/Aptana%20Jaxer%20Apache/Jaxer/Apache2-4Build/jaxer/components/aptEventHandler.js

01:10:37 12/24/2025 [ 32928] [TRACE] [JS Framework] [CoreEvents.fire] At this time, evt.Request.isHandler=false and eventType: REQUEST_START
stack:
  ->  [ModuleLogger.js:98] trace("At this time, evt.Request.isHandler=false and eventType: REQUEST_START")
  ->  [CoreEvents.js:205] fire("REQUEST_START",[object XPCWrappedNative_NoHelper])
  ->  [aptEventHandler.js:292] observe([object XPCWrappedNative_NoHelper],"jaxerEvent.RequestStart",null)
paths:
  -> file:///E:/Aptana%20Jaxer%20Apache/Jaxer/Apache2-4Build/jaxer/framework/src/ModuleLogger.js
  -> file:///E:/Aptana%20Jaxer%20Apache/Jaxer/Apache2-4Build/jaxer/framework/src/CoreEvents.js
  -> file:///E:/Aptana%20Jaxer%20Apache/Jaxer/Apache2-4Build/jaxer/components/aptEventHandler.js

01:10:37 12/24/2025 [ 32928] [TRACE] [JS Framework] [CoreEvents.fireEvent] Firing an event for REQUEST_START
stack:
  ->  [ModuleLogger.js:98] trace("Firing an event for REQUEST_START")
  ->  [CoreEvents.js:282] fireEvent("REQUEST_START",[object Array])
  ->  [CoreEvents.js:238] fire("REQUEST_START",[object XPCWrappedNative_NoHelper])
  ->  [aptEventHandler.js:292] observe([object XPCWrappedNative_NoHelper],"jaxerEvent.RequestStart",null)
paths:
  -> file:///E:/Aptana%20Jaxer%20Apache/Jaxer/Apache2-4Build/jaxer/framework/src/ModuleLogger.js
  -> file:///E:/Aptana%20Jaxer%20Apache/Jaxer/Apache2-4Build/jaxer/framework/src/CoreEvents.js
  -> file:///E:/Aptana%20Jaxer%20Apache/Jaxer/Apache2-4Build/jaxer/components/aptEventHandler.js

01:10:37 12/24/2025 [ 32928] [TRACE] [JS Framework] [CoreEvents.fireEvent] Calling event handler: function onRequestStart(evt) {
}...
stack:
  ->  [ModuleLogger.js:98] trace("Calling event handler: function onRequestStart(evt) {\n}...")
  ->  [CoreEvents.js:292] fireEvent("REQUEST_START",[object Array])
  ->  [CoreEvents.js:238] fire("REQUEST_START",[object XPCWrappedNative_NoHelper])
  ->  [aptEventHandler.js:292] observe([object XPCWrappedNative_NoHelper],"jaxerEvent.RequestStart",null)
paths:
  -> file:///E:/Aptana%20Jaxer%20Apache/Jaxer/Apache2-4Build/jaxer/framework/src/ModuleLogger.js
  -> file:///E:/Aptana%20Jaxer%20Apache/Jaxer/Apache2-4Build/jaxer/framework/src/CoreEvents.js
  -> file:///E:/Aptana%20Jaxer%20Apache/Jaxer/Apache2-4Build/jaxer/components/aptEventHandler.js

01:10:37 12/24/2025 [ 32928] [TRACE] [JS Framework] [CoreEvents.fire] At this time, evt.Request.isHandler=false and eventType: PARSE_START
stack:
  ->  [ModuleLogger.js:98] trace("At this time, evt.Request.isHandler=false and eventType: PARSE_START")
  ->  [CoreEvents.js:205] fire("PARSE_START",[object XPCWrappedNative_NoHelper])
  ->  [aptEventHandler.js:306] observe([object XPCWrappedNative_NoHelper],"jaxerEvent.HTMLParseStart",null)
paths:
  -> file:///E:/Aptana%20Jaxer%20Apache/Jaxer/Apache2-4Build/jaxer/framework/src/ModuleLogger.js
  -> file:///E:/Aptana%20Jaxer%20Apache/Jaxer/Apache2-4Build/jaxer/framework/src/CoreEvents.js
  -> file:///E:/Aptana%20Jaxer%20Apache/Jaxer/Apache2-4Build/jaxer/components/aptEventHandler.js

01:10:37 12/24/2025 [ 32928] [TRACE] [JS Framework] [CoreEvents.fireEvent] Firing an event for PARSE_START
stack:
  ->  [ModuleLogger.js:98] trace("Firing an event for PARSE_START")
  ->  [CoreEvents.js:282] fireEvent("PARSE_START",[object Array])
  ->  [CoreEvents.js:238] fire("PARSE_START",[object XPCWrappedNative_NoHelper])
  ->  [aptEventHandler.js:306] observe([object XPCWrappedNative_NoHelper],"jaxerEvent.HTMLParseStart",null)
paths:
  -> file:///E:/Aptana%20Jaxer%20Apache/Jaxer/Apache2-4Build/jaxer/framework/src/ModuleLogger.js
  -> file:///E:/Aptana%20Jaxer%20Apache/Jaxer/Apache2-4Build/jaxer/framework/src/CoreEvents.js
  -> file:///E:/Aptana%20Jaxer%20Apache/Jaxer/Apache2-4Build/jaxer/components/aptEventHandler.js

01:10:37 12/24/2025 [ 32928] [TRACE] [JS Framework] [CoreEvents.fireEvent] Calling event handler: function onParseStart(evt) {
    Jaxer.request = frameworkGl...
stack:
  ->  [ModuleLogger.js:98] trace("Calling event handler: function onParseStart(evt) {\n    Jaxer.request = frameworkGl...")
  ->  [CoreEvents.js:292] fireEvent("PARSE_START",[object Array])
  ->  [CoreEvents.js:238] fire("PARSE_START",[object XPCWrappedNative_NoHelper])
  ->  [aptEventHandler.js:306] observe([object XPCWrappedNative_NoHelper],"jaxerEvent.HTMLParseStart",null)
paths:
  -> file:///E:/Aptana%20Jaxer%20Apache/Jaxer/Apache2-4Build/jaxer/framework/src/ModuleLogger.js
  -> file:///E:/Aptana%20Jaxer%20Apache/Jaxer/Apache2-4Build/jaxer/framework/src/CoreEvents.js
  -> file:///E:/Aptana%20Jaxer%20Apache/Jaxer/Apache2-4Build/jaxer/components/aptEventHandler.js

01:10:37 12/24/2025 [ 32928] [TRACE] [JS Framework] [Request.Request] Constructing request from: ({constructorErrors:[], _request:{}, method:"GET", isHandler:false, uri:"/aptana/samples/chat/index.html", protocol:"HTTP/1.1", remoteUser:"", remoteHost:"desktop-lpv0ncp", remoteAddr:"::1", pageFile:"E:/Aptana Jaxer Apache/Jaxer/Apache2-4Build/jaxer/aptana/samples/chat/index.html", documentRoot:"E:/Aptana Jaxer Apache/Jaxer/Apache2-4Build/public", OS:"WINNT", isJaxerServer:false, isHTTPS:false, queryString:"", logFileNativePath:"", action:"GET", headers:{Host:"localhost:8081", Connection:"keep-alive", 'sec-ch-ua':"\"Chromium\";v=\"140\", \"Not=A?Brand\";v=\"24\", \"Opera\";v=\"124\"", 'sec-ch-ua-mobile':"?0", 'sec-ch-ua-platform':"\"Windows\"", 'Upgrade-Insecure-Requests':"1", 'User-Agent':"Mozilla/5.0 (Windows NT 10.0; Win64; x64) AppleWebKit/537.36 (KHTML, like Gecko) Chrome/140.0.0.0 Safari/537.36 OPR/124.0.0.0", Accept:"text/html,application/xhtml+xml,application/xml;q=0.9,image/avif,image/webp,image/apng,*/*;q=0.8,application/signed-exchange;v=b3;q=0.7", 'Sec-Fetch-Site':"same-origin", 'Sec-Fetch-Mode':"navigate", 'Sec-Fetch-User':"?1", 'Sec-Fetch-Dest':"iframe", Referer:"http://localhost:8081/aptana/", 'Accept-Encoding':"gzip, deflate, br, zstd", 'Accept-Language':"en-US,en;q=0.9", Cookie:"JaxerSessionId%24%24localhost%3A8081=176589175647709027719934159097; JaxerSessionId%24%24diagnostics=1766389857171006019406608883027; JaxerSessionId%24%24chat=176650225815408013378880202926; JaxerSessionId%24%24smtp-email=1766502615487048247814800171795; JaxerSessionId%24%24rss-sample=1766502620172023884340692192807; JaxerSessionId%24%24tasks=176650262827103192941976629359; JaxerSessionId%24%24wikilite=1766502633159009874746526267386"}})
stack:
  ->  [ModuleLogger.js:98] trace("Constructing request from: ({constructorErrors:[], _request:{}, method:\"GET\", isHandler:false, uri:\"/aptana/samples/chat/index.html\", protocol:\"HTTP/1.1\", remoteUser:\"\", remoteHost:\"desktop-lpv0ncp\", remoteAddr:\"::1\", pageFile:\"E:/Aptana Jaxer Apache/Jaxer/Apache2-4Build/jaxer/aptana/samples/chat/index.html\", documentRoot:\"E:/Aptana Jaxer Apache/Jaxer/Apache2-4Build/public\", OS:\"WINNT\", isJaxerServer:false, isHTTPS:false, queryString:\"\", logFileNativePath:\"\", action:\"GET\", headers:{Host:\"localhost:8081\", Connection:\"keep-alive\", 'sec-ch-ua':\"\\\"Chromium\\\";v=\\\"140\\\", \\\"Not=A?Brand\\\";v=\\\"24\\\", \\\"Opera\\\";v=\\\"124\\\"\", 'sec-ch-ua-mobile':\"?0\", 'sec-ch-ua-platform':\"\\\"Windows\\\"\", 'Upgrade-Insecure-Requests':\"1\", 'User-Agent':\"Mozilla/5.0 (Windows NT 10.0; Win64; x64) AppleWebKit/537.36 (KHTML, like Gecko) Chrome/140.0.0.0 Safari/537.36 OPR/124.0.0.0\", Accept:\"text/html,application/xhtml+xml,application/xml;q=0.9,image/avif,image/webp,image/apng,*/*;q=0.8,application/signed-exchange;v=b3;q=0.7\", 'Sec-Fetch-Site':\"same-origin\", 'Sec-Fetch-Mode':\"navigate\", 'Sec-Fetch-User':\"?1\", 'Sec-Fetch-Dest':\"iframe\", Referer:\"http://localhost:8081/aptana/\", 'Accept-Encoding':\"gzip, deflate, br, zstd\", 'Accept-Language':\"en-US,en;q=0.9\", Cookie:\"JaxerSessionId%24%24localhost%3A8081=176589175647709027719934159097; JaxerSessionId%24%24diagnostics=1766389857171006019406608883027; JaxerSessionId%24%24chat=176650225815408013378880202926; JaxerSessionId%24%24smtp-email=1766502615487048247814800171795; JaxerSessionId%24%24rss-sample=1766502620172023884340692192807; JaxerSessionId%24%24tasks=176650262827103192941976629359; JaxerSessionId%24%24wikilite=1766502633159009874746526267386\"}})")
  ->  [Request.js:202] Request([object XPCWrappedNative_NoHelper])
  ->  [ParseStart.js:49] onParseStart([object XPCWrappedNative_NoHelper])
  ->  [CoreEvents.js:293] fireEvent("PARSE_START",[object Array])
  ->  [CoreEvents.js:238] fire("PARSE_START",[object XPCWrappedNative_NoHelper])
  ->  [aptEventHandler.js:306] observe([object XPCWrappedNative_NoHelper],"jaxerEvent.HTMLParseStart",null)
paths:
  -> file:///E:/Aptana%20Jaxer%20Apache/Jaxer/Apache2-4Build/jaxer/framework/src/ModuleLogger.js
  -> file:///E:/Aptana%20Jaxer%20Apache/Jaxer/Apache2-4Build/jaxer/framework/src/Request.js
  -> file:///E:/Aptana%20Jaxer%20Apache/Jaxer/Apache2-4Build/jaxer/framework/src/ParseStart.js
  -> file:///E:/Aptana%20Jaxer%20Apache/Jaxer/Apache2-4Build/jaxer/framework/src/CoreEvents.js
  -> file:///E:/Aptana%20Jaxer%20Apache/Jaxer/Apache2-4Build/jaxer/components/aptEventHandler.js

01:10:37 12/24/2025 [ 32928] [TRACE] [JS Framework] [ParseStart.onParseStart] Matching app using parsedUrl='({url:"http://localhost:8081/aptana/samples/chat/index.html", scheme:"http", protocol:"http", authority:"localhost:8081", path:"/aptana/samples/chat/index.html", query:"", fragment:"", userInfo:"", host:"localhost", port:"8081", hostAndPort:"localhost:8081", base:"http://localhost:8081", subdomain:"", domain:"localhost", pathParts:["aptana", "samples", "chat", "index.html"], leaf:"index.html", queryParts:{}})'
stack:
  ->  [ModuleLogger.js:98] trace("Matching app using parsedUrl='({url:\"http://localhost:8081/aptana/samples/chat/index.html\", scheme:\"http\", protocol:\"http\", authority:\"localhost:8081\", path:\"/aptana/samples/chat/index.html\", query:\"\", fragment:\"\", userInfo:\"\", host:\"localhost\", port:\"8081\", hostAndPort:\"localhost:8081\", base:\"http://localhost:8081\", subdomain:\"\", domain:\"localhost\", pathParts:[\"aptana\", \"samples\", \"chat\", \"index.html\"], leaf:\"index.html\", queryParts:{}})'")
  ->  [ParseStart.js:81] onParseStart([object XPCWrappedNative_NoHelper])
  ->  [CoreEvents.js:293] fireEvent("PARSE_START",[object Array])
  ->  [CoreEvents.js:238] fire("PARSE_START",[object XPCWrappedNative_NoHelper])
  ->  [aptEventHandler.js:306] observe([object XPCWrappedNative_NoHelper],"jaxerEvent.HTMLParseStart",null)
paths:
  -> file:///E:/Aptana%20Jaxer%20Apache/Jaxer/Apache2-4Build/jaxer/framework/src/ModuleLogger.js
  -> file:///E:/Aptana%20Jaxer%20Apache/Jaxer/Apache2-4Build/jaxer/framework/src/ParseStart.js
  -> file:///E:/Aptana%20Jaxer%20Apache/Jaxer/Apache2-4Build/jaxer/framework/src/CoreEvents.js
  -> file:///E:/Aptana%20Jaxer%20Apache/Jaxer/Apache2-4Build/jaxer/components/aptEventHandler.js

01:10:37 12/24/2025 [ 32928] [TRACE] [JS Framework] [App.init] Initializing app 'DEFAULT' (urlTest: /.*/)
stack:
  ->  [ModuleLogger.js:98] trace("Initializing app 'DEFAULT' (urlTest: /.*/)")
  ->  [App.js:184] init()
  ->  [ParseStart.js:110] onParseStart([object XPCWrappedNative_NoHelper])
  ->  [CoreEvents.js:293] fireEvent("PARSE_START",[object Array])
  ->  [CoreEvents.js:238] fire("PARSE_START",[object XPCWrappedNative_NoHelper])
  ->  [aptEventHandler.js:306] observe([object XPCWrappedNative_NoHelper],"jaxerEvent.HTMLParseStart",null)
paths:
  -> file:///E:/Aptana%20Jaxer%20Apache/Jaxer/Apache2-4Build/jaxer/framework/src/ModuleLogger.js
  -> file:///E:/Aptana%20Jaxer%20Apache/Jaxer/Apache2-4Build/jaxer/framework/src/App.js
  -> file:///E:/Aptana%20Jaxer%20Apache/Jaxer/Apache2-4Build/jaxer/framework/src/ParseStart.js
  -> file:///E:/Aptana%20Jaxer%20Apache/Jaxer/Apache2-4Build/jaxer/framework/src/CoreEvents.js
  -> file:///E:/Aptana%20Jaxer%20Apache/Jaxer/Apache2-4Build/jaxer/components/aptEventHandler.js

01:10:37 12/24/2025 [ 32928] [TRACE] [JS Framework] [App.init] APP_KEY for app 'DEFAULT': localhost:8081
stack:
  ->  [ModuleLogger.js:98] trace("APP_KEY for app 'DEFAULT': localhost:8081")
  ->  [App.js:196] init()
  ->  [ParseStart.js:110] onParseStart([object XPCWrappedNative_NoHelper])
  ->  [CoreEvents.js:293] fireEvent("PARSE_START",[object Array])
  ->  [CoreEvents.js:238] fire("PARSE_START",[object XPCWrappedNative_NoHelper])
  ->  [aptEventHandler.js:306] observe([object XPCWrappedNative_NoHelper],"jaxerEvent.HTMLParseStart",null)
paths:
  -> file:///E:/Aptana%20Jaxer%20Apache/Jaxer/Apache2-4Build/jaxer/framework/src/ModuleLogger.js
  -> file:///E:/Aptana%20Jaxer%20Apache/Jaxer/Apache2-4Build/jaxer/framework/src/App.js
  -> file:///E:/Aptana%20Jaxer%20Apache/Jaxer/Apache2-4Build/jaxer/framework/src/ParseStart.js
  -> file:///E:/Aptana%20Jaxer%20Apache/Jaxer/Apache2-4Build/jaxer/framework/src/CoreEvents.js
  -> file:///E:/Aptana%20Jaxer%20Apache/Jaxer/Apache2-4Build/jaxer/components/aptEventHandler.js

01:10:37 12/24/2025 [ 32928] [TRACE] [JS Framework] [App.init] PAGE_KEY for app 'DEFAULT': localhost:8081/aptana/samples/chat/index.html
stack:
  ->  [ModuleLogger.js:98] trace("PAGE_KEY for app 'DEFAULT': localhost:8081/aptana/samples/chat/index.html")
  ->  [App.js:208] init()
  ->  [ParseStart.js:110] onParseStart([object XPCWrappedNative_NoHelper])
  ->  [CoreEvents.js:293] fireEvent("PARSE_START",[object Array])
  ->  [CoreEvents.js:238] fire("PARSE_START",[object XPCWrappedNative_NoHelper])
  ->  [aptEventHandler.js:306] observe([object XPCWrappedNative_NoHelper],"jaxerEvent.HTMLParseStart",null)
paths:
  -> file:///E:/Aptana%20Jaxer%20Apache/Jaxer/Apache2-4Build/jaxer/framework/src/ModuleLogger.js
  -> file:///E:/Aptana%20Jaxer%20Apache/Jaxer/Apache2-4Build/jaxer/framework/src/App.js
  -> file:///E:/Aptana%20Jaxer%20Apache/Jaxer/Apache2-4Build/jaxer/framework/src/ParseStart.js
  -> file:///E:/Aptana%20Jaxer%20Apache/Jaxer/Apache2-4Build/jaxer/framework/src/CoreEvents.js
  -> file:///E:/Aptana%20Jaxer%20Apache/Jaxer/Apache2-4Build/jaxer/components/aptEventHandler.js

01:10:37 12/24/2025 [ 32928] [TRACE] [JS Framework] [App.init] PATH for app 'DEFAULT': resource:///../local_jaxer/data/DEFAULT
stack:
  ->  [ModuleLogger.js:98] trace("PATH for app 'DEFAULT': resource:///../local_jaxer/data/DEFAULT")
  ->  [App.js:231] init()
  ->  [ParseStart.js:110] onParseStart([object XPCWrappedNative_NoHelper])
  ->  [CoreEvents.js:293] fireEvent("PARSE_START",[object Array])
  ->  [CoreEvents.js:238] fire("PARSE_START",[object XPCWrappedNative_NoHelper])
  ->  [aptEventHandler.js:306] observe([object XPCWrappedNative_NoHelper],"jaxerEvent.HTMLParseStart",null)
paths:
  -> file:///E:/Aptana%20Jaxer%20Apache/Jaxer/Apache2-4Build/jaxer/framework/src/ModuleLogger.js
  -> file:///E:/Aptana%20Jaxer%20Apache/Jaxer/Apache2-4Build/jaxer/framework/src/App.js
  -> file:///E:/Aptana%20Jaxer%20Apache/Jaxer/Apache2-4Build/jaxer/framework/src/ParseStart.js
  -> file:///E:/Aptana%20Jaxer%20Apache/Jaxer/Apache2-4Build/jaxer/framework/src/CoreEvents.js
  -> file:///E:/Aptana%20Jaxer%20Apache/Jaxer/Apache2-4Build/jaxer/components/aptEventHandler.js

01:10:37 12/24/2025 [ 32928] [TRACE] [JS Framework] [App.App] Constructing App from props: ({urlTest:(function (parsedUrl) {return parsedUrl.pathParts.length > 2 && parsedUrl.pathParts[0] == "aptana" && parsedUrl.pathParts[1] == "samples";}), name:(function (parsedUrl) {return parsedUrl.pathParts[2];}), path:(function (resolvedName, parsedUrl) {return Dir.combine(Config.DEFAULT_PATH_BASE, "samples", resolvedName);}), db:(function (resolvedName, parsedUrl) {switch (Config.DEFAULT_DB.IMPLEMENTATION) {case "SQLite":return Util.extend(Config.DEFAULT_DB, {PATH: Dir.combine(Config.DEFAULT_PATH_BASE, "samples", resolvedName, resolvedName + ".sqlite")});case "MySQL":return Util.extend(Config.DEFAULT_DB, {NAME: resolvedName});default:throw new Exception("Unrecognized database implementation: " + Config.DEFAULT_DB.IMPLEMENTATION);}})}) and a default app of: ({urlTest:/.*/, name:"DEFAULT", appKey:(function (parsedUrl) {return parsedUrl.hostAndPort;}), pageKey:(function (parsedUrl) {return parsedUrl.hostAndPort + parsedUrl.path;}), db:function smartDB(resolvedName, parsedUrl) {switch (Config.DEFAULT_DB.IMPLEMENTATION) {case "SQLite":return Util.extend(Config.DEFAULT_DB, {PATH: Dir.combine(Config.DEFAULT_PATH_BASE, resolvedName, "appdata.sqlite")});case "MySQL":return Util.extend(Config.DEFAULT_DB, {NAME: resolvedName});default:throw new Exception("Unrecognized database implementation: " + Config.DEFAULT_DB.IMPLEMENTATION);}}, path:(function (resolvedName, parsedUrl) {return Dir.combine(Config.DEFAULT_PATH_BASE, resolvedName);}), handler:(void 0), get NAME () {return _NAME;}, get APP_KEY () {return _APP_KEY;}, get PAGE_KEY () {return _PAGE_KEY;}, get DB () {return _DB;}, get PATH () {return _PATH;}})
stack:
  ->  [ModuleLogger.js:98] trace("Constructing App from props: ({urlTest:(function (parsedUrl) {return parsedUrl.pathParts.length > 2 && parsedUrl.pathParts[0] == \"aptana\" && parsedUrl.pathParts[1] == \"samples\";}), name:(function (parsedUrl) {return parsedUrl.pathParts[2];}), path:(function (resolvedName, parsedUrl) {return Dir.combine(Config.DEFAULT_PATH_BASE, \"samples\", resolvedName);}), db:(function (resolvedName, parsedUrl) {switch (Config.DEFAULT_DB.IMPLEMENTATION) {case \"SQLite\":return Util.extend(Config.DEFAULT_DB, {PATH: Dir.combine(Config.DEFAULT_PATH_BASE, \"samples\", resolvedName, resolvedName + \".sqlite\")});case \"MySQL\":return Util.extend(Config.DEFAULT_DB, {NAME: resolvedName});default:throw new Exception(\"Unrecognized database implementation: \" + Config.DEFAULT_DB.IMPLEMENTATION);}})}) and a default app of: ({urlTest:/.*/, name:\"DEFAULT\", appKey:(function (parsedUrl) {return parsedUrl.hostAndPort;}), pageKey:(function (parsedUrl) {return parsedUrl.hostAndPort + parsedUrl.path;}), db:function smartDB(resolvedName, parsedUrl) {switch (Config.DEFAULT_DB.IMPLEMENTATION) {case \"SQLite\":return Util.extend(Config.DEFAULT_DB, {PATH: Dir.combine(Config.DEFAULT_PATH_BASE, resolvedName, \"appdata.sqlite\")});case \"MySQL\":return Util.extend(Config.DEFAULT_DB, {NAME: resolvedName});default:throw new Exception(\"Unrecognized database implementation: \" + Config.DEFAULT_DB.IMPLEMENTATION);}}, path:(function (resolvedName, parsedUrl) {return Dir.combine(Config.DEFAULT_PATH_BASE, resolvedName);}), handler:(void 0), get NAME () {return _NAME;}, get APP_KEY () {return _APP_KEY;}, get PAGE_KEY () {return _PAGE_KEY;}, get DB () {return _DB;}, get PATH () {return _PATH;}})")
  ->  [App.js:56] App([object Object])
  ->  [ParseStart.js:111] onParseStart([object XPCWrappedNative_NoHelper])
  ->  [CoreEvents.js:293] fireEvent("PARSE_START",[object Array])
  ->  [CoreEvents.js:238] fire("PARSE_START",[object XPCWrappedNative_NoHelper])
  ->  [aptEventHandler.js:306] observe([object XPCWrappedNative_NoHelper],"jaxerEvent.HTMLParseStart",null)
paths:
  -> file:///E:/Aptana%20Jaxer%20Apache/Jaxer/Apache2-4Build/jaxer/framework/src/ModuleLogger.js
  -> file:///E:/Aptana%20Jaxer%20Apache/Jaxer/Apache2-4Build/jaxer/framework/src/App.js
  -> file:///E:/Aptana%20Jaxer%20Apache/Jaxer/Apache2-4Build/jaxer/framework/src/ParseStart.js
  -> file:///E:/Aptana%20Jaxer%20Apache/Jaxer/Apache2-4Build/jaxer/framework/src/CoreEvents.js
  -> file:///E:/Aptana%20Jaxer%20Apache/Jaxer/Apache2-4Build/jaxer/components/aptEventHandler.js

01:10:37 12/24/2025 [ 32928] [TRACE] [JS Framework] [App.init] Initializing app 'chat' (urlTest: function (parsedUrl) {
    return parsedUrl.pathParts.length > 2 &&
        parsedUrl.pathParts[0] == "aptana" &&
        parsedUrl.pathParts[1] == "samples";
})
stack:
  ->  [ModuleLogger.js:98] trace("Initializing app 'chat' (urlTest: function (parsedUrl) {\n    return parsedUrl.pathParts.length > 2 &&\n        parsedUrl.pathParts[0] == \"aptana\" &&\n        parsedUrl.pathParts[1] == \"samples\";\n})")
  ->  [App.js:184] init()
  ->  [App.js:151] App([object Object])
  ->  [ParseStart.js:111] onParseStart([object XPCWrappedNative_NoHelper])
  ->  [CoreEvents.js:293] fireEvent("PARSE_START",[object Array])
  ->  [CoreEvents.js:238] fire("PARSE_START",[object XPCWrappedNative_NoHelper])
  ->  [aptEventHandler.js:306] observe([object XPCWrappedNative_NoHelper],"jaxerEvent.HTMLParseStart",null)
paths:
  -> file:///E:/Aptana%20Jaxer%20Apache/Jaxer/Apache2-4Build/jaxer/framework/src/ModuleLogger.js
  -> file:///E:/Aptana%20Jaxer%20Apache/Jaxer/Apache2-4Build/jaxer/framework/src/App.js
  -> file:///E:/Aptana%20Jaxer%20Apache/Jaxer/Apache2-4Build/jaxer/framework/src/ParseStart.js
  -> file:///E:/Aptana%20Jaxer%20Apache/Jaxer/Apache2-4Build/jaxer/framework/src/CoreEvents.js
  -> file:///E:/Aptana%20Jaxer%20Apache/Jaxer/Apache2-4Build/jaxer/components/aptEventHandler.js

01:10:37 12/24/2025 [ 32928] [TRACE] [JS Framework] [App.init] APP_KEY for app 'chat': chat
stack:
  ->  [ModuleLogger.js:98] trace("APP_KEY for app 'chat': chat")
  ->  [App.js:196] init()
  ->  [App.js:151] App([object Object])
  ->  [ParseStart.js:111] onParseStart([object XPCWrappedNative_NoHelper])
  ->  [CoreEvents.js:293] fireEvent("PARSE_START",[object Array])
  ->  [CoreEvents.js:238] fire("PARSE_START",[object XPCWrappedNative_NoHelper])
  ->  [aptEventHandler.js:306] observe([object XPCWrappedNative_NoHelper],"jaxerEvent.HTMLParseStart",null)
paths:
  -> file:///E:/Aptana%20Jaxer%20Apache/Jaxer/Apache2-4Build/jaxer/framework/src/ModuleLogger.js
  -> file:///E:/Aptana%20Jaxer%20Apache/Jaxer/Apache2-4Build/jaxer/framework/src/App.js
  -> file:///E:/Aptana%20Jaxer%20Apache/Jaxer/Apache2-4Build/jaxer/framework/src/ParseStart.js
  -> file:///E:/Aptana%20Jaxer%20Apache/Jaxer/Apache2-4Build/jaxer/framework/src/CoreEvents.js
  -> file:///E:/Aptana%20Jaxer%20Apache/Jaxer/Apache2-4Build/jaxer/components/aptEventHandler.js

01:10:37 12/24/2025 [ 32928] [TRACE] [JS Framework] [App.init] PAGE_KEY for app 'chat': localhost:8081/aptana/samples/chat/index.html
stack:
  ->  [ModuleLogger.js:98] trace("PAGE_KEY for app 'chat': localhost:8081/aptana/samples/chat/index.html")
  ->  [App.js:208] init()
  ->  [App.js:151] App([object Object])
  ->  [ParseStart.js:111] onParseStart([object XPCWrappedNative_NoHelper])
  ->  [CoreEvents.js:293] fireEvent("PARSE_START",[object Array])
  ->  [CoreEvents.js:238] fire("PARSE_START",[object XPCWrappedNative_NoHelper])
  ->  [aptEventHandler.js:306] observe([object XPCWrappedNative_NoHelper],"jaxerEvent.HTMLParseStart",null)
paths:
  -> file:///E:/Aptana%20Jaxer%20Apache/Jaxer/Apache2-4Build/jaxer/framework/src/ModuleLogger.js
  -> file:///E:/Aptana%20Jaxer%20Apache/Jaxer/Apache2-4Build/jaxer/framework/src/App.js
  -> file:///E:/Aptana%20Jaxer%20Apache/Jaxer/Apache2-4Build/jaxer/framework/src/ParseStart.js
  -> file:///E:/Aptana%20Jaxer%20Apache/Jaxer/Apache2-4Build/jaxer/framework/src/CoreEvents.js
  -> file:///E:/Aptana%20Jaxer%20Apache/Jaxer/Apache2-4Build/jaxer/components/aptEventHandler.js

01:10:37 12/24/2025 [ 32928] [TRACE] [JS Framework] [App.init] PATH for app 'chat': resource:///../local_jaxer/data/samples/chat
stack:
  ->  [ModuleLogger.js:98] trace("PATH for app 'chat': resource:///../local_jaxer/data/samples/chat")
  ->  [App.js:231] init()
  ->  [App.js:151] App([object Object])
  ->  [ParseStart.js:111] onParseStart([object XPCWrappedNative_NoHelper])
  ->  [CoreEvents.js:293] fireEvent("PARSE_START",[object Array])
  ->  [CoreEvents.js:238] fire("PARSE_START",[object XPCWrappedNative_NoHelper])
  ->  [aptEventHandler.js:306] observe([object XPCWrappedNative_NoHelper],"jaxerEvent.HTMLParseStart",null)
paths:
  -> file:///E:/Aptana%20Jaxer%20Apache/Jaxer/Apache2-4Build/jaxer/framework/src/ModuleLogger.js
  -> file:///E:/Aptana%20Jaxer%20Apache/Jaxer/Apache2-4Build/jaxer/framework/src/App.js
  -> file:///E:/Aptana%20Jaxer%20Apache/Jaxer/Apache2-4Build/jaxer/framework/src/ParseStart.js
  -> file:///E:/Aptana%20Jaxer%20Apache/Jaxer/Apache2-4Build/jaxer/framework/src/CoreEvents.js
  -> file:///E:/Aptana%20Jaxer%20Apache/Jaxer/Apache2-4Build/jaxer/components/aptEventHandler.js

01:10:37 12/24/2025 [ 32928] [TRACE] [JS Framework] [ParseStart.onParseStart] Using app 'chat': urlTest = function (parsedUrl) {
    return parsedUrl.pathParts.length > 2 &&
        parsedUrl.pathParts[0] == "aptana" &&
        parsedUrl.pathParts[1] == "samples";
}
stack:
  ->  [ModuleLogger.js:98] trace("Using app 'chat': urlTest = function (parsedUrl) {\n    return parsedUrl.pathParts.length > 2 &&\n        parsedUrl.pathParts[0] == \"aptana\" &&\n        parsedUrl.pathParts[1] == \"samples\";\n}")
  ->  [ParseStart.js:113] onParseStart([object XPCWrappedNative_NoHelper])
  ->  [CoreEvents.js:293] fireEvent("PARSE_START",[object Array])
  ->  [CoreEvents.js:238] fire("PARSE_START",[object XPCWrappedNative_NoHelper])
  ->  [aptEventHandler.js:306] observe([object XPCWrappedNative_NoHelper],"jaxerEvent.HTMLParseStart",null)
paths:
  -> file:///E:/Aptana%20Jaxer%20Apache/Jaxer/Apache2-4Build/jaxer/framework/src/ModuleLogger.js
  -> file:///E:/Aptana%20Jaxer%20Apache/Jaxer/Apache2-4Build/jaxer/framework/src/ParseStart.js
  -> file:///E:/Aptana%20Jaxer%20Apache/Jaxer/Apache2-4Build/jaxer/framework/src/CoreEvents.js
  -> file:///E:/Aptana%20Jaxer%20Apache/Jaxer/Apache2-4Build/jaxer/components/aptEventHandler.js

01:10:37 12/24/2025 [ 32928] [DEBUG] [JS Framework] [SessionManager.keyFromRequest] Getting session key from the client via cookie JaxerSessionId$$chat: 176650225815408013378880202926
stack:
  ->  [ModuleLogger.js:98] debug("Getting session key from the client via cookie JaxerSessionId$$chat: 176650225815408013378880202926")
  ->  [SessionManager.js:59] keyFromRequest("chat")
  ->  [Container.js:474] init("chat","localhost:8081/aptana/samples/chat/index.html")
  ->  [ParseStart.js:122] onParseStart([object XPCWrappedNative_NoHelper])
  ->  [CoreEvents.js:293] fireEvent("PARSE_START",[object Array])
  ->  [CoreEvents.js:238] fire("PARSE_START",[object XPCWrappedNative_NoHelper])
  ->  [aptEventHandler.js:306] observe([object XPCWrappedNative_NoHelper],"jaxerEvent.HTMLParseStart",null)
paths:
  -> file:///E:/Aptana%20Jaxer%20Apache/Jaxer/Apache2-4Build/jaxer/framework/src/ModuleLogger.js
  -> file:///E:/Aptana%20Jaxer%20Apache/Jaxer/Apache2-4Build/jaxer/framework/src/SessionManager.js
  -> file:///E:/Aptana%20Jaxer%20Apache/Jaxer/Apache2-4Build/jaxer/framework/src/Container.js
  -> file:///E:/Aptana%20Jaxer%20Apache/Jaxer/Apache2-4Build/jaxer/framework/src/ParseStart.js
  -> file:///E:/Aptana%20Jaxer%20Apache/Jaxer/Apache2-4Build/jaxer/framework/src/CoreEvents.js
  -> file:///E:/Aptana%20Jaxer%20Apache/Jaxer/Apache2-4Build/jaxer/components/aptEventHandler.js

01:10:37 12/24/2025 [ 32928] [DEBUG] [JS Framework] [Container.init] Created APPLICATION container as Jaxer.application with key chat
stack:
  ->  [ModuleLogger.js:98] debug("Created APPLICATION container as Jaxer.application with key chat")
  ->  [Container.js:485] init("chat","localhost:8081/aptana/samples/chat/index.html")
  ->  [ParseStart.js:122] onParseStart([object XPCWrappedNative_NoHelper])
  ->  [CoreEvents.js:293] fireEvent("PARSE_START",[object Array])
  ->  [CoreEvents.js:238] fire("PARSE_START",[object XPCWrappedNative_NoHelper])
  ->  [aptEventHandler.js:306] observe([object XPCWrappedNative_NoHelper],"jaxerEvent.HTMLParseStart",null)
paths:
  -> file:///E:/Aptana%20Jaxer%20Apache/Jaxer/Apache2-4Build/jaxer/framework/src/ModuleLogger.js
  -> file:///E:/Aptana%20Jaxer%20Apache/Jaxer/Apache2-4Build/jaxer/framework/src/Container.js
  -> file:///E:/Aptana%20Jaxer%20Apache/Jaxer/Apache2-4Build/jaxer/framework/src/ParseStart.js
  -> file:///E:/Aptana%20Jaxer%20Apache/Jaxer/Apache2-4Build/jaxer/framework/src/CoreEvents.js
  -> file:///E:/Aptana%20Jaxer%20Apache/Jaxer/Apache2-4Build/jaxer/components/aptEventHandler.js

01:10:37 12/24/2025 [ 32928] [DEBUG] [JS Framework] [Container.init] Created PAGE container as Jaxer.page with key localhost:8081/aptana/samples/chat/index.html
stack:
  ->  [ModuleLogger.js:98] debug("Created PAGE container as Jaxer.page with key localhost:8081/aptana/samples/chat/index.html")
  ->  [Container.js:485] init("chat","localhost:8081/aptana/samples/chat/index.html")
  ->  [ParseStart.js:122] onParseStart([object XPCWrappedNative_NoHelper])
  ->  [CoreEvents.js:293] fireEvent("PARSE_START",[object Array])
  ->  [CoreEvents.js:238] fire("PARSE_START",[object XPCWrappedNative_NoHelper])
  ->  [aptEventHandler.js:306] observe([object XPCWrappedNative_NoHelper],"jaxerEvent.HTMLParseStart",null)
paths:
  -> file:///E:/Aptana%20Jaxer%20Apache/Jaxer/Apache2-4Build/jaxer/framework/src/ModuleLogger.js
  -> file:///E:/Aptana%20Jaxer%20Apache/Jaxer/Apache2-4Build/jaxer/framework/src/Container.js
  -> file:///E:/Aptana%20Jaxer%20Apache/Jaxer/Apache2-4Build/jaxer/framework/src/ParseStart.js
  -> file:///E:/Aptana%20Jaxer%20Apache/Jaxer/Apache2-4Build/jaxer/framework/src/CoreEvents.js
  -> file:///E:/Aptana%20Jaxer%20Apache/Jaxer/Apache2-4Build/jaxer/components/aptEventHandler.js

01:10:37 12/24/2025 [ 32928] [DEBUG] [JS Framework] [Container.init] Created SESSION container as Jaxer.session with key 176650225815408013378880202926
stack:
  ->  [ModuleLogger.js:98] debug("Created SESSION container as Jaxer.session with key 176650225815408013378880202926")
  ->  [Container.js:485] init("chat","localhost:8081/aptana/samples/chat/index.html")
  ->  [ParseStart.js:122] onParseStart([object XPCWrappedNative_NoHelper])
  ->  [CoreEvents.js:293] fireEvent("PARSE_START",[object Array])
  ->  [CoreEvents.js:238] fire("PARSE_START",[object XPCWrappedNative_NoHelper])
  ->  [aptEventHandler.js:306] observe([object XPCWrappedNative_NoHelper],"jaxerEvent.HTMLParseStart",null)
paths:
  -> file:///E:/Aptana%20Jaxer%20Apache/Jaxer/Apache2-4Build/jaxer/framework/src/ModuleLogger.js
  -> file:///E:/Aptana%20Jaxer%20Apache/Jaxer/Apache2-4Build/jaxer/framework/src/Container.js
  -> file:///E:/Aptana%20Jaxer%20Apache/Jaxer/Apache2-4Build/jaxer/framework/src/ParseStart.js
  -> file:///E:/Aptana%20Jaxer%20Apache/Jaxer/Apache2-4Build/jaxer/framework/src/CoreEvents.js
  -> file:///E:/Aptana%20Jaxer%20Apache/Jaxer/Apache2-4Build/jaxer/components/aptEventHandler.js

01:10:37 12/24/2025 [ 32928] [DEBUG] [JS Framework] [Container.init] Created SESSION_PAGE container as Jaxer.sessionPage with key 176650225815408013378880202926$$localhost:8081/aptana/samples/chat/index.html
stack:
  ->  [ModuleLogger.js:98] debug("Created SESSION_PAGE container as Jaxer.sessionPage with key 176650225815408013378880202926$$localhost:8081/aptana/samples/chat/index.html")
  ->  [Container.js:485] init("chat","localhost:8081/aptana/samples/chat/index.html")
  ->  [ParseStart.js:122] onParseStart([object XPCWrappedNative_NoHelper])
  ->  [CoreEvents.js:293] fireEvent("PARSE_START",[object Array])
  ->  [CoreEvents.js:238] fire("PARSE_START",[object XPCWrappedNative_NoHelper])
  ->  [aptEventHandler.js:306] observe([object XPCWrappedNative_NoHelper],"jaxerEvent.HTMLParseStart",null)
paths:
  -> file:///E:/Aptana%20Jaxer%20Apache/Jaxer/Apache2-4Build/jaxer/framework/src/ModuleLogger.js
  -> file:///E:/Aptana%20Jaxer%20Apache/Jaxer/Apache2-4Build/jaxer/framework/src/Container.js
  -> file:///E:/Aptana%20Jaxer%20Apache/Jaxer/Apache2-4Build/jaxer/framework/src/ParseStart.js
  -> file:///E:/Aptana%20Jaxer%20Apache/Jaxer/Apache2-4Build/jaxer/framework/src/CoreEvents.js
  -> file:///E:/Aptana%20Jaxer%20Apache/Jaxer/Apache2-4Build/jaxer/components/aptEventHandler.js

01:10:37 12/24/2025 [ 32928] [TRACE] [JS Framework] [DB.setDefault] Setting default connection for app: chat
stack:
  ->  [ModuleLogger.js:98] trace("Setting default connection for app: chat")
  ->  [DB.js:162] setDefault("chat",[object Object])
  ->  [ParseStart.js:123] onParseStart([object XPCWrappedNative_NoHelper])
  ->  [CoreEvents.js:293] fireEvent("PARSE_START",[object Array])
  ->  [CoreEvents.js:238] fire("PARSE_START",[object XPCWrappedNative_NoHelper])
  ->  [aptEventHandler.js:306] observe([object XPCWrappedNative_NoHelper],"jaxerEvent.HTMLParseStart",null)
paths:
  -> file:///E:/Aptana%20Jaxer%20Apache/Jaxer/Apache2-4Build/jaxer/framework/src/ModuleLogger.js
  -> file:///E:/Aptana%20Jaxer%20Apache/Jaxer/Apache2-4Build/jaxer/framework/src/DB.js
  -> file:///E:/Aptana%20Jaxer%20Apache/Jaxer/Apache2-4Build/jaxer/framework/src/ParseStart.js
  -> file:///E:/Aptana%20Jaxer%20Apache/Jaxer/Apache2-4Build/jaxer/framework/src/CoreEvents.js
  -> file:///E:/Aptana%20Jaxer%20Apache/Jaxer/Apache2-4Build/jaxer/components/aptEventHandler.js

01:10:37 12/24/2025 [ 32928] [TRACE] [JS Framework] [CoreEvents.fire] At this time, evt.Request.isHandler=false and eventType: NEW_ELEMENT - HTML
stack:
  ->  [ModuleLogger.js:98] trace("At this time, evt.Request.isHandler=false and eventType: NEW_ELEMENT - HTML")
  ->  [CoreEvents.js:205] fire("NEW_ELEMENT",[object XPCWrappedNative_NoHelper],[object HTMLDocument],[object HTMLHtmlElement])
  ->  [aptEventHandler.js:157] observe([object XPCWrappedNative_NoHelper],"jaxerEvent.NewHTMLElement",null)
paths:
  -> file:///E:/Aptana%20Jaxer%20Apache/Jaxer/Apache2-4Build/jaxer/framework/src/ModuleLogger.js
  -> file:///E:/Aptana%20Jaxer%20Apache/Jaxer/Apache2-4Build/jaxer/framework/src/CoreEvents.js
  -> file:///E:/Aptana%20Jaxer%20Apache/Jaxer/Apache2-4Build/jaxer/components/aptEventHandler.js

01:10:37 12/24/2025 [ 32928] [TRACE] [JS Framework] [CoreEvents.fireEvent] Firing an event for NEW_ELEMENT
stack:
  ->  [ModuleLogger.js:98] trace("Firing an event for NEW_ELEMENT")
  ->  [CoreEvents.js:282] fireEvent("NEW_ELEMENT",[object Array])
  ->  [CoreEvents.js:238] fire("NEW_ELEMENT",[object XPCWrappedNative_NoHelper],[object HTMLDocument],[object HTMLHtmlElement])
  ->  [aptEventHandler.js:157] observe([object XPCWrappedNative_NoHelper],"jaxerEvent.NewHTMLElement",null)
paths:
  -> file:///E:/Aptana%20Jaxer%20Apache/Jaxer/Apache2-4Build/jaxer/framework/src/ModuleLogger.js
  -> file:///E:/Aptana%20Jaxer%20Apache/Jaxer/Apache2-4Build/jaxer/framework/src/CoreEvents.js
  -> file:///E:/Aptana%20Jaxer%20Apache/Jaxer/Apache2-4Build/jaxer/components/aptEventHandler.js

01:10:37 12/24/2025 [ 32928] [TRACE] [JS Framework] [CoreEvents.fireEvent] Calling event handler: function onNewElement(evt, doc, elt) {
    switch (elt.tagNa...
stack:
  ->  [ModuleLogger.js:98] trace("Calling event handler: function onNewElement(evt, doc, elt) {\n    switch (elt.tagNa...")
  ->  [CoreEvents.js:292] fireEvent("NEW_ELEMENT",[object Array])
  ->  [CoreEvents.js:238] fire("NEW_ELEMENT",[object XPCWrappedNative_NoHelper],[object HTMLDocument],[object HTMLHtmlElement])
  ->  [aptEventHandler.js:157] observe([object XPCWrappedNative_NoHelper],"jaxerEvent.NewHTMLElement",null)
paths:
  -> file:///E:/Aptana%20Jaxer%20Apache/Jaxer/Apache2-4Build/jaxer/framework/src/ModuleLogger.js
  -> file:///E:/Aptana%20Jaxer%20Apache/Jaxer/Apache2-4Build/jaxer/framework/src/CoreEvents.js
  -> file:///E:/Aptana%20Jaxer%20Apache/Jaxer/Apache2-4Build/jaxer/components/aptEventHandler.js

01:10:37 12/24/2025 [ 32928] [TRACE] [JS Framework] [CoreEvents.fire] At this time, evt.Request.isHandler=false and eventType: NEW_ELEMENT - HEAD
stack:
  ->  [ModuleLogger.js:98] trace("At this time, evt.Request.isHandler=false and eventType: NEW_ELEMENT - HEAD")
  ->  [CoreEvents.js:205] fire("NEW_ELEMENT",[object XPCWrappedNative_NoHelper],[object HTMLDocument],[object HTMLHeadElement])
  ->  [aptEventHandler.js:157] observe([object XPCWrappedNative_NoHelper],"jaxerEvent.NewHTMLElement",null)
paths:
  -> file:///E:/Aptana%20Jaxer%20Apache/Jaxer/Apache2-4Build/jaxer/framework/src/ModuleLogger.js
  -> file:///E:/Aptana%20Jaxer%20Apache/Jaxer/Apache2-4Build/jaxer/framework/src/CoreEvents.js
  -> file:///E:/Aptana%20Jaxer%20Apache/Jaxer/Apache2-4Build/jaxer/components/aptEventHandler.js

01:10:37 12/24/2025 [ 32928] [TRACE] [JS Framework] [CoreEvents.fireEvent] Firing an event for NEW_ELEMENT
stack:
  ->  [ModuleLogger.js:98] trace("Firing an event for NEW_ELEMENT")
  ->  [CoreEvents.js:282] fireEvent("NEW_ELEMENT",[object Array])
  ->  [CoreEvents.js:238] fire("NEW_ELEMENT",[object XPCWrappedNative_NoHelper],[object HTMLDocument],[object HTMLHeadElement])
  ->  [aptEventHandler.js:157] observe([object XPCWrappedNative_NoHelper],"jaxerEvent.NewHTMLElement",null)
paths:
  -> file:///E:/Aptana%20Jaxer%20Apache/Jaxer/Apache2-4Build/jaxer/framework/src/ModuleLogger.js
  -> file:///E:/Aptana%20Jaxer%20Apache/Jaxer/Apache2-4Build/jaxer/framework/src/CoreEvents.js
  -> file:///E:/Aptana%20Jaxer%20Apache/Jaxer/Apache2-4Build/jaxer/components/aptEventHandler.js

01:10:37 12/24/2025 [ 32928] [TRACE] [JS Framework] [CoreEvents.fireEvent] Calling event handler: function onNewElement(evt, doc, elt) {
    switch (elt.tagNa...
stack:
  ->  [ModuleLogger.js:98] trace("Calling event handler: function onNewElement(evt, doc, elt) {\n    switch (elt.tagNa...")
  ->  [CoreEvents.js:292] fireEvent("NEW_ELEMENT",[object Array])
  ->  [CoreEvents.js:238] fire("NEW_ELEMENT",[object XPCWrappedNative_NoHelper],[object HTMLDocument],[object HTMLHeadElement])
  ->  [aptEventHandler.js:157] observe([object XPCWrappedNative_NoHelper],"jaxerEvent.NewHTMLElement",null)
paths:
  -> file:///E:/Aptana%20Jaxer%20Apache/Jaxer/Apache2-4Build/jaxer/framework/src/ModuleLogger.js
  -> file:///E:/Aptana%20Jaxer%20Apache/Jaxer/Apache2-4Build/jaxer/framework/src/CoreEvents.js
  -> file:///E:/Aptana%20Jaxer%20Apache/Jaxer/Apache2-4Build/jaxer/components/aptEventHandler.js

01:10:37 12/24/2025 [ 32928] [TRACE] [JS Framework] [CoreEvents.fire] At this time, evt.Request.isHandler=false and eventType: INIT_HEAD
stack:
  ->  [ModuleLogger.js:98] trace("At this time, evt.Request.isHandler=false and eventType: INIT_HEAD")
  ->  [CoreEvents.js:205] fire("INIT_HEAD",[object XPCWrappedNative_NoHelper],[object HTMLDocument])
  ->  [aptEventHandler.js:139] observe([object XPCWrappedNative_NoHelper],"jaxerEvent.NewHTMLElement",null)
paths:
  -> file:///E:/Aptana%20Jaxer%20Apache/Jaxer/Apache2-4Build/jaxer/framework/src/ModuleLogger.js
  -> file:///E:/Aptana%20Jaxer%20Apache/Jaxer/Apache2-4Build/jaxer/framework/src/CoreEvents.js
  -> file:///E:/Aptana%20Jaxer%20Apache/Jaxer/Apache2-4Build/jaxer/components/aptEventHandler.js

01:10:37 12/24/2025 [ 32928] [TRACE] [JS Framework] [CoreEvents.fireEvent] Firing an event for INIT_HEAD
stack:
  ->  [ModuleLogger.js:98] trace("Firing an event for INIT_HEAD")
  ->  [CoreEvents.js:282] fireEvent("INIT_HEAD",[object Array])
  ->  [CoreEvents.js:238] fire("INIT_HEAD",[object XPCWrappedNative_NoHelper],[object HTMLDocument])
  ->  [aptEventHandler.js:139] observe([object XPCWrappedNative_NoHelper],"jaxerEvent.NewHTMLElement",null)
paths:
  -> file:///E:/Aptana%20Jaxer%20Apache/Jaxer/Apache2-4Build/jaxer/framework/src/ModuleLogger.js
  -> file:///E:/Aptana%20Jaxer%20Apache/Jaxer/Apache2-4Build/jaxer/framework/src/CoreEvents.js
  -> file:///E:/Aptana%20Jaxer%20Apache/Jaxer/Apache2-4Build/jaxer/components/aptEventHandler.js

01:10:37 12/24/2025 [ 32928] [TRACE] [JS Framework] [CoreEvents.fireEvent] Calling event handler: function onInitHead(evt, doc) {
    Jaxer.load = function lo...
stack:
  ->  [ModuleLogger.js:98] trace("Calling event handler: function onInitHead(evt, doc) {\n    Jaxer.load = function lo...")
  ->  [CoreEvents.js:292] fireEvent("INIT_HEAD",[object Array])
  ->  [CoreEvents.js:238] fire("INIT_HEAD",[object XPCWrappedNative_NoHelper],[object HTMLDocument])
  ->  [aptEventHandler.js:139] observe([object XPCWrappedNative_NoHelper],"jaxerEvent.NewHTMLElement",null)
paths:
  -> file:///E:/Aptana%20Jaxer%20Apache/Jaxer/Apache2-4Build/jaxer/framework/src/ModuleLogger.js
  -> file:///E:/Aptana%20Jaxer%20Apache/Jaxer/Apache2-4Build/jaxer/framework/src/CoreEvents.js
  -> file:///E:/Aptana%20Jaxer%20Apache/Jaxer/Apache2-4Build/jaxer/components/aptEventHandler.js

01:10:37 12/24/2025 [ 32928] [TRACE] [JS Framework] [Includer.evalOn] Evaluating using Jaxer.request.evaluateScript: contents = (function ... with global = [object ChromeWindow] and effectiveUrl = undefined
stack:
  ->  [ModuleLogger.js:98] trace("Evaluating using Jaxer.request.evaluateScript: contents = (function ... with global = [object ChromeWindow] and effectiveUrl = undefined")
  ->  [Includer.js:131] evalOn("(function extendDomSetters(global) {if (global.HTMLInputElement) {var inputValueSetter = global.HTMLInputElement.prototype.__lookupSetter__(\"value\");global.HTMLInputElement.prototype.__defineSetter__(\"value\", function (val) {inputValueSetter.call(this, val);this.setAttribute(\"value\", val);});var inputCheckedSetter = global.HTMLInputElement.prototype.__lookupSetter__(\"checked\");global.HTMLInputElement.prototype.__defineSetter__(\"checked\", function (val) {inputCheckedSetter.call(this, val);if (val) {this.setAttribute(\"checked\", null);} else {this.removeAttribute(\"checked\");}});}if (global.HTMLTextAreaElement) {var textAreaValueSetter = global.HTMLTextAreaElement.prototype.__lookupSetter__(\"value\");global.HTMLTextAreaElement.prototype.__defineSetter__(\"value\", function (val) {textAreaValueSetter.call(this, val);this.textContent = val;});}if (global.HTMLSelectElement) {var selectSelectedIndexSetter = global.HTMLSelectElement.prototype.__lookupSetter__(\"selectedIndex\");global.HTMLSelectElement.prototype.__defineSetter__(\"selectedIndex\", function (index) {selectSelectedIndexSetter.call(this, index);var option = this.options[index];if (option) {for (var i = 0, len = this.options.length; i < len; i++) {if (i == index) {this.options[i].setAttribute(\"selected\", null);} else {this.options[i].removeAttribute(\"selected\");}}}});}if (global.HTMLOptionElement) {var optionSelectedSetter = global.HTMLOptionElement.prototype.__lookupSetter__(\"selected\");global.HTMLOptionElement.prototype.__defineSetter__(\"selected\", function (val) {optionSelectedSetter.call(this, val);if (val) {this.setAttribute(\"selected\", null);} else {this.removeAttribute(\"selected\");}});}})(document.defaultView)",[object ChromeWindow])
  ->  [Overrides.js:370] applyAll([object ChromeWindow])
  ->  [InitHead.js:78] onInitHead([object XPCWrappedNative_NoHelper],[object HTMLDocument])
  ->  [CoreEvents.js:293] fireEvent("INIT_HEAD",[object Array])
  ->  [CoreEvents.js:238] fire("INIT_HEAD",[object XPCWrappedNative_NoHelper],[object HTMLDocument])
  ->  [aptEventHandler.js:139] observe([object XPCWrappedNative_NoHelper],"jaxerEvent.NewHTMLElement",null)
paths:
  -> file:///E:/Aptana%20Jaxer%20Apache/Jaxer/Apache2-4Build/jaxer/framework/src/ModuleLogger.js
  -> file:///E:/Aptana%20Jaxer%20Apache/Jaxer/Apache2-4Build/jaxer/framework/src/Includer.js
  -> file:///E:/Aptana%20Jaxer%20Apache/Jaxer/Apache2-4Build/jaxer/framework/src/Overrides.js
  -> file:///E:/Aptana%20Jaxer%20Apache/Jaxer/Apache2-4Build/jaxer/framework/src/InitHead.js
  -> file:///E:/Aptana%20Jaxer%20Apache/Jaxer/Apache2-4Build/jaxer/framework/src/CoreEvents.js
  -> file:///E:/Aptana%20Jaxer%20Apache/Jaxer/Apache2-4Build/jaxer/components/aptEventHandler.js

01:10:37 12/24/2025 [ 32928] [TRACE] [JS Framework] [CoreEvents.fire] At this time, evt.Request.isHandler=false and eventType: NEW_ELEMENT - META
stack:
  ->  [ModuleLogger.js:98] trace("At this time, evt.Request.isHandler=false and eventType: NEW_ELEMENT - META")
  ->  [CoreEvents.js:205] fire("NEW_ELEMENT",[object XPCWrappedNative_NoHelper],[object HTMLDocument],[object HTMLMetaElement])
  ->  [aptEventHandler.js:157] observe([object XPCWrappedNative_NoHelper],"jaxerEvent.NewHTMLElement",null)
paths:
  -> file:///E:/Aptana%20Jaxer%20Apache/Jaxer/Apache2-4Build/jaxer/framework/src/ModuleLogger.js
  -> file:///E:/Aptana%20Jaxer%20Apache/Jaxer/Apache2-4Build/jaxer/framework/src/CoreEvents.js
  -> file:///E:/Aptana%20Jaxer%20Apache/Jaxer/Apache2-4Build/jaxer/components/aptEventHandler.js

01:10:37 12/24/2025 [ 32928] [TRACE] [JS Framework] [CoreEvents.fireEvent] Firing an event for NEW_ELEMENT
stack:
  ->  [ModuleLogger.js:98] trace("Firing an event for NEW_ELEMENT")
  ->  [CoreEvents.js:282] fireEvent("NEW_ELEMENT",[object Array])
  ->  [CoreEvents.js:238] fire("NEW_ELEMENT",[object XPCWrappedNative_NoHelper],[object HTMLDocument],[object HTMLMetaElement])
  ->  [aptEventHandler.js:157] observe([object XPCWrappedNative_NoHelper],"jaxerEvent.NewHTMLElement",null)
paths:
  -> file:///E:/Aptana%20Jaxer%20Apache/Jaxer/Apache2-4Build/jaxer/framework/src/ModuleLogger.js
  -> file:///E:/Aptana%20Jaxer%20Apache/Jaxer/Apache2-4Build/jaxer/framework/src/CoreEvents.js
  -> file:///E:/Aptana%20Jaxer%20Apache/Jaxer/Apache2-4Build/jaxer/components/aptEventHandler.js

01:10:37 12/24/2025 [ 32928] [TRACE] [JS Framework] [CoreEvents.fireEvent] Calling event handler: function onNewElement(evt, doc, elt) {
    switch (elt.tagNa...
stack:
  ->  [ModuleLogger.js:98] trace("Calling event handler: function onNewElement(evt, doc, elt) {\n    switch (elt.tagNa...")
  ->  [CoreEvents.js:292] fireEvent("NEW_ELEMENT",[object Array])
  ->  [CoreEvents.js:238] fire("NEW_ELEMENT",[object XPCWrappedNative_NoHelper],[object HTMLDocument],[object HTMLMetaElement])
  ->  [aptEventHandler.js:157] observe([object XPCWrappedNative_NoHelper],"jaxerEvent.NewHTMLElement",null)
paths:
  -> file:///E:/Aptana%20Jaxer%20Apache/Jaxer/Apache2-4Build/jaxer/framework/src/ModuleLogger.js
  -> file:///E:/Aptana%20Jaxer%20Apache/Jaxer/Apache2-4Build/jaxer/framework/src/CoreEvents.js
  -> file:///E:/Aptana%20Jaxer%20Apache/Jaxer/Apache2-4Build/jaxer/components/aptEventHandler.js

01:10:37 12/24/2025 [ 32928] [TRACE] [JS Framework] [CoreEvents.fire] At this time, evt.Request.isHandler=false and eventType: NEW_ELEMENT - SCRIPT
stack:
  ->  [ModuleLogger.js:98] trace("At this time, evt.Request.isHandler=false and eventType: NEW_ELEMENT - SCRIPT")
  ->  [CoreEvents.js:205] fire("NEW_ELEMENT",[object XPCWrappedNative_NoHelper],[object HTMLDocument],[object HTMLScriptElement])
  ->  [aptEventHandler.js:157] observe([object XPCWrappedNative_NoHelper],"jaxerEvent.NewHTMLElement",null)
paths:
  -> file:///E:/Aptana%20Jaxer%20Apache/Jaxer/Apache2-4Build/jaxer/framework/src/ModuleLogger.js
  -> file:///E:/Aptana%20Jaxer%20Apache/Jaxer/Apache2-4Build/jaxer/framework/src/CoreEvents.js
  -> file:///E:/Aptana%20Jaxer%20Apache/Jaxer/Apache2-4Build/jaxer/components/aptEventHandler.js

01:10:37 12/24/2025 [ 32928] [TRACE] [JS Framework] [CoreEvents.fireEvent] Firing an event for NEW_ELEMENT
stack:
  ->  [ModuleLogger.js:98] trace("Firing an event for NEW_ELEMENT")
  ->  [CoreEvents.js:282] fireEvent("NEW_ELEMENT",[object Array])
  ->  [CoreEvents.js:238] fire("NEW_ELEMENT",[object XPCWrappedNative_NoHelper],[object HTMLDocument],[object HTMLScriptElement])
  ->  [aptEventHandler.js:157] observe([object XPCWrappedNative_NoHelper],"jaxerEvent.NewHTMLElement",null)
paths:
  -> file:///E:/Aptana%20Jaxer%20Apache/Jaxer/Apache2-4Build/jaxer/framework/src/ModuleLogger.js
  -> file:///E:/Aptana%20Jaxer%20Apache/Jaxer/Apache2-4Build/jaxer/framework/src/CoreEvents.js
  -> file:///E:/Aptana%20Jaxer%20Apache/Jaxer/Apache2-4Build/jaxer/components/aptEventHandler.js

01:10:37 12/24/2025 [ 32928] [TRACE] [JS Framework] [CoreEvents.fireEvent] Calling event handler: function onNewElement(evt, doc, elt) {
    switch (elt.tagNa...
stack:
  ->  [ModuleLogger.js:98] trace("Calling event handler: function onNewElement(evt, doc, elt) {\n    switch (elt.tagNa...")
  ->  [CoreEvents.js:292] fireEvent("NEW_ELEMENT",[object Array])
  ->  [CoreEvents.js:238] fire("NEW_ELEMENT",[object XPCWrappedNative_NoHelper],[object HTMLDocument],[object HTMLScriptElement])
  ->  [aptEventHandler.js:157] observe([object XPCWrappedNative_NoHelper],"jaxerEvent.NewHTMLElement",null)
paths:
  -> file:///E:/Aptana%20Jaxer%20Apache/Jaxer/Apache2-4Build/jaxer/framework/src/ModuleLogger.js
  -> file:///E:/Aptana%20Jaxer%20Apache/Jaxer/Apache2-4Build/jaxer/framework/src/CoreEvents.js
  -> file:///E:/Aptana%20Jaxer%20Apache/Jaxer/Apache2-4Build/jaxer/components/aptEventHandler.js

01:10:37 12/24/2025 [ 32928] [TRACE] [JS Framework] [NewElement.onNewElement] Received element: SCRIPT with no src and runat='both'
stack:
  ->  [ModuleLogger.js:98] trace("Received element: SCRIPT with no src and runat='both'")
  ->  [NewElement.js:88] onNewElement([object XPCWrappedNative_NoHelper],[object HTMLDocument],[object HTMLScriptElement])
  ->  [CoreEvents.js:293] fireEvent("NEW_ELEMENT",[object Array])
  ->  [CoreEvents.js:238] fire("NEW_ELEMENT",[object XPCWrappedNative_NoHelper],[object HTMLDocument],[object HTMLScriptElement])
  ->  [aptEventHandler.js:157] observe([object XPCWrappedNative_NoHelper],"jaxerEvent.NewHTMLElement",null)
paths:
  -> file:///E:/Aptana%20Jaxer%20Apache/Jaxer/Apache2-4Build/jaxer/framework/src/ModuleLogger.js
  -> file:///E:/Aptana%20Jaxer%20Apache/Jaxer/Apache2-4Build/jaxer/framework/src/NewElement.js
  -> file:///E:/Aptana%20Jaxer%20Apache/Jaxer/Apache2-4Build/jaxer/framework/src/CoreEvents.js
  -> file:///E:/Aptana%20Jaxer%20Apache/Jaxer/Apache2-4Build/jaxer/components/aptEventHandler.js

01:10:37 12/24/2025 [ 32928] [TRACE] [JS Framework] [CoreEvents.fire] At this time, evt.Request.isHandler=false and eventType: NEW_ELEMENT - SCRIPT
stack:
  ->  [ModuleLogger.js:98] trace("At this time, evt.Request.isHandler=false and eventType: NEW_ELEMENT - SCRIPT")
  ->  [CoreEvents.js:205] fire("NEW_ELEMENT",[object XPCWrappedNative_NoHelper],[object HTMLDocument],[object HTMLScriptElement])
  ->  [aptEventHandler.js:157] observe([object XPCWrappedNative_NoHelper],"jaxerEvent.NewHTMLElement",null)
paths:
  -> file:///E:/Aptana%20Jaxer%20Apache/Jaxer/Apache2-4Build/jaxer/framework/src/ModuleLogger.js
  -> file:///E:/Aptana%20Jaxer%20Apache/Jaxer/Apache2-4Build/jaxer/framework/src/CoreEvents.js
  -> file:///E:/Aptana%20Jaxer%20Apache/Jaxer/Apache2-4Build/jaxer/components/aptEventHandler.js

01:10:37 12/24/2025 [ 32928] [TRACE] [JS Framework] [CoreEvents.fireEvent] Firing an event for NEW_ELEMENT
stack:
  ->  [ModuleLogger.js:98] trace("Firing an event for NEW_ELEMENT")
  ->  [CoreEvents.js:282] fireEvent("NEW_ELEMENT",[object Array])
  ->  [CoreEvents.js:238] fire("NEW_ELEMENT",[object XPCWrappedNative_NoHelper],[object HTMLDocument],[object HTMLScriptElement])
  ->  [aptEventHandler.js:157] observe([object XPCWrappedNative_NoHelper],"jaxerEvent.NewHTMLElement",null)
paths:
  -> file:///E:/Aptana%20Jaxer%20Apache/Jaxer/Apache2-4Build/jaxer/framework/src/ModuleLogger.js
  -> file:///E:/Aptana%20Jaxer%20Apache/Jaxer/Apache2-4Build/jaxer/framework/src/CoreEvents.js
  -> file:///E:/Aptana%20Jaxer%20Apache/Jaxer/Apache2-4Build/jaxer/components/aptEventHandler.js

01:10:37 12/24/2025 [ 32928] [TRACE] [JS Framework] [CoreEvents.fireEvent] Calling event handler: function onNewElement(evt, doc, elt) {
    switch (elt.tagNa...
stack:
  ->  [ModuleLogger.js:98] trace("Calling event handler: function onNewElement(evt, doc, elt) {\n    switch (elt.tagNa...")
  ->  [CoreEvents.js:292] fireEvent("NEW_ELEMENT",[object Array])
  ->  [CoreEvents.js:238] fire("NEW_ELEMENT",[object XPCWrappedNative_NoHelper],[object HTMLDocument],[object HTMLScriptElement])
  ->  [aptEventHandler.js:157] observe([object XPCWrappedNative_NoHelper],"jaxerEvent.NewHTMLElement",null)
paths:
  -> file:///E:/Aptana%20Jaxer%20Apache/Jaxer/Apache2-4Build/jaxer/framework/src/ModuleLogger.js
  -> file:///E:/Aptana%20Jaxer%20Apache/Jaxer/Apache2-4Build/jaxer/framework/src/CoreEvents.js
  -> file:///E:/Aptana%20Jaxer%20Apache/Jaxer/Apache2-4Build/jaxer/components/aptEventHandler.js

01:10:37 12/24/2025 [ 32928] [TRACE] [JS Framework] [NewElement.onNewElement] Received element: SCRIPT with src='jaxer-include/setup.js' and runat='server'
stack:
  ->  [ModuleLogger.js:98] trace("Received element: SCRIPT with src='jaxer-include/setup.js' and runat='server'")
  ->  [NewElement.js:88] onNewElement([object XPCWrappedNative_NoHelper],[object HTMLDocument],[object HTMLScriptElement])
  ->  [CoreEvents.js:293] fireEvent("NEW_ELEMENT",[object Array])
  ->  [CoreEvents.js:238] fire("NEW_ELEMENT",[object XPCWrappedNative_NoHelper],[object HTMLDocument],[object HTMLScriptElement])
  ->  [aptEventHandler.js:157] observe([object XPCWrappedNative_NoHelper],"jaxerEvent.NewHTMLElement",null)
paths:
  -> file:///E:/Aptana%20Jaxer%20Apache/Jaxer/Apache2-4Build/jaxer/framework/src/ModuleLogger.js
  -> file:///E:/Aptana%20Jaxer%20Apache/Jaxer/Apache2-4Build/jaxer/framework/src/NewElement.js
  -> file:///E:/Aptana%20Jaxer%20Apache/Jaxer/Apache2-4Build/jaxer/framework/src/CoreEvents.js
  -> file:///E:/Aptana%20Jaxer%20Apache/Jaxer/Apache2-4Build/jaxer/components/aptEventHandler.js

01:10:37 12/24/2025 [ 32928] [TRACE] [JS Framework] [NewElement.load] Loading src'ed script with [src, global, useCache, forceRefreshCache] = jaxer-include/setup.js,[object ChromeWindow],server,false,false,false
stack:
  ->  [ModuleLogger.js:98] trace("Loading src'ed script with [src, global, useCache, forceRefreshCache] = jaxer-include/setup.js,[object ChromeWindow],server,false,false,false")
  ->  [NewElement.js:66] load("tempLoad_0.230876050819042061766502637833")
  ->  [index.html:41] <no name>
paths:
  -> file:///E:/Aptana%20Jaxer%20Apache/Jaxer/Apache2-4Build/jaxer/framework/src/ModuleLogger.js
  -> file:///E:/Aptana%20Jaxer%20Apache/Jaxer/Apache2-4Build/jaxer/framework/src/NewElement.js
  -> http://localhost:8081/aptana/samples/chat/index.html

01:10:37 12/24/2025 [ 32928] [TRACE] [JS Framework] [Includer.load] Retrieved 689 characters from 'file:///E:/Aptana%20Jaxer%20Apache/Jaxer/Apache2-4Build/jaxer/aptana/samples/chat/jaxer-include/setup.js'
stack:
  ->  [ModuleLogger.js:98] trace("Retrieved 689 characters from 'file:///E:/Aptana%20Jaxer%20Apache/Jaxer/Apache2-4Build/jaxer/aptana/samples/chat/jaxer-include/setup.js'")
  ->  [Includer.js:290] load("file:///E:/Aptana%20Jaxer%20Apache/Jaxer/Apache2-4Build/jaxer/aptana/samples/chat/jaxer-include/setup.js",[object ChromeWindow],"server",false,false,false)
  ->  [NewElement.js:67] load("tempLoad_0.230876050819042061766502637833")
  ->  [index.html:41] <no name>
paths:
  -> file:///E:/Aptana%20Jaxer%20Apache/Jaxer/Apache2-4Build/jaxer/framework/src/ModuleLogger.js
  -> file:///E:/Aptana%20Jaxer%20Apache/Jaxer/Apache2-4Build/jaxer/framework/src/Includer.js
  -> file:///E:/Aptana%20Jaxer%20Apache/Jaxer/Apache2-4Build/jaxer/framework/src/NewElement.js
  -> http://localhost:8081/aptana/samples/chat/index.html

01:10:37 12/24/2025 [ 32928] [TRACE] [JS Framework] [Includer.load] Evaluating 'file:///E:/Aptana%20Jaxer%20Apache/Jaxer/Apache2-4Build/jaxer/aptana/samples/chat/jaxer-include/setup.js'
stack:
  ->  [ModuleLogger.js:98] trace("Evaluating 'file:///E:/Aptana%20Jaxer%20Apache/Jaxer/Apache2-4Build/jaxer/aptana/samples/chat/jaxer-include/setup.js'")
  ->  [Includer.js:328] load("file:///E:/Aptana%20Jaxer%20Apache/Jaxer/Apache2-4Build/jaxer/aptana/samples/chat/jaxer-include/setup.js",[object ChromeWindow],"server",false,false,false)
  ->  [NewElement.js:67] load("tempLoad_0.230876050819042061766502637833")
  ->  [index.html:41] <no name>
paths:
  -> file:///E:/Aptana%20Jaxer%20Apache/Jaxer/Apache2-4Build/jaxer/framework/src/ModuleLogger.js
  -> file:///E:/Aptana%20Jaxer%20Apache/Jaxer/Apache2-4Build/jaxer/framework/src/Includer.js
  -> file:///E:/Aptana%20Jaxer%20Apache/Jaxer/Apache2-4Build/jaxer/framework/src/NewElement.js
  -> http://localhost:8081/aptana/samples/chat/index.html

01:10:37 12/24/2025 [ 32928] [TRACE] [JS Framework] [Includer.evalOn] Evaluating using Jaxer.request.evaluateScript: contents = (function(... with global = [object ChromeWindow] and effectiveUrl = file:///E:/Aptana%20Jaxer%20Apache/Jaxer/Apache2-4Build/jaxer/aptana/samples/chat/jaxer-include/setup.js
stack:
  ->  [ModuleLogger.js:98] trace("Evaluating using Jaxer.request.evaluateScript: contents = (function(... with global = [object ChromeWindow] and effectiveUrl = file:///E:/Aptana%20Jaxer%20Apache/Jaxer/Apache2-4Build/jaxer/aptana/samples/chat/jaxer-include/setup.js")
  ->  [Includer.js:131] evalOn("(function() {\r\n\t\r\nif (Jaxer.application.isInitialized) return;\r\n\r\nvar sql;\r\n\r\nsql = \"CREATE TABLE IF NOT EXISTS users \" +\r\n\t\"( id INTEGER PRIMARY KEY AUTO_INCREMENT\" +\r\n\t\", username VARCHAR(255) NOT NULL\" +\r\n\t\", password VARCHAR(255) NOT NULL\" +\r\n\t\", created DATETIME NOT NULL\" +\r\n\t\", last_login DATETIME NOT NULL\" +\r\n\t\", UNIQUE (username)\" +\r\n\t\")\";\r\n\r\nJaxer.DB.execute(sql);\r\n\r\nsql = \"CREATE TABLE IF NOT EXISTS messages \" +\r\n\t\"( id INTEGER PRIMARY KEY AUTO_INCREMENT\" +\r\n\t\", room_id INTEGER NOT NULL\" +\r\n\t\", sent DATETIME NOT NULL\" +\r\n\t\", user_id INTEGER NOT NULL\" +\r\n\t\", contents TEXT NOT NULL\" +\r\n\t\")\";\r\n\r\nJaxer.DB.execute(sql);\r\n\r\nJaxer.application.isInitialized = true;\r\n\t\t\t\r\n})();\r\n",[object ChromeWindow],"file:///E:/Aptana%20Jaxer%20Apache/Jaxer/Apache2-4Build/jaxer/aptana/samples/chat/jaxer-include/setup.js")
  ->  [Includer.js:329] load("file:///E:/Aptana%20Jaxer%20Apache/Jaxer/Apache2-4Build/jaxer/aptana/samples/chat/jaxer-include/setup.js",[object ChromeWindow],"server",false,false,false)
  ->  [NewElement.js:67] load("tempLoad_0.230876050819042061766502637833")
  ->  [index.html:41] <no name>
paths:
  -> file:///E:/Aptana%20Jaxer%20Apache/Jaxer/Apache2-4Build/jaxer/framework/src/ModuleLogger.js
  -> file:///E:/Aptana%20Jaxer%20Apache/Jaxer/Apache2-4Build/jaxer/framework/src/Includer.js
  -> file:///E:/Aptana%20Jaxer%20Apache/Jaxer/Apache2-4Build/jaxer/framework/src/NewElement.js
  -> http://localhost:8081/aptana/samples/chat/index.html

01:10:37 12/24/2025 [ 32928] [TRACE] [JS Framework] [Container.getContainer] Getting exposedContainer: application
stack:
  ->  [ModuleLogger.js:98] trace("Getting exposedContainer: application")
  ->  [Container.js:494] getContainer()
  ->  [setup.js:3] anonymous()
  ->  [setup.js:1] <no name>
paths:
  -> file:///E:/Aptana%20Jaxer%20Apache/Jaxer/Apache2-4Build/jaxer/framework/src/ModuleLogger.js
  -> file:///E:/Aptana%20Jaxer%20Apache/Jaxer/Apache2-4Build/jaxer/framework/src/Container.js
  -> file:///E:/Aptana%20Jaxer%20Apache/Jaxer/Apache2-4Build/jaxer/aptana/samples/chat/jaxer-include/setup.js

01:10:37 12/24/2025 [ 32928] [DEBUG] [JS Framework] [Container.loadIfNeeded] Loading container APPLICATION:chat for first time
stack:
  ->  [ModuleLogger.js:98] debug("Loading container APPLICATION:chat for first time")
  ->  [Container.js:86] loadIfNeeded()
  ->  [Container.js:500] getContainer()
  ->  [setup.js:3] anonymous()
  ->  [setup.js:1] <no name>
paths:
  -> file:///E:/Aptana%20Jaxer%20Apache/Jaxer/Apache2-4Build/jaxer/framework/src/ModuleLogger.js
  -> file:///E:/Aptana%20Jaxer%20Apache/Jaxer/Apache2-4Build/jaxer/framework/src/Container.js
  -> file:///E:/Aptana%20Jaxer%20Apache/Jaxer/Apache2-4Build/jaxer/aptana/samples/chat/jaxer-include/setup.js

01:10:37 12/24/2025 [ 32928] [DEBUG] [JS Framework] [DBPersistor.loadAll] Loading all: APPLICATION,chat
stack:
  ->  [ModuleLogger.js:98] debug("Loading all: APPLICATION,chat")
  ->  [DBPersistor.js:106] loadAll("APPLICATION","chat")
  ->  [Container.js:87] loadIfNeeded()
  ->  [Container.js:500] getContainer()
  ->  [setup.js:3] anonymous()
  ->  [setup.js:1] <no name>
paths:
  -> file:///E:/Aptana%20Jaxer%20Apache/Jaxer/Apache2-4Build/jaxer/framework/src/ModuleLogger.js
  -> file:///E:/Aptana%20Jaxer%20Apache/Jaxer/Apache2-4Build/jaxer/framework/src/DBPersistor.js
  -> file:///E:/Aptana%20Jaxer%20Apache/Jaxer/Apache2-4Build/jaxer/framework/src/Container.js
  -> file:///E:/Aptana%20Jaxer%20Apache/Jaxer/Apache2-4Build/jaxer/aptana/samples/chat/jaxer-include/setup.js

01:10:37 12/24/2025 [ 32928] [TRACE] [JS Framework] [DB.SQLite.execute] Starting execute
stack:
  ->  [ModuleLogger.js:98] trace("Starting execute")
  ->  [DB_SQLite.js:302] execute("SELECT name, value FROM containers WHERE `type` = ? AND `key` = ?",[object Array])
  ->  [DB.js:181] anonymous("SELECT name, value FROM containers WHERE `type` = ? AND `key` = ?",[object Array])
  ->  [DBPersistor.js:108] loadAll("APPLICATION","chat")
  ->  [Container.js:87] loadIfNeeded()
  ->  [Container.js:500] getContainer()
  ->  [setup.js:3] anonymous()
  ->  [setup.js:1] <no name>
paths:
  -> file:///E:/Aptana%20Jaxer%20Apache/Jaxer/Apache2-4Build/jaxer/framework/src/ModuleLogger.js
  -> file:///E:/Aptana%20Jaxer%20Apache/Jaxer/Apache2-4Build/jaxer/framework/src/DB_SQLite.js
  -> file:///E:/Aptana%20Jaxer%20Apache/Jaxer/Apache2-4Build/jaxer/framework/src/DB.js
  -> file:///E:/Aptana%20Jaxer%20Apache/Jaxer/Apache2-4Build/jaxer/framework/src/DBPersistor.js
  -> file:///E:/Aptana%20Jaxer%20Apache/Jaxer/Apache2-4Build/jaxer/framework/src/Container.js
  -> file:///E:/Aptana%20Jaxer%20Apache/Jaxer/Apache2-4Build/jaxer/aptana/samples/chat/jaxer-include/setup.js

01:10:37 12/24/2025 [ 32928] [DEBUG] [JS Framework] [DB.SQLite.open] Opening connection to database: E:\Aptana Jaxer Apache\Jaxer\Apache2-4Build\jaxer\..\local_jaxer\conf\..\data\frameworkdata.sqlite
stack:
  ->  [ModuleLogger.js:98] debug("Opening connection to database: E:\\Aptana Jaxer Apache\\Jaxer\\Apache2-4Build\\jaxer\\..\\local_jaxer\\conf\\..\\data\\frameworkdata.sqlite")
  ->  [DB_SQLite.js:212] open()
  ->  [DB_SQLite.js:306] execute("SELECT name, value FROM containers WHERE `type` = ? AND `key` = ?",[object Array])
  ->  [DB.js:181] anonymous("SELECT name, value FROM containers WHERE `type` = ? AND `key` = ?",[object Array])
  ->  [DBPersistor.js:108] loadAll("APPLICATION","chat")
  ->  [Container.js:87] loadIfNeeded()
  ->  [Container.js:500] getContainer()
  ->  [setup.js:3] anonymous()
  ->  [setup.js:1] <no name>
paths:
  -> file:///E:/Aptana%20Jaxer%20Apache/Jaxer/Apache2-4Build/jaxer/framework/src/ModuleLogger.js
  -> file:///E:/Aptana%20Jaxer%20Apache/Jaxer/Apache2-4Build/jaxer/framework/src/DB_SQLite.js
  -> file:///E:/Aptana%20Jaxer%20Apache/Jaxer/Apache2-4Build/jaxer/framework/src/DB.js
  -> file:///E:/Aptana%20Jaxer%20Apache/Jaxer/Apache2-4Build/jaxer/framework/src/DBPersistor.js
  -> file:///E:/Aptana%20Jaxer%20Apache/Jaxer/Apache2-4Build/jaxer/framework/src/Container.js
  -> file:///E:/Aptana%20Jaxer%20Apache/Jaxer/Apache2-4Build/jaxer/aptana/samples/chat/jaxer-include/setup.js

01:10:37 12/24/2025 [ 32928] [TRACE] [JS Framework] [DB.SQLite.open] Tried 1 time(s) in 1 ms to open connection to SQLite database file E:\Aptana Jaxer Apache\Jaxer\Apache2-4Build\jaxer\..\local_jaxer\conf\..\data\frameworkdata.sqlite
stack:
  ->  [ModuleLogger.js:98] trace("Tried 1 time(s) in 1 ms to open connection to SQLite database file E:\\Aptana Jaxer Apache\\Jaxer\\Apache2-4Build\\jaxer\\..\\local_jaxer\\conf\\..\\data\\frameworkdata.sqlite")
  ->  [DB_SQLite.js:266] open()
  ->  [DB_SQLite.js:306] execute("SELECT name, value FROM containers WHERE `type` = ? AND `key` = ?",[object Array])
  ->  [DB.js:181] anonymous("SELECT name, value FROM containers WHERE `type` = ? AND `key` = ?",[object Array])
  ->  [DBPersistor.js:108] loadAll("APPLICATION","chat")
  ->  [Container.js:87] loadIfNeeded()
  ->  [Container.js:500] getContainer()
  ->  [setup.js:3] anonymous()
  ->  [setup.js:1] <no name>
paths:
  -> file:///E:/Aptana%20Jaxer%20Apache/Jaxer/Apache2-4Build/jaxer/framework/src/ModuleLogger.js
  -> file:///E:/Aptana%20Jaxer%20Apache/Jaxer/Apache2-4Build/jaxer/framework/src/DB_SQLite.js
  -> file:///E:/Aptana%20Jaxer%20Apache/Jaxer/Apache2-4Build/jaxer/framework/src/DB.js
  -> file:///E:/Aptana%20Jaxer%20Apache/Jaxer/Apache2-4Build/jaxer/framework/src/DBPersistor.js
  -> file:///E:/Aptana%20Jaxer%20Apache/Jaxer/Apache2-4Build/jaxer/framework/src/Container.js
  -> file:///E:/Aptana%20Jaxer%20Apache/Jaxer/Apache2-4Build/jaxer/aptana/samples/chat/jaxer-include/setup.js

01:10:37 12/24/2025 [ 32928] [DEBUG] [JS Framework] [DB.SQLite.open] Opened
stack:
  ->  [ModuleLogger.js:98] debug("Opened")
  ->  [DB_SQLite.js:268] open()
  ->  [DB_SQLite.js:306] execute("SELECT name, value FROM containers WHERE `type` = ? AND `key` = ?",[object Array])
  ->  [DB.js:181] anonymous("SELECT name, value FROM containers WHERE `type` = ? AND `key` = ?",[object Array])
  ->  [DBPersistor.js:108] loadAll("APPLICATION","chat")
  ->  [Container.js:87] loadIfNeeded()
  ->  [Container.js:500] getContainer()
  ->  [setup.js:3] anonymous()
  ->  [setup.js:1] <no name>
paths:
  -> file:///E:/Aptana%20Jaxer%20Apache/Jaxer/Apache2-4Build/jaxer/framework/src/ModuleLogger.js
  -> file:///E:/Aptana%20Jaxer%20Apache/Jaxer/Apache2-4Build/jaxer/framework/src/DB_SQLite.js
  -> file:///E:/Aptana%20Jaxer%20Apache/Jaxer/Apache2-4Build/jaxer/framework/src/DB.js
  -> file:///E:/Aptana%20Jaxer%20Apache/Jaxer/Apache2-4Build/jaxer/framework/src/DBPersistor.js
  -> file:///E:/Aptana%20Jaxer%20Apache/Jaxer/Apache2-4Build/jaxer/framework/src/Container.js
  -> file:///E:/Aptana%20Jaxer%20Apache/Jaxer/Apache2-4Build/jaxer/aptana/samples/chat/jaxer-include/setup.js

01:10:37 12/24/2025 [ 32928] [TRACE] [JS Framework] [DB.SQLite.bindAndExecute] Binding statement SELECT name, value FROM containers WHERE `type` = ? AND `key` = ?
with params: APPLICATION,chat
stack:
  ->  [ModuleLogger.js:98] trace("Binding statement SELECT name, value FROM containers WHERE `type` = ? AND `key` = ?\nwith params: APPLICATION,chat")
  ->  [DB_SQLite.js:512] bindAndExecute([object Object],[object XPCWrappedNative_NoHelper],"SELECT name, value FROM containers WHERE `type` = ? AND `key` = ?",[object Array],null,[object Object])
  ->  [DB_SQLite.js:464] executeOneWithStatement([object Array],0,[object Array])
  ->  [DB_SQLite.js:456] executeWithStatement([object Object],"SELECT name, value FROM containers WHERE `type` = ? AND `key` = ?",[object Array],[object Object])
  ->  [DB_SQLite.js:312] execute("SELECT name, value FROM containers WHERE `type` = ? AND `key` = ?",[object Array])
  ->  [DB.js:181] anonymous("SELECT name, value FROM containers WHERE `type` = ? AND `key` = ?",[object Array])
  ->  [DBPersistor.js:108] loadAll("APPLICATION","chat")
  ->  [Container.js:87] loadIfNeeded()
  ->  [Container.js:500] getContainer()
  ->  [setup.js:3] anonymous()
  ->  [setup.js:1] <no name>
paths:
  -> file:///E:/Aptana%20Jaxer%20Apache/Jaxer/Apache2-4Build/jaxer/framework/src/ModuleLogger.js
  -> file:///E:/Aptana%20Jaxer%20Apache/Jaxer/Apache2-4Build/jaxer/framework/src/DB_SQLite.js
  -> file:///E:/Aptana%20Jaxer%20Apache/Jaxer/Apache2-4Build/jaxer/framework/src/DB.js
  -> file:///E:/Aptana%20Jaxer%20Apache/Jaxer/Apache2-4Build/jaxer/framework/src/DBPersistor.js
  -> file:///E:/Aptana%20Jaxer%20Apache/Jaxer/Apache2-4Build/jaxer/framework/src/Container.js
  -> file:///E:/Aptana%20Jaxer%20Apache/Jaxer/Apache2-4Build/jaxer/aptana/samples/chat/jaxer-include/setup.js

01:10:37 12/24/2025 [ 32928] [TRACE] [JS Framework] [DB.SQLite.bindAndExecute] Tried 1 time(s) in 0 ms to execute statement on SQLite database file E:\Aptana Jaxer Apache\Jaxer\Apache2-4Build\jaxer\..\local_jaxer\conf\..\data\frameworkdata.sqlite
stack:
  ->  [ModuleLogger.js:98] trace("Tried 1 time(s) in 0 ms to execute statement on SQLite database file E:\\Aptana Jaxer Apache\\Jaxer\\Apache2-4Build\\jaxer\\..\\local_jaxer\\conf\\..\\data\\frameworkdata.sqlite")
  ->  [DB_SQLite.js:606] bindAndExecute([object Object],[object XPCWrappedNative_NoHelper],"SELECT name, value FROM containers WHERE `type` = ? AND `key` = ?",[object Array],null,[object Object])
  ->  [DB_SQLite.js:464] executeOneWithStatement([object Array],0,[object Array])
  ->  [DB_SQLite.js:456] executeWithStatement([object Object],"SELECT name, value FROM containers WHERE `type` = ? AND `key` = ?",[object Array],[object Object])
  ->  [DB_SQLite.js:312] execute("SELECT name, value FROM containers WHERE `type` = ? AND `key` = ?",[object Array])
  ->  [DB.js:181] anonymous("SELECT name, value FROM containers WHERE `type` = ? AND `key` = ?",[object Array])
  ->  [DBPersistor.js:108] loadAll("APPLICATION","chat")
  ->  [Container.js:87] loadIfNeeded()
  ->  [Container.js:500] getContainer()
  ->  [setup.js:3] anonymous()
  ->  [setup.js:1] <no name>
paths:
  -> file:///E:/Aptana%20Jaxer%20Apache/Jaxer/Apache2-4Build/jaxer/framework/src/ModuleLogger.js
  -> file:///E:/Aptana%20Jaxer%20Apache/Jaxer/Apache2-4Build/jaxer/framework/src/DB_SQLite.js
  -> file:///E:/Aptana%20Jaxer%20Apache/Jaxer/Apache2-4Build/jaxer/framework/src/DB.js
  -> file:///E:/Aptana%20Jaxer%20Apache/Jaxer/Apache2-4Build/jaxer/framework/src/DBPersistor.js
  -> file:///E:/Aptana%20Jaxer%20Apache/Jaxer/Apache2-4Build/jaxer/framework/src/Container.js
  -> file:///E:/Aptana%20Jaxer%20Apache/Jaxer/Apache2-4Build/jaxer/aptana/samples/chat/jaxer-include/setup.js

01:10:37 12/24/2025 [ 32928] [TRACE] [JS Framework] [DB.SQLite.bindAndExecute] Populating resultSet
stack:
  ->  [ModuleLogger.js:98] trace("Populating resultSet")
  ->  [DB_SQLite.js:624] bindAndExecute([object Object],[object XPCWrappedNative_NoHelper],"SELECT name, value FROM containers WHERE `type` = ? AND `key` = ?",[object Array],[object Object],[object Object])
  ->  [DB_SQLite.js:464] executeOneWithStatement([object Array],0,[object Array])
  ->  [DB_SQLite.js:456] executeWithStatement([object Object],"SELECT name, value FROM containers WHERE `type` = ? AND `key` = ?",[object Array],[object Object])
  ->  [DB_SQLite.js:312] execute("SELECT name, value FROM containers WHERE `type` = ? AND `key` = ?",[object Array])
  ->  [DB.js:181] anonymous("SELECT name, value FROM containers WHERE `type` = ? AND `key` = ?",[object Array])
  ->  [DBPersistor.js:108] loadAll("APPLICATION","chat")
  ->  [Container.js:87] loadIfNeeded()
  ->  [Container.js:500] getContainer()
  ->  [setup.js:3] anonymous()
  ->  [setup.js:1] <no name>
paths:
  -> file:///E:/Aptana%20Jaxer%20Apache/Jaxer/Apache2-4Build/jaxer/framework/src/ModuleLogger.js
  -> file:///E:/Aptana%20Jaxer%20Apache/Jaxer/Apache2-4Build/jaxer/framework/src/DB_SQLite.js
  -> file:///E:/Aptana%20Jaxer%20Apache/Jaxer/Apache2-4Build/jaxer/framework/src/DB.js
  -> file:///E:/Aptana%20Jaxer%20Apache/Jaxer/Apache2-4Build/jaxer/framework/src/DBPersistor.js
  -> file:///E:/Aptana%20Jaxer%20Apache/Jaxer/Apache2-4Build/jaxer/framework/src/Container.js
  -> file:///E:/Aptana%20Jaxer%20Apache/Jaxer/Apache2-4Build/jaxer/aptana/samples/chat/jaxer-include/setup.js

01:10:37 12/24/2025 [ 32928] [TRACE] [JS Framework] [DB.SQLite.bindAndExecute] Column 0: name
stack:
  ->  [ModuleLogger.js:98] trace("Column 0: name")
  ->  [DB_SQLite.js:627] bindAndExecute([object Object],[object XPCWrappedNative_NoHelper],"SELECT name, value FROM containers WHERE `type` = ? AND `key` = ?",[object Array],[object Object],[object Object])
  ->  [DB_SQLite.js:464] executeOneWithStatement([object Array],0,[object Array])
  ->  [DB_SQLite.js:456] executeWithStatement([object Object],"SELECT name, value FROM containers WHERE `type` = ? AND `key` = ?",[object Array],[object Object])
  ->  [DB_SQLite.js:312] execute("SELECT name, value FROM containers WHERE `type` = ? AND `key` = ?",[object Array])
  ->  [DB.js:181] anonymous("SELECT name, value FROM containers WHERE `type` = ? AND `key` = ?",[object Array])
  ->  [DBPersistor.js:108] loadAll("APPLICATION","chat")
  ->  [Container.js:87] loadIfNeeded()
  ->  [Container.js:500] getContainer()
  ->  [setup.js:3] anonymous()
  ->  [setup.js:1] <no name>
paths:
  -> file:///E:/Aptana%20Jaxer%20Apache/Jaxer/Apache2-4Build/jaxer/framework/src/ModuleLogger.js
  -> file:///E:/Aptana%20Jaxer%20Apache/Jaxer/Apache2-4Build/jaxer/framework/src/DB_SQLite.js
  -> file:///E:/Aptana%20Jaxer%20Apache/Jaxer/Apache2-4Build/jaxer/framework/src/DB.js
  -> file:///E:/Aptana%20Jaxer%20Apache/Jaxer/Apache2-4Build/jaxer/framework/src/DBPersistor.js
  -> file:///E:/Aptana%20Jaxer%20Apache/Jaxer/Apache2-4Build/jaxer/framework/src/Container.js
  -> file:///E:/Aptana%20Jaxer%20Apache/Jaxer/Apache2-4Build/jaxer/aptana/samples/chat/jaxer-include/setup.js

01:10:37 12/24/2025 [ 32928] [TRACE] [JS Framework] [DB.SQLite.bindAndExecute] Column 1: value
stack:
  ->  [ModuleLogger.js:98] trace("Column 1: value")
  ->  [DB_SQLite.js:627] bindAndExecute([object Object],[object XPCWrappedNative_NoHelper],"SELECT name, value FROM containers WHERE `type` = ? AND `key` = ?",[object Array],[object Object],[object Object])
  ->  [DB_SQLite.js:464] executeOneWithStatement([object Array],0,[object Array])
  ->  [DB_SQLite.js:456] executeWithStatement([object Object],"SELECT name, value FROM containers WHERE `type` = ? AND `key` = ?",[object Array],[object Object])
  ->  [DB_SQLite.js:312] execute("SELECT name, value FROM containers WHERE `type` = ? AND `key` = ?",[object Array])
  ->  [DB.js:181] anonymous("SELECT name, value FROM containers WHERE `type` = ? AND `key` = ?",[object Array])
  ->  [DBPersistor.js:108] loadAll("APPLICATION","chat")
  ->  [Container.js:87] loadIfNeeded()
  ->  [Container.js:500] getContainer()
  ->  [setup.js:3] anonymous()
  ->  [setup.js:1] <no name>
paths:
  -> file:///E:/Aptana%20Jaxer%20Apache/Jaxer/Apache2-4Build/jaxer/framework/src/ModuleLogger.js
  -> file:///E:/Aptana%20Jaxer%20Apache/Jaxer/Apache2-4Build/jaxer/framework/src/DB_SQLite.js
  -> file:///E:/Aptana%20Jaxer%20Apache/Jaxer/Apache2-4Build/jaxer/framework/src/DB.js
  -> file:///E:/Aptana%20Jaxer%20Apache/Jaxer/Apache2-4Build/jaxer/framework/src/DBPersistor.js
  -> file:///E:/Aptana%20Jaxer%20Apache/Jaxer/Apache2-4Build/jaxer/framework/src/Container.js
  -> file:///E:/Aptana%20Jaxer%20Apache/Jaxer/Apache2-4Build/jaxer/aptana/samples/chat/jaxer-include/setup.js

01:10:37 12/24/2025 [ 32928] [TRACE] [JS Framework] [DB.SQLite.bindAndExecute] Tried 1 time(s) in 0 ms to execute statement on SQLite database file E:\Aptana Jaxer Apache\Jaxer\Apache2-4Build\jaxer\..\local_jaxer\conf\..\data\frameworkdata.sqlite
stack:
  ->  [ModuleLogger.js:98] trace("Tried 1 time(s) in 0 ms to execute statement on SQLite database file E:\\Aptana Jaxer Apache\\Jaxer\\Apache2-4Build\\jaxer\\..\\local_jaxer\\conf\\..\\data\\frameworkdata.sqlite")
  ->  [DB_SQLite.js:606] bindAndExecute([object Object],[object XPCWrappedNative_NoHelper],"SELECT name, value FROM containers WHERE `type` = ? AND `key` = ?",[object Array],[object Object],[object Object])
  ->  [DB_SQLite.js:464] executeOneWithStatement([object Array],0,[object Array])
  ->  [DB_SQLite.js:456] executeWithStatement([object Object],"SELECT name, value FROM containers WHERE `type` = ? AND `key` = ?",[object Array],[object Object])
  ->  [DB_SQLite.js:312] execute("SELECT name, value FROM containers WHERE `type` = ? AND `key` = ?",[object Array])
  ->  [DB.js:181] anonymous("SELECT name, value FROM containers WHERE `type` = ? AND `key` = ?",[object Array])
  ->  [DBPersistor.js:108] loadAll("APPLICATION","chat")
  ->  [Container.js:87] loadIfNeeded()
  ->  [Container.js:500] getContainer()
  ->  [setup.js:3] anonymous()
  ->  [setup.js:1] <no name>
paths:
  -> file:///E:/Aptana%20Jaxer%20Apache/Jaxer/Apache2-4Build/jaxer/framework/src/ModuleLogger.js
  -> file:///E:/Aptana%20Jaxer%20Apache/Jaxer/Apache2-4Build/jaxer/framework/src/DB_SQLite.js
  -> file:///E:/Aptana%20Jaxer%20Apache/Jaxer/Apache2-4Build/jaxer/framework/src/DB.js
  -> file:///E:/Aptana%20Jaxer%20Apache/Jaxer/Apache2-4Build/jaxer/framework/src/DBPersistor.js
  -> file:///E:/Aptana%20Jaxer%20Apache/Jaxer/Apache2-4Build/jaxer/framework/src/Container.js
  -> file:///E:/Aptana%20Jaxer%20Apache/Jaxer/Apache2-4Build/jaxer/aptana/samples/chat/jaxer-include/setup.js

01:10:37 12/24/2025 [ 32928] [TRACE] [JS Framework] [DB.SQLite.executeWithStatement] Closing statement
stack:
  ->  [ModuleLogger.js:98] trace("Closing statement")
  ->  [DB_SQLite.js:484] executeWithStatement([object Object],"SELECT name, value FROM containers WHERE `type` = ? AND `key` = ?",[object Array],[object Object])
  ->  [DB_SQLite.js:312] execute("SELECT name, value FROM containers WHERE `type` = ? AND `key` = ?",[object Array])
  ->  [DB.js:181] anonymous("SELECT name, value FROM containers WHERE `type` = ? AND `key` = ?",[object Array])
  ->  [DBPersistor.js:108] loadAll("APPLICATION","chat")
  ->  [Container.js:87] loadIfNeeded()
  ->  [Container.js:500] getContainer()
  ->  [setup.js:3] anonymous()
  ->  [setup.js:1] <no name>
paths:
  -> file:///E:/Aptana%20Jaxer%20Apache/Jaxer/Apache2-4Build/jaxer/framework/src/ModuleLogger.js
  -> file:///E:/Aptana%20Jaxer%20Apache/Jaxer/Apache2-4Build/jaxer/framework/src/DB_SQLite.js
  -> file:///E:/Aptana%20Jaxer%20Apache/Jaxer/Apache2-4Build/jaxer/framework/src/DB.js
  -> file:///E:/Aptana%20Jaxer%20Apache/Jaxer/Apache2-4Build/jaxer/framework/src/DBPersistor.js
  -> file:///E:/Aptana%20Jaxer%20Apache/Jaxer/Apache2-4Build/jaxer/framework/src/Container.js
  -> file:///E:/Aptana%20Jaxer%20Apache/Jaxer/Apache2-4Build/jaxer/aptana/samples/chat/jaxer-include/setup.js

01:10:37 12/24/2025 [ 32928] [TRACE] [JS Framework] [DB.SQLite.executeWithStatement] Resetting and finalizing statement
stack:
  ->  [ModuleLogger.js:98] trace("Resetting and finalizing statement")
  ->  [DB_SQLite.js:487] executeWithStatement([object Object],"SELECT name, value FROM containers WHERE `type` = ? AND `key` = ?",[object Array],[object Object])
  ->  [DB_SQLite.js:312] execute("SELECT name, value FROM containers WHERE `type` = ? AND `key` = ?",[object Array])
  ->  [DB.js:181] anonymous("SELECT name, value FROM containers WHERE `type` = ? AND `key` = ?",[object Array])
  ->  [DBPersistor.js:108] loadAll("APPLICATION","chat")
  ->  [Container.js:87] loadIfNeeded()
  ->  [Container.js:500] getContainer()
  ->  [setup.js:3] anonymous()
  ->  [setup.js:1] <no name>
paths:
  -> file:///E:/Aptana%20Jaxer%20Apache/Jaxer/Apache2-4Build/jaxer/framework/src/ModuleLogger.js
  -> file:///E:/Aptana%20Jaxer%20Apache/Jaxer/Apache2-4Build/jaxer/framework/src/DB_SQLite.js
  -> file:///E:/Aptana%20Jaxer%20Apache/Jaxer/Apache2-4Build/jaxer/framework/src/DB.js
  -> file:///E:/Aptana%20Jaxer%20Apache/Jaxer/Apache2-4Build/jaxer/framework/src/DBPersistor.js
  -> file:///E:/Aptana%20Jaxer%20Apache/Jaxer/Apache2-4Build/jaxer/framework/src/Container.js
  -> file:///E:/Aptana%20Jaxer%20Apache/Jaxer/Apache2-4Build/jaxer/aptana/samples/chat/jaxer-include/setup.js

01:10:37 12/24/2025 [ 32928] [TRACE] [JS Framework] [DB.SQLite.execute] Populated resultSet with 1 rows of 2 columns
stack:
  ->  [ModuleLogger.js:98] trace("Populated resultSet with 1 rows of 2 columns")
  ->  [DB_SQLite.js:315] execute("SELECT name, value FROM containers WHERE `type` = ? AND `key` = ?",[object Array])
  ->  [DB.js:181] anonymous("SELECT name, value FROM containers WHERE `type` = ? AND `key` = ?",[object Array])
  ->  [DBPersistor.js:108] loadAll("APPLICATION","chat")
  ->  [Container.js:87] loadIfNeeded()
  ->  [Container.js:500] getContainer()
  ->  [setup.js:3] anonymous()
  ->  [setup.js:1] <no name>
paths:
  -> file:///E:/Aptana%20Jaxer%20Apache/Jaxer/Apache2-4Build/jaxer/framework/src/ModuleLogger.js
  -> file:///E:/Aptana%20Jaxer%20Apache/Jaxer/Apache2-4Build/jaxer/framework/src/DB_SQLite.js
  -> file:///E:/Aptana%20Jaxer%20Apache/Jaxer/Apache2-4Build/jaxer/framework/src/DB.js
  -> file:///E:/Aptana%20Jaxer%20Apache/Jaxer/Apache2-4Build/jaxer/framework/src/DBPersistor.js
  -> file:///E:/Aptana%20Jaxer%20Apache/Jaxer/Apache2-4Build/jaxer/framework/src/Container.js
  -> file:///E:/Aptana%20Jaxer%20Apache/Jaxer/Apache2-4Build/jaxer/aptana/samples/chat/jaxer-include/setup.js

01:10:37 12/24/2025 [ 32928] [TRACE] [JS Framework] [DB.SQLite.execute] Finished executing
stack:
  ->  [ModuleLogger.js:98] trace("Finished executing")
  ->  [DB_SQLite.js:338] execute("SELECT name, value FROM containers WHERE `type` = ? AND `key` = ?",[object Array])
  ->  [DB.js:181] anonymous("SELECT name, value FROM containers WHERE `type` = ? AND `key` = ?",[object Array])
  ->  [DBPersistor.js:108] loadAll("APPLICATION","chat")
  ->  [Container.js:87] loadIfNeeded()
  ->  [Container.js:500] getContainer()
  ->  [setup.js:3] anonymous()
  ->  [setup.js:1] <no name>
paths:
  -> file:///E:/Aptana%20Jaxer%20Apache/Jaxer/Apache2-4Build/jaxer/framework/src/ModuleLogger.js
  -> file:///E:/Aptana%20Jaxer%20Apache/Jaxer/Apache2-4Build/jaxer/framework/src/DB_SQLite.js
  -> file:///E:/Aptana%20Jaxer%20Apache/Jaxer/Apache2-4Build/jaxer/framework/src/DB.js
  -> file:///E:/Aptana%20Jaxer%20Apache/Jaxer/Apache2-4Build/jaxer/framework/src/DBPersistor.js
  -> file:///E:/Aptana%20Jaxer%20Apache/Jaxer/Apache2-4Build/jaxer/framework/src/Container.js
  -> file:///E:/Aptana%20Jaxer%20Apache/Jaxer/Apache2-4Build/jaxer/aptana/samples/chat/jaxer-include/setup.js

01:10:37 12/24/2025 [ 32928] [DEBUG] [JS Framework] [DBPersistor.loadAll] Returning 1 results
stack:
  ->  [ModuleLogger.js:98] debug("Returning 1 results")
  ->  [DBPersistor.js:117] loadAll("APPLICATION","chat")
  ->  [Container.js:87] loadIfNeeded()
  ->  [Container.js:500] getContainer()
  ->  [setup.js:3] anonymous()
  ->  [setup.js:1] <no name>
paths:
  -> file:///E:/Aptana%20Jaxer%20Apache/Jaxer/Apache2-4Build/jaxer/framework/src/ModuleLogger.js
  -> file:///E:/Aptana%20Jaxer%20Apache/Jaxer/Apache2-4Build/jaxer/framework/src/DBPersistor.js
  -> file:///E:/Aptana%20Jaxer%20Apache/Jaxer/Apache2-4Build/jaxer/framework/src/Container.js
  -> file:///E:/Aptana%20Jaxer%20Apache/Jaxer/Apache2-4Build/jaxer/aptana/samples/chat/jaxer-include/setup.js

01:10:37 12/24/2025 [ 32928] [TRACE] [JS Framework] [Container.getContainer] Populating Jaxer.application with properties: isInitialized
stack:
  ->  [ModuleLogger.js:98] trace("Populating Jaxer.application with properties: isInitialized")
  ->  [Container.js:501] getContainer()
  ->  [setup.js:3] anonymous()
  ->  [setup.js:1] <no name>
paths:
  -> file:///E:/Aptana%20Jaxer%20Apache/Jaxer/Apache2-4Build/jaxer/framework/src/ModuleLogger.js
  -> file:///E:/Aptana%20Jaxer%20Apache/Jaxer/Apache2-4Build/jaxer/framework/src/Container.js
  -> file:///E:/Aptana%20Jaxer%20Apache/Jaxer/Apache2-4Build/jaxer/aptana/samples/chat/jaxer-include/setup.js

01:10:37 12/24/2025 [ 32928] [TRACE] [JS Framework] [Includer.load] Jaxer.pageWindow.Jaxer.__newFunctions contains 0 items
stack:
  ->  [ModuleLogger.js:98] trace("Jaxer.pageWindow.Jaxer.__newFunctions contains 0 items")
  ->  [Includer.js:334] load("file:///E:/Aptana%20Jaxer%20Apache/Jaxer/Apache2-4Build/jaxer/aptana/samples/chat/jaxer-include/setup.js",[object ChromeWindow],"server",false,false,false)
  ->  [NewElement.js:67] load("tempLoad_0.230876050819042061766502637833")
  ->  [index.html:41] <no name>
paths:
  -> file:///E:/Aptana%20Jaxer%20Apache/Jaxer/Apache2-4Build/jaxer/framework/src/ModuleLogger.js
  -> file:///E:/Aptana%20Jaxer%20Apache/Jaxer/Apache2-4Build/jaxer/framework/src/Includer.js
  -> file:///E:/Aptana%20Jaxer%20Apache/Jaxer/Apache2-4Build/jaxer/framework/src/NewElement.js
  -> http://localhost:8081/aptana/samples/chat/index.html

01:10:37 12/24/2025 [ 32928] [DEBUG] [JS Framework] [Includer.load] Included: file:///E:/Aptana%20Jaxer%20Apache/Jaxer/Apache2-4Build/jaxer/aptana/samples/chat/jaxer-include/setup.js
stack:
  ->  [ModuleLogger.js:98] debug("Included: file:///E:/Aptana%20Jaxer%20Apache/Jaxer/Apache2-4Build/jaxer/aptana/samples/chat/jaxer-include/setup.js")
  ->  [Includer.js:351] load("file:///E:/Aptana%20Jaxer%20Apache/Jaxer/Apache2-4Build/jaxer/aptana/samples/chat/jaxer-include/setup.js",[object ChromeWindow],"server",false,false,false)
  ->  [NewElement.js:67] load("tempLoad_0.230876050819042061766502637833")
  ->  [index.html:41] <no name>
paths:
  -> file:///E:/Aptana%20Jaxer%20Apache/Jaxer/Apache2-4Build/jaxer/framework/src/ModuleLogger.js
  -> file:///E:/Aptana%20Jaxer%20Apache/Jaxer/Apache2-4Build/jaxer/framework/src/Includer.js
  -> file:///E:/Aptana%20Jaxer%20Apache/Jaxer/Apache2-4Build/jaxer/framework/src/NewElement.js
  -> http://localhost:8081/aptana/samples/chat/index.html

01:10:37 12/24/2025 [ 32928] [TRACE] [JS Framework] [CoreEvents.fire] At this time, evt.Request.isHandler=false and eventType: NEW_ELEMENT - SCRIPT
stack:
  ->  [ModuleLogger.js:98] trace("At this time, evt.Request.isHandler=false and eventType: NEW_ELEMENT - SCRIPT")
  ->  [CoreEvents.js:205] fire("NEW_ELEMENT",[object XPCWrappedNative_NoHelper],[object HTMLDocument],[object HTMLScriptElement])
  ->  [aptEventHandler.js:157] observe([object XPCWrappedNative_NoHelper],"jaxerEvent.NewHTMLElement",null)
paths:
  -> file:///E:/Aptana%20Jaxer%20Apache/Jaxer/Apache2-4Build/jaxer/framework/src/ModuleLogger.js
  -> file:///E:/Aptana%20Jaxer%20Apache/Jaxer/Apache2-4Build/jaxer/framework/src/CoreEvents.js
  -> file:///E:/Aptana%20Jaxer%20Apache/Jaxer/Apache2-4Build/jaxer/components/aptEventHandler.js

01:10:37 12/24/2025 [ 32928] [TRACE] [JS Framework] [CoreEvents.fireEvent] Firing an event for NEW_ELEMENT
stack:
  ->  [ModuleLogger.js:98] trace("Firing an event for NEW_ELEMENT")
  ->  [CoreEvents.js:282] fireEvent("NEW_ELEMENT",[object Array])
  ->  [CoreEvents.js:238] fire("NEW_ELEMENT",[object XPCWrappedNative_NoHelper],[object HTMLDocument],[object HTMLScriptElement])
  ->  [aptEventHandler.js:157] observe([object XPCWrappedNative_NoHelper],"jaxerEvent.NewHTMLElement",null)
paths:
  -> file:///E:/Aptana%20Jaxer%20Apache/Jaxer/Apache2-4Build/jaxer/framework/src/ModuleLogger.js
  -> file:///E:/Aptana%20Jaxer%20Apache/Jaxer/Apache2-4Build/jaxer/framework/src/CoreEvents.js
  -> file:///E:/Aptana%20Jaxer%20Apache/Jaxer/Apache2-4Build/jaxer/components/aptEventHandler.js

01:10:37 12/24/2025 [ 32928] [TRACE] [JS Framework] [CoreEvents.fireEvent] Calling event handler: function onNewElement(evt, doc, elt) {
    switch (elt.tagNa...
stack:
  ->  [ModuleLogger.js:98] trace("Calling event handler: function onNewElement(evt, doc, elt) {\n    switch (elt.tagNa...")
  ->  [CoreEvents.js:292] fireEvent("NEW_ELEMENT",[object Array])
  ->  [CoreEvents.js:238] fire("NEW_ELEMENT",[object XPCWrappedNative_NoHelper],[object HTMLDocument],[object HTMLScriptElement])
  ->  [aptEventHandler.js:157] observe([object XPCWrappedNative_NoHelper],"jaxerEvent.NewHTMLElement",null)
paths:
  -> file:///E:/Aptana%20Jaxer%20Apache/Jaxer/Apache2-4Build/jaxer/framework/src/ModuleLogger.js
  -> file:///E:/Aptana%20Jaxer%20Apache/Jaxer/Apache2-4Build/jaxer/framework/src/CoreEvents.js
  -> file:///E:/Aptana%20Jaxer%20Apache/Jaxer/Apache2-4Build/jaxer/components/aptEventHandler.js

01:10:37 12/24/2025 [ 32928] [TRACE] [JS Framework] [NewElement.onNewElement] Received element: SCRIPT with src='jaxer-include/_authentication.js' and runat='server'
stack:
  ->  [ModuleLogger.js:98] trace("Received element: SCRIPT with src='jaxer-include/_authentication.js' and runat='server'")
  ->  [NewElement.js:88] onNewElement([object XPCWrappedNative_NoHelper],[object HTMLDocument],[object HTMLScriptElement])
  ->  [CoreEvents.js:293] fireEvent("NEW_ELEMENT",[object Array])
  ->  [CoreEvents.js:238] fire("NEW_ELEMENT",[object XPCWrappedNative_NoHelper],[object HTMLDocument],[object HTMLScriptElement])
  ->  [aptEventHandler.js:157] observe([object XPCWrappedNative_NoHelper],"jaxerEvent.NewHTMLElement",null)
paths:
  -> file:///E:/Aptana%20Jaxer%20Apache/Jaxer/Apache2-4Build/jaxer/framework/src/ModuleLogger.js
  -> file:///E:/Aptana%20Jaxer%20Apache/Jaxer/Apache2-4Build/jaxer/framework/src/NewElement.js
  -> file:///E:/Aptana%20Jaxer%20Apache/Jaxer/Apache2-4Build/jaxer/framework/src/CoreEvents.js
  -> file:///E:/Aptana%20Jaxer%20Apache/Jaxer/Apache2-4Build/jaxer/components/aptEventHandler.js

01:10:37 12/24/2025 [ 32928] [TRACE] [JS Framework] [NewElement.load] Loading src'ed script with [src, global, useCache, forceRefreshCache] = jaxer-include/_authentication.js,[object ChromeWindow],server,false,false,false
stack:
  ->  [ModuleLogger.js:98] trace("Loading src'ed script with [src, global, useCache, forceRefreshCache] = jaxer-include/_authentication.js,[object ChromeWindow],server,false,false,false")
  ->  [NewElement.js:66] load("tempLoad_0.0558851930859375351766502637873")
  ->  [index.html:42] <no name>
paths:
  -> file:///E:/Aptana%20Jaxer%20Apache/Jaxer/Apache2-4Build/jaxer/framework/src/ModuleLogger.js
  -> file:///E:/Aptana%20Jaxer%20Apache/Jaxer/Apache2-4Build/jaxer/framework/src/NewElement.js
  -> http://localhost:8081/aptana/samples/chat/index.html

01:10:37 12/24/2025 [ 32928] [TRACE] [JS Framework] [Includer.load] Retrieved 851 characters from 'file:///E:/Aptana%20Jaxer%20Apache/Jaxer/Apache2-4Build/jaxer/aptana/samples/chat/jaxer-include/_authentication.js'
stack:
  ->  [ModuleLogger.js:98] trace("Retrieved 851 characters from 'file:///E:/Aptana%20Jaxer%20Apache/Jaxer/Apache2-4Build/jaxer/aptana/samples/chat/jaxer-include/_authentication.js'")
  ->  [Includer.js:290] load("file:///E:/Aptana%20Jaxer%20Apache/Jaxer/Apache2-4Build/jaxer/aptana/samples/chat/jaxer-include/_authentication.js",[object ChromeWindow],"server",false,false,false)
  ->  [NewElement.js:67] load("tempLoad_0.0558851930859375351766502637873")
  ->  [index.html:42] <no name>
paths:
  -> file:///E:/Aptana%20Jaxer%20Apache/Jaxer/Apache2-4Build/jaxer/framework/src/ModuleLogger.js
  -> file:///E:/Aptana%20Jaxer%20Apache/Jaxer/Apache2-4Build/jaxer/framework/src/Includer.js
  -> file:///E:/Aptana%20Jaxer%20Apache/Jaxer/Apache2-4Build/jaxer/framework/src/NewElement.js
  -> http://localhost:8081/aptana/samples/chat/index.html

01:10:37 12/24/2025 [ 32928] [TRACE] [JS Framework] [Includer.load] Evaluating 'file:///E:/Aptana%20Jaxer%20Apache/Jaxer/Apache2-4Build/jaxer/aptana/samples/chat/jaxer-include/_authentication.js'
stack:
  ->  [ModuleLogger.js:98] trace("Evaluating 'file:///E:/Aptana%20Jaxer%20Apache/Jaxer/Apache2-4Build/jaxer/aptana/samples/chat/jaxer-include/_authentication.js'")
  ->  [Includer.js:328] load("file:///E:/Aptana%20Jaxer%20Apache/Jaxer/Apache2-4Build/jaxer/aptana/samples/chat/jaxer-include/_authentication.js",[object ChromeWindow],"server",false,false,false)
  ->  [NewElement.js:67] load("tempLoad_0.0558851930859375351766502637873")
  ->  [index.html:42] <no name>
paths:
  -> file:///E:/Aptana%20Jaxer%20Apache/Jaxer/Apache2-4Build/jaxer/framework/src/ModuleLogger.js
  -> file:///E:/Aptana%20Jaxer%20Apache/Jaxer/Apache2-4Build/jaxer/framework/src/Includer.js
  -> file:///E:/Aptana%20Jaxer%20Apache/Jaxer/Apache2-4Build/jaxer/framework/src/NewElement.js
  -> http://localhost:8081/aptana/samples/chat/index.html

01:10:37 12/24/2025 [ 32928] [TRACE] [JS Framework] [Includer.evalOn] Evaluating using Jaxer.request.evaluateScript: contents = function g... with global = [object ChromeWindow] and effectiveUrl = file:///E:/Aptana%20Jaxer%20Apache/Jaxer/Apache2-4Build/jaxer/aptana/samples/chat/jaxer-include/_authentication.js
stack:
  ->  [ModuleLogger.js:98] trace("Evaluating using Jaxer.request.evaluateScript: contents = function g... with global = [object ChromeWindow] and effectiveUrl = file:///E:/Aptana%20Jaxer%20Apache/Jaxer/Apache2-4Build/jaxer/aptana/samples/chat/jaxer-include/_authentication.js")
  ->  [Includer.js:131] evalOn("function getAuthenticatedUser()\r\n{\r\n\tvar username = Jaxer.session.username;\r\n\tif (typeof username == \"undefined\") return null;\r\n\tvar rs = Jaxer.DB.execute(\"SELECT * FROM users WHERE username = ?\", [username]);\r\n\tif (rs.rows.length == 0)\r\n\t{\r\n\t\treturn null;\r\n\t}\r\n\treturn rs.rows[0];\r\n}\r\n\r\nfunction makeAuthenticated(user)\r\n{\r\n\tJaxer.session.username = user.username;\r\n}\r\n\r\nfunction initAuthentication()\r\n{\r\n\ttry\r\n\t{\r\n\t\tvar user = getAuthenticatedUser();\r\n\t\tif (user)\r\n\t\t{\r\n\t\t\tfromTemplate('loginComponent', 'loginAuthenticated');\r\n\t\t\t$('authenticatedUsername').innerHTML = user.username;\r\n\t\t\tJaxer.clientData.isAuthenticated = true;\r\n\t\t}\r\n\t\telse\r\n\t\t{\r\n\t\t\tfromTemplate('loginComponent', 'loginRequest');\r\n\t\t\tJaxer.clientData.isAuthenticated = false;\r\n\t\t}\r\n\t}\r\n\tcatch (e)\r\n\t{\r\n\t\tJaxer.Log.error(\"Error trying to get authenticated user: \" + e);\r\n\t}\r\n}\r\n\r\n",[object ChromeWindow],"file:///E:/Aptana%20Jaxer%20Apache/Jaxer/Apache2-4Build/jaxer/aptana/samples/chat/jaxer-include/_authentication.js")
  ->  [Includer.js:329] load("file:///E:/Aptana%20Jaxer%20Apache/Jaxer/Apache2-4Build/jaxer/aptana/samples/chat/jaxer-include/_authentication.js",[object ChromeWindow],"server",false,false,false)
  ->  [NewElement.js:67] load("tempLoad_0.0558851930859375351766502637873")
  ->  [index.html:42] <no name>
paths:
  -> file:///E:/Aptana%20Jaxer%20Apache/Jaxer/Apache2-4Build/jaxer/framework/src/ModuleLogger.js
  -> file:///E:/Aptana%20Jaxer%20Apache/Jaxer/Apache2-4Build/jaxer/framework/src/Includer.js
  -> file:///E:/Aptana%20Jaxer%20Apache/Jaxer/Apache2-4Build/jaxer/framework/src/NewElement.js
  -> http://localhost:8081/aptana/samples/chat/index.html

01:10:37 12/24/2025 [ 32928] [TRACE] [JS Framework] [Includer.load] Jaxer.pageWindow.Jaxer.__newFunctions contains 3 items
stack:
  ->  [ModuleLogger.js:98] trace("Jaxer.pageWindow.Jaxer.__newFunctions contains 3 items")
  ->  [Includer.js:334] load("file:///E:/Aptana%20Jaxer%20Apache/Jaxer/Apache2-4Build/jaxer/aptana/samples/chat/jaxer-include/_authentication.js",[object ChromeWindow],"server",false,false,false)
  ->  [NewElement.js:67] load("tempLoad_0.0558851930859375351766502637873")
  ->  [index.html:42] <no name>
paths:
  -> file:///E:/Aptana%20Jaxer%20Apache/Jaxer/Apache2-4Build/jaxer/framework/src/ModuleLogger.js
  -> file:///E:/Aptana%20Jaxer%20Apache/Jaxer/Apache2-4Build/jaxer/framework/src/Includer.js
  -> file:///E:/Aptana%20Jaxer%20Apache/Jaxer/Apache2-4Build/jaxer/framework/src/NewElement.js
  -> http://localhost:8081/aptana/samples/chat/index.html

01:10:37 12/24/2025 [ 32928] [TRACE] [JS Framework] [Includer.setRunat] Set runat='server' on function named 'getAuthenticatedUser'
stack:
  ->  [ModuleLogger.js:98] trace("Set runat='server' on function named 'getAuthenticatedUser'")
  ->  [Includer.js:345] setRunat("getAuthenticatedUser",0,[object Array])
  ->  [Includer.js:336] load("file:///E:/Aptana%20Jaxer%20Apache/Jaxer/Apache2-4Build/jaxer/aptana/samples/chat/jaxer-include/_authentication.js",[object ChromeWindow],"server",false,false,false)
  ->  [NewElement.js:67] load("tempLoad_0.0558851930859375351766502637873")
  ->  [index.html:42] <no name>
paths:
  -> file:///E:/Aptana%20Jaxer%20Apache/Jaxer/Apache2-4Build/jaxer/framework/src/ModuleLogger.js
  -> file:///E:/Aptana%20Jaxer%20Apache/Jaxer/Apache2-4Build/jaxer/framework/src/Includer.js
  -> file:///E:/Aptana%20Jaxer%20Apache/Jaxer/Apache2-4Build/jaxer/framework/src/NewElement.js
  -> http://localhost:8081/aptana/samples/chat/index.html

01:10:37 12/24/2025 [ 32928] [TRACE] [JS Framework] [Includer.setRunat] Set runat='server' on function named 'makeAuthenticated'
stack:
  ->  [ModuleLogger.js:98] trace("Set runat='server' on function named 'makeAuthenticated'")
  ->  [Includer.js:345] setRunat("makeAuthenticated",1,[object Array])
  ->  [Includer.js:336] load("file:///E:/Aptana%20Jaxer%20Apache/Jaxer/Apache2-4Build/jaxer/aptana/samples/chat/jaxer-include/_authentication.js",[object ChromeWindow],"server",false,false,false)
  ->  [NewElement.js:67] load("tempLoad_0.0558851930859375351766502637873")
  ->  [index.html:42] <no name>
paths:
  -> file:///E:/Aptana%20Jaxer%20Apache/Jaxer/Apache2-4Build/jaxer/framework/src/ModuleLogger.js
  -> file:///E:/Aptana%20Jaxer%20Apache/Jaxer/Apache2-4Build/jaxer/framework/src/Includer.js
  -> file:///E:/Aptana%20Jaxer%20Apache/Jaxer/Apache2-4Build/jaxer/framework/src/NewElement.js
  -> http://localhost:8081/aptana/samples/chat/index.html

01:10:37 12/24/2025 [ 32928] [TRACE] [JS Framework] [Includer.setRunat] Set runat='server' on function named 'initAuthentication'
stack:
  ->  [ModuleLogger.js:98] trace("Set runat='server' on function named 'initAuthentication'")
  ->  [Includer.js:345] setRunat("initAuthentication",2,[object Array])
  ->  [Includer.js:336] load("file:///E:/Aptana%20Jaxer%20Apache/Jaxer/Apache2-4Build/jaxer/aptana/samples/chat/jaxer-include/_authentication.js",[object ChromeWindow],"server",false,false,false)
  ->  [NewElement.js:67] load("tempLoad_0.0558851930859375351766502637873")
  ->  [index.html:42] <no name>
paths:
  -> file:///E:/Aptana%20Jaxer%20Apache/Jaxer/Apache2-4Build/jaxer/framework/src/ModuleLogger.js
  -> file:///E:/Aptana%20Jaxer%20Apache/Jaxer/Apache2-4Build/jaxer/framework/src/Includer.js
  -> file:///E:/Aptana%20Jaxer%20Apache/Jaxer/Apache2-4Build/jaxer/framework/src/NewElement.js
  -> http://localhost:8081/aptana/samples/chat/index.html

01:10:37 12/24/2025 [ 32928] [DEBUG] [JS Framework] [Includer.load] Included: file:///E:/Aptana%20Jaxer%20Apache/Jaxer/Apache2-4Build/jaxer/aptana/samples/chat/jaxer-include/_authentication.js
stack:
  ->  [ModuleLogger.js:98] debug("Included: file:///E:/Aptana%20Jaxer%20Apache/Jaxer/Apache2-4Build/jaxer/aptana/samples/chat/jaxer-include/_authentication.js")
  ->  [Includer.js:351] load("file:///E:/Aptana%20Jaxer%20Apache/Jaxer/Apache2-4Build/jaxer/aptana/samples/chat/jaxer-include/_authentication.js",[object ChromeWindow],"server",false,false,false)
  ->  [NewElement.js:67] load("tempLoad_0.0558851930859375351766502637873")
  ->  [index.html:42] <no name>
paths:
  -> file:///E:/Aptana%20Jaxer%20Apache/Jaxer/Apache2-4Build/jaxer/framework/src/ModuleLogger.js
  -> file:///E:/Aptana%20Jaxer%20Apache/Jaxer/Apache2-4Build/jaxer/framework/src/Includer.js
  -> file:///E:/Aptana%20Jaxer%20Apache/Jaxer/Apache2-4Build/jaxer/framework/src/NewElement.js
  -> http://localhost:8081/aptana/samples/chat/index.html

01:10:37 12/24/2025 [ 32928] [TRACE] [JS Framework] [CoreEvents.fire] At this time, evt.Request.isHandler=false and eventType: NEW_ELEMENT - SCRIPT
stack:
  ->  [ModuleLogger.js:98] trace("At this time, evt.Request.isHandler=false and eventType: NEW_ELEMENT - SCRIPT")
  ->  [CoreEvents.js:205] fire("NEW_ELEMENT",[object XPCWrappedNative_NoHelper],[object HTMLDocument],[object HTMLScriptElement])
  ->  [aptEventHandler.js:157] observe([object XPCWrappedNative_NoHelper],"jaxerEvent.NewHTMLElement",null)
paths:
  -> file:///E:/Aptana%20Jaxer%20Apache/Jaxer/Apache2-4Build/jaxer/framework/src/ModuleLogger.js
  -> file:///E:/Aptana%20Jaxer%20Apache/Jaxer/Apache2-4Build/jaxer/framework/src/CoreEvents.js
  -> file:///E:/Aptana%20Jaxer%20Apache/Jaxer/Apache2-4Build/jaxer/components/aptEventHandler.js

01:10:37 12/24/2025 [ 32928] [TRACE] [JS Framework] [CoreEvents.fireEvent] Firing an event for NEW_ELEMENT
stack:
  ->  [ModuleLogger.js:98] trace("Firing an event for NEW_ELEMENT")
  ->  [CoreEvents.js:282] fireEvent("NEW_ELEMENT",[object Array])
  ->  [CoreEvents.js:238] fire("NEW_ELEMENT",[object XPCWrappedNative_NoHelper],[object HTMLDocument],[object HTMLScriptElement])
  ->  [aptEventHandler.js:157] observe([object XPCWrappedNative_NoHelper],"jaxerEvent.NewHTMLElement",null)
paths:
  -> file:///E:/Aptana%20Jaxer%20Apache/Jaxer/Apache2-4Build/jaxer/framework/src/ModuleLogger.js
  -> file:///E:/Aptana%20Jaxer%20Apache/Jaxer/Apache2-4Build/jaxer/framework/src/CoreEvents.js
  -> file:///E:/Aptana%20Jaxer%20Apache/Jaxer/Apache2-4Build/jaxer/components/aptEventHandler.js

01:10:37 12/24/2025 [ 32928] [TRACE] [JS Framework] [CoreEvents.fireEvent] Calling event handler: function onNewElement(evt, doc, elt) {
    switch (elt.tagNa...
stack:
  ->  [ModuleLogger.js:98] trace("Calling event handler: function onNewElement(evt, doc, elt) {\n    switch (elt.tagNa...")
  ->  [CoreEvents.js:292] fireEvent("NEW_ELEMENT",[object Array])
  ->  [CoreEvents.js:238] fire("NEW_ELEMENT",[object XPCWrappedNative_NoHelper],[object HTMLDocument],[object HTMLScriptElement])
  ->  [aptEventHandler.js:157] observe([object XPCWrappedNative_NoHelper],"jaxerEvent.NewHTMLElement",null)
paths:
  -> file:///E:/Aptana%20Jaxer%20Apache/Jaxer/Apache2-4Build/jaxer/framework/src/ModuleLogger.js
  -> file:///E:/Aptana%20Jaxer%20Apache/Jaxer/Apache2-4Build/jaxer/framework/src/CoreEvents.js
  -> file:///E:/Aptana%20Jaxer%20Apache/Jaxer/Apache2-4Build/jaxer/components/aptEventHandler.js

01:10:37 12/24/2025 [ 32928] [TRACE] [JS Framework] [NewElement.onNewElement] Received element: SCRIPT with no src and runat='server'
stack:
  ->  [ModuleLogger.js:98] trace("Received element: SCRIPT with no src and runat='server'")
  ->  [NewElement.js:88] onNewElement([object XPCWrappedNative_NoHelper],[object HTMLDocument],[object HTMLScriptElement])
  ->  [CoreEvents.js:293] fireEvent("NEW_ELEMENT",[object Array])
  ->  [CoreEvents.js:238] fire("NEW_ELEMENT",[object XPCWrappedNative_NoHelper],[object HTMLDocument],[object HTMLScriptElement])
  ->  [aptEventHandler.js:157] observe([object XPCWrappedNative_NoHelper],"jaxerEvent.NewHTMLElement",null)
paths:
  -> file:///E:/Aptana%20Jaxer%20Apache/Jaxer/Apache2-4Build/jaxer/framework/src/ModuleLogger.js
  -> file:///E:/Aptana%20Jaxer%20Apache/Jaxer/Apache2-4Build/jaxer/framework/src/NewElement.js
  -> file:///E:/Aptana%20Jaxer%20Apache/Jaxer/Apache2-4Build/jaxer/framework/src/CoreEvents.js
  -> file:///E:/Aptana%20Jaxer%20Apache/Jaxer/Apache2-4Build/jaxer/components/aptEventHandler.js

01:10:37 12/24/2025 [ 32928] [TRACE] [JS Framework] [CoreEvents.fire] At this time, evt.Request.isHandler=false and eventType: NEW_ELEMENT - SCRIPT
stack:
  ->  [ModuleLogger.js:98] trace("At this time, evt.Request.isHandler=false and eventType: NEW_ELEMENT - SCRIPT")
  ->  [CoreEvents.js:205] fire("NEW_ELEMENT",[object XPCWrappedNative_NoHelper],[object HTMLDocument],[object HTMLScriptElement])
  ->  [aptEventHandler.js:157] observe([object XPCWrappedNative_NoHelper],"jaxerEvent.NewHTMLElement",null)
paths:
  -> file:///E:/Aptana%20Jaxer%20Apache/Jaxer/Apache2-4Build/jaxer/framework/src/ModuleLogger.js
  -> file:///E:/Aptana%20Jaxer%20Apache/Jaxer/Apache2-4Build/jaxer/framework/src/CoreEvents.js
  -> file:///E:/Aptana%20Jaxer%20Apache/Jaxer/Apache2-4Build/jaxer/components/aptEventHandler.js

01:10:37 12/24/2025 [ 32928] [TRACE] [JS Framework] [CoreEvents.fireEvent] Firing an event for NEW_ELEMENT
stack:
  ->  [ModuleLogger.js:98] trace("Firing an event for NEW_ELEMENT")
  ->  [CoreEvents.js:282] fireEvent("NEW_ELEMENT",[object Array])
  ->  [CoreEvents.js:238] fire("NEW_ELEMENT",[object XPCWrappedNative_NoHelper],[object HTMLDocument],[object HTMLScriptElement])
  ->  [aptEventHandler.js:157] observe([object XPCWrappedNative_NoHelper],"jaxerEvent.NewHTMLElement",null)
paths:
  -> file:///E:/Aptana%20Jaxer%20Apache/Jaxer/Apache2-4Build/jaxer/framework/src/ModuleLogger.js
  -> file:///E:/Aptana%20Jaxer%20Apache/Jaxer/Apache2-4Build/jaxer/framework/src/CoreEvents.js
  -> file:///E:/Aptana%20Jaxer%20Apache/Jaxer/Apache2-4Build/jaxer/components/aptEventHandler.js

01:10:37 12/24/2025 [ 32928] [TRACE] [JS Framework] [CoreEvents.fireEvent] Calling event handler: function onNewElement(evt, doc, elt) {
    switch (elt.tagNa...
stack:
  ->  [ModuleLogger.js:98] trace("Calling event handler: function onNewElement(evt, doc, elt) {\n    switch (elt.tagNa...")
  ->  [CoreEvents.js:292] fireEvent("NEW_ELEMENT",[object Array])
  ->  [CoreEvents.js:238] fire("NEW_ELEMENT",[object XPCWrappedNative_NoHelper],[object HTMLDocument],[object HTMLScriptElement])
  ->  [aptEventHandler.js:157] observe([object XPCWrappedNative_NoHelper],"jaxerEvent.NewHTMLElement",null)
paths:
  -> file:///E:/Aptana%20Jaxer%20Apache/Jaxer/Apache2-4Build/jaxer/framework/src/ModuleLogger.js
  -> file:///E:/Aptana%20Jaxer%20Apache/Jaxer/Apache2-4Build/jaxer/framework/src/CoreEvents.js
  -> file:///E:/Aptana%20Jaxer%20Apache/Jaxer/Apache2-4Build/jaxer/components/aptEventHandler.js

01:10:37 12/24/2025 [ 32928] [TRACE] [JS Framework] [NewElement.onNewElement] Received element: SCRIPT with src='jaxer-include/_login.js' and runat='server'
stack:
  ->  [ModuleLogger.js:98] trace("Received element: SCRIPT with src='jaxer-include/_login.js' and runat='server'")
  ->  [NewElement.js:88] onNewElement([object XPCWrappedNative_NoHelper],[object HTMLDocument],[object HTMLScriptElement])
  ->  [CoreEvents.js:293] fireEvent("NEW_ELEMENT",[object Array])
  ->  [CoreEvents.js:238] fire("NEW_ELEMENT",[object XPCWrappedNative_NoHelper],[object HTMLDocument],[object HTMLScriptElement])
  ->  [aptEventHandler.js:157] observe([object XPCWrappedNative_NoHelper],"jaxerEvent.NewHTMLElement",null)
paths:
  -> file:///E:/Aptana%20Jaxer%20Apache/Jaxer/Apache2-4Build/jaxer/framework/src/ModuleLogger.js
  -> file:///E:/Aptana%20Jaxer%20Apache/Jaxer/Apache2-4Build/jaxer/framework/src/NewElement.js
  -> file:///E:/Aptana%20Jaxer%20Apache/Jaxer/Apache2-4Build/jaxer/framework/src/CoreEvents.js
  -> file:///E:/Aptana%20Jaxer%20Apache/Jaxer/Apache2-4Build/jaxer/components/aptEventHandler.js

01:10:37 12/24/2025 [ 32928] [TRACE] [JS Framework] [NewElement.load] Loading src'ed script with [src, global, useCache, forceRefreshCache] = jaxer-include/_login.js,[object ChromeWindow],server,false,false,false
stack:
  ->  [ModuleLogger.js:98] trace("Loading src'ed script with [src, global, useCache, forceRefreshCache] = jaxer-include/_login.js,[object ChromeWindow],server,false,false,false")
  ->  [NewElement.js:66] load("tempLoad_0.154690495970655541766502637887")
  ->  [index.html:150] <no name>
paths:
  -> file:///E:/Aptana%20Jaxer%20Apache/Jaxer/Apache2-4Build/jaxer/framework/src/ModuleLogger.js
  -> file:///E:/Aptana%20Jaxer%20Apache/Jaxer/Apache2-4Build/jaxer/framework/src/NewElement.js
  -> http://localhost:8081/aptana/samples/chat/index.html

01:10:37 12/24/2025 [ 32928] [TRACE] [JS Framework] [Includer.load] Retrieved 4499 characters from 'file:///E:/Aptana%20Jaxer%20Apache/Jaxer/Apache2-4Build/jaxer/aptana/samples/chat/jaxer-include/_login.js'
stack:
  ->  [ModuleLogger.js:98] trace("Retrieved 4499 characters from 'file:///E:/Aptana%20Jaxer%20Apache/Jaxer/Apache2-4Build/jaxer/aptana/samples/chat/jaxer-include/_login.js'")
  ->  [Includer.js:290] load("file:///E:/Aptana%20Jaxer%20Apache/Jaxer/Apache2-4Build/jaxer/aptana/samples/chat/jaxer-include/_login.js",[object ChromeWindow],"server",false,false,false)
  ->  [NewElement.js:67] load("tempLoad_0.154690495970655541766502637887")
  ->  [index.html:150] <no name>
paths:
  -> file:///E:/Aptana%20Jaxer%20Apache/Jaxer/Apache2-4Build/jaxer/framework/src/ModuleLogger.js
  -> file:///E:/Aptana%20Jaxer%20Apache/Jaxer/Apache2-4Build/jaxer/framework/src/Includer.js
  -> file:///E:/Aptana%20Jaxer%20Apache/Jaxer/Apache2-4Build/jaxer/framework/src/NewElement.js
  -> http://localhost:8081/aptana/samples/chat/index.html

01:10:37 12/24/2025 [ 32928] [TRACE] [JS Framework] [Includer.load] Evaluating 'file:///E:/Aptana%20Jaxer%20Apache/Jaxer/Apache2-4Build/jaxer/aptana/samples/chat/jaxer-include/_login.js'
stack:
  ->  [ModuleLogger.js:98] trace("Evaluating 'file:///E:/Aptana%20Jaxer%20Apache/Jaxer/Apache2-4Build/jaxer/aptana/samples/chat/jaxer-include/_login.js'")
  ->  [Includer.js:328] load("file:///E:/Aptana%20Jaxer%20Apache/Jaxer/Apache2-4Build/jaxer/aptana/samples/chat/jaxer-include/_login.js",[object ChromeWindow],"server",false,false,false)
  ->  [NewElement.js:67] load("tempLoad_0.154690495970655541766502637887")
  ->  [index.html:150] <no name>
paths:
  -> file:///E:/Aptana%20Jaxer%20Apache/Jaxer/Apache2-4Build/jaxer/framework/src/ModuleLogger.js
  -> file:///E:/Aptana%20Jaxer%20Apache/Jaxer/Apache2-4Build/jaxer/framework/src/Includer.js
  -> file:///E:/Aptana%20Jaxer%20Apache/Jaxer/Apache2-4Build/jaxer/framework/src/NewElement.js
  -> http://localhost:8081/aptana/samples/chat/index.html

01:10:37 12/24/2025 [ 32928] [TRACE] [JS Framework] [Includer.evalOn] Evaluating using Jaxer.request.evaluateScript: contents = function v... with global = [object ChromeWindow] and effectiveUrl = file:///E:/Aptana%20Jaxer%20Apache/Jaxer/Apache2-4Build/jaxer/aptana/samples/chat/jaxer-include/_login.js
stack:
  ->  [ModuleLogger.js:98] trace("Evaluating using Jaxer.request.evaluateScript: contents = function v... with global = [object ChromeWindow] and effectiveUrl = file:///E:/Aptana%20Jaxer%20Apache/Jaxer/Apache2-4Build/jaxer/aptana/samples/chat/jaxer-include/_login.js")
  ->  [Includer.js:131] evalOn("function validateUsername(candidate)\r\n{\r\n\treturn /^[\\w\\-]+$/.test(candidate) ? \"\" : \"username must be alphanumeric or -\";\r\n}\r\nvalidateUsername.runat = \"both\";\r\n\r\nfunction validatePassword(candidate)\r\n{\r\n\treturn /^[\\w\\-\\$]{6,}$/.test(candidate) ? \"\" : \"password must be 6 or more alphanumeric or - or $ characters\";\r\n}\r\nvalidatePassword.runat = \"both\";\r\n\r\nfunction saveCredentials(username, password)\r\n{\r\n\tvar error = \"\";\r\n\tvar errors = [];\r\n\terror = validateUsername(username);\r\n\tif (error != \"\") errors.push(error);\r\n\terror = validatePassword(password);\r\n\tif (error != \"\") errors.push(error);\r\n\tif (errors.length > 0) return errors.join(\"; \");\r\n\t\r\n\tvar rs;\r\n\trs = Jaxer.DB.execute(\"SELECT * FROM users WHERE username = ?\", [username]);\r\n\tif (rs.rows.length != 0)\r\n\t{\r\n\t\tvar user = rs.rows[0];\r\n\t\tvar previousPassword = user.password;\r\n\t\tif (previousPassword == password) // validate them\r\n\t\t{\r\n\t\t\tmakeAuthenticated(user);\r\n\t\t\treturn \"\"; \r\n\t\t}\r\n\t\treturn \"username already in use\";\r\n\t}\r\n\t\r\n\tvar values = \"('\" + [username, password].join(\"', '\") + \"', NOW(), NOW())\";\r\n\ttry\r\n\t{\r\n\t\tvar now = new Date();\r\n\t\tJaxer.DB.execute(\"INSERT INTO users (username, password, created, last_login) VALUES (?, ?, ?, ?)\",\r\n\t\t\t[username, password, now, now]);\r\n\t\trs = Jaxer.DB.execute(\"SELECT * FROM users WHERE username = ?\", [username]);\r\n\t\tif (rs.rows.length != 0)\r\n\t\t{\r\n\t\t\tvar user = rs.rows[0];\r\n\t\t\tmakeAuthenticated(user);\r\n\t\t\treturn \"\";\r\n\t\t}\r\n\t\telse\r\n\t\t{\r\n\t\t\tJaxer.Log.warn(\"Could not find the user '\" + username + \"' that was just created!\");\r\n\t\t\treturn \"Could not find the account that should have just been created\";\r\n\t\t}\r\n\t}\r\n\tcatch (e)\r\n\t{\r\n\t\tJaxer.Log.warn(\"User error when trying to save credentials: \" + e);\r\n\t\treturn \"Could not create username/password\";\r\n\t}\r\n}\r\nsaveCredentials.proxy = true;\r\n\t\r\nfunction checkCredentials(username, password)\r\n{\r\n\tvar rs = Jaxer.DB.execute(\"SELECT * FROM users WHERE username = ? AND password = ?\",\r\n\t\t[username, password]);\r\n\tif (rs.rows.length == 0)\r\n\t{\r\n\t\treturn \"\";\r\n\t}\r\n\tvar user = rs.rows[0];\r\n\tmakeAuthenticated(user);\r\n\treturn user.username;\r\n}\r\ncheckCredentials.proxy = true;\r\n\r\nfunction removeCredentials()\r\n{\r\n\tdelete Jaxer.session.username;\r\n}\r\nremoveCredentials.proxy = true;\r\n\r\n// Clientside functions\r\nfunction changeAuthentication(isAuthenticated)\r\n{\r\n\tif (typeof window.onAuthenticateChange == \"function\") onAuthenticateChange(isAuthenticated);\r\n}\r\nchangeAuthentication.runat = \"client\";\r\n\r\nfunction validate(validationFunction, candidate)\r\n{\r\n\tif (candidate == \"\") return; // Not done filling this out, perhaps\r\n\tvar error = validationFunction(candidate);\r\n\tif (error != \"\")\r\n\t{\r\n\t\talert(error);\r\n\t}\r\n}\r\nvalidate.runat = \"client\";\r\n\r\nfunction login()\r\n{\r\n\tvar username = $('username').value;\r\n\tvar password = $('password').value;\r\n\tvar username = checkCredentials(username, password);\r\n\tif (username != \"\")\r\n\t{\r\n\t\tfromTemplate('loginComponent', 'loginAuthenticated');\r\n\t\tsetTimeout(\"$('authenticatedUsername').innerHTML = '\" + username + \"'\", 0);\r\n\t\tchangeAuthentication(true);\r\n\t}\r\n\telse\r\n\t{\r\n\t\t$('loginMessage').innerHTML = \"Sorry, try again\";\r\n\t}\r\n}\r\nlogin.runat = \"client\";\r\n\r\nfunction logout()\r\n{\r\n\tremoveCredentials();\r\n\tfromTemplate('loginComponent', 'loginRequest');\r\n\tsetTimeout(\"$('loginMessage').innerHTML = 'successfully logged out'\", 0);\r\n\tchangeAuthentication(false);\r\n}\r\nlogout.runat = \"client\";\r\n\r\nfunction showCreateAccount()\r\n{\r\n\tfromTemplate('loginComponent', 'loginCreate');\r\n}\r\nshowCreateAccount.runat = \"client\";\r\n\r\nfunction createAccount()\r\n{\r\n\tvar username = $('newUsername').value;\r\n\tvar password = $('newPassword').value;\r\n\tvar confirmPassword = $('confirmPassword').value;\r\n\tif (password != confirmPassword)\r\n\t{\r\n\t\talert(\"Please enter the same password twice to proceed\");\r\n\t\treturn;\r\n\t}\r\n\tvar error = saveCredentials(username, password);\r\n\tif (error == \"\")\r\n\t{\r\n\t\tfromTemplate('loginComponent', 'loginAuthenticated');\r\n\t\tsetTimeout(\"$('authenticatedUsername').innerHTML = '\" + username + \"'\", 0);\r\n\t\tchangeAuthentication(true);\r\n\t}\r\n\telse\r\n\t{\r\n\t\tsetTimeout(\"$('createAccountMessage').innerHTML = '\" + error + \"'\", 0);\r\n\t}\r\n}\r\ncreateAccount.runat = \"client\";\r\n\r\nfunction cancelCreateAccount()\r\n{\r\n\tfromTemplate('loginComponent', 'loginRequest');\r\n}\r\ncancelCreateAccount.runat = \"client\";\r\n\r\nfunction handleReturn(evt, handler)\r\n{\r\n\tif (!evt) evt = window.event;\r\n\tif ((evt.which && evt.which == 13) || \r\n\t    (evt.keyCode && evt.keyCode == 13))\r\n\t{\r\n\t\thandler();\r\n\t\treturn false; \r\n\t}\r\n}\r\nhandleReturn.runat = \"client\";\r\n\r\n",[object ChromeWindow],"file:///E:/Aptana%20Jaxer%20Apache/Jaxer/Apache2-4Build/jaxer/aptana/samples/chat/jaxer-include/_login.js")
  ->  [Includer.js:329] load("file:///E:/Aptana%20Jaxer%20Apache/Jaxer/Apache2-4Build/jaxer/aptana/samples/chat/jaxer-include/_login.js",[object ChromeWindow],"server",false,false,false)
  ->  [NewElement.js:67] load("tempLoad_0.154690495970655541766502637887")
  ->  [index.html:150] <no name>
paths:
  -> file:///E:/Aptana%20Jaxer%20Apache/Jaxer/Apache2-4Build/jaxer/framework/src/ModuleLogger.js
  -> file:///E:/Aptana%20Jaxer%20Apache/Jaxer/Apache2-4Build/jaxer/framework/src/Includer.js
  -> file:///E:/Aptana%20Jaxer%20Apache/Jaxer/Apache2-4Build/jaxer/framework/src/NewElement.js
  -> http://localhost:8081/aptana/samples/chat/index.html

01:10:37 12/24/2025 [ 32928] [TRACE] [JS Framework] [Includer.load] Jaxer.pageWindow.Jaxer.__newFunctions contains 13 items
stack:
  ->  [ModuleLogger.js:98] trace("Jaxer.pageWindow.Jaxer.__newFunctions contains 13 items")
  ->  [Includer.js:334] load("file:///E:/Aptana%20Jaxer%20Apache/Jaxer/Apache2-4Build/jaxer/aptana/samples/chat/jaxer-include/_login.js",[object ChromeWindow],"server",false,false,false)
  ->  [NewElement.js:67] load("tempLoad_0.154690495970655541766502637887")
  ->  [index.html:150] <no name>
paths:
  -> file:///E:/Aptana%20Jaxer%20Apache/Jaxer/Apache2-4Build/jaxer/framework/src/ModuleLogger.js
  -> file:///E:/Aptana%20Jaxer%20Apache/Jaxer/Apache2-4Build/jaxer/framework/src/Includer.js
  -> file:///E:/Aptana%20Jaxer%20Apache/Jaxer/Apache2-4Build/jaxer/framework/src/NewElement.js
  -> http://localhost:8081/aptana/samples/chat/index.html

01:10:37 12/24/2025 [ 32928] [TRACE] [JS Framework] [Includer.setRunat] Set runat='server' on function named 'saveCredentials'
stack:
  ->  [ModuleLogger.js:98] trace("Set runat='server' on function named 'saveCredentials'")
  ->  [Includer.js:345] setRunat("saveCredentials",2,[object Array])
  ->  [Includer.js:336] load("file:///E:/Aptana%20Jaxer%20Apache/Jaxer/Apache2-4Build/jaxer/aptana/samples/chat/jaxer-include/_login.js",[object ChromeWindow],"server",false,false,false)
  ->  [NewElement.js:67] load("tempLoad_0.154690495970655541766502637887")
  ->  [index.html:150] <no name>
paths:
  -> file:///E:/Aptana%20Jaxer%20Apache/Jaxer/Apache2-4Build/jaxer/framework/src/ModuleLogger.js
  -> file:///E:/Aptana%20Jaxer%20Apache/Jaxer/Apache2-4Build/jaxer/framework/src/Includer.js
  -> file:///E:/Aptana%20Jaxer%20Apache/Jaxer/Apache2-4Build/jaxer/framework/src/NewElement.js
  -> http://localhost:8081/aptana/samples/chat/index.html

01:10:37 12/24/2025 [ 32928] [TRACE] [JS Framework] [Includer.setRunat] Set runat='server' on function named 'checkCredentials'
stack:
  ->  [ModuleLogger.js:98] trace("Set runat='server' on function named 'checkCredentials'")
  ->  [Includer.js:345] setRunat("checkCredentials",3,[object Array])
  ->  [Includer.js:336] load("file:///E:/Aptana%20Jaxer%20Apache/Jaxer/Apache2-4Build/jaxer/aptana/samples/chat/jaxer-include/_login.js",[object ChromeWindow],"server",false,false,false)
  ->  [NewElement.js:67] load("tempLoad_0.154690495970655541766502637887")
  ->  [index.html:150] <no name>
paths:
  -> file:///E:/Aptana%20Jaxer%20Apache/Jaxer/Apache2-4Build/jaxer/framework/src/ModuleLogger.js
  -> file:///E:/Aptana%20Jaxer%20Apache/Jaxer/Apache2-4Build/jaxer/framework/src/Includer.js
  -> file:///E:/Aptana%20Jaxer%20Apache/Jaxer/Apache2-4Build/jaxer/framework/src/NewElement.js
  -> http://localhost:8081/aptana/samples/chat/index.html

01:10:37 12/24/2025 [ 32928] [TRACE] [JS Framework] [Includer.setRunat] Set runat='server' on function named 'removeCredentials'
stack:
  ->  [ModuleLogger.js:98] trace("Set runat='server' on function named 'removeCredentials'")
  ->  [Includer.js:345] setRunat("removeCredentials",4,[object Array])
  ->  [Includer.js:336] load("file:///E:/Aptana%20Jaxer%20Apache/Jaxer/Apache2-4Build/jaxer/aptana/samples/chat/jaxer-include/_login.js",[object ChromeWindow],"server",false,false,false)
  ->  [NewElement.js:67] load("tempLoad_0.154690495970655541766502637887")
  ->  [index.html:150] <no name>
paths:
  -> file:///E:/Aptana%20Jaxer%20Apache/Jaxer/Apache2-4Build/jaxer/framework/src/ModuleLogger.js
  -> file:///E:/Aptana%20Jaxer%20Apache/Jaxer/Apache2-4Build/jaxer/framework/src/Includer.js
  -> file:///E:/Aptana%20Jaxer%20Apache/Jaxer/Apache2-4Build/jaxer/framework/src/NewElement.js
  -> http://localhost:8081/aptana/samples/chat/index.html

01:10:37 12/24/2025 [ 32928] [DEBUG] [JS Framework] [Includer.load] Included: file:///E:/Aptana%20Jaxer%20Apache/Jaxer/Apache2-4Build/jaxer/aptana/samples/chat/jaxer-include/_login.js
stack:
  ->  [ModuleLogger.js:98] debug("Included: file:///E:/Aptana%20Jaxer%20Apache/Jaxer/Apache2-4Build/jaxer/aptana/samples/chat/jaxer-include/_login.js")
  ->  [Includer.js:351] load("file:///E:/Aptana%20Jaxer%20Apache/Jaxer/Apache2-4Build/jaxer/aptana/samples/chat/jaxer-include/_login.js",[object ChromeWindow],"server",false,false,false)
  ->  [NewElement.js:67] load("tempLoad_0.154690495970655541766502637887")
  ->  [index.html:150] <no name>
paths:
  -> file:///E:/Aptana%20Jaxer%20Apache/Jaxer/Apache2-4Build/jaxer/framework/src/ModuleLogger.js
  -> file:///E:/Aptana%20Jaxer%20Apache/Jaxer/Apache2-4Build/jaxer/framework/src/Includer.js
  -> file:///E:/Aptana%20Jaxer%20Apache/Jaxer/Apache2-4Build/jaxer/framework/src/NewElement.js
  -> http://localhost:8081/aptana/samples/chat/index.html

01:10:37 12/24/2025 [ 32928] [TRACE] [JS Framework] [CoreEvents.fire] At this time, evt.Request.isHandler=false and eventType: NEW_ELEMENT - JAXER:INCLUDE
stack:
  ->  [ModuleLogger.js:98] trace("At this time, evt.Request.isHandler=false and eventType: NEW_ELEMENT - JAXER:INCLUDE")
  ->  [CoreEvents.js:205] fire("NEW_ELEMENT",[object XPCWrappedNative_NoHelper],[object HTMLDocument],[object HTMLUnknownElement])
  ->  [aptEventHandler.js:157] observe([object XPCWrappedNative_NoHelper],"jaxerEvent.NewHTMLElement",null)
paths:
  -> file:///E:/Aptana%20Jaxer%20Apache/Jaxer/Apache2-4Build/jaxer/framework/src/ModuleLogger.js
  -> file:///E:/Aptana%20Jaxer%20Apache/Jaxer/Apache2-4Build/jaxer/framework/src/CoreEvents.js
  -> file:///E:/Aptana%20Jaxer%20Apache/Jaxer/Apache2-4Build/jaxer/components/aptEventHandler.js

01:10:37 12/24/2025 [ 32928] [TRACE] [JS Framework] [CoreEvents.fireEvent] Firing an event for NEW_ELEMENT
stack:
  ->  [ModuleLogger.js:98] trace("Firing an event for NEW_ELEMENT")
  ->  [CoreEvents.js:282] fireEvent("NEW_ELEMENT",[object Array])
  ->  [CoreEvents.js:238] fire("NEW_ELEMENT",[object XPCWrappedNative_NoHelper],[object HTMLDocument],[object HTMLUnknownElement])
  ->  [aptEventHandler.js:157] observe([object XPCWrappedNative_NoHelper],"jaxerEvent.NewHTMLElement",null)
paths:
  -> file:///E:/Aptana%20Jaxer%20Apache/Jaxer/Apache2-4Build/jaxer/framework/src/ModuleLogger.js
  -> file:///E:/Aptana%20Jaxer%20Apache/Jaxer/Apache2-4Build/jaxer/framework/src/CoreEvents.js
  -> file:///E:/Aptana%20Jaxer%20Apache/Jaxer/Apache2-4Build/jaxer/components/aptEventHandler.js

01:10:37 12/24/2025 [ 32928] [TRACE] [JS Framework] [CoreEvents.fireEvent] Calling event handler: function onNewElement(evt, doc, elt) {
    switch (elt.tagNa...
stack:
  ->  [ModuleLogger.js:98] trace("Calling event handler: function onNewElement(evt, doc, elt) {\n    switch (elt.tagNa...")
  ->  [CoreEvents.js:292] fireEvent("NEW_ELEMENT",[object Array])
  ->  [CoreEvents.js:238] fire("NEW_ELEMENT",[object XPCWrappedNative_NoHelper],[object HTMLDocument],[object HTMLUnknownElement])
  ->  [aptEventHandler.js:157] observe([object XPCWrappedNative_NoHelper],"jaxerEvent.NewHTMLElement",null)
paths:
  -> file:///E:/Aptana%20Jaxer%20Apache/Jaxer/Apache2-4Build/jaxer/framework/src/ModuleLogger.js
  -> file:///E:/Aptana%20Jaxer%20Apache/Jaxer/Apache2-4Build/jaxer/framework/src/CoreEvents.js
  -> file:///E:/Aptana%20Jaxer%20Apache/Jaxer/Apache2-4Build/jaxer/components/aptEventHandler.js

01:10:37 12/24/2025 [ 32928] [TRACE] [JS Framework] [NewElement.onNewElement] Received element: JAXER:INCLUDE with src='jaxer-include/_login.html' and no path
stack:
  ->  [ModuleLogger.js:98] trace("Received element: JAXER:INCLUDE with src='jaxer-include/_login.html' and no path")
  ->  [NewElement.js:139] onNewElement([object XPCWrappedNative_NoHelper],[object HTMLDocument],[object HTMLUnknownElement])
  ->  [CoreEvents.js:293] fireEvent("NEW_ELEMENT",[object Array])
  ->  [CoreEvents.js:238] fire("NEW_ELEMENT",[object XPCWrappedNative_NoHelper],[object HTMLDocument],[object HTMLUnknownElement])
  ->  [aptEventHandler.js:157] observe([object XPCWrappedNative_NoHelper],"jaxerEvent.NewHTMLElement",null)
paths:
  -> file:///E:/Aptana%20Jaxer%20Apache/Jaxer/Apache2-4Build/jaxer/framework/src/ModuleLogger.js
  -> file:///E:/Aptana%20Jaxer%20Apache/Jaxer/Apache2-4Build/jaxer/framework/src/NewElement.js
  -> file:///E:/Aptana%20Jaxer%20Apache/Jaxer/Apache2-4Build/jaxer/framework/src/CoreEvents.js
  -> file:///E:/Aptana%20Jaxer%20Apache/Jaxer/Apache2-4Build/jaxer/components/aptEventHandler.js

01:10:37 12/24/2025 [ 32928] [TRACE] [JS Framework] [Includer.includeElement] Entering with element to include having src = jaxer-include/_login.html and path = null
stack:
  ->  [ModuleLogger.js:98] trace("Entering with element to include having src = jaxer-include/_login.html and path = null")
  ->  [Includer.js:57] includeElement([object HTMLDocument],[object HTMLUnknownElement])
  ->  [NewElement.js:142] onNewElement([object XPCWrappedNative_NoHelper],[object HTMLDocument],[object HTMLUnknownElement])
  ->  [CoreEvents.js:293] fireEvent("NEW_ELEMENT",[object Array])
  ->  [CoreEvents.js:238] fire("NEW_ELEMENT",[object XPCWrappedNative_NoHelper],[object HTMLDocument],[object HTMLUnknownElement])
  ->  [aptEventHandler.js:157] observe([object XPCWrappedNative_NoHelper],"jaxerEvent.NewHTMLElement",null)
paths:
  -> file:///E:/Aptana%20Jaxer%20Apache/Jaxer/Apache2-4Build/jaxer/framework/src/ModuleLogger.js
  -> file:///E:/Aptana%20Jaxer%20Apache/Jaxer/Apache2-4Build/jaxer/framework/src/Includer.js
  -> file:///E:/Aptana%20Jaxer%20Apache/Jaxer/Apache2-4Build/jaxer/framework/src/NewElement.js
  -> file:///E:/Aptana%20Jaxer%20Apache/Jaxer/Apache2-4Build/jaxer/framework/src/CoreEvents.js
  -> file:///E:/Aptana%20Jaxer%20Apache/Jaxer/Apache2-4Build/jaxer/components/aptEventHandler.js

01:10:37 12/24/2025 [ 32928] [TRACE] [JS Framework] [Web.get] Retrieving from file URL: file:///E:/Aptana%20Jaxer%20Apache/Jaxer/Apache2-4Build/jaxer/aptana/samples/chat/jaxer-include/_login.html
stack:
  ->  [ModuleLogger.js:98] trace("Retrieving from file URL: file:///E:/Aptana%20Jaxer%20Apache/Jaxer/Apache2-4Build/jaxer/aptana/samples/chat/jaxer-include/_login.html")
  ->  [Web.js:227] get("file:///E:/Aptana%20Jaxer%20Apache/Jaxer/Apache2-4Build/jaxer/aptana/samples/chat/jaxer-include/_login.html",[object Object])
  ->  [Includer.js:68] includeElement([object HTMLDocument],[object HTMLUnknownElement])
  ->  [NewElement.js:142] onNewElement([object XPCWrappedNative_NoHelper],[object HTMLDocument],[object HTMLUnknownElement])
  ->  [CoreEvents.js:293] fireEvent("NEW_ELEMENT",[object Array])
  ->  [CoreEvents.js:238] fire("NEW_ELEMENT",[object XPCWrappedNative_NoHelper],[object HTMLDocument],[object HTMLUnknownElement])
  ->  [aptEventHandler.js:157] observe([object XPCWrappedNative_NoHelper],"jaxerEvent.NewHTMLElement",null)
paths:
  -> file:///E:/Aptana%20Jaxer%20Apache/Jaxer/Apache2-4Build/jaxer/framework/src/ModuleLogger.js
  -> file:///E:/Aptana%20Jaxer%20Apache/Jaxer/Apache2-4Build/jaxer/framework/src/Web.js
  -> file:///E:/Aptana%20Jaxer%20Apache/Jaxer/Apache2-4Build/jaxer/framework/src/Includer.js
  -> file:///E:/Aptana%20Jaxer%20Apache/Jaxer/Apache2-4Build/jaxer/framework/src/NewElement.js
  -> file:///E:/Aptana%20Jaxer%20Apache/Jaxer/Apache2-4Build/jaxer/framework/src/CoreEvents.js
  -> file:///E:/Aptana%20Jaxer%20Apache/Jaxer/Apache2-4Build/jaxer/components/aptEventHandler.js

01:10:37 12/24/2025 [ 32928] [TRACE] [JS Framework] [Web.get] Resolved to path: E:\Aptana Jaxer Apache\Jaxer\Apache2-4Build\jaxer\aptana\samples\chat\jaxer-include\_login.html
stack:
  ->  [ModuleLogger.js:98] trace("Resolved to path: E:\\Aptana Jaxer Apache\\Jaxer\\Apache2-4Build\\jaxer\\aptana\\samples\\chat\\jaxer-include\\_login.html")
  ->  [Web.js:229] get("file:///E:/Aptana%20Jaxer%20Apache/Jaxer/Apache2-4Build/jaxer/aptana/samples/chat/jaxer-include/_login.html",[object Object])
  ->  [Includer.js:68] includeElement([object HTMLDocument],[object HTMLUnknownElement])
  ->  [NewElement.js:142] onNewElement([object XPCWrappedNative_NoHelper],[object HTMLDocument],[object HTMLUnknownElement])
  ->  [CoreEvents.js:293] fireEvent("NEW_ELEMENT",[object Array])
  ->  [CoreEvents.js:238] fire("NEW_ELEMENT",[object XPCWrappedNative_NoHelper],[object HTMLDocument],[object HTMLUnknownElement])
  ->  [aptEventHandler.js:157] observe([object XPCWrappedNative_NoHelper],"jaxerEvent.NewHTMLElement",null)
paths:
  -> file:///E:/Aptana%20Jaxer%20Apache/Jaxer/Apache2-4Build/jaxer/framework/src/ModuleLogger.js
  -> file:///E:/Aptana%20Jaxer%20Apache/Jaxer/Apache2-4Build/jaxer/framework/src/Web.js
  -> file:///E:/Aptana%20Jaxer%20Apache/Jaxer/Apache2-4Build/jaxer/framework/src/Includer.js
  -> file:///E:/Aptana%20Jaxer%20Apache/Jaxer/Apache2-4Build/jaxer/framework/src/NewElement.js
  -> file:///E:/Aptana%20Jaxer%20Apache/Jaxer/Apache2-4Build/jaxer/framework/src/CoreEvents.js
  -> file:///E:/Aptana%20Jaxer%20Apache/Jaxer/Apache2-4Build/jaxer/components/aptEventHandler.js

01:10:37 12/24/2025 [ 32928] [TRACE] [JS Framework] [Web.get] Read 1744 characters from file
stack:
  ->  [ModuleLogger.js:98] trace("Read 1744 characters from file")
  ->  [Web.js:231] get("file:///E:/Aptana%20Jaxer%20Apache/Jaxer/Apache2-4Build/jaxer/aptana/samples/chat/jaxer-include/_login.html",[object Object])
  ->  [Includer.js:68] includeElement([object HTMLDocument],[object HTMLUnknownElement])
  ->  [NewElement.js:142] onNewElement([object XPCWrappedNative_NoHelper],[object HTMLDocument],[object HTMLUnknownElement])
  ->  [CoreEvents.js:293] fireEvent("NEW_ELEMENT",[object Array])
  ->  [CoreEvents.js:238] fire("NEW_ELEMENT",[object XPCWrappedNative_NoHelper],[object HTMLDocument],[object HTMLUnknownElement])
  ->  [aptEventHandler.js:157] observe([object XPCWrappedNative_NoHelper],"jaxerEvent.NewHTMLElement",null)
paths:
  -> file:///E:/Aptana%20Jaxer%20Apache/Jaxer/Apache2-4Build/jaxer/framework/src/ModuleLogger.js
  -> file:///E:/Aptana%20Jaxer%20Apache/Jaxer/Apache2-4Build/jaxer/framework/src/Web.js
  -> file:///E:/Aptana%20Jaxer%20Apache/Jaxer/Apache2-4Build/jaxer/framework/src/Includer.js
  -> file:///E:/Aptana%20Jaxer%20Apache/Jaxer/Apache2-4Build/jaxer/framework/src/NewElement.js
  -> file:///E:/Aptana%20Jaxer%20Apache/Jaxer/Apache2-4Build/jaxer/framework/src/CoreEvents.js
  -> file:///E:/Aptana%20Jaxer%20Apache/Jaxer/Apache2-4Build/jaxer/components/aptEventHandler.js

01:10:37 12/24/2025 [ 32928] [DEBUG] [JS Framework] [Includer.includeElement] Successfully included file at jaxer-include/_login.html for this JAXER:INCLUDE element
stack:
  ->  [ModuleLogger.js:98] debug("Successfully included file at jaxer-include/_login.html for this JAXER:INCLUDE element")
  ->  [Includer.js:84] includeElement([object HTMLDocument],[object HTMLUnknownElement])
  ->  [NewElement.js:142] onNewElement([object XPCWrappedNative_NoHelper],[object HTMLDocument],[object HTMLUnknownElement])
  ->  [CoreEvents.js:293] fireEvent("NEW_ELEMENT",[object Array])
  ->  [CoreEvents.js:238] fire("NEW_ELEMENT",[object XPCWrappedNative_NoHelper],[object HTMLDocument],[object HTMLUnknownElement])
  ->  [aptEventHandler.js:157] observe([object XPCWrappedNative_NoHelper],"jaxerEvent.NewHTMLElement",null)
paths:
  -> file:///E:/Aptana%20Jaxer%20Apache/Jaxer/Apache2-4Build/jaxer/framework/src/ModuleLogger.js
  -> file:///E:/Aptana%20Jaxer%20Apache/Jaxer/Apache2-4Build/jaxer/framework/src/Includer.js
  -> file:///E:/Aptana%20Jaxer%20Apache/Jaxer/Apache2-4Build/jaxer/framework/src/NewElement.js
  -> file:///E:/Aptana%20Jaxer%20Apache/Jaxer/Apache2-4Build/jaxer/framework/src/CoreEvents.js
  -> file:///E:/Aptana%20Jaxer%20Apache/Jaxer/Apache2-4Build/jaxer/components/aptEventHandler.js

01:10:37 12/24/2025 [ 32928] [TRACE] [JS Framework] [CoreEvents.fire] At this time, evt.Request.isHandler=false and eventType: NEW_ELEMENT - SCRIPT
stack:
  ->  [ModuleLogger.js:98] trace("At this time, evt.Request.isHandler=false and eventType: NEW_ELEMENT - SCRIPT")
  ->  [CoreEvents.js:205] fire("NEW_ELEMENT",[object XPCWrappedNative_NoHelper],[object HTMLDocument],[object HTMLScriptElement])
  ->  [aptEventHandler.js:157] observe([object XPCWrappedNative_NoHelper],"jaxerEvent.NewHTMLElement",null)
paths:
  -> file:///E:/Aptana%20Jaxer%20Apache/Jaxer/Apache2-4Build/jaxer/framework/src/ModuleLogger.js
  -> file:///E:/Aptana%20Jaxer%20Apache/Jaxer/Apache2-4Build/jaxer/framework/src/CoreEvents.js
  -> file:///E:/Aptana%20Jaxer%20Apache/Jaxer/Apache2-4Build/jaxer/components/aptEventHandler.js

01:10:37 12/24/2025 [ 32928] [TRACE] [JS Framework] [CoreEvents.fireEvent] Firing an event for NEW_ELEMENT
stack:
  ->  [ModuleLogger.js:98] trace("Firing an event for NEW_ELEMENT")
  ->  [CoreEvents.js:282] fireEvent("NEW_ELEMENT",[object Array])
  ->  [CoreEvents.js:238] fire("NEW_ELEMENT",[object XPCWrappedNative_NoHelper],[object HTMLDocument],[object HTMLScriptElement])
  ->  [aptEventHandler.js:157] observe([object XPCWrappedNative_NoHelper],"jaxerEvent.NewHTMLElement",null)
paths:
  -> file:///E:/Aptana%20Jaxer%20Apache/Jaxer/Apache2-4Build/jaxer/framework/src/ModuleLogger.js
  -> file:///E:/Aptana%20Jaxer%20Apache/Jaxer/Apache2-4Build/jaxer/framework/src/CoreEvents.js
  -> file:///E:/Aptana%20Jaxer%20Apache/Jaxer/Apache2-4Build/jaxer/components/aptEventHandler.js

01:10:37 12/24/2025 [ 32928] [TRACE] [JS Framework] [CoreEvents.fireEvent] Calling event handler: function onNewElement(evt, doc, elt) {
    switch (elt.tagNa...
stack:
  ->  [ModuleLogger.js:98] trace("Calling event handler: function onNewElement(evt, doc, elt) {\n    switch (elt.tagNa...")
  ->  [CoreEvents.js:292] fireEvent("NEW_ELEMENT",[object Array])
  ->  [CoreEvents.js:238] fire("NEW_ELEMENT",[object XPCWrappedNative_NoHelper],[object HTMLDocument],[object HTMLScriptElement])
  ->  [aptEventHandler.js:157] observe([object XPCWrappedNative_NoHelper],"jaxerEvent.NewHTMLElement",null)
paths:
  -> file:///E:/Aptana%20Jaxer%20Apache/Jaxer/Apache2-4Build/jaxer/framework/src/ModuleLogger.js
  -> file:///E:/Aptana%20Jaxer%20Apache/Jaxer/Apache2-4Build/jaxer/framework/src/CoreEvents.js
  -> file:///E:/Aptana%20Jaxer%20Apache/Jaxer/Apache2-4Build/jaxer/components/aptEventHandler.js

01:10:37 12/24/2025 [ 32928] [TRACE] [JS Framework] [NewElement.onNewElement] Received element: SCRIPT with no src and runat='server'
stack:
  ->  [ModuleLogger.js:98] trace("Received element: SCRIPT with no src and runat='server'")
  ->  [NewElement.js:88] onNewElement([object XPCWrappedNative_NoHelper],[object HTMLDocument],[object HTMLScriptElement])
  ->  [CoreEvents.js:293] fireEvent("NEW_ELEMENT",[object Array])
  ->  [CoreEvents.js:238] fire("NEW_ELEMENT",[object XPCWrappedNative_NoHelper],[object HTMLDocument],[object HTMLScriptElement])
  ->  [aptEventHandler.js:157] observe([object XPCWrappedNative_NoHelper],"jaxerEvent.NewHTMLElement",null)
paths:
  -> file:///E:/Aptana%20Jaxer%20Apache/Jaxer/Apache2-4Build/jaxer/framework/src/ModuleLogger.js
  -> file:///E:/Aptana%20Jaxer%20Apache/Jaxer/Apache2-4Build/jaxer/framework/src/NewElement.js
  -> file:///E:/Aptana%20Jaxer%20Apache/Jaxer/Apache2-4Build/jaxer/framework/src/CoreEvents.js
  -> file:///E:/Aptana%20Jaxer%20Apache/Jaxer/Apache2-4Build/jaxer/components/aptEventHandler.js

01:10:37 12/24/2025 [ 32928] [TRACE] [JS Framework] [CoreEvents.fire] At this time, evt.Request.isHandler=false and eventType: PARSE_COMPLETE
stack:
  ->  [ModuleLogger.js:98] trace("At this time, evt.Request.isHandler=false and eventType: PARSE_COMPLETE")
  ->  [CoreEvents.js:205] fire("PARSE_COMPLETE",[object XPCWrappedNative_NoHelper],[object HTMLDocument])
  ->  [aptEventHandler.js:337] observe([object XPCWrappedNative_NoHelper],"jaxerEvent.HTMLParseComplete",null)
paths:
  -> file:///E:/Aptana%20Jaxer%20Apache/Jaxer/Apache2-4Build/jaxer/framework/src/ModuleLogger.js
  -> file:///E:/Aptana%20Jaxer%20Apache/Jaxer/Apache2-4Build/jaxer/framework/src/CoreEvents.js
  -> file:///E:/Aptana%20Jaxer%20Apache/Jaxer/Apache2-4Build/jaxer/components/aptEventHandler.js

01:10:37 12/24/2025 [ 32928] [TRACE] [JS Framework] [CoreEvents.fireEvent] Firing an event for HANDLE_PAGE
stack:
  ->  [ModuleLogger.js:98] trace("Firing an event for HANDLE_PAGE")
  ->  [CoreEvents.js:282] fireEvent("HANDLE_PAGE",[object Array])
  ->  [CoreEvents.js:234] fire("PARSE_COMPLETE",[object XPCWrappedNative_NoHelper],[object HTMLDocument])
  ->  [aptEventHandler.js:337] observe([object XPCWrappedNative_NoHelper],"jaxerEvent.HTMLParseComplete",null)
paths:
  -> file:///E:/Aptana%20Jaxer%20Apache/Jaxer/Apache2-4Build/jaxer/framework/src/ModuleLogger.js
  -> file:///E:/Aptana%20Jaxer%20Apache/Jaxer/Apache2-4Build/jaxer/framework/src/CoreEvents.js
  -> file:///E:/Aptana%20Jaxer%20Apache/Jaxer/Apache2-4Build/jaxer/components/aptEventHandler.js

01:10:37 12/24/2025 [ 32928] [TRACE] [JS Framework] [CoreEvents.fireEvent] Calling event handler: function onHandlePage(evt, doc) {
    if (checkErrors(doc)) ...
stack:
  ->  [ModuleLogger.js:98] trace("Calling event handler: function onHandlePage(evt, doc) {\n    if (checkErrors(doc)) ...")
  ->  [CoreEvents.js:292] fireEvent("HANDLE_PAGE",[object Array])
  ->  [CoreEvents.js:234] fire("PARSE_COMPLETE",[object XPCWrappedNative_NoHelper],[object HTMLDocument])
  ->  [aptEventHandler.js:337] observe([object XPCWrappedNative_NoHelper],"jaxerEvent.HTMLParseComplete",null)
paths:
  -> file:///E:/Aptana%20Jaxer%20Apache/Jaxer/Apache2-4Build/jaxer/framework/src/ModuleLogger.js
  -> file:///E:/Aptana%20Jaxer%20Apache/Jaxer/Apache2-4Build/jaxer/framework/src/CoreEvents.js
  -> file:///E:/Aptana%20Jaxer%20Apache/Jaxer/Apache2-4Build/jaxer/components/aptEventHandler.js

01:10:37 12/24/2025 [ 32928] [TRACE] [JS Framework] [HandlePage.onHandlePage] Processing onserverload with doc = [object HTMLDocument]
stack:
  ->  [ModuleLogger.js:98] trace("Processing onserverload with doc = [object HTMLDocument]")
  ->  [HandlePage.js:58] onHandlePage([object XPCWrappedNative_NoHelper],[object HTMLDocument])
  ->  [CoreEvents.js:293] fireEvent("HANDLE_PAGE",[object Array])
  ->  [CoreEvents.js:234] fire("PARSE_COMPLETE",[object XPCWrappedNative_NoHelper],[object HTMLDocument])
  ->  [aptEventHandler.js:337] observe([object XPCWrappedNative_NoHelper],"jaxerEvent.HTMLParseComplete",null)
paths:
  -> file:///E:/Aptana%20Jaxer%20Apache/Jaxer/Apache2-4Build/jaxer/framework/src/ModuleLogger.js
  -> file:///E:/Aptana%20Jaxer%20Apache/Jaxer/Apache2-4Build/jaxer/framework/src/HandlePage.js
  -> file:///E:/Aptana%20Jaxer%20Apache/Jaxer/Apache2-4Build/jaxer/framework/src/CoreEvents.js
  -> file:///E:/Aptana%20Jaxer%20Apache/Jaxer/Apache2-4Build/jaxer/components/aptEventHandler.js

01:10:37 12/24/2025 [ 32928] [TRACE] [JS Framework] [HandlePage.processLoadEvent] Processing load event 'serverload' with doc = [object HTMLDocument]
stack:
  ->  [ModuleLogger.js:98] trace("Processing load event 'serverload' with doc = [object HTMLDocument]")
  ->  [HandlePage.js:258] processLoadEvent("serverload",[object HTMLDocument],true)
  ->  [HandlePage.js:222] processOnServerLoad([object HTMLDocument])
  ->  [HandlePage.js:59] onHandlePage([object XPCWrappedNative_NoHelper],[object HTMLDocument])
  ->  [CoreEvents.js:293] fireEvent("HANDLE_PAGE",[object Array])
  ->  [CoreEvents.js:234] fire("PARSE_COMPLETE",[object XPCWrappedNative_NoHelper],[object HTMLDocument])
  ->  [aptEventHandler.js:337] observe([object XPCWrappedNative_NoHelper],"jaxerEvent.HTMLParseComplete",null)
paths:
  -> file:///E:/Aptana%20Jaxer%20Apache/Jaxer/Apache2-4Build/jaxer/framework/src/ModuleLogger.js
  -> file:///E:/Aptana%20Jaxer%20Apache/Jaxer/Apache2-4Build/jaxer/framework/src/HandlePage.js
  -> file:///E:/Aptana%20Jaxer%20Apache/Jaxer/Apache2-4Build/jaxer/framework/src/CoreEvents.js
  -> file:///E:/Aptana%20Jaxer%20Apache/Jaxer/Apache2-4Build/jaxer/components/aptEventHandler.js

01:10:37 12/24/2025 [ 32928] [TRACE] [JS Framework] [Container.getContainer] Getting exposedContainer: session
stack:
  ->  [ModuleLogger.js:98] trace("Getting exposedContainer: session")
  ->  [Container.js:494] getContainer()
  ->  [_authentication.js:3] getAuthenticatedUser()
  ->  [_authentication.js:22] initAuthentication()
  ->  [index.html:1] onserverload([object Event])
paths:
  -> file:///E:/Aptana%20Jaxer%20Apache/Jaxer/Apache2-4Build/jaxer/framework/src/ModuleLogger.js
  -> file:///E:/Aptana%20Jaxer%20Apache/Jaxer/Apache2-4Build/jaxer/framework/src/Container.js
  -> file:///E:/Aptana%20Jaxer%20Apache/Jaxer/Apache2-4Build/jaxer/aptana/samples/chat/jaxer-include/_authentication.js
  -> http://localhost:8081/aptana/samples/chat/index.html

01:10:37 12/24/2025 [ 32928] [DEBUG] [JS Framework] [Container.loadIfNeeded] Loading container SESSION:176650225815408013378880202926 for first time
stack:
  ->  [ModuleLogger.js:98] debug("Loading container SESSION:176650225815408013378880202926 for first time")
  ->  [Container.js:86] loadIfNeeded()
  ->  [Container.js:500] getContainer()
  ->  [_authentication.js:3] getAuthenticatedUser()
  ->  [_authentication.js:22] initAuthentication()
  ->  [index.html:1] onserverload([object Event])
paths:
  -> file:///E:/Aptana%20Jaxer%20Apache/Jaxer/Apache2-4Build/jaxer/framework/src/ModuleLogger.js
  -> file:///E:/Aptana%20Jaxer%20Apache/Jaxer/Apache2-4Build/jaxer/framework/src/Container.js
  -> file:///E:/Aptana%20Jaxer%20Apache/Jaxer/Apache2-4Build/jaxer/aptana/samples/chat/jaxer-include/_authentication.js
  -> http://localhost:8081/aptana/samples/chat/index.html

01:10:37 12/24/2025 [ 32928] [DEBUG] [JS Framework] [DBPersistor.loadAll] Loading all: SESSION,176650225815408013378880202926
stack:
  ->  [ModuleLogger.js:98] debug("Loading all: SESSION,176650225815408013378880202926")
  ->  [DBPersistor.js:106] loadAll("SESSION","176650225815408013378880202926")
  ->  [Container.js:87] loadIfNeeded()
  ->  [Container.js:500] getContainer()
  ->  [_authentication.js:3] getAuthenticatedUser()
  ->  [_authentication.js:22] initAuthentication()
  ->  [index.html:1] onserverload([object Event])
paths:
  -> file:///E:/Aptana%20Jaxer%20Apache/Jaxer/Apache2-4Build/jaxer/framework/src/ModuleLogger.js
  -> file:///E:/Aptana%20Jaxer%20Apache/Jaxer/Apache2-4Build/jaxer/framework/src/DBPersistor.js
  -> file:///E:/Aptana%20Jaxer%20Apache/Jaxer/Apache2-4Build/jaxer/framework/src/Container.js
  -> file:///E:/Aptana%20Jaxer%20Apache/Jaxer/Apache2-4Build/jaxer/aptana/samples/chat/jaxer-include/_authentication.js
  -> http://localhost:8081/aptana/samples/chat/index.html

01:10:37 12/24/2025 [ 32928] [TRACE] [JS Framework] [DB.SQLite.execute] Starting execute
stack:
  ->  [ModuleLogger.js:98] trace("Starting execute")
  ->  [DB_SQLite.js:302] execute("SELECT name, value FROM containers WHERE `type` = ? AND `key` = ?",[object Array])
  ->  [DB.js:181] anonymous("SELECT name, value FROM containers WHERE `type` = ? AND `key` = ?",[object Array])
  ->  [DBPersistor.js:108] loadAll("SESSION","176650225815408013378880202926")
  ->  [Container.js:87] loadIfNeeded()
  ->  [Container.js:500] getContainer()
  ->  [_authentication.js:3] getAuthenticatedUser()
  ->  [_authentication.js:22] initAuthentication()
  ->  [index.html:1] onserverload([object Event])
paths:
  -> file:///E:/Aptana%20Jaxer%20Apache/Jaxer/Apache2-4Build/jaxer/framework/src/ModuleLogger.js
  -> file:///E:/Aptana%20Jaxer%20Apache/Jaxer/Apache2-4Build/jaxer/framework/src/DB_SQLite.js
  -> file:///E:/Aptana%20Jaxer%20Apache/Jaxer/Apache2-4Build/jaxer/framework/src/DB.js
  -> file:///E:/Aptana%20Jaxer%20Apache/Jaxer/Apache2-4Build/jaxer/framework/src/DBPersistor.js
  -> file:///E:/Aptana%20Jaxer%20Apache/Jaxer/Apache2-4Build/jaxer/framework/src/Container.js
  -> file:///E:/Aptana%20Jaxer%20Apache/Jaxer/Apache2-4Build/jaxer/aptana/samples/chat/jaxer-include/_authentication.js
  -> http://localhost:8081/aptana/samples/chat/index.html

01:10:37 12/24/2025 [ 32928] [TRACE] [JS Framework] [DB.SQLite.bindAndExecute] Binding statement SELECT name, value FROM containers WHERE `type` = ? AND `key` = ?
with params: SESSION,176650225815408013378880202926
stack:
  ->  [ModuleLogger.js:98] trace("Binding statement SELECT name, value FROM containers WHERE `type` = ? AND `key` = ?\nwith params: SESSION,176650225815408013378880202926")
  ->  [DB_SQLite.js:512] bindAndExecute([object Object],[object XPCWrappedNative_NoHelper],"SELECT name, value FROM containers WHERE `type` = ? AND `key` = ?",[object Array],null,[object Object])
  ->  [DB_SQLite.js:464] executeOneWithStatement([object Array],0,[object Array])
  ->  [DB_SQLite.js:456] executeWithStatement([object Object],"SELECT name, value FROM containers WHERE `type` = ? AND `key` = ?",[object Array],[object Object])
  ->  [DB_SQLite.js:312] execute("SELECT name, value FROM containers WHERE `type` = ? AND `key` = ?",[object Array])
  ->  [DB.js:181] anonymous("SELECT name, value FROM containers WHERE `type` = ? AND `key` = ?",[object Array])
  ->  [DBPersistor.js:108] loadAll("SESSION","176650225815408013378880202926")
  ->  [Container.js:87] loadIfNeeded()
  ->  [Container.js:500] getContainer()
  ->  [_authentication.js:3] getAuthenticatedUser()
  ->  [_authentication.js:22] initAuthentication()
  ->  [index.html:1] onserverload([object Event])
paths:
  -> file:///E:/Aptana%20Jaxer%20Apache/Jaxer/Apache2-4Build/jaxer/framework/src/ModuleLogger.js
  -> file:///E:/Aptana%20Jaxer%20Apache/Jaxer/Apache2-4Build/jaxer/framework/src/DB_SQLite.js
  -> file:///E:/Aptana%20Jaxer%20Apache/Jaxer/Apache2-4Build/jaxer/framework/src/DB.js
  -> file:///E:/Aptana%20Jaxer%20Apache/Jaxer/Apache2-4Build/jaxer/framework/src/DBPersistor.js
  -> file:///E:/Aptana%20Jaxer%20Apache/Jaxer/Apache2-4Build/jaxer/framework/src/Container.js
  -> file:///E:/Aptana%20Jaxer%20Apache/Jaxer/Apache2-4Build/jaxer/aptana/samples/chat/jaxer-include/_authentication.js
  -> http://localhost:8081/aptana/samples/chat/index.html

01:10:37 12/24/2025 [ 32928] [TRACE] [JS Framework] [DB.SQLite.bindAndExecute] Tried 1 time(s) in 0 ms to execute statement on SQLite database file E:\Aptana Jaxer Apache\Jaxer\Apache2-4Build\jaxer\..\local_jaxer\conf\..\data\frameworkdata.sqlite
stack:
  ->  [ModuleLogger.js:98] trace("Tried 1 time(s) in 0 ms to execute statement on SQLite database file E:\\Aptana Jaxer Apache\\Jaxer\\Apache2-4Build\\jaxer\\..\\local_jaxer\\conf\\..\\data\\frameworkdata.sqlite")
  ->  [DB_SQLite.js:606] bindAndExecute([object Object],[object XPCWrappedNative_NoHelper],"SELECT name, value FROM containers WHERE `type` = ? AND `key` = ?",[object Array],null,[object Object])
  ->  [DB_SQLite.js:464] executeOneWithStatement([object Array],0,[object Array])
  ->  [DB_SQLite.js:456] executeWithStatement([object Object],"SELECT name, value FROM containers WHERE `type` = ? AND `key` = ?",[object Array],[object Object])
  ->  [DB_SQLite.js:312] execute("SELECT name, value FROM containers WHERE `type` = ? AND `key` = ?",[object Array])
  ->  [DB.js:181] anonymous("SELECT name, value FROM containers WHERE `type` = ? AND `key` = ?",[object Array])
  ->  [DBPersistor.js:108] loadAll("SESSION","176650225815408013378880202926")
  ->  [Container.js:87] loadIfNeeded()
  ->  [Container.js:500] getContainer()
  ->  [_authentication.js:3] getAuthenticatedUser()
  ->  [_authentication.js:22] initAuthentication()
  ->  [index.html:1] onserverload([object Event])
paths:
  -> file:///E:/Aptana%20Jaxer%20Apache/Jaxer/Apache2-4Build/jaxer/framework/src/ModuleLogger.js
  -> file:///E:/Aptana%20Jaxer%20Apache/Jaxer/Apache2-4Build/jaxer/framework/src/DB_SQLite.js
  -> file:///E:/Aptana%20Jaxer%20Apache/Jaxer/Apache2-4Build/jaxer/framework/src/DB.js
  -> file:///E:/Aptana%20Jaxer%20Apache/Jaxer/Apache2-4Build/jaxer/framework/src/DBPersistor.js
  -> file:///E:/Aptana%20Jaxer%20Apache/Jaxer/Apache2-4Build/jaxer/framework/src/Container.js
  -> file:///E:/Aptana%20Jaxer%20Apache/Jaxer/Apache2-4Build/jaxer/aptana/samples/chat/jaxer-include/_authentication.js
  -> http://localhost:8081/aptana/samples/chat/index.html

01:10:37 12/24/2025 [ 32928] [TRACE] [JS Framework] [DB.SQLite.executeWithStatement] Closing statement
stack:
  ->  [ModuleLogger.js:98] trace("Closing statement")
  ->  [DB_SQLite.js:484] executeWithStatement([object Object],"SELECT name, value FROM containers WHERE `type` = ? AND `key` = ?",[object Array],[object Object])
  ->  [DB_SQLite.js:312] execute("SELECT name, value FROM containers WHERE `type` = ? AND `key` = ?",[object Array])
  ->  [DB.js:181] anonymous("SELECT name, value FROM containers WHERE `type` = ? AND `key` = ?",[object Array])
  ->  [DBPersistor.js:108] loadAll("SESSION","176650225815408013378880202926")
  ->  [Container.js:87] loadIfNeeded()
  ->  [Container.js:500] getContainer()
  ->  [_authentication.js:3] getAuthenticatedUser()
  ->  [_authentication.js:22] initAuthentication()
  ->  [index.html:1] onserverload([object Event])
paths:
  -> file:///E:/Aptana%20Jaxer%20Apache/Jaxer/Apache2-4Build/jaxer/framework/src/ModuleLogger.js
  -> file:///E:/Aptana%20Jaxer%20Apache/Jaxer/Apache2-4Build/jaxer/framework/src/DB_SQLite.js
  -> file:///E:/Aptana%20Jaxer%20Apache/Jaxer/Apache2-4Build/jaxer/framework/src/DB.js
  -> file:///E:/Aptana%20Jaxer%20Apache/Jaxer/Apache2-4Build/jaxer/framework/src/DBPersistor.js
  -> file:///E:/Aptana%20Jaxer%20Apache/Jaxer/Apache2-4Build/jaxer/framework/src/Container.js
  -> file:///E:/Aptana%20Jaxer%20Apache/Jaxer/Apache2-4Build/jaxer/aptana/samples/chat/jaxer-include/_authentication.js
  -> http://localhost:8081/aptana/samples/chat/index.html

01:10:37 12/24/2025 [ 32928] [TRACE] [JS Framework] [DB.SQLite.executeWithStatement] Resetting and finalizing statement
stack:
  ->  [ModuleLogger.js:98] trace("Resetting and finalizing statement")
  ->  [DB_SQLite.js:487] executeWithStatement([object Object],"SELECT name, value FROM containers WHERE `type` = ? AND `key` = ?",[object Array],[object Object])
  ->  [DB_SQLite.js:312] execute("SELECT name, value FROM containers WHERE `type` = ? AND `key` = ?",[object Array])
  ->  [DB.js:181] anonymous("SELECT name, value FROM containers WHERE `type` = ? AND `key` = ?",[object Array])
  ->  [DBPersistor.js:108] loadAll("SESSION","176650225815408013378880202926")
  ->  [Container.js:87] loadIfNeeded()
  ->  [Container.js:500] getContainer()
  ->  [_authentication.js:3] getAuthenticatedUser()
  ->  [_authentication.js:22] initAuthentication()
  ->  [index.html:1] onserverload([object Event])
paths:
  -> file:///E:/Aptana%20Jaxer%20Apache/Jaxer/Apache2-4Build/jaxer/framework/src/ModuleLogger.js
  -> file:///E:/Aptana%20Jaxer%20Apache/Jaxer/Apache2-4Build/jaxer/framework/src/DB_SQLite.js
  -> file:///E:/Aptana%20Jaxer%20Apache/Jaxer/Apache2-4Build/jaxer/framework/src/DB.js
  -> file:///E:/Aptana%20Jaxer%20Apache/Jaxer/Apache2-4Build/jaxer/framework/src/DBPersistor.js
  -> file:///E:/Aptana%20Jaxer%20Apache/Jaxer/Apache2-4Build/jaxer/framework/src/Container.js
  -> file:///E:/Aptana%20Jaxer%20Apache/Jaxer/Apache2-4Build/jaxer/aptana/samples/chat/jaxer-include/_authentication.js
  -> http://localhost:8081/aptana/samples/chat/index.html

01:10:37 12/24/2025 [ 32928] [TRACE] [JS Framework] [DB.SQLite.execute] Populated resultSet with 0 rows of 0 columns
stack:
  ->  [ModuleLogger.js:98] trace("Populated resultSet with 0 rows of 0 columns")
  ->  [DB_SQLite.js:315] execute("SELECT name, value FROM containers WHERE `type` = ? AND `key` = ?",[object Array])
  ->  [DB.js:181] anonymous("SELECT name, value FROM containers WHERE `type` = ? AND `key` = ?",[object Array])
  ->  [DBPersistor.js:108] loadAll("SESSION","176650225815408013378880202926")
  ->  [Container.js:87] loadIfNeeded()
  ->  [Container.js:500] getContainer()
  ->  [_authentication.js:3] getAuthenticatedUser()
  ->  [_authentication.js:22] initAuthentication()
  ->  [index.html:1] onserverload([object Event])
paths:
  -> file:///E:/Aptana%20Jaxer%20Apache/Jaxer/Apache2-4Build/jaxer/framework/src/ModuleLogger.js
  -> file:///E:/Aptana%20Jaxer%20Apache/Jaxer/Apache2-4Build/jaxer/framework/src/DB_SQLite.js
  -> file:///E:/Aptana%20Jaxer%20Apache/Jaxer/Apache2-4Build/jaxer/framework/src/DB.js
  -> file:///E:/Aptana%20Jaxer%20Apache/Jaxer/Apache2-4Build/jaxer/framework/src/DBPersistor.js
  -> file:///E:/Aptana%20Jaxer%20Apache/Jaxer/Apache2-4Build/jaxer/framework/src/Container.js
  -> file:///E:/Aptana%20Jaxer%20Apache/Jaxer/Apache2-4Build/jaxer/aptana/samples/chat/jaxer-include/_authentication.js
  -> http://localhost:8081/aptana/samples/chat/index.html

01:10:37 12/24/2025 [ 32928] [TRACE] [JS Framework] [DB.SQLite.execute] Finished executing
stack:
  ->  [ModuleLogger.js:98] trace("Finished executing")
  ->  [DB_SQLite.js:338] execute("SELECT name, value FROM containers WHERE `type` = ? AND `key` = ?",[object Array])
  ->  [DB.js:181] anonymous("SELECT name, value FROM containers WHERE `type` = ? AND `key` = ?",[object Array])
  ->  [DBPersistor.js:108] loadAll("SESSION","176650225815408013378880202926")
  ->  [Container.js:87] loadIfNeeded()
  ->  [Container.js:500] getContainer()
  ->  [_authentication.js:3] getAuthenticatedUser()
  ->  [_authentication.js:22] initAuthentication()
  ->  [index.html:1] onserverload([object Event])
paths:
  -> file:///E:/Aptana%20Jaxer%20Apache/Jaxer/Apache2-4Build/jaxer/framework/src/ModuleLogger.js
  -> file:///E:/Aptana%20Jaxer%20Apache/Jaxer/Apache2-4Build/jaxer/framework/src/DB_SQLite.js
  -> file:///E:/Aptana%20Jaxer%20Apache/Jaxer/Apache2-4Build/jaxer/framework/src/DB.js
  -> file:///E:/Aptana%20Jaxer%20Apache/Jaxer/Apache2-4Build/jaxer/framework/src/DBPersistor.js
  -> file:///E:/Aptana%20Jaxer%20Apache/Jaxer/Apache2-4Build/jaxer/framework/src/Container.js
  -> file:///E:/Aptana%20Jaxer%20Apache/Jaxer/Apache2-4Build/jaxer/aptana/samples/chat/jaxer-include/_authentication.js
  -> http://localhost:8081/aptana/samples/chat/index.html

01:10:37 12/24/2025 [ 32928] [DEBUG] [JS Framework] [DBPersistor.loadAll] Returning 0 results
stack:
  ->  [ModuleLogger.js:98] debug("Returning 0 results")
  ->  [DBPersistor.js:117] loadAll("SESSION","176650225815408013378880202926")
  ->  [Container.js:87] loadIfNeeded()
  ->  [Container.js:500] getContainer()
  ->  [_authentication.js:3] getAuthenticatedUser()
  ->  [_authentication.js:22] initAuthentication()
  ->  [index.html:1] onserverload([object Event])
paths:
  -> file:///E:/Aptana%20Jaxer%20Apache/Jaxer/Apache2-4Build/jaxer/framework/src/ModuleLogger.js
  -> file:///E:/Aptana%20Jaxer%20Apache/Jaxer/Apache2-4Build/jaxer/framework/src/DBPersistor.js
  -> file:///E:/Aptana%20Jaxer%20Apache/Jaxer/Apache2-4Build/jaxer/framework/src/Container.js
  -> file:///E:/Aptana%20Jaxer%20Apache/Jaxer/Apache2-4Build/jaxer/aptana/samples/chat/jaxer-include/_authentication.js
  -> http://localhost:8081/aptana/samples/chat/index.html

01:10:37 12/24/2025 [ 32928] [TRACE] [JS Framework] [Container.getContainer] Populating Jaxer.session with properties: 
stack:
  ->  [ModuleLogger.js:98] trace("Populating Jaxer.session with properties: ")
  ->  [Container.js:501] getContainer()
  ->  [_authentication.js:3] getAuthenticatedUser()
  ->  [_authentication.js:22] initAuthentication()
  ->  [index.html:1] onserverload([object Event])
paths:
  -> file:///E:/Aptana%20Jaxer%20Apache/Jaxer/Apache2-4Build/jaxer/framework/src/ModuleLogger.js
  -> file:///E:/Aptana%20Jaxer%20Apache/Jaxer/Apache2-4Build/jaxer/framework/src/Container.js
  -> file:///E:/Aptana%20Jaxer%20Apache/Jaxer/Apache2-4Build/jaxer/aptana/samples/chat/jaxer-include/_authentication.js
  -> http://localhost:8081/aptana/samples/chat/index.html

01:10:37 12/24/2025 [ 32928] [TRACE] [JS Framework] [Container.getContainer] Getting exposedContainer: session
stack:
  ->  [ModuleLogger.js:98] trace("Getting exposedContainer: session")
  ->  [Container.js:494] getContainer()
  ->  [_authentication.js:3] getAuthenticatedUser()
  ->  [index.html:47] getRooms()
  ->  [index.html:81] prepareDOM()
  ->  [index.html:1] onserverload([object Event])
paths:
  -> file:///E:/Aptana%20Jaxer%20Apache/Jaxer/Apache2-4Build/jaxer/framework/src/ModuleLogger.js
  -> file:///E:/Aptana%20Jaxer%20Apache/Jaxer/Apache2-4Build/jaxer/framework/src/Container.js
  -> file:///E:/Aptana%20Jaxer%20Apache/Jaxer/Apache2-4Build/jaxer/aptana/samples/chat/jaxer-include/_authentication.js
  -> http://localhost:8081/aptana/samples/chat/index.html

01:10:37 12/24/2025 [ 32928] [TRACE] [JS Framework] [HandlePage.processLoadEvent] Processing load event 'load' with doc = [object HTMLDocument]
stack:
  ->  [ModuleLogger.js:98] trace("Processing load event 'load' with doc = [object HTMLDocument]")
  ->  [HandlePage.js:258] processLoadEvent("load",[object HTMLDocument],false)
  ->  [HandlePage.js:227] processOnServerLoad([object HTMLDocument])
  ->  [HandlePage.js:59] onHandlePage([object XPCWrappedNative_NoHelper],[object HTMLDocument])
  ->  [CoreEvents.js:293] fireEvent("HANDLE_PAGE",[object Array])
  ->  [CoreEvents.js:234] fire("PARSE_COMPLETE",[object XPCWrappedNative_NoHelper],[object HTMLDocument])
  ->  [aptEventHandler.js:337] observe([object XPCWrappedNative_NoHelper],"jaxerEvent.HTMLParseComplete",null)
paths:
  -> file:///E:/Aptana%20Jaxer%20Apache/Jaxer/Apache2-4Build/jaxer/framework/src/ModuleLogger.js
  -> file:///E:/Aptana%20Jaxer%20Apache/Jaxer/Apache2-4Build/jaxer/framework/src/HandlePage.js
  -> file:///E:/Aptana%20Jaxer%20Apache/Jaxer/Apache2-4Build/jaxer/framework/src/CoreEvents.js
  -> file:///E:/Aptana%20Jaxer%20Apache/Jaxer/Apache2-4Build/jaxer/components/aptEventHandler.js

01:10:37 12/24/2025 [ 32928] [DEBUG] [JS Framework] [HandlePage.onHandlePage] Script processing starting
stack:
  ->  [ModuleLogger.js:98] debug("Script processing starting")
  ->  [HandlePage.js:62] onHandlePage([object XPCWrappedNative_NoHelper],[object HTMLDocument])
  ->  [CoreEvents.js:293] fireEvent("HANDLE_PAGE",[object Array])
  ->  [CoreEvents.js:234] fire("PARSE_COMPLETE",[object XPCWrappedNative_NoHelper],[object HTMLDocument])
  ->  [aptEventHandler.js:337] observe([object XPCWrappedNative_NoHelper],"jaxerEvent.HTMLParseComplete",null)
paths:
  -> file:///E:/Aptana%20Jaxer%20Apache/Jaxer/Apache2-4Build/jaxer/framework/src/ModuleLogger.js
  -> file:///E:/Aptana%20Jaxer%20Apache/Jaxer/Apache2-4Build/jaxer/framework/src/HandlePage.js
  -> file:///E:/Aptana%20Jaxer%20Apache/Jaxer/Apache2-4Build/jaxer/framework/src/CoreEvents.js
  -> file:///E:/Aptana%20Jaxer%20Apache/Jaxer/Apache2-4Build/jaxer/components/aptEventHandler.js

01:10:37 12/24/2025 [ 32928] [DEBUG] [JS Framework] [CallbackManager.processScriptElements] Found 8 script blocks to conditionally post-process
stack:
  ->  [ModuleLogger.js:98] debug("Found 8 script blocks to conditionally post-process")
  ->  [CallbackManager.js:505] processScriptElements([object Object])
  ->  [CallbackManager.js:67] processCallbacks([object HTMLDocument])
  ->  [HandlePage.js:63] onHandlePage([object XPCWrappedNative_NoHelper],[object HTMLDocument])
  ->  [CoreEvents.js:293] fireEvent("HANDLE_PAGE",[object Array])
  ->  [CoreEvents.js:234] fire("PARSE_COMPLETE",[object XPCWrappedNative_NoHelper],[object HTMLDocument])
  ->  [aptEventHandler.js:337] observe([object XPCWrappedNative_NoHelper],"jaxerEvent.HTMLParseComplete",null)
paths:
  -> file:///E:/Aptana%20Jaxer%20Apache/Jaxer/Apache2-4Build/jaxer/framework/src/ModuleLogger.js
  -> file:///E:/Aptana%20Jaxer%20Apache/Jaxer/Apache2-4Build/jaxer/framework/src/CallbackManager.js
  -> file:///E:/Aptana%20Jaxer%20Apache/Jaxer/Apache2-4Build/jaxer/framework/src/HandlePage.js
  -> file:///E:/Aptana%20Jaxer%20Apache/Jaxer/Apache2-4Build/jaxer/framework/src/CoreEvents.js
  -> file:///E:/Aptana%20Jaxer%20Apache/Jaxer/Apache2-4Build/jaxer/components/aptEventHandler.js

01:10:37 12/24/2025 [ 32928] [DEBUG] [JS Framework] [ScriptProcessor.process] Post-processing script block with no src and runat='both' and contents='
			
			function $(id) { return document.getElementById(id); }
			function fromTemplate(idTarget, id...'
stack:
  ->  [ModuleLogger.js:98] debug("Post-processing script block with no src and runat='both' and contents='\n\t\t\t\n\t\t\tfunction $(id) { return document.getElementById(id); }\n\t\t\tfunction fromTemplate(idTarget, id...'")
  ->  [ScriptProcessor.js:280] process()
  ->  [CallbackManager.js:511] processElement([object HTMLScriptElement],0,[object Array])
  ->  [CallbackManager.js:509] processScriptElements([object Object])
  ->  [CallbackManager.js:67] processCallbacks([object HTMLDocument])
  ->  [HandlePage.js:63] onHandlePage([object XPCWrappedNative_NoHelper],[object HTMLDocument])
  ->  [CoreEvents.js:293] fireEvent("HANDLE_PAGE",[object Array])
  ->  [CoreEvents.js:234] fire("PARSE_COMPLETE",[object XPCWrappedNative_NoHelper],[object HTMLDocument])
  ->  [aptEventHandler.js:337] observe([object XPCWrappedNative_NoHelper],"jaxerEvent.HTMLParseComplete",null)
paths:
  -> file:///E:/Aptana%20Jaxer%20Apache/Jaxer/Apache2-4Build/jaxer/framework/src/ModuleLogger.js
  -> file:///E:/Aptana%20Jaxer%20Apache/Jaxer/Apache2-4Build/jaxer/framework/src/ScriptProcessor.js
  -> file:///E:/Aptana%20Jaxer%20Apache/Jaxer/Apache2-4Build/jaxer/framework/src/CallbackManager.js
  -> file:///E:/Aptana%20Jaxer%20Apache/Jaxer/Apache2-4Build/jaxer/framework/src/HandlePage.js
  -> file:///E:/Aptana%20Jaxer%20Apache/Jaxer/Apache2-4Build/jaxer/framework/src/CoreEvents.js
  -> file:///E:/Aptana%20Jaxer%20Apache/Jaxer/Apache2-4Build/jaxer/components/aptEventHandler.js

01:10:37 12/24/2025 [ 32928] [DEBUG] [JS Framework] [ScriptProcessor.process] Found 3 functions to process
stack:
  ->  [ModuleLogger.js:98] debug("Found 3 functions to process")
  ->  [ScriptProcessor.js:284] process()
  ->  [CallbackManager.js:511] processElement([object HTMLScriptElement],0,[object Array])
  ->  [CallbackManager.js:509] processScriptElements([object Object])
  ->  [CallbackManager.js:67] processCallbacks([object HTMLDocument])
  ->  [HandlePage.js:63] onHandlePage([object XPCWrappedNative_NoHelper],[object HTMLDocument])
  ->  [CoreEvents.js:293] fireEvent("HANDLE_PAGE",[object Array])
  ->  [CoreEvents.js:234] fire("PARSE_COMPLETE",[object XPCWrappedNative_NoHelper],[object HTMLDocument])
  ->  [aptEventHandler.js:337] observe([object XPCWrappedNative_NoHelper],"jaxerEvent.HTMLParseComplete",null)
paths:
  -> file:///E:/Aptana%20Jaxer%20Apache/Jaxer/Apache2-4Build/jaxer/framework/src/ModuleLogger.js
  -> file:///E:/Aptana%20Jaxer%20Apache/Jaxer/Apache2-4Build/jaxer/framework/src/ScriptProcessor.js
  -> file:///E:/Aptana%20Jaxer%20Apache/Jaxer/Apache2-4Build/jaxer/framework/src/CallbackManager.js
  -> file:///E:/Aptana%20Jaxer%20Apache/Jaxer/Apache2-4Build/jaxer/framework/src/HandlePage.js
  -> file:///E:/Aptana%20Jaxer%20Apache/Jaxer/Apache2-4Build/jaxer/framework/src/CoreEvents.js
  -> file:///E:/Aptana%20Jaxer%20Apache/Jaxer/Apache2-4Build/jaxer/components/aptEventHandler.js

01:10:37 12/24/2025 [ 32928] [TRACE] [JS Framework] [ScriptProcessor.process] Processing function '$' with runat=both, proxy=false, effectiveRunat=both
stack:
  ->  [ModuleLogger.js:98] trace("Processing function '$' with runat=both, proxy=false, effectiveRunat=both")
  ->  [ScriptProcessor.js:307] process()
  ->  [CallbackManager.js:511] processElement([object HTMLScriptElement],0,[object Array])
  ->  [CallbackManager.js:509] processScriptElements([object Object])
  ->  [CallbackManager.js:67] processCallbacks([object HTMLDocument])
  ->  [HandlePage.js:63] onHandlePage([object XPCWrappedNative_NoHelper],[object HTMLDocument])
  ->  [CoreEvents.js:293] fireEvent("HANDLE_PAGE",[object Array])
  ->  [CoreEvents.js:234] fire("PARSE_COMPLETE",[object XPCWrappedNative_NoHelper],[object HTMLDocument])
  ->  [aptEventHandler.js:337] observe([object XPCWrappedNative_NoHelper],"jaxerEvent.HTMLParseComplete",null)
paths:
  -> file:///E:/Aptana%20Jaxer%20Apache/Jaxer/Apache2-4Build/jaxer/framework/src/ModuleLogger.js
  -> file:///E:/Aptana%20Jaxer%20Apache/Jaxer/Apache2-4Build/jaxer/framework/src/ScriptProcessor.js
  -> file:///E:/Aptana%20Jaxer%20Apache/Jaxer/Apache2-4Build/jaxer/framework/src/CallbackManager.js
  -> file:///E:/Aptana%20Jaxer%20Apache/Jaxer/Apache2-4Build/jaxer/framework/src/HandlePage.js
  -> file:///E:/Aptana%20Jaxer%20Apache/Jaxer/Apache2-4Build/jaxer/framework/src/CoreEvents.js
  -> file:///E:/Aptana%20Jaxer%20Apache/Jaxer/Apache2-4Build/jaxer/components/aptEventHandler.js

01:10:37 12/24/2025 [ 32928] [TRACE] [JS Framework] [ScriptProcessor.process] Processing function 'fromTemplate' with runat=both, proxy=false, effectiveRunat=both
stack:
  ->  [ModuleLogger.js:98] trace("Processing function 'fromTemplate' with runat=both, proxy=false, effectiveRunat=both")
  ->  [ScriptProcessor.js:307] process()
  ->  [CallbackManager.js:511] processElement([object HTMLScriptElement],0,[object Array])
  ->  [CallbackManager.js:509] processScriptElements([object Object])
  ->  [CallbackManager.js:67] processCallbacks([object HTMLDocument])
  ->  [HandlePage.js:63] onHandlePage([object XPCWrappedNative_NoHelper],[object HTMLDocument])
  ->  [CoreEvents.js:293] fireEvent("HANDLE_PAGE",[object Array])
  ->  [CoreEvents.js:234] fire("PARSE_COMPLETE",[object XPCWrappedNative_NoHelper],[object HTMLDocument])
  ->  [aptEventHandler.js:337] observe([object XPCWrappedNative_NoHelper],"jaxerEvent.HTMLParseComplete",null)
paths:
  -> file:///E:/Aptana%20Jaxer%20Apache/Jaxer/Apache2-4Build/jaxer/framework/src/ModuleLogger.js
  -> file:///E:/Aptana%20Jaxer%20Apache/Jaxer/Apache2-4Build/jaxer/framework/src/ScriptProcessor.js
  -> file:///E:/Aptana%20Jaxer%20Apache/Jaxer/Apache2-4Build/jaxer/framework/src/CallbackManager.js
  -> file:///E:/Aptana%20Jaxer%20Apache/Jaxer/Apache2-4Build/jaxer/framework/src/HandlePage.js
  -> file:///E:/Aptana%20Jaxer%20Apache/Jaxer/Apache2-4Build/jaxer/framework/src/CoreEvents.js
  -> file:///E:/Aptana%20Jaxer%20Apache/Jaxer/Apache2-4Build/jaxer/components/aptEventHandler.js

01:10:37 12/24/2025 [ 32928] [TRACE] [JS Framework] [ScriptProcessor.process] Processing function 'showRooms' with runat=both, proxy=false, effectiveRunat=both
stack:
  ->  [ModuleLogger.js:98] trace("Processing function 'showRooms' with runat=both, proxy=false, effectiveRunat=both")
  ->  [ScriptProcessor.js:307] process()
  ->  [CallbackManager.js:511] processElement([object HTMLScriptElement],0,[object Array])
  ->  [CallbackManager.js:509] processScriptElements([object Object])
  ->  [CallbackManager.js:67] processCallbacks([object HTMLDocument])
  ->  [HandlePage.js:63] onHandlePage([object XPCWrappedNative_NoHelper],[object HTMLDocument])
  ->  [CoreEvents.js:293] fireEvent("HANDLE_PAGE",[object Array])
  ->  [CoreEvents.js:234] fire("PARSE_COMPLETE",[object XPCWrappedNative_NoHelper],[object HTMLDocument])
  ->  [aptEventHandler.js:337] observe([object XPCWrappedNative_NoHelper],"jaxerEvent.HTMLParseComplete",null)
paths:
  -> file:///E:/Aptana%20Jaxer%20Apache/Jaxer/Apache2-4Build/jaxer/framework/src/ModuleLogger.js
  -> file:///E:/Aptana%20Jaxer%20Apache/Jaxer/Apache2-4Build/jaxer/framework/src/ScriptProcessor.js
  -> file:///E:/Aptana%20Jaxer%20Apache/Jaxer/Apache2-4Build/jaxer/framework/src/CallbackManager.js
  -> file:///E:/Aptana%20Jaxer%20Apache/Jaxer/Apache2-4Build/jaxer/framework/src/HandlePage.js
  -> file:///E:/Aptana%20Jaxer%20Apache/Jaxer/Apache2-4Build/jaxer/framework/src/CoreEvents.js
  -> file:///E:/Aptana%20Jaxer%20Apache/Jaxer/Apache2-4Build/jaxer/components/aptEventHandler.js

