01:10:22 12/24/2025 [ 32928] [TRACE] [JS Framework] [CallbackManager.processGlobalFunctions] source after: function domGetAttribute(node, name) {
    return node.getAttribute(name);
}
stack:
  ->  [ModuleLogger.js:98] trace("source after: function domGetAttribute(node, name) {\n    return node.getAttribute(name);\n}")
  ->  [CallbackManager.js:431] processGlobalFunctions([object Object])
  ->  [CallbackManager.js:70] processCallbacks([object HTMLDocument])
  ->  [HandlePage.js:63] onHandlePage([object XPCWrappedNative_NoHelper],[object HTMLDocument])
  ->  [CoreEvents.js:293] fireEvent("HANDLE_PAGE",[object Array])
  ->  [CoreEvents.js:234] fire("PARSE_COMPLETE",[object XPCWrappedNative_NoHelper],[object HTMLDocument])
  ->  [aptEventHandler.js:337] observe([object XPCWrappedNative_NoHelper],"jaxerEvent.HTMLParseComplete",null)
paths:
  -> file:///E:/Aptana%20Jaxer%20Apache/Jaxer/Apache2-4Build/jaxer/framework/src/ModuleLogger.js
  -> file:///E:/Aptana%20Jaxer%20Apache/Jaxer/Apache2-4Build/jaxer/framework/src/CallbackManager.js
  -> file:///E:/Aptana%20Jaxer%20Apache/Jaxer/Apache2-4Build/jaxer/framework/src/HandlePage.js
  -> file:///E:/Aptana%20Jaxer%20Apache/Jaxer/Apache2-4Build/jaxer/framework/src/CoreEvents.js
  -> file:///E:/Aptana%20Jaxer%20Apache/Jaxer/Apache2-4Build/jaxer/components/aptEventHandler.js

01:10:22 12/24/2025 [ 32928] [DEBUG] [JS Framework] [CallbackManager.processGlobalFunctions] Processing global function 'domGetAttribute' with runat=server, proxy=false, effectiveRunat=server
stack:
  ->  [ModuleLogger.js:98] debug("Processing global function 'domGetAttribute' with runat=server, proxy=false, effectiveRunat=server")
  ->  [CallbackManager.js:452] processGlobalFunctions([object Object])
  ->  [CallbackManager.js:70] processCallbacks([object HTMLDocument])
  ->  [HandlePage.js:63] onHandlePage([object XPCWrappedNative_NoHelper],[object HTMLDocument])
  ->  [CoreEvents.js:293] fireEvent("HANDLE_PAGE",[object Array])
  ->  [CoreEvents.js:234] fire("PARSE_COMPLETE",[object XPCWrappedNative_NoHelper],[object HTMLDocument])
  ->  [aptEventHandler.js:337] observe([object XPCWrappedNative_NoHelper],"jaxerEvent.HTMLParseComplete",null)
paths:
  -> file:///E:/Aptana%20Jaxer%20Apache/Jaxer/Apache2-4Build/jaxer/framework/src/ModuleLogger.js
  -> file:///E:/Aptana%20Jaxer%20Apache/Jaxer/Apache2-4Build/jaxer/framework/src/CallbackManager.js
  -> file:///E:/Aptana%20Jaxer%20Apache/Jaxer/Apache2-4Build/jaxer/framework/src/HandlePage.js
  -> file:///E:/Aptana%20Jaxer%20Apache/Jaxer/Apache2-4Build/jaxer/framework/src/CoreEvents.js
  -> file:///E:/Aptana%20Jaxer%20Apache/Jaxer/Apache2-4Build/jaxer/components/aptEventHandler.js

01:10:22 12/24/2025 [ 32928] [TRACE] [JS Framework] [CallbackManager.processGlobalFunctions] For runatFunctions member domSetAttribute: handledInScripts.hasOwnProperty=false; typeof candidate: function
stack:
  ->  [ModuleLogger.js:98] trace("For runatFunctions member domSetAttribute: handledInScripts.hasOwnProperty=false; typeof candidate: function")
  ->  [CallbackManager.js:410] processGlobalFunctions([object Object])
  ->  [CallbackManager.js:70] processCallbacks([object HTMLDocument])
  ->  [HandlePage.js:63] onHandlePage([object XPCWrappedNative_NoHelper],[object HTMLDocument])
  ->  [CoreEvents.js:293] fireEvent("HANDLE_PAGE",[object Array])
  ->  [CoreEvents.js:234] fire("PARSE_COMPLETE",[object XPCWrappedNative_NoHelper],[object HTMLDocument])
  ->  [aptEventHandler.js:337] observe([object XPCWrappedNative_NoHelper],"jaxerEvent.HTMLParseComplete",null)
paths:
  -> file:///E:/Aptana%20Jaxer%20Apache/Jaxer/Apache2-4Build/jaxer/framework/src/ModuleLogger.js
  -> file:///E:/Aptana%20Jaxer%20Apache/Jaxer/Apache2-4Build/jaxer/framework/src/CallbackManager.js
  -> file:///E:/Aptana%20Jaxer%20Apache/Jaxer/Apache2-4Build/jaxer/framework/src/HandlePage.js
  -> file:///E:/Aptana%20Jaxer%20Apache/Jaxer/Apache2-4Build/jaxer/framework/src/CoreEvents.js
  -> file:///E:/Aptana%20Jaxer%20Apache/Jaxer/Apache2-4Build/jaxer/components/aptEventHandler.js

01:10:22 12/24/2025 [ 32928] [TRACE] [JS Framework] [CallbackManager.processGlobalFunctions] source before: function domSetAttribute(node, name, value) {
    return node.setAttribute(name, value);
}
stack:
  ->  [ModuleLogger.js:98] trace("source before: function domSetAttribute(node, name, value) {\n    return node.setAttribute(name, value);\n}")
  ->  [CallbackManager.js:422] processGlobalFunctions([object Object])
  ->  [CallbackManager.js:70] processCallbacks([object HTMLDocument])
  ->  [HandlePage.js:63] onHandlePage([object XPCWrappedNative_NoHelper],[object HTMLDocument])
  ->  [CoreEvents.js:293] fireEvent("HANDLE_PAGE",[object Array])
  ->  [CoreEvents.js:234] fire("PARSE_COMPLETE",[object XPCWrappedNative_NoHelper],[object HTMLDocument])
  ->  [aptEventHandler.js:337] observe([object XPCWrappedNative_NoHelper],"jaxerEvent.HTMLParseComplete",null)
paths:
  -> file:///E:/Aptana%20Jaxer%20Apache/Jaxer/Apache2-4Build/jaxer/framework/src/ModuleLogger.js
  -> file:///E:/Aptana%20Jaxer%20Apache/Jaxer/Apache2-4Build/jaxer/framework/src/CallbackManager.js
  -> file:///E:/Aptana%20Jaxer%20Apache/Jaxer/Apache2-4Build/jaxer/framework/src/HandlePage.js
  -> file:///E:/Aptana%20Jaxer%20Apache/Jaxer/Apache2-4Build/jaxer/framework/src/CoreEvents.js
  -> file:///E:/Aptana%20Jaxer%20Apache/Jaxer/Apache2-4Build/jaxer/components/aptEventHandler.js

01:10:22 12/24/2025 [ 32928] [TRACE] [JS Framework] [CallbackManager.processGlobalFunctions] source after: function domSetAttribute(node, name, value) {
    return node.setAttribute(name, value);
}
stack:
  ->  [ModuleLogger.js:98] trace("source after: function domSetAttribute(node, name, value) {\n    return node.setAttribute(name, value);\n}")
  ->  [CallbackManager.js:431] processGlobalFunctions([object Object])
  ->  [CallbackManager.js:70] processCallbacks([object HTMLDocument])
  ->  [HandlePage.js:63] onHandlePage([object XPCWrappedNative_NoHelper],[object HTMLDocument])
  ->  [CoreEvents.js:293] fireEvent("HANDLE_PAGE",[object Array])
  ->  [CoreEvents.js:234] fire("PARSE_COMPLETE",[object XPCWrappedNative_NoHelper],[object HTMLDocument])
  ->  [aptEventHandler.js:337] observe([object XPCWrappedNative_NoHelper],"jaxerEvent.HTMLParseComplete",null)
paths:
  -> file:///E:/Aptana%20Jaxer%20Apache/Jaxer/Apache2-4Build/jaxer/framework/src/ModuleLogger.js
  -> file:///E:/Aptana%20Jaxer%20Apache/Jaxer/Apache2-4Build/jaxer/framework/src/CallbackManager.js
  -> file:///E:/Aptana%20Jaxer%20Apache/Jaxer/Apache2-4Build/jaxer/framework/src/HandlePage.js
  -> file:///E:/Aptana%20Jaxer%20Apache/Jaxer/Apache2-4Build/jaxer/framework/src/CoreEvents.js
  -> file:///E:/Aptana%20Jaxer%20Apache/Jaxer/Apache2-4Build/jaxer/components/aptEventHandler.js

01:10:22 12/24/2025 [ 32928] [DEBUG] [JS Framework] [CallbackManager.processGlobalFunctions] Processing global function 'domSetAttribute' with runat=server, proxy=false, effectiveRunat=server
stack:
  ->  [ModuleLogger.js:98] debug("Processing global function 'domSetAttribute' with runat=server, proxy=false, effectiveRunat=server")
  ->  [CallbackManager.js:452] processGlobalFunctions([object Object])
  ->  [CallbackManager.js:70] processCallbacks([object HTMLDocument])
  ->  [HandlePage.js:63] onHandlePage([object XPCWrappedNative_NoHelper],[object HTMLDocument])
  ->  [CoreEvents.js:293] fireEvent("HANDLE_PAGE",[object Array])
  ->  [CoreEvents.js:234] fire("PARSE_COMPLETE",[object XPCWrappedNative_NoHelper],[object HTMLDocument])
  ->  [aptEventHandler.js:337] observe([object XPCWrappedNative_NoHelper],"jaxerEvent.HTMLParseComplete",null)
paths:
  -> file:///E:/Aptana%20Jaxer%20Apache/Jaxer/Apache2-4Build/jaxer/framework/src/ModuleLogger.js
  -> file:///E:/Aptana%20Jaxer%20Apache/Jaxer/Apache2-4Build/jaxer/framework/src/CallbackManager.js
  -> file:///E:/Aptana%20Jaxer%20Apache/Jaxer/Apache2-4Build/jaxer/framework/src/HandlePage.js
  -> file:///E:/Aptana%20Jaxer%20Apache/Jaxer/Apache2-4Build/jaxer/framework/src/CoreEvents.js
  -> file:///E:/Aptana%20Jaxer%20Apache/Jaxer/Apache2-4Build/jaxer/components/aptEventHandler.js

01:10:22 12/24/2025 [ 32928] [TRACE] [JS Framework] [CallbackManager.processGlobalFunctions] For runatFunctions member domRemoveAttribute: handledInScripts.hasOwnProperty=false; typeof candidate: function
stack:
  ->  [ModuleLogger.js:98] trace("For runatFunctions member domRemoveAttribute: handledInScripts.hasOwnProperty=false; typeof candidate: function")
  ->  [CallbackManager.js:410] processGlobalFunctions([object Object])
  ->  [CallbackManager.js:70] processCallbacks([object HTMLDocument])
  ->  [HandlePage.js:63] onHandlePage([object XPCWrappedNative_NoHelper],[object HTMLDocument])
  ->  [CoreEvents.js:293] fireEvent("HANDLE_PAGE",[object Array])
  ->  [CoreEvents.js:234] fire("PARSE_COMPLETE",[object XPCWrappedNative_NoHelper],[object HTMLDocument])
  ->  [aptEventHandler.js:337] observe([object XPCWrappedNative_NoHelper],"jaxerEvent.HTMLParseComplete",null)
paths:
  -> file:///E:/Aptana%20Jaxer%20Apache/Jaxer/Apache2-4Build/jaxer/framework/src/ModuleLogger.js
  -> file:///E:/Aptana%20Jaxer%20Apache/Jaxer/Apache2-4Build/jaxer/framework/src/CallbackManager.js
  -> file:///E:/Aptana%20Jaxer%20Apache/Jaxer/Apache2-4Build/jaxer/framework/src/HandlePage.js
  -> file:///E:/Aptana%20Jaxer%20Apache/Jaxer/Apache2-4Build/jaxer/framework/src/CoreEvents.js
  -> file:///E:/Aptana%20Jaxer%20Apache/Jaxer/Apache2-4Build/jaxer/components/aptEventHandler.js

01:10:22 12/24/2025 [ 32928] [TRACE] [JS Framework] [CallbackManager.processGlobalFunctions] source before: function domRemoveAttribute(node, name) {
    return node.removeAttribute(name);
}
stack:
  ->  [ModuleLogger.js:98] trace("source before: function domRemoveAttribute(node, name) {\n    return node.removeAttribute(name);\n}")
  ->  [CallbackManager.js:422] processGlobalFunctions([object Object])
  ->  [CallbackManager.js:70] processCallbacks([object HTMLDocument])
  ->  [HandlePage.js:63] onHandlePage([object XPCWrappedNative_NoHelper],[object HTMLDocument])
  ->  [CoreEvents.js:293] fireEvent("HANDLE_PAGE",[object Array])
  ->  [CoreEvents.js:234] fire("PARSE_COMPLETE",[object XPCWrappedNative_NoHelper],[object HTMLDocument])
  ->  [aptEventHandler.js:337] observe([object XPCWrappedNative_NoHelper],"jaxerEvent.HTMLParseComplete",null)
paths:
  -> file:///E:/Aptana%20Jaxer%20Apache/Jaxer/Apache2-4Build/jaxer/framework/src/ModuleLogger.js
  -> file:///E:/Aptana%20Jaxer%20Apache/Jaxer/Apache2-4Build/jaxer/framework/src/CallbackManager.js
  -> file:///E:/Aptana%20Jaxer%20Apache/Jaxer/Apache2-4Build/jaxer/framework/src/HandlePage.js
  -> file:///E:/Aptana%20Jaxer%20Apache/Jaxer/Apache2-4Build/jaxer/framework/src/CoreEvents.js
  -> file:///E:/Aptana%20Jaxer%20Apache/Jaxer/Apache2-4Build/jaxer/components/aptEventHandler.js

01:10:22 12/24/2025 [ 32928] [TRACE] [JS Framework] [CallbackManager.processGlobalFunctions] source after: function domRemoveAttribute(node, name) {
    return node.removeAttribute(name);
}
stack:
  ->  [ModuleLogger.js:98] trace("source after: function domRemoveAttribute(node, name) {\n    return node.removeAttribute(name);\n}")
  ->  [CallbackManager.js:431] processGlobalFunctions([object Object])
  ->  [CallbackManager.js:70] processCallbacks([object HTMLDocument])
  ->  [HandlePage.js:63] onHandlePage([object XPCWrappedNative_NoHelper],[object HTMLDocument])
  ->  [CoreEvents.js:293] fireEvent("HANDLE_PAGE",[object Array])
  ->  [CoreEvents.js:234] fire("PARSE_COMPLETE",[object XPCWrappedNative_NoHelper],[object HTMLDocument])
  ->  [aptEventHandler.js:337] observe([object XPCWrappedNative_NoHelper],"jaxerEvent.HTMLParseComplete",null)
paths:
  -> file:///E:/Aptana%20Jaxer%20Apache/Jaxer/Apache2-4Build/jaxer/framework/src/ModuleLogger.js
  -> file:///E:/Aptana%20Jaxer%20Apache/Jaxer/Apache2-4Build/jaxer/framework/src/CallbackManager.js
  -> file:///E:/Aptana%20Jaxer%20Apache/Jaxer/Apache2-4Build/jaxer/framework/src/HandlePage.js
  -> file:///E:/Aptana%20Jaxer%20Apache/Jaxer/Apache2-4Build/jaxer/framework/src/CoreEvents.js
  -> file:///E:/Aptana%20Jaxer%20Apache/Jaxer/Apache2-4Build/jaxer/components/aptEventHandler.js

01:10:22 12/24/2025 [ 32928] [DEBUG] [JS Framework] [CallbackManager.processGlobalFunctions] Processing global function 'domRemoveAttribute' with runat=server, proxy=false, effectiveRunat=server
stack:
  ->  [ModuleLogger.js:98] debug("Processing global function 'domRemoveAttribute' with runat=server, proxy=false, effectiveRunat=server")
  ->  [CallbackManager.js:452] processGlobalFunctions([object Object])
  ->  [CallbackManager.js:70] processCallbacks([object HTMLDocument])
  ->  [HandlePage.js:63] onHandlePage([object XPCWrappedNative_NoHelper],[object HTMLDocument])
  ->  [CoreEvents.js:293] fireEvent("HANDLE_PAGE",[object Array])
  ->  [CoreEvents.js:234] fire("PARSE_COMPLETE",[object XPCWrappedNative_NoHelper],[object HTMLDocument])
  ->  [aptEventHandler.js:337] observe([object XPCWrappedNative_NoHelper],"jaxerEvent.HTMLParseComplete",null)
paths:
  -> file:///E:/Aptana%20Jaxer%20Apache/Jaxer/Apache2-4Build/jaxer/framework/src/ModuleLogger.js
  -> file:///E:/Aptana%20Jaxer%20Apache/Jaxer/Apache2-4Build/jaxer/framework/src/CallbackManager.js
  -> file:///E:/Aptana%20Jaxer%20Apache/Jaxer/Apache2-4Build/jaxer/framework/src/HandlePage.js
  -> file:///E:/Aptana%20Jaxer%20Apache/Jaxer/Apache2-4Build/jaxer/framework/src/CoreEvents.js
  -> file:///E:/Aptana%20Jaxer%20Apache/Jaxer/Apache2-4Build/jaxer/components/aptEventHandler.js

01:10:22 12/24/2025 [ 32928] [TRACE] [JS Framework] [CallbackManager.processGlobalFunctions] For runatFunctions member domAppendChild: handledInScripts.hasOwnProperty=false; typeof candidate: function
stack:
  ->  [ModuleLogger.js:98] trace("For runatFunctions member domAppendChild: handledInScripts.hasOwnProperty=false; typeof candidate: function")
  ->  [CallbackManager.js:410] processGlobalFunctions([object Object])
  ->  [CallbackManager.js:70] processCallbacks([object HTMLDocument])
  ->  [HandlePage.js:63] onHandlePage([object XPCWrappedNative_NoHelper],[object HTMLDocument])
  ->  [CoreEvents.js:293] fireEvent("HANDLE_PAGE",[object Array])
  ->  [CoreEvents.js:234] fire("PARSE_COMPLETE",[object XPCWrappedNative_NoHelper],[object HTMLDocument])
  ->  [aptEventHandler.js:337] observe([object XPCWrappedNative_NoHelper],"jaxerEvent.HTMLParseComplete",null)
paths:
  -> file:///E:/Aptana%20Jaxer%20Apache/Jaxer/Apache2-4Build/jaxer/framework/src/ModuleLogger.js
  -> file:///E:/Aptana%20Jaxer%20Apache/Jaxer/Apache2-4Build/jaxer/framework/src/CallbackManager.js
  -> file:///E:/Aptana%20Jaxer%20Apache/Jaxer/Apache2-4Build/jaxer/framework/src/HandlePage.js
  -> file:///E:/Aptana%20Jaxer%20Apache/Jaxer/Apache2-4Build/jaxer/framework/src/CoreEvents.js
  -> file:///E:/Aptana%20Jaxer%20Apache/Jaxer/Apache2-4Build/jaxer/components/aptEventHandler.js

01:10:22 12/24/2025 [ 32928] [TRACE] [JS Framework] [CallbackManager.processGlobalFunctions] source before: function domAppendChild(node, child) {
    return node.appendChild(child);
}
stack:
  ->  [ModuleLogger.js:98] trace("source before: function domAppendChild(node, child) {\n    return node.appendChild(child);\n}")
  ->  [CallbackManager.js:422] processGlobalFunctions([object Object])
  ->  [CallbackManager.js:70] processCallbacks([object HTMLDocument])
  ->  [HandlePage.js:63] onHandlePage([object XPCWrappedNative_NoHelper],[object HTMLDocument])
  ->  [CoreEvents.js:293] fireEvent("HANDLE_PAGE",[object Array])
  ->  [CoreEvents.js:234] fire("PARSE_COMPLETE",[object XPCWrappedNative_NoHelper],[object HTMLDocument])
  ->  [aptEventHandler.js:337] observe([object XPCWrappedNative_NoHelper],"jaxerEvent.HTMLParseComplete",null)
paths:
  -> file:///E:/Aptana%20Jaxer%20Apache/Jaxer/Apache2-4Build/jaxer/framework/src/ModuleLogger.js
  -> file:///E:/Aptana%20Jaxer%20Apache/Jaxer/Apache2-4Build/jaxer/framework/src/CallbackManager.js
  -> file:///E:/Aptana%20Jaxer%20Apache/Jaxer/Apache2-4Build/jaxer/framework/src/HandlePage.js
  -> file:///E:/Aptana%20Jaxer%20Apache/Jaxer/Apache2-4Build/jaxer/framework/src/CoreEvents.js
  -> file:///E:/Aptana%20Jaxer%20Apache/Jaxer/Apache2-4Build/jaxer/components/aptEventHandler.js

01:10:22 12/24/2025 [ 32928] [TRACE] [JS Framework] [CallbackManager.processGlobalFunctions] source after: function domAppendChild(node, child) {
    return node.appendChild(child);
}
stack:
  ->  [ModuleLogger.js:98] trace("source after: function domAppendChild(node, child) {\n    return node.appendChild(child);\n}")
  ->  [CallbackManager.js:431] processGlobalFunctions([object Object])
  ->  [CallbackManager.js:70] processCallbacks([object HTMLDocument])
  ->  [HandlePage.js:63] onHandlePage([object XPCWrappedNative_NoHelper],[object HTMLDocument])
  ->  [CoreEvents.js:293] fireEvent("HANDLE_PAGE",[object Array])
  ->  [CoreEvents.js:234] fire("PARSE_COMPLETE",[object XPCWrappedNative_NoHelper],[object HTMLDocument])
  ->  [aptEventHandler.js:337] observe([object XPCWrappedNative_NoHelper],"jaxerEvent.HTMLParseComplete",null)
paths:
  -> file:///E:/Aptana%20Jaxer%20Apache/Jaxer/Apache2-4Build/jaxer/framework/src/ModuleLogger.js
  -> file:///E:/Aptana%20Jaxer%20Apache/Jaxer/Apache2-4Build/jaxer/framework/src/CallbackManager.js
  -> file:///E:/Aptana%20Jaxer%20Apache/Jaxer/Apache2-4Build/jaxer/framework/src/HandlePage.js
  -> file:///E:/Aptana%20Jaxer%20Apache/Jaxer/Apache2-4Build/jaxer/framework/src/CoreEvents.js
  -> file:///E:/Aptana%20Jaxer%20Apache/Jaxer/Apache2-4Build/jaxer/components/aptEventHandler.js

01:10:22 12/24/2025 [ 32928] [DEBUG] [JS Framework] [CallbackManager.processGlobalFunctions] Processing global function 'domAppendChild' with runat=server, proxy=false, effectiveRunat=server
stack:
  ->  [ModuleLogger.js:98] debug("Processing global function 'domAppendChild' with runat=server, proxy=false, effectiveRunat=server")
  ->  [CallbackManager.js:452] processGlobalFunctions([object Object])
  ->  [CallbackManager.js:70] processCallbacks([object HTMLDocument])
  ->  [HandlePage.js:63] onHandlePage([object XPCWrappedNative_NoHelper],[object HTMLDocument])
  ->  [CoreEvents.js:293] fireEvent("HANDLE_PAGE",[object Array])
  ->  [CoreEvents.js:234] fire("PARSE_COMPLETE",[object XPCWrappedNative_NoHelper],[object HTMLDocument])
  ->  [aptEventHandler.js:337] observe([object XPCWrappedNative_NoHelper],"jaxerEvent.HTMLParseComplete",null)
paths:
  -> file:///E:/Aptana%20Jaxer%20Apache/Jaxer/Apache2-4Build/jaxer/framework/src/ModuleLogger.js
  -> file:///E:/Aptana%20Jaxer%20Apache/Jaxer/Apache2-4Build/jaxer/framework/src/CallbackManager.js
  -> file:///E:/Aptana%20Jaxer%20Apache/Jaxer/Apache2-4Build/jaxer/framework/src/HandlePage.js
  -> file:///E:/Aptana%20Jaxer%20Apache/Jaxer/Apache2-4Build/jaxer/framework/src/CoreEvents.js
  -> file:///E:/Aptana%20Jaxer%20Apache/Jaxer/Apache2-4Build/jaxer/components/aptEventHandler.js

01:10:22 12/24/2025 [ 32928] [TRACE] [JS Framework] [CallbackManager.processGlobalFunctions] For runatFunctions member domRemoveChild: handledInScripts.hasOwnProperty=false; typeof candidate: function
stack:
  ->  [ModuleLogger.js:98] trace("For runatFunctions member domRemoveChild: handledInScripts.hasOwnProperty=false; typeof candidate: function")
  ->  [CallbackManager.js:410] processGlobalFunctions([object Object])
  ->  [CallbackManager.js:70] processCallbacks([object HTMLDocument])
  ->  [HandlePage.js:63] onHandlePage([object XPCWrappedNative_NoHelper],[object HTMLDocument])
  ->  [CoreEvents.js:293] fireEvent("HANDLE_PAGE",[object Array])
  ->  [CoreEvents.js:234] fire("PARSE_COMPLETE",[object XPCWrappedNative_NoHelper],[object HTMLDocument])
  ->  [aptEventHandler.js:337] observe([object XPCWrappedNative_NoHelper],"jaxerEvent.HTMLParseComplete",null)
paths:
  -> file:///E:/Aptana%20Jaxer%20Apache/Jaxer/Apache2-4Build/jaxer/framework/src/ModuleLogger.js
  -> file:///E:/Aptana%20Jaxer%20Apache/Jaxer/Apache2-4Build/jaxer/framework/src/CallbackManager.js
  -> file:///E:/Aptana%20Jaxer%20Apache/Jaxer/Apache2-4Build/jaxer/framework/src/HandlePage.js
  -> file:///E:/Aptana%20Jaxer%20Apache/Jaxer/Apache2-4Build/jaxer/framework/src/CoreEvents.js
  -> file:///E:/Aptana%20Jaxer%20Apache/Jaxer/Apache2-4Build/jaxer/components/aptEventHandler.js

01:10:22 12/24/2025 [ 32928] [TRACE] [JS Framework] [CallbackManager.processGlobalFunctions] source before: function domRemoveChild(node, child) {
    return node.removeChild(child);
}
stack:
  ->  [ModuleLogger.js:98] trace("source before: function domRemoveChild(node, child) {\n    return node.removeChild(child);\n}")
  ->  [CallbackManager.js:422] processGlobalFunctions([object Object])
  ->  [CallbackManager.js:70] processCallbacks([object HTMLDocument])
  ->  [HandlePage.js:63] onHandlePage([object XPCWrappedNative_NoHelper],[object HTMLDocument])
  ->  [CoreEvents.js:293] fireEvent("HANDLE_PAGE",[object Array])
  ->  [CoreEvents.js:234] fire("PARSE_COMPLETE",[object XPCWrappedNative_NoHelper],[object HTMLDocument])
  ->  [aptEventHandler.js:337] observe([object XPCWrappedNative_NoHelper],"jaxerEvent.HTMLParseComplete",null)
paths:
  -> file:///E:/Aptana%20Jaxer%20Apache/Jaxer/Apache2-4Build/jaxer/framework/src/ModuleLogger.js
  -> file:///E:/Aptana%20Jaxer%20Apache/Jaxer/Apache2-4Build/jaxer/framework/src/CallbackManager.js
  -> file:///E:/Aptana%20Jaxer%20Apache/Jaxer/Apache2-4Build/jaxer/framework/src/HandlePage.js
  -> file:///E:/Aptana%20Jaxer%20Apache/Jaxer/Apache2-4Build/jaxer/framework/src/CoreEvents.js
  -> file:///E:/Aptana%20Jaxer%20Apache/Jaxer/Apache2-4Build/jaxer/components/aptEventHandler.js

01:10:22 12/24/2025 [ 32928] [TRACE] [JS Framework] [CallbackManager.processGlobalFunctions] source after: function domRemoveChild(node, child) {
    return node.removeChild(child);
}
stack:
  ->  [ModuleLogger.js:98] trace("source after: function domRemoveChild(node, child) {\n    return node.removeChild(child);\n}")
  ->  [CallbackManager.js:431] processGlobalFunctions([object Object])
  ->  [CallbackManager.js:70] processCallbacks([object HTMLDocument])
  ->  [HandlePage.js:63] onHandlePage([object XPCWrappedNative_NoHelper],[object HTMLDocument])
  ->  [CoreEvents.js:293] fireEvent("HANDLE_PAGE",[object Array])
  ->  [CoreEvents.js:234] fire("PARSE_COMPLETE",[object XPCWrappedNative_NoHelper],[object HTMLDocument])
  ->  [aptEventHandler.js:337] observe([object XPCWrappedNative_NoHelper],"jaxerEvent.HTMLParseComplete",null)
paths:
  -> file:///E:/Aptana%20Jaxer%20Apache/Jaxer/Apache2-4Build/jaxer/framework/src/ModuleLogger.js
  -> file:///E:/Aptana%20Jaxer%20Apache/Jaxer/Apache2-4Build/jaxer/framework/src/CallbackManager.js
  -> file:///E:/Aptana%20Jaxer%20Apache/Jaxer/Apache2-4Build/jaxer/framework/src/HandlePage.js
  -> file:///E:/Aptana%20Jaxer%20Apache/Jaxer/Apache2-4Build/jaxer/framework/src/CoreEvents.js
  -> file:///E:/Aptana%20Jaxer%20Apache/Jaxer/Apache2-4Build/jaxer/components/aptEventHandler.js

01:10:22 12/24/2025 [ 32928] [DEBUG] [JS Framework] [CallbackManager.processGlobalFunctions] Processing global function 'domRemoveChild' with runat=server, proxy=false, effectiveRunat=server
stack:
  ->  [ModuleLogger.js:98] debug("Processing global function 'domRemoveChild' with runat=server, proxy=false, effectiveRunat=server")
  ->  [CallbackManager.js:452] processGlobalFunctions([object Object])
  ->  [CallbackManager.js:70] processCallbacks([object HTMLDocument])
  ->  [HandlePage.js:63] onHandlePage([object XPCWrappedNative_NoHelper],[object HTMLDocument])
  ->  [CoreEvents.js:293] fireEvent("HANDLE_PAGE",[object Array])
  ->  [CoreEvents.js:234] fire("PARSE_COMPLETE",[object XPCWrappedNative_NoHelper],[object HTMLDocument])
  ->  [aptEventHandler.js:337] observe([object XPCWrappedNative_NoHelper],"jaxerEvent.HTMLParseComplete",null)
paths:
  -> file:///E:/Aptana%20Jaxer%20Apache/Jaxer/Apache2-4Build/jaxer/framework/src/ModuleLogger.js
  -> file:///E:/Aptana%20Jaxer%20Apache/Jaxer/Apache2-4Build/jaxer/framework/src/CallbackManager.js
  -> file:///E:/Aptana%20Jaxer%20Apache/Jaxer/Apache2-4Build/jaxer/framework/src/HandlePage.js
  -> file:///E:/Aptana%20Jaxer%20Apache/Jaxer/Apache2-4Build/jaxer/framework/src/CoreEvents.js
  -> file:///E:/Aptana%20Jaxer%20Apache/Jaxer/Apache2-4Build/jaxer/components/aptEventHandler.js

01:10:22 12/24/2025 [ 32928] [TRACE] [JS Framework] [CallbackManager.processGlobalFunctions] For runatFunctions member domReplaceChild: handledInScripts.hasOwnProperty=false; typeof candidate: function
stack:
  ->  [ModuleLogger.js:98] trace("For runatFunctions member domReplaceChild: handledInScripts.hasOwnProperty=false; typeof candidate: function")
  ->  [CallbackManager.js:410] processGlobalFunctions([object Object])
  ->  [CallbackManager.js:70] processCallbacks([object HTMLDocument])
  ->  [HandlePage.js:63] onHandlePage([object XPCWrappedNative_NoHelper],[object HTMLDocument])
  ->  [CoreEvents.js:293] fireEvent("HANDLE_PAGE",[object Array])
  ->  [CoreEvents.js:234] fire("PARSE_COMPLETE",[object XPCWrappedNative_NoHelper],[object HTMLDocument])
  ->  [aptEventHandler.js:337] observe([object XPCWrappedNative_NoHelper],"jaxerEvent.HTMLParseComplete",null)
paths:
  -> file:///E:/Aptana%20Jaxer%20Apache/Jaxer/Apache2-4Build/jaxer/framework/src/ModuleLogger.js
  -> file:///E:/Aptana%20Jaxer%20Apache/Jaxer/Apache2-4Build/jaxer/framework/src/CallbackManager.js
  -> file:///E:/Aptana%20Jaxer%20Apache/Jaxer/Apache2-4Build/jaxer/framework/src/HandlePage.js
  -> file:///E:/Aptana%20Jaxer%20Apache/Jaxer/Apache2-4Build/jaxer/framework/src/CoreEvents.js
  -> file:///E:/Aptana%20Jaxer%20Apache/Jaxer/Apache2-4Build/jaxer/components/aptEventHandler.js

01:10:22 12/24/2025 [ 32928] [TRACE] [JS Framework] [CallbackManager.processGlobalFunctions] source before: function domReplaceChild(node, newChild, oldChild) {
    return node.replaceChild(newChild, oldChild);
}
stack:
  ->  [ModuleLogger.js:98] trace("source before: function domReplaceChild(node, newChild, oldChild) {\n    return node.replaceChild(newChild, oldChild);\n}")
  ->  [CallbackManager.js:422] processGlobalFunctions([object Object])
  ->  [CallbackManager.js:70] processCallbacks([object HTMLDocument])
  ->  [HandlePage.js:63] onHandlePage([object XPCWrappedNative_NoHelper],[object HTMLDocument])
  ->  [CoreEvents.js:293] fireEvent("HANDLE_PAGE",[object Array])
  ->  [CoreEvents.js:234] fire("PARSE_COMPLETE",[object XPCWrappedNative_NoHelper],[object HTMLDocument])
  ->  [aptEventHandler.js:337] observe([object XPCWrappedNative_NoHelper],"jaxerEvent.HTMLParseComplete",null)
paths:
  -> file:///E:/Aptana%20Jaxer%20Apache/Jaxer/Apache2-4Build/jaxer/framework/src/ModuleLogger.js
  -> file:///E:/Aptana%20Jaxer%20Apache/Jaxer/Apache2-4Build/jaxer/framework/src/CallbackManager.js
  -> file:///E:/Aptana%20Jaxer%20Apache/Jaxer/Apache2-4Build/jaxer/framework/src/HandlePage.js
  -> file:///E:/Aptana%20Jaxer%20Apache/Jaxer/Apache2-4Build/jaxer/framework/src/CoreEvents.js
  -> file:///E:/Aptana%20Jaxer%20Apache/Jaxer/Apache2-4Build/jaxer/components/aptEventHandler.js

01:10:22 12/24/2025 [ 32928] [TRACE] [JS Framework] [CallbackManager.processGlobalFunctions] source after: function domReplaceChild(node, newChild, oldChild) {
    return node.replaceChild(newChild, oldChild);
}
stack:
  ->  [ModuleLogger.js:98] trace("source after: function domReplaceChild(node, newChild, oldChild) {\n    return node.replaceChild(newChild, oldChild);\n}")
  ->  [CallbackManager.js:431] processGlobalFunctions([object Object])
  ->  [CallbackManager.js:70] processCallbacks([object HTMLDocument])
  ->  [HandlePage.js:63] onHandlePage([object XPCWrappedNative_NoHelper],[object HTMLDocument])
  ->  [CoreEvents.js:293] fireEvent("HANDLE_PAGE",[object Array])
  ->  [CoreEvents.js:234] fire("PARSE_COMPLETE",[object XPCWrappedNative_NoHelper],[object HTMLDocument])
  ->  [aptEventHandler.js:337] observe([object XPCWrappedNative_NoHelper],"jaxerEvent.HTMLParseComplete",null)
paths:
  -> file:///E:/Aptana%20Jaxer%20Apache/Jaxer/Apache2-4Build/jaxer/framework/src/ModuleLogger.js
  -> file:///E:/Aptana%20Jaxer%20Apache/Jaxer/Apache2-4Build/jaxer/framework/src/CallbackManager.js
  -> file:///E:/Aptana%20Jaxer%20Apache/Jaxer/Apache2-4Build/jaxer/framework/src/HandlePage.js
  -> file:///E:/Aptana%20Jaxer%20Apache/Jaxer/Apache2-4Build/jaxer/framework/src/CoreEvents.js
  -> file:///E:/Aptana%20Jaxer%20Apache/Jaxer/Apache2-4Build/jaxer/components/aptEventHandler.js

01:10:22 12/24/2025 [ 32928] [DEBUG] [JS Framework] [CallbackManager.processGlobalFunctions] Processing global function 'domReplaceChild' with runat=server, proxy=false, effectiveRunat=server
stack:
  ->  [ModuleLogger.js:98] debug("Processing global function 'domReplaceChild' with runat=server, proxy=false, effectiveRunat=server")
  ->  [CallbackManager.js:452] processGlobalFunctions([object Object])
  ->  [CallbackManager.js:70] processCallbacks([object HTMLDocument])
  ->  [HandlePage.js:63] onHandlePage([object XPCWrappedNative_NoHelper],[object HTMLDocument])
  ->  [CoreEvents.js:293] fireEvent("HANDLE_PAGE",[object Array])
  ->  [CoreEvents.js:234] fire("PARSE_COMPLETE",[object XPCWrappedNative_NoHelper],[object HTMLDocument])
  ->  [aptEventHandler.js:337] observe([object XPCWrappedNative_NoHelper],"jaxerEvent.HTMLParseComplete",null)
paths:
  -> file:///E:/Aptana%20Jaxer%20Apache/Jaxer/Apache2-4Build/jaxer/framework/src/ModuleLogger.js
  -> file:///E:/Aptana%20Jaxer%20Apache/Jaxer/Apache2-4Build/jaxer/framework/src/CallbackManager.js
  -> file:///E:/Aptana%20Jaxer%20Apache/Jaxer/Apache2-4Build/jaxer/framework/src/HandlePage.js
  -> file:///E:/Aptana%20Jaxer%20Apache/Jaxer/Apache2-4Build/jaxer/framework/src/CoreEvents.js
  -> file:///E:/Aptana%20Jaxer%20Apache/Jaxer/Apache2-4Build/jaxer/components/aptEventHandler.js

01:10:22 12/24/2025 [ 32928] [TRACE] [JS Framework] [CallbackManager.processGlobalFunctions] For runatFunctions member domInsertBefore: handledInScripts.hasOwnProperty=false; typeof candidate: function
stack:
  ->  [ModuleLogger.js:98] trace("For runatFunctions member domInsertBefore: handledInScripts.hasOwnProperty=false; typeof candidate: function")
  ->  [CallbackManager.js:410] processGlobalFunctions([object Object])
  ->  [CallbackManager.js:70] processCallbacks([object HTMLDocument])
  ->  [HandlePage.js:63] onHandlePage([object XPCWrappedNative_NoHelper],[object HTMLDocument])
  ->  [CoreEvents.js:293] fireEvent("HANDLE_PAGE",[object Array])
  ->  [CoreEvents.js:234] fire("PARSE_COMPLETE",[object XPCWrappedNative_NoHelper],[object HTMLDocument])
  ->  [aptEventHandler.js:337] observe([object XPCWrappedNative_NoHelper],"jaxerEvent.HTMLParseComplete",null)
paths:
  -> file:///E:/Aptana%20Jaxer%20Apache/Jaxer/Apache2-4Build/jaxer/framework/src/ModuleLogger.js
  -> file:///E:/Aptana%20Jaxer%20Apache/Jaxer/Apache2-4Build/jaxer/framework/src/CallbackManager.js
  -> file:///E:/Aptana%20Jaxer%20Apache/Jaxer/Apache2-4Build/jaxer/framework/src/HandlePage.js
  -> file:///E:/Aptana%20Jaxer%20Apache/Jaxer/Apache2-4Build/jaxer/framework/src/CoreEvents.js
  -> file:///E:/Aptana%20Jaxer%20Apache/Jaxer/Apache2-4Build/jaxer/components/aptEventHandler.js

01:10:22 12/24/2025 [ 32928] [TRACE] [JS Framework] [CallbackManager.processGlobalFunctions] source before: function domInsertBefore(node, newChild, oldChild) {
    return node.insertBefore(newChild, oldChild);
}
stack:
  ->  [ModuleLogger.js:98] trace("source before: function domInsertBefore(node, newChild, oldChild) {\n    return node.insertBefore(newChild, oldChild);\n}")
  ->  [CallbackManager.js:422] processGlobalFunctions([object Object])
  ->  [CallbackManager.js:70] processCallbacks([object HTMLDocument])
  ->  [HandlePage.js:63] onHandlePage([object XPCWrappedNative_NoHelper],[object HTMLDocument])
  ->  [CoreEvents.js:293] fireEvent("HANDLE_PAGE",[object Array])
  ->  [CoreEvents.js:234] fire("PARSE_COMPLETE",[object XPCWrappedNative_NoHelper],[object HTMLDocument])
  ->  [aptEventHandler.js:337] observe([object XPCWrappedNative_NoHelper],"jaxerEvent.HTMLParseComplete",null)
paths:
  -> file:///E:/Aptana%20Jaxer%20Apache/Jaxer/Apache2-4Build/jaxer/framework/src/ModuleLogger.js
  -> file:///E:/Aptana%20Jaxer%20Apache/Jaxer/Apache2-4Build/jaxer/framework/src/CallbackManager.js
  -> file:///E:/Aptana%20Jaxer%20Apache/Jaxer/Apache2-4Build/jaxer/framework/src/HandlePage.js
  -> file:///E:/Aptana%20Jaxer%20Apache/Jaxer/Apache2-4Build/jaxer/framework/src/CoreEvents.js
  -> file:///E:/Aptana%20Jaxer%20Apache/Jaxer/Apache2-4Build/jaxer/components/aptEventHandler.js

01:10:22 12/24/2025 [ 32928] [TRACE] [JS Framework] [CallbackManager.processGlobalFunctions] source after: function domInsertBefore(node, newChild, oldChild) {
    return node.insertBefore(newChild, oldChild);
}
stack:
  ->  [ModuleLogger.js:98] trace("source after: function domInsertBefore(node, newChild, oldChild) {\n    return node.insertBefore(newChild, oldChild);\n}")
  ->  [CallbackManager.js:431] processGlobalFunctions([object Object])
  ->  [CallbackManager.js:70] processCallbacks([object HTMLDocument])
  ->  [HandlePage.js:63] onHandlePage([object XPCWrappedNative_NoHelper],[object HTMLDocument])
  ->  [CoreEvents.js:293] fireEvent("HANDLE_PAGE",[object Array])
  ->  [CoreEvents.js:234] fire("PARSE_COMPLETE",[object XPCWrappedNative_NoHelper],[object HTMLDocument])
  ->  [aptEventHandler.js:337] observe([object XPCWrappedNative_NoHelper],"jaxerEvent.HTMLParseComplete",null)
paths:
  -> file:///E:/Aptana%20Jaxer%20Apache/Jaxer/Apache2-4Build/jaxer/framework/src/ModuleLogger.js
  -> file:///E:/Aptana%20Jaxer%20Apache/Jaxer/Apache2-4Build/jaxer/framework/src/CallbackManager.js
  -> file:///E:/Aptana%20Jaxer%20Apache/Jaxer/Apache2-4Build/jaxer/framework/src/HandlePage.js
  -> file:///E:/Aptana%20Jaxer%20Apache/Jaxer/Apache2-4Build/jaxer/framework/src/CoreEvents.js
  -> file:///E:/Aptana%20Jaxer%20Apache/Jaxer/Apache2-4Build/jaxer/components/aptEventHandler.js

01:10:22 12/24/2025 [ 32928] [DEBUG] [JS Framework] [CallbackManager.processGlobalFunctions] Processing global function 'domInsertBefore' with runat=server, proxy=false, effectiveRunat=server
stack:
  ->  [ModuleLogger.js:98] debug("Processing global function 'domInsertBefore' with runat=server, proxy=false, effectiveRunat=server")
  ->  [CallbackManager.js:452] processGlobalFunctions([object Object])
  ->  [CallbackManager.js:70] processCallbacks([object HTMLDocument])
  ->  [HandlePage.js:63] onHandlePage([object XPCWrappedNative_NoHelper],[object HTMLDocument])
  ->  [CoreEvents.js:293] fireEvent("HANDLE_PAGE",[object Array])
  ->  [CoreEvents.js:234] fire("PARSE_COMPLETE",[object XPCWrappedNative_NoHelper],[object HTMLDocument])
  ->  [aptEventHandler.js:337] observe([object XPCWrappedNative_NoHelper],"jaxerEvent.HTMLParseComplete",null)
paths:
  -> file:///E:/Aptana%20Jaxer%20Apache/Jaxer/Apache2-4Build/jaxer/framework/src/ModuleLogger.js
  -> file:///E:/Aptana%20Jaxer%20Apache/Jaxer/Apache2-4Build/jaxer/framework/src/CallbackManager.js
  -> file:///E:/Aptana%20Jaxer%20Apache/Jaxer/Apache2-4Build/jaxer/framework/src/HandlePage.js
  -> file:///E:/Aptana%20Jaxer%20Apache/Jaxer/Apache2-4Build/jaxer/framework/src/CoreEvents.js
  -> file:///E:/Aptana%20Jaxer%20Apache/Jaxer/Apache2-4Build/jaxer/components/aptEventHandler.js

01:10:22 12/24/2025 [ 32928] [TRACE] [JS Framework] [CallbackManager.processGlobalFunctions] For runatFunctions member domRemoveNode: handledInScripts.hasOwnProperty=false; typeof candidate: function
stack:
  ->  [ModuleLogger.js:98] trace("For runatFunctions member domRemoveNode: handledInScripts.hasOwnProperty=false; typeof candidate: function")
  ->  [CallbackManager.js:410] processGlobalFunctions([object Object])
  ->  [CallbackManager.js:70] processCallbacks([object HTMLDocument])
  ->  [HandlePage.js:63] onHandlePage([object XPCWrappedNative_NoHelper],[object HTMLDocument])
  ->  [CoreEvents.js:293] fireEvent("HANDLE_PAGE",[object Array])
  ->  [CoreEvents.js:234] fire("PARSE_COMPLETE",[object XPCWrappedNative_NoHelper],[object HTMLDocument])
  ->  [aptEventHandler.js:337] observe([object XPCWrappedNative_NoHelper],"jaxerEvent.HTMLParseComplete",null)
paths:
  -> file:///E:/Aptana%20Jaxer%20Apache/Jaxer/Apache2-4Build/jaxer/framework/src/ModuleLogger.js
  -> file:///E:/Aptana%20Jaxer%20Apache/Jaxer/Apache2-4Build/jaxer/framework/src/CallbackManager.js
  -> file:///E:/Aptana%20Jaxer%20Apache/Jaxer/Apache2-4Build/jaxer/framework/src/HandlePage.js
  -> file:///E:/Aptana%20Jaxer%20Apache/Jaxer/Apache2-4Build/jaxer/framework/src/CoreEvents.js
  -> file:///E:/Aptana%20Jaxer%20Apache/Jaxer/Apache2-4Build/jaxer/components/aptEventHandler.js

01:10:22 12/24/2025 [ 32928] [TRACE] [JS Framework] [CallbackManager.processGlobalFunctions] source before: function domRemoveNode(node) {
    return domRemoveChild(node.parentNode, node);
}
stack:
  ->  [ModuleLogger.js:98] trace("source before: function domRemoveNode(node) {\n    return domRemoveChild(node.parentNode, node);\n}")
  ->  [CallbackManager.js:422] processGlobalFunctions([object Object])
  ->  [CallbackManager.js:70] processCallbacks([object HTMLDocument])
  ->  [HandlePage.js:63] onHandlePage([object XPCWrappedNative_NoHelper],[object HTMLDocument])
  ->  [CoreEvents.js:293] fireEvent("HANDLE_PAGE",[object Array])
  ->  [CoreEvents.js:234] fire("PARSE_COMPLETE",[object XPCWrappedNative_NoHelper],[object HTMLDocument])
  ->  [aptEventHandler.js:337] observe([object XPCWrappedNative_NoHelper],"jaxerEvent.HTMLParseComplete",null)
paths:
  -> file:///E:/Aptana%20Jaxer%20Apache/Jaxer/Apache2-4Build/jaxer/framework/src/ModuleLogger.js
  -> file:///E:/Aptana%20Jaxer%20Apache/Jaxer/Apache2-4Build/jaxer/framework/src/CallbackManager.js
  -> file:///E:/Aptana%20Jaxer%20Apache/Jaxer/Apache2-4Build/jaxer/framework/src/HandlePage.js
  -> file:///E:/Aptana%20Jaxer%20Apache/Jaxer/Apache2-4Build/jaxer/framework/src/CoreEvents.js
  -> file:///E:/Aptana%20Jaxer%20Apache/Jaxer/Apache2-4Build/jaxer/components/aptEventHandler.js

01:10:22 12/24/2025 [ 32928] [TRACE] [JS Framework] [CallbackManager.processGlobalFunctions] source after: function domRemoveNode(node) {
    return domRemoveChild(node.parentNode, node);
}
stack:
  ->  [ModuleLogger.js:98] trace("source after: function domRemoveNode(node) {\n    return domRemoveChild(node.parentNode, node);\n}")
  ->  [CallbackManager.js:431] processGlobalFunctions([object Object])
  ->  [CallbackManager.js:70] processCallbacks([object HTMLDocument])
  ->  [HandlePage.js:63] onHandlePage([object XPCWrappedNative_NoHelper],[object HTMLDocument])
  ->  [CoreEvents.js:293] fireEvent("HANDLE_PAGE",[object Array])
  ->  [CoreEvents.js:234] fire("PARSE_COMPLETE",[object XPCWrappedNative_NoHelper],[object HTMLDocument])
  ->  [aptEventHandler.js:337] observe([object XPCWrappedNative_NoHelper],"jaxerEvent.HTMLParseComplete",null)
paths:
  -> file:///E:/Aptana%20Jaxer%20Apache/Jaxer/Apache2-4Build/jaxer/framework/src/ModuleLogger.js
  -> file:///E:/Aptana%20Jaxer%20Apache/Jaxer/Apache2-4Build/jaxer/framework/src/CallbackManager.js
  -> file:///E:/Aptana%20Jaxer%20Apache/Jaxer/Apache2-4Build/jaxer/framework/src/HandlePage.js
  -> file:///E:/Aptana%20Jaxer%20Apache/Jaxer/Apache2-4Build/jaxer/framework/src/CoreEvents.js
  -> file:///E:/Aptana%20Jaxer%20Apache/Jaxer/Apache2-4Build/jaxer/components/aptEventHandler.js

01:10:22 12/24/2025 [ 32928] [DEBUG] [JS Framework] [CallbackManager.processGlobalFunctions] Processing global function 'domRemoveNode' with runat=server, proxy=false, effectiveRunat=server
stack:
  ->  [ModuleLogger.js:98] debug("Processing global function 'domRemoveNode' with runat=server, proxy=false, effectiveRunat=server")
  ->  [CallbackManager.js:452] processGlobalFunctions([object Object])
  ->  [CallbackManager.js:70] processCallbacks([object HTMLDocument])
  ->  [HandlePage.js:63] onHandlePage([object XPCWrappedNative_NoHelper],[object HTMLDocument])
  ->  [CoreEvents.js:293] fireEvent("HANDLE_PAGE",[object Array])
  ->  [CoreEvents.js:234] fire("PARSE_COMPLETE",[object XPCWrappedNative_NoHelper],[object HTMLDocument])
  ->  [aptEventHandler.js:337] observe([object XPCWrappedNative_NoHelper],"jaxerEvent.HTMLParseComplete",null)
paths:
  -> file:///E:/Aptana%20Jaxer%20Apache/Jaxer/Apache2-4Build/jaxer/framework/src/ModuleLogger.js
  -> file:///E:/Aptana%20Jaxer%20Apache/Jaxer/Apache2-4Build/jaxer/framework/src/CallbackManager.js
  -> file:///E:/Aptana%20Jaxer%20Apache/Jaxer/Apache2-4Build/jaxer/framework/src/HandlePage.js
  -> file:///E:/Aptana%20Jaxer%20Apache/Jaxer/Apache2-4Build/jaxer/framework/src/CoreEvents.js
  -> file:///E:/Aptana%20Jaxer%20Apache/Jaxer/Apache2-4Build/jaxer/components/aptEventHandler.js

01:10:22 12/24/2025 [ 32928] [TRACE] [JS Framework] [CallbackManager.processGlobalFunctions] For runatFunctions member domCreateTextNode: handledInScripts.hasOwnProperty=false; typeof candidate: function
stack:
  ->  [ModuleLogger.js:98] trace("For runatFunctions member domCreateTextNode: handledInScripts.hasOwnProperty=false; typeof candidate: function")
  ->  [CallbackManager.js:410] processGlobalFunctions([object Object])
  ->  [CallbackManager.js:70] processCallbacks([object HTMLDocument])
  ->  [HandlePage.js:63] onHandlePage([object XPCWrappedNative_NoHelper],[object HTMLDocument])
  ->  [CoreEvents.js:293] fireEvent("HANDLE_PAGE",[object Array])
  ->  [CoreEvents.js:234] fire("PARSE_COMPLETE",[object XPCWrappedNative_NoHelper],[object HTMLDocument])
  ->  [aptEventHandler.js:337] observe([object XPCWrappedNative_NoHelper],"jaxerEvent.HTMLParseComplete",null)
paths:
  -> file:///E:/Aptana%20Jaxer%20Apache/Jaxer/Apache2-4Build/jaxer/framework/src/ModuleLogger.js
  -> file:///E:/Aptana%20Jaxer%20Apache/Jaxer/Apache2-4Build/jaxer/framework/src/CallbackManager.js
  -> file:///E:/Aptana%20Jaxer%20Apache/Jaxer/Apache2-4Build/jaxer/framework/src/HandlePage.js
  -> file:///E:/Aptana%20Jaxer%20Apache/Jaxer/Apache2-4Build/jaxer/framework/src/CoreEvents.js
  -> file:///E:/Aptana%20Jaxer%20Apache/Jaxer/Apache2-4Build/jaxer/components/aptEventHandler.js

01:10:22 12/24/2025 [ 32928] [TRACE] [JS Framework] [CallbackManager.processGlobalFunctions] source before: function domCreateTextNode(doc, text) {
    return doc.createTextNode(text);
}
stack:
  ->  [ModuleLogger.js:98] trace("source before: function domCreateTextNode(doc, text) {\n    return doc.createTextNode(text);\n}")
  ->  [CallbackManager.js:422] processGlobalFunctions([object Object])
  ->  [CallbackManager.js:70] processCallbacks([object HTMLDocument])
  ->  [HandlePage.js:63] onHandlePage([object XPCWrappedNative_NoHelper],[object HTMLDocument])
  ->  [CoreEvents.js:293] fireEvent("HANDLE_PAGE",[object Array])
  ->  [CoreEvents.js:234] fire("PARSE_COMPLETE",[object XPCWrappedNative_NoHelper],[object HTMLDocument])
  ->  [aptEventHandler.js:337] observe([object XPCWrappedNative_NoHelper],"jaxerEvent.HTMLParseComplete",null)
paths:
  -> file:///E:/Aptana%20Jaxer%20Apache/Jaxer/Apache2-4Build/jaxer/framework/src/ModuleLogger.js
  -> file:///E:/Aptana%20Jaxer%20Apache/Jaxer/Apache2-4Build/jaxer/framework/src/CallbackManager.js
  -> file:///E:/Aptana%20Jaxer%20Apache/Jaxer/Apache2-4Build/jaxer/framework/src/HandlePage.js
  -> file:///E:/Aptana%20Jaxer%20Apache/Jaxer/Apache2-4Build/jaxer/framework/src/CoreEvents.js
  -> file:///E:/Aptana%20Jaxer%20Apache/Jaxer/Apache2-4Build/jaxer/components/aptEventHandler.js

01:10:22 12/24/2025 [ 32928] [TRACE] [JS Framework] [CallbackManager.processGlobalFunctions] source after: function domCreateTextNode(doc, text) {
    return doc.createTextNode(text);
}
stack:
  ->  [ModuleLogger.js:98] trace("source after: function domCreateTextNode(doc, text) {\n    return doc.createTextNode(text);\n}")
  ->  [CallbackManager.js:431] processGlobalFunctions([object Object])
  ->  [CallbackManager.js:70] processCallbacks([object HTMLDocument])
  ->  [HandlePage.js:63] onHandlePage([object XPCWrappedNative_NoHelper],[object HTMLDocument])
  ->  [CoreEvents.js:293] fireEvent("HANDLE_PAGE",[object Array])
  ->  [CoreEvents.js:234] fire("PARSE_COMPLETE",[object XPCWrappedNative_NoHelper],[object HTMLDocument])
  ->  [aptEventHandler.js:337] observe([object XPCWrappedNative_NoHelper],"jaxerEvent.HTMLParseComplete",null)
paths:
  -> file:///E:/Aptana%20Jaxer%20Apache/Jaxer/Apache2-4Build/jaxer/framework/src/ModuleLogger.js
  -> file:///E:/Aptana%20Jaxer%20Apache/Jaxer/Apache2-4Build/jaxer/framework/src/CallbackManager.js
  -> file:///E:/Aptana%20Jaxer%20Apache/Jaxer/Apache2-4Build/jaxer/framework/src/HandlePage.js
  -> file:///E:/Aptana%20Jaxer%20Apache/Jaxer/Apache2-4Build/jaxer/framework/src/CoreEvents.js
  -> file:///E:/Aptana%20Jaxer%20Apache/Jaxer/Apache2-4Build/jaxer/components/aptEventHandler.js

01:10:22 12/24/2025 [ 32928] [DEBUG] [JS Framework] [CallbackManager.processGlobalFunctions] Processing global function 'domCreateTextNode' with runat=server, proxy=false, effectiveRunat=server
stack:
  ->  [ModuleLogger.js:98] debug("Processing global function 'domCreateTextNode' with runat=server, proxy=false, effectiveRunat=server")
  ->  [CallbackManager.js:452] processGlobalFunctions([object Object])
  ->  [CallbackManager.js:70] processCallbacks([object HTMLDocument])
  ->  [HandlePage.js:63] onHandlePage([object XPCWrappedNative_NoHelper],[object HTMLDocument])
  ->  [CoreEvents.js:293] fireEvent("HANDLE_PAGE",[object Array])
  ->  [CoreEvents.js:234] fire("PARSE_COMPLETE",[object XPCWrappedNative_NoHelper],[object HTMLDocument])
  ->  [aptEventHandler.js:337] observe([object XPCWrappedNative_NoHelper],"jaxerEvent.HTMLParseComplete",null)
paths:
  -> file:///E:/Aptana%20Jaxer%20Apache/Jaxer/Apache2-4Build/jaxer/framework/src/ModuleLogger.js
  -> file:///E:/Aptana%20Jaxer%20Apache/Jaxer/Apache2-4Build/jaxer/framework/src/CallbackManager.js
  -> file:///E:/Aptana%20Jaxer%20Apache/Jaxer/Apache2-4Build/jaxer/framework/src/HandlePage.js
  -> file:///E:/Aptana%20Jaxer%20Apache/Jaxer/Apache2-4Build/jaxer/framework/src/CoreEvents.js
  -> file:///E:/Aptana%20Jaxer%20Apache/Jaxer/Apache2-4Build/jaxer/components/aptEventHandler.js

01:10:22 12/24/2025 [ 32928] [TRACE] [JS Framework] [CallbackManager.processGlobalFunctions] For runatFunctions member domCreateElement: handledInScripts.hasOwnProperty=false; typeof candidate: function
stack:
  ->  [ModuleLogger.js:98] trace("For runatFunctions member domCreateElement: handledInScripts.hasOwnProperty=false; typeof candidate: function")
  ->  [CallbackManager.js:410] processGlobalFunctions([object Object])
  ->  [CallbackManager.js:70] processCallbacks([object HTMLDocument])
  ->  [HandlePage.js:63] onHandlePage([object XPCWrappedNative_NoHelper],[object HTMLDocument])
  ->  [CoreEvents.js:293] fireEvent("HANDLE_PAGE",[object Array])
  ->  [CoreEvents.js:234] fire("PARSE_COMPLETE",[object XPCWrappedNative_NoHelper],[object HTMLDocument])
  ->  [aptEventHandler.js:337] observe([object XPCWrappedNative_NoHelper],"jaxerEvent.HTMLParseComplete",null)
paths:
  -> file:///E:/Aptana%20Jaxer%20Apache/Jaxer/Apache2-4Build/jaxer/framework/src/ModuleLogger.js
  -> file:///E:/Aptana%20Jaxer%20Apache/Jaxer/Apache2-4Build/jaxer/framework/src/CallbackManager.js
  -> file:///E:/Aptana%20Jaxer%20Apache/Jaxer/Apache2-4Build/jaxer/framework/src/HandlePage.js
  -> file:///E:/Aptana%20Jaxer%20Apache/Jaxer/Apache2-4Build/jaxer/framework/src/CoreEvents.js
  -> file:///E:/Aptana%20Jaxer%20Apache/Jaxer/Apache2-4Build/jaxer/components/aptEventHandler.js

01:10:22 12/24/2025 [ 32928] [TRACE] [JS Framework] [CallbackManager.processGlobalFunctions] source before: function domCreateElement(doc, name) {
    return doc.createElement(name);
}
stack:
  ->  [ModuleLogger.js:98] trace("source before: function domCreateElement(doc, name) {\n    return doc.createElement(name);\n}")
  ->  [CallbackManager.js:422] processGlobalFunctions([object Object])
  ->  [CallbackManager.js:70] processCallbacks([object HTMLDocument])
  ->  [HandlePage.js:63] onHandlePage([object XPCWrappedNative_NoHelper],[object HTMLDocument])
  ->  [CoreEvents.js:293] fireEvent("HANDLE_PAGE",[object Array])
  ->  [CoreEvents.js:234] fire("PARSE_COMPLETE",[object XPCWrappedNative_NoHelper],[object HTMLDocument])
  ->  [aptEventHandler.js:337] observe([object XPCWrappedNative_NoHelper],"jaxerEvent.HTMLParseComplete",null)
paths:
  -> file:///E:/Aptana%20Jaxer%20Apache/Jaxer/Apache2-4Build/jaxer/framework/src/ModuleLogger.js
  -> file:///E:/Aptana%20Jaxer%20Apache/Jaxer/Apache2-4Build/jaxer/framework/src/CallbackManager.js
  -> file:///E:/Aptana%20Jaxer%20Apache/Jaxer/Apache2-4Build/jaxer/framework/src/HandlePage.js
  -> file:///E:/Aptana%20Jaxer%20Apache/Jaxer/Apache2-4Build/jaxer/framework/src/CoreEvents.js
  -> file:///E:/Aptana%20Jaxer%20Apache/Jaxer/Apache2-4Build/jaxer/components/aptEventHandler.js

01:10:22 12/24/2025 [ 32928] [TRACE] [JS Framework] [CallbackManager.processGlobalFunctions] source after: function domCreateElement(doc, name) {
    return doc.createElement(name);
}
stack:
  ->  [ModuleLogger.js:98] trace("source after: function domCreateElement(doc, name) {\n    return doc.createElement(name);\n}")
  ->  [CallbackManager.js:431] processGlobalFunctions([object Object])
  ->  [CallbackManager.js:70] processCallbacks([object HTMLDocument])
  ->  [HandlePage.js:63] onHandlePage([object XPCWrappedNative_NoHelper],[object HTMLDocument])
  ->  [CoreEvents.js:293] fireEvent("HANDLE_PAGE",[object Array])
  ->  [CoreEvents.js:234] fire("PARSE_COMPLETE",[object XPCWrappedNative_NoHelper],[object HTMLDocument])
  ->  [aptEventHandler.js:337] observe([object XPCWrappedNative_NoHelper],"jaxerEvent.HTMLParseComplete",null)
paths:
  -> file:///E:/Aptana%20Jaxer%20Apache/Jaxer/Apache2-4Build/jaxer/framework/src/ModuleLogger.js
  -> file:///E:/Aptana%20Jaxer%20Apache/Jaxer/Apache2-4Build/jaxer/framework/src/CallbackManager.js
  -> file:///E:/Aptana%20Jaxer%20Apache/Jaxer/Apache2-4Build/jaxer/framework/src/HandlePage.js
  -> file:///E:/Aptana%20Jaxer%20Apache/Jaxer/Apache2-4Build/jaxer/framework/src/CoreEvents.js
  -> file:///E:/Aptana%20Jaxer%20Apache/Jaxer/Apache2-4Build/jaxer/components/aptEventHandler.js

01:10:22 12/24/2025 [ 32928] [DEBUG] [JS Framework] [CallbackManager.processGlobalFunctions] Processing global function 'domCreateElement' with runat=server, proxy=false, effectiveRunat=server
stack:
  ->  [ModuleLogger.js:98] debug("Processing global function 'domCreateElement' with runat=server, proxy=false, effectiveRunat=server")
  ->  [CallbackManager.js:452] processGlobalFunctions([object Object])
  ->  [CallbackManager.js:70] processCallbacks([object HTMLDocument])
  ->  [HandlePage.js:63] onHandlePage([object XPCWrappedNative_NoHelper],[object HTMLDocument])
  ->  [CoreEvents.js:293] fireEvent("HANDLE_PAGE",[object Array])
  ->  [CoreEvents.js:234] fire("PARSE_COMPLETE",[object XPCWrappedNative_NoHelper],[object HTMLDocument])
  ->  [aptEventHandler.js:337] observe([object XPCWrappedNative_NoHelper],"jaxerEvent.HTMLParseComplete",null)
paths:
  -> file:///E:/Aptana%20Jaxer%20Apache/Jaxer/Apache2-4Build/jaxer/framework/src/ModuleLogger.js
  -> file:///E:/Aptana%20Jaxer%20Apache/Jaxer/Apache2-4Build/jaxer/framework/src/CallbackManager.js
  -> file:///E:/Aptana%20Jaxer%20Apache/Jaxer/Apache2-4Build/jaxer/framework/src/HandlePage.js
  -> file:///E:/Aptana%20Jaxer%20Apache/Jaxer/Apache2-4Build/jaxer/framework/src/CoreEvents.js
  -> file:///E:/Aptana%20Jaxer%20Apache/Jaxer/Apache2-4Build/jaxer/components/aptEventHandler.js

01:10:22 12/24/2025 [ 32928] [TRACE] [JS Framework] [CallbackManager.processGlobalFunctions] For runatFunctions member domCreateAttribute: handledInScripts.hasOwnProperty=false; typeof candidate: function
stack:
  ->  [ModuleLogger.js:98] trace("For runatFunctions member domCreateAttribute: handledInScripts.hasOwnProperty=false; typeof candidate: function")
  ->  [CallbackManager.js:410] processGlobalFunctions([object Object])
  ->  [CallbackManager.js:70] processCallbacks([object HTMLDocument])
  ->  [HandlePage.js:63] onHandlePage([object XPCWrappedNative_NoHelper],[object HTMLDocument])
  ->  [CoreEvents.js:293] fireEvent("HANDLE_PAGE",[object Array])
  ->  [CoreEvents.js:234] fire("PARSE_COMPLETE",[object XPCWrappedNative_NoHelper],[object HTMLDocument])
  ->  [aptEventHandler.js:337] observe([object XPCWrappedNative_NoHelper],"jaxerEvent.HTMLParseComplete",null)
paths:
  -> file:///E:/Aptana%20Jaxer%20Apache/Jaxer/Apache2-4Build/jaxer/framework/src/ModuleLogger.js
  -> file:///E:/Aptana%20Jaxer%20Apache/Jaxer/Apache2-4Build/jaxer/framework/src/CallbackManager.js
  -> file:///E:/Aptana%20Jaxer%20Apache/Jaxer/Apache2-4Build/jaxer/framework/src/HandlePage.js
  -> file:///E:/Aptana%20Jaxer%20Apache/Jaxer/Apache2-4Build/jaxer/framework/src/CoreEvents.js
  -> file:///E:/Aptana%20Jaxer%20Apache/Jaxer/Apache2-4Build/jaxer/components/aptEventHandler.js

01:10:22 12/24/2025 [ 32928] [TRACE] [JS Framework] [CallbackManager.processGlobalFunctions] source before: function domCreateAttribute(doc, name) {
    return doc.createAttribute(name);
}
stack:
  ->  [ModuleLogger.js:98] trace("source before: function domCreateAttribute(doc, name) {\n    return doc.createAttribute(name);\n}")
  ->  [CallbackManager.js:422] processGlobalFunctions([object Object])
  ->  [CallbackManager.js:70] processCallbacks([object HTMLDocument])
  ->  [HandlePage.js:63] onHandlePage([object XPCWrappedNative_NoHelper],[object HTMLDocument])
  ->  [CoreEvents.js:293] fireEvent("HANDLE_PAGE",[object Array])
  ->  [CoreEvents.js:234] fire("PARSE_COMPLETE",[object XPCWrappedNative_NoHelper],[object HTMLDocument])
  ->  [aptEventHandler.js:337] observe([object XPCWrappedNative_NoHelper],"jaxerEvent.HTMLParseComplete",null)
paths:
  -> file:///E:/Aptana%20Jaxer%20Apache/Jaxer/Apache2-4Build/jaxer/framework/src/ModuleLogger.js
  -> file:///E:/Aptana%20Jaxer%20Apache/Jaxer/Apache2-4Build/jaxer/framework/src/CallbackManager.js
  -> file:///E:/Aptana%20Jaxer%20Apache/Jaxer/Apache2-4Build/jaxer/framework/src/HandlePage.js
  -> file:///E:/Aptana%20Jaxer%20Apache/Jaxer/Apache2-4Build/jaxer/framework/src/CoreEvents.js
  -> file:///E:/Aptana%20Jaxer%20Apache/Jaxer/Apache2-4Build/jaxer/components/aptEventHandler.js

01:10:22 12/24/2025 [ 32928] [TRACE] [JS Framework] [CallbackManager.processGlobalFunctions] source after: function domCreateAttribute(doc, name) {
    return doc.createAttribute(name);
}
stack:
  ->  [ModuleLogger.js:98] trace("source after: function domCreateAttribute(doc, name) {\n    return doc.createAttribute(name);\n}")
  ->  [CallbackManager.js:431] processGlobalFunctions([object Object])
  ->  [CallbackManager.js:70] processCallbacks([object HTMLDocument])
  ->  [HandlePage.js:63] onHandlePage([object XPCWrappedNative_NoHelper],[object HTMLDocument])
  ->  [CoreEvents.js:293] fireEvent("HANDLE_PAGE",[object Array])
  ->  [CoreEvents.js:234] fire("PARSE_COMPLETE",[object XPCWrappedNative_NoHelper],[object HTMLDocument])
  ->  [aptEventHandler.js:337] observe([object XPCWrappedNative_NoHelper],"jaxerEvent.HTMLParseComplete",null)
paths:
  -> file:///E:/Aptana%20Jaxer%20Apache/Jaxer/Apache2-4Build/jaxer/framework/src/ModuleLogger.js
  -> file:///E:/Aptana%20Jaxer%20Apache/Jaxer/Apache2-4Build/jaxer/framework/src/CallbackManager.js
  -> file:///E:/Aptana%20Jaxer%20Apache/Jaxer/Apache2-4Build/jaxer/framework/src/HandlePage.js
  -> file:///E:/Aptana%20Jaxer%20Apache/Jaxer/Apache2-4Build/jaxer/framework/src/CoreEvents.js
  -> file:///E:/Aptana%20Jaxer%20Apache/Jaxer/Apache2-4Build/jaxer/components/aptEventHandler.js

01:10:22 12/24/2025 [ 32928] [DEBUG] [JS Framework] [CallbackManager.processGlobalFunctions] Processing global function 'domCreateAttribute' with runat=server, proxy=false, effectiveRunat=server
stack:
  ->  [ModuleLogger.js:98] debug("Processing global function 'domCreateAttribute' with runat=server, proxy=false, effectiveRunat=server")
  ->  [CallbackManager.js:452] processGlobalFunctions([object Object])
  ->  [CallbackManager.js:70] processCallbacks([object HTMLDocument])
  ->  [HandlePage.js:63] onHandlePage([object XPCWrappedNative_NoHelper],[object HTMLDocument])
  ->  [CoreEvents.js:293] fireEvent("HANDLE_PAGE",[object Array])
  ->  [CoreEvents.js:234] fire("PARSE_COMPLETE",[object XPCWrappedNative_NoHelper],[object HTMLDocument])
  ->  [aptEventHandler.js:337] observe([object XPCWrappedNative_NoHelper],"jaxerEvent.HTMLParseComplete",null)
paths:
  -> file:///E:/Aptana%20Jaxer%20Apache/Jaxer/Apache2-4Build/jaxer/framework/src/ModuleLogger.js
  -> file:///E:/Aptana%20Jaxer%20Apache/Jaxer/Apache2-4Build/jaxer/framework/src/CallbackManager.js
  -> file:///E:/Aptana%20Jaxer%20Apache/Jaxer/Apache2-4Build/jaxer/framework/src/HandlePage.js
  -> file:///E:/Aptana%20Jaxer%20Apache/Jaxer/Apache2-4Build/jaxer/framework/src/CoreEvents.js
  -> file:///E:/Aptana%20Jaxer%20Apache/Jaxer/Apache2-4Build/jaxer/components/aptEventHandler.js

01:10:22 12/24/2025 [ 32928] [TRACE] [JS Framework] [CallbackManager.processGlobalFunctions] For runatFunctions member domCreateCDATASection: handledInScripts.hasOwnProperty=false; typeof candidate: function
stack:
  ->  [ModuleLogger.js:98] trace("For runatFunctions member domCreateCDATASection: handledInScripts.hasOwnProperty=false; typeof candidate: function")
  ->  [CallbackManager.js:410] processGlobalFunctions([object Object])
  ->  [CallbackManager.js:70] processCallbacks([object HTMLDocument])
  ->  [HandlePage.js:63] onHandlePage([object XPCWrappedNative_NoHelper],[object HTMLDocument])
  ->  [CoreEvents.js:293] fireEvent("HANDLE_PAGE",[object Array])
  ->  [CoreEvents.js:234] fire("PARSE_COMPLETE",[object XPCWrappedNative_NoHelper],[object HTMLDocument])
  ->  [aptEventHandler.js:337] observe([object XPCWrappedNative_NoHelper],"jaxerEvent.HTMLParseComplete",null)
paths:
  -> file:///E:/Aptana%20Jaxer%20Apache/Jaxer/Apache2-4Build/jaxer/framework/src/ModuleLogger.js
  -> file:///E:/Aptana%20Jaxer%20Apache/Jaxer/Apache2-4Build/jaxer/framework/src/CallbackManager.js
  -> file:///E:/Aptana%20Jaxer%20Apache/Jaxer/Apache2-4Build/jaxer/framework/src/HandlePage.js
  -> file:///E:/Aptana%20Jaxer%20Apache/Jaxer/Apache2-4Build/jaxer/framework/src/CoreEvents.js
  -> file:///E:/Aptana%20Jaxer%20Apache/Jaxer/Apache2-4Build/jaxer/components/aptEventHandler.js

01:10:22 12/24/2025 [ 32928] [TRACE] [JS Framework] [CallbackManager.processGlobalFunctions] source before: function domCreateCDATASection(doc, data) {
    return doc.createCDATASection(data);
}
stack:
  ->  [ModuleLogger.js:98] trace("source before: function domCreateCDATASection(doc, data) {\n    return doc.createCDATASection(data);\n}")
  ->  [CallbackManager.js:422] processGlobalFunctions([object Object])
  ->  [CallbackManager.js:70] processCallbacks([object HTMLDocument])
  ->  [HandlePage.js:63] onHandlePage([object XPCWrappedNative_NoHelper],[object HTMLDocument])
  ->  [CoreEvents.js:293] fireEvent("HANDLE_PAGE",[object Array])
  ->  [CoreEvents.js:234] fire("PARSE_COMPLETE",[object XPCWrappedNative_NoHelper],[object HTMLDocument])
  ->  [aptEventHandler.js:337] observe([object XPCWrappedNative_NoHelper],"jaxerEvent.HTMLParseComplete",null)
paths:
  -> file:///E:/Aptana%20Jaxer%20Apache/Jaxer/Apache2-4Build/jaxer/framework/src/ModuleLogger.js
  -> file:///E:/Aptana%20Jaxer%20Apache/Jaxer/Apache2-4Build/jaxer/framework/src/CallbackManager.js
  -> file:///E:/Aptana%20Jaxer%20Apache/Jaxer/Apache2-4Build/jaxer/framework/src/HandlePage.js
  -> file:///E:/Aptana%20Jaxer%20Apache/Jaxer/Apache2-4Build/jaxer/framework/src/CoreEvents.js
  -> file:///E:/Aptana%20Jaxer%20Apache/Jaxer/Apache2-4Build/jaxer/components/aptEventHandler.js

01:10:22 12/24/2025 [ 32928] [TRACE] [JS Framework] [CallbackManager.processGlobalFunctions] source after: function domCreateCDATASection(doc, data) {
    return doc.createCDATASection(data);
}
stack:
  ->  [ModuleLogger.js:98] trace("source after: function domCreateCDATASection(doc, data) {\n    return doc.createCDATASection(data);\n}")
  ->  [CallbackManager.js:431] processGlobalFunctions([object Object])
  ->  [CallbackManager.js:70] processCallbacks([object HTMLDocument])
  ->  [HandlePage.js:63] onHandlePage([object XPCWrappedNative_NoHelper],[object HTMLDocument])
  ->  [CoreEvents.js:293] fireEvent("HANDLE_PAGE",[object Array])
  ->  [CoreEvents.js:234] fire("PARSE_COMPLETE",[object XPCWrappedNative_NoHelper],[object HTMLDocument])
  ->  [aptEventHandler.js:337] observe([object XPCWrappedNative_NoHelper],"jaxerEvent.HTMLParseComplete",null)
paths:
  -> file:///E:/Aptana%20Jaxer%20Apache/Jaxer/Apache2-4Build/jaxer/framework/src/ModuleLogger.js
  -> file:///E:/Aptana%20Jaxer%20Apache/Jaxer/Apache2-4Build/jaxer/framework/src/CallbackManager.js
  -> file:///E:/Aptana%20Jaxer%20Apache/Jaxer/Apache2-4Build/jaxer/framework/src/HandlePage.js
  -> file:///E:/Aptana%20Jaxer%20Apache/Jaxer/Apache2-4Build/jaxer/framework/src/CoreEvents.js
  -> file:///E:/Aptana%20Jaxer%20Apache/Jaxer/Apache2-4Build/jaxer/components/aptEventHandler.js

01:10:22 12/24/2025 [ 32928] [DEBUG] [JS Framework] [CallbackManager.processGlobalFunctions] Processing global function 'domCreateCDATASection' with runat=server, proxy=false, effectiveRunat=server
stack:
  ->  [ModuleLogger.js:98] debug("Processing global function 'domCreateCDATASection' with runat=server, proxy=false, effectiveRunat=server")
  ->  [CallbackManager.js:452] processGlobalFunctions([object Object])
  ->  [CallbackManager.js:70] processCallbacks([object HTMLDocument])
  ->  [HandlePage.js:63] onHandlePage([object XPCWrappedNative_NoHelper],[object HTMLDocument])
  ->  [CoreEvents.js:293] fireEvent("HANDLE_PAGE",[object Array])
  ->  [CoreEvents.js:234] fire("PARSE_COMPLETE",[object XPCWrappedNative_NoHelper],[object HTMLDocument])
  ->  [aptEventHandler.js:337] observe([object XPCWrappedNative_NoHelper],"jaxerEvent.HTMLParseComplete",null)
paths:
  -> file:///E:/Aptana%20Jaxer%20Apache/Jaxer/Apache2-4Build/jaxer/framework/src/ModuleLogger.js
  -> file:///E:/Aptana%20Jaxer%20Apache/Jaxer/Apache2-4Build/jaxer/framework/src/CallbackManager.js
  -> file:///E:/Aptana%20Jaxer%20Apache/Jaxer/Apache2-4Build/jaxer/framework/src/HandlePage.js
  -> file:///E:/Aptana%20Jaxer%20Apache/Jaxer/Apache2-4Build/jaxer/framework/src/CoreEvents.js
  -> file:///E:/Aptana%20Jaxer%20Apache/Jaxer/Apache2-4Build/jaxer/components/aptEventHandler.js

01:10:22 12/24/2025 [ 32928] [TRACE] [JS Framework] [CallbackManager.processGlobalFunctions] For runatFunctions member domCreateComment: handledInScripts.hasOwnProperty=false; typeof candidate: function
stack:
  ->  [ModuleLogger.js:98] trace("For runatFunctions member domCreateComment: handledInScripts.hasOwnProperty=false; typeof candidate: function")
  ->  [CallbackManager.js:410] processGlobalFunctions([object Object])
  ->  [CallbackManager.js:70] processCallbacks([object HTMLDocument])
  ->  [HandlePage.js:63] onHandlePage([object XPCWrappedNative_NoHelper],[object HTMLDocument])
  ->  [CoreEvents.js:293] fireEvent("HANDLE_PAGE",[object Array])
  ->  [CoreEvents.js:234] fire("PARSE_COMPLETE",[object XPCWrappedNative_NoHelper],[object HTMLDocument])
  ->  [aptEventHandler.js:337] observe([object XPCWrappedNative_NoHelper],"jaxerEvent.HTMLParseComplete",null)
paths:
  -> file:///E:/Aptana%20Jaxer%20Apache/Jaxer/Apache2-4Build/jaxer/framework/src/ModuleLogger.js
  -> file:///E:/Aptana%20Jaxer%20Apache/Jaxer/Apache2-4Build/jaxer/framework/src/CallbackManager.js
  -> file:///E:/Aptana%20Jaxer%20Apache/Jaxer/Apache2-4Build/jaxer/framework/src/HandlePage.js
  -> file:///E:/Aptana%20Jaxer%20Apache/Jaxer/Apache2-4Build/jaxer/framework/src/CoreEvents.js
  -> file:///E:/Aptana%20Jaxer%20Apache/Jaxer/Apache2-4Build/jaxer/components/aptEventHandler.js

01:10:22 12/24/2025 [ 32928] [TRACE] [JS Framework] [CallbackManager.processGlobalFunctions] source before: function domCreateComment(doc, text) {
    return doc.createComment(text);
}
stack:
  ->  [ModuleLogger.js:98] trace("source before: function domCreateComment(doc, text) {\n    return doc.createComment(text);\n}")
  ->  [CallbackManager.js:422] processGlobalFunctions([object Object])
  ->  [CallbackManager.js:70] processCallbacks([object HTMLDocument])
  ->  [HandlePage.js:63] onHandlePage([object XPCWrappedNative_NoHelper],[object HTMLDocument])
  ->  [CoreEvents.js:293] fireEvent("HANDLE_PAGE",[object Array])
  ->  [CoreEvents.js:234] fire("PARSE_COMPLETE",[object XPCWrappedNative_NoHelper],[object HTMLDocument])
  ->  [aptEventHandler.js:337] observe([object XPCWrappedNative_NoHelper],"jaxerEvent.HTMLParseComplete",null)
paths:
  -> file:///E:/Aptana%20Jaxer%20Apache/Jaxer/Apache2-4Build/jaxer/framework/src/ModuleLogger.js
  -> file:///E:/Aptana%20Jaxer%20Apache/Jaxer/Apache2-4Build/jaxer/framework/src/CallbackManager.js
  -> file:///E:/Aptana%20Jaxer%20Apache/Jaxer/Apache2-4Build/jaxer/framework/src/HandlePage.js
  -> file:///E:/Aptana%20Jaxer%20Apache/Jaxer/Apache2-4Build/jaxer/framework/src/CoreEvents.js
  -> file:///E:/Aptana%20Jaxer%20Apache/Jaxer/Apache2-4Build/jaxer/components/aptEventHandler.js

01:10:22 12/24/2025 [ 32928] [TRACE] [JS Framework] [CallbackManager.processGlobalFunctions] source after: function domCreateComment(doc, text) {
    return doc.createComment(text);
}
stack:
  ->  [ModuleLogger.js:98] trace("source after: function domCreateComment(doc, text) {\n    return doc.createComment(text);\n}")
  ->  [CallbackManager.js:431] processGlobalFunctions([object Object])
  ->  [CallbackManager.js:70] processCallbacks([object HTMLDocument])
  ->  [HandlePage.js:63] onHandlePage([object XPCWrappedNative_NoHelper],[object HTMLDocument])
  ->  [CoreEvents.js:293] fireEvent("HANDLE_PAGE",[object Array])
  ->  [CoreEvents.js:234] fire("PARSE_COMPLETE",[object XPCWrappedNative_NoHelper],[object HTMLDocument])
  ->  [aptEventHandler.js:337] observe([object XPCWrappedNative_NoHelper],"jaxerEvent.HTMLParseComplete",null)
paths:
  -> file:///E:/Aptana%20Jaxer%20Apache/Jaxer/Apache2-4Build/jaxer/framework/src/ModuleLogger.js
  -> file:///E:/Aptana%20Jaxer%20Apache/Jaxer/Apache2-4Build/jaxer/framework/src/CallbackManager.js
  -> file:///E:/Aptana%20Jaxer%20Apache/Jaxer/Apache2-4Build/jaxer/framework/src/HandlePage.js
  -> file:///E:/Aptana%20Jaxer%20Apache/Jaxer/Apache2-4Build/jaxer/framework/src/CoreEvents.js
  -> file:///E:/Aptana%20Jaxer%20Apache/Jaxer/Apache2-4Build/jaxer/components/aptEventHandler.js

01:10:22 12/24/2025 [ 32928] [DEBUG] [JS Framework] [CallbackManager.processGlobalFunctions] Processing global function 'domCreateComment' with runat=server, proxy=false, effectiveRunat=server
stack:
  ->  [ModuleLogger.js:98] debug("Processing global function 'domCreateComment' with runat=server, proxy=false, effectiveRunat=server")
  ->  [CallbackManager.js:452] processGlobalFunctions([object Object])
  ->  [CallbackManager.js:70] processCallbacks([object HTMLDocument])
  ->  [HandlePage.js:63] onHandlePage([object XPCWrappedNative_NoHelper],[object HTMLDocument])
  ->  [CoreEvents.js:293] fireEvent("HANDLE_PAGE",[object Array])
  ->  [CoreEvents.js:234] fire("PARSE_COMPLETE",[object XPCWrappedNative_NoHelper],[object HTMLDocument])
  ->  [aptEventHandler.js:337] observe([object XPCWrappedNative_NoHelper],"jaxerEvent.HTMLParseComplete",null)
paths:
  -> file:///E:/Aptana%20Jaxer%20Apache/Jaxer/Apache2-4Build/jaxer/framework/src/ModuleLogger.js
  -> file:///E:/Aptana%20Jaxer%20Apache/Jaxer/Apache2-4Build/jaxer/framework/src/CallbackManager.js
  -> file:///E:/Aptana%20Jaxer%20Apache/Jaxer/Apache2-4Build/jaxer/framework/src/HandlePage.js
  -> file:///E:/Aptana%20Jaxer%20Apache/Jaxer/Apache2-4Build/jaxer/framework/src/CoreEvents.js
  -> file:///E:/Aptana%20Jaxer%20Apache/Jaxer/Apache2-4Build/jaxer/components/aptEventHandler.js

01:10:22 12/24/2025 [ 32928] [TRACE] [JS Framework] [CallbackManager.processGlobalFunctions] For runatFunctions member domCreateDocumentFragment: handledInScripts.hasOwnProperty=false; typeof candidate: function
stack:
  ->  [ModuleLogger.js:98] trace("For runatFunctions member domCreateDocumentFragment: handledInScripts.hasOwnProperty=false; typeof candidate: function")
  ->  [CallbackManager.js:410] processGlobalFunctions([object Object])
  ->  [CallbackManager.js:70] processCallbacks([object HTMLDocument])
  ->  [HandlePage.js:63] onHandlePage([object XPCWrappedNative_NoHelper],[object HTMLDocument])
  ->  [CoreEvents.js:293] fireEvent("HANDLE_PAGE",[object Array])
  ->  [CoreEvents.js:234] fire("PARSE_COMPLETE",[object XPCWrappedNative_NoHelper],[object HTMLDocument])
  ->  [aptEventHandler.js:337] observe([object XPCWrappedNative_NoHelper],"jaxerEvent.HTMLParseComplete",null)
paths:
  -> file:///E:/Aptana%20Jaxer%20Apache/Jaxer/Apache2-4Build/jaxer/framework/src/ModuleLogger.js
  -> file:///E:/Aptana%20Jaxer%20Apache/Jaxer/Apache2-4Build/jaxer/framework/src/CallbackManager.js
  -> file:///E:/Aptana%20Jaxer%20Apache/Jaxer/Apache2-4Build/jaxer/framework/src/HandlePage.js
  -> file:///E:/Aptana%20Jaxer%20Apache/Jaxer/Apache2-4Build/jaxer/framework/src/CoreEvents.js
  -> file:///E:/Aptana%20Jaxer%20Apache/Jaxer/Apache2-4Build/jaxer/components/aptEventHandler.js

01:10:22 12/24/2025 [ 32928] [TRACE] [JS Framework] [CallbackManager.processGlobalFunctions] source before: function domCreateDocumentFragment(doc) {
    return doc.createDocumentFragment();
}
stack:
  ->  [ModuleLogger.js:98] trace("source before: function domCreateDocumentFragment(doc) {\n    return doc.createDocumentFragment();\n}")
  ->  [CallbackManager.js:422] processGlobalFunctions([object Object])
  ->  [CallbackManager.js:70] processCallbacks([object HTMLDocument])
  ->  [HandlePage.js:63] onHandlePage([object XPCWrappedNative_NoHelper],[object HTMLDocument])
  ->  [CoreEvents.js:293] fireEvent("HANDLE_PAGE",[object Array])
  ->  [CoreEvents.js:234] fire("PARSE_COMPLETE",[object XPCWrappedNative_NoHelper],[object HTMLDocument])
  ->  [aptEventHandler.js:337] observe([object XPCWrappedNative_NoHelper],"jaxerEvent.HTMLParseComplete",null)
paths:
  -> file:///E:/Aptana%20Jaxer%20Apache/Jaxer/Apache2-4Build/jaxer/framework/src/ModuleLogger.js
  -> file:///E:/Aptana%20Jaxer%20Apache/Jaxer/Apache2-4Build/jaxer/framework/src/CallbackManager.js
  -> file:///E:/Aptana%20Jaxer%20Apache/Jaxer/Apache2-4Build/jaxer/framework/src/HandlePage.js
  -> file:///E:/Aptana%20Jaxer%20Apache/Jaxer/Apache2-4Build/jaxer/framework/src/CoreEvents.js
  -> file:///E:/Aptana%20Jaxer%20Apache/Jaxer/Apache2-4Build/jaxer/components/aptEventHandler.js

01:10:22 12/24/2025 [ 32928] [TRACE] [JS Framework] [CallbackManager.processGlobalFunctions] source after: function domCreateDocumentFragment(doc) {
    return doc.createDocumentFragment();
}
stack:
  ->  [ModuleLogger.js:98] trace("source after: function domCreateDocumentFragment(doc) {\n    return doc.createDocumentFragment();\n}")
  ->  [CallbackManager.js:431] processGlobalFunctions([object Object])
  ->  [CallbackManager.js:70] processCallbacks([object HTMLDocument])
  ->  [HandlePage.js:63] onHandlePage([object XPCWrappedNative_NoHelper],[object HTMLDocument])
  ->  [CoreEvents.js:293] fireEvent("HANDLE_PAGE",[object Array])
  ->  [CoreEvents.js:234] fire("PARSE_COMPLETE",[object XPCWrappedNative_NoHelper],[object HTMLDocument])
  ->  [aptEventHandler.js:337] observe([object XPCWrappedNative_NoHelper],"jaxerEvent.HTMLParseComplete",null)
paths:
  -> file:///E:/Aptana%20Jaxer%20Apache/Jaxer/Apache2-4Build/jaxer/framework/src/ModuleLogger.js
  -> file:///E:/Aptana%20Jaxer%20Apache/Jaxer/Apache2-4Build/jaxer/framework/src/CallbackManager.js
  -> file:///E:/Aptana%20Jaxer%20Apache/Jaxer/Apache2-4Build/jaxer/framework/src/HandlePage.js
  -> file:///E:/Aptana%20Jaxer%20Apache/Jaxer/Apache2-4Build/jaxer/framework/src/CoreEvents.js
  -> file:///E:/Aptana%20Jaxer%20Apache/Jaxer/Apache2-4Build/jaxer/components/aptEventHandler.js

01:10:22 12/24/2025 [ 32928] [DEBUG] [JS Framework] [CallbackManager.processGlobalFunctions] Processing global function 'domCreateDocumentFragment' with runat=server, proxy=false, effectiveRunat=server
stack:
  ->  [ModuleLogger.js:98] debug("Processing global function 'domCreateDocumentFragment' with runat=server, proxy=false, effectiveRunat=server")
  ->  [CallbackManager.js:452] processGlobalFunctions([object Object])
  ->  [CallbackManager.js:70] processCallbacks([object HTMLDocument])
  ->  [HandlePage.js:63] onHandlePage([object XPCWrappedNative_NoHelper],[object HTMLDocument])
  ->  [CoreEvents.js:293] fireEvent("HANDLE_PAGE",[object Array])
  ->  [CoreEvents.js:234] fire("PARSE_COMPLETE",[object XPCWrappedNative_NoHelper],[object HTMLDocument])
  ->  [aptEventHandler.js:337] observe([object XPCWrappedNative_NoHelper],"jaxerEvent.HTMLParseComplete",null)
paths:
  -> file:///E:/Aptana%20Jaxer%20Apache/Jaxer/Apache2-4Build/jaxer/framework/src/ModuleLogger.js
  -> file:///E:/Aptana%20Jaxer%20Apache/Jaxer/Apache2-4Build/jaxer/framework/src/CallbackManager.js
  -> file:///E:/Aptana%20Jaxer%20Apache/Jaxer/Apache2-4Build/jaxer/framework/src/HandlePage.js
  -> file:///E:/Aptana%20Jaxer%20Apache/Jaxer/Apache2-4Build/jaxer/framework/src/CoreEvents.js
  -> file:///E:/Aptana%20Jaxer%20Apache/Jaxer/Apache2-4Build/jaxer/components/aptEventHandler.js

01:10:22 12/24/2025 [ 32928] [TRACE] [JS Framework] [CallbackManager.processGlobalFunctions] For runatFunctions member domGetElementById: handledInScripts.hasOwnProperty=false; typeof candidate: function
stack:
  ->  [ModuleLogger.js:98] trace("For runatFunctions member domGetElementById: handledInScripts.hasOwnProperty=false; typeof candidate: function")
  ->  [CallbackManager.js:410] processGlobalFunctions([object Object])
  ->  [CallbackManager.js:70] processCallbacks([object HTMLDocument])
  ->  [HandlePage.js:63] onHandlePage([object XPCWrappedNative_NoHelper],[object HTMLDocument])
  ->  [CoreEvents.js:293] fireEvent("HANDLE_PAGE",[object Array])
  ->  [CoreEvents.js:234] fire("PARSE_COMPLETE",[object XPCWrappedNative_NoHelper],[object HTMLDocument])
  ->  [aptEventHandler.js:337] observe([object XPCWrappedNative_NoHelper],"jaxerEvent.HTMLParseComplete",null)
paths:
  -> file:///E:/Aptana%20Jaxer%20Apache/Jaxer/Apache2-4Build/jaxer/framework/src/ModuleLogger.js
  -> file:///E:/Aptana%20Jaxer%20Apache/Jaxer/Apache2-4Build/jaxer/framework/src/CallbackManager.js
  -> file:///E:/Aptana%20Jaxer%20Apache/Jaxer/Apache2-4Build/jaxer/framework/src/HandlePage.js
  -> file:///E:/Aptana%20Jaxer%20Apache/Jaxer/Apache2-4Build/jaxer/framework/src/CoreEvents.js
  -> file:///E:/Aptana%20Jaxer%20Apache/Jaxer/Apache2-4Build/jaxer/components/aptEventHandler.js

01:10:22 12/24/2025 [ 32928] [TRACE] [JS Framework] [CallbackManager.processGlobalFunctions] source before: function domGetElementById(doc, id) {
    return doc.getElementById(id);
}
stack:
  ->  [ModuleLogger.js:98] trace("source before: function domGetElementById(doc, id) {\n    return doc.getElementById(id);\n}")
  ->  [CallbackManager.js:422] processGlobalFunctions([object Object])
  ->  [CallbackManager.js:70] processCallbacks([object HTMLDocument])
  ->  [HandlePage.js:63] onHandlePage([object XPCWrappedNative_NoHelper],[object HTMLDocument])
  ->  [CoreEvents.js:293] fireEvent("HANDLE_PAGE",[object Array])
  ->  [CoreEvents.js:234] fire("PARSE_COMPLETE",[object XPCWrappedNative_NoHelper],[object HTMLDocument])
  ->  [aptEventHandler.js:337] observe([object XPCWrappedNative_NoHelper],"jaxerEvent.HTMLParseComplete",null)
paths:
  -> file:///E:/Aptana%20Jaxer%20Apache/Jaxer/Apache2-4Build/jaxer/framework/src/ModuleLogger.js
  -> file:///E:/Aptana%20Jaxer%20Apache/Jaxer/Apache2-4Build/jaxer/framework/src/CallbackManager.js
  -> file:///E:/Aptana%20Jaxer%20Apache/Jaxer/Apache2-4Build/jaxer/framework/src/HandlePage.js
  -> file:///E:/Aptana%20Jaxer%20Apache/Jaxer/Apache2-4Build/jaxer/framework/src/CoreEvents.js
  -> file:///E:/Aptana%20Jaxer%20Apache/Jaxer/Apache2-4Build/jaxer/components/aptEventHandler.js

01:10:22 12/24/2025 [ 32928] [TRACE] [JS Framework] [CallbackManager.processGlobalFunctions] source after: function domGetElementById(doc, id) {
    return doc.getElementById(id);
}
stack:
  ->  [ModuleLogger.js:98] trace("source after: function domGetElementById(doc, id) {\n    return doc.getElementById(id);\n}")
  ->  [CallbackManager.js:431] processGlobalFunctions([object Object])
  ->  [CallbackManager.js:70] processCallbacks([object HTMLDocument])
  ->  [HandlePage.js:63] onHandlePage([object XPCWrappedNative_NoHelper],[object HTMLDocument])
  ->  [CoreEvents.js:293] fireEvent("HANDLE_PAGE",[object Array])
  ->  [CoreEvents.js:234] fire("PARSE_COMPLETE",[object XPCWrappedNative_NoHelper],[object HTMLDocument])
  ->  [aptEventHandler.js:337] observe([object XPCWrappedNative_NoHelper],"jaxerEvent.HTMLParseComplete",null)
paths:
  -> file:///E:/Aptana%20Jaxer%20Apache/Jaxer/Apache2-4Build/jaxer/framework/src/ModuleLogger.js
  -> file:///E:/Aptana%20Jaxer%20Apache/Jaxer/Apache2-4Build/jaxer/framework/src/CallbackManager.js
  -> file:///E:/Aptana%20Jaxer%20Apache/Jaxer/Apache2-4Build/jaxer/framework/src/HandlePage.js
  -> file:///E:/Aptana%20Jaxer%20Apache/Jaxer/Apache2-4Build/jaxer/framework/src/CoreEvents.js
  -> file:///E:/Aptana%20Jaxer%20Apache/Jaxer/Apache2-4Build/jaxer/components/aptEventHandler.js

01:10:22 12/24/2025 [ 32928] [DEBUG] [JS Framework] [CallbackManager.processGlobalFunctions] Processing global function 'domGetElementById' with runat=server, proxy=false, effectiveRunat=server
stack:
  ->  [ModuleLogger.js:98] debug("Processing global function 'domGetElementById' with runat=server, proxy=false, effectiveRunat=server")
  ->  [CallbackManager.js:452] processGlobalFunctions([object Object])
  ->  [CallbackManager.js:70] processCallbacks([object HTMLDocument])
  ->  [HandlePage.js:63] onHandlePage([object XPCWrappedNative_NoHelper],[object HTMLDocument])
  ->  [CoreEvents.js:293] fireEvent("HANDLE_PAGE",[object Array])
  ->  [CoreEvents.js:234] fire("PARSE_COMPLETE",[object XPCWrappedNative_NoHelper],[object HTMLDocument])
  ->  [aptEventHandler.js:337] observe([object XPCWrappedNative_NoHelper],"jaxerEvent.HTMLParseComplete",null)
paths:
  -> file:///E:/Aptana%20Jaxer%20Apache/Jaxer/Apache2-4Build/jaxer/framework/src/ModuleLogger.js
  -> file:///E:/Aptana%20Jaxer%20Apache/Jaxer/Apache2-4Build/jaxer/framework/src/CallbackManager.js
  -> file:///E:/Aptana%20Jaxer%20Apache/Jaxer/Apache2-4Build/jaxer/framework/src/HandlePage.js
  -> file:///E:/Aptana%20Jaxer%20Apache/Jaxer/Apache2-4Build/jaxer/framework/src/CoreEvents.js
  -> file:///E:/Aptana%20Jaxer%20Apache/Jaxer/Apache2-4Build/jaxer/components/aptEventHandler.js

01:10:22 12/24/2025 [ 32928] [TRACE] [JS Framework] [CallbackManager.processGlobalFunctions] For runatFunctions member windowSetInterval: handledInScripts.hasOwnProperty=false; typeof candidate: function
stack:
  ->  [ModuleLogger.js:98] trace("For runatFunctions member windowSetInterval: handledInScripts.hasOwnProperty=false; typeof candidate: function")
  ->  [CallbackManager.js:410] processGlobalFunctions([object Object])
  ->  [CallbackManager.js:70] processCallbacks([object HTMLDocument])
  ->  [HandlePage.js:63] onHandlePage([object XPCWrappedNative_NoHelper],[object HTMLDocument])
  ->  [CoreEvents.js:293] fireEvent("HANDLE_PAGE",[object Array])
  ->  [CoreEvents.js:234] fire("PARSE_COMPLETE",[object XPCWrappedNative_NoHelper],[object HTMLDocument])
  ->  [aptEventHandler.js:337] observe([object XPCWrappedNative_NoHelper],"jaxerEvent.HTMLParseComplete",null)
paths:
  -> file:///E:/Aptana%20Jaxer%20Apache/Jaxer/Apache2-4Build/jaxer/framework/src/ModuleLogger.js
  -> file:///E:/Aptana%20Jaxer%20Apache/Jaxer/Apache2-4Build/jaxer/framework/src/CallbackManager.js
  -> file:///E:/Aptana%20Jaxer%20Apache/Jaxer/Apache2-4Build/jaxer/framework/src/HandlePage.js
  -> file:///E:/Aptana%20Jaxer%20Apache/Jaxer/Apache2-4Build/jaxer/framework/src/CoreEvents.js
  -> file:///E:/Aptana%20Jaxer%20Apache/Jaxer/Apache2-4Build/jaxer/components/aptEventHandler.js

01:10:22 12/24/2025 [ 32928] [TRACE] [JS Framework] [CallbackManager.processGlobalFunctions] source before: function windowSetInterval(win, fun, time) {
    return win.setInterval(fun, time);
}
stack:
  ->  [ModuleLogger.js:98] trace("source before: function windowSetInterval(win, fun, time) {\n    return win.setInterval(fun, time);\n}")
  ->  [CallbackManager.js:422] processGlobalFunctions([object Object])
  ->  [CallbackManager.js:70] processCallbacks([object HTMLDocument])
  ->  [HandlePage.js:63] onHandlePage([object XPCWrappedNative_NoHelper],[object HTMLDocument])
  ->  [CoreEvents.js:293] fireEvent("HANDLE_PAGE",[object Array])
  ->  [CoreEvents.js:234] fire("PARSE_COMPLETE",[object XPCWrappedNative_NoHelper],[object HTMLDocument])
  ->  [aptEventHandler.js:337] observe([object XPCWrappedNative_NoHelper],"jaxerEvent.HTMLParseComplete",null)
paths:
  -> file:///E:/Aptana%20Jaxer%20Apache/Jaxer/Apache2-4Build/jaxer/framework/src/ModuleLogger.js
  -> file:///E:/Aptana%20Jaxer%20Apache/Jaxer/Apache2-4Build/jaxer/framework/src/CallbackManager.js
  -> file:///E:/Aptana%20Jaxer%20Apache/Jaxer/Apache2-4Build/jaxer/framework/src/HandlePage.js
  -> file:///E:/Aptana%20Jaxer%20Apache/Jaxer/Apache2-4Build/jaxer/framework/src/CoreEvents.js
  -> file:///E:/Aptana%20Jaxer%20Apache/Jaxer/Apache2-4Build/jaxer/components/aptEventHandler.js

01:10:22 12/24/2025 [ 32928] [TRACE] [JS Framework] [CallbackManager.processGlobalFunctions] source after: function windowSetInterval(win, fun, time) {
    return win.setInterval(fun, time);
}
stack:
  ->  [ModuleLogger.js:98] trace("source after: function windowSetInterval(win, fun, time) {\n    return win.setInterval(fun, time);\n}")
  ->  [CallbackManager.js:431] processGlobalFunctions([object Object])
  ->  [CallbackManager.js:70] processCallbacks([object HTMLDocument])
  ->  [HandlePage.js:63] onHandlePage([object XPCWrappedNative_NoHelper],[object HTMLDocument])
  ->  [CoreEvents.js:293] fireEvent("HANDLE_PAGE",[object Array])
  ->  [CoreEvents.js:234] fire("PARSE_COMPLETE",[object XPCWrappedNative_NoHelper],[object HTMLDocument])
  ->  [aptEventHandler.js:337] observe([object XPCWrappedNative_NoHelper],"jaxerEvent.HTMLParseComplete",null)
paths:
  -> file:///E:/Aptana%20Jaxer%20Apache/Jaxer/Apache2-4Build/jaxer/framework/src/ModuleLogger.js
  -> file:///E:/Aptana%20Jaxer%20Apache/Jaxer/Apache2-4Build/jaxer/framework/src/CallbackManager.js
  -> file:///E:/Aptana%20Jaxer%20Apache/Jaxer/Apache2-4Build/jaxer/framework/src/HandlePage.js
  -> file:///E:/Aptana%20Jaxer%20Apache/Jaxer/Apache2-4Build/jaxer/framework/src/CoreEvents.js
  -> file:///E:/Aptana%20Jaxer%20Apache/Jaxer/Apache2-4Build/jaxer/components/aptEventHandler.js

01:10:22 12/24/2025 [ 32928] [DEBUG] [JS Framework] [CallbackManager.processGlobalFunctions] Processing global function 'windowSetInterval' with runat=server, proxy=false, effectiveRunat=server
stack:
  ->  [ModuleLogger.js:98] debug("Processing global function 'windowSetInterval' with runat=server, proxy=false, effectiveRunat=server")
  ->  [CallbackManager.js:452] processGlobalFunctions([object Object])
  ->  [CallbackManager.js:70] processCallbacks([object HTMLDocument])
  ->  [HandlePage.js:63] onHandlePage([object XPCWrappedNative_NoHelper],[object HTMLDocument])
  ->  [CoreEvents.js:293] fireEvent("HANDLE_PAGE",[object Array])
  ->  [CoreEvents.js:234] fire("PARSE_COMPLETE",[object XPCWrappedNative_NoHelper],[object HTMLDocument])
  ->  [aptEventHandler.js:337] observe([object XPCWrappedNative_NoHelper],"jaxerEvent.HTMLParseComplete",null)
paths:
  -> file:///E:/Aptana%20Jaxer%20Apache/Jaxer/Apache2-4Build/jaxer/framework/src/ModuleLogger.js
  -> file:///E:/Aptana%20Jaxer%20Apache/Jaxer/Apache2-4Build/jaxer/framework/src/CallbackManager.js
  -> file:///E:/Aptana%20Jaxer%20Apache/Jaxer/Apache2-4Build/jaxer/framework/src/HandlePage.js
  -> file:///E:/Aptana%20Jaxer%20Apache/Jaxer/Apache2-4Build/jaxer/framework/src/CoreEvents.js
  -> file:///E:/Aptana%20Jaxer%20Apache/Jaxer/Apache2-4Build/jaxer/components/aptEventHandler.js

01:10:22 12/24/2025 [ 32928] [TRACE] [JS Framework] [CallbackManager.processGlobalFunctions] For runatFunctions member windowClearInterval: handledInScripts.hasOwnProperty=false; typeof candidate: function
stack:
  ->  [ModuleLogger.js:98] trace("For runatFunctions member windowClearInterval: handledInScripts.hasOwnProperty=false; typeof candidate: function")
  ->  [CallbackManager.js:410] processGlobalFunctions([object Object])
  ->  [CallbackManager.js:70] processCallbacks([object HTMLDocument])
  ->  [HandlePage.js:63] onHandlePage([object XPCWrappedNative_NoHelper],[object HTMLDocument])
  ->  [CoreEvents.js:293] fireEvent("HANDLE_PAGE",[object Array])
  ->  [CoreEvents.js:234] fire("PARSE_COMPLETE",[object XPCWrappedNative_NoHelper],[object HTMLDocument])
  ->  [aptEventHandler.js:337] observe([object XPCWrappedNative_NoHelper],"jaxerEvent.HTMLParseComplete",null)
paths:
  -> file:///E:/Aptana%20Jaxer%20Apache/Jaxer/Apache2-4Build/jaxer/framework/src/ModuleLogger.js
  -> file:///E:/Aptana%20Jaxer%20Apache/Jaxer/Apache2-4Build/jaxer/framework/src/CallbackManager.js
  -> file:///E:/Aptana%20Jaxer%20Apache/Jaxer/Apache2-4Build/jaxer/framework/src/HandlePage.js
  -> file:///E:/Aptana%20Jaxer%20Apache/Jaxer/Apache2-4Build/jaxer/framework/src/CoreEvents.js
  -> file:///E:/Aptana%20Jaxer%20Apache/Jaxer/Apache2-4Build/jaxer/components/aptEventHandler.js

01:10:22 12/24/2025 [ 32928] [TRACE] [JS Framework] [CallbackManager.processGlobalFunctions] source before: function windowClearInterval(win, id) {
    return win.clearInterval(id);
}
stack:
  ->  [ModuleLogger.js:98] trace("source before: function windowClearInterval(win, id) {\n    return win.clearInterval(id);\n}")
  ->  [CallbackManager.js:422] processGlobalFunctions([object Object])
  ->  [CallbackManager.js:70] processCallbacks([object HTMLDocument])
  ->  [HandlePage.js:63] onHandlePage([object XPCWrappedNative_NoHelper],[object HTMLDocument])
  ->  [CoreEvents.js:293] fireEvent("HANDLE_PAGE",[object Array])
  ->  [CoreEvents.js:234] fire("PARSE_COMPLETE",[object XPCWrappedNative_NoHelper],[object HTMLDocument])
  ->  [aptEventHandler.js:337] observe([object XPCWrappedNative_NoHelper],"jaxerEvent.HTMLParseComplete",null)
paths:
  -> file:///E:/Aptana%20Jaxer%20Apache/Jaxer/Apache2-4Build/jaxer/framework/src/ModuleLogger.js
  -> file:///E:/Aptana%20Jaxer%20Apache/Jaxer/Apache2-4Build/jaxer/framework/src/CallbackManager.js
  -> file:///E:/Aptana%20Jaxer%20Apache/Jaxer/Apache2-4Build/jaxer/framework/src/HandlePage.js
  -> file:///E:/Aptana%20Jaxer%20Apache/Jaxer/Apache2-4Build/jaxer/framework/src/CoreEvents.js
  -> file:///E:/Aptana%20Jaxer%20Apache/Jaxer/Apache2-4Build/jaxer/components/aptEventHandler.js

01:10:22 12/24/2025 [ 32928] [TRACE] [JS Framework] [CallbackManager.processGlobalFunctions] source after: function windowClearInterval(win, id) {
    return win.clearInterval(id);
}
stack:
  ->  [ModuleLogger.js:98] trace("source after: function windowClearInterval(win, id) {\n    return win.clearInterval(id);\n}")
  ->  [CallbackManager.js:431] processGlobalFunctions([object Object])
  ->  [CallbackManager.js:70] processCallbacks([object HTMLDocument])
  ->  [HandlePage.js:63] onHandlePage([object XPCWrappedNative_NoHelper],[object HTMLDocument])
  ->  [CoreEvents.js:293] fireEvent("HANDLE_PAGE",[object Array])
  ->  [CoreEvents.js:234] fire("PARSE_COMPLETE",[object XPCWrappedNative_NoHelper],[object HTMLDocument])
  ->  [aptEventHandler.js:337] observe([object XPCWrappedNative_NoHelper],"jaxerEvent.HTMLParseComplete",null)
paths:
  -> file:///E:/Aptana%20Jaxer%20Apache/Jaxer/Apache2-4Build/jaxer/framework/src/ModuleLogger.js
  -> file:///E:/Aptana%20Jaxer%20Apache/Jaxer/Apache2-4Build/jaxer/framework/src/CallbackManager.js
  -> file:///E:/Aptana%20Jaxer%20Apache/Jaxer/Apache2-4Build/jaxer/framework/src/HandlePage.js
  -> file:///E:/Aptana%20Jaxer%20Apache/Jaxer/Apache2-4Build/jaxer/framework/src/CoreEvents.js
  -> file:///E:/Aptana%20Jaxer%20Apache/Jaxer/Apache2-4Build/jaxer/components/aptEventHandler.js

01:10:22 12/24/2025 [ 32928] [DEBUG] [JS Framework] [CallbackManager.processGlobalFunctions] Processing global function 'windowClearInterval' with runat=server, proxy=false, effectiveRunat=server
stack:
  ->  [ModuleLogger.js:98] debug("Processing global function 'windowClearInterval' with runat=server, proxy=false, effectiveRunat=server")
  ->  [CallbackManager.js:452] processGlobalFunctions([object Object])
  ->  [CallbackManager.js:70] processCallbacks([object HTMLDocument])
  ->  [HandlePage.js:63] onHandlePage([object XPCWrappedNative_NoHelper],[object HTMLDocument])
  ->  [CoreEvents.js:293] fireEvent("HANDLE_PAGE",[object Array])
  ->  [CoreEvents.js:234] fire("PARSE_COMPLETE",[object XPCWrappedNative_NoHelper],[object HTMLDocument])
  ->  [aptEventHandler.js:337] observe([object XPCWrappedNative_NoHelper],"jaxerEvent.HTMLParseComplete",null)
paths:
  -> file:///E:/Aptana%20Jaxer%20Apache/Jaxer/Apache2-4Build/jaxer/framework/src/ModuleLogger.js
  -> file:///E:/Aptana%20Jaxer%20Apache/Jaxer/Apache2-4Build/jaxer/framework/src/CallbackManager.js
  -> file:///E:/Aptana%20Jaxer%20Apache/Jaxer/Apache2-4Build/jaxer/framework/src/HandlePage.js
  -> file:///E:/Aptana%20Jaxer%20Apache/Jaxer/Apache2-4Build/jaxer/framework/src/CoreEvents.js
  -> file:///E:/Aptana%20Jaxer%20Apache/Jaxer/Apache2-4Build/jaxer/components/aptEventHandler.js

01:10:22 12/24/2025 [ 32928] [TRACE] [JS Framework] [CallbackManager.processGlobalFunctions] For runatFunctions member xmlResolveEntities: handledInScripts.hasOwnProperty=false; typeof candidate: function
stack:
  ->  [ModuleLogger.js:98] trace("For runatFunctions member xmlResolveEntities: handledInScripts.hasOwnProperty=false; typeof candidate: function")
  ->  [CallbackManager.js:410] processGlobalFunctions([object Object])
  ->  [CallbackManager.js:70] processCallbacks([object HTMLDocument])
  ->  [HandlePage.js:63] onHandlePage([object XPCWrappedNative_NoHelper],[object HTMLDocument])
  ->  [CoreEvents.js:293] fireEvent("HANDLE_PAGE",[object Array])
  ->  [CoreEvents.js:234] fire("PARSE_COMPLETE",[object XPCWrappedNative_NoHelper],[object HTMLDocument])
  ->  [aptEventHandler.js:337] observe([object XPCWrappedNative_NoHelper],"jaxerEvent.HTMLParseComplete",null)
paths:
  -> file:///E:/Aptana%20Jaxer%20Apache/Jaxer/Apache2-4Build/jaxer/framework/src/ModuleLogger.js
  -> file:///E:/Aptana%20Jaxer%20Apache/Jaxer/Apache2-4Build/jaxer/framework/src/CallbackManager.js
  -> file:///E:/Aptana%20Jaxer%20Apache/Jaxer/Apache2-4Build/jaxer/framework/src/HandlePage.js
  -> file:///E:/Aptana%20Jaxer%20Apache/Jaxer/Apache2-4Build/jaxer/framework/src/CoreEvents.js
  -> file:///E:/Aptana%20Jaxer%20Apache/Jaxer/Apache2-4Build/jaxer/components/aptEventHandler.js

01:10:22 12/24/2025 [ 32928] [TRACE] [JS Framework] [CallbackManager.processGlobalFunctions] source before: function xmlResolveEntities(s) {
    var parts = stringSplit(s, "&");
    var ret = parts[0];
    for (var i = 1; i < parts.length; ++i) {
        var rp = parts[i].indexOf(";");
        if (rp == -1) {
            ret += parts[i];
            continue;
        }
        var entityName = parts[i].substring(0, rp);
        var remainderText = parts[i].substring(rp + 1);
        var ch;
        switch (entityName) {
          case "lt":
            ch = "<";
            break;
          case "gt":
            ch = ">";
            break;
          case "amp":
            ch = "&";
            break;
          case "quot":
            ch = "\"";
            break;
          case "apos":
            ch = "'";
            break;
          case "nbsp":
            ch = String.fromCharCode(160);
            break;
          default:
            var span = domCreateElement(window.document, "span");
            span.innerHTML = "&" + entityName + "; ";
            ch = span.childNodes[0].nodeValue.charAt(0);
        }
        ret += ch + remainderText;
    }
    return ret;
}
stack:
  ->  [ModuleLogger.js:98] trace("source before: function xmlResolveEntities(s) {\n    var parts = stringSplit(s, \"&\");\n    var ret = parts[0];\n    for (var i = 1; i < parts.length; ++i) {\n        var rp = parts[i].indexOf(\";\");\n        if (rp == -1) {\n            ret += parts[i];\n            continue;\n        }\n        var entityName = parts[i].substring(0, rp);\n        var remainderText = parts[i].substring(rp + 1);\n        var ch;\n        switch (entityName) {\n          case \"lt\":\n            ch = \"<\";\n            break;\n          case \"gt\":\n            ch = \">\";\n            break;\n          case \"amp\":\n            ch = \"&\";\n            break;\n          case \"quot\":\n            ch = \"\\\"\";\n            break;\n          case \"apos\":\n            ch = \"'\";\n            break;\n          case \"nbsp\":\n            ch = String.fromCharCode(160);\n            break;\n          default:\n            var span = domCreateElement(window.document, \"span\");\n            span.innerHTML = \"&\" + entityName + \"; \";\n            ch = span.childNodes[0].nodeValue.charAt(0);\n        }\n        ret += ch + remainderText;\n    }\n    return ret;\n}")
  ->  [CallbackManager.js:422] processGlobalFunctions([object Object])
  ->  [CallbackManager.js:70] processCallbacks([object HTMLDocument])
  ->  [HandlePage.js:63] onHandlePage([object XPCWrappedNative_NoHelper],[object HTMLDocument])
  ->  [CoreEvents.js:293] fireEvent("HANDLE_PAGE",[object Array])
  ->  [CoreEvents.js:234] fire("PARSE_COMPLETE",[object XPCWrappedNative_NoHelper],[object HTMLDocument])
  ->  [aptEventHandler.js:337] observe([object XPCWrappedNative_NoHelper],"jaxerEvent.HTMLParseComplete",null)
paths:
  -> file:///E:/Aptana%20Jaxer%20Apache/Jaxer/Apache2-4Build/jaxer/framework/src/ModuleLogger.js
  -> file:///E:/Aptana%20Jaxer%20Apache/Jaxer/Apache2-4Build/jaxer/framework/src/CallbackManager.js
  -> file:///E:/Aptana%20Jaxer%20Apache/Jaxer/Apache2-4Build/jaxer/framework/src/HandlePage.js
  -> file:///E:/Aptana%20Jaxer%20Apache/Jaxer/Apache2-4Build/jaxer/framework/src/CoreEvents.js
  -> file:///E:/Aptana%20Jaxer%20Apache/Jaxer/Apache2-4Build/jaxer/components/aptEventHandler.js

01:10:22 12/24/2025 [ 32928] [TRACE] [JS Framework] [CallbackManager.processGlobalFunctions] source after: function xmlResolveEntities(s) {
    var parts = stringSplit(s, "&");
    var ret = parts[0];
    for (var i = 1; i < parts.length; ++i) {
        var rp = parts[i].indexOf(";");
        if (rp == -1) {
            ret += parts[i];
            continue;
        }
        var entityName = parts[i].substring(0, rp);
        var remainderText = parts[i].substring(rp + 1);
        var ch;
        switch (entityName) {
          case "lt":
            ch = "<";
            break;
          case "gt":
            ch = ">";
            break;
          case "amp":
            ch = "&";
            break;
          case "quot":
            ch = "\"";
            break;
          case "apos":
            ch = "'";
            break;
          case "nbsp":
            ch = String.fromCharCode(160);
            break;
          default:
            var span = domCreateElement(window.document, "span");
            span.innerHTML = "&" + entityName + "; ";
            ch = span.childNodes[0].nodeValue.charAt(0);
        }
        ret += ch + remainderText;
    }
    return ret;
}
stack:
  ->  [ModuleLogger.js:98] trace("source after: function xmlResolveEntities(s) {\n    var parts = stringSplit(s, \"&\");\n    var ret = parts[0];\n    for (var i = 1; i < parts.length; ++i) {\n        var rp = parts[i].indexOf(\";\");\n        if (rp == -1) {\n            ret += parts[i];\n            continue;\n        }\n        var entityName = parts[i].substring(0, rp);\n        var remainderText = parts[i].substring(rp + 1);\n        var ch;\n        switch (entityName) {\n          case \"lt\":\n            ch = \"<\";\n            break;\n          case \"gt\":\n            ch = \">\";\n            break;\n          case \"amp\":\n            ch = \"&\";\n            break;\n          case \"quot\":\n            ch = \"\\\"\";\n            break;\n          case \"apos\":\n            ch = \"'\";\n            break;\n          case \"nbsp\":\n            ch = String.fromCharCode(160);\n            break;\n          default:\n            var span = domCreateElement(window.document, \"span\");\n            span.innerHTML = \"&\" + entityName + \"; \";\n            ch = span.childNodes[0].nodeValue.charAt(0);\n        }\n        ret += ch + remainderText;\n    }\n    return ret;\n}")
  ->  [CallbackManager.js:431] processGlobalFunctions([object Object])
  ->  [CallbackManager.js:70] processCallbacks([object HTMLDocument])
  ->  [HandlePage.js:63] onHandlePage([object XPCWrappedNative_NoHelper],[object HTMLDocument])
  ->  [CoreEvents.js:293] fireEvent("HANDLE_PAGE",[object Array])
  ->  [CoreEvents.js:234] fire("PARSE_COMPLETE",[object XPCWrappedNative_NoHelper],[object HTMLDocument])
  ->  [aptEventHandler.js:337] observe([object XPCWrappedNative_NoHelper],"jaxerEvent.HTMLParseComplete",null)
paths:
  -> file:///E:/Aptana%20Jaxer%20Apache/Jaxer/Apache2-4Build/jaxer/framework/src/ModuleLogger.js
  -> file:///E:/Aptana%20Jaxer%20Apache/Jaxer/Apache2-4Build/jaxer/framework/src/CallbackManager.js
  -> file:///E:/Aptana%20Jaxer%20Apache/Jaxer/Apache2-4Build/jaxer/framework/src/HandlePage.js
  -> file:///E:/Aptana%20Jaxer%20Apache/Jaxer/Apache2-4Build/jaxer/framework/src/CoreEvents.js
  -> file:///E:/Aptana%20Jaxer%20Apache/Jaxer/Apache2-4Build/jaxer/components/aptEventHandler.js

01:10:22 12/24/2025 [ 32928] [DEBUG] [JS Framework] [CallbackManager.processGlobalFunctions] Processing global function 'xmlResolveEntities' with runat=server, proxy=false, effectiveRunat=server
stack:
  ->  [ModuleLogger.js:98] debug("Processing global function 'xmlResolveEntities' with runat=server, proxy=false, effectiveRunat=server")
  ->  [CallbackManager.js:452] processGlobalFunctions([object Object])
  ->  [CallbackManager.js:70] processCallbacks([object HTMLDocument])
  ->  [HandlePage.js:63] onHandlePage([object XPCWrappedNative_NoHelper],[object HTMLDocument])
  ->  [CoreEvents.js:293] fireEvent("HANDLE_PAGE",[object Array])
  ->  [CoreEvents.js:234] fire("PARSE_COMPLETE",[object XPCWrappedNative_NoHelper],[object HTMLDocument])
  ->  [aptEventHandler.js:337] observe([object XPCWrappedNative_NoHelper],"jaxerEvent.HTMLParseComplete",null)
paths:
  -> file:///E:/Aptana%20Jaxer%20Apache/Jaxer/Apache2-4Build/jaxer/framework/src/ModuleLogger.js
  -> file:///E:/Aptana%20Jaxer%20Apache/Jaxer/Apache2-4Build/jaxer/framework/src/CallbackManager.js
  -> file:///E:/Aptana%20Jaxer%20Apache/Jaxer/Apache2-4Build/jaxer/framework/src/HandlePage.js
  -> file:///E:/Aptana%20Jaxer%20Apache/Jaxer/Apache2-4Build/jaxer/framework/src/CoreEvents.js
  -> file:///E:/Aptana%20Jaxer%20Apache/Jaxer/Apache2-4Build/jaxer/components/aptEventHandler.js

01:10:22 12/24/2025 [ 32928] [TRACE] [JS Framework] [CallbackManager.processGlobalFunctions] For runatFunctions member xmlParse: handledInScripts.hasOwnProperty=false; typeof candidate: function
stack:
  ->  [ModuleLogger.js:98] trace("For runatFunctions member xmlParse: handledInScripts.hasOwnProperty=false; typeof candidate: function")
  ->  [CallbackManager.js:410] processGlobalFunctions([object Object])
  ->  [CallbackManager.js:70] processCallbacks([object HTMLDocument])
  ->  [HandlePage.js:63] onHandlePage([object XPCWrappedNative_NoHelper],[object HTMLDocument])
  ->  [CoreEvents.js:293] fireEvent("HANDLE_PAGE",[object Array])
  ->  [CoreEvents.js:234] fire("PARSE_COMPLETE",[object XPCWrappedNative_NoHelper],[object HTMLDocument])
  ->  [aptEventHandler.js:337] observe([object XPCWrappedNative_NoHelper],"jaxerEvent.HTMLParseComplete",null)
paths:
  -> file:///E:/Aptana%20Jaxer%20Apache/Jaxer/Apache2-4Build/jaxer/framework/src/ModuleLogger.js
  -> file:///E:/Aptana%20Jaxer%20Apache/Jaxer/Apache2-4Build/jaxer/framework/src/CallbackManager.js
  -> file:///E:/Aptana%20Jaxer%20Apache/Jaxer/Apache2-4Build/jaxer/framework/src/HandlePage.js
  -> file:///E:/Aptana%20Jaxer%20Apache/Jaxer/Apache2-4Build/jaxer/framework/src/CoreEvents.js
  -> file:///E:/Aptana%20Jaxer%20Apache/Jaxer/Apache2-4Build/jaxer/components/aptEventHandler.js

01:10:22 12/24/2025 [ 32928] [TRACE] [JS Framework] [CallbackManager.processGlobalFunctions] source before: function xmlParse(xml) {
    var regex_empty = /\/$/;
    var regex_tagname;
    var regex_attribute;
    if (xml.match(/^<\?xml/)) {
        if (xml.search(new RegExp(XML10_VERSION_INFO)) == 5) {
            regex_tagname = XML10_TAGNAME_REGEXP;
            regex_attribute = XML10_ATTRIBUTE_REGEXP;
        } else if (xml.search(new RegExp(XML11_VERSION_INFO)) == 5) {
            regex_tagname = XML11_TAGNAME_REGEXP;
            regex_attribute = XML11_ATTRIBUTE_REGEXP;
        } else {
            alert("VersionInfo is missing, or unknown version number.");
        }
    } else {
        regex_tagname = XML10_TAGNAME_REGEXP;
        regex_attribute = XML10_ATTRIBUTE_REGEXP;
    }
    var xmldoc = new XDocument;
    var root = xmldoc;
    var stack = [];
    var parent = root;
    stack.push(parent);
    var slurp = "";
    var x = stringSplit(xml, "<");
    for (var i = 1; i < x.length; ++i) {
        var xx = stringSplit(x[i], ">");
        var tag = xx[0];
        var text = xmlResolveEntities(xx[1] || "");
        if (slurp) {
            var end = x[i].indexOf(slurp);
            if (end != -1) {
                var data = x[i].substring(0, end);
                parent.nodeValue += "<" + data;
                stack.pop();
                parent = stack[stack.length - 1];
                text = x[i].substring(end + slurp.length);
                slurp = "";
            } else {
                parent.nodeValue += "<" + x[i];
                text = null;
            }
        } else if (tag.indexOf("![CDATA[") == 0) {
            var start = "![CDATA[".length;
            var end = x[i].indexOf("]]>");
            if (end != -1) {
                var data = x[i].substring(start, end);
                var node = domCreateCDATASection(xmldoc, data);
                domAppendChild(parent, node);
            } else {
                var data = x[i].substring(start);
                text = null;
                var node = domCreateCDATASection(xmldoc, data);
                domAppendChild(parent, node);
                parent = node;
                stack.push(node);
                slurp = "]]>";
            }
        } else if (tag.indexOf("!--") == 0) {
            var start = "!--".length;
            var end = x[i].indexOf("-->");
            if (end != -1) {
                var data = x[i].substring(start, end);
                var node = domCreateComment(xmldoc, data);
                domAppendChild(parent, node);
            } else {
                var data = x[i].substring(start);
                text = null;
                var node = domCreateComment(xmldoc, data);
                domAppendChild(parent, node);
                parent = node;
                stack.push(node);
                slurp = "-->";
            }
        } else if (tag.charAt(0) == "/") {
            stack.pop();
            parent = stack[stack.length - 1];
        } else if (tag.charAt(0) == "?") {
        } else if (tag.charAt(0) == "!") {
        } else {
            var empty = tag.match(regex_empty);
            var tagname = regex_tagname.exec(tag)[1];
            var node = domCreateElement(xmldoc, tagname);
            var att;
            while (att = regex_attribute.exec(tag)) {
                var val = xmlResolveEntities(att[5] || att[7] || "");
                domSetAttribute(node, att[1], val);
            }
            domAppendChild(parent, node);
            if (!empty) {
                parent = node;
                stack.push(node);
            }
        }
        if (text && parent != root) {
            domAppendChild(parent, domCreateTextNode(xmldoc, text));
        }
    }
    return root;
}
stack:
  ->  [ModuleLogger.js:98] trace("source before: function xmlParse(xml) {\n    var regex_empty = /\\/$/;\n    var regex_tagname;\n    var regex_attribute;\n    if (xml.match(/^<\\?xml/)) {\n        if (xml.search(new RegExp(XML10_VERSION_INFO)) == 5) {\n            regex_tagname = XML10_TAGNAME_REGEXP;\n            regex_attribute = XML10_ATTRIBUTE_REGEXP;\n        } else if (xml.search(new RegExp(XML11_VERSION_INFO)) == 5) {\n            regex_tagname = XML11_TAGNAME_REGEXP;\n            regex_attribute = XML11_ATTRIBUTE_REGEXP;\n        } else {\n            alert(\"VersionInfo is missing, or unknown version number.\");\n        }\n    } else {\n        regex_tagname = XML10_TAGNAME_REGEXP;\n        regex_attribute = XML10_ATTRIBUTE_REGEXP;\n    }\n    var xmldoc = new XDocument;\n    var root = xmldoc;\n    var stack = [];\n    var parent = root;\n    stack.push(parent);\n    var slurp = \"\";\n    var x = stringSplit(xml, \"<\");\n    for (var i = 1; i < x.length; ++i) {\n        var xx = stringSplit(x[i], \">\");\n        var tag = xx[0];\n        var text = xmlResolveEntities(xx[1] || \"\");\n        if (slurp) {\n            var end = x[i].indexOf(slurp);\n            if (end != -1) {\n                var data = x[i].substring(0, end);\n                parent.nodeValue += \"<\" + data;\n                stack.pop();\n                parent = stack[stack.length - 1];\n                text = x[i].substring(end + slurp.length);\n                slurp = \"\";\n            } else {\n                parent.nodeValue += \"<\" + x[i];\n                text = null;\n            }\n        } else if (tag.indexOf(\"![CDATA[\") == 0) {\n            var start = \"![CDATA[\".length;\n            var end = x[i].indexOf(\"]]>\");\n            if (end != -1) {\n                var data = x[i].substring(start, end);\n                var node = domCreateCDATASection(xmldoc, data);\n                domAppendChild(parent, node);\n            } else {\n                var data = x[i].substring(start);\n                text = null;\n                var node = domCreateCDATASection(xmldoc, data);\n                domAppendChild(parent, node);\n                parent = node;\n                stack.push(node);\n                slurp = \"]]>\";\n            }\n        } else if (tag.indexOf(\"!--\") == 0) {\n            var start = \"!--\".length;\n            var end = x[i].indexOf(\"-->\");\n            if (end != -1) {\n                var data = x[i].substring(start, end);\n                var node = domCreateComment(xmldoc, data);\n                domAppendChild(parent, node);\n            } else {\n                var data = x[i].substring(start);\n                text = null;\n                var node = domCreateComment(xmldoc, data);\n                domAppendChild(parent, node);\n                parent = node;\n                stack.push(node);\n                slurp = \"-->\";\n            }\n        } else if (tag.charAt(0) == \"/\") {\n            stack.pop();\n            parent = stack[stack.length - 1];\n        } else if (tag.charAt(0) == \"?\") {\n        } else if (tag.charAt(0) == \"!\") {\n        } else {\n            var empty = tag.match(regex_empty);\n            var tagname = regex_tagname.exec(tag)[1];\n            var node = domCreateElement(xmldoc, tagname);\n            var att;\n            while (att = regex_attribute.exec(tag)) {\n                var val = xmlResolveEntities(att[5] || att[7] || \"\");\n                domSetAttribute(node, att[1], val);\n            }\n            domAppendChild(parent, node);\n            if (!empty) {\n                parent = node;\n                stack.push(node);\n            }\n        }\n        if (text && parent != root) {\n            domAppendChild(parent, domCreateTextNode(xmldoc, text));\n        }\n    }\n    return root;\n}")
  ->  [CallbackManager.js:422] processGlobalFunctions([object Object])
  ->  [CallbackManager.js:70] processCallbacks([object HTMLDocument])
  ->  [HandlePage.js:63] onHandlePage([object XPCWrappedNative_NoHelper],[object HTMLDocument])
  ->  [CoreEvents.js:293] fireEvent("HANDLE_PAGE",[object Array])
  ->  [CoreEvents.js:234] fire("PARSE_COMPLETE",[object XPCWrappedNative_NoHelper],[object HTMLDocument])
  ->  [aptEventHandler.js:337] observe([object XPCWrappedNative_NoHelper],"jaxerEvent.HTMLParseComplete",null)
paths:
  -> file:///E:/Aptana%20Jaxer%20Apache/Jaxer/Apache2-4Build/jaxer/framework/src/ModuleLogger.js
  -> file:///E:/Aptana%20Jaxer%20Apache/Jaxer/Apache2-4Build/jaxer/framework/src/CallbackManager.js
  -> file:///E:/Aptana%20Jaxer%20Apache/Jaxer/Apache2-4Build/jaxer/framework/src/HandlePage.js
  -> file:///E:/Aptana%20Jaxer%20Apache/Jaxer/Apache2-4Build/jaxer/framework/src/CoreEvents.js
  -> file:///E:/Aptana%20Jaxer%20Apache/Jaxer/Apache2-4Build/jaxer/components/aptEventHandler.js

01:10:22 12/24/2025 [ 32928] [TRACE] [JS Framework] [CallbackManager.processGlobalFunctions] source after: function xmlParse(xml) {
    var regex_empty = /\/$/;
    var regex_tagname;
    var regex_attribute;
    if (xml.match(/^<\?xml/)) {
        if (xml.search(new RegExp(XML10_VERSION_INFO)) == 5) {
            regex_tagname = XML10_TAGNAME_REGEXP;
            regex_attribute = XML10_ATTRIBUTE_REGEXP;
        } else if (xml.search(new RegExp(XML11_VERSION_INFO)) == 5) {
            regex_tagname = XML11_TAGNAME_REGEXP;
            regex_attribute = XML11_ATTRIBUTE_REGEXP;
        } else {
            alert("VersionInfo is missing, or unknown version number.");
        }
    } else {
        regex_tagname = XML10_TAGNAME_REGEXP;
        regex_attribute = XML10_ATTRIBUTE_REGEXP;
    }
    var xmldoc = new XDocument;
    var root = xmldoc;
    var stack = [];
    var parent = root;
    stack.push(parent);
    var slurp = "";
    var x = stringSplit(xml, "<");
    for (var i = 1; i < x.length; ++i) {
        var xx = stringSplit(x[i], ">");
        var tag = xx[0];
        var text = xmlResolveEntities(xx[1] || "");
        if (slurp) {
            var end = x[i].indexOf(slurp);
            if (end != -1) {
                var data = x[i].substring(0, end);
                parent.nodeValue += "<" + data;
                stack.pop();
                parent = stack[stack.length - 1];
                text = x[i].substring(end + slurp.length);
                slurp = "";
            } else {
                parent.nodeValue += "<" + x[i];
                text = null;
            }
        } else if (tag.indexOf("![CDATA[") == 0) {
            var start = "![CDATA[".length;
            var end = x[i].indexOf("]]>");
            if (end != -1) {
                var data = x[i].substring(start, end);
                var node = domCreateCDATASection(xmldoc, data);
                domAppendChild(parent, node);
            } else {
                var data = x[i].substring(start);
                text = null;
                var node = domCreateCDATASection(xmldoc, data);
                domAppendChild(parent, node);
                parent = node;
                stack.push(node);
                slurp = "]]>";
            }
        } else if (tag.indexOf("!--") == 0) {
            var start = "!--".length;
            var end = x[i].indexOf("-->");
            if (end != -1) {
                var data = x[i].substring(start, end);
                var node = domCreateComment(xmldoc, data);
                domAppendChild(parent, node);
            } else {
                var data = x[i].substring(start);
                text = null;
                var node = domCreateComment(xmldoc, data);
                domAppendChild(parent, node);
                parent = node;
                stack.push(node);
                slurp = "-->";
            }
        } else if (tag.charAt(0) == "/") {
            stack.pop();
            parent = stack[stack.length - 1];
        } else if (tag.charAt(0) == "?") {
        } else if (tag.charAt(0) == "!") {
        } else {
            var empty = tag.match(regex_empty);
            var tagname = regex_tagname.exec(tag)[1];
            var node = domCreateElement(xmldoc, tagname);
            var att;
            while (att = regex_attribute.exec(tag)) {
                var val = xmlResolveEntities(att[5] || att[7] || "");
                domSetAttribute(node, att[1], val);
            }
            domAppendChild(parent, node);
            if (!empty) {
                parent = node;
                stack.push(node);
            }
        }
        if (text && parent != root) {
            domAppendChild(parent, domCreateTextNode(xmldoc, text));
        }
    }
    return root;
}
stack:
  ->  [ModuleLogger.js:98] trace("source after: function xmlParse(xml) {\n    var regex_empty = /\\/$/;\n    var regex_tagname;\n    var regex_attribute;\n    if (xml.match(/^<\\?xml/)) {\n        if (xml.search(new RegExp(XML10_VERSION_INFO)) == 5) {\n            regex_tagname = XML10_TAGNAME_REGEXP;\n            regex_attribute = XML10_ATTRIBUTE_REGEXP;\n        } else if (xml.search(new RegExp(XML11_VERSION_INFO)) == 5) {\n            regex_tagname = XML11_TAGNAME_REGEXP;\n            regex_attribute = XML11_ATTRIBUTE_REGEXP;\n        } else {\n            alert(\"VersionInfo is missing, or unknown version number.\");\n        }\n    } else {\n        regex_tagname = XML10_TAGNAME_REGEXP;\n        regex_attribute = XML10_ATTRIBUTE_REGEXP;\n    }\n    var xmldoc = new XDocument;\n    var root = xmldoc;\n    var stack = [];\n    var parent = root;\n    stack.push(parent);\n    var slurp = \"\";\n    var x = stringSplit(xml, \"<\");\n    for (var i = 1; i < x.length; ++i) {\n        var xx = stringSplit(x[i], \">\");\n        var tag = xx[0];\n        var text = xmlResolveEntities(xx[1] || \"\");\n        if (slurp) {\n            var end = x[i].indexOf(slurp);\n            if (end != -1) {\n                var data = x[i].substring(0, end);\n                parent.nodeValue += \"<\" + data;\n                stack.pop();\n                parent = stack[stack.length - 1];\n                text = x[i].substring(end + slurp.length);\n                slurp = \"\";\n            } else {\n                parent.nodeValue += \"<\" + x[i];\n                text = null;\n            }\n        } else if (tag.indexOf(\"![CDATA[\") == 0) {\n            var start = \"![CDATA[\".length;\n            var end = x[i].indexOf(\"]]>\");\n            if (end != -1) {\n                var data = x[i].substring(start, end);\n                var node = domCreateCDATASection(xmldoc, data);\n                domAppendChild(parent, node);\n            } else {\n                var data = x[i].substring(start);\n                text = null;\n                var node = domCreateCDATASection(xmldoc, data);\n                domAppendChild(parent, node);\n                parent = node;\n                stack.push(node);\n                slurp = \"]]>\";\n            }\n        } else if (tag.indexOf(\"!--\") == 0) {\n            var start = \"!--\".length;\n            var end = x[i].indexOf(\"-->\");\n            if (end != -1) {\n                var data = x[i].substring(start, end);\n                var node = domCreateComment(xmldoc, data);\n                domAppendChild(parent, node);\n            } else {\n                var data = x[i].substring(start);\n                text = null;\n                var node = domCreateComment(xmldoc, data);\n                domAppendChild(parent, node);\n                parent = node;\n                stack.push(node);\n                slurp = \"-->\";\n            }\n        } else if (tag.charAt(0) == \"/\") {\n            stack.pop();\n            parent = stack[stack.length - 1];\n        } else if (tag.charAt(0) == \"?\") {\n        } else if (tag.charAt(0) == \"!\") {\n        } else {\n            var empty = tag.match(regex_empty);\n            var tagname = regex_tagname.exec(tag)[1];\n            var node = domCreateElement(xmldoc, tagname);\n            var att;\n            while (att = regex_attribute.exec(tag)) {\n                var val = xmlResolveEntities(att[5] || att[7] || \"\");\n                domSetAttribute(node, att[1], val);\n            }\n            domAppendChild(parent, node);\n            if (!empty) {\n                parent = node;\n                stack.push(node);\n            }\n        }\n        if (text && parent != root) {\n            domAppendChild(parent, domCreateTextNode(xmldoc, text));\n        }\n    }\n    return root;\n}")
  ->  [CallbackManager.js:431] processGlobalFunctions([object Object])
  ->  [CallbackManager.js:70] processCallbacks([object HTMLDocument])
  ->  [HandlePage.js:63] onHandlePage([object XPCWrappedNative_NoHelper],[object HTMLDocument])
  ->  [CoreEvents.js:293] fireEvent("HANDLE_PAGE",[object Array])
  ->  [CoreEvents.js:234] fire("PARSE_COMPLETE",[object XPCWrappedNative_NoHelper],[object HTMLDocument])
  ->  [aptEventHandler.js:337] observe([object XPCWrappedNative_NoHelper],"jaxerEvent.HTMLParseComplete",null)
paths:
  -> file:///E:/Aptana%20Jaxer%20Apache/Jaxer/Apache2-4Build/jaxer/framework/src/ModuleLogger.js
  -> file:///E:/Aptana%20Jaxer%20Apache/Jaxer/Apache2-4Build/jaxer/framework/src/CallbackManager.js
  -> file:///E:/Aptana%20Jaxer%20Apache/Jaxer/Apache2-4Build/jaxer/framework/src/HandlePage.js
  -> file:///E:/Aptana%20Jaxer%20Apache/Jaxer/Apache2-4Build/jaxer/framework/src/CoreEvents.js
  -> file:///E:/Aptana%20Jaxer%20Apache/Jaxer/Apache2-4Build/jaxer/components/aptEventHandler.js

01:10:22 12/24/2025 [ 32928] [DEBUG] [JS Framework] [CallbackManager.processGlobalFunctions] Processing global function 'xmlParse' with runat=server, proxy=false, effectiveRunat=server
stack:
  ->  [ModuleLogger.js:98] debug("Processing global function 'xmlParse' with runat=server, proxy=false, effectiveRunat=server")
  ->  [CallbackManager.js:452] processGlobalFunctions([object Object])
  ->  [CallbackManager.js:70] processCallbacks([object HTMLDocument])
  ->  [HandlePage.js:63] onHandlePage([object XPCWrappedNative_NoHelper],[object HTMLDocument])
  ->  [CoreEvents.js:293] fireEvent("HANDLE_PAGE",[object Array])
  ->  [CoreEvents.js:234] fire("PARSE_COMPLETE",[object XPCWrappedNative_NoHelper],[object HTMLDocument])
  ->  [aptEventHandler.js:337] observe([object XPCWrappedNative_NoHelper],"jaxerEvent.HTMLParseComplete",null)
paths:
  -> file:///E:/Aptana%20Jaxer%20Apache/Jaxer/Apache2-4Build/jaxer/framework/src/ModuleLogger.js
  -> file:///E:/Aptana%20Jaxer%20Apache/Jaxer/Apache2-4Build/jaxer/framework/src/CallbackManager.js
  -> file:///E:/Aptana%20Jaxer%20Apache/Jaxer/Apache2-4Build/jaxer/framework/src/HandlePage.js
  -> file:///E:/Aptana%20Jaxer%20Apache/Jaxer/Apache2-4Build/jaxer/framework/src/CoreEvents.js
  -> file:///E:/Aptana%20Jaxer%20Apache/Jaxer/Apache2-4Build/jaxer/components/aptEventHandler.js

01:10:22 12/24/2025 [ 32928] [TRACE] [JS Framework] [CallbackManager.processGlobalFunctions] For runatFunctions member domTraverseElements: handledInScripts.hasOwnProperty=false; typeof candidate: function
stack:
  ->  [ModuleLogger.js:98] trace("For runatFunctions member domTraverseElements: handledInScripts.hasOwnProperty=false; typeof candidate: function")
  ->  [CallbackManager.js:410] processGlobalFunctions([object Object])
  ->  [CallbackManager.js:70] processCallbacks([object HTMLDocument])
  ->  [HandlePage.js:63] onHandlePage([object XPCWrappedNative_NoHelper],[object HTMLDocument])
  ->  [CoreEvents.js:293] fireEvent("HANDLE_PAGE",[object Array])
  ->  [CoreEvents.js:234] fire("PARSE_COMPLETE",[object XPCWrappedNative_NoHelper],[object HTMLDocument])
  ->  [aptEventHandler.js:337] observe([object XPCWrappedNative_NoHelper],"jaxerEvent.HTMLParseComplete",null)
paths:
  -> file:///E:/Aptana%20Jaxer%20Apache/Jaxer/Apache2-4Build/jaxer/framework/src/ModuleLogger.js
  -> file:///E:/Aptana%20Jaxer%20Apache/Jaxer/Apache2-4Build/jaxer/framework/src/CallbackManager.js
  -> file:///E:/Aptana%20Jaxer%20Apache/Jaxer/Apache2-4Build/jaxer/framework/src/HandlePage.js
  -> file:///E:/Aptana%20Jaxer%20Apache/Jaxer/Apache2-4Build/jaxer/framework/src/CoreEvents.js
  -> file:///E:/Aptana%20Jaxer%20Apache/Jaxer/Apache2-4Build/jaxer/components/aptEventHandler.js

01:10:22 12/24/2025 [ 32928] [TRACE] [JS Framework] [CallbackManager.processGlobalFunctions] source before: function domTraverseElements(node, opt_pre, opt_post) {
    var ret;
    if (opt_pre) {
        ret = opt_pre.call(null, node);
        if (typeof ret == "boolean" && !ret) {
            return false;
        }
    }
    for (var c = node.firstChild; c; c = c.nextSibling) {
        if (c.nodeType == DOM_ELEMENT_NODE) {
            ret = arguments.callee.call(this, c, opt_pre, opt_post);
            if (typeof ret == "boolean" && !ret) {
                return false;
            }
        }
    }
    if (opt_post) {
        ret = opt_post.call(null, node);
        if (typeof ret == "boolean" && !ret) {
            return false;
        }
    }
}
stack:
  ->  [ModuleLogger.js:98] trace("source before: function domTraverseElements(node, opt_pre, opt_post) {\n    var ret;\n    if (opt_pre) {\n        ret = opt_pre.call(null, node);\n        if (typeof ret == \"boolean\" && !ret) {\n            return false;\n        }\n    }\n    for (var c = node.firstChild; c; c = c.nextSibling) {\n        if (c.nodeType == DOM_ELEMENT_NODE) {\n            ret = arguments.callee.call(this, c, opt_pre, opt_post);\n            if (typeof ret == \"boolean\" && !ret) {\n                return false;\n            }\n        }\n    }\n    if (opt_post) {\n        ret = opt_post.call(null, node);\n        if (typeof ret == \"boolean\" && !ret) {\n            return false;\n        }\n    }\n}")
  ->  [CallbackManager.js:422] processGlobalFunctions([object Object])
  ->  [CallbackManager.js:70] processCallbacks([object HTMLDocument])
  ->  [HandlePage.js:63] onHandlePage([object XPCWrappedNative_NoHelper],[object HTMLDocument])
  ->  [CoreEvents.js:293] fireEvent("HANDLE_PAGE",[object Array])
  ->  [CoreEvents.js:234] fire("PARSE_COMPLETE",[object XPCWrappedNative_NoHelper],[object HTMLDocument])
  ->  [aptEventHandler.js:337] observe([object XPCWrappedNative_NoHelper],"jaxerEvent.HTMLParseComplete",null)
paths:
  -> file:///E:/Aptana%20Jaxer%20Apache/Jaxer/Apache2-4Build/jaxer/framework/src/ModuleLogger.js
  -> file:///E:/Aptana%20Jaxer%20Apache/Jaxer/Apache2-4Build/jaxer/framework/src/CallbackManager.js
  -> file:///E:/Aptana%20Jaxer%20Apache/Jaxer/Apache2-4Build/jaxer/framework/src/HandlePage.js
  -> file:///E:/Aptana%20Jaxer%20Apache/Jaxer/Apache2-4Build/jaxer/framework/src/CoreEvents.js
  -> file:///E:/Aptana%20Jaxer%20Apache/Jaxer/Apache2-4Build/jaxer/components/aptEventHandler.js

01:10:22 12/24/2025 [ 32928] [TRACE] [JS Framework] [CallbackManager.processGlobalFunctions] source after: function domTraverseElements(node, opt_pre, opt_post) {
    var ret;
    if (opt_pre) {
        ret = opt_pre.call(null, node);
        if (typeof ret == "boolean" && !ret) {
            return false;
        }
    }
    for (var c = node.firstChild; c; c = c.nextSibling) {
        if (c.nodeType == DOM_ELEMENT_NODE) {
            ret = arguments.callee.call(this, c, opt_pre, opt_post);
            if (typeof ret == "boolean" && !ret) {
                return false;
            }
        }
    }
    if (opt_post) {
        ret = opt_post.call(null, node);
        if (typeof ret == "boolean" && !ret) {
            return false;
        }
    }
}
stack:
  ->  [ModuleLogger.js:98] trace("source after: function domTraverseElements(node, opt_pre, opt_post) {\n    var ret;\n    if (opt_pre) {\n        ret = opt_pre.call(null, node);\n        if (typeof ret == \"boolean\" && !ret) {\n            return false;\n        }\n    }\n    for (var c = node.firstChild; c; c = c.nextSibling) {\n        if (c.nodeType == DOM_ELEMENT_NODE) {\n            ret = arguments.callee.call(this, c, opt_pre, opt_post);\n            if (typeof ret == \"boolean\" && !ret) {\n                return false;\n            }\n        }\n    }\n    if (opt_post) {\n        ret = opt_post.call(null, node);\n        if (typeof ret == \"boolean\" && !ret) {\n            return false;\n        }\n    }\n}")
  ->  [CallbackManager.js:431] processGlobalFunctions([object Object])
  ->  [CallbackManager.js:70] processCallbacks([object HTMLDocument])
  ->  [HandlePage.js:63] onHandlePage([object XPCWrappedNative_NoHelper],[object HTMLDocument])
  ->  [CoreEvents.js:293] fireEvent("HANDLE_PAGE",[object Array])
  ->  [CoreEvents.js:234] fire("PARSE_COMPLETE",[object XPCWrappedNative_NoHelper],[object HTMLDocument])
  ->  [aptEventHandler.js:337] observe([object XPCWrappedNative_NoHelper],"jaxerEvent.HTMLParseComplete",null)
paths:
  -> file:///E:/Aptana%20Jaxer%20Apache/Jaxer/Apache2-4Build/jaxer/framework/src/ModuleLogger.js
  -> file:///E:/Aptana%20Jaxer%20Apache/Jaxer/Apache2-4Build/jaxer/framework/src/CallbackManager.js
  -> file:///E:/Aptana%20Jaxer%20Apache/Jaxer/Apache2-4Build/jaxer/framework/src/HandlePage.js
  -> file:///E:/Aptana%20Jaxer%20Apache/Jaxer/Apache2-4Build/jaxer/framework/src/CoreEvents.js
  -> file:///E:/Aptana%20Jaxer%20Apache/Jaxer/Apache2-4Build/jaxer/components/aptEventHandler.js

01:10:22 12/24/2025 [ 32928] [DEBUG] [JS Framework] [CallbackManager.processGlobalFunctions] Processing global function 'domTraverseElements' with runat=server, proxy=false, effectiveRunat=server
stack:
  ->  [ModuleLogger.js:98] debug("Processing global function 'domTraverseElements' with runat=server, proxy=false, effectiveRunat=server")
  ->  [CallbackManager.js:452] processGlobalFunctions([object Object])
  ->  [CallbackManager.js:70] processCallbacks([object HTMLDocument])
  ->  [HandlePage.js:63] onHandlePage([object XPCWrappedNative_NoHelper],[object HTMLDocument])
  ->  [CoreEvents.js:293] fireEvent("HANDLE_PAGE",[object Array])
  ->  [CoreEvents.js:234] fire("PARSE_COMPLETE",[object XPCWrappedNative_NoHelper],[object HTMLDocument])
  ->  [aptEventHandler.js:337] observe([object XPCWrappedNative_NoHelper],"jaxerEvent.HTMLParseComplete",null)
paths:
  -> file:///E:/Aptana%20Jaxer%20Apache/Jaxer/Apache2-4Build/jaxer/framework/src/ModuleLogger.js
  -> file:///E:/Aptana%20Jaxer%20Apache/Jaxer/Apache2-4Build/jaxer/framework/src/CallbackManager.js
  -> file:///E:/Aptana%20Jaxer%20Apache/Jaxer/Apache2-4Build/jaxer/framework/src/HandlePage.js
  -> file:///E:/Aptana%20Jaxer%20Apache/Jaxer/Apache2-4Build/jaxer/framework/src/CoreEvents.js
  -> file:///E:/Aptana%20Jaxer%20Apache/Jaxer/Apache2-4Build/jaxer/components/aptEventHandler.js

01:10:22 12/24/2025 [ 32928] [TRACE] [JS Framework] [CallbackManager.processGlobalFunctions] For runatFunctions member XNode: handledInScripts.hasOwnProperty=false; typeof candidate: function
stack:
  ->  [ModuleLogger.js:98] trace("For runatFunctions member XNode: handledInScripts.hasOwnProperty=false; typeof candidate: function")
  ->  [CallbackManager.js:410] processGlobalFunctions([object Object])
  ->  [CallbackManager.js:70] processCallbacks([object HTMLDocument])
  ->  [HandlePage.js:63] onHandlePage([object XPCWrappedNative_NoHelper],[object HTMLDocument])
  ->  [CoreEvents.js:293] fireEvent("HANDLE_PAGE",[object Array])
  ->  [CoreEvents.js:234] fire("PARSE_COMPLETE",[object XPCWrappedNative_NoHelper],[object HTMLDocument])
  ->  [aptEventHandler.js:337] observe([object XPCWrappedNative_NoHelper],"jaxerEvent.HTMLParseComplete",null)
paths:
  -> file:///E:/Aptana%20Jaxer%20Apache/Jaxer/Apache2-4Build/jaxer/framework/src/ModuleLogger.js
  -> file:///E:/Aptana%20Jaxer%20Apache/Jaxer/Apache2-4Build/jaxer/framework/src/CallbackManager.js
  -> file:///E:/Aptana%20Jaxer%20Apache/Jaxer/Apache2-4Build/jaxer/framework/src/HandlePage.js
  -> file:///E:/Aptana%20Jaxer%20Apache/Jaxer/Apache2-4Build/jaxer/framework/src/CoreEvents.js
  -> file:///E:/Aptana%20Jaxer%20Apache/Jaxer/Apache2-4Build/jaxer/components/aptEventHandler.js

01:10:22 12/24/2025 [ 32928] [TRACE] [JS Framework] [CallbackManager.processGlobalFunctions] source before: function XNode(type, name, opt_value, opt_owner) {
    this.attributes = [];
    this.childNodes = [];
    XNode.init.call(this, type, name, opt_value, opt_owner);
}
stack:
  ->  [ModuleLogger.js:98] trace("source before: function XNode(type, name, opt_value, opt_owner) {\n    this.attributes = [];\n    this.childNodes = [];\n    XNode.init.call(this, type, name, opt_value, opt_owner);\n}")
  ->  [CallbackManager.js:422] processGlobalFunctions([object Object])
  ->  [CallbackManager.js:70] processCallbacks([object HTMLDocument])
  ->  [HandlePage.js:63] onHandlePage([object XPCWrappedNative_NoHelper],[object HTMLDocument])
  ->  [CoreEvents.js:293] fireEvent("HANDLE_PAGE",[object Array])
  ->  [CoreEvents.js:234] fire("PARSE_COMPLETE",[object XPCWrappedNative_NoHelper],[object HTMLDocument])
  ->  [aptEventHandler.js:337] observe([object XPCWrappedNative_NoHelper],"jaxerEvent.HTMLParseComplete",null)
paths:
  -> file:///E:/Aptana%20Jaxer%20Apache/Jaxer/Apache2-4Build/jaxer/framework/src/ModuleLogger.js
  -> file:///E:/Aptana%20Jaxer%20Apache/Jaxer/Apache2-4Build/jaxer/framework/src/CallbackManager.js
  -> file:///E:/Aptana%20Jaxer%20Apache/Jaxer/Apache2-4Build/jaxer/framework/src/HandlePage.js
  -> file:///E:/Aptana%20Jaxer%20Apache/Jaxer/Apache2-4Build/jaxer/framework/src/CoreEvents.js
  -> file:///E:/Aptana%20Jaxer%20Apache/Jaxer/Apache2-4Build/jaxer/components/aptEventHandler.js

01:10:22 12/24/2025 [ 32928] [TRACE] [JS Framework] [CallbackManager.processGlobalFunctions] source after: function XNode(type, name, opt_value, opt_owner) {
    this.attributes = [];
    this.childNodes = [];
    XNode.init.call(this, type, name, opt_value, opt_owner);
}
stack:
  ->  [ModuleLogger.js:98] trace("source after: function XNode(type, name, opt_value, opt_owner) {\n    this.attributes = [];\n    this.childNodes = [];\n    XNode.init.call(this, type, name, opt_value, opt_owner);\n}")
  ->  [CallbackManager.js:431] processGlobalFunctions([object Object])
  ->  [CallbackManager.js:70] processCallbacks([object HTMLDocument])
  ->  [HandlePage.js:63] onHandlePage([object XPCWrappedNative_NoHelper],[object HTMLDocument])
  ->  [CoreEvents.js:293] fireEvent("HANDLE_PAGE",[object Array])
  ->  [CoreEvents.js:234] fire("PARSE_COMPLETE",[object XPCWrappedNative_NoHelper],[object HTMLDocument])
  ->  [aptEventHandler.js:337] observe([object XPCWrappedNative_NoHelper],"jaxerEvent.HTMLParseComplete",null)
paths:
  -> file:///E:/Aptana%20Jaxer%20Apache/Jaxer/Apache2-4Build/jaxer/framework/src/ModuleLogger.js
  -> file:///E:/Aptana%20Jaxer%20Apache/Jaxer/Apache2-4Build/jaxer/framework/src/CallbackManager.js
  -> file:///E:/Aptana%20Jaxer%20Apache/Jaxer/Apache2-4Build/jaxer/framework/src/HandlePage.js
  -> file:///E:/Aptana%20Jaxer%20Apache/Jaxer/Apache2-4Build/jaxer/framework/src/CoreEvents.js
  -> file:///E:/Aptana%20Jaxer%20Apache/Jaxer/Apache2-4Build/jaxer/components/aptEventHandler.js

01:10:22 12/24/2025 [ 32928] [DEBUG] [JS Framework] [CallbackManager.processGlobalFunctions] Processing global function 'XNode' with runat=server, proxy=false, effectiveRunat=server
stack:
  ->  [ModuleLogger.js:98] debug("Processing global function 'XNode' with runat=server, proxy=false, effectiveRunat=server")
  ->  [CallbackManager.js:452] processGlobalFunctions([object Object])
  ->  [CallbackManager.js:70] processCallbacks([object HTMLDocument])
  ->  [HandlePage.js:63] onHandlePage([object XPCWrappedNative_NoHelper],[object HTMLDocument])
  ->  [CoreEvents.js:293] fireEvent("HANDLE_PAGE",[object Array])
  ->  [CoreEvents.js:234] fire("PARSE_COMPLETE",[object XPCWrappedNative_NoHelper],[object HTMLDocument])
  ->  [aptEventHandler.js:337] observe([object XPCWrappedNative_NoHelper],"jaxerEvent.HTMLParseComplete",null)
paths:
  -> file:///E:/Aptana%20Jaxer%20Apache/Jaxer/Apache2-4Build/jaxer/framework/src/ModuleLogger.js
  -> file:///E:/Aptana%20Jaxer%20Apache/Jaxer/Apache2-4Build/jaxer/framework/src/CallbackManager.js
  -> file:///E:/Aptana%20Jaxer%20Apache/Jaxer/Apache2-4Build/jaxer/framework/src/HandlePage.js
  -> file:///E:/Aptana%20Jaxer%20Apache/Jaxer/Apache2-4Build/jaxer/framework/src/CoreEvents.js
  -> file:///E:/Aptana%20Jaxer%20Apache/Jaxer/Apache2-4Build/jaxer/components/aptEventHandler.js

01:10:22 12/24/2025 [ 32928] [TRACE] [JS Framework] [CallbackManager.processGlobalFunctions] For runatFunctions member XDocument: handledInScripts.hasOwnProperty=false; typeof candidate: function
stack:
  ->  [ModuleLogger.js:98] trace("For runatFunctions member XDocument: handledInScripts.hasOwnProperty=false; typeof candidate: function")
  ->  [CallbackManager.js:410] processGlobalFunctions([object Object])
  ->  [CallbackManager.js:70] processCallbacks([object HTMLDocument])
  ->  [HandlePage.js:63] onHandlePage([object XPCWrappedNative_NoHelper],[object HTMLDocument])
  ->  [CoreEvents.js:293] fireEvent("HANDLE_PAGE",[object Array])
  ->  [CoreEvents.js:234] fire("PARSE_COMPLETE",[object XPCWrappedNative_NoHelper],[object HTMLDocument])
  ->  [aptEventHandler.js:337] observe([object XPCWrappedNative_NoHelper],"jaxerEvent.HTMLParseComplete",null)
paths:
  -> file:///E:/Aptana%20Jaxer%20Apache/Jaxer/Apache2-4Build/jaxer/framework/src/ModuleLogger.js
  -> file:///E:/Aptana%20Jaxer%20Apache/Jaxer/Apache2-4Build/jaxer/framework/src/CallbackManager.js
  -> file:///E:/Aptana%20Jaxer%20Apache/Jaxer/Apache2-4Build/jaxer/framework/src/HandlePage.js
  -> file:///E:/Aptana%20Jaxer%20Apache/Jaxer/Apache2-4Build/jaxer/framework/src/CoreEvents.js
  -> file:///E:/Aptana%20Jaxer%20Apache/Jaxer/Apache2-4Build/jaxer/components/aptEventHandler.js

01:10:22 12/24/2025 [ 32928] [TRACE] [JS Framework] [CallbackManager.processGlobalFunctions] source before: function XDocument() {
    XNode.call(this, DOM_DOCUMENT_NODE, "#document", null, null);
    this.documentElement = null;
}
stack:
  ->  [ModuleLogger.js:98] trace("source before: function XDocument() {\n    XNode.call(this, DOM_DOCUMENT_NODE, \"#document\", null, null);\n    this.documentElement = null;\n}")
  ->  [CallbackManager.js:422] processGlobalFunctions([object Object])
  ->  [CallbackManager.js:70] processCallbacks([object HTMLDocument])
  ->  [HandlePage.js:63] onHandlePage([object XPCWrappedNative_NoHelper],[object HTMLDocument])
  ->  [CoreEvents.js:293] fireEvent("HANDLE_PAGE",[object Array])
  ->  [CoreEvents.js:234] fire("PARSE_COMPLETE",[object XPCWrappedNative_NoHelper],[object HTMLDocument])
  ->  [aptEventHandler.js:337] observe([object XPCWrappedNative_NoHelper],"jaxerEvent.HTMLParseComplete",null)
paths:
  -> file:///E:/Aptana%20Jaxer%20Apache/Jaxer/Apache2-4Build/jaxer/framework/src/ModuleLogger.js
  -> file:///E:/Aptana%20Jaxer%20Apache/Jaxer/Apache2-4Build/jaxer/framework/src/CallbackManager.js
  -> file:///E:/Aptana%20Jaxer%20Apache/Jaxer/Apache2-4Build/jaxer/framework/src/HandlePage.js
  -> file:///E:/Aptana%20Jaxer%20Apache/Jaxer/Apache2-4Build/jaxer/framework/src/CoreEvents.js
  -> file:///E:/Aptana%20Jaxer%20Apache/Jaxer/Apache2-4Build/jaxer/components/aptEventHandler.js

01:10:22 12/24/2025 [ 32928] [TRACE] [JS Framework] [CallbackManager.processGlobalFunctions] source after: function XDocument() {
    XNode.call(this, DOM_DOCUMENT_NODE, "#document", null, null);
    this.documentElement = null;
}
stack:
  ->  [ModuleLogger.js:98] trace("source after: function XDocument() {\n    XNode.call(this, DOM_DOCUMENT_NODE, \"#document\", null, null);\n    this.documentElement = null;\n}")
  ->  [CallbackManager.js:431] processGlobalFunctions([object Object])
  ->  [CallbackManager.js:70] processCallbacks([object HTMLDocument])
  ->  [HandlePage.js:63] onHandlePage([object XPCWrappedNative_NoHelper],[object HTMLDocument])
  ->  [CoreEvents.js:293] fireEvent("HANDLE_PAGE",[object Array])
  ->  [CoreEvents.js:234] fire("PARSE_COMPLETE",[object XPCWrappedNative_NoHelper],[object HTMLDocument])
  ->  [aptEventHandler.js:337] observe([object XPCWrappedNative_NoHelper],"jaxerEvent.HTMLParseComplete",null)
paths:
  -> file:///E:/Aptana%20Jaxer%20Apache/Jaxer/Apache2-4Build/jaxer/framework/src/ModuleLogger.js
  -> file:///E:/Aptana%20Jaxer%20Apache/Jaxer/Apache2-4Build/jaxer/framework/src/CallbackManager.js
  -> file:///E:/Aptana%20Jaxer%20Apache/Jaxer/Apache2-4Build/jaxer/framework/src/HandlePage.js
  -> file:///E:/Aptana%20Jaxer%20Apache/Jaxer/Apache2-4Build/jaxer/framework/src/CoreEvents.js
  -> file:///E:/Aptana%20Jaxer%20Apache/Jaxer/Apache2-4Build/jaxer/components/aptEventHandler.js

01:10:22 12/24/2025 [ 32928] [DEBUG] [JS Framework] [CallbackManager.processGlobalFunctions] Processing global function 'XDocument' with runat=server, proxy=false, effectiveRunat=server
stack:
  ->  [ModuleLogger.js:98] debug("Processing global function 'XDocument' with runat=server, proxy=false, effectiveRunat=server")
  ->  [CallbackManager.js:452] processGlobalFunctions([object Object])
  ->  [CallbackManager.js:70] processCallbacks([object HTMLDocument])
  ->  [HandlePage.js:63] onHandlePage([object XPCWrappedNative_NoHelper],[object HTMLDocument])
  ->  [CoreEvents.js:293] fireEvent("HANDLE_PAGE",[object Array])
  ->  [CoreEvents.js:234] fire("PARSE_COMPLETE",[object XPCWrappedNative_NoHelper],[object HTMLDocument])
  ->  [aptEventHandler.js:337] observe([object XPCWrappedNative_NoHelper],"jaxerEvent.HTMLParseComplete",null)
paths:
  -> file:///E:/Aptana%20Jaxer%20Apache/Jaxer/Apache2-4Build/jaxer/framework/src/ModuleLogger.js
  -> file:///E:/Aptana%20Jaxer%20Apache/Jaxer/Apache2-4Build/jaxer/framework/src/CallbackManager.js
  -> file:///E:/Aptana%20Jaxer%20Apache/Jaxer/Apache2-4Build/jaxer/framework/src/HandlePage.js
  -> file:///E:/Aptana%20Jaxer%20Apache/Jaxer/Apache2-4Build/jaxer/framework/src/CoreEvents.js
  -> file:///E:/Aptana%20Jaxer%20Apache/Jaxer/Apache2-4Build/jaxer/components/aptEventHandler.js

01:10:22 12/24/2025 [ 32928] [TRACE] [JS Framework] [CallbackManager.processGlobalFunctions] For runatFunctions member xpathParse: handledInScripts.hasOwnProperty=false; typeof candidate: function
stack:
  ->  [ModuleLogger.js:98] trace("For runatFunctions member xpathParse: handledInScripts.hasOwnProperty=false; typeof candidate: function")
  ->  [CallbackManager.js:410] processGlobalFunctions([object Object])
  ->  [CallbackManager.js:70] processCallbacks([object HTMLDocument])
  ->  [HandlePage.js:63] onHandlePage([object XPCWrappedNative_NoHelper],[object HTMLDocument])
  ->  [CoreEvents.js:293] fireEvent("HANDLE_PAGE",[object Array])
  ->  [CoreEvents.js:234] fire("PARSE_COMPLETE",[object XPCWrappedNative_NoHelper],[object HTMLDocument])
  ->  [aptEventHandler.js:337] observe([object XPCWrappedNative_NoHelper],"jaxerEvent.HTMLParseComplete",null)
paths:
  -> file:///E:/Aptana%20Jaxer%20Apache/Jaxer/Apache2-4Build/jaxer/framework/src/ModuleLogger.js
  -> file:///E:/Aptana%20Jaxer%20Apache/Jaxer/Apache2-4Build/jaxer/framework/src/CallbackManager.js
  -> file:///E:/Aptana%20Jaxer%20Apache/Jaxer/Apache2-4Build/jaxer/framework/src/HandlePage.js
  -> file:///E:/Aptana%20Jaxer%20Apache/Jaxer/Apache2-4Build/jaxer/framework/src/CoreEvents.js
  -> file:///E:/Aptana%20Jaxer%20Apache/Jaxer/Apache2-4Build/jaxer/components/aptEventHandler.js

01:10:22 12/24/2025 [ 32928] [TRACE] [JS Framework] [CallbackManager.processGlobalFunctions] source before: function xpathParse(expr) {
    xpathLog("parse " + expr);
    xpathParseInit();
    var cached = xpathCacheLookup(expr);
    if (cached) {
        xpathLog(" ... cached");
        return cached;
    }
    if (expr.match(/^(\$|@)?\w+$/i)) {
        var ret = makeSimpleExpr(expr);
        xpathParseCache[expr] = ret;
        xpathLog(" ... simple");
        return ret;
    }
    if (expr.match(/^\w+(\/\w+)*$/i)) {
        var ret = makeSimpleExpr2(expr);
        xpathParseCache[expr] = ret;
        xpathLog(" ... simple 2");
        return ret;
    }
    var cachekey = expr;
    var stack = [];
    var ahead = null;
    var previous = null;
    var done = false;
    var parse_count = 0;
    var lexer_count = 0;
    var reduce_count = 0;
    while (!done) {
        parse_count++;
        expr = expr.replace(/^\s*/, "");
        previous = ahead;
        ahead = null;
        var rule = null;
        var match = "";
        for (var i = 0; i < xpathTokenRules.length; ++i) {
            var result = xpathTokenRules[i].re.exec(expr);
            lexer_count++;
            if (result &&
                result.length > 0 && result[0].length > match.length) {
                rule = xpathTokenRules[i];
                match = result[0];
                break;
            }
        }
        if (rule &&
            (rule == TOK_DIV ||
            rule == TOK_MOD || rule == TOK_AND || rule == TOK_OR) &&
            (!previous ||
            previous.tag == TOK_AT ||
            previous.tag == TOK_DSLASH ||
            previous.tag == TOK_SLASH ||
            previous.tag == TOK_AXIS || previous.tag == TOK_DOLLAR)) {
            rule = TOK_QNAME;
        }
        if (rule) {
            expr = expr.substr(match.length);
            xpathLog("token: " + match + " -- " + rule.label);
            ahead = {tag: rule, match: match, prec: rule.prec ? rule.prec : 0, expr: makeTokenExpr(match)};
        } else {
            xpathLog("DONE");
            done = true;
        }
        while (xpathReduce(stack, ahead)) {
            reduce_count++;
            xpathLog("stack: " + stackToString(stack));
        }
    }
    xpathLog("stack: " + stackToString(stack));
    if (stack.length != 1) {
        throw "XPath parse error " + cachekey + ":\n" + stackToString(stack);
    }
    var result = stack[0].expr;
    xpathParseCache[cachekey] = result;
    xpathLog("XPath parse: " + parse_count + " / " + lexer_count + " / " + reduce_count);
    return result;
}
stack:
  ->  [ModuleLogger.js:98] trace("source before: function xpathParse(expr) {\n    xpathLog(\"parse \" + expr);\n    xpathParseInit();\n    var cached = xpathCacheLookup(expr);\n    if (cached) {\n        xpathLog(\" ... cached\");\n        return cached;\n    }\n    if (expr.match(/^(\\$|@)?\\w+$/i)) {\n        var ret = makeSimpleExpr(expr);\n        xpathParseCache[expr] = ret;\n        xpathLog(\" ... simple\");\n        return ret;\n    }\n    if (expr.match(/^\\w+(\\/\\w+)*$/i)) {\n        var ret = makeSimpleExpr2(expr);\n        xpathParseCache[expr] = ret;\n        xpathLog(\" ... simple 2\");\n        return ret;\n    }\n    var cachekey = expr;\n    var stack = [];\n    var ahead = null;\n    var previous = null;\n    var done = false;\n    var parse_count = 0;\n    var lexer_count = 0;\n    var reduce_count = 0;\n    while (!done) {\n        parse_count++;\n        expr = expr.replace(/^\\s*/, \"\");\n        previous = ahead;\n        ahead = null;\n        var rule = null;\n        var match = \"\";\n        for (var i = 0; i < xpathTokenRules.length; ++i) {\n            var result = xpathTokenRules[i].re.exec(expr);\n            lexer_count++;\n            if (result &&\n                result.length > 0 && result[0].length > match.length) {\n                rule = xpathTokenRules[i];\n                match = result[0];\n                break;\n            }\n        }\n        if (rule &&\n            (rule == TOK_DIV ||\n            rule == TOK_MOD || rule == TOK_AND || rule == TOK_OR) &&\n            (!previous ||\n            previous.tag == TOK_AT ||\n            previous.tag == TOK_DSLASH ||\n            previous.tag == TOK_SLASH ||\n            previous.tag == TOK_AXIS || previous.tag == TOK_DOLLAR)) {\n            rule = TOK_QNAME;\n        }\n        if (rule) {\n            expr = expr.substr(match.length);\n            xpathLog(\"token: \" + match + \" -- \" + rule.label);\n            ahead = {tag: rule, match: match, prec: rule.prec ? rule.prec : 0, expr: makeTokenExpr(match)};\n        } else {\n            xpathLog(\"DONE\");\n            done = true;\n        }\n        while (xpathReduce(stack, ahead)) {\n            reduce_count++;\n            xpathLog(\"stack: \" + stackToString(stack));\n        }\n    }\n    xpathLog(\"stack: \" + stackToString(stack));\n    if (stack.length != 1) {\n        throw \"XPath parse error \" + cachekey + \":\\n\" + stackToString(stack);\n    }\n    var result = stack[0].expr;\n    xpathParseCache[cachekey] = result;\n    xpathLog(\"XPath parse: \" + parse_count + \" / \" + lexer_count + \" / \" + reduce_count);\n    return result;\n}")
  ->  [CallbackManager.js:422] processGlobalFunctions([object Object])
  ->  [CallbackManager.js:70] processCallbacks([object HTMLDocument])
  ->  [HandlePage.js:63] onHandlePage([object XPCWrappedNative_NoHelper],[object HTMLDocument])
  ->  [CoreEvents.js:293] fireEvent("HANDLE_PAGE",[object Array])
  ->  [CoreEvents.js:234] fire("PARSE_COMPLETE",[object XPCWrappedNative_NoHelper],[object HTMLDocument])
  ->  [aptEventHandler.js:337] observe([object XPCWrappedNative_NoHelper],"jaxerEvent.HTMLParseComplete",null)
paths:
  -> file:///E:/Aptana%20Jaxer%20Apache/Jaxer/Apache2-4Build/jaxer/framework/src/ModuleLogger.js
  -> file:///E:/Aptana%20Jaxer%20Apache/Jaxer/Apache2-4Build/jaxer/framework/src/CallbackManager.js
  -> file:///E:/Aptana%20Jaxer%20Apache/Jaxer/Apache2-4Build/jaxer/framework/src/HandlePage.js
  -> file:///E:/Aptana%20Jaxer%20Apache/Jaxer/Apache2-4Build/jaxer/framework/src/CoreEvents.js
  -> file:///E:/Aptana%20Jaxer%20Apache/Jaxer/Apache2-4Build/jaxer/components/aptEventHandler.js

01:10:22 12/24/2025 [ 32928] [TRACE] [JS Framework] [CallbackManager.processGlobalFunctions] source after: function xpathParse(expr) {
    xpathLog("parse " + expr);
    xpathParseInit();
    var cached = xpathCacheLookup(expr);
    if (cached) {
        xpathLog(" ... cached");
        return cached;
    }
    if (expr.match(/^(\$|@)?\w+$/i)) {
        var ret = makeSimpleExpr(expr);
        xpathParseCache[expr] = ret;
        xpathLog(" ... simple");
        return ret;
    }
    if (expr.match(/^\w+(\/\w+)*$/i)) {
        var ret = makeSimpleExpr2(expr);
        xpathParseCache[expr] = ret;
        xpathLog(" ... simple 2");
        return ret;
    }
    var cachekey = expr;
    var stack = [];
    var ahead = null;
    var previous = null;
    var done = false;
    var parse_count = 0;
    var lexer_count = 0;
    var reduce_count = 0;
    while (!done) {
        parse_count++;
        expr = expr.replace(/^\s*/, "");
        previous = ahead;
        ahead = null;
        var rule = null;
        var match = "";
        for (var i = 0; i < xpathTokenRules.length; ++i) {
            var result = xpathTokenRules[i].re.exec(expr);
            lexer_count++;
            if (result &&
                result.length > 0 && result[0].length > match.length) {
                rule = xpathTokenRules[i];
                match = result[0];
                break;
            }
        }
        if (rule &&
            (rule == TOK_DIV ||
            rule == TOK_MOD || rule == TOK_AND || rule == TOK_OR) &&
            (!previous ||
            previous.tag == TOK_AT ||
            previous.tag == TOK_DSLASH ||
            previous.tag == TOK_SLASH ||
            previous.tag == TOK_AXIS || previous.tag == TOK_DOLLAR)) {
            rule = TOK_QNAME;
        }
        if (rule) {
            expr = expr.substr(match.length);
            xpathLog("token: " + match + " -- " + rule.label);
            ahead = {tag: rule, match: match, prec: rule.prec ? rule.prec : 0, expr: makeTokenExpr(match)};
        } else {
            xpathLog("DONE");
            done = true;
        }
        while (xpathReduce(stack, ahead)) {
            reduce_count++;
            xpathLog("stack: " + stackToString(stack));
        }
    }
    xpathLog("stack: " + stackToString(stack));
    if (stack.length != 1) {
        throw "XPath parse error " + cachekey + ":\n" + stackToString(stack);
    }
    var result = stack[0].expr;
    xpathParseCache[cachekey] = result;
    xpathLog("XPath parse: " + parse_count + " / " + lexer_count + " / " + reduce_count);
    return result;
}
stack:
  ->  [ModuleLogger.js:98] trace("source after: function xpathParse(expr) {\n    xpathLog(\"parse \" + expr);\n    xpathParseInit();\n    var cached = xpathCacheLookup(expr);\n    if (cached) {\n        xpathLog(\" ... cached\");\n        return cached;\n    }\n    if (expr.match(/^(\\$|@)?\\w+$/i)) {\n        var ret = makeSimpleExpr(expr);\n        xpathParseCache[expr] = ret;\n        xpathLog(\" ... simple\");\n        return ret;\n    }\n    if (expr.match(/^\\w+(\\/\\w+)*$/i)) {\n        var ret = makeSimpleExpr2(expr);\n        xpathParseCache[expr] = ret;\n        xpathLog(\" ... simple 2\");\n        return ret;\n    }\n    var cachekey = expr;\n    var stack = [];\n    var ahead = null;\n    var previous = null;\n    var done = false;\n    var parse_count = 0;\n    var lexer_count = 0;\n    var reduce_count = 0;\n    while (!done) {\n        parse_count++;\n        expr = expr.replace(/^\\s*/, \"\");\n        previous = ahead;\n        ahead = null;\n        var rule = null;\n        var match = \"\";\n        for (var i = 0; i < xpathTokenRules.length; ++i) {\n            var result = xpathTokenRules[i].re.exec(expr);\n            lexer_count++;\n            if (result &&\n                result.length > 0 && result[0].length > match.length) {\n                rule = xpathTokenRules[i];\n                match = result[0];\n                break;\n            }\n        }\n        if (rule &&\n            (rule == TOK_DIV ||\n            rule == TOK_MOD || rule == TOK_AND || rule == TOK_OR) &&\n            (!previous ||\n            previous.tag == TOK_AT ||\n            previous.tag == TOK_DSLASH ||\n            previous.tag == TOK_SLASH ||\n            previous.tag == TOK_AXIS || previous.tag == TOK_DOLLAR)) {\n            rule = TOK_QNAME;\n        }\n        if (rule) {\n            expr = expr.substr(match.length);\n            xpathLog(\"token: \" + match + \" -- \" + rule.label);\n            ahead = {tag: rule, match: match, prec: rule.prec ? rule.prec : 0, expr: makeTokenExpr(match)};\n        } else {\n            xpathLog(\"DONE\");\n            done = true;\n        }\n        while (xpathReduce(stack, ahead)) {\n            reduce_count++;\n            xpathLog(\"stack: \" + stackToString(stack));\n        }\n    }\n    xpathLog(\"stack: \" + stackToString(stack));\n    if (stack.length != 1) {\n        throw \"XPath parse error \" + cachekey + \":\\n\" + stackToString(stack);\n    }\n    var result = stack[0].expr;\n    xpathParseCache[cachekey] = result;\n    xpathLog(\"XPath parse: \" + parse_count + \" / \" + lexer_count + \" / \" + reduce_count);\n    return result;\n}")
  ->  [CallbackManager.js:431] processGlobalFunctions([object Object])
  ->  [CallbackManager.js:70] processCallbacks([object HTMLDocument])
  ->  [HandlePage.js:63] onHandlePage([object XPCWrappedNative_NoHelper],[object HTMLDocument])
  ->  [CoreEvents.js:293] fireEvent("HANDLE_PAGE",[object Array])
  ->  [CoreEvents.js:234] fire("PARSE_COMPLETE",[object XPCWrappedNative_NoHelper],[object HTMLDocument])
  ->  [aptEventHandler.js:337] observe([object XPCWrappedNative_NoHelper],"jaxerEvent.HTMLParseComplete",null)
paths:
  -> file:///E:/Aptana%20Jaxer%20Apache/Jaxer/Apache2-4Build/jaxer/framework/src/ModuleLogger.js
  -> file:///E:/Aptana%20Jaxer%20Apache/Jaxer/Apache2-4Build/jaxer/framework/src/CallbackManager.js
  -> file:///E:/Aptana%20Jaxer%20Apache/Jaxer/Apache2-4Build/jaxer/framework/src/HandlePage.js
  -> file:///E:/Aptana%20Jaxer%20Apache/Jaxer/Apache2-4Build/jaxer/framework/src/CoreEvents.js
  -> file:///E:/Aptana%20Jaxer%20Apache/Jaxer/Apache2-4Build/jaxer/components/aptEventHandler.js

01:10:22 12/24/2025 [ 32928] [DEBUG] [JS Framework] [CallbackManager.processGlobalFunctions] Processing global function 'xpathParse' with runat=server, proxy=false, effectiveRunat=server
stack:
  ->  [ModuleLogger.js:98] debug("Processing global function 'xpathParse' with runat=server, proxy=false, effectiveRunat=server")
  ->  [CallbackManager.js:452] processGlobalFunctions([object Object])
  ->  [CallbackManager.js:70] processCallbacks([object HTMLDocument])
  ->  [HandlePage.js:63] onHandlePage([object XPCWrappedNative_NoHelper],[object HTMLDocument])
  ->  [CoreEvents.js:293] fireEvent("HANDLE_PAGE",[object Array])
  ->  [CoreEvents.js:234] fire("PARSE_COMPLETE",[object XPCWrappedNative_NoHelper],[object HTMLDocument])
  ->  [aptEventHandler.js:337] observe([object XPCWrappedNative_NoHelper],"jaxerEvent.HTMLParseComplete",null)
paths:
  -> file:///E:/Aptana%20Jaxer%20Apache/Jaxer/Apache2-4Build/jaxer/framework/src/ModuleLogger.js
  -> file:///E:/Aptana%20Jaxer%20Apache/Jaxer/Apache2-4Build/jaxer/framework/src/CallbackManager.js
  -> file:///E:/Aptana%20Jaxer%20Apache/Jaxer/Apache2-4Build/jaxer/framework/src/HandlePage.js
  -> file:///E:/Aptana%20Jaxer%20Apache/Jaxer/Apache2-4Build/jaxer/framework/src/CoreEvents.js
  -> file:///E:/Aptana%20Jaxer%20Apache/Jaxer/Apache2-4Build/jaxer/components/aptEventHandler.js

01:10:22 12/24/2025 [ 32928] [TRACE] [JS Framework] [CallbackManager.processGlobalFunctions] For runatFunctions member xpathCacheLookup: handledInScripts.hasOwnProperty=false; typeof candidate: function
stack:
  ->  [ModuleLogger.js:98] trace("For runatFunctions member xpathCacheLookup: handledInScripts.hasOwnProperty=false; typeof candidate: function")
  ->  [CallbackManager.js:410] processGlobalFunctions([object Object])
  ->  [CallbackManager.js:70] processCallbacks([object HTMLDocument])
  ->  [HandlePage.js:63] onHandlePage([object XPCWrappedNative_NoHelper],[object HTMLDocument])
  ->  [CoreEvents.js:293] fireEvent("HANDLE_PAGE",[object Array])
  ->  [CoreEvents.js:234] fire("PARSE_COMPLETE",[object XPCWrappedNative_NoHelper],[object HTMLDocument])
  ->  [aptEventHandler.js:337] observe([object XPCWrappedNative_NoHelper],"jaxerEvent.HTMLParseComplete",null)
paths:
  -> file:///E:/Aptana%20Jaxer%20Apache/Jaxer/Apache2-4Build/jaxer/framework/src/ModuleLogger.js
  -> file:///E:/Aptana%20Jaxer%20Apache/Jaxer/Apache2-4Build/jaxer/framework/src/CallbackManager.js
  -> file:///E:/Aptana%20Jaxer%20Apache/Jaxer/Apache2-4Build/jaxer/framework/src/HandlePage.js
  -> file:///E:/Aptana%20Jaxer%20Apache/Jaxer/Apache2-4Build/jaxer/framework/src/CoreEvents.js
  -> file:///E:/Aptana%20Jaxer%20Apache/Jaxer/Apache2-4Build/jaxer/components/aptEventHandler.js

01:10:22 12/24/2025 [ 32928] [TRACE] [JS Framework] [CallbackManager.processGlobalFunctions] source before: function xpathCacheLookup(expr) {
    return xpathParseCache[expr];
}
stack:
  ->  [ModuleLogger.js:98] trace("source before: function xpathCacheLookup(expr) {\n    return xpathParseCache[expr];\n}")
  ->  [CallbackManager.js:422] processGlobalFunctions([object Object])
  ->  [CallbackManager.js:70] processCallbacks([object HTMLDocument])
  ->  [HandlePage.js:63] onHandlePage([object XPCWrappedNative_NoHelper],[object HTMLDocument])
  ->  [CoreEvents.js:293] fireEvent("HANDLE_PAGE",[object Array])
  ->  [CoreEvents.js:234] fire("PARSE_COMPLETE",[object XPCWrappedNative_NoHelper],[object HTMLDocument])
  ->  [aptEventHandler.js:337] observe([object XPCWrappedNative_NoHelper],"jaxerEvent.HTMLParseComplete",null)
paths:
  -> file:///E:/Aptana%20Jaxer%20Apache/Jaxer/Apache2-4Build/jaxer/framework/src/ModuleLogger.js
  -> file:///E:/Aptana%20Jaxer%20Apache/Jaxer/Apache2-4Build/jaxer/framework/src/CallbackManager.js
  -> file:///E:/Aptana%20Jaxer%20Apache/Jaxer/Apache2-4Build/jaxer/framework/src/HandlePage.js
  -> file:///E:/Aptana%20Jaxer%20Apache/Jaxer/Apache2-4Build/jaxer/framework/src/CoreEvents.js
  -> file:///E:/Aptana%20Jaxer%20Apache/Jaxer/Apache2-4Build/jaxer/components/aptEventHandler.js

01:10:22 12/24/2025 [ 32928] [TRACE] [JS Framework] [CallbackManager.processGlobalFunctions] source after: function xpathCacheLookup(expr) {
    return xpathParseCache[expr];
}
stack:
  ->  [ModuleLogger.js:98] trace("source after: function xpathCacheLookup(expr) {\n    return xpathParseCache[expr];\n}")
  ->  [CallbackManager.js:431] processGlobalFunctions([object Object])
  ->  [CallbackManager.js:70] processCallbacks([object HTMLDocument])
  ->  [HandlePage.js:63] onHandlePage([object XPCWrappedNative_NoHelper],[object HTMLDocument])
  ->  [CoreEvents.js:293] fireEvent("HANDLE_PAGE",[object Array])
  ->  [CoreEvents.js:234] fire("PARSE_COMPLETE",[object XPCWrappedNative_NoHelper],[object HTMLDocument])
  ->  [aptEventHandler.js:337] observe([object XPCWrappedNative_NoHelper],"jaxerEvent.HTMLParseComplete",null)
paths:
  -> file:///E:/Aptana%20Jaxer%20Apache/Jaxer/Apache2-4Build/jaxer/framework/src/ModuleLogger.js
  -> file:///E:/Aptana%20Jaxer%20Apache/Jaxer/Apache2-4Build/jaxer/framework/src/CallbackManager.js
  -> file:///E:/Aptana%20Jaxer%20Apache/Jaxer/Apache2-4Build/jaxer/framework/src/HandlePage.js
  -> file:///E:/Aptana%20Jaxer%20Apache/Jaxer/Apache2-4Build/jaxer/framework/src/CoreEvents.js
  -> file:///E:/Aptana%20Jaxer%20Apache/Jaxer/Apache2-4Build/jaxer/components/aptEventHandler.js

01:10:22 12/24/2025 [ 32928] [DEBUG] [JS Framework] [CallbackManager.processGlobalFunctions] Processing global function 'xpathCacheLookup' with runat=server, proxy=false, effectiveRunat=server
stack:
  ->  [ModuleLogger.js:98] debug("Processing global function 'xpathCacheLookup' with runat=server, proxy=false, effectiveRunat=server")
  ->  [CallbackManager.js:452] processGlobalFunctions([object Object])
  ->  [CallbackManager.js:70] processCallbacks([object HTMLDocument])
  ->  [HandlePage.js:63] onHandlePage([object XPCWrappedNative_NoHelper],[object HTMLDocument])
  ->  [CoreEvents.js:293] fireEvent("HANDLE_PAGE",[object Array])
  ->  [CoreEvents.js:234] fire("PARSE_COMPLETE",[object XPCWrappedNative_NoHelper],[object HTMLDocument])
  ->  [aptEventHandler.js:337] observe([object XPCWrappedNative_NoHelper],"jaxerEvent.HTMLParseComplete",null)
paths:
  -> file:///E:/Aptana%20Jaxer%20Apache/Jaxer/Apache2-4Build/jaxer/framework/src/ModuleLogger.js
  -> file:///E:/Aptana%20Jaxer%20Apache/Jaxer/Apache2-4Build/jaxer/framework/src/CallbackManager.js
  -> file:///E:/Aptana%20Jaxer%20Apache/Jaxer/Apache2-4Build/jaxer/framework/src/HandlePage.js
  -> file:///E:/Aptana%20Jaxer%20Apache/Jaxer/Apache2-4Build/jaxer/framework/src/CoreEvents.js
  -> file:///E:/Aptana%20Jaxer%20Apache/Jaxer/Apache2-4Build/jaxer/components/aptEventHandler.js

01:10:22 12/24/2025 [ 32928] [TRACE] [JS Framework] [CallbackManager.processGlobalFunctions] For runatFunctions member xpathReduce: handledInScripts.hasOwnProperty=false; typeof candidate: function
stack:
  ->  [ModuleLogger.js:98] trace("For runatFunctions member xpathReduce: handledInScripts.hasOwnProperty=false; typeof candidate: function")
  ->  [CallbackManager.js:410] processGlobalFunctions([object Object])
  ->  [CallbackManager.js:70] processCallbacks([object HTMLDocument])
  ->  [HandlePage.js:63] onHandlePage([object XPCWrappedNative_NoHelper],[object HTMLDocument])
  ->  [CoreEvents.js:293] fireEvent("HANDLE_PAGE",[object Array])
  ->  [CoreEvents.js:234] fire("PARSE_COMPLETE",[object XPCWrappedNative_NoHelper],[object HTMLDocument])
  ->  [aptEventHandler.js:337] observe([object XPCWrappedNative_NoHelper],"jaxerEvent.HTMLParseComplete",null)
paths:
  -> file:///E:/Aptana%20Jaxer%20Apache/Jaxer/Apache2-4Build/jaxer/framework/src/ModuleLogger.js
  -> file:///E:/Aptana%20Jaxer%20Apache/Jaxer/Apache2-4Build/jaxer/framework/src/CallbackManager.js
  -> file:///E:/Aptana%20Jaxer%20Apache/Jaxer/Apache2-4Build/jaxer/framework/src/HandlePage.js
  -> file:///E:/Aptana%20Jaxer%20Apache/Jaxer/Apache2-4Build/jaxer/framework/src/CoreEvents.js
  -> file:///E:/Aptana%20Jaxer%20Apache/Jaxer/Apache2-4Build/jaxer/components/aptEventHandler.js

01:10:22 12/24/2025 [ 32928] [TRACE] [JS Framework] [CallbackManager.processGlobalFunctions] source before: function xpathReduce(stack, ahead) {
    var cand = null;
    if (stack.length > 0) {
        var top = stack[stack.length - 1];
        var ruleset = xpathRules[top.tag.key];
        if (ruleset) {
            for (var i = 0; i < ruleset.length; ++i) {
                var rule = ruleset[i];
                var match = xpathMatchStack(stack, rule[1]);
                if (match.length) {
                    cand = {tag: rule[0], rule: rule, match: match};
                    cand.prec = xpathGrammarPrecedence(cand);
                    break;
                }
            }
        }
    }
    var ret;
    if (cand &&
        (!ahead ||
        cand.prec > ahead.prec || ahead.tag.left && cand.prec >= ahead.prec)) {
        for (var i = 0; i < cand.match.matchlength; ++i) {
            stack.pop();
        }
        xpathLog("reduce " + cand.tag.label + " " + cand.prec + " ahead " + (ahead ? ahead.tag.label + " " + ahead.prec + (ahead.tag.left ? " left" : "") : " none "));
        var matchexpr = mapExpr(cand.match, function (m) {return m.expr;});
        xpathLog("going to apply " + cand.rule[3].toString());
        cand.expr = cand.rule[3].apply(null, matchexpr);
        stack.push(cand);
        ret = true;
    } else {
        if (ahead) {
            xpathLog("shift " + ahead.tag.label + " " + ahead.prec + (ahead.tag.left ? " left" : "") + " over " + (cand ? cand.tag.label + " " + cand.prec : " none"));
            stack.push(ahead);
        }
        ret = false;
    }
    return ret;
}
stack:
  ->  [ModuleLogger.js:98] trace("source before: function xpathReduce(stack, ahead) {\n    var cand = null;\n    if (stack.length > 0) {\n        var top = stack[stack.length - 1];\n        var ruleset = xpathRules[top.tag.key];\n        if (ruleset) {\n            for (var i = 0; i < ruleset.length; ++i) {\n                var rule = ruleset[i];\n                var match = xpathMatchStack(stack, rule[1]);\n                if (match.length) {\n                    cand = {tag: rule[0], rule: rule, match: match};\n                    cand.prec = xpathGrammarPrecedence(cand);\n                    break;\n                }\n            }\n        }\n    }\n    var ret;\n    if (cand &&\n        (!ahead ||\n        cand.prec > ahead.prec || ahead.tag.left && cand.prec >= ahead.prec)) {\n        for (var i = 0; i < cand.match.matchlength; ++i) {\n            stack.pop();\n        }\n        xpathLog(\"reduce \" + cand.tag.label + \" \" + cand.prec + \" ahead \" + (ahead ? ahead.tag.label + \" \" + ahead.prec + (ahead.tag.left ? \" left\" : \"\") : \" none \"));\n        var matchexpr = mapExpr(cand.match, function (m) {return m.expr;});\n        xpathLog(\"going to apply \" + cand.rule[3].toString());\n        cand.expr = cand.rule[3].apply(null, matchexpr);\n        stack.push(cand);\n        ret = true;\n    } else {\n        if (ahead) {\n            xpathLog(\"shift \" + ahead.tag.label + \" \" + ahead.prec + (ahead.tag.left ? \" left\" : \"\") + \" over \" + (cand ? cand.tag.label + \" \" + cand.prec : \" none\"));\n            stack.push(ahead);\n        }\n        ret = false;\n    }\n    return ret;\n}")
  ->  [CallbackManager.js:422] processGlobalFunctions([object Object])
  ->  [CallbackManager.js:70] processCallbacks([object HTMLDocument])
  ->  [HandlePage.js:63] onHandlePage([object XPCWrappedNative_NoHelper],[object HTMLDocument])
  ->  [CoreEvents.js:293] fireEvent("HANDLE_PAGE",[object Array])
  ->  [CoreEvents.js:234] fire("PARSE_COMPLETE",[object XPCWrappedNative_NoHelper],[object HTMLDocument])
  ->  [aptEventHandler.js:337] observe([object XPCWrappedNative_NoHelper],"jaxerEvent.HTMLParseComplete",null)
paths:
  -> file:///E:/Aptana%20Jaxer%20Apache/Jaxer/Apache2-4Build/jaxer/framework/src/ModuleLogger.js
  -> file:///E:/Aptana%20Jaxer%20Apache/Jaxer/Apache2-4Build/jaxer/framework/src/CallbackManager.js
  -> file:///E:/Aptana%20Jaxer%20Apache/Jaxer/Apache2-4Build/jaxer/framework/src/HandlePage.js
  -> file:///E:/Aptana%20Jaxer%20Apache/Jaxer/Apache2-4Build/jaxer/framework/src/CoreEvents.js
  -> file:///E:/Aptana%20Jaxer%20Apache/Jaxer/Apache2-4Build/jaxer/components/aptEventHandler.js

01:10:22 12/24/2025 [ 32928] [TRACE] [JS Framework] [CallbackManager.processGlobalFunctions] source after: function xpathReduce(stack, ahead) {
    var cand = null;
    if (stack.length > 0) {
        var top = stack[stack.length - 1];
        var ruleset = xpathRules[top.tag.key];
        if (ruleset) {
            for (var i = 0; i < ruleset.length; ++i) {
                var rule = ruleset[i];
                var match = xpathMatchStack(stack, rule[1]);
                if (match.length) {
                    cand = {tag: rule[0], rule: rule, match: match};
                    cand.prec = xpathGrammarPrecedence(cand);
                    break;
                }
            }
        }
    }
    var ret;
    if (cand &&
        (!ahead ||
        cand.prec > ahead.prec || ahead.tag.left && cand.prec >= ahead.prec)) {
        for (var i = 0; i < cand.match.matchlength; ++i) {
            stack.pop();
        }
        xpathLog("reduce " + cand.tag.label + " " + cand.prec + " ahead " + (ahead ? ahead.tag.label + " " + ahead.prec + (ahead.tag.left ? " left" : "") : " none "));
        var matchexpr = mapExpr(cand.match, function (m) {return m.expr;});
        xpathLog("going to apply " + cand.rule[3].toString());
        cand.expr = cand.rule[3].apply(null, matchexpr);
        stack.push(cand);
        ret = true;
    } else {
        if (ahead) {
            xpathLog("shift " + ahead.tag.label + " " + ahead.prec + (ahead.tag.left ? " left" : "") + " over " + (cand ? cand.tag.label + " " + cand.prec : " none"));
            stack.push(ahead);
        }
        ret = false;
    }
    return ret;
}
stack:
  ->  [ModuleLogger.js:98] trace("source after: function xpathReduce(stack, ahead) {\n    var cand = null;\n    if (stack.length > 0) {\n        var top = stack[stack.length - 1];\n        var ruleset = xpathRules[top.tag.key];\n        if (ruleset) {\n            for (var i = 0; i < ruleset.length; ++i) {\n                var rule = ruleset[i];\n                var match = xpathMatchStack(stack, rule[1]);\n                if (match.length) {\n                    cand = {tag: rule[0], rule: rule, match: match};\n                    cand.prec = xpathGrammarPrecedence(cand);\n                    break;\n                }\n            }\n        }\n    }\n    var ret;\n    if (cand &&\n        (!ahead ||\n        cand.prec > ahead.prec || ahead.tag.left && cand.prec >= ahead.prec)) {\n        for (var i = 0; i < cand.match.matchlength; ++i) {\n            stack.pop();\n        }\n        xpathLog(\"reduce \" + cand.tag.label + \" \" + cand.prec + \" ahead \" + (ahead ? ahead.tag.label + \" \" + ahead.prec + (ahead.tag.left ? \" left\" : \"\") : \" none \"));\n        var matchexpr = mapExpr(cand.match, function (m) {return m.expr;});\n        xpathLog(\"going to apply \" + cand.rule[3].toString());\n        cand.expr = cand.rule[3].apply(null, matchexpr);\n        stack.push(cand);\n        ret = true;\n    } else {\n        if (ahead) {\n            xpathLog(\"shift \" + ahead.tag.label + \" \" + ahead.prec + (ahead.tag.left ? \" left\" : \"\") + \" over \" + (cand ? cand.tag.label + \" \" + cand.prec : \" none\"));\n            stack.push(ahead);\n        }\n        ret = false;\n    }\n    return ret;\n}")
  ->  [CallbackManager.js:431] processGlobalFunctions([object Object])
  ->  [CallbackManager.js:70] processCallbacks([object HTMLDocument])
  ->  [HandlePage.js:63] onHandlePage([object XPCWrappedNative_NoHelper],[object HTMLDocument])
  ->  [CoreEvents.js:293] fireEvent("HANDLE_PAGE",[object Array])
  ->  [CoreEvents.js:234] fire("PARSE_COMPLETE",[object XPCWrappedNative_NoHelper],[object HTMLDocument])
  ->  [aptEventHandler.js:337] observe([object XPCWrappedNative_NoHelper],"jaxerEvent.HTMLParseComplete",null)
paths:
  -> file:///E:/Aptana%20Jaxer%20Apache/Jaxer/Apache2-4Build/jaxer/framework/src/ModuleLogger.js
  -> file:///E:/Aptana%20Jaxer%20Apache/Jaxer/Apache2-4Build/jaxer/framework/src/CallbackManager.js
  -> file:///E:/Aptana%20Jaxer%20Apache/Jaxer/Apache2-4Build/jaxer/framework/src/HandlePage.js
  -> file:///E:/Aptana%20Jaxer%20Apache/Jaxer/Apache2-4Build/jaxer/framework/src/CoreEvents.js
  -> file:///E:/Aptana%20Jaxer%20Apache/Jaxer/Apache2-4Build/jaxer/components/aptEventHandler.js

01:10:22 12/24/2025 [ 32928] [DEBUG] [JS Framework] [CallbackManager.processGlobalFunctions] Processing global function 'xpathReduce' with runat=server, proxy=false, effectiveRunat=server
stack:
  ->  [ModuleLogger.js:98] debug("Processing global function 'xpathReduce' with runat=server, proxy=false, effectiveRunat=server")
  ->  [CallbackManager.js:452] processGlobalFunctions([object Object])
  ->  [CallbackManager.js:70] processCallbacks([object HTMLDocument])
  ->  [HandlePage.js:63] onHandlePage([object XPCWrappedNative_NoHelper],[object HTMLDocument])
  ->  [CoreEvents.js:293] fireEvent("HANDLE_PAGE",[object Array])
  ->  [CoreEvents.js:234] fire("PARSE_COMPLETE",[object XPCWrappedNative_NoHelper],[object HTMLDocument])
  ->  [aptEventHandler.js:337] observe([object XPCWrappedNative_NoHelper],"jaxerEvent.HTMLParseComplete",null)
paths:
  -> file:///E:/Aptana%20Jaxer%20Apache/Jaxer/Apache2-4Build/jaxer/framework/src/ModuleLogger.js
  -> file:///E:/Aptana%20Jaxer%20Apache/Jaxer/Apache2-4Build/jaxer/framework/src/CallbackManager.js
  -> file:///E:/Aptana%20Jaxer%20Apache/Jaxer/Apache2-4Build/jaxer/framework/src/HandlePage.js
  -> file:///E:/Aptana%20Jaxer%20Apache/Jaxer/Apache2-4Build/jaxer/framework/src/CoreEvents.js
  -> file:///E:/Aptana%20Jaxer%20Apache/Jaxer/Apache2-4Build/jaxer/components/aptEventHandler.js

01:10:22 12/24/2025 [ 32928] [TRACE] [JS Framework] [CallbackManager.processGlobalFunctions] For runatFunctions member xpathMatchStack: handledInScripts.hasOwnProperty=false; typeof candidate: function
stack:
  ->  [ModuleLogger.js:98] trace("For runatFunctions member xpathMatchStack: handledInScripts.hasOwnProperty=false; typeof candidate: function")
  ->  [CallbackManager.js:410] processGlobalFunctions([object Object])
  ->  [CallbackManager.js:70] processCallbacks([object HTMLDocument])
  ->  [HandlePage.js:63] onHandlePage([object XPCWrappedNative_NoHelper],[object HTMLDocument])
  ->  [CoreEvents.js:293] fireEvent("HANDLE_PAGE",[object Array])
  ->  [CoreEvents.js:234] fire("PARSE_COMPLETE",[object XPCWrappedNative_NoHelper],[object HTMLDocument])
  ->  [aptEventHandler.js:337] observe([object XPCWrappedNative_NoHelper],"jaxerEvent.HTMLParseComplete",null)
paths:
  -> file:///E:/Aptana%20Jaxer%20Apache/Jaxer/Apache2-4Build/jaxer/framework/src/ModuleLogger.js
  -> file:///E:/Aptana%20Jaxer%20Apache/Jaxer/Apache2-4Build/jaxer/framework/src/CallbackManager.js
  -> file:///E:/Aptana%20Jaxer%20Apache/Jaxer/Apache2-4Build/jaxer/framework/src/HandlePage.js
  -> file:///E:/Aptana%20Jaxer%20Apache/Jaxer/Apache2-4Build/jaxer/framework/src/CoreEvents.js
  -> file:///E:/Aptana%20Jaxer%20Apache/Jaxer/Apache2-4Build/jaxer/components/aptEventHandler.js

01:10:22 12/24/2025 [ 32928] [TRACE] [JS Framework] [CallbackManager.processGlobalFunctions] source before: function xpathMatchStack(stack, pattern) {
    var S = stack.length;
    var P = pattern.length;
    var p, s;
    var match = [];
    match.matchlength = 0;
    var ds = 0;
    for (p = P - 1, s = S - 1; p >= 0 && s >= 0; --p, s -= ds) {
        ds = 0;
        var qmatch = [];
        if (pattern[p] == Q_MM) {
            p -= 1;
            match.push(qmatch);
            while (s - ds >= 0 && stack[s - ds].tag == pattern[p]) {
                qmatch.push(stack[s - ds]);
                ds += 1;
                match.matchlength += 1;
            }
        } else if (pattern[p] == Q_01) {
            p -= 1;
            match.push(qmatch);
            while (s - ds >= 0 && ds < 2 && stack[s - ds].tag == pattern[p]) {
                qmatch.push(stack[s - ds]);
                ds += 1;
                match.matchlength += 1;
            }
        } else if (pattern[p] == Q_1M) {
            p -= 1;
            match.push(qmatch);
            if (stack[s].tag == pattern[p]) {
                while (s - ds >= 0 && stack[s - ds].tag == pattern[p]) {
                    qmatch.push(stack[s - ds]);
                    ds += 1;
                    match.matchlength += 1;
                }
            } else {
                return [];
            }
        } else if (stack[s].tag == pattern[p]) {
            match.push(stack[s]);
            ds += 1;
            match.matchlength += 1;
        } else {
            return [];
        }
        reverseInplace(qmatch);
        qmatch.expr = mapExpr(qmatch, function (m) {return m.expr;});
    }
    reverseInplace(match);
    if (p == -1) {
        return match;
    } else {
        return [];
    }
}
stack:
  ->  [ModuleLogger.js:98] trace("source before: function xpathMatchStack(stack, pattern) {\n    var S = stack.length;\n    var P = pattern.length;\n    var p, s;\n    var match = [];\n    match.matchlength = 0;\n    var ds = 0;\n    for (p = P - 1, s = S - 1; p >= 0 && s >= 0; --p, s -= ds) {\n        ds = 0;\n        var qmatch = [];\n        if (pattern[p] == Q_MM) {\n            p -= 1;\n            match.push(qmatch);\n            while (s - ds >= 0 && stack[s - ds].tag == pattern[p]) {\n                qmatch.push(stack[s - ds]);\n                ds += 1;\n                match.matchlength += 1;\n            }\n        } else if (pattern[p] == Q_01) {\n            p -= 1;\n            match.push(qmatch);\n            while (s - ds >= 0 && ds < 2 && stack[s - ds].tag == pattern[p]) {\n                qmatch.push(stack[s - ds]);\n                ds += 1;\n                match.matchlength += 1;\n            }\n        } else if (pattern[p] == Q_1M) {\n            p -= 1;\n            match.push(qmatch);\n            if (stack[s].tag == pattern[p]) {\n                while (s - ds >= 0 && stack[s - ds].tag == pattern[p]) {\n                    qmatch.push(stack[s - ds]);\n                    ds += 1;\n                    match.matchlength += 1;\n                }\n            } else {\n                return [];\n            }\n        } else if (stack[s].tag == pattern[p]) {\n            match.push(stack[s]);\n            ds += 1;\n            match.matchlength += 1;\n        } else {\n            return [];\n        }\n        reverseInplace(qmatch);\n        qmatch.expr = mapExpr(qmatch, function (m) {return m.expr;});\n    }\n    reverseInplace(match);\n    if (p == -1) {\n        return match;\n    } else {\n        return [];\n    }\n}")
  ->  [CallbackManager.js:422] processGlobalFunctions([object Object])
  ->  [CallbackManager.js:70] processCallbacks([object HTMLDocument])
  ->  [HandlePage.js:63] onHandlePage([object XPCWrappedNative_NoHelper],[object HTMLDocument])
  ->  [CoreEvents.js:293] fireEvent("HANDLE_PAGE",[object Array])
  ->  [CoreEvents.js:234] fire("PARSE_COMPLETE",[object XPCWrappedNative_NoHelper],[object HTMLDocument])
  ->  [aptEventHandler.js:337] observe([object XPCWrappedNative_NoHelper],"jaxerEvent.HTMLParseComplete",null)
paths:
  -> file:///E:/Aptana%20Jaxer%20Apache/Jaxer/Apache2-4Build/jaxer/framework/src/ModuleLogger.js
  -> file:///E:/Aptana%20Jaxer%20Apache/Jaxer/Apache2-4Build/jaxer/framework/src/CallbackManager.js
  -> file:///E:/Aptana%20Jaxer%20Apache/Jaxer/Apache2-4Build/jaxer/framework/src/HandlePage.js
  -> file:///E:/Aptana%20Jaxer%20Apache/Jaxer/Apache2-4Build/jaxer/framework/src/CoreEvents.js
  -> file:///E:/Aptana%20Jaxer%20Apache/Jaxer/Apache2-4Build/jaxer/components/aptEventHandler.js

01:10:22 12/24/2025 [ 32928] [TRACE] [JS Framework] [CallbackManager.processGlobalFunctions] source after: function xpathMatchStack(stack, pattern) {
    var S = stack.length;
    var P = pattern.length;
    var p, s;
    var match = [];
    match.matchlength = 0;
    var ds = 0;
    for (p = P - 1, s = S - 1; p >= 0 && s >= 0; --p, s -= ds) {
        ds = 0;
        var qmatch = [];
        if (pattern[p] == Q_MM) {
            p -= 1;
            match.push(qmatch);
            while (s - ds >= 0 && stack[s - ds].tag == pattern[p]) {
                qmatch.push(stack[s - ds]);
                ds += 1;
                match.matchlength += 1;
            }
        } else if (pattern[p] == Q_01) {
            p -= 1;
            match.push(qmatch);
            while (s - ds >= 0 && ds < 2 && stack[s - ds].tag == pattern[p]) {
                qmatch.push(stack[s - ds]);
                ds += 1;
                match.matchlength += 1;
            }
        } else if (pattern[p] == Q_1M) {
            p -= 1;
            match.push(qmatch);
            if (stack[s].tag == pattern[p]) {
                while (s - ds >= 0 && stack[s - ds].tag == pattern[p]) {
                    qmatch.push(stack[s - ds]);
                    ds += 1;
                    match.matchlength += 1;
                }
            } else {
                return [];
            }
        } else if (stack[s].tag == pattern[p]) {
            match.push(stack[s]);
            ds += 1;
            match.matchlength += 1;
        } else {
            return [];
        }
        reverseInplace(qmatch);
        qmatch.expr = mapExpr(qmatch, function (m) {return m.expr;});
    }
    reverseInplace(match);
    if (p == -1) {
        return match;
    } else {
        return [];
    }
}
stack:
  ->  [ModuleLogger.js:98] trace("source after: function xpathMatchStack(stack, pattern) {\n    var S = stack.length;\n    var P = pattern.length;\n    var p, s;\n    var match = [];\n    match.matchlength = 0;\n    var ds = 0;\n    for (p = P - 1, s = S - 1; p >= 0 && s >= 0; --p, s -= ds) {\n        ds = 0;\n        var qmatch = [];\n        if (pattern[p] == Q_MM) {\n            p -= 1;\n            match.push(qmatch);\n            while (s - ds >= 0 && stack[s - ds].tag == pattern[p]) {\n                qmatch.push(stack[s - ds]);\n                ds += 1;\n                match.matchlength += 1;\n            }\n        } else if (pattern[p] == Q_01) {\n            p -= 1;\n            match.push(qmatch);\n            while (s - ds >= 0 && ds < 2 && stack[s - ds].tag == pattern[p]) {\n                qmatch.push(stack[s - ds]);\n                ds += 1;\n                match.matchlength += 1;\n            }\n        } else if (pattern[p] == Q_1M) {\n            p -= 1;\n            match.push(qmatch);\n            if (stack[s].tag == pattern[p]) {\n                while (s - ds >= 0 && stack[s - ds].tag == pattern[p]) {\n                    qmatch.push(stack[s - ds]);\n                    ds += 1;\n                    match.matchlength += 1;\n                }\n            } else {\n                return [];\n            }\n        } else if (stack[s].tag == pattern[p]) {\n            match.push(stack[s]);\n            ds += 1;\n            match.matchlength += 1;\n        } else {\n            return [];\n        }\n        reverseInplace(qmatch);\n        qmatch.expr = mapExpr(qmatch, function (m) {return m.expr;});\n    }\n    reverseInplace(match);\n    if (p == -1) {\n        return match;\n    } else {\n        return [];\n    }\n}")
  ->  [CallbackManager.js:431] processGlobalFunctions([object Object])
  ->  [CallbackManager.js:70] processCallbacks([object HTMLDocument])
  ->  [HandlePage.js:63] onHandlePage([object XPCWrappedNative_NoHelper],[object HTMLDocument])
  ->  [CoreEvents.js:293] fireEvent("HANDLE_PAGE",[object Array])
  ->  [CoreEvents.js:234] fire("PARSE_COMPLETE",[object XPCWrappedNative_NoHelper],[object HTMLDocument])
  ->  [aptEventHandler.js:337] observe([object XPCWrappedNative_NoHelper],"jaxerEvent.HTMLParseComplete",null)
paths:
  -> file:///E:/Aptana%20Jaxer%20Apache/Jaxer/Apache2-4Build/jaxer/framework/src/ModuleLogger.js
  -> file:///E:/Aptana%20Jaxer%20Apache/Jaxer/Apache2-4Build/jaxer/framework/src/CallbackManager.js
  -> file:///E:/Aptana%20Jaxer%20Apache/Jaxer/Apache2-4Build/jaxer/framework/src/HandlePage.js
  -> file:///E:/Aptana%20Jaxer%20Apache/Jaxer/Apache2-4Build/jaxer/framework/src/CoreEvents.js
  -> file:///E:/Aptana%20Jaxer%20Apache/Jaxer/Apache2-4Build/jaxer/components/aptEventHandler.js

01:10:22 12/24/2025 [ 32928] [DEBUG] [JS Framework] [CallbackManager.processGlobalFunctions] Processing global function 'xpathMatchStack' with runat=server, proxy=false, effectiveRunat=server
stack:
  ->  [ModuleLogger.js:98] debug("Processing global function 'xpathMatchStack' with runat=server, proxy=false, effectiveRunat=server")
  ->  [CallbackManager.js:452] processGlobalFunctions([object Object])
  ->  [CallbackManager.js:70] processCallbacks([object HTMLDocument])
  ->  [HandlePage.js:63] onHandlePage([object XPCWrappedNative_NoHelper],[object HTMLDocument])
  ->  [CoreEvents.js:293] fireEvent("HANDLE_PAGE",[object Array])
  ->  [CoreEvents.js:234] fire("PARSE_COMPLETE",[object XPCWrappedNative_NoHelper],[object HTMLDocument])
  ->  [aptEventHandler.js:337] observe([object XPCWrappedNative_NoHelper],"jaxerEvent.HTMLParseComplete",null)
paths:
  -> file:///E:/Aptana%20Jaxer%20Apache/Jaxer/Apache2-4Build/jaxer/framework/src/ModuleLogger.js
  -> file:///E:/Aptana%20Jaxer%20Apache/Jaxer/Apache2-4Build/jaxer/framework/src/CallbackManager.js
  -> file:///E:/Aptana%20Jaxer%20Apache/Jaxer/Apache2-4Build/jaxer/framework/src/HandlePage.js
  -> file:///E:/Aptana%20Jaxer%20Apache/Jaxer/Apache2-4Build/jaxer/framework/src/CoreEvents.js
  -> file:///E:/Aptana%20Jaxer%20Apache/Jaxer/Apache2-4Build/jaxer/components/aptEventHandler.js

01:10:22 12/24/2025 [ 32928] [TRACE] [JS Framework] [CallbackManager.processGlobalFunctions] For runatFunctions member xpathTokenPrecedence: handledInScripts.hasOwnProperty=false; typeof candidate: function
stack:
  ->  [ModuleLogger.js:98] trace("For runatFunctions member xpathTokenPrecedence: handledInScripts.hasOwnProperty=false; typeof candidate: function")
  ->  [CallbackManager.js:410] processGlobalFunctions([object Object])
  ->  [CallbackManager.js:70] processCallbacks([object HTMLDocument])
  ->  [HandlePage.js:63] onHandlePage([object XPCWrappedNative_NoHelper],[object HTMLDocument])
  ->  [CoreEvents.js:293] fireEvent("HANDLE_PAGE",[object Array])
  ->  [CoreEvents.js:234] fire("PARSE_COMPLETE",[object XPCWrappedNative_NoHelper],[object HTMLDocument])
  ->  [aptEventHandler.js:337] observe([object XPCWrappedNative_NoHelper],"jaxerEvent.HTMLParseComplete",null)
paths:
  -> file:///E:/Aptana%20Jaxer%20Apache/Jaxer/Apache2-4Build/jaxer/framework/src/ModuleLogger.js
  -> file:///E:/Aptana%20Jaxer%20Apache/Jaxer/Apache2-4Build/jaxer/framework/src/CallbackManager.js
  -> file:///E:/Aptana%20Jaxer%20Apache/Jaxer/Apache2-4Build/jaxer/framework/src/HandlePage.js
  -> file:///E:/Aptana%20Jaxer%20Apache/Jaxer/Apache2-4Build/jaxer/framework/src/CoreEvents.js
  -> file:///E:/Aptana%20Jaxer%20Apache/Jaxer/Apache2-4Build/jaxer/components/aptEventHandler.js

01:10:22 12/24/2025 [ 32928] [TRACE] [JS Framework] [CallbackManager.processGlobalFunctions] source before: function xpathTokenPrecedence(tag) {
    return tag.prec || 2;
}
stack:
  ->  [ModuleLogger.js:98] trace("source before: function xpathTokenPrecedence(tag) {\n    return tag.prec || 2;\n}")
  ->  [CallbackManager.js:422] processGlobalFunctions([object Object])
  ->  [CallbackManager.js:70] processCallbacks([object HTMLDocument])
  ->  [HandlePage.js:63] onHandlePage([object XPCWrappedNative_NoHelper],[object HTMLDocument])
  ->  [CoreEvents.js:293] fireEvent("HANDLE_PAGE",[object Array])
  ->  [CoreEvents.js:234] fire("PARSE_COMPLETE",[object XPCWrappedNative_NoHelper],[object HTMLDocument])
  ->  [aptEventHandler.js:337] observe([object XPCWrappedNative_NoHelper],"jaxerEvent.HTMLParseComplete",null)
paths:
  -> file:///E:/Aptana%20Jaxer%20Apache/Jaxer/Apache2-4Build/jaxer/framework/src/ModuleLogger.js
  -> file:///E:/Aptana%20Jaxer%20Apache/Jaxer/Apache2-4Build/jaxer/framework/src/CallbackManager.js
  -> file:///E:/Aptana%20Jaxer%20Apache/Jaxer/Apache2-4Build/jaxer/framework/src/HandlePage.js
  -> file:///E:/Aptana%20Jaxer%20Apache/Jaxer/Apache2-4Build/jaxer/framework/src/CoreEvents.js
  -> file:///E:/Aptana%20Jaxer%20Apache/Jaxer/Apache2-4Build/jaxer/components/aptEventHandler.js

01:10:22 12/24/2025 [ 32928] [TRACE] [JS Framework] [CallbackManager.processGlobalFunctions] source after: function xpathTokenPrecedence(tag) {
    return tag.prec || 2;
}
stack:
  ->  [ModuleLogger.js:98] trace("source after: function xpathTokenPrecedence(tag) {\n    return tag.prec || 2;\n}")
  ->  [CallbackManager.js:431] processGlobalFunctions([object Object])
  ->  [CallbackManager.js:70] processCallbacks([object HTMLDocument])
  ->  [HandlePage.js:63] onHandlePage([object XPCWrappedNative_NoHelper],[object HTMLDocument])
  ->  [CoreEvents.js:293] fireEvent("HANDLE_PAGE",[object Array])
  ->  [CoreEvents.js:234] fire("PARSE_COMPLETE",[object XPCWrappedNative_NoHelper],[object HTMLDocument])
  ->  [aptEventHandler.js:337] observe([object XPCWrappedNative_NoHelper],"jaxerEvent.HTMLParseComplete",null)
paths:
  -> file:///E:/Aptana%20Jaxer%20Apache/Jaxer/Apache2-4Build/jaxer/framework/src/ModuleLogger.js
  -> file:///E:/Aptana%20Jaxer%20Apache/Jaxer/Apache2-4Build/jaxer/framework/src/CallbackManager.js
  -> file:///E:/Aptana%20Jaxer%20Apache/Jaxer/Apache2-4Build/jaxer/framework/src/HandlePage.js
  -> file:///E:/Aptana%20Jaxer%20Apache/Jaxer/Apache2-4Build/jaxer/framework/src/CoreEvents.js
  -> file:///E:/Aptana%20Jaxer%20Apache/Jaxer/Apache2-4Build/jaxer/components/aptEventHandler.js

01:10:22 12/24/2025 [ 32928] [DEBUG] [JS Framework] [CallbackManager.processGlobalFunctions] Processing global function 'xpathTokenPrecedence' with runat=server, proxy=false, effectiveRunat=server
stack:
  ->  [ModuleLogger.js:98] debug("Processing global function 'xpathTokenPrecedence' with runat=server, proxy=false, effectiveRunat=server")
  ->  [CallbackManager.js:452] processGlobalFunctions([object Object])
  ->  [CallbackManager.js:70] processCallbacks([object HTMLDocument])
  ->  [HandlePage.js:63] onHandlePage([object XPCWrappedNative_NoHelper],[object HTMLDocument])
  ->  [CoreEvents.js:293] fireEvent("HANDLE_PAGE",[object Array])
  ->  [CoreEvents.js:234] fire("PARSE_COMPLETE",[object XPCWrappedNative_NoHelper],[object HTMLDocument])
  ->  [aptEventHandler.js:337] observe([object XPCWrappedNative_NoHelper],"jaxerEvent.HTMLParseComplete",null)
paths:
  -> file:///E:/Aptana%20Jaxer%20Apache/Jaxer/Apache2-4Build/jaxer/framework/src/ModuleLogger.js
  -> file:///E:/Aptana%20Jaxer%20Apache/Jaxer/Apache2-4Build/jaxer/framework/src/CallbackManager.js
  -> file:///E:/Aptana%20Jaxer%20Apache/Jaxer/Apache2-4Build/jaxer/framework/src/HandlePage.js
  -> file:///E:/Aptana%20Jaxer%20Apache/Jaxer/Apache2-4Build/jaxer/framework/src/CoreEvents.js
  -> file:///E:/Aptana%20Jaxer%20Apache/Jaxer/Apache2-4Build/jaxer/components/aptEventHandler.js

01:10:22 12/24/2025 [ 32928] [TRACE] [JS Framework] [CallbackManager.processGlobalFunctions] For runatFunctions member xpathGrammarPrecedence: handledInScripts.hasOwnProperty=false; typeof candidate: function
stack:
  ->  [ModuleLogger.js:98] trace("For runatFunctions member xpathGrammarPrecedence: handledInScripts.hasOwnProperty=false; typeof candidate: function")
  ->  [CallbackManager.js:410] processGlobalFunctions([object Object])
  ->  [CallbackManager.js:70] processCallbacks([object HTMLDocument])
  ->  [HandlePage.js:63] onHandlePage([object XPCWrappedNative_NoHelper],[object HTMLDocument])
  ->  [CoreEvents.js:293] fireEvent("HANDLE_PAGE",[object Array])
  ->  [CoreEvents.js:234] fire("PARSE_COMPLETE",[object XPCWrappedNative_NoHelper],[object HTMLDocument])
  ->  [aptEventHandler.js:337] observe([object XPCWrappedNative_NoHelper],"jaxerEvent.HTMLParseComplete",null)
paths:
  -> file:///E:/Aptana%20Jaxer%20Apache/Jaxer/Apache2-4Build/jaxer/framework/src/ModuleLogger.js
  -> file:///E:/Aptana%20Jaxer%20Apache/Jaxer/Apache2-4Build/jaxer/framework/src/CallbackManager.js
  -> file:///E:/Aptana%20Jaxer%20Apache/Jaxer/Apache2-4Build/jaxer/framework/src/HandlePage.js
  -> file:///E:/Aptana%20Jaxer%20Apache/Jaxer/Apache2-4Build/jaxer/framework/src/CoreEvents.js
  -> file:///E:/Aptana%20Jaxer%20Apache/Jaxer/Apache2-4Build/jaxer/components/aptEventHandler.js

01:10:22 12/24/2025 [ 32928] [TRACE] [JS Framework] [CallbackManager.processGlobalFunctions] source before: function xpathGrammarPrecedence(frame) {
    var ret = 0;
    if (frame.rule) {
        if (frame.rule.length >= 3 && frame.rule[2] >= 0) {
            ret = frame.rule[2];
        } else {
            for (var i = 0; i < frame.rule[1].length; ++i) {
                var p = xpathTokenPrecedence(frame.rule[1][i]);
                ret = Math.max(ret, p);
            }
        }
    } else if (frame.tag) {
        ret = xpathTokenPrecedence(frame.tag);
    } else if (frame.length) {
        for (var j = 0; j < frame.length; ++j) {
            var p = xpathGrammarPrecedence(frame[j]);
            ret = Math.max(ret, p);
        }
    }
    return ret;
}
stack:
  ->  [ModuleLogger.js:98] trace("source before: function xpathGrammarPrecedence(frame) {\n    var ret = 0;\n    if (frame.rule) {\n        if (frame.rule.length >= 3 && frame.rule[2] >= 0) {\n            ret = frame.rule[2];\n        } else {\n            for (var i = 0; i < frame.rule[1].length; ++i) {\n                var p = xpathTokenPrecedence(frame.rule[1][i]);\n                ret = Math.max(ret, p);\n            }\n        }\n    } else if (frame.tag) {\n        ret = xpathTokenPrecedence(frame.tag);\n    } else if (frame.length) {\n        for (var j = 0; j < frame.length; ++j) {\n            var p = xpathGrammarPrecedence(frame[j]);\n            ret = Math.max(ret, p);\n        }\n    }\n    return ret;\n}")
  ->  [CallbackManager.js:422] processGlobalFunctions([object Object])
  ->  [CallbackManager.js:70] processCallbacks([object HTMLDocument])
  ->  [HandlePage.js:63] onHandlePage([object XPCWrappedNative_NoHelper],[object HTMLDocument])
  ->  [CoreEvents.js:293] fireEvent("HANDLE_PAGE",[object Array])
  ->  [CoreEvents.js:234] fire("PARSE_COMPLETE",[object XPCWrappedNative_NoHelper],[object HTMLDocument])
  ->  [aptEventHandler.js:337] observe([object XPCWrappedNative_NoHelper],"jaxerEvent.HTMLParseComplete",null)
paths:
  -> file:///E:/Aptana%20Jaxer%20Apache/Jaxer/Apache2-4Build/jaxer/framework/src/ModuleLogger.js
  -> file:///E:/Aptana%20Jaxer%20Apache/Jaxer/Apache2-4Build/jaxer/framework/src/CallbackManager.js
  -> file:///E:/Aptana%20Jaxer%20Apache/Jaxer/Apache2-4Build/jaxer/framework/src/HandlePage.js
  -> file:///E:/Aptana%20Jaxer%20Apache/Jaxer/Apache2-4Build/jaxer/framework/src/CoreEvents.js
  -> file:///E:/Aptana%20Jaxer%20Apache/Jaxer/Apache2-4Build/jaxer/components/aptEventHandler.js

01:10:22 12/24/2025 [ 32928] [TRACE] [JS Framework] [CallbackManager.processGlobalFunctions] source after: function xpathGrammarPrecedence(frame) {
    var ret = 0;
    if (frame.rule) {
        if (frame.rule.length >= 3 && frame.rule[2] >= 0) {
            ret = frame.rule[2];
        } else {
            for (var i = 0; i < frame.rule[1].length; ++i) {
                var p = xpathTokenPrecedence(frame.rule[1][i]);
                ret = Math.max(ret, p);
            }
        }
    } else if (frame.tag) {
        ret = xpathTokenPrecedence(frame.tag);
    } else if (frame.length) {
        for (var j = 0; j < frame.length; ++j) {
            var p = xpathGrammarPrecedence(frame[j]);
            ret = Math.max(ret, p);
        }
    }
    return ret;
}
stack:
  ->  [ModuleLogger.js:98] trace("source after: function xpathGrammarPrecedence(frame) {\n    var ret = 0;\n    if (frame.rule) {\n        if (frame.rule.length >= 3 && frame.rule[2] >= 0) {\n            ret = frame.rule[2];\n        } else {\n            for (var i = 0; i < frame.rule[1].length; ++i) {\n                var p = xpathTokenPrecedence(frame.rule[1][i]);\n                ret = Math.max(ret, p);\n            }\n        }\n    } else if (frame.tag) {\n        ret = xpathTokenPrecedence(frame.tag);\n    } else if (frame.length) {\n        for (var j = 0; j < frame.length; ++j) {\n            var p = xpathGrammarPrecedence(frame[j]);\n            ret = Math.max(ret, p);\n        }\n    }\n    return ret;\n}")
  ->  [CallbackManager.js:431] processGlobalFunctions([object Object])
  ->  [CallbackManager.js:70] processCallbacks([object HTMLDocument])
  ->  [HandlePage.js:63] onHandlePage([object XPCWrappedNative_NoHelper],[object HTMLDocument])
  ->  [CoreEvents.js:293] fireEvent("HANDLE_PAGE",[object Array])
  ->  [CoreEvents.js:234] fire("PARSE_COMPLETE",[object XPCWrappedNative_NoHelper],[object HTMLDocument])
  ->  [aptEventHandler.js:337] observe([object XPCWrappedNative_NoHelper],"jaxerEvent.HTMLParseComplete",null)
paths:
  -> file:///E:/Aptana%20Jaxer%20Apache/Jaxer/Apache2-4Build/jaxer/framework/src/ModuleLogger.js
  -> file:///E:/Aptana%20Jaxer%20Apache/Jaxer/Apache2-4Build/jaxer/framework/src/CallbackManager.js
  -> file:///E:/Aptana%20Jaxer%20Apache/Jaxer/Apache2-4Build/jaxer/framework/src/HandlePage.js
  -> file:///E:/Aptana%20Jaxer%20Apache/Jaxer/Apache2-4Build/jaxer/framework/src/CoreEvents.js
  -> file:///E:/Aptana%20Jaxer%20Apache/Jaxer/Apache2-4Build/jaxer/components/aptEventHandler.js

01:10:22 12/24/2025 [ 32928] [DEBUG] [JS Framework] [CallbackManager.processGlobalFunctions] Processing global function 'xpathGrammarPrecedence' with runat=server, proxy=false, effectiveRunat=server
stack:
  ->  [ModuleLogger.js:98] debug("Processing global function 'xpathGrammarPrecedence' with runat=server, proxy=false, effectiveRunat=server")
  ->  [CallbackManager.js:452] processGlobalFunctions([object Object])
  ->  [CallbackManager.js:70] processCallbacks([object HTMLDocument])
  ->  [HandlePage.js:63] onHandlePage([object XPCWrappedNative_NoHelper],[object HTMLDocument])
  ->  [CoreEvents.js:293] fireEvent("HANDLE_PAGE",[object Array])
  ->  [CoreEvents.js:234] fire("PARSE_COMPLETE",[object XPCWrappedNative_NoHelper],[object HTMLDocument])
  ->  [aptEventHandler.js:337] observe([object XPCWrappedNative_NoHelper],"jaxerEvent.HTMLParseComplete",null)
paths:
  -> file:///E:/Aptana%20Jaxer%20Apache/Jaxer/Apache2-4Build/jaxer/framework/src/ModuleLogger.js
  -> file:///E:/Aptana%20Jaxer%20Apache/Jaxer/Apache2-4Build/jaxer/framework/src/CallbackManager.js
  -> file:///E:/Aptana%20Jaxer%20Apache/Jaxer/Apache2-4Build/jaxer/framework/src/HandlePage.js
  -> file:///E:/Aptana%20Jaxer%20Apache/Jaxer/Apache2-4Build/jaxer/framework/src/CoreEvents.js
  -> file:///E:/Aptana%20Jaxer%20Apache/Jaxer/Apache2-4Build/jaxer/components/aptEventHandler.js

01:10:22 12/24/2025 [ 32928] [TRACE] [JS Framework] [CallbackManager.processGlobalFunctions] For runatFunctions member stackToString: handledInScripts.hasOwnProperty=false; typeof candidate: function
stack:
  ->  [ModuleLogger.js:98] trace("For runatFunctions member stackToString: handledInScripts.hasOwnProperty=false; typeof candidate: function")
  ->  [CallbackManager.js:410] processGlobalFunctions([object Object])
  ->  [CallbackManager.js:70] processCallbacks([object HTMLDocument])
  ->  [HandlePage.js:63] onHandlePage([object XPCWrappedNative_NoHelper],[object HTMLDocument])
  ->  [CoreEvents.js:293] fireEvent("HANDLE_PAGE",[object Array])
  ->  [CoreEvents.js:234] fire("PARSE_COMPLETE",[object XPCWrappedNative_NoHelper],[object HTMLDocument])
  ->  [aptEventHandler.js:337] observe([object XPCWrappedNative_NoHelper],"jaxerEvent.HTMLParseComplete",null)
paths:
  -> file:///E:/Aptana%20Jaxer%20Apache/Jaxer/Apache2-4Build/jaxer/framework/src/ModuleLogger.js
  -> file:///E:/Aptana%20Jaxer%20Apache/Jaxer/Apache2-4Build/jaxer/framework/src/CallbackManager.js
  -> file:///E:/Aptana%20Jaxer%20Apache/Jaxer/Apache2-4Build/jaxer/framework/src/HandlePage.js
  -> file:///E:/Aptana%20Jaxer%20Apache/Jaxer/Apache2-4Build/jaxer/framework/src/CoreEvents.js
  -> file:///E:/Aptana%20Jaxer%20Apache/Jaxer/Apache2-4Build/jaxer/components/aptEventHandler.js

01:10:22 12/24/2025 [ 32928] [TRACE] [JS Framework] [CallbackManager.processGlobalFunctions] source before: function stackToString(stack) {
    var ret = "";
    for (var i = 0; i < stack.length; ++i) {
        if (ret) {
            ret += "\n";
        }
        ret += stack[i].tag.label;
    }
    return ret;
}
stack:
  ->  [ModuleLogger.js:98] trace("source before: function stackToString(stack) {\n    var ret = \"\";\n    for (var i = 0; i < stack.length; ++i) {\n        if (ret) {\n            ret += \"\\n\";\n        }\n        ret += stack[i].tag.label;\n    }\n    return ret;\n}")
  ->  [CallbackManager.js:422] processGlobalFunctions([object Object])
  ->  [CallbackManager.js:70] processCallbacks([object HTMLDocument])
  ->  [HandlePage.js:63] onHandlePage([object XPCWrappedNative_NoHelper],[object HTMLDocument])
  ->  [CoreEvents.js:293] fireEvent("HANDLE_PAGE",[object Array])
  ->  [CoreEvents.js:234] fire("PARSE_COMPLETE",[object XPCWrappedNative_NoHelper],[object HTMLDocument])
  ->  [aptEventHandler.js:337] observe([object XPCWrappedNative_NoHelper],"jaxerEvent.HTMLParseComplete",null)
paths:
  -> file:///E:/Aptana%20Jaxer%20Apache/Jaxer/Apache2-4Build/jaxer/framework/src/ModuleLogger.js
  -> file:///E:/Aptana%20Jaxer%20Apache/Jaxer/Apache2-4Build/jaxer/framework/src/CallbackManager.js
  -> file:///E:/Aptana%20Jaxer%20Apache/Jaxer/Apache2-4Build/jaxer/framework/src/HandlePage.js
  -> file:///E:/Aptana%20Jaxer%20Apache/Jaxer/Apache2-4Build/jaxer/framework/src/CoreEvents.js
  -> file:///E:/Aptana%20Jaxer%20Apache/Jaxer/Apache2-4Build/jaxer/components/aptEventHandler.js

01:10:22 12/24/2025 [ 32928] [TRACE] [JS Framework] [CallbackManager.processGlobalFunctions] source after: function stackToString(stack) {
    var ret = "";
    for (var i = 0; i < stack.length; ++i) {
        if (ret) {
            ret += "\n";
        }
        ret += stack[i].tag.label;
    }
    return ret;
}
stack:
  ->  [ModuleLogger.js:98] trace("source after: function stackToString(stack) {\n    var ret = \"\";\n    for (var i = 0; i < stack.length; ++i) {\n        if (ret) {\n            ret += \"\\n\";\n        }\n        ret += stack[i].tag.label;\n    }\n    return ret;\n}")
  ->  [CallbackManager.js:431] processGlobalFunctions([object Object])
  ->  [CallbackManager.js:70] processCallbacks([object HTMLDocument])
  ->  [HandlePage.js:63] onHandlePage([object XPCWrappedNative_NoHelper],[object HTMLDocument])
  ->  [CoreEvents.js:293] fireEvent("HANDLE_PAGE",[object Array])
  ->  [CoreEvents.js:234] fire("PARSE_COMPLETE",[object XPCWrappedNative_NoHelper],[object HTMLDocument])
  ->  [aptEventHandler.js:337] observe([object XPCWrappedNative_NoHelper],"jaxerEvent.HTMLParseComplete",null)
paths:
  -> file:///E:/Aptana%20Jaxer%20Apache/Jaxer/Apache2-4Build/jaxer/framework/src/ModuleLogger.js
  -> file:///E:/Aptana%20Jaxer%20Apache/Jaxer/Apache2-4Build/jaxer/framework/src/CallbackManager.js
  -> file:///E:/Aptana%20Jaxer%20Apache/Jaxer/Apache2-4Build/jaxer/framework/src/HandlePage.js
  -> file:///E:/Aptana%20Jaxer%20Apache/Jaxer/Apache2-4Build/jaxer/framework/src/CoreEvents.js
  -> file:///E:/Aptana%20Jaxer%20Apache/Jaxer/Apache2-4Build/jaxer/components/aptEventHandler.js

01:10:22 12/24/2025 [ 32928] [DEBUG] [JS Framework] [CallbackManager.processGlobalFunctions] Processing global function 'stackToString' with runat=server, proxy=false, effectiveRunat=server
stack:
  ->  [ModuleLogger.js:98] debug("Processing global function 'stackToString' with runat=server, proxy=false, effectiveRunat=server")
  ->  [CallbackManager.js:452] processGlobalFunctions([object Object])
  ->  [CallbackManager.js:70] processCallbacks([object HTMLDocument])
  ->  [HandlePage.js:63] onHandlePage([object XPCWrappedNative_NoHelper],[object HTMLDocument])
  ->  [CoreEvents.js:293] fireEvent("HANDLE_PAGE",[object Array])
  ->  [CoreEvents.js:234] fire("PARSE_COMPLETE",[object XPCWrappedNative_NoHelper],[object HTMLDocument])
  ->  [aptEventHandler.js:337] observe([object XPCWrappedNative_NoHelper],"jaxerEvent.HTMLParseComplete",null)
paths:
  -> file:///E:/Aptana%20Jaxer%20Apache/Jaxer/Apache2-4Build/jaxer/framework/src/ModuleLogger.js
  -> file:///E:/Aptana%20Jaxer%20Apache/Jaxer/Apache2-4Build/jaxer/framework/src/CallbackManager.js
  -> file:///E:/Aptana%20Jaxer%20Apache/Jaxer/Apache2-4Build/jaxer/framework/src/HandlePage.js
  -> file:///E:/Aptana%20Jaxer%20Apache/Jaxer/Apache2-4Build/jaxer/framework/src/CoreEvents.js
  -> file:///E:/Aptana%20Jaxer%20Apache/Jaxer/Apache2-4Build/jaxer/components/aptEventHandler.js

01:10:22 12/24/2025 [ 32928] [TRACE] [JS Framework] [CallbackManager.processGlobalFunctions] For runatFunctions member ExprContext: handledInScripts.hasOwnProperty=false; typeof candidate: function
stack:
  ->  [ModuleLogger.js:98] trace("For runatFunctions member ExprContext: handledInScripts.hasOwnProperty=false; typeof candidate: function")
  ->  [CallbackManager.js:410] processGlobalFunctions([object Object])
  ->  [CallbackManager.js:70] processCallbacks([object HTMLDocument])
  ->  [HandlePage.js:63] onHandlePage([object XPCWrappedNative_NoHelper],[object HTMLDocument])
  ->  [CoreEvents.js:293] fireEvent("HANDLE_PAGE",[object Array])
  ->  [CoreEvents.js:234] fire("PARSE_COMPLETE",[object XPCWrappedNative_NoHelper],[object HTMLDocument])
  ->  [aptEventHandler.js:337] observe([object XPCWrappedNative_NoHelper],"jaxerEvent.HTMLParseComplete",null)
paths:
  -> file:///E:/Aptana%20Jaxer%20Apache/Jaxer/Apache2-4Build/jaxer/framework/src/ModuleLogger.js
  -> file:///E:/Aptana%20Jaxer%20Apache/Jaxer/Apache2-4Build/jaxer/framework/src/CallbackManager.js
  -> file:///E:/Aptana%20Jaxer%20Apache/Jaxer/Apache2-4Build/jaxer/framework/src/HandlePage.js
  -> file:///E:/Aptana%20Jaxer%20Apache/Jaxer/Apache2-4Build/jaxer/framework/src/CoreEvents.js
  -> file:///E:/Aptana%20Jaxer%20Apache/Jaxer/Apache2-4Build/jaxer/components/aptEventHandler.js

01:10:22 12/24/2025 [ 32928] [TRACE] [JS Framework] [CallbackManager.processGlobalFunctions] source before: function ExprContext(node, opt_position, opt_nodelist, opt_parent, opt_caseInsensitive, opt_ignoreAttributesWithoutValue) {
    this.node = node;
    this.position = opt_position || 0;
    this.nodelist = opt_nodelist || [node];
    this.variables = {};
    this.parent = opt_parent || null;
    this.caseInsensitive = opt_caseInsensitive || false;
    this.ignoreAttributesWithoutValue = opt_ignoreAttributesWithoutValue || false;
    if (opt_parent) {
        this.root = opt_parent.root;
    } else if (this.node.nodeType == DOM_DOCUMENT_NODE) {
        this.root = node;
    } else {
        this.root = node.ownerDocument;
    }
}
stack:
  ->  [ModuleLogger.js:98] trace("source before: function ExprContext(node, opt_position, opt_nodelist, opt_parent, opt_caseInsensitive, opt_ignoreAttributesWithoutValue) {\n    this.node = node;\n    this.position = opt_position || 0;\n    this.nodelist = opt_nodelist || [node];\n    this.variables = {};\n    this.parent = opt_parent || null;\n    this.caseInsensitive = opt_caseInsensitive || false;\n    this.ignoreAttributesWithoutValue = opt_ignoreAttributesWithoutValue || false;\n    if (opt_parent) {\n        this.root = opt_parent.root;\n    } else if (this.node.nodeType == DOM_DOCUMENT_NODE) {\n        this.root = node;\n    } else {\n        this.root = node.ownerDocument;\n    }\n}")
  ->  [CallbackManager.js:422] processGlobalFunctions([object Object])
  ->  [CallbackManager.js:70] processCallbacks([object HTMLDocument])
  ->  [HandlePage.js:63] onHandlePage([object XPCWrappedNative_NoHelper],[object HTMLDocument])
  ->  [CoreEvents.js:293] fireEvent("HANDLE_PAGE",[object Array])
  ->  [CoreEvents.js:234] fire("PARSE_COMPLETE",[object XPCWrappedNative_NoHelper],[object HTMLDocument])
  ->  [aptEventHandler.js:337] observe([object XPCWrappedNative_NoHelper],"jaxerEvent.HTMLParseComplete",null)
paths:
  -> file:///E:/Aptana%20Jaxer%20Apache/Jaxer/Apache2-4Build/jaxer/framework/src/ModuleLogger.js
  -> file:///E:/Aptana%20Jaxer%20Apache/Jaxer/Apache2-4Build/jaxer/framework/src/CallbackManager.js
  -> file:///E:/Aptana%20Jaxer%20Apache/Jaxer/Apache2-4Build/jaxer/framework/src/HandlePage.js
  -> file:///E:/Aptana%20Jaxer%20Apache/Jaxer/Apache2-4Build/jaxer/framework/src/CoreEvents.js
  -> file:///E:/Aptana%20Jaxer%20Apache/Jaxer/Apache2-4Build/jaxer/components/aptEventHandler.js

01:10:22 12/24/2025 [ 32928] [TRACE] [JS Framework] [CallbackManager.processGlobalFunctions] source after: function ExprContext(node, opt_position, opt_nodelist, opt_parent, opt_caseInsensitive, opt_ignoreAttributesWithoutValue) {
    this.node = node;
    this.position = opt_position || 0;
    this.nodelist = opt_nodelist || [node];
    this.variables = {};
    this.parent = opt_parent || null;
    this.caseInsensitive = opt_caseInsensitive || false;
    this.ignoreAttributesWithoutValue = opt_ignoreAttributesWithoutValue || false;
    if (opt_parent) {
        this.root = opt_parent.root;
    } else if (this.node.nodeType == DOM_DOCUMENT_NODE) {
        this.root = node;
    } else {
        this.root = node.ownerDocument;
    }
}
stack:
  ->  [ModuleLogger.js:98] trace("source after: function ExprContext(node, opt_position, opt_nodelist, opt_parent, opt_caseInsensitive, opt_ignoreAttributesWithoutValue) {\n    this.node = node;\n    this.position = opt_position || 0;\n    this.nodelist = opt_nodelist || [node];\n    this.variables = {};\n    this.parent = opt_parent || null;\n    this.caseInsensitive = opt_caseInsensitive || false;\n    this.ignoreAttributesWithoutValue = opt_ignoreAttributesWithoutValue || false;\n    if (opt_parent) {\n        this.root = opt_parent.root;\n    } else if (this.node.nodeType == DOM_DOCUMENT_NODE) {\n        this.root = node;\n    } else {\n        this.root = node.ownerDocument;\n    }\n}")
  ->  [CallbackManager.js:431] processGlobalFunctions([object Object])
  ->  [CallbackManager.js:70] processCallbacks([object HTMLDocument])
  ->  [HandlePage.js:63] onHandlePage([object XPCWrappedNative_NoHelper],[object HTMLDocument])
  ->  [CoreEvents.js:293] fireEvent("HANDLE_PAGE",[object Array])
  ->  [CoreEvents.js:234] fire("PARSE_COMPLETE",[object XPCWrappedNative_NoHelper],[object HTMLDocument])
  ->  [aptEventHandler.js:337] observe([object XPCWrappedNative_NoHelper],"jaxerEvent.HTMLParseComplete",null)
paths:
  -> file:///E:/Aptana%20Jaxer%20Apache/Jaxer/Apache2-4Build/jaxer/framework/src/ModuleLogger.js
  -> file:///E:/Aptana%20Jaxer%20Apache/Jaxer/Apache2-4Build/jaxer/framework/src/CallbackManager.js
  -> file:///E:/Aptana%20Jaxer%20Apache/Jaxer/Apache2-4Build/jaxer/framework/src/HandlePage.js
  -> file:///E:/Aptana%20Jaxer%20Apache/Jaxer/Apache2-4Build/jaxer/framework/src/CoreEvents.js
  -> file:///E:/Aptana%20Jaxer%20Apache/Jaxer/Apache2-4Build/jaxer/components/aptEventHandler.js

01:10:22 12/24/2025 [ 32928] [DEBUG] [JS Framework] [CallbackManager.processGlobalFunctions] Processing global function 'ExprContext' with runat=server, proxy=false, effectiveRunat=server
stack:
  ->  [ModuleLogger.js:98] debug("Processing global function 'ExprContext' with runat=server, proxy=false, effectiveRunat=server")
  ->  [CallbackManager.js:452] processGlobalFunctions([object Object])
  ->  [CallbackManager.js:70] processCallbacks([object HTMLDocument])
  ->  [HandlePage.js:63] onHandlePage([object XPCWrappedNative_NoHelper],[object HTMLDocument])
  ->  [CoreEvents.js:293] fireEvent("HANDLE_PAGE",[object Array])
  ->  [CoreEvents.js:234] fire("PARSE_COMPLETE",[object XPCWrappedNative_NoHelper],[object HTMLDocument])
  ->  [aptEventHandler.js:337] observe([object XPCWrappedNative_NoHelper],"jaxerEvent.HTMLParseComplete",null)
paths:
  -> file:///E:/Aptana%20Jaxer%20Apache/Jaxer/Apache2-4Build/jaxer/framework/src/ModuleLogger.js
  -> file:///E:/Aptana%20Jaxer%20Apache/Jaxer/Apache2-4Build/jaxer/framework/src/CallbackManager.js
  -> file:///E:/Aptana%20Jaxer%20Apache/Jaxer/Apache2-4Build/jaxer/framework/src/HandlePage.js
  -> file:///E:/Aptana%20Jaxer%20Apache/Jaxer/Apache2-4Build/jaxer/framework/src/CoreEvents.js
  -> file:///E:/Aptana%20Jaxer%20Apache/Jaxer/Apache2-4Build/jaxer/components/aptEventHandler.js

01:10:22 12/24/2025 [ 32928] [TRACE] [JS Framework] [CallbackManager.processGlobalFunctions] For runatFunctions member StringValue: handledInScripts.hasOwnProperty=false; typeof candidate: function
stack:
  ->  [ModuleLogger.js:98] trace("For runatFunctions member StringValue: handledInScripts.hasOwnProperty=false; typeof candidate: function")
  ->  [CallbackManager.js:410] processGlobalFunctions([object Object])
  ->  [CallbackManager.js:70] processCallbacks([object HTMLDocument])
  ->  [HandlePage.js:63] onHandlePage([object XPCWrappedNative_NoHelper],[object HTMLDocument])
  ->  [CoreEvents.js:293] fireEvent("HANDLE_PAGE",[object Array])
  ->  [CoreEvents.js:234] fire("PARSE_COMPLETE",[object XPCWrappedNative_NoHelper],[object HTMLDocument])
  ->  [aptEventHandler.js:337] observe([object XPCWrappedNative_NoHelper],"jaxerEvent.HTMLParseComplete",null)
paths:
  -> file:///E:/Aptana%20Jaxer%20Apache/Jaxer/Apache2-4Build/jaxer/framework/src/ModuleLogger.js
  -> file:///E:/Aptana%20Jaxer%20Apache/Jaxer/Apache2-4Build/jaxer/framework/src/CallbackManager.js
  -> file:///E:/Aptana%20Jaxer%20Apache/Jaxer/Apache2-4Build/jaxer/framework/src/HandlePage.js
  -> file:///E:/Aptana%20Jaxer%20Apache/Jaxer/Apache2-4Build/jaxer/framework/src/CoreEvents.js
  -> file:///E:/Aptana%20Jaxer%20Apache/Jaxer/Apache2-4Build/jaxer/components/aptEventHandler.js

01:10:22 12/24/2025 [ 32928] [TRACE] [JS Framework] [CallbackManager.processGlobalFunctions] source before: function StringValue(value) {
    this.value = value;
    this.type = "string";
}
stack:
  ->  [ModuleLogger.js:98] trace("source before: function StringValue(value) {\n    this.value = value;\n    this.type = \"string\";\n}")
  ->  [CallbackManager.js:422] processGlobalFunctions([object Object])
  ->  [CallbackManager.js:70] processCallbacks([object HTMLDocument])
  ->  [HandlePage.js:63] onHandlePage([object XPCWrappedNative_NoHelper],[object HTMLDocument])
  ->  [CoreEvents.js:293] fireEvent("HANDLE_PAGE",[object Array])
  ->  [CoreEvents.js:234] fire("PARSE_COMPLETE",[object XPCWrappedNative_NoHelper],[object HTMLDocument])
  ->  [aptEventHandler.js:337] observe([object XPCWrappedNative_NoHelper],"jaxerEvent.HTMLParseComplete",null)
paths:
  -> file:///E:/Aptana%20Jaxer%20Apache/Jaxer/Apache2-4Build/jaxer/framework/src/ModuleLogger.js
  -> file:///E:/Aptana%20Jaxer%20Apache/Jaxer/Apache2-4Build/jaxer/framework/src/CallbackManager.js
  -> file:///E:/Aptana%20Jaxer%20Apache/Jaxer/Apache2-4Build/jaxer/framework/src/HandlePage.js
  -> file:///E:/Aptana%20Jaxer%20Apache/Jaxer/Apache2-4Build/jaxer/framework/src/CoreEvents.js
  -> file:///E:/Aptana%20Jaxer%20Apache/Jaxer/Apache2-4Build/jaxer/components/aptEventHandler.js

01:10:22 12/24/2025 [ 32928] [TRACE] [JS Framework] [CallbackManager.processGlobalFunctions] source after: function StringValue(value) {
    this.value = value;
    this.type = "string";
}
stack:
  ->  [ModuleLogger.js:98] trace("source after: function StringValue(value) {\n    this.value = value;\n    this.type = \"string\";\n}")
  ->  [CallbackManager.js:431] processGlobalFunctions([object Object])
  ->  [CallbackManager.js:70] processCallbacks([object HTMLDocument])
  ->  [HandlePage.js:63] onHandlePage([object XPCWrappedNative_NoHelper],[object HTMLDocument])
  ->  [CoreEvents.js:293] fireEvent("HANDLE_PAGE",[object Array])
  ->  [CoreEvents.js:234] fire("PARSE_COMPLETE",[object XPCWrappedNative_NoHelper],[object HTMLDocument])
  ->  [aptEventHandler.js:337] observe([object XPCWrappedNative_NoHelper],"jaxerEvent.HTMLParseComplete",null)
paths:
  -> file:///E:/Aptana%20Jaxer%20Apache/Jaxer/Apache2-4Build/jaxer/framework/src/ModuleLogger.js
  -> file:///E:/Aptana%20Jaxer%20Apache/Jaxer/Apache2-4Build/jaxer/framework/src/CallbackManager.js
  -> file:///E:/Aptana%20Jaxer%20Apache/Jaxer/Apache2-4Build/jaxer/framework/src/HandlePage.js
  -> file:///E:/Aptana%20Jaxer%20Apache/Jaxer/Apache2-4Build/jaxer/framework/src/CoreEvents.js
  -> file:///E:/Aptana%20Jaxer%20Apache/Jaxer/Apache2-4Build/jaxer/components/aptEventHandler.js

01:10:22 12/24/2025 [ 32928] [DEBUG] [JS Framework] [CallbackManager.processGlobalFunctions] Processing global function 'StringValue' with runat=server, proxy=false, effectiveRunat=server
stack:
  ->  [ModuleLogger.js:98] debug("Processing global function 'StringValue' with runat=server, proxy=false, effectiveRunat=server")
  ->  [CallbackManager.js:452] processGlobalFunctions([object Object])
  ->  [CallbackManager.js:70] processCallbacks([object HTMLDocument])
  ->  [HandlePage.js:63] onHandlePage([object XPCWrappedNative_NoHelper],[object HTMLDocument])
  ->  [CoreEvents.js:293] fireEvent("HANDLE_PAGE",[object Array])
  ->  [CoreEvents.js:234] fire("PARSE_COMPLETE",[object XPCWrappedNative_NoHelper],[object HTMLDocument])
  ->  [aptEventHandler.js:337] observe([object XPCWrappedNative_NoHelper],"jaxerEvent.HTMLParseComplete",null)
paths:
  -> file:///E:/Aptana%20Jaxer%20Apache/Jaxer/Apache2-4Build/jaxer/framework/src/ModuleLogger.js
  -> file:///E:/Aptana%20Jaxer%20Apache/Jaxer/Apache2-4Build/jaxer/framework/src/CallbackManager.js
  -> file:///E:/Aptana%20Jaxer%20Apache/Jaxer/Apache2-4Build/jaxer/framework/src/HandlePage.js
  -> file:///E:/Aptana%20Jaxer%20Apache/Jaxer/Apache2-4Build/jaxer/framework/src/CoreEvents.js
  -> file:///E:/Aptana%20Jaxer%20Apache/Jaxer/Apache2-4Build/jaxer/components/aptEventHandler.js

01:10:22 12/24/2025 [ 32928] [TRACE] [JS Framework] [CallbackManager.processGlobalFunctions] For runatFunctions member BooleanValue: handledInScripts.hasOwnProperty=false; typeof candidate: function
stack:
  ->  [ModuleLogger.js:98] trace("For runatFunctions member BooleanValue: handledInScripts.hasOwnProperty=false; typeof candidate: function")
  ->  [CallbackManager.js:410] processGlobalFunctions([object Object])
  ->  [CallbackManager.js:70] processCallbacks([object HTMLDocument])
  ->  [HandlePage.js:63] onHandlePage([object XPCWrappedNative_NoHelper],[object HTMLDocument])
  ->  [CoreEvents.js:293] fireEvent("HANDLE_PAGE",[object Array])
  ->  [CoreEvents.js:234] fire("PARSE_COMPLETE",[object XPCWrappedNative_NoHelper],[object HTMLDocument])
  ->  [aptEventHandler.js:337] observe([object XPCWrappedNative_NoHelper],"jaxerEvent.HTMLParseComplete",null)
paths:
  -> file:///E:/Aptana%20Jaxer%20Apache/Jaxer/Apache2-4Build/jaxer/framework/src/ModuleLogger.js
  -> file:///E:/Aptana%20Jaxer%20Apache/Jaxer/Apache2-4Build/jaxer/framework/src/CallbackManager.js
  -> file:///E:/Aptana%20Jaxer%20Apache/Jaxer/Apache2-4Build/jaxer/framework/src/HandlePage.js
  -> file:///E:/Aptana%20Jaxer%20Apache/Jaxer/Apache2-4Build/jaxer/framework/src/CoreEvents.js
  -> file:///E:/Aptana%20Jaxer%20Apache/Jaxer/Apache2-4Build/jaxer/components/aptEventHandler.js

01:10:22 12/24/2025 [ 32928] [TRACE] [JS Framework] [CallbackManager.processGlobalFunctions] source before: function BooleanValue(value) {
    this.value = value;
    this.type = "boolean";
}
stack:
  ->  [ModuleLogger.js:98] trace("source before: function BooleanValue(value) {\n    this.value = value;\n    this.type = \"boolean\";\n}")
  ->  [CallbackManager.js:422] processGlobalFunctions([object Object])
  ->  [CallbackManager.js:70] processCallbacks([object HTMLDocument])
  ->  [HandlePage.js:63] onHandlePage([object XPCWrappedNative_NoHelper],[object HTMLDocument])
  ->  [CoreEvents.js:293] fireEvent("HANDLE_PAGE",[object Array])
  ->  [CoreEvents.js:234] fire("PARSE_COMPLETE",[object XPCWrappedNative_NoHelper],[object HTMLDocument])
  ->  [aptEventHandler.js:337] observe([object XPCWrappedNative_NoHelper],"jaxerEvent.HTMLParseComplete",null)
paths:
  -> file:///E:/Aptana%20Jaxer%20Apache/Jaxer/Apache2-4Build/jaxer/framework/src/ModuleLogger.js
  -> file:///E:/Aptana%20Jaxer%20Apache/Jaxer/Apache2-4Build/jaxer/framework/src/CallbackManager.js
  -> file:///E:/Aptana%20Jaxer%20Apache/Jaxer/Apache2-4Build/jaxer/framework/src/HandlePage.js
  -> file:///E:/Aptana%20Jaxer%20Apache/Jaxer/Apache2-4Build/jaxer/framework/src/CoreEvents.js
  -> file:///E:/Aptana%20Jaxer%20Apache/Jaxer/Apache2-4Build/jaxer/components/aptEventHandler.js

01:10:22 12/24/2025 [ 32928] [TRACE] [JS Framework] [CallbackManager.processGlobalFunctions] source after: function BooleanValue(value) {
    this.value = value;
    this.type = "boolean";
}
stack:
  ->  [ModuleLogger.js:98] trace("source after: function BooleanValue(value) {\n    this.value = value;\n    this.type = \"boolean\";\n}")
  ->  [CallbackManager.js:431] processGlobalFunctions([object Object])
  ->  [CallbackManager.js:70] processCallbacks([object HTMLDocument])
  ->  [HandlePage.js:63] onHandlePage([object XPCWrappedNative_NoHelper],[object HTMLDocument])
  ->  [CoreEvents.js:293] fireEvent("HANDLE_PAGE",[object Array])
  ->  [CoreEvents.js:234] fire("PARSE_COMPLETE",[object XPCWrappedNative_NoHelper],[object HTMLDocument])
  ->  [aptEventHandler.js:337] observe([object XPCWrappedNative_NoHelper],"jaxerEvent.HTMLParseComplete",null)
paths:
  -> file:///E:/Aptana%20Jaxer%20Apache/Jaxer/Apache2-4Build/jaxer/framework/src/ModuleLogger.js
  -> file:///E:/Aptana%20Jaxer%20Apache/Jaxer/Apache2-4Build/jaxer/framework/src/CallbackManager.js
  -> file:///E:/Aptana%20Jaxer%20Apache/Jaxer/Apache2-4Build/jaxer/framework/src/HandlePage.js
  -> file:///E:/Aptana%20Jaxer%20Apache/Jaxer/Apache2-4Build/jaxer/framework/src/CoreEvents.js
  -> file:///E:/Aptana%20Jaxer%20Apache/Jaxer/Apache2-4Build/jaxer/components/aptEventHandler.js

01:10:22 12/24/2025 [ 32928] [DEBUG] [JS Framework] [CallbackManager.processGlobalFunctions] Processing global function 'BooleanValue' with runat=server, proxy=false, effectiveRunat=server
stack:
  ->  [ModuleLogger.js:98] debug("Processing global function 'BooleanValue' with runat=server, proxy=false, effectiveRunat=server")
  ->  [CallbackManager.js:452] processGlobalFunctions([object Object])
  ->  [CallbackManager.js:70] processCallbacks([object HTMLDocument])
  ->  [HandlePage.js:63] onHandlePage([object XPCWrappedNative_NoHelper],[object HTMLDocument])
  ->  [CoreEvents.js:293] fireEvent("HANDLE_PAGE",[object Array])
  ->  [CoreEvents.js:234] fire("PARSE_COMPLETE",[object XPCWrappedNative_NoHelper],[object HTMLDocument])
  ->  [aptEventHandler.js:337] observe([object XPCWrappedNative_NoHelper],"jaxerEvent.HTMLParseComplete",null)
paths:
  -> file:///E:/Aptana%20Jaxer%20Apache/Jaxer/Apache2-4Build/jaxer/framework/src/ModuleLogger.js
  -> file:///E:/Aptana%20Jaxer%20Apache/Jaxer/Apache2-4Build/jaxer/framework/src/CallbackManager.js
  -> file:///E:/Aptana%20Jaxer%20Apache/Jaxer/Apache2-4Build/jaxer/framework/src/HandlePage.js
  -> file:///E:/Aptana%20Jaxer%20Apache/Jaxer/Apache2-4Build/jaxer/framework/src/CoreEvents.js
  -> file:///E:/Aptana%20Jaxer%20Apache/Jaxer/Apache2-4Build/jaxer/components/aptEventHandler.js

01:10:22 12/24/2025 [ 32928] [TRACE] [JS Framework] [CallbackManager.processGlobalFunctions] For runatFunctions member NumberValue: handledInScripts.hasOwnProperty=false; typeof candidate: function
stack:
  ->  [ModuleLogger.js:98] trace("For runatFunctions member NumberValue: handledInScripts.hasOwnProperty=false; typeof candidate: function")
  ->  [CallbackManager.js:410] processGlobalFunctions([object Object])
  ->  [CallbackManager.js:70] processCallbacks([object HTMLDocument])
  ->  [HandlePage.js:63] onHandlePage([object XPCWrappedNative_NoHelper],[object HTMLDocument])
  ->  [CoreEvents.js:293] fireEvent("HANDLE_PAGE",[object Array])
  ->  [CoreEvents.js:234] fire("PARSE_COMPLETE",[object XPCWrappedNative_NoHelper],[object HTMLDocument])
  ->  [aptEventHandler.js:337] observe([object XPCWrappedNative_NoHelper],"jaxerEvent.HTMLParseComplete",null)
paths:
  -> file:///E:/Aptana%20Jaxer%20Apache/Jaxer/Apache2-4Build/jaxer/framework/src/ModuleLogger.js
  -> file:///E:/Aptana%20Jaxer%20Apache/Jaxer/Apache2-4Build/jaxer/framework/src/CallbackManager.js
  -> file:///E:/Aptana%20Jaxer%20Apache/Jaxer/Apache2-4Build/jaxer/framework/src/HandlePage.js
  -> file:///E:/Aptana%20Jaxer%20Apache/Jaxer/Apache2-4Build/jaxer/framework/src/CoreEvents.js
  -> file:///E:/Aptana%20Jaxer%20Apache/Jaxer/Apache2-4Build/jaxer/components/aptEventHandler.js

01:10:22 12/24/2025 [ 32928] [TRACE] [JS Framework] [CallbackManager.processGlobalFunctions] source before: function NumberValue(value) {
    this.value = value;
    this.type = "number";
}
stack:
  ->  [ModuleLogger.js:98] trace("source before: function NumberValue(value) {\n    this.value = value;\n    this.type = \"number\";\n}")
  ->  [CallbackManager.js:422] processGlobalFunctions([object Object])
  ->  [CallbackManager.js:70] processCallbacks([object HTMLDocument])
  ->  [HandlePage.js:63] onHandlePage([object XPCWrappedNative_NoHelper],[object HTMLDocument])
  ->  [CoreEvents.js:293] fireEvent("HANDLE_PAGE",[object Array])
  ->  [CoreEvents.js:234] fire("PARSE_COMPLETE",[object XPCWrappedNative_NoHelper],[object HTMLDocument])
  ->  [aptEventHandler.js:337] observe([object XPCWrappedNative_NoHelper],"jaxerEvent.HTMLParseComplete",null)
paths:
  -> file:///E:/Aptana%20Jaxer%20Apache/Jaxer/Apache2-4Build/jaxer/framework/src/ModuleLogger.js
  -> file:///E:/Aptana%20Jaxer%20Apache/Jaxer/Apache2-4Build/jaxer/framework/src/CallbackManager.js
  -> file:///E:/Aptana%20Jaxer%20Apache/Jaxer/Apache2-4Build/jaxer/framework/src/HandlePage.js
  -> file:///E:/Aptana%20Jaxer%20Apache/Jaxer/Apache2-4Build/jaxer/framework/src/CoreEvents.js
  -> file:///E:/Aptana%20Jaxer%20Apache/Jaxer/Apache2-4Build/jaxer/components/aptEventHandler.js

01:10:22 12/24/2025 [ 32928] [TRACE] [JS Framework] [CallbackManager.processGlobalFunctions] source after: function NumberValue(value) {
    this.value = value;
    this.type = "number";
}
stack:
  ->  [ModuleLogger.js:98] trace("source after: function NumberValue(value) {\n    this.value = value;\n    this.type = \"number\";\n}")
  ->  [CallbackManager.js:431] processGlobalFunctions([object Object])
  ->  [CallbackManager.js:70] processCallbacks([object HTMLDocument])
  ->  [HandlePage.js:63] onHandlePage([object XPCWrappedNative_NoHelper],[object HTMLDocument])
  ->  [CoreEvents.js:293] fireEvent("HANDLE_PAGE",[object Array])
  ->  [CoreEvents.js:234] fire("PARSE_COMPLETE",[object XPCWrappedNative_NoHelper],[object HTMLDocument])
  ->  [aptEventHandler.js:337] observe([object XPCWrappedNative_NoHelper],"jaxerEvent.HTMLParseComplete",null)
paths:
  -> file:///E:/Aptana%20Jaxer%20Apache/Jaxer/Apache2-4Build/jaxer/framework/src/ModuleLogger.js
  -> file:///E:/Aptana%20Jaxer%20Apache/Jaxer/Apache2-4Build/jaxer/framework/src/CallbackManager.js
  -> file:///E:/Aptana%20Jaxer%20Apache/Jaxer/Apache2-4Build/jaxer/framework/src/HandlePage.js
  -> file:///E:/Aptana%20Jaxer%20Apache/Jaxer/Apache2-4Build/jaxer/framework/src/CoreEvents.js
  -> file:///E:/Aptana%20Jaxer%20Apache/Jaxer/Apache2-4Build/jaxer/components/aptEventHandler.js

01:10:22 12/24/2025 [ 32928] [DEBUG] [JS Framework] [CallbackManager.processGlobalFunctions] Processing global function 'NumberValue' with runat=server, proxy=false, effectiveRunat=server
stack:
  ->  [ModuleLogger.js:98] debug("Processing global function 'NumberValue' with runat=server, proxy=false, effectiveRunat=server")
  ->  [CallbackManager.js:452] processGlobalFunctions([object Object])
  ->  [CallbackManager.js:70] processCallbacks([object HTMLDocument])
  ->  [HandlePage.js:63] onHandlePage([object XPCWrappedNative_NoHelper],[object HTMLDocument])
  ->  [CoreEvents.js:293] fireEvent("HANDLE_PAGE",[object Array])
  ->  [CoreEvents.js:234] fire("PARSE_COMPLETE",[object XPCWrappedNative_NoHelper],[object HTMLDocument])
  ->  [aptEventHandler.js:337] observe([object XPCWrappedNative_NoHelper],"jaxerEvent.HTMLParseComplete",null)
paths:
  -> file:///E:/Aptana%20Jaxer%20Apache/Jaxer/Apache2-4Build/jaxer/framework/src/ModuleLogger.js
  -> file:///E:/Aptana%20Jaxer%20Apache/Jaxer/Apache2-4Build/jaxer/framework/src/CallbackManager.js
  -> file:///E:/Aptana%20Jaxer%20Apache/Jaxer/Apache2-4Build/jaxer/framework/src/HandlePage.js
  -> file:///E:/Aptana%20Jaxer%20Apache/Jaxer/Apache2-4Build/jaxer/framework/src/CoreEvents.js
  -> file:///E:/Aptana%20Jaxer%20Apache/Jaxer/Apache2-4Build/jaxer/components/aptEventHandler.js

01:10:22 12/24/2025 [ 32928] [TRACE] [JS Framework] [CallbackManager.processGlobalFunctions] For runatFunctions member NodeSetValue: handledInScripts.hasOwnProperty=false; typeof candidate: function
stack:
  ->  [ModuleLogger.js:98] trace("For runatFunctions member NodeSetValue: handledInScripts.hasOwnProperty=false; typeof candidate: function")
  ->  [CallbackManager.js:410] processGlobalFunctions([object Object])
  ->  [CallbackManager.js:70] processCallbacks([object HTMLDocument])
  ->  [HandlePage.js:63] onHandlePage([object XPCWrappedNative_NoHelper],[object HTMLDocument])
  ->  [CoreEvents.js:293] fireEvent("HANDLE_PAGE",[object Array])
  ->  [CoreEvents.js:234] fire("PARSE_COMPLETE",[object XPCWrappedNative_NoHelper],[object HTMLDocument])
  ->  [aptEventHandler.js:337] observe([object XPCWrappedNative_NoHelper],"jaxerEvent.HTMLParseComplete",null)
paths:
  -> file:///E:/Aptana%20Jaxer%20Apache/Jaxer/Apache2-4Build/jaxer/framework/src/ModuleLogger.js
  -> file:///E:/Aptana%20Jaxer%20Apache/Jaxer/Apache2-4Build/jaxer/framework/src/CallbackManager.js
  -> file:///E:/Aptana%20Jaxer%20Apache/Jaxer/Apache2-4Build/jaxer/framework/src/HandlePage.js
  -> file:///E:/Aptana%20Jaxer%20Apache/Jaxer/Apache2-4Build/jaxer/framework/src/CoreEvents.js
  -> file:///E:/Aptana%20Jaxer%20Apache/Jaxer/Apache2-4Build/jaxer/components/aptEventHandler.js

01:10:22 12/24/2025 [ 32928] [TRACE] [JS Framework] [CallbackManager.processGlobalFunctions] source before: function NodeSetValue(value) {
    this.value = value;
    this.type = "node-set";
}
stack:
  ->  [ModuleLogger.js:98] trace("source before: function NodeSetValue(value) {\n    this.value = value;\n    this.type = \"node-set\";\n}")
  ->  [CallbackManager.js:422] processGlobalFunctions([object Object])
  ->  [CallbackManager.js:70] processCallbacks([object HTMLDocument])
  ->  [HandlePage.js:63] onHandlePage([object XPCWrappedNative_NoHelper],[object HTMLDocument])
  ->  [CoreEvents.js:293] fireEvent("HANDLE_PAGE",[object Array])
  ->  [CoreEvents.js:234] fire("PARSE_COMPLETE",[object XPCWrappedNative_NoHelper],[object HTMLDocument])
  ->  [aptEventHandler.js:337] observe([object XPCWrappedNative_NoHelper],"jaxerEvent.HTMLParseComplete",null)
paths:
  -> file:///E:/Aptana%20Jaxer%20Apache/Jaxer/Apache2-4Build/jaxer/framework/src/ModuleLogger.js
  -> file:///E:/Aptana%20Jaxer%20Apache/Jaxer/Apache2-4Build/jaxer/framework/src/CallbackManager.js
  -> file:///E:/Aptana%20Jaxer%20Apache/Jaxer/Apache2-4Build/jaxer/framework/src/HandlePage.js
  -> file:///E:/Aptana%20Jaxer%20Apache/Jaxer/Apache2-4Build/jaxer/framework/src/CoreEvents.js
  -> file:///E:/Aptana%20Jaxer%20Apache/Jaxer/Apache2-4Build/jaxer/components/aptEventHandler.js

01:10:22 12/24/2025 [ 32928] [TRACE] [JS Framework] [CallbackManager.processGlobalFunctions] source after: function NodeSetValue(value) {
    this.value = value;
    this.type = "node-set";
}
stack:
  ->  [ModuleLogger.js:98] trace("source after: function NodeSetValue(value) {\n    this.value = value;\n    this.type = \"node-set\";\n}")
  ->  [CallbackManager.js:431] processGlobalFunctions([object Object])
  ->  [CallbackManager.js:70] processCallbacks([object HTMLDocument])
  ->  [HandlePage.js:63] onHandlePage([object XPCWrappedNative_NoHelper],[object HTMLDocument])
  ->  [CoreEvents.js:293] fireEvent("HANDLE_PAGE",[object Array])
  ->  [CoreEvents.js:234] fire("PARSE_COMPLETE",[object XPCWrappedNative_NoHelper],[object HTMLDocument])
  ->  [aptEventHandler.js:337] observe([object XPCWrappedNative_NoHelper],"jaxerEvent.HTMLParseComplete",null)
paths:
  -> file:///E:/Aptana%20Jaxer%20Apache/Jaxer/Apache2-4Build/jaxer/framework/src/ModuleLogger.js
  -> file:///E:/Aptana%20Jaxer%20Apache/Jaxer/Apache2-4Build/jaxer/framework/src/CallbackManager.js
  -> file:///E:/Aptana%20Jaxer%20Apache/Jaxer/Apache2-4Build/jaxer/framework/src/HandlePage.js
  -> file:///E:/Aptana%20Jaxer%20Apache/Jaxer/Apache2-4Build/jaxer/framework/src/CoreEvents.js
  -> file:///E:/Aptana%20Jaxer%20Apache/Jaxer/Apache2-4Build/jaxer/components/aptEventHandler.js

01:10:22 12/24/2025 [ 32928] [DEBUG] [JS Framework] [CallbackManager.processGlobalFunctions] Processing global function 'NodeSetValue' with runat=server, proxy=false, effectiveRunat=server
stack:
  ->  [ModuleLogger.js:98] debug("Processing global function 'NodeSetValue' with runat=server, proxy=false, effectiveRunat=server")
  ->  [CallbackManager.js:452] processGlobalFunctions([object Object])
  ->  [CallbackManager.js:70] processCallbacks([object HTMLDocument])
  ->  [HandlePage.js:63] onHandlePage([object XPCWrappedNative_NoHelper],[object HTMLDocument])
  ->  [CoreEvents.js:293] fireEvent("HANDLE_PAGE",[object Array])
  ->  [CoreEvents.js:234] fire("PARSE_COMPLETE",[object XPCWrappedNative_NoHelper],[object HTMLDocument])
  ->  [aptEventHandler.js:337] observe([object XPCWrappedNative_NoHelper],"jaxerEvent.HTMLParseComplete",null)
paths:
  -> file:///E:/Aptana%20Jaxer%20Apache/Jaxer/Apache2-4Build/jaxer/framework/src/ModuleLogger.js
  -> file:///E:/Aptana%20Jaxer%20Apache/Jaxer/Apache2-4Build/jaxer/framework/src/CallbackManager.js
  -> file:///E:/Aptana%20Jaxer%20Apache/Jaxer/Apache2-4Build/jaxer/framework/src/HandlePage.js
  -> file:///E:/Aptana%20Jaxer%20Apache/Jaxer/Apache2-4Build/jaxer/framework/src/CoreEvents.js
  -> file:///E:/Aptana%20Jaxer%20Apache/Jaxer/Apache2-4Build/jaxer/components/aptEventHandler.js

01:10:22 12/24/2025 [ 32928] [TRACE] [JS Framework] [CallbackManager.processGlobalFunctions] For runatFunctions member TokenExpr: handledInScripts.hasOwnProperty=false; typeof candidate: function
stack:
  ->  [ModuleLogger.js:98] trace("For runatFunctions member TokenExpr: handledInScripts.hasOwnProperty=false; typeof candidate: function")
  ->  [CallbackManager.js:410] processGlobalFunctions([object Object])
  ->  [CallbackManager.js:70] processCallbacks([object HTMLDocument])
  ->  [HandlePage.js:63] onHandlePage([object XPCWrappedNative_NoHelper],[object HTMLDocument])
  ->  [CoreEvents.js:293] fireEvent("HANDLE_PAGE",[object Array])
  ->  [CoreEvents.js:234] fire("PARSE_COMPLETE",[object XPCWrappedNative_NoHelper],[object HTMLDocument])
  ->  [aptEventHandler.js:337] observe([object XPCWrappedNative_NoHelper],"jaxerEvent.HTMLParseComplete",null)
paths:
  -> file:///E:/Aptana%20Jaxer%20Apache/Jaxer/Apache2-4Build/jaxer/framework/src/ModuleLogger.js
  -> file:///E:/Aptana%20Jaxer%20Apache/Jaxer/Apache2-4Build/jaxer/framework/src/CallbackManager.js
  -> file:///E:/Aptana%20Jaxer%20Apache/Jaxer/Apache2-4Build/jaxer/framework/src/HandlePage.js
  -> file:///E:/Aptana%20Jaxer%20Apache/Jaxer/Apache2-4Build/jaxer/framework/src/CoreEvents.js
  -> file:///E:/Aptana%20Jaxer%20Apache/Jaxer/Apache2-4Build/jaxer/components/aptEventHandler.js

01:10:22 12/24/2025 [ 32928] [TRACE] [JS Framework] [CallbackManager.processGlobalFunctions] source before: function TokenExpr(m) {
    this.value = m;
}
stack:
  ->  [ModuleLogger.js:98] trace("source before: function TokenExpr(m) {\n    this.value = m;\n}")
  ->  [CallbackManager.js:422] processGlobalFunctions([object Object])
  ->  [CallbackManager.js:70] processCallbacks([object HTMLDocument])
  ->  [HandlePage.js:63] onHandlePage([object XPCWrappedNative_NoHelper],[object HTMLDocument])
  ->  [CoreEvents.js:293] fireEvent("HANDLE_PAGE",[object Array])
  ->  [CoreEvents.js:234] fire("PARSE_COMPLETE",[object XPCWrappedNative_NoHelper],[object HTMLDocument])
  ->  [aptEventHandler.js:337] observe([object XPCWrappedNative_NoHelper],"jaxerEvent.HTMLParseComplete",null)
paths:
  -> file:///E:/Aptana%20Jaxer%20Apache/Jaxer/Apache2-4Build/jaxer/framework/src/ModuleLogger.js
  -> file:///E:/Aptana%20Jaxer%20Apache/Jaxer/Apache2-4Build/jaxer/framework/src/CallbackManager.js
  -> file:///E:/Aptana%20Jaxer%20Apache/Jaxer/Apache2-4Build/jaxer/framework/src/HandlePage.js
  -> file:///E:/Aptana%20Jaxer%20Apache/Jaxer/Apache2-4Build/jaxer/framework/src/CoreEvents.js
  -> file:///E:/Aptana%20Jaxer%20Apache/Jaxer/Apache2-4Build/jaxer/components/aptEventHandler.js

01:10:22 12/24/2025 [ 32928] [TRACE] [JS Framework] [CallbackManager.processGlobalFunctions] source after: function TokenExpr(m) {
    this.value = m;
}
stack:
  ->  [ModuleLogger.js:98] trace("source after: function TokenExpr(m) {\n    this.value = m;\n}")
  ->  [CallbackManager.js:431] processGlobalFunctions([object Object])
  ->  [CallbackManager.js:70] processCallbacks([object HTMLDocument])
  ->  [HandlePage.js:63] onHandlePage([object XPCWrappedNative_NoHelper],[object HTMLDocument])
  ->  [CoreEvents.js:293] fireEvent("HANDLE_PAGE",[object Array])
  ->  [CoreEvents.js:234] fire("PARSE_COMPLETE",[object XPCWrappedNative_NoHelper],[object HTMLDocument])
  ->  [aptEventHandler.js:337] observe([object XPCWrappedNative_NoHelper],"jaxerEvent.HTMLParseComplete",null)
paths:
  -> file:///E:/Aptana%20Jaxer%20Apache/Jaxer/Apache2-4Build/jaxer/framework/src/ModuleLogger.js
  -> file:///E:/Aptana%20Jaxer%20Apache/Jaxer/Apache2-4Build/jaxer/framework/src/CallbackManager.js
  -> file:///E:/Aptana%20Jaxer%20Apache/Jaxer/Apache2-4Build/jaxer/framework/src/HandlePage.js
  -> file:///E:/Aptana%20Jaxer%20Apache/Jaxer/Apache2-4Build/jaxer/framework/src/CoreEvents.js
  -> file:///E:/Aptana%20Jaxer%20Apache/Jaxer/Apache2-4Build/jaxer/components/aptEventHandler.js

01:10:22 12/24/2025 [ 32928] [DEBUG] [JS Framework] [CallbackManager.processGlobalFunctions] Processing global function 'TokenExpr' with runat=server, proxy=false, effectiveRunat=server
stack:
  ->  [ModuleLogger.js:98] debug("Processing global function 'TokenExpr' with runat=server, proxy=false, effectiveRunat=server")
  ->  [CallbackManager.js:452] processGlobalFunctions([object Object])
  ->  [CallbackManager.js:70] processCallbacks([object HTMLDocument])
  ->  [HandlePage.js:63] onHandlePage([object XPCWrappedNative_NoHelper],[object HTMLDocument])
  ->  [CoreEvents.js:293] fireEvent("HANDLE_PAGE",[object Array])
  ->  [CoreEvents.js:234] fire("PARSE_COMPLETE",[object XPCWrappedNative_NoHelper],[object HTMLDocument])
  ->  [aptEventHandler.js:337] observe([object XPCWrappedNative_NoHelper],"jaxerEvent.HTMLParseComplete",null)
paths:
  -> file:///E:/Aptana%20Jaxer%20Apache/Jaxer/Apache2-4Build/jaxer/framework/src/ModuleLogger.js
  -> file:///E:/Aptana%20Jaxer%20Apache/Jaxer/Apache2-4Build/jaxer/framework/src/CallbackManager.js
  -> file:///E:/Aptana%20Jaxer%20Apache/Jaxer/Apache2-4Build/jaxer/framework/src/HandlePage.js
  -> file:///E:/Aptana%20Jaxer%20Apache/Jaxer/Apache2-4Build/jaxer/framework/src/CoreEvents.js
  -> file:///E:/Aptana%20Jaxer%20Apache/Jaxer/Apache2-4Build/jaxer/components/aptEventHandler.js

01:10:22 12/24/2025 [ 32928] [TRACE] [JS Framework] [CallbackManager.processGlobalFunctions] For runatFunctions member LocationExpr: handledInScripts.hasOwnProperty=false; typeof candidate: function
stack:
  ->  [ModuleLogger.js:98] trace("For runatFunctions member LocationExpr: handledInScripts.hasOwnProperty=false; typeof candidate: function")
  ->  [CallbackManager.js:410] processGlobalFunctions([object Object])
  ->  [CallbackManager.js:70] processCallbacks([object HTMLDocument])
  ->  [HandlePage.js:63] onHandlePage([object XPCWrappedNative_NoHelper],[object HTMLDocument])
  ->  [CoreEvents.js:293] fireEvent("HANDLE_PAGE",[object Array])
  ->  [CoreEvents.js:234] fire("PARSE_COMPLETE",[object XPCWrappedNative_NoHelper],[object HTMLDocument])
  ->  [aptEventHandler.js:337] observe([object XPCWrappedNative_NoHelper],"jaxerEvent.HTMLParseComplete",null)
paths:
  -> file:///E:/Aptana%20Jaxer%20Apache/Jaxer/Apache2-4Build/jaxer/framework/src/ModuleLogger.js
  -> file:///E:/Aptana%20Jaxer%20Apache/Jaxer/Apache2-4Build/jaxer/framework/src/CallbackManager.js
  -> file:///E:/Aptana%20Jaxer%20Apache/Jaxer/Apache2-4Build/jaxer/framework/src/HandlePage.js
  -> file:///E:/Aptana%20Jaxer%20Apache/Jaxer/Apache2-4Build/jaxer/framework/src/CoreEvents.js
  -> file:///E:/Aptana%20Jaxer%20Apache/Jaxer/Apache2-4Build/jaxer/components/aptEventHandler.js

01:10:22 12/24/2025 [ 32928] [TRACE] [JS Framework] [CallbackManager.processGlobalFunctions] source before: function LocationExpr() {
    this.absolute = false;
    this.steps = [];
}
stack:
  ->  [ModuleLogger.js:98] trace("source before: function LocationExpr() {\n    this.absolute = false;\n    this.steps = [];\n}")
  ->  [CallbackManager.js:422] processGlobalFunctions([object Object])
  ->  [CallbackManager.js:70] processCallbacks([object HTMLDocument])
  ->  [HandlePage.js:63] onHandlePage([object XPCWrappedNative_NoHelper],[object HTMLDocument])
  ->  [CoreEvents.js:293] fireEvent("HANDLE_PAGE",[object Array])
  ->  [CoreEvents.js:234] fire("PARSE_COMPLETE",[object XPCWrappedNative_NoHelper],[object HTMLDocument])
  ->  [aptEventHandler.js:337] observe([object XPCWrappedNative_NoHelper],"jaxerEvent.HTMLParseComplete",null)
paths:
  -> file:///E:/Aptana%20Jaxer%20Apache/Jaxer/Apache2-4Build/jaxer/framework/src/ModuleLogger.js
  -> file:///E:/Aptana%20Jaxer%20Apache/Jaxer/Apache2-4Build/jaxer/framework/src/CallbackManager.js
  -> file:///E:/Aptana%20Jaxer%20Apache/Jaxer/Apache2-4Build/jaxer/framework/src/HandlePage.js
  -> file:///E:/Aptana%20Jaxer%20Apache/Jaxer/Apache2-4Build/jaxer/framework/src/CoreEvents.js
  -> file:///E:/Aptana%20Jaxer%20Apache/Jaxer/Apache2-4Build/jaxer/components/aptEventHandler.js

01:10:22 12/24/2025 [ 32928] [TRACE] [JS Framework] [CallbackManager.processGlobalFunctions] source after: function LocationExpr() {
    this.absolute = false;
    this.steps = [];
}
stack:
  ->  [ModuleLogger.js:98] trace("source after: function LocationExpr() {\n    this.absolute = false;\n    this.steps = [];\n}")
  ->  [CallbackManager.js:431] processGlobalFunctions([object Object])
  ->  [CallbackManager.js:70] processCallbacks([object HTMLDocument])
  ->  [HandlePage.js:63] onHandlePage([object XPCWrappedNative_NoHelper],[object HTMLDocument])
  ->  [CoreEvents.js:293] fireEvent("HANDLE_PAGE",[object Array])
  ->  [CoreEvents.js:234] fire("PARSE_COMPLETE",[object XPCWrappedNative_NoHelper],[object HTMLDocument])
  ->  [aptEventHandler.js:337] observe([object XPCWrappedNative_NoHelper],"jaxerEvent.HTMLParseComplete",null)
paths:
  -> file:///E:/Aptana%20Jaxer%20Apache/Jaxer/Apache2-4Build/jaxer/framework/src/ModuleLogger.js
  -> file:///E:/Aptana%20Jaxer%20Apache/Jaxer/Apache2-4Build/jaxer/framework/src/CallbackManager.js
  -> file:///E:/Aptana%20Jaxer%20Apache/Jaxer/Apache2-4Build/jaxer/framework/src/HandlePage.js
  -> file:///E:/Aptana%20Jaxer%20Apache/Jaxer/Apache2-4Build/jaxer/framework/src/CoreEvents.js
  -> file:///E:/Aptana%20Jaxer%20Apache/Jaxer/Apache2-4Build/jaxer/components/aptEventHandler.js

01:10:22 12/24/2025 [ 32928] [DEBUG] [JS Framework] [CallbackManager.processGlobalFunctions] Processing global function 'LocationExpr' with runat=server, proxy=false, effectiveRunat=server
stack:
  ->  [ModuleLogger.js:98] debug("Processing global function 'LocationExpr' with runat=server, proxy=false, effectiveRunat=server")
  ->  [CallbackManager.js:452] processGlobalFunctions([object Object])
  ->  [CallbackManager.js:70] processCallbacks([object HTMLDocument])
  ->  [HandlePage.js:63] onHandlePage([object XPCWrappedNative_NoHelper],[object HTMLDocument])
  ->  [CoreEvents.js:293] fireEvent("HANDLE_PAGE",[object Array])
  ->  [CoreEvents.js:234] fire("PARSE_COMPLETE",[object XPCWrappedNative_NoHelper],[object HTMLDocument])
  ->  [aptEventHandler.js:337] observe([object XPCWrappedNative_NoHelper],"jaxerEvent.HTMLParseComplete",null)
paths:
  -> file:///E:/Aptana%20Jaxer%20Apache/Jaxer/Apache2-4Build/jaxer/framework/src/ModuleLogger.js
  -> file:///E:/Aptana%20Jaxer%20Apache/Jaxer/Apache2-4Build/jaxer/framework/src/CallbackManager.js
  -> file:///E:/Aptana%20Jaxer%20Apache/Jaxer/Apache2-4Build/jaxer/framework/src/HandlePage.js
  -> file:///E:/Aptana%20Jaxer%20Apache/Jaxer/Apache2-4Build/jaxer/framework/src/CoreEvents.js
  -> file:///E:/Aptana%20Jaxer%20Apache/Jaxer/Apache2-4Build/jaxer/components/aptEventHandler.js

01:10:22 12/24/2025 [ 32928] [TRACE] [JS Framework] [CallbackManager.processGlobalFunctions] For runatFunctions member xPathStep: handledInScripts.hasOwnProperty=false; typeof candidate: function
stack:
  ->  [ModuleLogger.js:98] trace("For runatFunctions member xPathStep: handledInScripts.hasOwnProperty=false; typeof candidate: function")
  ->  [CallbackManager.js:410] processGlobalFunctions([object Object])
  ->  [CallbackManager.js:70] processCallbacks([object HTMLDocument])
  ->  [HandlePage.js:63] onHandlePage([object XPCWrappedNative_NoHelper],[object HTMLDocument])
  ->  [CoreEvents.js:293] fireEvent("HANDLE_PAGE",[object Array])
  ->  [CoreEvents.js:234] fire("PARSE_COMPLETE",[object XPCWrappedNative_NoHelper],[object HTMLDocument])
  ->  [aptEventHandler.js:337] observe([object XPCWrappedNative_NoHelper],"jaxerEvent.HTMLParseComplete",null)
paths:
  -> file:///E:/Aptana%20Jaxer%20Apache/Jaxer/Apache2-4Build/jaxer/framework/src/ModuleLogger.js
  -> file:///E:/Aptana%20Jaxer%20Apache/Jaxer/Apache2-4Build/jaxer/framework/src/CallbackManager.js
  -> file:///E:/Aptana%20Jaxer%20Apache/Jaxer/Apache2-4Build/jaxer/framework/src/HandlePage.js
  -> file:///E:/Aptana%20Jaxer%20Apache/Jaxer/Apache2-4Build/jaxer/framework/src/CoreEvents.js
  -> file:///E:/Aptana%20Jaxer%20Apache/Jaxer/Apache2-4Build/jaxer/components/aptEventHandler.js

01:10:22 12/24/2025 [ 32928] [TRACE] [JS Framework] [CallbackManager.processGlobalFunctions] source before: function xPathStep(nodes, steps, step, input, ctx) {
    var s = steps[step];
    var ctx2 = ctx.clone(input);
    var nodelist = s.evaluate(ctx2).nodeSetValue();
    for (var i = 0; i < nodelist.length; ++i) {
        if (step == steps.length - 1) {
            nodes.push(nodelist[i]);
        } else {
            xPathStep(nodes, steps, step + 1, nodelist[i], ctx);
        }
    }
}
stack:
  ->  [ModuleLogger.js:98] trace("source before: function xPathStep(nodes, steps, step, input, ctx) {\n    var s = steps[step];\n    var ctx2 = ctx.clone(input);\n    var nodelist = s.evaluate(ctx2).nodeSetValue();\n    for (var i = 0; i < nodelist.length; ++i) {\n        if (step == steps.length - 1) {\n            nodes.push(nodelist[i]);\n        } else {\n            xPathStep(nodes, steps, step + 1, nodelist[i], ctx);\n        }\n    }\n}")
  ->  [CallbackManager.js:422] processGlobalFunctions([object Object])
  ->  [CallbackManager.js:70] processCallbacks([object HTMLDocument])
  ->  [HandlePage.js:63] onHandlePage([object XPCWrappedNative_NoHelper],[object HTMLDocument])
  ->  [CoreEvents.js:293] fireEvent("HANDLE_PAGE",[object Array])
  ->  [CoreEvents.js:234] fire("PARSE_COMPLETE",[object XPCWrappedNative_NoHelper],[object HTMLDocument])
  ->  [aptEventHandler.js:337] observe([object XPCWrappedNative_NoHelper],"jaxerEvent.HTMLParseComplete",null)
paths:
  -> file:///E:/Aptana%20Jaxer%20Apache/Jaxer/Apache2-4Build/jaxer/framework/src/ModuleLogger.js
  -> file:///E:/Aptana%20Jaxer%20Apache/Jaxer/Apache2-4Build/jaxer/framework/src/CallbackManager.js
  -> file:///E:/Aptana%20Jaxer%20Apache/Jaxer/Apache2-4Build/jaxer/framework/src/HandlePage.js
  -> file:///E:/Aptana%20Jaxer%20Apache/Jaxer/Apache2-4Build/jaxer/framework/src/CoreEvents.js
  -> file:///E:/Aptana%20Jaxer%20Apache/Jaxer/Apache2-4Build/jaxer/components/aptEventHandler.js

01:10:22 12/24/2025 [ 32928] [TRACE] [JS Framework] [CallbackManager.processGlobalFunctions] source after: function xPathStep(nodes, steps, step, input, ctx) {
    var s = steps[step];
    var ctx2 = ctx.clone(input);
    var nodelist = s.evaluate(ctx2).nodeSetValue();
    for (var i = 0; i < nodelist.length; ++i) {
        if (step == steps.length - 1) {
            nodes.push(nodelist[i]);
        } else {
            xPathStep(nodes, steps, step + 1, nodelist[i], ctx);
        }
    }
}
stack:
  ->  [ModuleLogger.js:98] trace("source after: function xPathStep(nodes, steps, step, input, ctx) {\n    var s = steps[step];\n    var ctx2 = ctx.clone(input);\n    var nodelist = s.evaluate(ctx2).nodeSetValue();\n    for (var i = 0; i < nodelist.length; ++i) {\n        if (step == steps.length - 1) {\n            nodes.push(nodelist[i]);\n        } else {\n            xPathStep(nodes, steps, step + 1, nodelist[i], ctx);\n        }\n    }\n}")
  ->  [CallbackManager.js:431] processGlobalFunctions([object Object])
  ->  [CallbackManager.js:70] processCallbacks([object HTMLDocument])
  ->  [HandlePage.js:63] onHandlePage([object XPCWrappedNative_NoHelper],[object HTMLDocument])
  ->  [CoreEvents.js:293] fireEvent("HANDLE_PAGE",[object Array])
  ->  [CoreEvents.js:234] fire("PARSE_COMPLETE",[object XPCWrappedNative_NoHelper],[object HTMLDocument])
  ->  [aptEventHandler.js:337] observe([object XPCWrappedNative_NoHelper],"jaxerEvent.HTMLParseComplete",null)
paths:
  -> file:///E:/Aptana%20Jaxer%20Apache/Jaxer/Apache2-4Build/jaxer/framework/src/ModuleLogger.js
  -> file:///E:/Aptana%20Jaxer%20Apache/Jaxer/Apache2-4Build/jaxer/framework/src/CallbackManager.js
  -> file:///E:/Aptana%20Jaxer%20Apache/Jaxer/Apache2-4Build/jaxer/framework/src/HandlePage.js
  -> file:///E:/Aptana%20Jaxer%20Apache/Jaxer/Apache2-4Build/jaxer/framework/src/CoreEvents.js
  -> file:///E:/Aptana%20Jaxer%20Apache/Jaxer/Apache2-4Build/jaxer/components/aptEventHandler.js

01:10:22 12/24/2025 [ 32928] [DEBUG] [JS Framework] [CallbackManager.processGlobalFunctions] Processing global function 'xPathStep' with runat=server, proxy=false, effectiveRunat=server
stack:
  ->  [ModuleLogger.js:98] debug("Processing global function 'xPathStep' with runat=server, proxy=false, effectiveRunat=server")
  ->  [CallbackManager.js:452] processGlobalFunctions([object Object])
  ->  [CallbackManager.js:70] processCallbacks([object HTMLDocument])
  ->  [HandlePage.js:63] onHandlePage([object XPCWrappedNative_NoHelper],[object HTMLDocument])
  ->  [CoreEvents.js:293] fireEvent("HANDLE_PAGE",[object Array])
  ->  [CoreEvents.js:234] fire("PARSE_COMPLETE",[object XPCWrappedNative_NoHelper],[object HTMLDocument])
  ->  [aptEventHandler.js:337] observe([object XPCWrappedNative_NoHelper],"jaxerEvent.HTMLParseComplete",null)
paths:
  -> file:///E:/Aptana%20Jaxer%20Apache/Jaxer/Apache2-4Build/jaxer/framework/src/ModuleLogger.js
  -> file:///E:/Aptana%20Jaxer%20Apache/Jaxer/Apache2-4Build/jaxer/framework/src/CallbackManager.js
  -> file:///E:/Aptana%20Jaxer%20Apache/Jaxer/Apache2-4Build/jaxer/framework/src/HandlePage.js
  -> file:///E:/Aptana%20Jaxer%20Apache/Jaxer/Apache2-4Build/jaxer/framework/src/CoreEvents.js
  -> file:///E:/Aptana%20Jaxer%20Apache/Jaxer/Apache2-4Build/jaxer/components/aptEventHandler.js

01:10:22 12/24/2025 [ 32928] [TRACE] [JS Framework] [CallbackManager.processGlobalFunctions] For runatFunctions member StepExpr: handledInScripts.hasOwnProperty=false; typeof candidate: function
stack:
  ->  [ModuleLogger.js:98] trace("For runatFunctions member StepExpr: handledInScripts.hasOwnProperty=false; typeof candidate: function")
  ->  [CallbackManager.js:410] processGlobalFunctions([object Object])
  ->  [CallbackManager.js:70] processCallbacks([object HTMLDocument])
  ->  [HandlePage.js:63] onHandlePage([object XPCWrappedNative_NoHelper],[object HTMLDocument])
  ->  [CoreEvents.js:293] fireEvent("HANDLE_PAGE",[object Array])
  ->  [CoreEvents.js:234] fire("PARSE_COMPLETE",[object XPCWrappedNative_NoHelper],[object HTMLDocument])
  ->  [aptEventHandler.js:337] observe([object XPCWrappedNative_NoHelper],"jaxerEvent.HTMLParseComplete",null)
paths:
  -> file:///E:/Aptana%20Jaxer%20Apache/Jaxer/Apache2-4Build/jaxer/framework/src/ModuleLogger.js
  -> file:///E:/Aptana%20Jaxer%20Apache/Jaxer/Apache2-4Build/jaxer/framework/src/CallbackManager.js
  -> file:///E:/Aptana%20Jaxer%20Apache/Jaxer/Apache2-4Build/jaxer/framework/src/HandlePage.js
  -> file:///E:/Aptana%20Jaxer%20Apache/Jaxer/Apache2-4Build/jaxer/framework/src/CoreEvents.js
  -> file:///E:/Aptana%20Jaxer%20Apache/Jaxer/Apache2-4Build/jaxer/components/aptEventHandler.js

01:10:22 12/24/2025 [ 32928] [TRACE] [JS Framework] [CallbackManager.processGlobalFunctions] source before: function StepExpr(axis, nodetest, opt_predicate) {
    this.axis = axis;
    this.nodetest = nodetest;
    this.predicate = opt_predicate || [];
}
stack:
  ->  [ModuleLogger.js:98] trace("source before: function StepExpr(axis, nodetest, opt_predicate) {\n    this.axis = axis;\n    this.nodetest = nodetest;\n    this.predicate = opt_predicate || [];\n}")
  ->  [CallbackManager.js:422] processGlobalFunctions([object Object])
  ->  [CallbackManager.js:70] processCallbacks([object HTMLDocument])
  ->  [HandlePage.js:63] onHandlePage([object XPCWrappedNative_NoHelper],[object HTMLDocument])
  ->  [CoreEvents.js:293] fireEvent("HANDLE_PAGE",[object Array])
  ->  [CoreEvents.js:234] fire("PARSE_COMPLETE",[object XPCWrappedNative_NoHelper],[object HTMLDocument])
  ->  [aptEventHandler.js:337] observe([object XPCWrappedNative_NoHelper],"jaxerEvent.HTMLParseComplete",null)
paths:
  -> file:///E:/Aptana%20Jaxer%20Apache/Jaxer/Apache2-4Build/jaxer/framework/src/ModuleLogger.js
  -> file:///E:/Aptana%20Jaxer%20Apache/Jaxer/Apache2-4Build/jaxer/framework/src/CallbackManager.js
  -> file:///E:/Aptana%20Jaxer%20Apache/Jaxer/Apache2-4Build/jaxer/framework/src/HandlePage.js
  -> file:///E:/Aptana%20Jaxer%20Apache/Jaxer/Apache2-4Build/jaxer/framework/src/CoreEvents.js
  -> file:///E:/Aptana%20Jaxer%20Apache/Jaxer/Apache2-4Build/jaxer/components/aptEventHandler.js

01:10:22 12/24/2025 [ 32928] [TRACE] [JS Framework] [CallbackManager.processGlobalFunctions] source after: function StepExpr(axis, nodetest, opt_predicate) {
    this.axis = axis;
    this.nodetest = nodetest;
    this.predicate = opt_predicate || [];
}
stack:
  ->  [ModuleLogger.js:98] trace("source after: function StepExpr(axis, nodetest, opt_predicate) {\n    this.axis = axis;\n    this.nodetest = nodetest;\n    this.predicate = opt_predicate || [];\n}")
  ->  [CallbackManager.js:431] processGlobalFunctions([object Object])
  ->  [CallbackManager.js:70] processCallbacks([object HTMLDocument])
  ->  [HandlePage.js:63] onHandlePage([object XPCWrappedNative_NoHelper],[object HTMLDocument])
  ->  [CoreEvents.js:293] fireEvent("HANDLE_PAGE",[object Array])
  ->  [CoreEvents.js:234] fire("PARSE_COMPLETE",[object XPCWrappedNative_NoHelper],[object HTMLDocument])
  ->  [aptEventHandler.js:337] observe([object XPCWrappedNative_NoHelper],"jaxerEvent.HTMLParseComplete",null)
paths:
  -> file:///E:/Aptana%20Jaxer%20Apache/Jaxer/Apache2-4Build/jaxer/framework/src/ModuleLogger.js
  -> file:///E:/Aptana%20Jaxer%20Apache/Jaxer/Apache2-4Build/jaxer/framework/src/CallbackManager.js
  -> file:///E:/Aptana%20Jaxer%20Apache/Jaxer/Apache2-4Build/jaxer/framework/src/HandlePage.js
  -> file:///E:/Aptana%20Jaxer%20Apache/Jaxer/Apache2-4Build/jaxer/framework/src/CoreEvents.js
  -> file:///E:/Aptana%20Jaxer%20Apache/Jaxer/Apache2-4Build/jaxer/components/aptEventHandler.js

01:10:22 12/24/2025 [ 32928] [DEBUG] [JS Framework] [CallbackManager.processGlobalFunctions] Processing global function 'StepExpr' with runat=server, proxy=false, effectiveRunat=server
stack:
  ->  [ModuleLogger.js:98] debug("Processing global function 'StepExpr' with runat=server, proxy=false, effectiveRunat=server")
  ->  [CallbackManager.js:452] processGlobalFunctions([object Object])
  ->  [CallbackManager.js:70] processCallbacks([object HTMLDocument])
  ->  [HandlePage.js:63] onHandlePage([object XPCWrappedNative_NoHelper],[object HTMLDocument])
  ->  [CoreEvents.js:293] fireEvent("HANDLE_PAGE",[object Array])
  ->  [CoreEvents.js:234] fire("PARSE_COMPLETE",[object XPCWrappedNative_NoHelper],[object HTMLDocument])
  ->  [aptEventHandler.js:337] observe([object XPCWrappedNative_NoHelper],"jaxerEvent.HTMLParseComplete",null)
paths:
  -> file:///E:/Aptana%20Jaxer%20Apache/Jaxer/Apache2-4Build/jaxer/framework/src/ModuleLogger.js
  -> file:///E:/Aptana%20Jaxer%20Apache/Jaxer/Apache2-4Build/jaxer/framework/src/CallbackManager.js
  -> file:///E:/Aptana%20Jaxer%20Apache/Jaxer/Apache2-4Build/jaxer/framework/src/HandlePage.js
  -> file:///E:/Aptana%20Jaxer%20Apache/Jaxer/Apache2-4Build/jaxer/framework/src/CoreEvents.js
  -> file:///E:/Aptana%20Jaxer%20Apache/Jaxer/Apache2-4Build/jaxer/components/aptEventHandler.js

01:10:22 12/24/2025 [ 32928] [TRACE] [JS Framework] [CallbackManager.processGlobalFunctions] For runatFunctions member NodeTestAny: handledInScripts.hasOwnProperty=false; typeof candidate: function
stack:
  ->  [ModuleLogger.js:98] trace("For runatFunctions member NodeTestAny: handledInScripts.hasOwnProperty=false; typeof candidate: function")
  ->  [CallbackManager.js:410] processGlobalFunctions([object Object])
  ->  [CallbackManager.js:70] processCallbacks([object HTMLDocument])
  ->  [HandlePage.js:63] onHandlePage([object XPCWrappedNative_NoHelper],[object HTMLDocument])
  ->  [CoreEvents.js:293] fireEvent("HANDLE_PAGE",[object Array])
  ->  [CoreEvents.js:234] fire("PARSE_COMPLETE",[object XPCWrappedNative_NoHelper],[object HTMLDocument])
  ->  [aptEventHandler.js:337] observe([object XPCWrappedNative_NoHelper],"jaxerEvent.HTMLParseComplete",null)
paths:
  -> file:///E:/Aptana%20Jaxer%20Apache/Jaxer/Apache2-4Build/jaxer/framework/src/ModuleLogger.js
  -> file:///E:/Aptana%20Jaxer%20Apache/Jaxer/Apache2-4Build/jaxer/framework/src/CallbackManager.js
  -> file:///E:/Aptana%20Jaxer%20Apache/Jaxer/Apache2-4Build/jaxer/framework/src/HandlePage.js
  -> file:///E:/Aptana%20Jaxer%20Apache/Jaxer/Apache2-4Build/jaxer/framework/src/CoreEvents.js
  -> file:///E:/Aptana%20Jaxer%20Apache/Jaxer/Apache2-4Build/jaxer/components/aptEventHandler.js

01:10:22 12/24/2025 [ 32928] [TRACE] [JS Framework] [CallbackManager.processGlobalFunctions] source before: function NodeTestAny() {
    this.value = new BooleanValue(true);
}
stack:
  ->  [ModuleLogger.js:98] trace("source before: function NodeTestAny() {\n    this.value = new BooleanValue(true);\n}")
  ->  [CallbackManager.js:422] processGlobalFunctions([object Object])
  ->  [CallbackManager.js:70] processCallbacks([object HTMLDocument])
  ->  [HandlePage.js:63] onHandlePage([object XPCWrappedNative_NoHelper],[object HTMLDocument])
  ->  [CoreEvents.js:293] fireEvent("HANDLE_PAGE",[object Array])
  ->  [CoreEvents.js:234] fire("PARSE_COMPLETE",[object XPCWrappedNative_NoHelper],[object HTMLDocument])
  ->  [aptEventHandler.js:337] observe([object XPCWrappedNative_NoHelper],"jaxerEvent.HTMLParseComplete",null)
paths:
  -> file:///E:/Aptana%20Jaxer%20Apache/Jaxer/Apache2-4Build/jaxer/framework/src/ModuleLogger.js
  -> file:///E:/Aptana%20Jaxer%20Apache/Jaxer/Apache2-4Build/jaxer/framework/src/CallbackManager.js
  -> file:///E:/Aptana%20Jaxer%20Apache/Jaxer/Apache2-4Build/jaxer/framework/src/HandlePage.js
  -> file:///E:/Aptana%20Jaxer%20Apache/Jaxer/Apache2-4Build/jaxer/framework/src/CoreEvents.js
  -> file:///E:/Aptana%20Jaxer%20Apache/Jaxer/Apache2-4Build/jaxer/components/aptEventHandler.js

01:10:22 12/24/2025 [ 32928] [TRACE] [JS Framework] [CallbackManager.processGlobalFunctions] source after: function NodeTestAny() {
    this.value = new BooleanValue(true);
}
stack:
  ->  [ModuleLogger.js:98] trace("source after: function NodeTestAny() {\n    this.value = new BooleanValue(true);\n}")
  ->  [CallbackManager.js:431] processGlobalFunctions([object Object])
  ->  [CallbackManager.js:70] processCallbacks([object HTMLDocument])
  ->  [HandlePage.js:63] onHandlePage([object XPCWrappedNative_NoHelper],[object HTMLDocument])
  ->  [CoreEvents.js:293] fireEvent("HANDLE_PAGE",[object Array])
  ->  [CoreEvents.js:234] fire("PARSE_COMPLETE",[object XPCWrappedNative_NoHelper],[object HTMLDocument])
  ->  [aptEventHandler.js:337] observe([object XPCWrappedNative_NoHelper],"jaxerEvent.HTMLParseComplete",null)
paths:
  -> file:///E:/Aptana%20Jaxer%20Apache/Jaxer/Apache2-4Build/jaxer/framework/src/ModuleLogger.js
  -> file:///E:/Aptana%20Jaxer%20Apache/Jaxer/Apache2-4Build/jaxer/framework/src/CallbackManager.js
  -> file:///E:/Aptana%20Jaxer%20Apache/Jaxer/Apache2-4Build/jaxer/framework/src/HandlePage.js
  -> file:///E:/Aptana%20Jaxer%20Apache/Jaxer/Apache2-4Build/jaxer/framework/src/CoreEvents.js
  -> file:///E:/Aptana%20Jaxer%20Apache/Jaxer/Apache2-4Build/jaxer/components/aptEventHandler.js

01:10:22 12/24/2025 [ 32928] [DEBUG] [JS Framework] [CallbackManager.processGlobalFunctions] Processing global function 'NodeTestAny' with runat=server, proxy=false, effectiveRunat=server
stack:
  ->  [ModuleLogger.js:98] debug("Processing global function 'NodeTestAny' with runat=server, proxy=false, effectiveRunat=server")
  ->  [CallbackManager.js:452] processGlobalFunctions([object Object])
  ->  [CallbackManager.js:70] processCallbacks([object HTMLDocument])
  ->  [HandlePage.js:63] onHandlePage([object XPCWrappedNative_NoHelper],[object HTMLDocument])
  ->  [CoreEvents.js:293] fireEvent("HANDLE_PAGE",[object Array])
  ->  [CoreEvents.js:234] fire("PARSE_COMPLETE",[object XPCWrappedNative_NoHelper],[object HTMLDocument])
  ->  [aptEventHandler.js:337] observe([object XPCWrappedNative_NoHelper],"jaxerEvent.HTMLParseComplete",null)
paths:
  -> file:///E:/Aptana%20Jaxer%20Apache/Jaxer/Apache2-4Build/jaxer/framework/src/ModuleLogger.js
  -> file:///E:/Aptana%20Jaxer%20Apache/Jaxer/Apache2-4Build/jaxer/framework/src/CallbackManager.js
  -> file:///E:/Aptana%20Jaxer%20Apache/Jaxer/Apache2-4Build/jaxer/framework/src/HandlePage.js
  -> file:///E:/Aptana%20Jaxer%20Apache/Jaxer/Apache2-4Build/jaxer/framework/src/CoreEvents.js
  -> file:///E:/Aptana%20Jaxer%20Apache/Jaxer/Apache2-4Build/jaxer/components/aptEventHandler.js

01:10:22 12/24/2025 [ 32928] [TRACE] [JS Framework] [CallbackManager.processGlobalFunctions] For runatFunctions member NodeTestElementOrAttribute: handledInScripts.hasOwnProperty=false; typeof candidate: function
stack:
  ->  [ModuleLogger.js:98] trace("For runatFunctions member NodeTestElementOrAttribute: handledInScripts.hasOwnProperty=false; typeof candidate: function")
  ->  [CallbackManager.js:410] processGlobalFunctions([object Object])
  ->  [CallbackManager.js:70] processCallbacks([object HTMLDocument])
  ->  [HandlePage.js:63] onHandlePage([object XPCWrappedNative_NoHelper],[object HTMLDocument])
  ->  [CoreEvents.js:293] fireEvent("HANDLE_PAGE",[object Array])
  ->  [CoreEvents.js:234] fire("PARSE_COMPLETE",[object XPCWrappedNative_NoHelper],[object HTMLDocument])
  ->  [aptEventHandler.js:337] observe([object XPCWrappedNative_NoHelper],"jaxerEvent.HTMLParseComplete",null)
paths:
  -> file:///E:/Aptana%20Jaxer%20Apache/Jaxer/Apache2-4Build/jaxer/framework/src/ModuleLogger.js
  -> file:///E:/Aptana%20Jaxer%20Apache/Jaxer/Apache2-4Build/jaxer/framework/src/CallbackManager.js
  -> file:///E:/Aptana%20Jaxer%20Apache/Jaxer/Apache2-4Build/jaxer/framework/src/HandlePage.js
  -> file:///E:/Aptana%20Jaxer%20Apache/Jaxer/Apache2-4Build/jaxer/framework/src/CoreEvents.js
  -> file:///E:/Aptana%20Jaxer%20Apache/Jaxer/Apache2-4Build/jaxer/components/aptEventHandler.js

01:10:22 12/24/2025 [ 32928] [TRACE] [JS Framework] [CallbackManager.processGlobalFunctions] source before: function NodeTestElementOrAttribute() {
}
stack:
  ->  [ModuleLogger.js:98] trace("source before: function NodeTestElementOrAttribute() {\n}")
  ->  [CallbackManager.js:422] processGlobalFunctions([object Object])
  ->  [CallbackManager.js:70] processCallbacks([object HTMLDocument])
  ->  [HandlePage.js:63] onHandlePage([object XPCWrappedNative_NoHelper],[object HTMLDocument])
  ->  [CoreEvents.js:293] fireEvent("HANDLE_PAGE",[object Array])
  ->  [CoreEvents.js:234] fire("PARSE_COMPLETE",[object XPCWrappedNative_NoHelper],[object HTMLDocument])
  ->  [aptEventHandler.js:337] observe([object XPCWrappedNative_NoHelper],"jaxerEvent.HTMLParseComplete",null)
paths:
  -> file:///E:/Aptana%20Jaxer%20Apache/Jaxer/Apache2-4Build/jaxer/framework/src/ModuleLogger.js
  -> file:///E:/Aptana%20Jaxer%20Apache/Jaxer/Apache2-4Build/jaxer/framework/src/CallbackManager.js
  -> file:///E:/Aptana%20Jaxer%20Apache/Jaxer/Apache2-4Build/jaxer/framework/src/HandlePage.js
  -> file:///E:/Aptana%20Jaxer%20Apache/Jaxer/Apache2-4Build/jaxer/framework/src/CoreEvents.js
  -> file:///E:/Aptana%20Jaxer%20Apache/Jaxer/Apache2-4Build/jaxer/components/aptEventHandler.js

01:10:22 12/24/2025 [ 32928] [TRACE] [JS Framework] [CallbackManager.processGlobalFunctions] source after: function NodeTestElementOrAttribute() {
}
stack:
  ->  [ModuleLogger.js:98] trace("source after: function NodeTestElementOrAttribute() {\n}")
  ->  [CallbackManager.js:431] processGlobalFunctions([object Object])
  ->  [CallbackManager.js:70] processCallbacks([object HTMLDocument])
  ->  [HandlePage.js:63] onHandlePage([object XPCWrappedNative_NoHelper],[object HTMLDocument])
  ->  [CoreEvents.js:293] fireEvent("HANDLE_PAGE",[object Array])
  ->  [CoreEvents.js:234] fire("PARSE_COMPLETE",[object XPCWrappedNative_NoHelper],[object HTMLDocument])
  ->  [aptEventHandler.js:337] observe([object XPCWrappedNative_NoHelper],"jaxerEvent.HTMLParseComplete",null)
paths:
  -> file:///E:/Aptana%20Jaxer%20Apache/Jaxer/Apache2-4Build/jaxer/framework/src/ModuleLogger.js
  -> file:///E:/Aptana%20Jaxer%20Apache/Jaxer/Apache2-4Build/jaxer/framework/src/CallbackManager.js
  -> file:///E:/Aptana%20Jaxer%20Apache/Jaxer/Apache2-4Build/jaxer/framework/src/HandlePage.js
  -> file:///E:/Aptana%20Jaxer%20Apache/Jaxer/Apache2-4Build/jaxer/framework/src/CoreEvents.js
  -> file:///E:/Aptana%20Jaxer%20Apache/Jaxer/Apache2-4Build/jaxer/components/aptEventHandler.js

01:10:22 12/24/2025 [ 32928] [DEBUG] [JS Framework] [CallbackManager.processGlobalFunctions] Processing global function 'NodeTestElementOrAttribute' with runat=server, proxy=false, effectiveRunat=server
stack:
  ->  [ModuleLogger.js:98] debug("Processing global function 'NodeTestElementOrAttribute' with runat=server, proxy=false, effectiveRunat=server")
  ->  [CallbackManager.js:452] processGlobalFunctions([object Object])
  ->  [CallbackManager.js:70] processCallbacks([object HTMLDocument])
  ->  [HandlePage.js:63] onHandlePage([object XPCWrappedNative_NoHelper],[object HTMLDocument])
  ->  [CoreEvents.js:293] fireEvent("HANDLE_PAGE",[object Array])
  ->  [CoreEvents.js:234] fire("PARSE_COMPLETE",[object XPCWrappedNative_NoHelper],[object HTMLDocument])
  ->  [aptEventHandler.js:337] observe([object XPCWrappedNative_NoHelper],"jaxerEvent.HTMLParseComplete",null)
paths:
  -> file:///E:/Aptana%20Jaxer%20Apache/Jaxer/Apache2-4Build/jaxer/framework/src/ModuleLogger.js
  -> file:///E:/Aptana%20Jaxer%20Apache/Jaxer/Apache2-4Build/jaxer/framework/src/CallbackManager.js
  -> file:///E:/Aptana%20Jaxer%20Apache/Jaxer/Apache2-4Build/jaxer/framework/src/HandlePage.js
  -> file:///E:/Aptana%20Jaxer%20Apache/Jaxer/Apache2-4Build/jaxer/framework/src/CoreEvents.js
  -> file:///E:/Aptana%20Jaxer%20Apache/Jaxer/Apache2-4Build/jaxer/components/aptEventHandler.js

01:10:22 12/24/2025 [ 32928] [TRACE] [JS Framework] [CallbackManager.processGlobalFunctions] For runatFunctions member NodeTestText: handledInScripts.hasOwnProperty=false; typeof candidate: function
stack:
  ->  [ModuleLogger.js:98] trace("For runatFunctions member NodeTestText: handledInScripts.hasOwnProperty=false; typeof candidate: function")
  ->  [CallbackManager.js:410] processGlobalFunctions([object Object])
  ->  [CallbackManager.js:70] processCallbacks([object HTMLDocument])
  ->  [HandlePage.js:63] onHandlePage([object XPCWrappedNative_NoHelper],[object HTMLDocument])
  ->  [CoreEvents.js:293] fireEvent("HANDLE_PAGE",[object Array])
  ->  [CoreEvents.js:234] fire("PARSE_COMPLETE",[object XPCWrappedNative_NoHelper],[object HTMLDocument])
  ->  [aptEventHandler.js:337] observe([object XPCWrappedNative_NoHelper],"jaxerEvent.HTMLParseComplete",null)
paths:
  -> file:///E:/Aptana%20Jaxer%20Apache/Jaxer/Apache2-4Build/jaxer/framework/src/ModuleLogger.js
  -> file:///E:/Aptana%20Jaxer%20Apache/Jaxer/Apache2-4Build/jaxer/framework/src/CallbackManager.js
  -> file:///E:/Aptana%20Jaxer%20Apache/Jaxer/Apache2-4Build/jaxer/framework/src/HandlePage.js
  -> file:///E:/Aptana%20Jaxer%20Apache/Jaxer/Apache2-4Build/jaxer/framework/src/CoreEvents.js
  -> file:///E:/Aptana%20Jaxer%20Apache/Jaxer/Apache2-4Build/jaxer/components/aptEventHandler.js

01:10:22 12/24/2025 [ 32928] [TRACE] [JS Framework] [CallbackManager.processGlobalFunctions] source before: function NodeTestText() {
}
stack:
  ->  [ModuleLogger.js:98] trace("source before: function NodeTestText() {\n}")
  ->  [CallbackManager.js:422] processGlobalFunctions([object Object])
  ->  [CallbackManager.js:70] processCallbacks([object HTMLDocument])
  ->  [HandlePage.js:63] onHandlePage([object XPCWrappedNative_NoHelper],[object HTMLDocument])
  ->  [CoreEvents.js:293] fireEvent("HANDLE_PAGE",[object Array])
  ->  [CoreEvents.js:234] fire("PARSE_COMPLETE",[object XPCWrappedNative_NoHelper],[object HTMLDocument])
  ->  [aptEventHandler.js:337] observe([object XPCWrappedNative_NoHelper],"jaxerEvent.HTMLParseComplete",null)
paths:
  -> file:///E:/Aptana%20Jaxer%20Apache/Jaxer/Apache2-4Build/jaxer/framework/src/ModuleLogger.js
  -> file:///E:/Aptana%20Jaxer%20Apache/Jaxer/Apache2-4Build/jaxer/framework/src/CallbackManager.js
  -> file:///E:/Aptana%20Jaxer%20Apache/Jaxer/Apache2-4Build/jaxer/framework/src/HandlePage.js
  -> file:///E:/Aptana%20Jaxer%20Apache/Jaxer/Apache2-4Build/jaxer/framework/src/CoreEvents.js
  -> file:///E:/Aptana%20Jaxer%20Apache/Jaxer/Apache2-4Build/jaxer/components/aptEventHandler.js

01:10:22 12/24/2025 [ 32928] [TRACE] [JS Framework] [CallbackManager.processGlobalFunctions] source after: function NodeTestText() {
}
stack:
  ->  [ModuleLogger.js:98] trace("source after: function NodeTestText() {\n}")
  ->  [CallbackManager.js:431] processGlobalFunctions([object Object])
  ->  [CallbackManager.js:70] processCallbacks([object HTMLDocument])
  ->  [HandlePage.js:63] onHandlePage([object XPCWrappedNative_NoHelper],[object HTMLDocument])
  ->  [CoreEvents.js:293] fireEvent("HANDLE_PAGE",[object Array])
  ->  [CoreEvents.js:234] fire("PARSE_COMPLETE",[object XPCWrappedNative_NoHelper],[object HTMLDocument])
  ->  [aptEventHandler.js:337] observe([object XPCWrappedNative_NoHelper],"jaxerEvent.HTMLParseComplete",null)
paths:
  -> file:///E:/Aptana%20Jaxer%20Apache/Jaxer/Apache2-4Build/jaxer/framework/src/ModuleLogger.js
  -> file:///E:/Aptana%20Jaxer%20Apache/Jaxer/Apache2-4Build/jaxer/framework/src/CallbackManager.js
  -> file:///E:/Aptana%20Jaxer%20Apache/Jaxer/Apache2-4Build/jaxer/framework/src/HandlePage.js
  -> file:///E:/Aptana%20Jaxer%20Apache/Jaxer/Apache2-4Build/jaxer/framework/src/CoreEvents.js
  -> file:///E:/Aptana%20Jaxer%20Apache/Jaxer/Apache2-4Build/jaxer/components/aptEventHandler.js

01:10:22 12/24/2025 [ 32928] [DEBUG] [JS Framework] [CallbackManager.processGlobalFunctions] Processing global function 'NodeTestText' with runat=server, proxy=false, effectiveRunat=server
stack:
  ->  [ModuleLogger.js:98] debug("Processing global function 'NodeTestText' with runat=server, proxy=false, effectiveRunat=server")
  ->  [CallbackManager.js:452] processGlobalFunctions([object Object])
  ->  [CallbackManager.js:70] processCallbacks([object HTMLDocument])
  ->  [HandlePage.js:63] onHandlePage([object XPCWrappedNative_NoHelper],[object HTMLDocument])
  ->  [CoreEvents.js:293] fireEvent("HANDLE_PAGE",[object Array])
  ->  [CoreEvents.js:234] fire("PARSE_COMPLETE",[object XPCWrappedNative_NoHelper],[object HTMLDocument])
  ->  [aptEventHandler.js:337] observe([object XPCWrappedNative_NoHelper],"jaxerEvent.HTMLParseComplete",null)
paths:
  -> file:///E:/Aptana%20Jaxer%20Apache/Jaxer/Apache2-4Build/jaxer/framework/src/ModuleLogger.js
  -> file:///E:/Aptana%20Jaxer%20Apache/Jaxer/Apache2-4Build/jaxer/framework/src/CallbackManager.js
  -> file:///E:/Aptana%20Jaxer%20Apache/Jaxer/Apache2-4Build/jaxer/framework/src/HandlePage.js
  -> file:///E:/Aptana%20Jaxer%20Apache/Jaxer/Apache2-4Build/jaxer/framework/src/CoreEvents.js
  -> file:///E:/Aptana%20Jaxer%20Apache/Jaxer/Apache2-4Build/jaxer/components/aptEventHandler.js

01:10:22 12/24/2025 [ 32928] [TRACE] [JS Framework] [CallbackManager.processGlobalFunctions] For runatFunctions member NodeTestComment: handledInScripts.hasOwnProperty=false; typeof candidate: function
stack:
  ->  [ModuleLogger.js:98] trace("For runatFunctions member NodeTestComment: handledInScripts.hasOwnProperty=false; typeof candidate: function")
  ->  [CallbackManager.js:410] processGlobalFunctions([object Object])
  ->  [CallbackManager.js:70] processCallbacks([object HTMLDocument])
  ->  [HandlePage.js:63] onHandlePage([object XPCWrappedNative_NoHelper],[object HTMLDocument])
  ->  [CoreEvents.js:293] fireEvent("HANDLE_PAGE",[object Array])
  ->  [CoreEvents.js:234] fire("PARSE_COMPLETE",[object XPCWrappedNative_NoHelper],[object HTMLDocument])
  ->  [aptEventHandler.js:337] observe([object XPCWrappedNative_NoHelper],"jaxerEvent.HTMLParseComplete",null)
paths:
  -> file:///E:/Aptana%20Jaxer%20Apache/Jaxer/Apache2-4Build/jaxer/framework/src/ModuleLogger.js
  -> file:///E:/Aptana%20Jaxer%20Apache/Jaxer/Apache2-4Build/jaxer/framework/src/CallbackManager.js
  -> file:///E:/Aptana%20Jaxer%20Apache/Jaxer/Apache2-4Build/jaxer/framework/src/HandlePage.js
  -> file:///E:/Aptana%20Jaxer%20Apache/Jaxer/Apache2-4Build/jaxer/framework/src/CoreEvents.js
  -> file:///E:/Aptana%20Jaxer%20Apache/Jaxer/Apache2-4Build/jaxer/components/aptEventHandler.js

01:10:22 12/24/2025 [ 32928] [TRACE] [JS Framework] [CallbackManager.processGlobalFunctions] source before: function NodeTestComment() {
}
stack:
  ->  [ModuleLogger.js:98] trace("source before: function NodeTestComment() {\n}")
  ->  [CallbackManager.js:422] processGlobalFunctions([object Object])
  ->  [CallbackManager.js:70] processCallbacks([object HTMLDocument])
  ->  [HandlePage.js:63] onHandlePage([object XPCWrappedNative_NoHelper],[object HTMLDocument])
  ->  [CoreEvents.js:293] fireEvent("HANDLE_PAGE",[object Array])
  ->  [CoreEvents.js:234] fire("PARSE_COMPLETE",[object XPCWrappedNative_NoHelper],[object HTMLDocument])
  ->  [aptEventHandler.js:337] observe([object XPCWrappedNative_NoHelper],"jaxerEvent.HTMLParseComplete",null)
paths:
  -> file:///E:/Aptana%20Jaxer%20Apache/Jaxer/Apache2-4Build/jaxer/framework/src/ModuleLogger.js
  -> file:///E:/Aptana%20Jaxer%20Apache/Jaxer/Apache2-4Build/jaxer/framework/src/CallbackManager.js
  -> file:///E:/Aptana%20Jaxer%20Apache/Jaxer/Apache2-4Build/jaxer/framework/src/HandlePage.js
  -> file:///E:/Aptana%20Jaxer%20Apache/Jaxer/Apache2-4Build/jaxer/framework/src/CoreEvents.js
  -> file:///E:/Aptana%20Jaxer%20Apache/Jaxer/Apache2-4Build/jaxer/components/aptEventHandler.js

01:10:22 12/24/2025 [ 32928] [TRACE] [JS Framework] [CallbackManager.processGlobalFunctions] source after: function NodeTestComment() {
}
stack:
  ->  [ModuleLogger.js:98] trace("source after: function NodeTestComment() {\n}")
  ->  [CallbackManager.js:431] processGlobalFunctions([object Object])
  ->  [CallbackManager.js:70] processCallbacks([object HTMLDocument])
  ->  [HandlePage.js:63] onHandlePage([object XPCWrappedNative_NoHelper],[object HTMLDocument])
  ->  [CoreEvents.js:293] fireEvent("HANDLE_PAGE",[object Array])
  ->  [CoreEvents.js:234] fire("PARSE_COMPLETE",[object XPCWrappedNative_NoHelper],[object HTMLDocument])
  ->  [aptEventHandler.js:337] observe([object XPCWrappedNative_NoHelper],"jaxerEvent.HTMLParseComplete",null)
paths:
  -> file:///E:/Aptana%20Jaxer%20Apache/Jaxer/Apache2-4Build/jaxer/framework/src/ModuleLogger.js
  -> file:///E:/Aptana%20Jaxer%20Apache/Jaxer/Apache2-4Build/jaxer/framework/src/CallbackManager.js
  -> file:///E:/Aptana%20Jaxer%20Apache/Jaxer/Apache2-4Build/jaxer/framework/src/HandlePage.js
  -> file:///E:/Aptana%20Jaxer%20Apache/Jaxer/Apache2-4Build/jaxer/framework/src/CoreEvents.js
  -> file:///E:/Aptana%20Jaxer%20Apache/Jaxer/Apache2-4Build/jaxer/components/aptEventHandler.js

01:10:22 12/24/2025 [ 32928] [DEBUG] [JS Framework] [CallbackManager.processGlobalFunctions] Processing global function 'NodeTestComment' with runat=server, proxy=false, effectiveRunat=server
stack:
  ->  [ModuleLogger.js:98] debug("Processing global function 'NodeTestComment' with runat=server, proxy=false, effectiveRunat=server")
  ->  [CallbackManager.js:452] processGlobalFunctions([object Object])
  ->  [CallbackManager.js:70] processCallbacks([object HTMLDocument])
  ->  [HandlePage.js:63] onHandlePage([object XPCWrappedNative_NoHelper],[object HTMLDocument])
  ->  [CoreEvents.js:293] fireEvent("HANDLE_PAGE",[object Array])
  ->  [CoreEvents.js:234] fire("PARSE_COMPLETE",[object XPCWrappedNative_NoHelper],[object HTMLDocument])
  ->  [aptEventHandler.js:337] observe([object XPCWrappedNative_NoHelper],"jaxerEvent.HTMLParseComplete",null)
paths:
  -> file:///E:/Aptana%20Jaxer%20Apache/Jaxer/Apache2-4Build/jaxer/framework/src/ModuleLogger.js
  -> file:///E:/Aptana%20Jaxer%20Apache/Jaxer/Apache2-4Build/jaxer/framework/src/CallbackManager.js
  -> file:///E:/Aptana%20Jaxer%20Apache/Jaxer/Apache2-4Build/jaxer/framework/src/HandlePage.js
  -> file:///E:/Aptana%20Jaxer%20Apache/Jaxer/Apache2-4Build/jaxer/framework/src/CoreEvents.js
  -> file:///E:/Aptana%20Jaxer%20Apache/Jaxer/Apache2-4Build/jaxer/components/aptEventHandler.js

01:10:22 12/24/2025 [ 32928] [TRACE] [JS Framework] [CallbackManager.processGlobalFunctions] For runatFunctions member NodeTestPI: handledInScripts.hasOwnProperty=false; typeof candidate: function
stack:
  ->  [ModuleLogger.js:98] trace("For runatFunctions member NodeTestPI: handledInScripts.hasOwnProperty=false; typeof candidate: function")
  ->  [CallbackManager.js:410] processGlobalFunctions([object Object])
  ->  [CallbackManager.js:70] processCallbacks([object HTMLDocument])
  ->  [HandlePage.js:63] onHandlePage([object XPCWrappedNative_NoHelper],[object HTMLDocument])
  ->  [CoreEvents.js:293] fireEvent("HANDLE_PAGE",[object Array])
  ->  [CoreEvents.js:234] fire("PARSE_COMPLETE",[object XPCWrappedNative_NoHelper],[object HTMLDocument])
  ->  [aptEventHandler.js:337] observe([object XPCWrappedNative_NoHelper],"jaxerEvent.HTMLParseComplete",null)
paths:
  -> file:///E:/Aptana%20Jaxer%20Apache/Jaxer/Apache2-4Build/jaxer/framework/src/ModuleLogger.js
  -> file:///E:/Aptana%20Jaxer%20Apache/Jaxer/Apache2-4Build/jaxer/framework/src/CallbackManager.js
  -> file:///E:/Aptana%20Jaxer%20Apache/Jaxer/Apache2-4Build/jaxer/framework/src/HandlePage.js
  -> file:///E:/Aptana%20Jaxer%20Apache/Jaxer/Apache2-4Build/jaxer/framework/src/CoreEvents.js
  -> file:///E:/Aptana%20Jaxer%20Apache/Jaxer/Apache2-4Build/jaxer/components/aptEventHandler.js

01:10:22 12/24/2025 [ 32928] [TRACE] [JS Framework] [CallbackManager.processGlobalFunctions] source before: function NodeTestPI(target) {
    this.target = target;
}
stack:
  ->  [ModuleLogger.js:98] trace("source before: function NodeTestPI(target) {\n    this.target = target;\n}")
  ->  [CallbackManager.js:422] processGlobalFunctions([object Object])
  ->  [CallbackManager.js:70] processCallbacks([object HTMLDocument])
  ->  [HandlePage.js:63] onHandlePage([object XPCWrappedNative_NoHelper],[object HTMLDocument])
  ->  [CoreEvents.js:293] fireEvent("HANDLE_PAGE",[object Array])
  ->  [CoreEvents.js:234] fire("PARSE_COMPLETE",[object XPCWrappedNative_NoHelper],[object HTMLDocument])
  ->  [aptEventHandler.js:337] observe([object XPCWrappedNative_NoHelper],"jaxerEvent.HTMLParseComplete",null)
paths:
  -> file:///E:/Aptana%20Jaxer%20Apache/Jaxer/Apache2-4Build/jaxer/framework/src/ModuleLogger.js
  -> file:///E:/Aptana%20Jaxer%20Apache/Jaxer/Apache2-4Build/jaxer/framework/src/CallbackManager.js
  -> file:///E:/Aptana%20Jaxer%20Apache/Jaxer/Apache2-4Build/jaxer/framework/src/HandlePage.js
  -> file:///E:/Aptana%20Jaxer%20Apache/Jaxer/Apache2-4Build/jaxer/framework/src/CoreEvents.js
  -> file:///E:/Aptana%20Jaxer%20Apache/Jaxer/Apache2-4Build/jaxer/components/aptEventHandler.js

01:10:22 12/24/2025 [ 32928] [TRACE] [JS Framework] [CallbackManager.processGlobalFunctions] source after: function NodeTestPI(target) {
    this.target = target;
}
stack:
  ->  [ModuleLogger.js:98] trace("source after: function NodeTestPI(target) {\n    this.target = target;\n}")
  ->  [CallbackManager.js:431] processGlobalFunctions([object Object])
  ->  [CallbackManager.js:70] processCallbacks([object HTMLDocument])
  ->  [HandlePage.js:63] onHandlePage([object XPCWrappedNative_NoHelper],[object HTMLDocument])
  ->  [CoreEvents.js:293] fireEvent("HANDLE_PAGE",[object Array])
  ->  [CoreEvents.js:234] fire("PARSE_COMPLETE",[object XPCWrappedNative_NoHelper],[object HTMLDocument])
  ->  [aptEventHandler.js:337] observe([object XPCWrappedNative_NoHelper],"jaxerEvent.HTMLParseComplete",null)
paths:
  -> file:///E:/Aptana%20Jaxer%20Apache/Jaxer/Apache2-4Build/jaxer/framework/src/ModuleLogger.js
  -> file:///E:/Aptana%20Jaxer%20Apache/Jaxer/Apache2-4Build/jaxer/framework/src/CallbackManager.js
  -> file:///E:/Aptana%20Jaxer%20Apache/Jaxer/Apache2-4Build/jaxer/framework/src/HandlePage.js
  -> file:///E:/Aptana%20Jaxer%20Apache/Jaxer/Apache2-4Build/jaxer/framework/src/CoreEvents.js
  -> file:///E:/Aptana%20Jaxer%20Apache/Jaxer/Apache2-4Build/jaxer/components/aptEventHandler.js

01:10:22 12/24/2025 [ 32928] [DEBUG] [JS Framework] [CallbackManager.processGlobalFunctions] Processing global function 'NodeTestPI' with runat=server, proxy=false, effectiveRunat=server
stack:
  ->  [ModuleLogger.js:98] debug("Processing global function 'NodeTestPI' with runat=server, proxy=false, effectiveRunat=server")
  ->  [CallbackManager.js:452] processGlobalFunctions([object Object])
  ->  [CallbackManager.js:70] processCallbacks([object HTMLDocument])
  ->  [HandlePage.js:63] onHandlePage([object XPCWrappedNative_NoHelper],[object HTMLDocument])
  ->  [CoreEvents.js:293] fireEvent("HANDLE_PAGE",[object Array])
  ->  [CoreEvents.js:234] fire("PARSE_COMPLETE",[object XPCWrappedNative_NoHelper],[object HTMLDocument])
  ->  [aptEventHandler.js:337] observe([object XPCWrappedNative_NoHelper],"jaxerEvent.HTMLParseComplete",null)
paths:
  -> file:///E:/Aptana%20Jaxer%20Apache/Jaxer/Apache2-4Build/jaxer/framework/src/ModuleLogger.js
  -> file:///E:/Aptana%20Jaxer%20Apache/Jaxer/Apache2-4Build/jaxer/framework/src/CallbackManager.js
  -> file:///E:/Aptana%20Jaxer%20Apache/Jaxer/Apache2-4Build/jaxer/framework/src/HandlePage.js
  -> file:///E:/Aptana%20Jaxer%20Apache/Jaxer/Apache2-4Build/jaxer/framework/src/CoreEvents.js
  -> file:///E:/Aptana%20Jaxer%20Apache/Jaxer/Apache2-4Build/jaxer/components/aptEventHandler.js

01:10:22 12/24/2025 [ 32928] [TRACE] [JS Framework] [CallbackManager.processGlobalFunctions] For runatFunctions member NodeTestNC: handledInScripts.hasOwnProperty=false; typeof candidate: function
stack:
  ->  [ModuleLogger.js:98] trace("For runatFunctions member NodeTestNC: handledInScripts.hasOwnProperty=false; typeof candidate: function")
  ->  [CallbackManager.js:410] processGlobalFunctions([object Object])
  ->  [CallbackManager.js:70] processCallbacks([object HTMLDocument])
  ->  [HandlePage.js:63] onHandlePage([object XPCWrappedNative_NoHelper],[object HTMLDocument])
  ->  [CoreEvents.js:293] fireEvent("HANDLE_PAGE",[object Array])
  ->  [CoreEvents.js:234] fire("PARSE_COMPLETE",[object XPCWrappedNative_NoHelper],[object HTMLDocument])
  ->  [aptEventHandler.js:337] observe([object XPCWrappedNative_NoHelper],"jaxerEvent.HTMLParseComplete",null)
paths:
  -> file:///E:/Aptana%20Jaxer%20Apache/Jaxer/Apache2-4Build/jaxer/framework/src/ModuleLogger.js
  -> file:///E:/Aptana%20Jaxer%20Apache/Jaxer/Apache2-4Build/jaxer/framework/src/CallbackManager.js
  -> file:///E:/Aptana%20Jaxer%20Apache/Jaxer/Apache2-4Build/jaxer/framework/src/HandlePage.js
  -> file:///E:/Aptana%20Jaxer%20Apache/Jaxer/Apache2-4Build/jaxer/framework/src/CoreEvents.js
  -> file:///E:/Aptana%20Jaxer%20Apache/Jaxer/Apache2-4Build/jaxer/components/aptEventHandler.js

01:10:22 12/24/2025 [ 32928] [TRACE] [JS Framework] [CallbackManager.processGlobalFunctions] source before: function NodeTestNC(nsprefix) {
    this.regex = new RegExp("^" + nsprefix + ":");
    this.nsprefix = nsprefix;
}
stack:
  ->  [ModuleLogger.js:98] trace("source before: function NodeTestNC(nsprefix) {\n    this.regex = new RegExp(\"^\" + nsprefix + \":\");\n    this.nsprefix = nsprefix;\n}")
  ->  [CallbackManager.js:422] processGlobalFunctions([object Object])
  ->  [CallbackManager.js:70] processCallbacks([object HTMLDocument])
  ->  [HandlePage.js:63] onHandlePage([object XPCWrappedNative_NoHelper],[object HTMLDocument])
  ->  [CoreEvents.js:293] fireEvent("HANDLE_PAGE",[object Array])
  ->  [CoreEvents.js:234] fire("PARSE_COMPLETE",[object XPCWrappedNative_NoHelper],[object HTMLDocument])
  ->  [aptEventHandler.js:337] observe([object XPCWrappedNative_NoHelper],"jaxerEvent.HTMLParseComplete",null)
paths:
  -> file:///E:/Aptana%20Jaxer%20Apache/Jaxer/Apache2-4Build/jaxer/framework/src/ModuleLogger.js
  -> file:///E:/Aptana%20Jaxer%20Apache/Jaxer/Apache2-4Build/jaxer/framework/src/CallbackManager.js
  -> file:///E:/Aptana%20Jaxer%20Apache/Jaxer/Apache2-4Build/jaxer/framework/src/HandlePage.js
  -> file:///E:/Aptana%20Jaxer%20Apache/Jaxer/Apache2-4Build/jaxer/framework/src/CoreEvents.js
  -> file:///E:/Aptana%20Jaxer%20Apache/Jaxer/Apache2-4Build/jaxer/components/aptEventHandler.js

01:10:22 12/24/2025 [ 32928] [TRACE] [JS Framework] [CallbackManager.processGlobalFunctions] source after: function NodeTestNC(nsprefix) {
    this.regex = new RegExp("^" + nsprefix + ":");
    this.nsprefix = nsprefix;
}
stack:
  ->  [ModuleLogger.js:98] trace("source after: function NodeTestNC(nsprefix) {\n    this.regex = new RegExp(\"^\" + nsprefix + \":\");\n    this.nsprefix = nsprefix;\n}")
  ->  [CallbackManager.js:431] processGlobalFunctions([object Object])
  ->  [CallbackManager.js:70] processCallbacks([object HTMLDocument])
  ->  [HandlePage.js:63] onHandlePage([object XPCWrappedNative_NoHelper],[object HTMLDocument])
  ->  [CoreEvents.js:293] fireEvent("HANDLE_PAGE",[object Array])
  ->  [CoreEvents.js:234] fire("PARSE_COMPLETE",[object XPCWrappedNative_NoHelper],[object HTMLDocument])
  ->  [aptEventHandler.js:337] observe([object XPCWrappedNative_NoHelper],"jaxerEvent.HTMLParseComplete",null)
paths:
  -> file:///E:/Aptana%20Jaxer%20Apache/Jaxer/Apache2-4Build/jaxer/framework/src/ModuleLogger.js
  -> file:///E:/Aptana%20Jaxer%20Apache/Jaxer/Apache2-4Build/jaxer/framework/src/CallbackManager.js
  -> file:///E:/Aptana%20Jaxer%20Apache/Jaxer/Apache2-4Build/jaxer/framework/src/HandlePage.js
  -> file:///E:/Aptana%20Jaxer%20Apache/Jaxer/Apache2-4Build/jaxer/framework/src/CoreEvents.js
  -> file:///E:/Aptana%20Jaxer%20Apache/Jaxer/Apache2-4Build/jaxer/components/aptEventHandler.js

01:10:22 12/24/2025 [ 32928] [DEBUG] [JS Framework] [CallbackManager.processGlobalFunctions] Processing global function 'NodeTestNC' with runat=server, proxy=false, effectiveRunat=server
stack:
  ->  [ModuleLogger.js:98] debug("Processing global function 'NodeTestNC' with runat=server, proxy=false, effectiveRunat=server")
  ->  [CallbackManager.js:452] processGlobalFunctions([object Object])
  ->  [CallbackManager.js:70] processCallbacks([object HTMLDocument])
  ->  [HandlePage.js:63] onHandlePage([object XPCWrappedNative_NoHelper],[object HTMLDocument])
  ->  [CoreEvents.js:293] fireEvent("HANDLE_PAGE",[object Array])
  ->  [CoreEvents.js:234] fire("PARSE_COMPLETE",[object XPCWrappedNative_NoHelper],[object HTMLDocument])
  ->  [aptEventHandler.js:337] observe([object XPCWrappedNative_NoHelper],"jaxerEvent.HTMLParseComplete",null)
paths:
  -> file:///E:/Aptana%20Jaxer%20Apache/Jaxer/Apache2-4Build/jaxer/framework/src/ModuleLogger.js
  -> file:///E:/Aptana%20Jaxer%20Apache/Jaxer/Apache2-4Build/jaxer/framework/src/CallbackManager.js
  -> file:///E:/Aptana%20Jaxer%20Apache/Jaxer/Apache2-4Build/jaxer/framework/src/HandlePage.js
  -> file:///E:/Aptana%20Jaxer%20Apache/Jaxer/Apache2-4Build/jaxer/framework/src/CoreEvents.js
  -> file:///E:/Aptana%20Jaxer%20Apache/Jaxer/Apache2-4Build/jaxer/components/aptEventHandler.js

01:10:22 12/24/2025 [ 32928] [TRACE] [JS Framework] [CallbackManager.processGlobalFunctions] For runatFunctions member NodeTestName: handledInScripts.hasOwnProperty=false; typeof candidate: function
stack:
  ->  [ModuleLogger.js:98] trace("For runatFunctions member NodeTestName: handledInScripts.hasOwnProperty=false; typeof candidate: function")
  ->  [CallbackManager.js:410] processGlobalFunctions([object Object])
  ->  [CallbackManager.js:70] processCallbacks([object HTMLDocument])
  ->  [HandlePage.js:63] onHandlePage([object XPCWrappedNative_NoHelper],[object HTMLDocument])
  ->  [CoreEvents.js:293] fireEvent("HANDLE_PAGE",[object Array])
  ->  [CoreEvents.js:234] fire("PARSE_COMPLETE",[object XPCWrappedNative_NoHelper],[object HTMLDocument])
  ->  [aptEventHandler.js:337] observe([object XPCWrappedNative_NoHelper],"jaxerEvent.HTMLParseComplete",null)
paths:
  -> file:///E:/Aptana%20Jaxer%20Apache/Jaxer/Apache2-4Build/jaxer/framework/src/ModuleLogger.js
  -> file:///E:/Aptana%20Jaxer%20Apache/Jaxer/Apache2-4Build/jaxer/framework/src/CallbackManager.js
  -> file:///E:/Aptana%20Jaxer%20Apache/Jaxer/Apache2-4Build/jaxer/framework/src/HandlePage.js
  -> file:///E:/Aptana%20Jaxer%20Apache/Jaxer/Apache2-4Build/jaxer/framework/src/CoreEvents.js
  -> file:///E:/Aptana%20Jaxer%20Apache/Jaxer/Apache2-4Build/jaxer/components/aptEventHandler.js

01:10:22 12/24/2025 [ 32928] [TRACE] [JS Framework] [CallbackManager.processGlobalFunctions] source before: function NodeTestName(name) {
    this.name = name;
    this.re = new RegExp("^" + name + "$", "i");
}
stack:
  ->  [ModuleLogger.js:98] trace("source before: function NodeTestName(name) {\n    this.name = name;\n    this.re = new RegExp(\"^\" + name + \"$\", \"i\");\n}")
  ->  [CallbackManager.js:422] processGlobalFunctions([object Object])
  ->  [CallbackManager.js:70] processCallbacks([object HTMLDocument])
  ->  [HandlePage.js:63] onHandlePage([object XPCWrappedNative_NoHelper],[object HTMLDocument])
  ->  [CoreEvents.js:293] fireEvent("HANDLE_PAGE",[object Array])
  ->  [CoreEvents.js:234] fire("PARSE_COMPLETE",[object XPCWrappedNative_NoHelper],[object HTMLDocument])
  ->  [aptEventHandler.js:337] observe([object XPCWrappedNative_NoHelper],"jaxerEvent.HTMLParseComplete",null)
paths:
  -> file:///E:/Aptana%20Jaxer%20Apache/Jaxer/Apache2-4Build/jaxer/framework/src/ModuleLogger.js
  -> file:///E:/Aptana%20Jaxer%20Apache/Jaxer/Apache2-4Build/jaxer/framework/src/CallbackManager.js
  -> file:///E:/Aptana%20Jaxer%20Apache/Jaxer/Apache2-4Build/jaxer/framework/src/HandlePage.js
  -> file:///E:/Aptana%20Jaxer%20Apache/Jaxer/Apache2-4Build/jaxer/framework/src/CoreEvents.js
  -> file:///E:/Aptana%20Jaxer%20Apache/Jaxer/Apache2-4Build/jaxer/components/aptEventHandler.js

01:10:22 12/24/2025 [ 32928] [TRACE] [JS Framework] [CallbackManager.processGlobalFunctions] source after: function NodeTestName(name) {
    this.name = name;
    this.re = new RegExp("^" + name + "$", "i");
}
stack:
  ->  [ModuleLogger.js:98] trace("source after: function NodeTestName(name) {\n    this.name = name;\n    this.re = new RegExp(\"^\" + name + \"$\", \"i\");\n}")
  ->  [CallbackManager.js:431] processGlobalFunctions([object Object])
  ->  [CallbackManager.js:70] processCallbacks([object HTMLDocument])
  ->  [HandlePage.js:63] onHandlePage([object XPCWrappedNative_NoHelper],[object HTMLDocument])
  ->  [CoreEvents.js:293] fireEvent("HANDLE_PAGE",[object Array])
  ->  [CoreEvents.js:234] fire("PARSE_COMPLETE",[object XPCWrappedNative_NoHelper],[object HTMLDocument])
  ->  [aptEventHandler.js:337] observe([object XPCWrappedNative_NoHelper],"jaxerEvent.HTMLParseComplete",null)
paths:
  -> file:///E:/Aptana%20Jaxer%20Apache/Jaxer/Apache2-4Build/jaxer/framework/src/ModuleLogger.js
  -> file:///E:/Aptana%20Jaxer%20Apache/Jaxer/Apache2-4Build/jaxer/framework/src/CallbackManager.js
  -> file:///E:/Aptana%20Jaxer%20Apache/Jaxer/Apache2-4Build/jaxer/framework/src/HandlePage.js
  -> file:///E:/Aptana%20Jaxer%20Apache/Jaxer/Apache2-4Build/jaxer/framework/src/CoreEvents.js
  -> file:///E:/Aptana%20Jaxer%20Apache/Jaxer/Apache2-4Build/jaxer/components/aptEventHandler.js

01:10:22 12/24/2025 [ 32928] [DEBUG] [JS Framework] [CallbackManager.processGlobalFunctions] Processing global function 'NodeTestName' with runat=server, proxy=false, effectiveRunat=server
stack:
  ->  [ModuleLogger.js:98] debug("Processing global function 'NodeTestName' with runat=server, proxy=false, effectiveRunat=server")
  ->  [CallbackManager.js:452] processGlobalFunctions([object Object])
  ->  [CallbackManager.js:70] processCallbacks([object HTMLDocument])
  ->  [HandlePage.js:63] onHandlePage([object XPCWrappedNative_NoHelper],[object HTMLDocument])
  ->  [CoreEvents.js:293] fireEvent("HANDLE_PAGE",[object Array])
  ->  [CoreEvents.js:234] fire("PARSE_COMPLETE",[object XPCWrappedNative_NoHelper],[object HTMLDocument])
  ->  [aptEventHandler.js:337] observe([object XPCWrappedNative_NoHelper],"jaxerEvent.HTMLParseComplete",null)
paths:
  -> file:///E:/Aptana%20Jaxer%20Apache/Jaxer/Apache2-4Build/jaxer/framework/src/ModuleLogger.js
  -> file:///E:/Aptana%20Jaxer%20Apache/Jaxer/Apache2-4Build/jaxer/framework/src/CallbackManager.js
  -> file:///E:/Aptana%20Jaxer%20Apache/Jaxer/Apache2-4Build/jaxer/framework/src/HandlePage.js
  -> file:///E:/Aptana%20Jaxer%20Apache/Jaxer/Apache2-4Build/jaxer/framework/src/CoreEvents.js
  -> file:///E:/Aptana%20Jaxer%20Apache/Jaxer/Apache2-4Build/jaxer/components/aptEventHandler.js

01:10:22 12/24/2025 [ 32928] [TRACE] [JS Framework] [CallbackManager.processGlobalFunctions] For runatFunctions member PredicateExpr: handledInScripts.hasOwnProperty=false; typeof candidate: function
stack:
  ->  [ModuleLogger.js:98] trace("For runatFunctions member PredicateExpr: handledInScripts.hasOwnProperty=false; typeof candidate: function")
  ->  [CallbackManager.js:410] processGlobalFunctions([object Object])
  ->  [CallbackManager.js:70] processCallbacks([object HTMLDocument])
  ->  [HandlePage.js:63] onHandlePage([object XPCWrappedNative_NoHelper],[object HTMLDocument])
  ->  [CoreEvents.js:293] fireEvent("HANDLE_PAGE",[object Array])
  ->  [CoreEvents.js:234] fire("PARSE_COMPLETE",[object XPCWrappedNative_NoHelper],[object HTMLDocument])
  ->  [aptEventHandler.js:337] observe([object XPCWrappedNative_NoHelper],"jaxerEvent.HTMLParseComplete",null)
paths:
  -> file:///E:/Aptana%20Jaxer%20Apache/Jaxer/Apache2-4Build/jaxer/framework/src/ModuleLogger.js
  -> file:///E:/Aptana%20Jaxer%20Apache/Jaxer/Apache2-4Build/jaxer/framework/src/CallbackManager.js
  -> file:///E:/Aptana%20Jaxer%20Apache/Jaxer/Apache2-4Build/jaxer/framework/src/HandlePage.js
  -> file:///E:/Aptana%20Jaxer%20Apache/Jaxer/Apache2-4Build/jaxer/framework/src/CoreEvents.js
  -> file:///E:/Aptana%20Jaxer%20Apache/Jaxer/Apache2-4Build/jaxer/components/aptEventHandler.js

01:10:22 12/24/2025 [ 32928] [TRACE] [JS Framework] [CallbackManager.processGlobalFunctions] source before: function PredicateExpr(expr) {
    this.expr = expr;
}
stack:
  ->  [ModuleLogger.js:98] trace("source before: function PredicateExpr(expr) {\n    this.expr = expr;\n}")
  ->  [CallbackManager.js:422] processGlobalFunctions([object Object])
  ->  [CallbackManager.js:70] processCallbacks([object HTMLDocument])
  ->  [HandlePage.js:63] onHandlePage([object XPCWrappedNative_NoHelper],[object HTMLDocument])
  ->  [CoreEvents.js:293] fireEvent("HANDLE_PAGE",[object Array])
  ->  [CoreEvents.js:234] fire("PARSE_COMPLETE",[object XPCWrappedNative_NoHelper],[object HTMLDocument])
  ->  [aptEventHandler.js:337] observe([object XPCWrappedNative_NoHelper],"jaxerEvent.HTMLParseComplete",null)
paths:
  -> file:///E:/Aptana%20Jaxer%20Apache/Jaxer/Apache2-4Build/jaxer/framework/src/ModuleLogger.js
  -> file:///E:/Aptana%20Jaxer%20Apache/Jaxer/Apache2-4Build/jaxer/framework/src/CallbackManager.js
  -> file:///E:/Aptana%20Jaxer%20Apache/Jaxer/Apache2-4Build/jaxer/framework/src/HandlePage.js
  -> file:///E:/Aptana%20Jaxer%20Apache/Jaxer/Apache2-4Build/jaxer/framework/src/CoreEvents.js
  -> file:///E:/Aptana%20Jaxer%20Apache/Jaxer/Apache2-4Build/jaxer/components/aptEventHandler.js

01:10:22 12/24/2025 [ 32928] [TRACE] [JS Framework] [CallbackManager.processGlobalFunctions] source after: function PredicateExpr(expr) {
    this.expr = expr;
}
stack:
  ->  [ModuleLogger.js:98] trace("source after: function PredicateExpr(expr) {\n    this.expr = expr;\n}")
  ->  [CallbackManager.js:431] processGlobalFunctions([object Object])
  ->  [CallbackManager.js:70] processCallbacks([object HTMLDocument])
  ->  [HandlePage.js:63] onHandlePage([object XPCWrappedNative_NoHelper],[object HTMLDocument])
  ->  [CoreEvents.js:293] fireEvent("HANDLE_PAGE",[object Array])
  ->  [CoreEvents.js:234] fire("PARSE_COMPLETE",[object XPCWrappedNative_NoHelper],[object HTMLDocument])
  ->  [aptEventHandler.js:337] observe([object XPCWrappedNative_NoHelper],"jaxerEvent.HTMLParseComplete",null)
paths:
  -> file:///E:/Aptana%20Jaxer%20Apache/Jaxer/Apache2-4Build/jaxer/framework/src/ModuleLogger.js
  -> file:///E:/Aptana%20Jaxer%20Apache/Jaxer/Apache2-4Build/jaxer/framework/src/CallbackManager.js
  -> file:///E:/Aptana%20Jaxer%20Apache/Jaxer/Apache2-4Build/jaxer/framework/src/HandlePage.js
  -> file:///E:/Aptana%20Jaxer%20Apache/Jaxer/Apache2-4Build/jaxer/framework/src/CoreEvents.js
  -> file:///E:/Aptana%20Jaxer%20Apache/Jaxer/Apache2-4Build/jaxer/components/aptEventHandler.js

01:10:22 12/24/2025 [ 32928] [DEBUG] [JS Framework] [CallbackManager.processGlobalFunctions] Processing global function 'PredicateExpr' with runat=server, proxy=false, effectiveRunat=server
stack:
  ->  [ModuleLogger.js:98] debug("Processing global function 'PredicateExpr' with runat=server, proxy=false, effectiveRunat=server")
  ->  [CallbackManager.js:452] processGlobalFunctions([object Object])
  ->  [CallbackManager.js:70] processCallbacks([object HTMLDocument])
  ->  [HandlePage.js:63] onHandlePage([object XPCWrappedNative_NoHelper],[object HTMLDocument])
  ->  [CoreEvents.js:293] fireEvent("HANDLE_PAGE",[object Array])
  ->  [CoreEvents.js:234] fire("PARSE_COMPLETE",[object XPCWrappedNative_NoHelper],[object HTMLDocument])
  ->  [aptEventHandler.js:337] observe([object XPCWrappedNative_NoHelper],"jaxerEvent.HTMLParseComplete",null)
paths:
  -> file:///E:/Aptana%20Jaxer%20Apache/Jaxer/Apache2-4Build/jaxer/framework/src/ModuleLogger.js
  -> file:///E:/Aptana%20Jaxer%20Apache/Jaxer/Apache2-4Build/jaxer/framework/src/CallbackManager.js
  -> file:///E:/Aptana%20Jaxer%20Apache/Jaxer/Apache2-4Build/jaxer/framework/src/HandlePage.js
  -> file:///E:/Aptana%20Jaxer%20Apache/Jaxer/Apache2-4Build/jaxer/framework/src/CoreEvents.js
  -> file:///E:/Aptana%20Jaxer%20Apache/Jaxer/Apache2-4Build/jaxer/components/aptEventHandler.js

01:10:22 12/24/2025 [ 32928] [TRACE] [JS Framework] [CallbackManager.processGlobalFunctions] For runatFunctions member FunctionCallExpr: handledInScripts.hasOwnProperty=false; typeof candidate: function
stack:
  ->  [ModuleLogger.js:98] trace("For runatFunctions member FunctionCallExpr: handledInScripts.hasOwnProperty=false; typeof candidate: function")
  ->  [CallbackManager.js:410] processGlobalFunctions([object Object])
  ->  [CallbackManager.js:70] processCallbacks([object HTMLDocument])
  ->  [HandlePage.js:63] onHandlePage([object XPCWrappedNative_NoHelper],[object HTMLDocument])
  ->  [CoreEvents.js:293] fireEvent("HANDLE_PAGE",[object Array])
  ->  [CoreEvents.js:234] fire("PARSE_COMPLETE",[object XPCWrappedNative_NoHelper],[object HTMLDocument])
  ->  [aptEventHandler.js:337] observe([object XPCWrappedNative_NoHelper],"jaxerEvent.HTMLParseComplete",null)
paths:
  -> file:///E:/Aptana%20Jaxer%20Apache/Jaxer/Apache2-4Build/jaxer/framework/src/ModuleLogger.js
  -> file:///E:/Aptana%20Jaxer%20Apache/Jaxer/Apache2-4Build/jaxer/framework/src/CallbackManager.js
  -> file:///E:/Aptana%20Jaxer%20Apache/Jaxer/Apache2-4Build/jaxer/framework/src/HandlePage.js
  -> file:///E:/Aptana%20Jaxer%20Apache/Jaxer/Apache2-4Build/jaxer/framework/src/CoreEvents.js
  -> file:///E:/Aptana%20Jaxer%20Apache/Jaxer/Apache2-4Build/jaxer/components/aptEventHandler.js

01:10:22 12/24/2025 [ 32928] [TRACE] [JS Framework] [CallbackManager.processGlobalFunctions] source before: function FunctionCallExpr(name) {
    this.name = name;
    this.args = [];
}
stack:
  ->  [ModuleLogger.js:98] trace("source before: function FunctionCallExpr(name) {\n    this.name = name;\n    this.args = [];\n}")
  ->  [CallbackManager.js:422] processGlobalFunctions([object Object])
  ->  [CallbackManager.js:70] processCallbacks([object HTMLDocument])
  ->  [HandlePage.js:63] onHandlePage([object XPCWrappedNative_NoHelper],[object HTMLDocument])
  ->  [CoreEvents.js:293] fireEvent("HANDLE_PAGE",[object Array])
  ->  [CoreEvents.js:234] fire("PARSE_COMPLETE",[object XPCWrappedNative_NoHelper],[object HTMLDocument])
  ->  [aptEventHandler.js:337] observe([object XPCWrappedNative_NoHelper],"jaxerEvent.HTMLParseComplete",null)
paths:
  -> file:///E:/Aptana%20Jaxer%20Apache/Jaxer/Apache2-4Build/jaxer/framework/src/ModuleLogger.js
  -> file:///E:/Aptana%20Jaxer%20Apache/Jaxer/Apache2-4Build/jaxer/framework/src/CallbackManager.js
  -> file:///E:/Aptana%20Jaxer%20Apache/Jaxer/Apache2-4Build/jaxer/framework/src/HandlePage.js
  -> file:///E:/Aptana%20Jaxer%20Apache/Jaxer/Apache2-4Build/jaxer/framework/src/CoreEvents.js
  -> file:///E:/Aptana%20Jaxer%20Apache/Jaxer/Apache2-4Build/jaxer/components/aptEventHandler.js

01:10:22 12/24/2025 [ 32928] [TRACE] [JS Framework] [CallbackManager.processGlobalFunctions] source after: function FunctionCallExpr(name) {
    this.name = name;
    this.args = [];
}
stack:
  ->  [ModuleLogger.js:98] trace("source after: function FunctionCallExpr(name) {\n    this.name = name;\n    this.args = [];\n}")
  ->  [CallbackManager.js:431] processGlobalFunctions([object Object])
  ->  [CallbackManager.js:70] processCallbacks([object HTMLDocument])
  ->  [HandlePage.js:63] onHandlePage([object XPCWrappedNative_NoHelper],[object HTMLDocument])
  ->  [CoreEvents.js:293] fireEvent("HANDLE_PAGE",[object Array])
  ->  [CoreEvents.js:234] fire("PARSE_COMPLETE",[object XPCWrappedNative_NoHelper],[object HTMLDocument])
  ->  [aptEventHandler.js:337] observe([object XPCWrappedNative_NoHelper],"jaxerEvent.HTMLParseComplete",null)
paths:
  -> file:///E:/Aptana%20Jaxer%20Apache/Jaxer/Apache2-4Build/jaxer/framework/src/ModuleLogger.js
  -> file:///E:/Aptana%20Jaxer%20Apache/Jaxer/Apache2-4Build/jaxer/framework/src/CallbackManager.js
  -> file:///E:/Aptana%20Jaxer%20Apache/Jaxer/Apache2-4Build/jaxer/framework/src/HandlePage.js
  -> file:///E:/Aptana%20Jaxer%20Apache/Jaxer/Apache2-4Build/jaxer/framework/src/CoreEvents.js
  -> file:///E:/Aptana%20Jaxer%20Apache/Jaxer/Apache2-4Build/jaxer/components/aptEventHandler.js

01:10:22 12/24/2025 [ 32928] [DEBUG] [JS Framework] [CallbackManager.processGlobalFunctions] Processing global function 'FunctionCallExpr' with runat=server, proxy=false, effectiveRunat=server
stack:
  ->  [ModuleLogger.js:98] debug("Processing global function 'FunctionCallExpr' with runat=server, proxy=false, effectiveRunat=server")
  ->  [CallbackManager.js:452] processGlobalFunctions([object Object])
  ->  [CallbackManager.js:70] processCallbacks([object HTMLDocument])
  ->  [HandlePage.js:63] onHandlePage([object XPCWrappedNative_NoHelper],[object HTMLDocument])
  ->  [CoreEvents.js:293] fireEvent("HANDLE_PAGE",[object Array])
  ->  [CoreEvents.js:234] fire("PARSE_COMPLETE",[object XPCWrappedNative_NoHelper],[object HTMLDocument])
  ->  [aptEventHandler.js:337] observe([object XPCWrappedNative_NoHelper],"jaxerEvent.HTMLParseComplete",null)
paths:
  -> file:///E:/Aptana%20Jaxer%20Apache/Jaxer/Apache2-4Build/jaxer/framework/src/ModuleLogger.js
  -> file:///E:/Aptana%20Jaxer%20Apache/Jaxer/Apache2-4Build/jaxer/framework/src/CallbackManager.js
  -> file:///E:/Aptana%20Jaxer%20Apache/Jaxer/Apache2-4Build/jaxer/framework/src/HandlePage.js
  -> file:///E:/Aptana%20Jaxer%20Apache/Jaxer/Apache2-4Build/jaxer/framework/src/CoreEvents.js
  -> file:///E:/Aptana%20Jaxer%20Apache/Jaxer/Apache2-4Build/jaxer/components/aptEventHandler.js

01:10:22 12/24/2025 [ 32928] [TRACE] [JS Framework] [CallbackManager.processGlobalFunctions] For runatFunctions member UnionExpr: handledInScripts.hasOwnProperty=false; typeof candidate: function
stack:
  ->  [ModuleLogger.js:98] trace("For runatFunctions member UnionExpr: handledInScripts.hasOwnProperty=false; typeof candidate: function")
  ->  [CallbackManager.js:410] processGlobalFunctions([object Object])
  ->  [CallbackManager.js:70] processCallbacks([object HTMLDocument])
  ->  [HandlePage.js:63] onHandlePage([object XPCWrappedNative_NoHelper],[object HTMLDocument])
  ->  [CoreEvents.js:293] fireEvent("HANDLE_PAGE",[object Array])
  ->  [CoreEvents.js:234] fire("PARSE_COMPLETE",[object XPCWrappedNative_NoHelper],[object HTMLDocument])
  ->  [aptEventHandler.js:337] observe([object XPCWrappedNative_NoHelper],"jaxerEvent.HTMLParseComplete",null)
paths:
  -> file:///E:/Aptana%20Jaxer%20Apache/Jaxer/Apache2-4Build/jaxer/framework/src/ModuleLogger.js
  -> file:///E:/Aptana%20Jaxer%20Apache/Jaxer/Apache2-4Build/jaxer/framework/src/CallbackManager.js
  -> file:///E:/Aptana%20Jaxer%20Apache/Jaxer/Apache2-4Build/jaxer/framework/src/HandlePage.js
  -> file:///E:/Aptana%20Jaxer%20Apache/Jaxer/Apache2-4Build/jaxer/framework/src/CoreEvents.js
  -> file:///E:/Aptana%20Jaxer%20Apache/Jaxer/Apache2-4Build/jaxer/components/aptEventHandler.js

01:10:22 12/24/2025 [ 32928] [TRACE] [JS Framework] [CallbackManager.processGlobalFunctions] source before: function UnionExpr(expr1, expr2) {
    this.expr1 = expr1;
    this.expr2 = expr2;
}
stack:
  ->  [ModuleLogger.js:98] trace("source before: function UnionExpr(expr1, expr2) {\n    this.expr1 = expr1;\n    this.expr2 = expr2;\n}")
  ->  [CallbackManager.js:422] processGlobalFunctions([object Object])
  ->  [CallbackManager.js:70] processCallbacks([object HTMLDocument])
  ->  [HandlePage.js:63] onHandlePage([object XPCWrappedNative_NoHelper],[object HTMLDocument])
  ->  [CoreEvents.js:293] fireEvent("HANDLE_PAGE",[object Array])
  ->  [CoreEvents.js:234] fire("PARSE_COMPLETE",[object XPCWrappedNative_NoHelper],[object HTMLDocument])
  ->  [aptEventHandler.js:337] observe([object XPCWrappedNative_NoHelper],"jaxerEvent.HTMLParseComplete",null)
paths:
  -> file:///E:/Aptana%20Jaxer%20Apache/Jaxer/Apache2-4Build/jaxer/framework/src/ModuleLogger.js
  -> file:///E:/Aptana%20Jaxer%20Apache/Jaxer/Apache2-4Build/jaxer/framework/src/CallbackManager.js
  -> file:///E:/Aptana%20Jaxer%20Apache/Jaxer/Apache2-4Build/jaxer/framework/src/HandlePage.js
  -> file:///E:/Aptana%20Jaxer%20Apache/Jaxer/Apache2-4Build/jaxer/framework/src/CoreEvents.js
  -> file:///E:/Aptana%20Jaxer%20Apache/Jaxer/Apache2-4Build/jaxer/components/aptEventHandler.js

01:10:22 12/24/2025 [ 32928] [TRACE] [JS Framework] [CallbackManager.processGlobalFunctions] source after: function UnionExpr(expr1, expr2) {
    this.expr1 = expr1;
    this.expr2 = expr2;
}
stack:
  ->  [ModuleLogger.js:98] trace("source after: function UnionExpr(expr1, expr2) {\n    this.expr1 = expr1;\n    this.expr2 = expr2;\n}")
  ->  [CallbackManager.js:431] processGlobalFunctions([object Object])
  ->  [CallbackManager.js:70] processCallbacks([object HTMLDocument])
  ->  [HandlePage.js:63] onHandlePage([object XPCWrappedNative_NoHelper],[object HTMLDocument])
  ->  [CoreEvents.js:293] fireEvent("HANDLE_PAGE",[object Array])
  ->  [CoreEvents.js:234] fire("PARSE_COMPLETE",[object XPCWrappedNative_NoHelper],[object HTMLDocument])
  ->  [aptEventHandler.js:337] observe([object XPCWrappedNative_NoHelper],"jaxerEvent.HTMLParseComplete",null)
paths:
  -> file:///E:/Aptana%20Jaxer%20Apache/Jaxer/Apache2-4Build/jaxer/framework/src/ModuleLogger.js
  -> file:///E:/Aptana%20Jaxer%20Apache/Jaxer/Apache2-4Build/jaxer/framework/src/CallbackManager.js
  -> file:///E:/Aptana%20Jaxer%20Apache/Jaxer/Apache2-4Build/jaxer/framework/src/HandlePage.js
  -> file:///E:/Aptana%20Jaxer%20Apache/Jaxer/Apache2-4Build/jaxer/framework/src/CoreEvents.js
  -> file:///E:/Aptana%20Jaxer%20Apache/Jaxer/Apache2-4Build/jaxer/components/aptEventHandler.js

01:10:22 12/24/2025 [ 32928] [DEBUG] [JS Framework] [CallbackManager.processGlobalFunctions] Processing global function 'UnionExpr' with runat=server, proxy=false, effectiveRunat=server
stack:
  ->  [ModuleLogger.js:98] debug("Processing global function 'UnionExpr' with runat=server, proxy=false, effectiveRunat=server")
  ->  [CallbackManager.js:452] processGlobalFunctions([object Object])
  ->  [CallbackManager.js:70] processCallbacks([object HTMLDocument])
  ->  [HandlePage.js:63] onHandlePage([object XPCWrappedNative_NoHelper],[object HTMLDocument])
  ->  [CoreEvents.js:293] fireEvent("HANDLE_PAGE",[object Array])
  ->  [CoreEvents.js:234] fire("PARSE_COMPLETE",[object XPCWrappedNative_NoHelper],[object HTMLDocument])
  ->  [aptEventHandler.js:337] observe([object XPCWrappedNative_NoHelper],"jaxerEvent.HTMLParseComplete",null)
paths:
  -> file:///E:/Aptana%20Jaxer%20Apache/Jaxer/Apache2-4Build/jaxer/framework/src/ModuleLogger.js
  -> file:///E:/Aptana%20Jaxer%20Apache/Jaxer/Apache2-4Build/jaxer/framework/src/CallbackManager.js
  -> file:///E:/Aptana%20Jaxer%20Apache/Jaxer/Apache2-4Build/jaxer/framework/src/HandlePage.js
  -> file:///E:/Aptana%20Jaxer%20Apache/Jaxer/Apache2-4Build/jaxer/framework/src/CoreEvents.js
  -> file:///E:/Aptana%20Jaxer%20Apache/Jaxer/Apache2-4Build/jaxer/components/aptEventHandler.js

01:10:22 12/24/2025 [ 32928] [TRACE] [JS Framework] [CallbackManager.processGlobalFunctions] For runatFunctions member PathExpr: handledInScripts.hasOwnProperty=false; typeof candidate: function
stack:
  ->  [ModuleLogger.js:98] trace("For runatFunctions member PathExpr: handledInScripts.hasOwnProperty=false; typeof candidate: function")
  ->  [CallbackManager.js:410] processGlobalFunctions([object Object])
  ->  [CallbackManager.js:70] processCallbacks([object HTMLDocument])
  ->  [HandlePage.js:63] onHandlePage([object XPCWrappedNative_NoHelper],[object HTMLDocument])
  ->  [CoreEvents.js:293] fireEvent("HANDLE_PAGE",[object Array])
  ->  [CoreEvents.js:234] fire("PARSE_COMPLETE",[object XPCWrappedNative_NoHelper],[object HTMLDocument])
  ->  [aptEventHandler.js:337] observe([object XPCWrappedNative_NoHelper],"jaxerEvent.HTMLParseComplete",null)
paths:
  -> file:///E:/Aptana%20Jaxer%20Apache/Jaxer/Apache2-4Build/jaxer/framework/src/ModuleLogger.js
  -> file:///E:/Aptana%20Jaxer%20Apache/Jaxer/Apache2-4Build/jaxer/framework/src/CallbackManager.js
  -> file:///E:/Aptana%20Jaxer%20Apache/Jaxer/Apache2-4Build/jaxer/framework/src/HandlePage.js
  -> file:///E:/Aptana%20Jaxer%20Apache/Jaxer/Apache2-4Build/jaxer/framework/src/CoreEvents.js
  -> file:///E:/Aptana%20Jaxer%20Apache/Jaxer/Apache2-4Build/jaxer/components/aptEventHandler.js

01:10:22 12/24/2025 [ 32928] [TRACE] [JS Framework] [CallbackManager.processGlobalFunctions] source before: function PathExpr(filter, rel) {
    this.filter = filter;
    this.rel = rel;
}
stack:
  ->  [ModuleLogger.js:98] trace("source before: function PathExpr(filter, rel) {\n    this.filter = filter;\n    this.rel = rel;\n}")
  ->  [CallbackManager.js:422] processGlobalFunctions([object Object])
  ->  [CallbackManager.js:70] processCallbacks([object HTMLDocument])
  ->  [HandlePage.js:63] onHandlePage([object XPCWrappedNative_NoHelper],[object HTMLDocument])
  ->  [CoreEvents.js:293] fireEvent("HANDLE_PAGE",[object Array])
  ->  [CoreEvents.js:234] fire("PARSE_COMPLETE",[object XPCWrappedNative_NoHelper],[object HTMLDocument])
  ->  [aptEventHandler.js:337] observe([object XPCWrappedNative_NoHelper],"jaxerEvent.HTMLParseComplete",null)
paths:
  -> file:///E:/Aptana%20Jaxer%20Apache/Jaxer/Apache2-4Build/jaxer/framework/src/ModuleLogger.js
  -> file:///E:/Aptana%20Jaxer%20Apache/Jaxer/Apache2-4Build/jaxer/framework/src/CallbackManager.js
  -> file:///E:/Aptana%20Jaxer%20Apache/Jaxer/Apache2-4Build/jaxer/framework/src/HandlePage.js
  -> file:///E:/Aptana%20Jaxer%20Apache/Jaxer/Apache2-4Build/jaxer/framework/src/CoreEvents.js
  -> file:///E:/Aptana%20Jaxer%20Apache/Jaxer/Apache2-4Build/jaxer/components/aptEventHandler.js

01:10:22 12/24/2025 [ 32928] [TRACE] [JS Framework] [CallbackManager.processGlobalFunctions] source after: function PathExpr(filter, rel) {
    this.filter = filter;
    this.rel = rel;
}
stack:
  ->  [ModuleLogger.js:98] trace("source after: function PathExpr(filter, rel) {\n    this.filter = filter;\n    this.rel = rel;\n}")
  ->  [CallbackManager.js:431] processGlobalFunctions([object Object])
  ->  [CallbackManager.js:70] processCallbacks([object HTMLDocument])
  ->  [HandlePage.js:63] onHandlePage([object XPCWrappedNative_NoHelper],[object HTMLDocument])
  ->  [CoreEvents.js:293] fireEvent("HANDLE_PAGE",[object Array])
  ->  [CoreEvents.js:234] fire("PARSE_COMPLETE",[object XPCWrappedNative_NoHelper],[object HTMLDocument])
  ->  [aptEventHandler.js:337] observe([object XPCWrappedNative_NoHelper],"jaxerEvent.HTMLParseComplete",null)
paths:
  -> file:///E:/Aptana%20Jaxer%20Apache/Jaxer/Apache2-4Build/jaxer/framework/src/ModuleLogger.js
  -> file:///E:/Aptana%20Jaxer%20Apache/Jaxer/Apache2-4Build/jaxer/framework/src/CallbackManager.js
  -> file:///E:/Aptana%20Jaxer%20Apache/Jaxer/Apache2-4Build/jaxer/framework/src/HandlePage.js
  -> file:///E:/Aptana%20Jaxer%20Apache/Jaxer/Apache2-4Build/jaxer/framework/src/CoreEvents.js
  -> file:///E:/Aptana%20Jaxer%20Apache/Jaxer/Apache2-4Build/jaxer/components/aptEventHandler.js

01:10:22 12/24/2025 [ 32928] [DEBUG] [JS Framework] [CallbackManager.processGlobalFunctions] Processing global function 'PathExpr' with runat=server, proxy=false, effectiveRunat=server
stack:
  ->  [ModuleLogger.js:98] debug("Processing global function 'PathExpr' with runat=server, proxy=false, effectiveRunat=server")
  ->  [CallbackManager.js:452] processGlobalFunctions([object Object])
  ->  [CallbackManager.js:70] processCallbacks([object HTMLDocument])
  ->  [HandlePage.js:63] onHandlePage([object XPCWrappedNative_NoHelper],[object HTMLDocument])
  ->  [CoreEvents.js:293] fireEvent("HANDLE_PAGE",[object Array])
  ->  [CoreEvents.js:234] fire("PARSE_COMPLETE",[object XPCWrappedNative_NoHelper],[object HTMLDocument])
  ->  [aptEventHandler.js:337] observe([object XPCWrappedNative_NoHelper],"jaxerEvent.HTMLParseComplete",null)
paths:
  -> file:///E:/Aptana%20Jaxer%20Apache/Jaxer/Apache2-4Build/jaxer/framework/src/ModuleLogger.js
  -> file:///E:/Aptana%20Jaxer%20Apache/Jaxer/Apache2-4Build/jaxer/framework/src/CallbackManager.js
  -> file:///E:/Aptana%20Jaxer%20Apache/Jaxer/Apache2-4Build/jaxer/framework/src/HandlePage.js
  -> file:///E:/Aptana%20Jaxer%20Apache/Jaxer/Apache2-4Build/jaxer/framework/src/CoreEvents.js
  -> file:///E:/Aptana%20Jaxer%20Apache/Jaxer/Apache2-4Build/jaxer/components/aptEventHandler.js

01:10:22 12/24/2025 [ 32928] [TRACE] [JS Framework] [CallbackManager.processGlobalFunctions] For runatFunctions member FilterExpr: handledInScripts.hasOwnProperty=false; typeof candidate: function
stack:
  ->  [ModuleLogger.js:98] trace("For runatFunctions member FilterExpr: handledInScripts.hasOwnProperty=false; typeof candidate: function")
  ->  [CallbackManager.js:410] processGlobalFunctions([object Object])
  ->  [CallbackManager.js:70] processCallbacks([object HTMLDocument])
  ->  [HandlePage.js:63] onHandlePage([object XPCWrappedNative_NoHelper],[object HTMLDocument])
  ->  [CoreEvents.js:293] fireEvent("HANDLE_PAGE",[object Array])
  ->  [CoreEvents.js:234] fire("PARSE_COMPLETE",[object XPCWrappedNative_NoHelper],[object HTMLDocument])
  ->  [aptEventHandler.js:337] observe([object XPCWrappedNative_NoHelper],"jaxerEvent.HTMLParseComplete",null)
paths:
  -> file:///E:/Aptana%20Jaxer%20Apache/Jaxer/Apache2-4Build/jaxer/framework/src/ModuleLogger.js
  -> file:///E:/Aptana%20Jaxer%20Apache/Jaxer/Apache2-4Build/jaxer/framework/src/CallbackManager.js
  -> file:///E:/Aptana%20Jaxer%20Apache/Jaxer/Apache2-4Build/jaxer/framework/src/HandlePage.js
  -> file:///E:/Aptana%20Jaxer%20Apache/Jaxer/Apache2-4Build/jaxer/framework/src/CoreEvents.js
  -> file:///E:/Aptana%20Jaxer%20Apache/Jaxer/Apache2-4Build/jaxer/components/aptEventHandler.js

01:10:22 12/24/2025 [ 32928] [TRACE] [JS Framework] [CallbackManager.processGlobalFunctions] source before: function FilterExpr(expr, predicate) {
    this.expr = expr;
    this.predicate = predicate;
}
stack:
  ->  [ModuleLogger.js:98] trace("source before: function FilterExpr(expr, predicate) {\n    this.expr = expr;\n    this.predicate = predicate;\n}")
  ->  [CallbackManager.js:422] processGlobalFunctions([object Object])
  ->  [CallbackManager.js:70] processCallbacks([object HTMLDocument])
  ->  [HandlePage.js:63] onHandlePage([object XPCWrappedNative_NoHelper],[object HTMLDocument])
  ->  [CoreEvents.js:293] fireEvent("HANDLE_PAGE",[object Array])
  ->  [CoreEvents.js:234] fire("PARSE_COMPLETE",[object XPCWrappedNative_NoHelper],[object HTMLDocument])
  ->  [aptEventHandler.js:337] observe([object XPCWrappedNative_NoHelper],"jaxerEvent.HTMLParseComplete",null)
paths:
  -> file:///E:/Aptana%20Jaxer%20Apache/Jaxer/Apache2-4Build/jaxer/framework/src/ModuleLogger.js
  -> file:///E:/Aptana%20Jaxer%20Apache/Jaxer/Apache2-4Build/jaxer/framework/src/CallbackManager.js
  -> file:///E:/Aptana%20Jaxer%20Apache/Jaxer/Apache2-4Build/jaxer/framework/src/HandlePage.js
  -> file:///E:/Aptana%20Jaxer%20Apache/Jaxer/Apache2-4Build/jaxer/framework/src/CoreEvents.js
  -> file:///E:/Aptana%20Jaxer%20Apache/Jaxer/Apache2-4Build/jaxer/components/aptEventHandler.js

01:10:22 12/24/2025 [ 32928] [TRACE] [JS Framework] [CallbackManager.processGlobalFunctions] source after: function FilterExpr(expr, predicate) {
    this.expr = expr;
    this.predicate = predicate;
}
stack:
  ->  [ModuleLogger.js:98] trace("source after: function FilterExpr(expr, predicate) {\n    this.expr = expr;\n    this.predicate = predicate;\n}")
  ->  [CallbackManager.js:431] processGlobalFunctions([object Object])
  ->  [CallbackManager.js:70] processCallbacks([object HTMLDocument])
  ->  [HandlePage.js:63] onHandlePage([object XPCWrappedNative_NoHelper],[object HTMLDocument])
  ->  [CoreEvents.js:293] fireEvent("HANDLE_PAGE",[object Array])
  ->  [CoreEvents.js:234] fire("PARSE_COMPLETE",[object XPCWrappedNative_NoHelper],[object HTMLDocument])
  ->  [aptEventHandler.js:337] observe([object XPCWrappedNative_NoHelper],"jaxerEvent.HTMLParseComplete",null)
paths:
  -> file:///E:/Aptana%20Jaxer%20Apache/Jaxer/Apache2-4Build/jaxer/framework/src/ModuleLogger.js
  -> file:///E:/Aptana%20Jaxer%20Apache/Jaxer/Apache2-4Build/jaxer/framework/src/CallbackManager.js
  -> file:///E:/Aptana%20Jaxer%20Apache/Jaxer/Apache2-4Build/jaxer/framework/src/HandlePage.js
  -> file:///E:/Aptana%20Jaxer%20Apache/Jaxer/Apache2-4Build/jaxer/framework/src/CoreEvents.js
  -> file:///E:/Aptana%20Jaxer%20Apache/Jaxer/Apache2-4Build/jaxer/components/aptEventHandler.js

01:10:22 12/24/2025 [ 32928] [DEBUG] [JS Framework] [CallbackManager.processGlobalFunctions] Processing global function 'FilterExpr' with runat=server, proxy=false, effectiveRunat=server
stack:
  ->  [ModuleLogger.js:98] debug("Processing global function 'FilterExpr' with runat=server, proxy=false, effectiveRunat=server")
  ->  [CallbackManager.js:452] processGlobalFunctions([object Object])
  ->  [CallbackManager.js:70] processCallbacks([object HTMLDocument])
  ->  [HandlePage.js:63] onHandlePage([object XPCWrappedNative_NoHelper],[object HTMLDocument])
  ->  [CoreEvents.js:293] fireEvent("HANDLE_PAGE",[object Array])
  ->  [CoreEvents.js:234] fire("PARSE_COMPLETE",[object XPCWrappedNative_NoHelper],[object HTMLDocument])
  ->  [aptEventHandler.js:337] observe([object XPCWrappedNative_NoHelper],"jaxerEvent.HTMLParseComplete",null)
paths:
  -> file:///E:/Aptana%20Jaxer%20Apache/Jaxer/Apache2-4Build/jaxer/framework/src/ModuleLogger.js
  -> file:///E:/Aptana%20Jaxer%20Apache/Jaxer/Apache2-4Build/jaxer/framework/src/CallbackManager.js
  -> file:///E:/Aptana%20Jaxer%20Apache/Jaxer/Apache2-4Build/jaxer/framework/src/HandlePage.js
  -> file:///E:/Aptana%20Jaxer%20Apache/Jaxer/Apache2-4Build/jaxer/framework/src/CoreEvents.js
  -> file:///E:/Aptana%20Jaxer%20Apache/Jaxer/Apache2-4Build/jaxer/components/aptEventHandler.js

01:10:22 12/24/2025 [ 32928] [TRACE] [JS Framework] [CallbackManager.processGlobalFunctions] For runatFunctions member UnaryMinusExpr: handledInScripts.hasOwnProperty=false; typeof candidate: function
stack:
  ->  [ModuleLogger.js:98] trace("For runatFunctions member UnaryMinusExpr: handledInScripts.hasOwnProperty=false; typeof candidate: function")
  ->  [CallbackManager.js:410] processGlobalFunctions([object Object])
  ->  [CallbackManager.js:70] processCallbacks([object HTMLDocument])
  ->  [HandlePage.js:63] onHandlePage([object XPCWrappedNative_NoHelper],[object HTMLDocument])
  ->  [CoreEvents.js:293] fireEvent("HANDLE_PAGE",[object Array])
  ->  [CoreEvents.js:234] fire("PARSE_COMPLETE",[object XPCWrappedNative_NoHelper],[object HTMLDocument])
  ->  [aptEventHandler.js:337] observe([object XPCWrappedNative_NoHelper],"jaxerEvent.HTMLParseComplete",null)
paths:
  -> file:///E:/Aptana%20Jaxer%20Apache/Jaxer/Apache2-4Build/jaxer/framework/src/ModuleLogger.js
  -> file:///E:/Aptana%20Jaxer%20Apache/Jaxer/Apache2-4Build/jaxer/framework/src/CallbackManager.js
  -> file:///E:/Aptana%20Jaxer%20Apache/Jaxer/Apache2-4Build/jaxer/framework/src/HandlePage.js
  -> file:///E:/Aptana%20Jaxer%20Apache/Jaxer/Apache2-4Build/jaxer/framework/src/CoreEvents.js
  -> file:///E:/Aptana%20Jaxer%20Apache/Jaxer/Apache2-4Build/jaxer/components/aptEventHandler.js

01:10:22 12/24/2025 [ 32928] [TRACE] [JS Framework] [CallbackManager.processGlobalFunctions] source before: function UnaryMinusExpr(expr) {
    this.expr = expr;
}
stack:
  ->  [ModuleLogger.js:98] trace("source before: function UnaryMinusExpr(expr) {\n    this.expr = expr;\n}")
  ->  [CallbackManager.js:422] processGlobalFunctions([object Object])
  ->  [CallbackManager.js:70] processCallbacks([object HTMLDocument])
  ->  [HandlePage.js:63] onHandlePage([object XPCWrappedNative_NoHelper],[object HTMLDocument])
  ->  [CoreEvents.js:293] fireEvent("HANDLE_PAGE",[object Array])
  ->  [CoreEvents.js:234] fire("PARSE_COMPLETE",[object XPCWrappedNative_NoHelper],[object HTMLDocument])
  ->  [aptEventHandler.js:337] observe([object XPCWrappedNative_NoHelper],"jaxerEvent.HTMLParseComplete",null)
paths:
  -> file:///E:/Aptana%20Jaxer%20Apache/Jaxer/Apache2-4Build/jaxer/framework/src/ModuleLogger.js
  -> file:///E:/Aptana%20Jaxer%20Apache/Jaxer/Apache2-4Build/jaxer/framework/src/CallbackManager.js
  -> file:///E:/Aptana%20Jaxer%20Apache/Jaxer/Apache2-4Build/jaxer/framework/src/HandlePage.js
  -> file:///E:/Aptana%20Jaxer%20Apache/Jaxer/Apache2-4Build/jaxer/framework/src/CoreEvents.js
  -> file:///E:/Aptana%20Jaxer%20Apache/Jaxer/Apache2-4Build/jaxer/components/aptEventHandler.js

01:10:22 12/24/2025 [ 32928] [TRACE] [JS Framework] [CallbackManager.processGlobalFunctions] source after: function UnaryMinusExpr(expr) {
    this.expr = expr;
}
stack:
  ->  [ModuleLogger.js:98] trace("source after: function UnaryMinusExpr(expr) {\n    this.expr = expr;\n}")
  ->  [CallbackManager.js:431] processGlobalFunctions([object Object])
  ->  [CallbackManager.js:70] processCallbacks([object HTMLDocument])
  ->  [HandlePage.js:63] onHandlePage([object XPCWrappedNative_NoHelper],[object HTMLDocument])
  ->  [CoreEvents.js:293] fireEvent("HANDLE_PAGE",[object Array])
  ->  [CoreEvents.js:234] fire("PARSE_COMPLETE",[object XPCWrappedNative_NoHelper],[object HTMLDocument])
  ->  [aptEventHandler.js:337] observe([object XPCWrappedNative_NoHelper],"jaxerEvent.HTMLParseComplete",null)
paths:
  -> file:///E:/Aptana%20Jaxer%20Apache/Jaxer/Apache2-4Build/jaxer/framework/src/ModuleLogger.js
  -> file:///E:/Aptana%20Jaxer%20Apache/Jaxer/Apache2-4Build/jaxer/framework/src/CallbackManager.js
  -> file:///E:/Aptana%20Jaxer%20Apache/Jaxer/Apache2-4Build/jaxer/framework/src/HandlePage.js
  -> file:///E:/Aptana%20Jaxer%20Apache/Jaxer/Apache2-4Build/jaxer/framework/src/CoreEvents.js
  -> file:///E:/Aptana%20Jaxer%20Apache/Jaxer/Apache2-4Build/jaxer/components/aptEventHandler.js

01:10:22 12/24/2025 [ 32928] [DEBUG] [JS Framework] [CallbackManager.processGlobalFunctions] Processing global function 'UnaryMinusExpr' with runat=server, proxy=false, effectiveRunat=server
stack:
  ->  [ModuleLogger.js:98] debug("Processing global function 'UnaryMinusExpr' with runat=server, proxy=false, effectiveRunat=server")
  ->  [CallbackManager.js:452] processGlobalFunctions([object Object])
  ->  [CallbackManager.js:70] processCallbacks([object HTMLDocument])
  ->  [HandlePage.js:63] onHandlePage([object XPCWrappedNative_NoHelper],[object HTMLDocument])
  ->  [CoreEvents.js:293] fireEvent("HANDLE_PAGE",[object Array])
  ->  [CoreEvents.js:234] fire("PARSE_COMPLETE",[object XPCWrappedNative_NoHelper],[object HTMLDocument])
  ->  [aptEventHandler.js:337] observe([object XPCWrappedNative_NoHelper],"jaxerEvent.HTMLParseComplete",null)
paths:
  -> file:///E:/Aptana%20Jaxer%20Apache/Jaxer/Apache2-4Build/jaxer/framework/src/ModuleLogger.js
  -> file:///E:/Aptana%20Jaxer%20Apache/Jaxer/Apache2-4Build/jaxer/framework/src/CallbackManager.js
  -> file:///E:/Aptana%20Jaxer%20Apache/Jaxer/Apache2-4Build/jaxer/framework/src/HandlePage.js
  -> file:///E:/Aptana%20Jaxer%20Apache/Jaxer/Apache2-4Build/jaxer/framework/src/CoreEvents.js
  -> file:///E:/Aptana%20Jaxer%20Apache/Jaxer/Apache2-4Build/jaxer/components/aptEventHandler.js

01:10:22 12/24/2025 [ 32928] [TRACE] [JS Framework] [CallbackManager.processGlobalFunctions] For runatFunctions member BinaryExpr: handledInScripts.hasOwnProperty=false; typeof candidate: function
stack:
  ->  [ModuleLogger.js:98] trace("For runatFunctions member BinaryExpr: handledInScripts.hasOwnProperty=false; typeof candidate: function")
  ->  [CallbackManager.js:410] processGlobalFunctions([object Object])
  ->  [CallbackManager.js:70] processCallbacks([object HTMLDocument])
  ->  [HandlePage.js:63] onHandlePage([object XPCWrappedNative_NoHelper],[object HTMLDocument])
  ->  [CoreEvents.js:293] fireEvent("HANDLE_PAGE",[object Array])
  ->  [CoreEvents.js:234] fire("PARSE_COMPLETE",[object XPCWrappedNative_NoHelper],[object HTMLDocument])
  ->  [aptEventHandler.js:337] observe([object XPCWrappedNative_NoHelper],"jaxerEvent.HTMLParseComplete",null)
paths:
  -> file:///E:/Aptana%20Jaxer%20Apache/Jaxer/Apache2-4Build/jaxer/framework/src/ModuleLogger.js
  -> file:///E:/Aptana%20Jaxer%20Apache/Jaxer/Apache2-4Build/jaxer/framework/src/CallbackManager.js
  -> file:///E:/Aptana%20Jaxer%20Apache/Jaxer/Apache2-4Build/jaxer/framework/src/HandlePage.js
  -> file:///E:/Aptana%20Jaxer%20Apache/Jaxer/Apache2-4Build/jaxer/framework/src/CoreEvents.js
  -> file:///E:/Aptana%20Jaxer%20Apache/Jaxer/Apache2-4Build/jaxer/components/aptEventHandler.js

01:10:22 12/24/2025 [ 32928] [TRACE] [JS Framework] [CallbackManager.processGlobalFunctions] source before: function BinaryExpr(expr1, op, expr2) {
    this.expr1 = expr1;
    this.expr2 = expr2;
    this.op = op;
}
stack:
  ->  [ModuleLogger.js:98] trace("source before: function BinaryExpr(expr1, op, expr2) {\n    this.expr1 = expr1;\n    this.expr2 = expr2;\n    this.op = op;\n}")
  ->  [CallbackManager.js:422] processGlobalFunctions([object Object])
  ->  [CallbackManager.js:70] processCallbacks([object HTMLDocument])
  ->  [HandlePage.js:63] onHandlePage([object XPCWrappedNative_NoHelper],[object HTMLDocument])
  ->  [CoreEvents.js:293] fireEvent("HANDLE_PAGE",[object Array])
  ->  [CoreEvents.js:234] fire("PARSE_COMPLETE",[object XPCWrappedNative_NoHelper],[object HTMLDocument])
  ->  [aptEventHandler.js:337] observe([object XPCWrappedNative_NoHelper],"jaxerEvent.HTMLParseComplete",null)
paths:
  -> file:///E:/Aptana%20Jaxer%20Apache/Jaxer/Apache2-4Build/jaxer/framework/src/ModuleLogger.js
  -> file:///E:/Aptana%20Jaxer%20Apache/Jaxer/Apache2-4Build/jaxer/framework/src/CallbackManager.js
  -> file:///E:/Aptana%20Jaxer%20Apache/Jaxer/Apache2-4Build/jaxer/framework/src/HandlePage.js
  -> file:///E:/Aptana%20Jaxer%20Apache/Jaxer/Apache2-4Build/jaxer/framework/src/CoreEvents.js
  -> file:///E:/Aptana%20Jaxer%20Apache/Jaxer/Apache2-4Build/jaxer/components/aptEventHandler.js

01:10:22 12/24/2025 [ 32928] [TRACE] [JS Framework] [CallbackManager.processGlobalFunctions] source after: function BinaryExpr(expr1, op, expr2) {
    this.expr1 = expr1;
    this.expr2 = expr2;
    this.op = op;
}
stack:
  ->  [ModuleLogger.js:98] trace("source after: function BinaryExpr(expr1, op, expr2) {\n    this.expr1 = expr1;\n    this.expr2 = expr2;\n    this.op = op;\n}")
  ->  [CallbackManager.js:431] processGlobalFunctions([object Object])
  ->  [CallbackManager.js:70] processCallbacks([object HTMLDocument])
  ->  [HandlePage.js:63] onHandlePage([object XPCWrappedNative_NoHelper],[object HTMLDocument])
  ->  [CoreEvents.js:293] fireEvent("HANDLE_PAGE",[object Array])
  ->  [CoreEvents.js:234] fire("PARSE_COMPLETE",[object XPCWrappedNative_NoHelper],[object HTMLDocument])
  ->  [aptEventHandler.js:337] observe([object XPCWrappedNative_NoHelper],"jaxerEvent.HTMLParseComplete",null)
paths:
  -> file:///E:/Aptana%20Jaxer%20Apache/Jaxer/Apache2-4Build/jaxer/framework/src/ModuleLogger.js
  -> file:///E:/Aptana%20Jaxer%20Apache/Jaxer/Apache2-4Build/jaxer/framework/src/CallbackManager.js
  -> file:///E:/Aptana%20Jaxer%20Apache/Jaxer/Apache2-4Build/jaxer/framework/src/HandlePage.js
  -> file:///E:/Aptana%20Jaxer%20Apache/Jaxer/Apache2-4Build/jaxer/framework/src/CoreEvents.js
  -> file:///E:/Aptana%20Jaxer%20Apache/Jaxer/Apache2-4Build/jaxer/components/aptEventHandler.js

01:10:22 12/24/2025 [ 32928] [DEBUG] [JS Framework] [CallbackManager.processGlobalFunctions] Processing global function 'BinaryExpr' with runat=server, proxy=false, effectiveRunat=server
stack:
  ->  [ModuleLogger.js:98] debug("Processing global function 'BinaryExpr' with runat=server, proxy=false, effectiveRunat=server")
  ->  [CallbackManager.js:452] processGlobalFunctions([object Object])
  ->  [CallbackManager.js:70] processCallbacks([object HTMLDocument])
  ->  [HandlePage.js:63] onHandlePage([object XPCWrappedNative_NoHelper],[object HTMLDocument])
  ->  [CoreEvents.js:293] fireEvent("HANDLE_PAGE",[object Array])
  ->  [CoreEvents.js:234] fire("PARSE_COMPLETE",[object XPCWrappedNative_NoHelper],[object HTMLDocument])
  ->  [aptEventHandler.js:337] observe([object XPCWrappedNative_NoHelper],"jaxerEvent.HTMLParseComplete",null)
paths:
  -> file:///E:/Aptana%20Jaxer%20Apache/Jaxer/Apache2-4Build/jaxer/framework/src/ModuleLogger.js
  -> file:///E:/Aptana%20Jaxer%20Apache/Jaxer/Apache2-4Build/jaxer/framework/src/CallbackManager.js
  -> file:///E:/Aptana%20Jaxer%20Apache/Jaxer/Apache2-4Build/jaxer/framework/src/HandlePage.js
  -> file:///E:/Aptana%20Jaxer%20Apache/Jaxer/Apache2-4Build/jaxer/framework/src/CoreEvents.js
  -> file:///E:/Aptana%20Jaxer%20Apache/Jaxer/Apache2-4Build/jaxer/components/aptEventHandler.js

01:10:22 12/24/2025 [ 32928] [TRACE] [JS Framework] [CallbackManager.processGlobalFunctions] For runatFunctions member LiteralExpr: handledInScripts.hasOwnProperty=false; typeof candidate: function
stack:
  ->  [ModuleLogger.js:98] trace("For runatFunctions member LiteralExpr: handledInScripts.hasOwnProperty=false; typeof candidate: function")
  ->  [CallbackManager.js:410] processGlobalFunctions([object Object])
  ->  [CallbackManager.js:70] processCallbacks([object HTMLDocument])
  ->  [HandlePage.js:63] onHandlePage([object XPCWrappedNative_NoHelper],[object HTMLDocument])
  ->  [CoreEvents.js:293] fireEvent("HANDLE_PAGE",[object Array])
  ->  [CoreEvents.js:234] fire("PARSE_COMPLETE",[object XPCWrappedNative_NoHelper],[object HTMLDocument])
  ->  [aptEventHandler.js:337] observe([object XPCWrappedNative_NoHelper],"jaxerEvent.HTMLParseComplete",null)
paths:
  -> file:///E:/Aptana%20Jaxer%20Apache/Jaxer/Apache2-4Build/jaxer/framework/src/ModuleLogger.js
  -> file:///E:/Aptana%20Jaxer%20Apache/Jaxer/Apache2-4Build/jaxer/framework/src/CallbackManager.js
  -> file:///E:/Aptana%20Jaxer%20Apache/Jaxer/Apache2-4Build/jaxer/framework/src/HandlePage.js
  -> file:///E:/Aptana%20Jaxer%20Apache/Jaxer/Apache2-4Build/jaxer/framework/src/CoreEvents.js
  -> file:///E:/Aptana%20Jaxer%20Apache/Jaxer/Apache2-4Build/jaxer/components/aptEventHandler.js

01:10:22 12/24/2025 [ 32928] [TRACE] [JS Framework] [CallbackManager.processGlobalFunctions] source before: function LiteralExpr(value) {
    this.value = value;
}
stack:
  ->  [ModuleLogger.js:98] trace("source before: function LiteralExpr(value) {\n    this.value = value;\n}")
  ->  [CallbackManager.js:422] processGlobalFunctions([object Object])
  ->  [CallbackManager.js:70] processCallbacks([object HTMLDocument])
  ->  [HandlePage.js:63] onHandlePage([object XPCWrappedNative_NoHelper],[object HTMLDocument])
  ->  [CoreEvents.js:293] fireEvent("HANDLE_PAGE",[object Array])
  ->  [CoreEvents.js:234] fire("PARSE_COMPLETE",[object XPCWrappedNative_NoHelper],[object HTMLDocument])
  ->  [aptEventHandler.js:337] observe([object XPCWrappedNative_NoHelper],"jaxerEvent.HTMLParseComplete",null)
paths:
  -> file:///E:/Aptana%20Jaxer%20Apache/Jaxer/Apache2-4Build/jaxer/framework/src/ModuleLogger.js
  -> file:///E:/Aptana%20Jaxer%20Apache/Jaxer/Apache2-4Build/jaxer/framework/src/CallbackManager.js
  -> file:///E:/Aptana%20Jaxer%20Apache/Jaxer/Apache2-4Build/jaxer/framework/src/HandlePage.js
  -> file:///E:/Aptana%20Jaxer%20Apache/Jaxer/Apache2-4Build/jaxer/framework/src/CoreEvents.js
  -> file:///E:/Aptana%20Jaxer%20Apache/Jaxer/Apache2-4Build/jaxer/components/aptEventHandler.js

01:10:22 12/24/2025 [ 32928] [TRACE] [JS Framework] [CallbackManager.processGlobalFunctions] source after: function LiteralExpr(value) {
    this.value = value;
}
stack:
  ->  [ModuleLogger.js:98] trace("source after: function LiteralExpr(value) {\n    this.value = value;\n}")
  ->  [CallbackManager.js:431] processGlobalFunctions([object Object])
  ->  [CallbackManager.js:70] processCallbacks([object HTMLDocument])
  ->  [HandlePage.js:63] onHandlePage([object XPCWrappedNative_NoHelper],[object HTMLDocument])
  ->  [CoreEvents.js:293] fireEvent("HANDLE_PAGE",[object Array])
  ->  [CoreEvents.js:234] fire("PARSE_COMPLETE",[object XPCWrappedNative_NoHelper],[object HTMLDocument])
  ->  [aptEventHandler.js:337] observe([object XPCWrappedNative_NoHelper],"jaxerEvent.HTMLParseComplete",null)
paths:
  -> file:///E:/Aptana%20Jaxer%20Apache/Jaxer/Apache2-4Build/jaxer/framework/src/ModuleLogger.js
  -> file:///E:/Aptana%20Jaxer%20Apache/Jaxer/Apache2-4Build/jaxer/framework/src/CallbackManager.js
  -> file:///E:/Aptana%20Jaxer%20Apache/Jaxer/Apache2-4Build/jaxer/framework/src/HandlePage.js
  -> file:///E:/Aptana%20Jaxer%20Apache/Jaxer/Apache2-4Build/jaxer/framework/src/CoreEvents.js
  -> file:///E:/Aptana%20Jaxer%20Apache/Jaxer/Apache2-4Build/jaxer/components/aptEventHandler.js

01:10:22 12/24/2025 [ 32928] [DEBUG] [JS Framework] [CallbackManager.processGlobalFunctions] Processing global function 'LiteralExpr' with runat=server, proxy=false, effectiveRunat=server
stack:
  ->  [ModuleLogger.js:98] debug("Processing global function 'LiteralExpr' with runat=server, proxy=false, effectiveRunat=server")
  ->  [CallbackManager.js:452] processGlobalFunctions([object Object])
  ->  [CallbackManager.js:70] processCallbacks([object HTMLDocument])
  ->  [HandlePage.js:63] onHandlePage([object XPCWrappedNative_NoHelper],[object HTMLDocument])
  ->  [CoreEvents.js:293] fireEvent("HANDLE_PAGE",[object Array])
  ->  [CoreEvents.js:234] fire("PARSE_COMPLETE",[object XPCWrappedNative_NoHelper],[object HTMLDocument])
  ->  [aptEventHandler.js:337] observe([object XPCWrappedNative_NoHelper],"jaxerEvent.HTMLParseComplete",null)
paths:
  -> file:///E:/Aptana%20Jaxer%20Apache/Jaxer/Apache2-4Build/jaxer/framework/src/ModuleLogger.js
  -> file:///E:/Aptana%20Jaxer%20Apache/Jaxer/Apache2-4Build/jaxer/framework/src/CallbackManager.js
  -> file:///E:/Aptana%20Jaxer%20Apache/Jaxer/Apache2-4Build/jaxer/framework/src/HandlePage.js
  -> file:///E:/Aptana%20Jaxer%20Apache/Jaxer/Apache2-4Build/jaxer/framework/src/CoreEvents.js
  -> file:///E:/Aptana%20Jaxer%20Apache/Jaxer/Apache2-4Build/jaxer/components/aptEventHandler.js

01:10:22 12/24/2025 [ 32928] [TRACE] [JS Framework] [CallbackManager.processGlobalFunctions] For runatFunctions member NumberExpr: handledInScripts.hasOwnProperty=false; typeof candidate: function
stack:
  ->  [ModuleLogger.js:98] trace("For runatFunctions member NumberExpr: handledInScripts.hasOwnProperty=false; typeof candidate: function")
  ->  [CallbackManager.js:410] processGlobalFunctions([object Object])
  ->  [CallbackManager.js:70] processCallbacks([object HTMLDocument])
  ->  [HandlePage.js:63] onHandlePage([object XPCWrappedNative_NoHelper],[object HTMLDocument])
  ->  [CoreEvents.js:293] fireEvent("HANDLE_PAGE",[object Array])
  ->  [CoreEvents.js:234] fire("PARSE_COMPLETE",[object XPCWrappedNative_NoHelper],[object HTMLDocument])
  ->  [aptEventHandler.js:337] observe([object XPCWrappedNative_NoHelper],"jaxerEvent.HTMLParseComplete",null)
paths:
  -> file:///E:/Aptana%20Jaxer%20Apache/Jaxer/Apache2-4Build/jaxer/framework/src/ModuleLogger.js
  -> file:///E:/Aptana%20Jaxer%20Apache/Jaxer/Apache2-4Build/jaxer/framework/src/CallbackManager.js
  -> file:///E:/Aptana%20Jaxer%20Apache/Jaxer/Apache2-4Build/jaxer/framework/src/HandlePage.js
  -> file:///E:/Aptana%20Jaxer%20Apache/Jaxer/Apache2-4Build/jaxer/framework/src/CoreEvents.js
  -> file:///E:/Aptana%20Jaxer%20Apache/Jaxer/Apache2-4Build/jaxer/components/aptEventHandler.js

01:10:22 12/24/2025 [ 32928] [TRACE] [JS Framework] [CallbackManager.processGlobalFunctions] source before: function NumberExpr(value) {
    this.value = value;
}
stack:
  ->  [ModuleLogger.js:98] trace("source before: function NumberExpr(value) {\n    this.value = value;\n}")
  ->  [CallbackManager.js:422] processGlobalFunctions([object Object])
  ->  [CallbackManager.js:70] processCallbacks([object HTMLDocument])
  ->  [HandlePage.js:63] onHandlePage([object XPCWrappedNative_NoHelper],[object HTMLDocument])
  ->  [CoreEvents.js:293] fireEvent("HANDLE_PAGE",[object Array])
  ->  [CoreEvents.js:234] fire("PARSE_COMPLETE",[object XPCWrappedNative_NoHelper],[object HTMLDocument])
  ->  [aptEventHandler.js:337] observe([object XPCWrappedNative_NoHelper],"jaxerEvent.HTMLParseComplete",null)
paths:
  -> file:///E:/Aptana%20Jaxer%20Apache/Jaxer/Apache2-4Build/jaxer/framework/src/ModuleLogger.js
  -> file:///E:/Aptana%20Jaxer%20Apache/Jaxer/Apache2-4Build/jaxer/framework/src/CallbackManager.js
  -> file:///E:/Aptana%20Jaxer%20Apache/Jaxer/Apache2-4Build/jaxer/framework/src/HandlePage.js
  -> file:///E:/Aptana%20Jaxer%20Apache/Jaxer/Apache2-4Build/jaxer/framework/src/CoreEvents.js
  -> file:///E:/Aptana%20Jaxer%20Apache/Jaxer/Apache2-4Build/jaxer/components/aptEventHandler.js

01:10:22 12/24/2025 [ 32928] [TRACE] [JS Framework] [CallbackManager.processGlobalFunctions] source after: function NumberExpr(value) {
    this.value = value;
}
stack:
  ->  [ModuleLogger.js:98] trace("source after: function NumberExpr(value) {\n    this.value = value;\n}")
  ->  [CallbackManager.js:431] processGlobalFunctions([object Object])
  ->  [CallbackManager.js:70] processCallbacks([object HTMLDocument])
  ->  [HandlePage.js:63] onHandlePage([object XPCWrappedNative_NoHelper],[object HTMLDocument])
  ->  [CoreEvents.js:293] fireEvent("HANDLE_PAGE",[object Array])
  ->  [CoreEvents.js:234] fire("PARSE_COMPLETE",[object XPCWrappedNative_NoHelper],[object HTMLDocument])
  ->  [aptEventHandler.js:337] observe([object XPCWrappedNative_NoHelper],"jaxerEvent.HTMLParseComplete",null)
paths:
  -> file:///E:/Aptana%20Jaxer%20Apache/Jaxer/Apache2-4Build/jaxer/framework/src/ModuleLogger.js
  -> file:///E:/Aptana%20Jaxer%20Apache/Jaxer/Apache2-4Build/jaxer/framework/src/CallbackManager.js
  -> file:///E:/Aptana%20Jaxer%20Apache/Jaxer/Apache2-4Build/jaxer/framework/src/HandlePage.js
  -> file:///E:/Aptana%20Jaxer%20Apache/Jaxer/Apache2-4Build/jaxer/framework/src/CoreEvents.js
  -> file:///E:/Aptana%20Jaxer%20Apache/Jaxer/Apache2-4Build/jaxer/components/aptEventHandler.js

01:10:22 12/24/2025 [ 32928] [DEBUG] [JS Framework] [CallbackManager.processGlobalFunctions] Processing global function 'NumberExpr' with runat=server, proxy=false, effectiveRunat=server
stack:
  ->  [ModuleLogger.js:98] debug("Processing global function 'NumberExpr' with runat=server, proxy=false, effectiveRunat=server")
  ->  [CallbackManager.js:452] processGlobalFunctions([object Object])
  ->  [CallbackManager.js:70] processCallbacks([object HTMLDocument])
  ->  [HandlePage.js:63] onHandlePage([object XPCWrappedNative_NoHelper],[object HTMLDocument])
  ->  [CoreEvents.js:293] fireEvent("HANDLE_PAGE",[object Array])
  ->  [CoreEvents.js:234] fire("PARSE_COMPLETE",[object XPCWrappedNative_NoHelper],[object HTMLDocument])
  ->  [aptEventHandler.js:337] observe([object XPCWrappedNative_NoHelper],"jaxerEvent.HTMLParseComplete",null)
paths:
  -> file:///E:/Aptana%20Jaxer%20Apache/Jaxer/Apache2-4Build/jaxer/framework/src/ModuleLogger.js
  -> file:///E:/Aptana%20Jaxer%20Apache/Jaxer/Apache2-4Build/jaxer/framework/src/CallbackManager.js
  -> file:///E:/Aptana%20Jaxer%20Apache/Jaxer/Apache2-4Build/jaxer/framework/src/HandlePage.js
  -> file:///E:/Aptana%20Jaxer%20Apache/Jaxer/Apache2-4Build/jaxer/framework/src/CoreEvents.js
  -> file:///E:/Aptana%20Jaxer%20Apache/Jaxer/Apache2-4Build/jaxer/components/aptEventHandler.js

01:10:22 12/24/2025 [ 32928] [TRACE] [JS Framework] [CallbackManager.processGlobalFunctions] For runatFunctions member VariableExpr: handledInScripts.hasOwnProperty=false; typeof candidate: function
stack:
  ->  [ModuleLogger.js:98] trace("For runatFunctions member VariableExpr: handledInScripts.hasOwnProperty=false; typeof candidate: function")
  ->  [CallbackManager.js:410] processGlobalFunctions([object Object])
  ->  [CallbackManager.js:70] processCallbacks([object HTMLDocument])
  ->  [HandlePage.js:63] onHandlePage([object XPCWrappedNative_NoHelper],[object HTMLDocument])
  ->  [CoreEvents.js:293] fireEvent("HANDLE_PAGE",[object Array])
  ->  [CoreEvents.js:234] fire("PARSE_COMPLETE",[object XPCWrappedNative_NoHelper],[object HTMLDocument])
  ->  [aptEventHandler.js:337] observe([object XPCWrappedNative_NoHelper],"jaxerEvent.HTMLParseComplete",null)
paths:
  -> file:///E:/Aptana%20Jaxer%20Apache/Jaxer/Apache2-4Build/jaxer/framework/src/ModuleLogger.js
  -> file:///E:/Aptana%20Jaxer%20Apache/Jaxer/Apache2-4Build/jaxer/framework/src/CallbackManager.js
  -> file:///E:/Aptana%20Jaxer%20Apache/Jaxer/Apache2-4Build/jaxer/framework/src/HandlePage.js
  -> file:///E:/Aptana%20Jaxer%20Apache/Jaxer/Apache2-4Build/jaxer/framework/src/CoreEvents.js
  -> file:///E:/Aptana%20Jaxer%20Apache/Jaxer/Apache2-4Build/jaxer/components/aptEventHandler.js

01:10:22 12/24/2025 [ 32928] [TRACE] [JS Framework] [CallbackManager.processGlobalFunctions] source before: function VariableExpr(name) {
    this.name = name;
}
stack:
  ->  [ModuleLogger.js:98] trace("source before: function VariableExpr(name) {\n    this.name = name;\n}")
  ->  [CallbackManager.js:422] processGlobalFunctions([object Object])
  ->  [CallbackManager.js:70] processCallbacks([object HTMLDocument])
  ->  [HandlePage.js:63] onHandlePage([object XPCWrappedNative_NoHelper],[object HTMLDocument])
  ->  [CoreEvents.js:293] fireEvent("HANDLE_PAGE",[object Array])
  ->  [CoreEvents.js:234] fire("PARSE_COMPLETE",[object XPCWrappedNative_NoHelper],[object HTMLDocument])
  ->  [aptEventHandler.js:337] observe([object XPCWrappedNative_NoHelper],"jaxerEvent.HTMLParseComplete",null)
paths:
  -> file:///E:/Aptana%20Jaxer%20Apache/Jaxer/Apache2-4Build/jaxer/framework/src/ModuleLogger.js
  -> file:///E:/Aptana%20Jaxer%20Apache/Jaxer/Apache2-4Build/jaxer/framework/src/CallbackManager.js
  -> file:///E:/Aptana%20Jaxer%20Apache/Jaxer/Apache2-4Build/jaxer/framework/src/HandlePage.js
  -> file:///E:/Aptana%20Jaxer%20Apache/Jaxer/Apache2-4Build/jaxer/framework/src/CoreEvents.js
  -> file:///E:/Aptana%20Jaxer%20Apache/Jaxer/Apache2-4Build/jaxer/components/aptEventHandler.js

01:10:22 12/24/2025 [ 32928] [TRACE] [JS Framework] [CallbackManager.processGlobalFunctions] source after: function VariableExpr(name) {
    this.name = name;
}
stack:
  ->  [ModuleLogger.js:98] trace("source after: function VariableExpr(name) {\n    this.name = name;\n}")
  ->  [CallbackManager.js:431] processGlobalFunctions([object Object])
  ->  [CallbackManager.js:70] processCallbacks([object HTMLDocument])
  ->  [HandlePage.js:63] onHandlePage([object XPCWrappedNative_NoHelper],[object HTMLDocument])
  ->  [CoreEvents.js:293] fireEvent("HANDLE_PAGE",[object Array])
  ->  [CoreEvents.js:234] fire("PARSE_COMPLETE",[object XPCWrappedNative_NoHelper],[object HTMLDocument])
  ->  [aptEventHandler.js:337] observe([object XPCWrappedNative_NoHelper],"jaxerEvent.HTMLParseComplete",null)
paths:
  -> file:///E:/Aptana%20Jaxer%20Apache/Jaxer/Apache2-4Build/jaxer/framework/src/ModuleLogger.js
  -> file:///E:/Aptana%20Jaxer%20Apache/Jaxer/Apache2-4Build/jaxer/framework/src/CallbackManager.js
  -> file:///E:/Aptana%20Jaxer%20Apache/Jaxer/Apache2-4Build/jaxer/framework/src/HandlePage.js
  -> file:///E:/Aptana%20Jaxer%20Apache/Jaxer/Apache2-4Build/jaxer/framework/src/CoreEvents.js
  -> file:///E:/Aptana%20Jaxer%20Apache/Jaxer/Apache2-4Build/jaxer/components/aptEventHandler.js

01:10:22 12/24/2025 [ 32928] [DEBUG] [JS Framework] [CallbackManager.processGlobalFunctions] Processing global function 'VariableExpr' with runat=server, proxy=false, effectiveRunat=server
stack:
  ->  [ModuleLogger.js:98] debug("Processing global function 'VariableExpr' with runat=server, proxy=false, effectiveRunat=server")
  ->  [CallbackManager.js:452] processGlobalFunctions([object Object])
  ->  [CallbackManager.js:70] processCallbacks([object HTMLDocument])
  ->  [HandlePage.js:63] onHandlePage([object XPCWrappedNative_NoHelper],[object HTMLDocument])
  ->  [CoreEvents.js:293] fireEvent("HANDLE_PAGE",[object Array])
  ->  [CoreEvents.js:234] fire("PARSE_COMPLETE",[object XPCWrappedNative_NoHelper],[object HTMLDocument])
  ->  [aptEventHandler.js:337] observe([object XPCWrappedNative_NoHelper],"jaxerEvent.HTMLParseComplete",null)
paths:
  -> file:///E:/Aptana%20Jaxer%20Apache/Jaxer/Apache2-4Build/jaxer/framework/src/ModuleLogger.js
  -> file:///E:/Aptana%20Jaxer%20Apache/Jaxer/Apache2-4Build/jaxer/framework/src/CallbackManager.js
  -> file:///E:/Aptana%20Jaxer%20Apache/Jaxer/Apache2-4Build/jaxer/framework/src/HandlePage.js
  -> file:///E:/Aptana%20Jaxer%20Apache/Jaxer/Apache2-4Build/jaxer/framework/src/CoreEvents.js
  -> file:///E:/Aptana%20Jaxer%20Apache/Jaxer/Apache2-4Build/jaxer/components/aptEventHandler.js

01:10:22 12/24/2025 [ 32928] [TRACE] [JS Framework] [CallbackManager.processGlobalFunctions] For runatFunctions member makeTokenExpr: handledInScripts.hasOwnProperty=false; typeof candidate: function
stack:
  ->  [ModuleLogger.js:98] trace("For runatFunctions member makeTokenExpr: handledInScripts.hasOwnProperty=false; typeof candidate: function")
  ->  [CallbackManager.js:410] processGlobalFunctions([object Object])
  ->  [CallbackManager.js:70] processCallbacks([object HTMLDocument])
  ->  [HandlePage.js:63] onHandlePage([object XPCWrappedNative_NoHelper],[object HTMLDocument])
  ->  [CoreEvents.js:293] fireEvent("HANDLE_PAGE",[object Array])
  ->  [CoreEvents.js:234] fire("PARSE_COMPLETE",[object XPCWrappedNative_NoHelper],[object HTMLDocument])
  ->  [aptEventHandler.js:337] observe([object XPCWrappedNative_NoHelper],"jaxerEvent.HTMLParseComplete",null)
paths:
  -> file:///E:/Aptana%20Jaxer%20Apache/Jaxer/Apache2-4Build/jaxer/framework/src/ModuleLogger.js
  -> file:///E:/Aptana%20Jaxer%20Apache/Jaxer/Apache2-4Build/jaxer/framework/src/CallbackManager.js
  -> file:///E:/Aptana%20Jaxer%20Apache/Jaxer/Apache2-4Build/jaxer/framework/src/HandlePage.js
  -> file:///E:/Aptana%20Jaxer%20Apache/Jaxer/Apache2-4Build/jaxer/framework/src/CoreEvents.js
  -> file:///E:/Aptana%20Jaxer%20Apache/Jaxer/Apache2-4Build/jaxer/components/aptEventHandler.js

01:10:22 12/24/2025 [ 32928] [TRACE] [JS Framework] [CallbackManager.processGlobalFunctions] source before: function makeTokenExpr(m) {
    return new TokenExpr(m);
}
stack:
  ->  [ModuleLogger.js:98] trace("source before: function makeTokenExpr(m) {\n    return new TokenExpr(m);\n}")
  ->  [CallbackManager.js:422] processGlobalFunctions([object Object])
  ->  [CallbackManager.js:70] processCallbacks([object HTMLDocument])
  ->  [HandlePage.js:63] onHandlePage([object XPCWrappedNative_NoHelper],[object HTMLDocument])
  ->  [CoreEvents.js:293] fireEvent("HANDLE_PAGE",[object Array])
  ->  [CoreEvents.js:234] fire("PARSE_COMPLETE",[object XPCWrappedNative_NoHelper],[object HTMLDocument])
  ->  [aptEventHandler.js:337] observe([object XPCWrappedNative_NoHelper],"jaxerEvent.HTMLParseComplete",null)
paths:
  -> file:///E:/Aptana%20Jaxer%20Apache/Jaxer/Apache2-4Build/jaxer/framework/src/ModuleLogger.js
  -> file:///E:/Aptana%20Jaxer%20Apache/Jaxer/Apache2-4Build/jaxer/framework/src/CallbackManager.js
  -> file:///E:/Aptana%20Jaxer%20Apache/Jaxer/Apache2-4Build/jaxer/framework/src/HandlePage.js
  -> file:///E:/Aptana%20Jaxer%20Apache/Jaxer/Apache2-4Build/jaxer/framework/src/CoreEvents.js
  -> file:///E:/Aptana%20Jaxer%20Apache/Jaxer/Apache2-4Build/jaxer/components/aptEventHandler.js

01:10:22 12/24/2025 [ 32928] [TRACE] [JS Framework] [CallbackManager.processGlobalFunctions] source after: function makeTokenExpr(m) {
    return new TokenExpr(m);
}
stack:
  ->  [ModuleLogger.js:98] trace("source after: function makeTokenExpr(m) {\n    return new TokenExpr(m);\n}")
  ->  [CallbackManager.js:431] processGlobalFunctions([object Object])
  ->  [CallbackManager.js:70] processCallbacks([object HTMLDocument])
  ->  [HandlePage.js:63] onHandlePage([object XPCWrappedNative_NoHelper],[object HTMLDocument])
  ->  [CoreEvents.js:293] fireEvent("HANDLE_PAGE",[object Array])
  ->  [CoreEvents.js:234] fire("PARSE_COMPLETE",[object XPCWrappedNative_NoHelper],[object HTMLDocument])
  ->  [aptEventHandler.js:337] observe([object XPCWrappedNative_NoHelper],"jaxerEvent.HTMLParseComplete",null)
paths:
  -> file:///E:/Aptana%20Jaxer%20Apache/Jaxer/Apache2-4Build/jaxer/framework/src/ModuleLogger.js
  -> file:///E:/Aptana%20Jaxer%20Apache/Jaxer/Apache2-4Build/jaxer/framework/src/CallbackManager.js
  -> file:///E:/Aptana%20Jaxer%20Apache/Jaxer/Apache2-4Build/jaxer/framework/src/HandlePage.js
  -> file:///E:/Aptana%20Jaxer%20Apache/Jaxer/Apache2-4Build/jaxer/framework/src/CoreEvents.js
  -> file:///E:/Aptana%20Jaxer%20Apache/Jaxer/Apache2-4Build/jaxer/components/aptEventHandler.js

01:10:22 12/24/2025 [ 32928] [DEBUG] [JS Framework] [CallbackManager.processGlobalFunctions] Processing global function 'makeTokenExpr' with runat=server, proxy=false, effectiveRunat=server
stack:
  ->  [ModuleLogger.js:98] debug("Processing global function 'makeTokenExpr' with runat=server, proxy=false, effectiveRunat=server")
  ->  [CallbackManager.js:452] processGlobalFunctions([object Object])
  ->  [CallbackManager.js:70] processCallbacks([object HTMLDocument])
  ->  [HandlePage.js:63] onHandlePage([object XPCWrappedNative_NoHelper],[object HTMLDocument])
  ->  [CoreEvents.js:293] fireEvent("HANDLE_PAGE",[object Array])
  ->  [CoreEvents.js:234] fire("PARSE_COMPLETE",[object XPCWrappedNative_NoHelper],[object HTMLDocument])
  ->  [aptEventHandler.js:337] observe([object XPCWrappedNative_NoHelper],"jaxerEvent.HTMLParseComplete",null)
paths:
  -> file:///E:/Aptana%20Jaxer%20Apache/Jaxer/Apache2-4Build/jaxer/framework/src/ModuleLogger.js
  -> file:///E:/Aptana%20Jaxer%20Apache/Jaxer/Apache2-4Build/jaxer/framework/src/CallbackManager.js
  -> file:///E:/Aptana%20Jaxer%20Apache/Jaxer/Apache2-4Build/jaxer/framework/src/HandlePage.js
  -> file:///E:/Aptana%20Jaxer%20Apache/Jaxer/Apache2-4Build/jaxer/framework/src/CoreEvents.js
  -> file:///E:/Aptana%20Jaxer%20Apache/Jaxer/Apache2-4Build/jaxer/components/aptEventHandler.js

01:10:22 12/24/2025 [ 32928] [TRACE] [JS Framework] [CallbackManager.processGlobalFunctions] For runatFunctions member passExpr: handledInScripts.hasOwnProperty=false; typeof candidate: function
stack:
  ->  [ModuleLogger.js:98] trace("For runatFunctions member passExpr: handledInScripts.hasOwnProperty=false; typeof candidate: function")
  ->  [CallbackManager.js:410] processGlobalFunctions([object Object])
  ->  [CallbackManager.js:70] processCallbacks([object HTMLDocument])
  ->  [HandlePage.js:63] onHandlePage([object XPCWrappedNative_NoHelper],[object HTMLDocument])
  ->  [CoreEvents.js:293] fireEvent("HANDLE_PAGE",[object Array])
  ->  [CoreEvents.js:234] fire("PARSE_COMPLETE",[object XPCWrappedNative_NoHelper],[object HTMLDocument])
  ->  [aptEventHandler.js:337] observe([object XPCWrappedNative_NoHelper],"jaxerEvent.HTMLParseComplete",null)
paths:
  -> file:///E:/Aptana%20Jaxer%20Apache/Jaxer/Apache2-4Build/jaxer/framework/src/ModuleLogger.js
  -> file:///E:/Aptana%20Jaxer%20Apache/Jaxer/Apache2-4Build/jaxer/framework/src/CallbackManager.js
  -> file:///E:/Aptana%20Jaxer%20Apache/Jaxer/Apache2-4Build/jaxer/framework/src/HandlePage.js
  -> file:///E:/Aptana%20Jaxer%20Apache/Jaxer/Apache2-4Build/jaxer/framework/src/CoreEvents.js
  -> file:///E:/Aptana%20Jaxer%20Apache/Jaxer/Apache2-4Build/jaxer/components/aptEventHandler.js

01:10:22 12/24/2025 [ 32928] [TRACE] [JS Framework] [CallbackManager.processGlobalFunctions] source before: function passExpr(e) {
    return e;
}
stack:
  ->  [ModuleLogger.js:98] trace("source before: function passExpr(e) {\n    return e;\n}")
  ->  [CallbackManager.js:422] processGlobalFunctions([object Object])
  ->  [CallbackManager.js:70] processCallbacks([object HTMLDocument])
  ->  [HandlePage.js:63] onHandlePage([object XPCWrappedNative_NoHelper],[object HTMLDocument])
  ->  [CoreEvents.js:293] fireEvent("HANDLE_PAGE",[object Array])
  ->  [CoreEvents.js:234] fire("PARSE_COMPLETE",[object XPCWrappedNative_NoHelper],[object HTMLDocument])
  ->  [aptEventHandler.js:337] observe([object XPCWrappedNative_NoHelper],"jaxerEvent.HTMLParseComplete",null)
paths:
  -> file:///E:/Aptana%20Jaxer%20Apache/Jaxer/Apache2-4Build/jaxer/framework/src/ModuleLogger.js
  -> file:///E:/Aptana%20Jaxer%20Apache/Jaxer/Apache2-4Build/jaxer/framework/src/CallbackManager.js
  -> file:///E:/Aptana%20Jaxer%20Apache/Jaxer/Apache2-4Build/jaxer/framework/src/HandlePage.js
  -> file:///E:/Aptana%20Jaxer%20Apache/Jaxer/Apache2-4Build/jaxer/framework/src/CoreEvents.js
  -> file:///E:/Aptana%20Jaxer%20Apache/Jaxer/Apache2-4Build/jaxer/components/aptEventHandler.js

01:10:22 12/24/2025 [ 32928] [TRACE] [JS Framework] [CallbackManager.processGlobalFunctions] source after: function passExpr(e) {
    return e;
}
stack:
  ->  [ModuleLogger.js:98] trace("source after: function passExpr(e) {\n    return e;\n}")
  ->  [CallbackManager.js:431] processGlobalFunctions([object Object])
  ->  [CallbackManager.js:70] processCallbacks([object HTMLDocument])
  ->  [HandlePage.js:63] onHandlePage([object XPCWrappedNative_NoHelper],[object HTMLDocument])
  ->  [CoreEvents.js:293] fireEvent("HANDLE_PAGE",[object Array])
  ->  [CoreEvents.js:234] fire("PARSE_COMPLETE",[object XPCWrappedNative_NoHelper],[object HTMLDocument])
  ->  [aptEventHandler.js:337] observe([object XPCWrappedNative_NoHelper],"jaxerEvent.HTMLParseComplete",null)
paths:
  -> file:///E:/Aptana%20Jaxer%20Apache/Jaxer/Apache2-4Build/jaxer/framework/src/ModuleLogger.js
  -> file:///E:/Aptana%20Jaxer%20Apache/Jaxer/Apache2-4Build/jaxer/framework/src/CallbackManager.js
  -> file:///E:/Aptana%20Jaxer%20Apache/Jaxer/Apache2-4Build/jaxer/framework/src/HandlePage.js
  -> file:///E:/Aptana%20Jaxer%20Apache/Jaxer/Apache2-4Build/jaxer/framework/src/CoreEvents.js
  -> file:///E:/Aptana%20Jaxer%20Apache/Jaxer/Apache2-4Build/jaxer/components/aptEventHandler.js

01:10:22 12/24/2025 [ 32928] [DEBUG] [JS Framework] [CallbackManager.processGlobalFunctions] Processing global function 'passExpr' with runat=server, proxy=false, effectiveRunat=server
stack:
  ->  [ModuleLogger.js:98] debug("Processing global function 'passExpr' with runat=server, proxy=false, effectiveRunat=server")
  ->  [CallbackManager.js:452] processGlobalFunctions([object Object])
  ->  [CallbackManager.js:70] processCallbacks([object HTMLDocument])
  ->  [HandlePage.js:63] onHandlePage([object XPCWrappedNative_NoHelper],[object HTMLDocument])
  ->  [CoreEvents.js:293] fireEvent("HANDLE_PAGE",[object Array])
  ->  [CoreEvents.js:234] fire("PARSE_COMPLETE",[object XPCWrappedNative_NoHelper],[object HTMLDocument])
  ->  [aptEventHandler.js:337] observe([object XPCWrappedNative_NoHelper],"jaxerEvent.HTMLParseComplete",null)
paths:
  -> file:///E:/Aptana%20Jaxer%20Apache/Jaxer/Apache2-4Build/jaxer/framework/src/ModuleLogger.js
  -> file:///E:/Aptana%20Jaxer%20Apache/Jaxer/Apache2-4Build/jaxer/framework/src/CallbackManager.js
  -> file:///E:/Aptana%20Jaxer%20Apache/Jaxer/Apache2-4Build/jaxer/framework/src/HandlePage.js
  -> file:///E:/Aptana%20Jaxer%20Apache/Jaxer/Apache2-4Build/jaxer/framework/src/CoreEvents.js
  -> file:///E:/Aptana%20Jaxer%20Apache/Jaxer/Apache2-4Build/jaxer/components/aptEventHandler.js

01:10:22 12/24/2025 [ 32928] [TRACE] [JS Framework] [CallbackManager.processGlobalFunctions] For runatFunctions member makeLocationExpr1: handledInScripts.hasOwnProperty=false; typeof candidate: function
stack:
  ->  [ModuleLogger.js:98] trace("For runatFunctions member makeLocationExpr1: handledInScripts.hasOwnProperty=false; typeof candidate: function")
  ->  [CallbackManager.js:410] processGlobalFunctions([object Object])
  ->  [CallbackManager.js:70] processCallbacks([object HTMLDocument])
  ->  [HandlePage.js:63] onHandlePage([object XPCWrappedNative_NoHelper],[object HTMLDocument])
  ->  [CoreEvents.js:293] fireEvent("HANDLE_PAGE",[object Array])
  ->  [CoreEvents.js:234] fire("PARSE_COMPLETE",[object XPCWrappedNative_NoHelper],[object HTMLDocument])
  ->  [aptEventHandler.js:337] observe([object XPCWrappedNative_NoHelper],"jaxerEvent.HTMLParseComplete",null)
paths:
  -> file:///E:/Aptana%20Jaxer%20Apache/Jaxer/Apache2-4Build/jaxer/framework/src/ModuleLogger.js
  -> file:///E:/Aptana%20Jaxer%20Apache/Jaxer/Apache2-4Build/jaxer/framework/src/CallbackManager.js
  -> file:///E:/Aptana%20Jaxer%20Apache/Jaxer/Apache2-4Build/jaxer/framework/src/HandlePage.js
  -> file:///E:/Aptana%20Jaxer%20Apache/Jaxer/Apache2-4Build/jaxer/framework/src/CoreEvents.js
  -> file:///E:/Aptana%20Jaxer%20Apache/Jaxer/Apache2-4Build/jaxer/components/aptEventHandler.js

01:10:22 12/24/2025 [ 32928] [TRACE] [JS Framework] [CallbackManager.processGlobalFunctions] source before: function makeLocationExpr1(slash, rel) {
    rel.absolute = true;
    return rel;
}
stack:
  ->  [ModuleLogger.js:98] trace("source before: function makeLocationExpr1(slash, rel) {\n    rel.absolute = true;\n    return rel;\n}")
  ->  [CallbackManager.js:422] processGlobalFunctions([object Object])
  ->  [CallbackManager.js:70] processCallbacks([object HTMLDocument])
  ->  [HandlePage.js:63] onHandlePage([object XPCWrappedNative_NoHelper],[object HTMLDocument])
  ->  [CoreEvents.js:293] fireEvent("HANDLE_PAGE",[object Array])
  ->  [CoreEvents.js:234] fire("PARSE_COMPLETE",[object XPCWrappedNative_NoHelper],[object HTMLDocument])
  ->  [aptEventHandler.js:337] observe([object XPCWrappedNative_NoHelper],"jaxerEvent.HTMLParseComplete",null)
paths:
  -> file:///E:/Aptana%20Jaxer%20Apache/Jaxer/Apache2-4Build/jaxer/framework/src/ModuleLogger.js
  -> file:///E:/Aptana%20Jaxer%20Apache/Jaxer/Apache2-4Build/jaxer/framework/src/CallbackManager.js
  -> file:///E:/Aptana%20Jaxer%20Apache/Jaxer/Apache2-4Build/jaxer/framework/src/HandlePage.js
  -> file:///E:/Aptana%20Jaxer%20Apache/Jaxer/Apache2-4Build/jaxer/framework/src/CoreEvents.js
  -> file:///E:/Aptana%20Jaxer%20Apache/Jaxer/Apache2-4Build/jaxer/components/aptEventHandler.js

01:10:22 12/24/2025 [ 32928] [TRACE] [JS Framework] [CallbackManager.processGlobalFunctions] source after: function makeLocationExpr1(slash, rel) {
    rel.absolute = true;
    return rel;
}
stack:
  ->  [ModuleLogger.js:98] trace("source after: function makeLocationExpr1(slash, rel) {\n    rel.absolute = true;\n    return rel;\n}")
  ->  [CallbackManager.js:431] processGlobalFunctions([object Object])
  ->  [CallbackManager.js:70] processCallbacks([object HTMLDocument])
  ->  [HandlePage.js:63] onHandlePage([object XPCWrappedNative_NoHelper],[object HTMLDocument])
  ->  [CoreEvents.js:293] fireEvent("HANDLE_PAGE",[object Array])
  ->  [CoreEvents.js:234] fire("PARSE_COMPLETE",[object XPCWrappedNative_NoHelper],[object HTMLDocument])
  ->  [aptEventHandler.js:337] observe([object XPCWrappedNative_NoHelper],"jaxerEvent.HTMLParseComplete",null)
paths:
  -> file:///E:/Aptana%20Jaxer%20Apache/Jaxer/Apache2-4Build/jaxer/framework/src/ModuleLogger.js
  -> file:///E:/Aptana%20Jaxer%20Apache/Jaxer/Apache2-4Build/jaxer/framework/src/CallbackManager.js
  -> file:///E:/Aptana%20Jaxer%20Apache/Jaxer/Apache2-4Build/jaxer/framework/src/HandlePage.js
  -> file:///E:/Aptana%20Jaxer%20Apache/Jaxer/Apache2-4Build/jaxer/framework/src/CoreEvents.js
  -> file:///E:/Aptana%20Jaxer%20Apache/Jaxer/Apache2-4Build/jaxer/components/aptEventHandler.js

01:10:22 12/24/2025 [ 32928] [DEBUG] [JS Framework] [CallbackManager.processGlobalFunctions] Processing global function 'makeLocationExpr1' with runat=server, proxy=false, effectiveRunat=server
stack:
  ->  [ModuleLogger.js:98] debug("Processing global function 'makeLocationExpr1' with runat=server, proxy=false, effectiveRunat=server")
  ->  [CallbackManager.js:452] processGlobalFunctions([object Object])
  ->  [CallbackManager.js:70] processCallbacks([object HTMLDocument])
  ->  [HandlePage.js:63] onHandlePage([object XPCWrappedNative_NoHelper],[object HTMLDocument])
  ->  [CoreEvents.js:293] fireEvent("HANDLE_PAGE",[object Array])
  ->  [CoreEvents.js:234] fire("PARSE_COMPLETE",[object XPCWrappedNative_NoHelper],[object HTMLDocument])
  ->  [aptEventHandler.js:337] observe([object XPCWrappedNative_NoHelper],"jaxerEvent.HTMLParseComplete",null)
paths:
  -> file:///E:/Aptana%20Jaxer%20Apache/Jaxer/Apache2-4Build/jaxer/framework/src/ModuleLogger.js
  -> file:///E:/Aptana%20Jaxer%20Apache/Jaxer/Apache2-4Build/jaxer/framework/src/CallbackManager.js
  -> file:///E:/Aptana%20Jaxer%20Apache/Jaxer/Apache2-4Build/jaxer/framework/src/HandlePage.js
  -> file:///E:/Aptana%20Jaxer%20Apache/Jaxer/Apache2-4Build/jaxer/framework/src/CoreEvents.js
  -> file:///E:/Aptana%20Jaxer%20Apache/Jaxer/Apache2-4Build/jaxer/components/aptEventHandler.js

01:10:22 12/24/2025 [ 32928] [TRACE] [JS Framework] [CallbackManager.processGlobalFunctions] For runatFunctions member makeLocationExpr2: handledInScripts.hasOwnProperty=false; typeof candidate: function
stack:
  ->  [ModuleLogger.js:98] trace("For runatFunctions member makeLocationExpr2: handledInScripts.hasOwnProperty=false; typeof candidate: function")
  ->  [CallbackManager.js:410] processGlobalFunctions([object Object])
  ->  [CallbackManager.js:70] processCallbacks([object HTMLDocument])
  ->  [HandlePage.js:63] onHandlePage([object XPCWrappedNative_NoHelper],[object HTMLDocument])
  ->  [CoreEvents.js:293] fireEvent("HANDLE_PAGE",[object Array])
  ->  [CoreEvents.js:234] fire("PARSE_COMPLETE",[object XPCWrappedNative_NoHelper],[object HTMLDocument])
  ->  [aptEventHandler.js:337] observe([object XPCWrappedNative_NoHelper],"jaxerEvent.HTMLParseComplete",null)
paths:
  -> file:///E:/Aptana%20Jaxer%20Apache/Jaxer/Apache2-4Build/jaxer/framework/src/ModuleLogger.js
  -> file:///E:/Aptana%20Jaxer%20Apache/Jaxer/Apache2-4Build/jaxer/framework/src/CallbackManager.js
  -> file:///E:/Aptana%20Jaxer%20Apache/Jaxer/Apache2-4Build/jaxer/framework/src/HandlePage.js
  -> file:///E:/Aptana%20Jaxer%20Apache/Jaxer/Apache2-4Build/jaxer/framework/src/CoreEvents.js
  -> file:///E:/Aptana%20Jaxer%20Apache/Jaxer/Apache2-4Build/jaxer/components/aptEventHandler.js

01:10:22 12/24/2025 [ 32928] [TRACE] [JS Framework] [CallbackManager.processGlobalFunctions] source before: function makeLocationExpr2(dslash, rel) {
    rel.absolute = true;
    rel.prependStep(makeAbbrevStep(dslash.value));
    return rel;
}
stack:
  ->  [ModuleLogger.js:98] trace("source before: function makeLocationExpr2(dslash, rel) {\n    rel.absolute = true;\n    rel.prependStep(makeAbbrevStep(dslash.value));\n    return rel;\n}")
  ->  [CallbackManager.js:422] processGlobalFunctions([object Object])
  ->  [CallbackManager.js:70] processCallbacks([object HTMLDocument])
  ->  [HandlePage.js:63] onHandlePage([object XPCWrappedNative_NoHelper],[object HTMLDocument])
  ->  [CoreEvents.js:293] fireEvent("HANDLE_PAGE",[object Array])
  ->  [CoreEvents.js:234] fire("PARSE_COMPLETE",[object XPCWrappedNative_NoHelper],[object HTMLDocument])
  ->  [aptEventHandler.js:337] observe([object XPCWrappedNative_NoHelper],"jaxerEvent.HTMLParseComplete",null)
paths:
  -> file:///E:/Aptana%20Jaxer%20Apache/Jaxer/Apache2-4Build/jaxer/framework/src/ModuleLogger.js
  -> file:///E:/Aptana%20Jaxer%20Apache/Jaxer/Apache2-4Build/jaxer/framework/src/CallbackManager.js
  -> file:///E:/Aptana%20Jaxer%20Apache/Jaxer/Apache2-4Build/jaxer/framework/src/HandlePage.js
  -> file:///E:/Aptana%20Jaxer%20Apache/Jaxer/Apache2-4Build/jaxer/framework/src/CoreEvents.js
  -> file:///E:/Aptana%20Jaxer%20Apache/Jaxer/Apache2-4Build/jaxer/components/aptEventHandler.js

01:10:22 12/24/2025 [ 32928] [TRACE] [JS Framework] [CallbackManager.processGlobalFunctions] source after: function makeLocationExpr2(dslash, rel) {
    rel.absolute = true;
    rel.prependStep(makeAbbrevStep(dslash.value));
    return rel;
}
stack:
  ->  [ModuleLogger.js:98] trace("source after: function makeLocationExpr2(dslash, rel) {\n    rel.absolute = true;\n    rel.prependStep(makeAbbrevStep(dslash.value));\n    return rel;\n}")
  ->  [CallbackManager.js:431] processGlobalFunctions([object Object])
  ->  [CallbackManager.js:70] processCallbacks([object HTMLDocument])
  ->  [HandlePage.js:63] onHandlePage([object XPCWrappedNative_NoHelper],[object HTMLDocument])
  ->  [CoreEvents.js:293] fireEvent("HANDLE_PAGE",[object Array])
  ->  [CoreEvents.js:234] fire("PARSE_COMPLETE",[object XPCWrappedNative_NoHelper],[object HTMLDocument])
  ->  [aptEventHandler.js:337] observe([object XPCWrappedNative_NoHelper],"jaxerEvent.HTMLParseComplete",null)
paths:
  -> file:///E:/Aptana%20Jaxer%20Apache/Jaxer/Apache2-4Build/jaxer/framework/src/ModuleLogger.js
  -> file:///E:/Aptana%20Jaxer%20Apache/Jaxer/Apache2-4Build/jaxer/framework/src/CallbackManager.js
  -> file:///E:/Aptana%20Jaxer%20Apache/Jaxer/Apache2-4Build/jaxer/framework/src/HandlePage.js
  -> file:///E:/Aptana%20Jaxer%20Apache/Jaxer/Apache2-4Build/jaxer/framework/src/CoreEvents.js
  -> file:///E:/Aptana%20Jaxer%20Apache/Jaxer/Apache2-4Build/jaxer/components/aptEventHandler.js

01:10:22 12/24/2025 [ 32928] [DEBUG] [JS Framework] [CallbackManager.processGlobalFunctions] Processing global function 'makeLocationExpr2' with runat=server, proxy=false, effectiveRunat=server
stack:
  ->  [ModuleLogger.js:98] debug("Processing global function 'makeLocationExpr2' with runat=server, proxy=false, effectiveRunat=server")
  ->  [CallbackManager.js:452] processGlobalFunctions([object Object])
  ->  [CallbackManager.js:70] processCallbacks([object HTMLDocument])
  ->  [HandlePage.js:63] onHandlePage([object XPCWrappedNative_NoHelper],[object HTMLDocument])
  ->  [CoreEvents.js:293] fireEvent("HANDLE_PAGE",[object Array])
  ->  [CoreEvents.js:234] fire("PARSE_COMPLETE",[object XPCWrappedNative_NoHelper],[object HTMLDocument])
  ->  [aptEventHandler.js:337] observe([object XPCWrappedNative_NoHelper],"jaxerEvent.HTMLParseComplete",null)
paths:
  -> file:///E:/Aptana%20Jaxer%20Apache/Jaxer/Apache2-4Build/jaxer/framework/src/ModuleLogger.js
  -> file:///E:/Aptana%20Jaxer%20Apache/Jaxer/Apache2-4Build/jaxer/framework/src/CallbackManager.js
  -> file:///E:/Aptana%20Jaxer%20Apache/Jaxer/Apache2-4Build/jaxer/framework/src/HandlePage.js
  -> file:///E:/Aptana%20Jaxer%20Apache/Jaxer/Apache2-4Build/jaxer/framework/src/CoreEvents.js
  -> file:///E:/Aptana%20Jaxer%20Apache/Jaxer/Apache2-4Build/jaxer/components/aptEventHandler.js

01:10:22 12/24/2025 [ 32928] [TRACE] [JS Framework] [CallbackManager.processGlobalFunctions] For runatFunctions member makeLocationExpr3: handledInScripts.hasOwnProperty=false; typeof candidate: function
stack:
  ->  [ModuleLogger.js:98] trace("For runatFunctions member makeLocationExpr3: handledInScripts.hasOwnProperty=false; typeof candidate: function")
  ->  [CallbackManager.js:410] processGlobalFunctions([object Object])
  ->  [CallbackManager.js:70] processCallbacks([object HTMLDocument])
  ->  [HandlePage.js:63] onHandlePage([object XPCWrappedNative_NoHelper],[object HTMLDocument])
  ->  [CoreEvents.js:293] fireEvent("HANDLE_PAGE",[object Array])
  ->  [CoreEvents.js:234] fire("PARSE_COMPLETE",[object XPCWrappedNative_NoHelper],[object HTMLDocument])
  ->  [aptEventHandler.js:337] observe([object XPCWrappedNative_NoHelper],"jaxerEvent.HTMLParseComplete",null)
paths:
  -> file:///E:/Aptana%20Jaxer%20Apache/Jaxer/Apache2-4Build/jaxer/framework/src/ModuleLogger.js
  -> file:///E:/Aptana%20Jaxer%20Apache/Jaxer/Apache2-4Build/jaxer/framework/src/CallbackManager.js
  -> file:///E:/Aptana%20Jaxer%20Apache/Jaxer/Apache2-4Build/jaxer/framework/src/HandlePage.js
  -> file:///E:/Aptana%20Jaxer%20Apache/Jaxer/Apache2-4Build/jaxer/framework/src/CoreEvents.js
  -> file:///E:/Aptana%20Jaxer%20Apache/Jaxer/Apache2-4Build/jaxer/components/aptEventHandler.js

01:10:22 12/24/2025 [ 32928] [TRACE] [JS Framework] [CallbackManager.processGlobalFunctions] source before: function makeLocationExpr3(slash) {
    var ret = new LocationExpr;
    ret.appendStep(makeAbbrevStep("."));
    ret.absolute = true;
    return ret;
}
stack:
  ->  [ModuleLogger.js:98] trace("source before: function makeLocationExpr3(slash) {\n    var ret = new LocationExpr;\n    ret.appendStep(makeAbbrevStep(\".\"));\n    ret.absolute = true;\n    return ret;\n}")
  ->  [CallbackManager.js:422] processGlobalFunctions([object Object])
  ->  [CallbackManager.js:70] processCallbacks([object HTMLDocument])
  ->  [HandlePage.js:63] onHandlePage([object XPCWrappedNative_NoHelper],[object HTMLDocument])
  ->  [CoreEvents.js:293] fireEvent("HANDLE_PAGE",[object Array])
  ->  [CoreEvents.js:234] fire("PARSE_COMPLETE",[object XPCWrappedNative_NoHelper],[object HTMLDocument])
  ->  [aptEventHandler.js:337] observe([object XPCWrappedNative_NoHelper],"jaxerEvent.HTMLParseComplete",null)
paths:
  -> file:///E:/Aptana%20Jaxer%20Apache/Jaxer/Apache2-4Build/jaxer/framework/src/ModuleLogger.js
  -> file:///E:/Aptana%20Jaxer%20Apache/Jaxer/Apache2-4Build/jaxer/framework/src/CallbackManager.js
  -> file:///E:/Aptana%20Jaxer%20Apache/Jaxer/Apache2-4Build/jaxer/framework/src/HandlePage.js
  -> file:///E:/Aptana%20Jaxer%20Apache/Jaxer/Apache2-4Build/jaxer/framework/src/CoreEvents.js
  -> file:///E:/Aptana%20Jaxer%20Apache/Jaxer/Apache2-4Build/jaxer/components/aptEventHandler.js

01:10:22 12/24/2025 [ 32928] [TRACE] [JS Framework] [CallbackManager.processGlobalFunctions] source after: function makeLocationExpr3(slash) {
    var ret = new LocationExpr;
    ret.appendStep(makeAbbrevStep("."));
    ret.absolute = true;
    return ret;
}
stack:
  ->  [ModuleLogger.js:98] trace("source after: function makeLocationExpr3(slash) {\n    var ret = new LocationExpr;\n    ret.appendStep(makeAbbrevStep(\".\"));\n    ret.absolute = true;\n    return ret;\n}")
  ->  [CallbackManager.js:431] processGlobalFunctions([object Object])
  ->  [CallbackManager.js:70] processCallbacks([object HTMLDocument])
  ->  [HandlePage.js:63] onHandlePage([object XPCWrappedNative_NoHelper],[object HTMLDocument])
  ->  [CoreEvents.js:293] fireEvent("HANDLE_PAGE",[object Array])
  ->  [CoreEvents.js:234] fire("PARSE_COMPLETE",[object XPCWrappedNative_NoHelper],[object HTMLDocument])
  ->  [aptEventHandler.js:337] observe([object XPCWrappedNative_NoHelper],"jaxerEvent.HTMLParseComplete",null)
paths:
  -> file:///E:/Aptana%20Jaxer%20Apache/Jaxer/Apache2-4Build/jaxer/framework/src/ModuleLogger.js
  -> file:///E:/Aptana%20Jaxer%20Apache/Jaxer/Apache2-4Build/jaxer/framework/src/CallbackManager.js
  -> file:///E:/Aptana%20Jaxer%20Apache/Jaxer/Apache2-4Build/jaxer/framework/src/HandlePage.js
  -> file:///E:/Aptana%20Jaxer%20Apache/Jaxer/Apache2-4Build/jaxer/framework/src/CoreEvents.js
  -> file:///E:/Aptana%20Jaxer%20Apache/Jaxer/Apache2-4Build/jaxer/components/aptEventHandler.js

01:10:22 12/24/2025 [ 32928] [DEBUG] [JS Framework] [CallbackManager.processGlobalFunctions] Processing global function 'makeLocationExpr3' with runat=server, proxy=false, effectiveRunat=server
stack:
  ->  [ModuleLogger.js:98] debug("Processing global function 'makeLocationExpr3' with runat=server, proxy=false, effectiveRunat=server")
  ->  [CallbackManager.js:452] processGlobalFunctions([object Object])
  ->  [CallbackManager.js:70] processCallbacks([object HTMLDocument])
  ->  [HandlePage.js:63] onHandlePage([object XPCWrappedNative_NoHelper],[object HTMLDocument])
  ->  [CoreEvents.js:293] fireEvent("HANDLE_PAGE",[object Array])
  ->  [CoreEvents.js:234] fire("PARSE_COMPLETE",[object XPCWrappedNative_NoHelper],[object HTMLDocument])
  ->  [aptEventHandler.js:337] observe([object XPCWrappedNative_NoHelper],"jaxerEvent.HTMLParseComplete",null)
paths:
  -> file:///E:/Aptana%20Jaxer%20Apache/Jaxer/Apache2-4Build/jaxer/framework/src/ModuleLogger.js
  -> file:///E:/Aptana%20Jaxer%20Apache/Jaxer/Apache2-4Build/jaxer/framework/src/CallbackManager.js
  -> file:///E:/Aptana%20Jaxer%20Apache/Jaxer/Apache2-4Build/jaxer/framework/src/HandlePage.js
  -> file:///E:/Aptana%20Jaxer%20Apache/Jaxer/Apache2-4Build/jaxer/framework/src/CoreEvents.js
  -> file:///E:/Aptana%20Jaxer%20Apache/Jaxer/Apache2-4Build/jaxer/components/aptEventHandler.js

01:10:22 12/24/2025 [ 32928] [TRACE] [JS Framework] [CallbackManager.processGlobalFunctions] For runatFunctions member makeLocationExpr4: handledInScripts.hasOwnProperty=false; typeof candidate: function
stack:
  ->  [ModuleLogger.js:98] trace("For runatFunctions member makeLocationExpr4: handledInScripts.hasOwnProperty=false; typeof candidate: function")
  ->  [CallbackManager.js:410] processGlobalFunctions([object Object])
  ->  [CallbackManager.js:70] processCallbacks([object HTMLDocument])
  ->  [HandlePage.js:63] onHandlePage([object XPCWrappedNative_NoHelper],[object HTMLDocument])
  ->  [CoreEvents.js:293] fireEvent("HANDLE_PAGE",[object Array])
  ->  [CoreEvents.js:234] fire("PARSE_COMPLETE",[object XPCWrappedNative_NoHelper],[object HTMLDocument])
  ->  [aptEventHandler.js:337] observe([object XPCWrappedNative_NoHelper],"jaxerEvent.HTMLParseComplete",null)
paths:
  -> file:///E:/Aptana%20Jaxer%20Apache/Jaxer/Apache2-4Build/jaxer/framework/src/ModuleLogger.js
  -> file:///E:/Aptana%20Jaxer%20Apache/Jaxer/Apache2-4Build/jaxer/framework/src/CallbackManager.js
  -> file:///E:/Aptana%20Jaxer%20Apache/Jaxer/Apache2-4Build/jaxer/framework/src/HandlePage.js
  -> file:///E:/Aptana%20Jaxer%20Apache/Jaxer/Apache2-4Build/jaxer/framework/src/CoreEvents.js
  -> file:///E:/Aptana%20Jaxer%20Apache/Jaxer/Apache2-4Build/jaxer/components/aptEventHandler.js

01:10:22 12/24/2025 [ 32928] [TRACE] [JS Framework] [CallbackManager.processGlobalFunctions] source before: function makeLocationExpr4(dslash) {
    var ret = new LocationExpr;
    ret.absolute = true;
    ret.appendStep(makeAbbrevStep(dslash.value));
    return ret;
}
stack:
  ->  [ModuleLogger.js:98] trace("source before: function makeLocationExpr4(dslash) {\n    var ret = new LocationExpr;\n    ret.absolute = true;\n    ret.appendStep(makeAbbrevStep(dslash.value));\n    return ret;\n}")
  ->  [CallbackManager.js:422] processGlobalFunctions([object Object])
  ->  [CallbackManager.js:70] processCallbacks([object HTMLDocument])
  ->  [HandlePage.js:63] onHandlePage([object XPCWrappedNative_NoHelper],[object HTMLDocument])
  ->  [CoreEvents.js:293] fireEvent("HANDLE_PAGE",[object Array])
  ->  [CoreEvents.js:234] fire("PARSE_COMPLETE",[object XPCWrappedNative_NoHelper],[object HTMLDocument])
  ->  [aptEventHandler.js:337] observe([object XPCWrappedNative_NoHelper],"jaxerEvent.HTMLParseComplete",null)
paths:
  -> file:///E:/Aptana%20Jaxer%20Apache/Jaxer/Apache2-4Build/jaxer/framework/src/ModuleLogger.js
  -> file:///E:/Aptana%20Jaxer%20Apache/Jaxer/Apache2-4Build/jaxer/framework/src/CallbackManager.js
  -> file:///E:/Aptana%20Jaxer%20Apache/Jaxer/Apache2-4Build/jaxer/framework/src/HandlePage.js
  -> file:///E:/Aptana%20Jaxer%20Apache/Jaxer/Apache2-4Build/jaxer/framework/src/CoreEvents.js
  -> file:///E:/Aptana%20Jaxer%20Apache/Jaxer/Apache2-4Build/jaxer/components/aptEventHandler.js

01:10:22 12/24/2025 [ 32928] [TRACE] [JS Framework] [CallbackManager.processGlobalFunctions] source after: function makeLocationExpr4(dslash) {
    var ret = new LocationExpr;
    ret.absolute = true;
    ret.appendStep(makeAbbrevStep(dslash.value));
    return ret;
}
stack:
  ->  [ModuleLogger.js:98] trace("source after: function makeLocationExpr4(dslash) {\n    var ret = new LocationExpr;\n    ret.absolute = true;\n    ret.appendStep(makeAbbrevStep(dslash.value));\n    return ret;\n}")
  ->  [CallbackManager.js:431] processGlobalFunctions([object Object])
  ->  [CallbackManager.js:70] processCallbacks([object HTMLDocument])
  ->  [HandlePage.js:63] onHandlePage([object XPCWrappedNative_NoHelper],[object HTMLDocument])
  ->  [CoreEvents.js:293] fireEvent("HANDLE_PAGE",[object Array])
  ->  [CoreEvents.js:234] fire("PARSE_COMPLETE",[object XPCWrappedNative_NoHelper],[object HTMLDocument])
  ->  [aptEventHandler.js:337] observe([object XPCWrappedNative_NoHelper],"jaxerEvent.HTMLParseComplete",null)
paths:
  -> file:///E:/Aptana%20Jaxer%20Apache/Jaxer/Apache2-4Build/jaxer/framework/src/ModuleLogger.js
  -> file:///E:/Aptana%20Jaxer%20Apache/Jaxer/Apache2-4Build/jaxer/framework/src/CallbackManager.js
  -> file:///E:/Aptana%20Jaxer%20Apache/Jaxer/Apache2-4Build/jaxer/framework/src/HandlePage.js
  -> file:///E:/Aptana%20Jaxer%20Apache/Jaxer/Apache2-4Build/jaxer/framework/src/CoreEvents.js
  -> file:///E:/Aptana%20Jaxer%20Apache/Jaxer/Apache2-4Build/jaxer/components/aptEventHandler.js

01:10:22 12/24/2025 [ 32928] [DEBUG] [JS Framework] [CallbackManager.processGlobalFunctions] Processing global function 'makeLocationExpr4' with runat=server, proxy=false, effectiveRunat=server
stack:
  ->  [ModuleLogger.js:98] debug("Processing global function 'makeLocationExpr4' with runat=server, proxy=false, effectiveRunat=server")
  ->  [CallbackManager.js:452] processGlobalFunctions([object Object])
  ->  [CallbackManager.js:70] processCallbacks([object HTMLDocument])
  ->  [HandlePage.js:63] onHandlePage([object XPCWrappedNative_NoHelper],[object HTMLDocument])
  ->  [CoreEvents.js:293] fireEvent("HANDLE_PAGE",[object Array])
  ->  [CoreEvents.js:234] fire("PARSE_COMPLETE",[object XPCWrappedNative_NoHelper],[object HTMLDocument])
  ->  [aptEventHandler.js:337] observe([object XPCWrappedNative_NoHelper],"jaxerEvent.HTMLParseComplete",null)
paths:
  -> file:///E:/Aptana%20Jaxer%20Apache/Jaxer/Apache2-4Build/jaxer/framework/src/ModuleLogger.js
  -> file:///E:/Aptana%20Jaxer%20Apache/Jaxer/Apache2-4Build/jaxer/framework/src/CallbackManager.js
  -> file:///E:/Aptana%20Jaxer%20Apache/Jaxer/Apache2-4Build/jaxer/framework/src/HandlePage.js
  -> file:///E:/Aptana%20Jaxer%20Apache/Jaxer/Apache2-4Build/jaxer/framework/src/CoreEvents.js
  -> file:///E:/Aptana%20Jaxer%20Apache/Jaxer/Apache2-4Build/jaxer/components/aptEventHandler.js

01:10:22 12/24/2025 [ 32928] [TRACE] [JS Framework] [CallbackManager.processGlobalFunctions] For runatFunctions member makeLocationExpr5: handledInScripts.hasOwnProperty=false; typeof candidate: function
stack:
  ->  [ModuleLogger.js:98] trace("For runatFunctions member makeLocationExpr5: handledInScripts.hasOwnProperty=false; typeof candidate: function")
  ->  [CallbackManager.js:410] processGlobalFunctions([object Object])
  ->  [CallbackManager.js:70] processCallbacks([object HTMLDocument])
  ->  [HandlePage.js:63] onHandlePage([object XPCWrappedNative_NoHelper],[object HTMLDocument])
  ->  [CoreEvents.js:293] fireEvent("HANDLE_PAGE",[object Array])
  ->  [CoreEvents.js:234] fire("PARSE_COMPLETE",[object XPCWrappedNative_NoHelper],[object HTMLDocument])
  ->  [aptEventHandler.js:337] observe([object XPCWrappedNative_NoHelper],"jaxerEvent.HTMLParseComplete",null)
paths:
  -> file:///E:/Aptana%20Jaxer%20Apache/Jaxer/Apache2-4Build/jaxer/framework/src/ModuleLogger.js
  -> file:///E:/Aptana%20Jaxer%20Apache/Jaxer/Apache2-4Build/jaxer/framework/src/CallbackManager.js
  -> file:///E:/Aptana%20Jaxer%20Apache/Jaxer/Apache2-4Build/jaxer/framework/src/HandlePage.js
  -> file:///E:/Aptana%20Jaxer%20Apache/Jaxer/Apache2-4Build/jaxer/framework/src/CoreEvents.js
  -> file:///E:/Aptana%20Jaxer%20Apache/Jaxer/Apache2-4Build/jaxer/components/aptEventHandler.js

01:10:22 12/24/2025 [ 32928] [TRACE] [JS Framework] [CallbackManager.processGlobalFunctions] source before: function makeLocationExpr5(step) {
    var ret = new LocationExpr;
    ret.appendStep(step);
    return ret;
}
stack:
  ->  [ModuleLogger.js:98] trace("source before: function makeLocationExpr5(step) {\n    var ret = new LocationExpr;\n    ret.appendStep(step);\n    return ret;\n}")
  ->  [CallbackManager.js:422] processGlobalFunctions([object Object])
  ->  [CallbackManager.js:70] processCallbacks([object HTMLDocument])
  ->  [HandlePage.js:63] onHandlePage([object XPCWrappedNative_NoHelper],[object HTMLDocument])
  ->  [CoreEvents.js:293] fireEvent("HANDLE_PAGE",[object Array])
  ->  [CoreEvents.js:234] fire("PARSE_COMPLETE",[object XPCWrappedNative_NoHelper],[object HTMLDocument])
  ->  [aptEventHandler.js:337] observe([object XPCWrappedNative_NoHelper],"jaxerEvent.HTMLParseComplete",null)
paths:
  -> file:///E:/Aptana%20Jaxer%20Apache/Jaxer/Apache2-4Build/jaxer/framework/src/ModuleLogger.js
  -> file:///E:/Aptana%20Jaxer%20Apache/Jaxer/Apache2-4Build/jaxer/framework/src/CallbackManager.js
  -> file:///E:/Aptana%20Jaxer%20Apache/Jaxer/Apache2-4Build/jaxer/framework/src/HandlePage.js
  -> file:///E:/Aptana%20Jaxer%20Apache/Jaxer/Apache2-4Build/jaxer/framework/src/CoreEvents.js
  -> file:///E:/Aptana%20Jaxer%20Apache/Jaxer/Apache2-4Build/jaxer/components/aptEventHandler.js

01:10:22 12/24/2025 [ 32928] [TRACE] [JS Framework] [CallbackManager.processGlobalFunctions] source after: function makeLocationExpr5(step) {
    var ret = new LocationExpr;
    ret.appendStep(step);
    return ret;
}
stack:
  ->  [ModuleLogger.js:98] trace("source after: function makeLocationExpr5(step) {\n    var ret = new LocationExpr;\n    ret.appendStep(step);\n    return ret;\n}")
  ->  [CallbackManager.js:431] processGlobalFunctions([object Object])
  ->  [CallbackManager.js:70] processCallbacks([object HTMLDocument])
  ->  [HandlePage.js:63] onHandlePage([object XPCWrappedNative_NoHelper],[object HTMLDocument])
  ->  [CoreEvents.js:293] fireEvent("HANDLE_PAGE",[object Array])
  ->  [CoreEvents.js:234] fire("PARSE_COMPLETE",[object XPCWrappedNative_NoHelper],[object HTMLDocument])
  ->  [aptEventHandler.js:337] observe([object XPCWrappedNative_NoHelper],"jaxerEvent.HTMLParseComplete",null)
paths:
  -> file:///E:/Aptana%20Jaxer%20Apache/Jaxer/Apache2-4Build/jaxer/framework/src/ModuleLogger.js
  -> file:///E:/Aptana%20Jaxer%20Apache/Jaxer/Apache2-4Build/jaxer/framework/src/CallbackManager.js
  -> file:///E:/Aptana%20Jaxer%20Apache/Jaxer/Apache2-4Build/jaxer/framework/src/HandlePage.js
  -> file:///E:/Aptana%20Jaxer%20Apache/Jaxer/Apache2-4Build/jaxer/framework/src/CoreEvents.js
  -> file:///E:/Aptana%20Jaxer%20Apache/Jaxer/Apache2-4Build/jaxer/components/aptEventHandler.js

01:10:22 12/24/2025 [ 32928] [DEBUG] [JS Framework] [CallbackManager.processGlobalFunctions] Processing global function 'makeLocationExpr5' with runat=server, proxy=false, effectiveRunat=server
stack:
  ->  [ModuleLogger.js:98] debug("Processing global function 'makeLocationExpr5' with runat=server, proxy=false, effectiveRunat=server")
  ->  [CallbackManager.js:452] processGlobalFunctions([object Object])
  ->  [CallbackManager.js:70] processCallbacks([object HTMLDocument])
  ->  [HandlePage.js:63] onHandlePage([object XPCWrappedNative_NoHelper],[object HTMLDocument])
  ->  [CoreEvents.js:293] fireEvent("HANDLE_PAGE",[object Array])
  ->  [CoreEvents.js:234] fire("PARSE_COMPLETE",[object XPCWrappedNative_NoHelper],[object HTMLDocument])
  ->  [aptEventHandler.js:337] observe([object XPCWrappedNative_NoHelper],"jaxerEvent.HTMLParseComplete",null)
paths:
  -> file:///E:/Aptana%20Jaxer%20Apache/Jaxer/Apache2-4Build/jaxer/framework/src/ModuleLogger.js
  -> file:///E:/Aptana%20Jaxer%20Apache/Jaxer/Apache2-4Build/jaxer/framework/src/CallbackManager.js
  -> file:///E:/Aptana%20Jaxer%20Apache/Jaxer/Apache2-4Build/jaxer/framework/src/HandlePage.js
  -> file:///E:/Aptana%20Jaxer%20Apache/Jaxer/Apache2-4Build/jaxer/framework/src/CoreEvents.js
  -> file:///E:/Aptana%20Jaxer%20Apache/Jaxer/Apache2-4Build/jaxer/components/aptEventHandler.js

01:10:22 12/24/2025 [ 32928] [TRACE] [JS Framework] [CallbackManager.processGlobalFunctions] For runatFunctions member makeLocationExpr6: handledInScripts.hasOwnProperty=false; typeof candidate: function
stack:
  ->  [ModuleLogger.js:98] trace("For runatFunctions member makeLocationExpr6: handledInScripts.hasOwnProperty=false; typeof candidate: function")
  ->  [CallbackManager.js:410] processGlobalFunctions([object Object])
  ->  [CallbackManager.js:70] processCallbacks([object HTMLDocument])
  ->  [HandlePage.js:63] onHandlePage([object XPCWrappedNative_NoHelper],[object HTMLDocument])
  ->  [CoreEvents.js:293] fireEvent("HANDLE_PAGE",[object Array])
  ->  [CoreEvents.js:234] fire("PARSE_COMPLETE",[object XPCWrappedNative_NoHelper],[object HTMLDocument])
  ->  [aptEventHandler.js:337] observe([object XPCWrappedNative_NoHelper],"jaxerEvent.HTMLParseComplete",null)
paths:
  -> file:///E:/Aptana%20Jaxer%20Apache/Jaxer/Apache2-4Build/jaxer/framework/src/ModuleLogger.js
  -> file:///E:/Aptana%20Jaxer%20Apache/Jaxer/Apache2-4Build/jaxer/framework/src/CallbackManager.js
  -> file:///E:/Aptana%20Jaxer%20Apache/Jaxer/Apache2-4Build/jaxer/framework/src/HandlePage.js
  -> file:///E:/Aptana%20Jaxer%20Apache/Jaxer/Apache2-4Build/jaxer/framework/src/CoreEvents.js
  -> file:///E:/Aptana%20Jaxer%20Apache/Jaxer/Apache2-4Build/jaxer/components/aptEventHandler.js

01:10:22 12/24/2025 [ 32928] [TRACE] [JS Framework] [CallbackManager.processGlobalFunctions] source before: function makeLocationExpr6(rel, slash, step) {
    rel.appendStep(step);
    return rel;
}
stack:
  ->  [ModuleLogger.js:98] trace("source before: function makeLocationExpr6(rel, slash, step) {\n    rel.appendStep(step);\n    return rel;\n}")
  ->  [CallbackManager.js:422] processGlobalFunctions([object Object])
  ->  [CallbackManager.js:70] processCallbacks([object HTMLDocument])
  ->  [HandlePage.js:63] onHandlePage([object XPCWrappedNative_NoHelper],[object HTMLDocument])
  ->  [CoreEvents.js:293] fireEvent("HANDLE_PAGE",[object Array])
  ->  [CoreEvents.js:234] fire("PARSE_COMPLETE",[object XPCWrappedNative_NoHelper],[object HTMLDocument])
  ->  [aptEventHandler.js:337] observe([object XPCWrappedNative_NoHelper],"jaxerEvent.HTMLParseComplete",null)
paths:
  -> file:///E:/Aptana%20Jaxer%20Apache/Jaxer/Apache2-4Build/jaxer/framework/src/ModuleLogger.js
  -> file:///E:/Aptana%20Jaxer%20Apache/Jaxer/Apache2-4Build/jaxer/framework/src/CallbackManager.js
  -> file:///E:/Aptana%20Jaxer%20Apache/Jaxer/Apache2-4Build/jaxer/framework/src/HandlePage.js
  -> file:///E:/Aptana%20Jaxer%20Apache/Jaxer/Apache2-4Build/jaxer/framework/src/CoreEvents.js
  -> file:///E:/Aptana%20Jaxer%20Apache/Jaxer/Apache2-4Build/jaxer/components/aptEventHandler.js

01:10:22 12/24/2025 [ 32928] [TRACE] [JS Framework] [CallbackManager.processGlobalFunctions] source after: function makeLocationExpr6(rel, slash, step) {
    rel.appendStep(step);
    return rel;
}
stack:
  ->  [ModuleLogger.js:98] trace("source after: function makeLocationExpr6(rel, slash, step) {\n    rel.appendStep(step);\n    return rel;\n}")
  ->  [CallbackManager.js:431] processGlobalFunctions([object Object])
  ->  [CallbackManager.js:70] processCallbacks([object HTMLDocument])
  ->  [HandlePage.js:63] onHandlePage([object XPCWrappedNative_NoHelper],[object HTMLDocument])
  ->  [CoreEvents.js:293] fireEvent("HANDLE_PAGE",[object Array])
  ->  [CoreEvents.js:234] fire("PARSE_COMPLETE",[object XPCWrappedNative_NoHelper],[object HTMLDocument])
  ->  [aptEventHandler.js:337] observe([object XPCWrappedNative_NoHelper],"jaxerEvent.HTMLParseComplete",null)
paths:
  -> file:///E:/Aptana%20Jaxer%20Apache/Jaxer/Apache2-4Build/jaxer/framework/src/ModuleLogger.js
  -> file:///E:/Aptana%20Jaxer%20Apache/Jaxer/Apache2-4Build/jaxer/framework/src/CallbackManager.js
  -> file:///E:/Aptana%20Jaxer%20Apache/Jaxer/Apache2-4Build/jaxer/framework/src/HandlePage.js
  -> file:///E:/Aptana%20Jaxer%20Apache/Jaxer/Apache2-4Build/jaxer/framework/src/CoreEvents.js
  -> file:///E:/Aptana%20Jaxer%20Apache/Jaxer/Apache2-4Build/jaxer/components/aptEventHandler.js

01:10:22 12/24/2025 [ 32928] [DEBUG] [JS Framework] [CallbackManager.processGlobalFunctions] Processing global function 'makeLocationExpr6' with runat=server, proxy=false, effectiveRunat=server
stack:
  ->  [ModuleLogger.js:98] debug("Processing global function 'makeLocationExpr6' with runat=server, proxy=false, effectiveRunat=server")
  ->  [CallbackManager.js:452] processGlobalFunctions([object Object])
  ->  [CallbackManager.js:70] processCallbacks([object HTMLDocument])
  ->  [HandlePage.js:63] onHandlePage([object XPCWrappedNative_NoHelper],[object HTMLDocument])
  ->  [CoreEvents.js:293] fireEvent("HANDLE_PAGE",[object Array])
  ->  [CoreEvents.js:234] fire("PARSE_COMPLETE",[object XPCWrappedNative_NoHelper],[object HTMLDocument])
  ->  [aptEventHandler.js:337] observe([object XPCWrappedNative_NoHelper],"jaxerEvent.HTMLParseComplete",null)
paths:
  -> file:///E:/Aptana%20Jaxer%20Apache/Jaxer/Apache2-4Build/jaxer/framework/src/ModuleLogger.js
  -> file:///E:/Aptana%20Jaxer%20Apache/Jaxer/Apache2-4Build/jaxer/framework/src/CallbackManager.js
  -> file:///E:/Aptana%20Jaxer%20Apache/Jaxer/Apache2-4Build/jaxer/framework/src/HandlePage.js
  -> file:///E:/Aptana%20Jaxer%20Apache/Jaxer/Apache2-4Build/jaxer/framework/src/CoreEvents.js
  -> file:///E:/Aptana%20Jaxer%20Apache/Jaxer/Apache2-4Build/jaxer/components/aptEventHandler.js

01:10:22 12/24/2025 [ 32928] [TRACE] [JS Framework] [CallbackManager.processGlobalFunctions] For runatFunctions member makeLocationExpr7: handledInScripts.hasOwnProperty=false; typeof candidate: function
stack:
  ->  [ModuleLogger.js:98] trace("For runatFunctions member makeLocationExpr7: handledInScripts.hasOwnProperty=false; typeof candidate: function")
  ->  [CallbackManager.js:410] processGlobalFunctions([object Object])
  ->  [CallbackManager.js:70] processCallbacks([object HTMLDocument])
  ->  [HandlePage.js:63] onHandlePage([object XPCWrappedNative_NoHelper],[object HTMLDocument])
  ->  [CoreEvents.js:293] fireEvent("HANDLE_PAGE",[object Array])
  ->  [CoreEvents.js:234] fire("PARSE_COMPLETE",[object XPCWrappedNative_NoHelper],[object HTMLDocument])
  ->  [aptEventHandler.js:337] observe([object XPCWrappedNative_NoHelper],"jaxerEvent.HTMLParseComplete",null)
paths:
  -> file:///E:/Aptana%20Jaxer%20Apache/Jaxer/Apache2-4Build/jaxer/framework/src/ModuleLogger.js
  -> file:///E:/Aptana%20Jaxer%20Apache/Jaxer/Apache2-4Build/jaxer/framework/src/CallbackManager.js
  -> file:///E:/Aptana%20Jaxer%20Apache/Jaxer/Apache2-4Build/jaxer/framework/src/HandlePage.js
  -> file:///E:/Aptana%20Jaxer%20Apache/Jaxer/Apache2-4Build/jaxer/framework/src/CoreEvents.js
  -> file:///E:/Aptana%20Jaxer%20Apache/Jaxer/Apache2-4Build/jaxer/components/aptEventHandler.js

01:10:22 12/24/2025 [ 32928] [TRACE] [JS Framework] [CallbackManager.processGlobalFunctions] source before: function makeLocationExpr7(rel, dslash, step) {
    rel.appendStep(makeAbbrevStep(dslash.value));
    rel.appendStep(step);
    return rel;
}
stack:
  ->  [ModuleLogger.js:98] trace("source before: function makeLocationExpr7(rel, dslash, step) {\n    rel.appendStep(makeAbbrevStep(dslash.value));\n    rel.appendStep(step);\n    return rel;\n}")
  ->  [CallbackManager.js:422] processGlobalFunctions([object Object])
  ->  [CallbackManager.js:70] processCallbacks([object HTMLDocument])
  ->  [HandlePage.js:63] onHandlePage([object XPCWrappedNative_NoHelper],[object HTMLDocument])
  ->  [CoreEvents.js:293] fireEvent("HANDLE_PAGE",[object Array])
  ->  [CoreEvents.js:234] fire("PARSE_COMPLETE",[object XPCWrappedNative_NoHelper],[object HTMLDocument])
  ->  [aptEventHandler.js:337] observe([object XPCWrappedNative_NoHelper],"jaxerEvent.HTMLParseComplete",null)
paths:
  -> file:///E:/Aptana%20Jaxer%20Apache/Jaxer/Apache2-4Build/jaxer/framework/src/ModuleLogger.js
  -> file:///E:/Aptana%20Jaxer%20Apache/Jaxer/Apache2-4Build/jaxer/framework/src/CallbackManager.js
  -> file:///E:/Aptana%20Jaxer%20Apache/Jaxer/Apache2-4Build/jaxer/framework/src/HandlePage.js
  -> file:///E:/Aptana%20Jaxer%20Apache/Jaxer/Apache2-4Build/jaxer/framework/src/CoreEvents.js
  -> file:///E:/Aptana%20Jaxer%20Apache/Jaxer/Apache2-4Build/jaxer/components/aptEventHandler.js

01:10:22 12/24/2025 [ 32928] [TRACE] [JS Framework] [CallbackManager.processGlobalFunctions] source after: function makeLocationExpr7(rel, dslash, step) {
    rel.appendStep(makeAbbrevStep(dslash.value));
    rel.appendStep(step);
    return rel;
}
stack:
  ->  [ModuleLogger.js:98] trace("source after: function makeLocationExpr7(rel, dslash, step) {\n    rel.appendStep(makeAbbrevStep(dslash.value));\n    rel.appendStep(step);\n    return rel;\n}")
  ->  [CallbackManager.js:431] processGlobalFunctions([object Object])
  ->  [CallbackManager.js:70] processCallbacks([object HTMLDocument])
  ->  [HandlePage.js:63] onHandlePage([object XPCWrappedNative_NoHelper],[object HTMLDocument])
  ->  [CoreEvents.js:293] fireEvent("HANDLE_PAGE",[object Array])
  ->  [CoreEvents.js:234] fire("PARSE_COMPLETE",[object XPCWrappedNative_NoHelper],[object HTMLDocument])
  ->  [aptEventHandler.js:337] observe([object XPCWrappedNative_NoHelper],"jaxerEvent.HTMLParseComplete",null)
paths:
  -> file:///E:/Aptana%20Jaxer%20Apache/Jaxer/Apache2-4Build/jaxer/framework/src/ModuleLogger.js
  -> file:///E:/Aptana%20Jaxer%20Apache/Jaxer/Apache2-4Build/jaxer/framework/src/CallbackManager.js
  -> file:///E:/Aptana%20Jaxer%20Apache/Jaxer/Apache2-4Build/jaxer/framework/src/HandlePage.js
  -> file:///E:/Aptana%20Jaxer%20Apache/Jaxer/Apache2-4Build/jaxer/framework/src/CoreEvents.js
  -> file:///E:/Aptana%20Jaxer%20Apache/Jaxer/Apache2-4Build/jaxer/components/aptEventHandler.js

01:10:22 12/24/2025 [ 32928] [DEBUG] [JS Framework] [CallbackManager.processGlobalFunctions] Processing global function 'makeLocationExpr7' with runat=server, proxy=false, effectiveRunat=server
stack:
  ->  [ModuleLogger.js:98] debug("Processing global function 'makeLocationExpr7' with runat=server, proxy=false, effectiveRunat=server")
  ->  [CallbackManager.js:452] processGlobalFunctions([object Object])
  ->  [CallbackManager.js:70] processCallbacks([object HTMLDocument])
  ->  [HandlePage.js:63] onHandlePage([object XPCWrappedNative_NoHelper],[object HTMLDocument])
  ->  [CoreEvents.js:293] fireEvent("HANDLE_PAGE",[object Array])
  ->  [CoreEvents.js:234] fire("PARSE_COMPLETE",[object XPCWrappedNative_NoHelper],[object HTMLDocument])
  ->  [aptEventHandler.js:337] observe([object XPCWrappedNative_NoHelper],"jaxerEvent.HTMLParseComplete",null)
paths:
  -> file:///E:/Aptana%20Jaxer%20Apache/Jaxer/Apache2-4Build/jaxer/framework/src/ModuleLogger.js
  -> file:///E:/Aptana%20Jaxer%20Apache/Jaxer/Apache2-4Build/jaxer/framework/src/CallbackManager.js
  -> file:///E:/Aptana%20Jaxer%20Apache/Jaxer/Apache2-4Build/jaxer/framework/src/HandlePage.js
  -> file:///E:/Aptana%20Jaxer%20Apache/Jaxer/Apache2-4Build/jaxer/framework/src/CoreEvents.js
  -> file:///E:/Aptana%20Jaxer%20Apache/Jaxer/Apache2-4Build/jaxer/components/aptEventHandler.js

01:10:22 12/24/2025 [ 32928] [TRACE] [JS Framework] [CallbackManager.processGlobalFunctions] For runatFunctions member makeStepExpr1: handledInScripts.hasOwnProperty=false; typeof candidate: function
stack:
  ->  [ModuleLogger.js:98] trace("For runatFunctions member makeStepExpr1: handledInScripts.hasOwnProperty=false; typeof candidate: function")
  ->  [CallbackManager.js:410] processGlobalFunctions([object Object])
  ->  [CallbackManager.js:70] processCallbacks([object HTMLDocument])
  ->  [HandlePage.js:63] onHandlePage([object XPCWrappedNative_NoHelper],[object HTMLDocument])
  ->  [CoreEvents.js:293] fireEvent("HANDLE_PAGE",[object Array])
  ->  [CoreEvents.js:234] fire("PARSE_COMPLETE",[object XPCWrappedNative_NoHelper],[object HTMLDocument])
  ->  [aptEventHandler.js:337] observe([object XPCWrappedNative_NoHelper],"jaxerEvent.HTMLParseComplete",null)
paths:
  -> file:///E:/Aptana%20Jaxer%20Apache/Jaxer/Apache2-4Build/jaxer/framework/src/ModuleLogger.js
  -> file:///E:/Aptana%20Jaxer%20Apache/Jaxer/Apache2-4Build/jaxer/framework/src/CallbackManager.js
  -> file:///E:/Aptana%20Jaxer%20Apache/Jaxer/Apache2-4Build/jaxer/framework/src/HandlePage.js
  -> file:///E:/Aptana%20Jaxer%20Apache/Jaxer/Apache2-4Build/jaxer/framework/src/CoreEvents.js
  -> file:///E:/Aptana%20Jaxer%20Apache/Jaxer/Apache2-4Build/jaxer/components/aptEventHandler.js

01:10:22 12/24/2025 [ 32928] [TRACE] [JS Framework] [CallbackManager.processGlobalFunctions] source before: function makeStepExpr1(dot) {
    return makeAbbrevStep(dot.value);
}
stack:
  ->  [ModuleLogger.js:98] trace("source before: function makeStepExpr1(dot) {\n    return makeAbbrevStep(dot.value);\n}")
  ->  [CallbackManager.js:422] processGlobalFunctions([object Object])
  ->  [CallbackManager.js:70] processCallbacks([object HTMLDocument])
  ->  [HandlePage.js:63] onHandlePage([object XPCWrappedNative_NoHelper],[object HTMLDocument])
  ->  [CoreEvents.js:293] fireEvent("HANDLE_PAGE",[object Array])
  ->  [CoreEvents.js:234] fire("PARSE_COMPLETE",[object XPCWrappedNative_NoHelper],[object HTMLDocument])
  ->  [aptEventHandler.js:337] observe([object XPCWrappedNative_NoHelper],"jaxerEvent.HTMLParseComplete",null)
paths:
  -> file:///E:/Aptana%20Jaxer%20Apache/Jaxer/Apache2-4Build/jaxer/framework/src/ModuleLogger.js
  -> file:///E:/Aptana%20Jaxer%20Apache/Jaxer/Apache2-4Build/jaxer/framework/src/CallbackManager.js
  -> file:///E:/Aptana%20Jaxer%20Apache/Jaxer/Apache2-4Build/jaxer/framework/src/HandlePage.js
  -> file:///E:/Aptana%20Jaxer%20Apache/Jaxer/Apache2-4Build/jaxer/framework/src/CoreEvents.js
  -> file:///E:/Aptana%20Jaxer%20Apache/Jaxer/Apache2-4Build/jaxer/components/aptEventHandler.js

01:10:22 12/24/2025 [ 32928] [TRACE] [JS Framework] [CallbackManager.processGlobalFunctions] source after: function makeStepExpr1(dot) {
    return makeAbbrevStep(dot.value);
}
stack:
  ->  [ModuleLogger.js:98] trace("source after: function makeStepExpr1(dot) {\n    return makeAbbrevStep(dot.value);\n}")
  ->  [CallbackManager.js:431] processGlobalFunctions([object Object])
  ->  [CallbackManager.js:70] processCallbacks([object HTMLDocument])
  ->  [HandlePage.js:63] onHandlePage([object XPCWrappedNative_NoHelper],[object HTMLDocument])
  ->  [CoreEvents.js:293] fireEvent("HANDLE_PAGE",[object Array])
  ->  [CoreEvents.js:234] fire("PARSE_COMPLETE",[object XPCWrappedNative_NoHelper],[object HTMLDocument])
  ->  [aptEventHandler.js:337] observe([object XPCWrappedNative_NoHelper],"jaxerEvent.HTMLParseComplete",null)
paths:
  -> file:///E:/Aptana%20Jaxer%20Apache/Jaxer/Apache2-4Build/jaxer/framework/src/ModuleLogger.js
  -> file:///E:/Aptana%20Jaxer%20Apache/Jaxer/Apache2-4Build/jaxer/framework/src/CallbackManager.js
  -> file:///E:/Aptana%20Jaxer%20Apache/Jaxer/Apache2-4Build/jaxer/framework/src/HandlePage.js
  -> file:///E:/Aptana%20Jaxer%20Apache/Jaxer/Apache2-4Build/jaxer/framework/src/CoreEvents.js
  -> file:///E:/Aptana%20Jaxer%20Apache/Jaxer/Apache2-4Build/jaxer/components/aptEventHandler.js

01:10:22 12/24/2025 [ 32928] [DEBUG] [JS Framework] [CallbackManager.processGlobalFunctions] Processing global function 'makeStepExpr1' with runat=server, proxy=false, effectiveRunat=server
stack:
  ->  [ModuleLogger.js:98] debug("Processing global function 'makeStepExpr1' with runat=server, proxy=false, effectiveRunat=server")
  ->  [CallbackManager.js:452] processGlobalFunctions([object Object])
  ->  [CallbackManager.js:70] processCallbacks([object HTMLDocument])
  ->  [HandlePage.js:63] onHandlePage([object XPCWrappedNative_NoHelper],[object HTMLDocument])
  ->  [CoreEvents.js:293] fireEvent("HANDLE_PAGE",[object Array])
  ->  [CoreEvents.js:234] fire("PARSE_COMPLETE",[object XPCWrappedNative_NoHelper],[object HTMLDocument])
  ->  [aptEventHandler.js:337] observe([object XPCWrappedNative_NoHelper],"jaxerEvent.HTMLParseComplete",null)
paths:
  -> file:///E:/Aptana%20Jaxer%20Apache/Jaxer/Apache2-4Build/jaxer/framework/src/ModuleLogger.js
  -> file:///E:/Aptana%20Jaxer%20Apache/Jaxer/Apache2-4Build/jaxer/framework/src/CallbackManager.js
  -> file:///E:/Aptana%20Jaxer%20Apache/Jaxer/Apache2-4Build/jaxer/framework/src/HandlePage.js
  -> file:///E:/Aptana%20Jaxer%20Apache/Jaxer/Apache2-4Build/jaxer/framework/src/CoreEvents.js
  -> file:///E:/Aptana%20Jaxer%20Apache/Jaxer/Apache2-4Build/jaxer/components/aptEventHandler.js

01:10:22 12/24/2025 [ 32928] [TRACE] [JS Framework] [CallbackManager.processGlobalFunctions] For runatFunctions member makeStepExpr2: handledInScripts.hasOwnProperty=false; typeof candidate: function
stack:
  ->  [ModuleLogger.js:98] trace("For runatFunctions member makeStepExpr2: handledInScripts.hasOwnProperty=false; typeof candidate: function")
  ->  [CallbackManager.js:410] processGlobalFunctions([object Object])
  ->  [CallbackManager.js:70] processCallbacks([object HTMLDocument])
  ->  [HandlePage.js:63] onHandlePage([object XPCWrappedNative_NoHelper],[object HTMLDocument])
  ->  [CoreEvents.js:293] fireEvent("HANDLE_PAGE",[object Array])
  ->  [CoreEvents.js:234] fire("PARSE_COMPLETE",[object XPCWrappedNative_NoHelper],[object HTMLDocument])
  ->  [aptEventHandler.js:337] observe([object XPCWrappedNative_NoHelper],"jaxerEvent.HTMLParseComplete",null)
paths:
  -> file:///E:/Aptana%20Jaxer%20Apache/Jaxer/Apache2-4Build/jaxer/framework/src/ModuleLogger.js
  -> file:///E:/Aptana%20Jaxer%20Apache/Jaxer/Apache2-4Build/jaxer/framework/src/CallbackManager.js
  -> file:///E:/Aptana%20Jaxer%20Apache/Jaxer/Apache2-4Build/jaxer/framework/src/HandlePage.js
  -> file:///E:/Aptana%20Jaxer%20Apache/Jaxer/Apache2-4Build/jaxer/framework/src/CoreEvents.js
  -> file:///E:/Aptana%20Jaxer%20Apache/Jaxer/Apache2-4Build/jaxer/components/aptEventHandler.js

01:10:22 12/24/2025 [ 32928] [TRACE] [JS Framework] [CallbackManager.processGlobalFunctions] source before: function makeStepExpr2(ddot) {
    return makeAbbrevStep(ddot.value);
}
stack:
  ->  [ModuleLogger.js:98] trace("source before: function makeStepExpr2(ddot) {\n    return makeAbbrevStep(ddot.value);\n}")
  ->  [CallbackManager.js:422] processGlobalFunctions([object Object])
  ->  [CallbackManager.js:70] processCallbacks([object HTMLDocument])
  ->  [HandlePage.js:63] onHandlePage([object XPCWrappedNative_NoHelper],[object HTMLDocument])
  ->  [CoreEvents.js:293] fireEvent("HANDLE_PAGE",[object Array])
  ->  [CoreEvents.js:234] fire("PARSE_COMPLETE",[object XPCWrappedNative_NoHelper],[object HTMLDocument])
  ->  [aptEventHandler.js:337] observe([object XPCWrappedNative_NoHelper],"jaxerEvent.HTMLParseComplete",null)
paths:
  -> file:///E:/Aptana%20Jaxer%20Apache/Jaxer/Apache2-4Build/jaxer/framework/src/ModuleLogger.js
  -> file:///E:/Aptana%20Jaxer%20Apache/Jaxer/Apache2-4Build/jaxer/framework/src/CallbackManager.js
  -> file:///E:/Aptana%20Jaxer%20Apache/Jaxer/Apache2-4Build/jaxer/framework/src/HandlePage.js
  -> file:///E:/Aptana%20Jaxer%20Apache/Jaxer/Apache2-4Build/jaxer/framework/src/CoreEvents.js
  -> file:///E:/Aptana%20Jaxer%20Apache/Jaxer/Apache2-4Build/jaxer/components/aptEventHandler.js

01:10:22 12/24/2025 [ 32928] [TRACE] [JS Framework] [CallbackManager.processGlobalFunctions] source after: function makeStepExpr2(ddot) {
    return makeAbbrevStep(ddot.value);
}
stack:
  ->  [ModuleLogger.js:98] trace("source after: function makeStepExpr2(ddot) {\n    return makeAbbrevStep(ddot.value);\n}")
  ->  [CallbackManager.js:431] processGlobalFunctions([object Object])
  ->  [CallbackManager.js:70] processCallbacks([object HTMLDocument])
  ->  [HandlePage.js:63] onHandlePage([object XPCWrappedNative_NoHelper],[object HTMLDocument])
  ->  [CoreEvents.js:293] fireEvent("HANDLE_PAGE",[object Array])
  ->  [CoreEvents.js:234] fire("PARSE_COMPLETE",[object XPCWrappedNative_NoHelper],[object HTMLDocument])
  ->  [aptEventHandler.js:337] observe([object XPCWrappedNative_NoHelper],"jaxerEvent.HTMLParseComplete",null)
paths:
  -> file:///E:/Aptana%20Jaxer%20Apache/Jaxer/Apache2-4Build/jaxer/framework/src/ModuleLogger.js
  -> file:///E:/Aptana%20Jaxer%20Apache/Jaxer/Apache2-4Build/jaxer/framework/src/CallbackManager.js
  -> file:///E:/Aptana%20Jaxer%20Apache/Jaxer/Apache2-4Build/jaxer/framework/src/HandlePage.js
  -> file:///E:/Aptana%20Jaxer%20Apache/Jaxer/Apache2-4Build/jaxer/framework/src/CoreEvents.js
  -> file:///E:/Aptana%20Jaxer%20Apache/Jaxer/Apache2-4Build/jaxer/components/aptEventHandler.js

01:10:22 12/24/2025 [ 32928] [DEBUG] [JS Framework] [CallbackManager.processGlobalFunctions] Processing global function 'makeStepExpr2' with runat=server, proxy=false, effectiveRunat=server
stack:
  ->  [ModuleLogger.js:98] debug("Processing global function 'makeStepExpr2' with runat=server, proxy=false, effectiveRunat=server")
  ->  [CallbackManager.js:452] processGlobalFunctions([object Object])
  ->  [CallbackManager.js:70] processCallbacks([object HTMLDocument])
  ->  [HandlePage.js:63] onHandlePage([object XPCWrappedNative_NoHelper],[object HTMLDocument])
  ->  [CoreEvents.js:293] fireEvent("HANDLE_PAGE",[object Array])
  ->  [CoreEvents.js:234] fire("PARSE_COMPLETE",[object XPCWrappedNative_NoHelper],[object HTMLDocument])
  ->  [aptEventHandler.js:337] observe([object XPCWrappedNative_NoHelper],"jaxerEvent.HTMLParseComplete",null)
paths:
  -> file:///E:/Aptana%20Jaxer%20Apache/Jaxer/Apache2-4Build/jaxer/framework/src/ModuleLogger.js
  -> file:///E:/Aptana%20Jaxer%20Apache/Jaxer/Apache2-4Build/jaxer/framework/src/CallbackManager.js
  -> file:///E:/Aptana%20Jaxer%20Apache/Jaxer/Apache2-4Build/jaxer/framework/src/HandlePage.js
  -> file:///E:/Aptana%20Jaxer%20Apache/Jaxer/Apache2-4Build/jaxer/framework/src/CoreEvents.js
  -> file:///E:/Aptana%20Jaxer%20Apache/Jaxer/Apache2-4Build/jaxer/components/aptEventHandler.js

01:10:22 12/24/2025 [ 32928] [TRACE] [JS Framework] [CallbackManager.processGlobalFunctions] For runatFunctions member makeStepExpr3: handledInScripts.hasOwnProperty=false; typeof candidate: function
stack:
  ->  [ModuleLogger.js:98] trace("For runatFunctions member makeStepExpr3: handledInScripts.hasOwnProperty=false; typeof candidate: function")
  ->  [CallbackManager.js:410] processGlobalFunctions([object Object])
  ->  [CallbackManager.js:70] processCallbacks([object HTMLDocument])
  ->  [HandlePage.js:63] onHandlePage([object XPCWrappedNative_NoHelper],[object HTMLDocument])
  ->  [CoreEvents.js:293] fireEvent("HANDLE_PAGE",[object Array])
  ->  [CoreEvents.js:234] fire("PARSE_COMPLETE",[object XPCWrappedNative_NoHelper],[object HTMLDocument])
  ->  [aptEventHandler.js:337] observe([object XPCWrappedNative_NoHelper],"jaxerEvent.HTMLParseComplete",null)
paths:
  -> file:///E:/Aptana%20Jaxer%20Apache/Jaxer/Apache2-4Build/jaxer/framework/src/ModuleLogger.js
  -> file:///E:/Aptana%20Jaxer%20Apache/Jaxer/Apache2-4Build/jaxer/framework/src/CallbackManager.js
  -> file:///E:/Aptana%20Jaxer%20Apache/Jaxer/Apache2-4Build/jaxer/framework/src/HandlePage.js
  -> file:///E:/Aptana%20Jaxer%20Apache/Jaxer/Apache2-4Build/jaxer/framework/src/CoreEvents.js
  -> file:///E:/Aptana%20Jaxer%20Apache/Jaxer/Apache2-4Build/jaxer/components/aptEventHandler.js

01:10:22 12/24/2025 [ 32928] [TRACE] [JS Framework] [CallbackManager.processGlobalFunctions] source before: function makeStepExpr3(axisname, axis, nodetest) {
    return new StepExpr(axisname.value, nodetest);
}
stack:
  ->  [ModuleLogger.js:98] trace("source before: function makeStepExpr3(axisname, axis, nodetest) {\n    return new StepExpr(axisname.value, nodetest);\n}")
  ->  [CallbackManager.js:422] processGlobalFunctions([object Object])
  ->  [CallbackManager.js:70] processCallbacks([object HTMLDocument])
  ->  [HandlePage.js:63] onHandlePage([object XPCWrappedNative_NoHelper],[object HTMLDocument])
  ->  [CoreEvents.js:293] fireEvent("HANDLE_PAGE",[object Array])
  ->  [CoreEvents.js:234] fire("PARSE_COMPLETE",[object XPCWrappedNative_NoHelper],[object HTMLDocument])
  ->  [aptEventHandler.js:337] observe([object XPCWrappedNative_NoHelper],"jaxerEvent.HTMLParseComplete",null)
paths:
  -> file:///E:/Aptana%20Jaxer%20Apache/Jaxer/Apache2-4Build/jaxer/framework/src/ModuleLogger.js
  -> file:///E:/Aptana%20Jaxer%20Apache/Jaxer/Apache2-4Build/jaxer/framework/src/CallbackManager.js
  -> file:///E:/Aptana%20Jaxer%20Apache/Jaxer/Apache2-4Build/jaxer/framework/src/HandlePage.js
  -> file:///E:/Aptana%20Jaxer%20Apache/Jaxer/Apache2-4Build/jaxer/framework/src/CoreEvents.js
  -> file:///E:/Aptana%20Jaxer%20Apache/Jaxer/Apache2-4Build/jaxer/components/aptEventHandler.js

01:10:22 12/24/2025 [ 32928] [TRACE] [JS Framework] [CallbackManager.processGlobalFunctions] source after: function makeStepExpr3(axisname, axis, nodetest) {
    return new StepExpr(axisname.value, nodetest);
}
stack:
  ->  [ModuleLogger.js:98] trace("source after: function makeStepExpr3(axisname, axis, nodetest) {\n    return new StepExpr(axisname.value, nodetest);\n}")
  ->  [CallbackManager.js:431] processGlobalFunctions([object Object])
  ->  [CallbackManager.js:70] processCallbacks([object HTMLDocument])
  ->  [HandlePage.js:63] onHandlePage([object XPCWrappedNative_NoHelper],[object HTMLDocument])
  ->  [CoreEvents.js:293] fireEvent("HANDLE_PAGE",[object Array])
  ->  [CoreEvents.js:234] fire("PARSE_COMPLETE",[object XPCWrappedNative_NoHelper],[object HTMLDocument])
  ->  [aptEventHandler.js:337] observe([object XPCWrappedNative_NoHelper],"jaxerEvent.HTMLParseComplete",null)
paths:
  -> file:///E:/Aptana%20Jaxer%20Apache/Jaxer/Apache2-4Build/jaxer/framework/src/ModuleLogger.js
  -> file:///E:/Aptana%20Jaxer%20Apache/Jaxer/Apache2-4Build/jaxer/framework/src/CallbackManager.js
  -> file:///E:/Aptana%20Jaxer%20Apache/Jaxer/Apache2-4Build/jaxer/framework/src/HandlePage.js
  -> file:///E:/Aptana%20Jaxer%20Apache/Jaxer/Apache2-4Build/jaxer/framework/src/CoreEvents.js
  -> file:///E:/Aptana%20Jaxer%20Apache/Jaxer/Apache2-4Build/jaxer/components/aptEventHandler.js

01:10:22 12/24/2025 [ 32928] [DEBUG] [JS Framework] [CallbackManager.processGlobalFunctions] Processing global function 'makeStepExpr3' with runat=server, proxy=false, effectiveRunat=server
stack:
  ->  [ModuleLogger.js:98] debug("Processing global function 'makeStepExpr3' with runat=server, proxy=false, effectiveRunat=server")
  ->  [CallbackManager.js:452] processGlobalFunctions([object Object])
  ->  [CallbackManager.js:70] processCallbacks([object HTMLDocument])
  ->  [HandlePage.js:63] onHandlePage([object XPCWrappedNative_NoHelper],[object HTMLDocument])
  ->  [CoreEvents.js:293] fireEvent("HANDLE_PAGE",[object Array])
  ->  [CoreEvents.js:234] fire("PARSE_COMPLETE",[object XPCWrappedNative_NoHelper],[object HTMLDocument])
  ->  [aptEventHandler.js:337] observe([object XPCWrappedNative_NoHelper],"jaxerEvent.HTMLParseComplete",null)
paths:
  -> file:///E:/Aptana%20Jaxer%20Apache/Jaxer/Apache2-4Build/jaxer/framework/src/ModuleLogger.js
  -> file:///E:/Aptana%20Jaxer%20Apache/Jaxer/Apache2-4Build/jaxer/framework/src/CallbackManager.js
  -> file:///E:/Aptana%20Jaxer%20Apache/Jaxer/Apache2-4Build/jaxer/framework/src/HandlePage.js
  -> file:///E:/Aptana%20Jaxer%20Apache/Jaxer/Apache2-4Build/jaxer/framework/src/CoreEvents.js
  -> file:///E:/Aptana%20Jaxer%20Apache/Jaxer/Apache2-4Build/jaxer/components/aptEventHandler.js

01:10:22 12/24/2025 [ 32928] [TRACE] [JS Framework] [CallbackManager.processGlobalFunctions] For runatFunctions member makeStepExpr4: handledInScripts.hasOwnProperty=false; typeof candidate: function
stack:
  ->  [ModuleLogger.js:98] trace("For runatFunctions member makeStepExpr4: handledInScripts.hasOwnProperty=false; typeof candidate: function")
  ->  [CallbackManager.js:410] processGlobalFunctions([object Object])
  ->  [CallbackManager.js:70] processCallbacks([object HTMLDocument])
  ->  [HandlePage.js:63] onHandlePage([object XPCWrappedNative_NoHelper],[object HTMLDocument])
  ->  [CoreEvents.js:293] fireEvent("HANDLE_PAGE",[object Array])
  ->  [CoreEvents.js:234] fire("PARSE_COMPLETE",[object XPCWrappedNative_NoHelper],[object HTMLDocument])
  ->  [aptEventHandler.js:337] observe([object XPCWrappedNative_NoHelper],"jaxerEvent.HTMLParseComplete",null)
paths:
  -> file:///E:/Aptana%20Jaxer%20Apache/Jaxer/Apache2-4Build/jaxer/framework/src/ModuleLogger.js
  -> file:///E:/Aptana%20Jaxer%20Apache/Jaxer/Apache2-4Build/jaxer/framework/src/CallbackManager.js
  -> file:///E:/Aptana%20Jaxer%20Apache/Jaxer/Apache2-4Build/jaxer/framework/src/HandlePage.js
  -> file:///E:/Aptana%20Jaxer%20Apache/Jaxer/Apache2-4Build/jaxer/framework/src/CoreEvents.js
  -> file:///E:/Aptana%20Jaxer%20Apache/Jaxer/Apache2-4Build/jaxer/components/aptEventHandler.js

01:10:22 12/24/2025 [ 32928] [TRACE] [JS Framework] [CallbackManager.processGlobalFunctions] source before: function makeStepExpr4(at, nodetest) {
    return new StepExpr("attribute", nodetest);
}
stack:
  ->  [ModuleLogger.js:98] trace("source before: function makeStepExpr4(at, nodetest) {\n    return new StepExpr(\"attribute\", nodetest);\n}")
  ->  [CallbackManager.js:422] processGlobalFunctions([object Object])
  ->  [CallbackManager.js:70] processCallbacks([object HTMLDocument])
  ->  [HandlePage.js:63] onHandlePage([object XPCWrappedNative_NoHelper],[object HTMLDocument])
  ->  [CoreEvents.js:293] fireEvent("HANDLE_PAGE",[object Array])
  ->  [CoreEvents.js:234] fire("PARSE_COMPLETE",[object XPCWrappedNative_NoHelper],[object HTMLDocument])
  ->  [aptEventHandler.js:337] observe([object XPCWrappedNative_NoHelper],"jaxerEvent.HTMLParseComplete",null)
paths:
  -> file:///E:/Aptana%20Jaxer%20Apache/Jaxer/Apache2-4Build/jaxer/framework/src/ModuleLogger.js
  -> file:///E:/Aptana%20Jaxer%20Apache/Jaxer/Apache2-4Build/jaxer/framework/src/CallbackManager.js
  -> file:///E:/Aptana%20Jaxer%20Apache/Jaxer/Apache2-4Build/jaxer/framework/src/HandlePage.js
  -> file:///E:/Aptana%20Jaxer%20Apache/Jaxer/Apache2-4Build/jaxer/framework/src/CoreEvents.js
  -> file:///E:/Aptana%20Jaxer%20Apache/Jaxer/Apache2-4Build/jaxer/components/aptEventHandler.js

01:10:22 12/24/2025 [ 32928] [TRACE] [JS Framework] [CallbackManager.processGlobalFunctions] source after: function makeStepExpr4(at, nodetest) {
    return new StepExpr("attribute", nodetest);
}
stack:
  ->  [ModuleLogger.js:98] trace("source after: function makeStepExpr4(at, nodetest) {\n    return new StepExpr(\"attribute\", nodetest);\n}")
  ->  [CallbackManager.js:431] processGlobalFunctions([object Object])
  ->  [CallbackManager.js:70] processCallbacks([object HTMLDocument])
  ->  [HandlePage.js:63] onHandlePage([object XPCWrappedNative_NoHelper],[object HTMLDocument])
  ->  [CoreEvents.js:293] fireEvent("HANDLE_PAGE",[object Array])
  ->  [CoreEvents.js:234] fire("PARSE_COMPLETE",[object XPCWrappedNative_NoHelper],[object HTMLDocument])
  ->  [aptEventHandler.js:337] observe([object XPCWrappedNative_NoHelper],"jaxerEvent.HTMLParseComplete",null)
paths:
  -> file:///E:/Aptana%20Jaxer%20Apache/Jaxer/Apache2-4Build/jaxer/framework/src/ModuleLogger.js
  -> file:///E:/Aptana%20Jaxer%20Apache/Jaxer/Apache2-4Build/jaxer/framework/src/CallbackManager.js
  -> file:///E:/Aptana%20Jaxer%20Apache/Jaxer/Apache2-4Build/jaxer/framework/src/HandlePage.js
  -> file:///E:/Aptana%20Jaxer%20Apache/Jaxer/Apache2-4Build/jaxer/framework/src/CoreEvents.js
  -> file:///E:/Aptana%20Jaxer%20Apache/Jaxer/Apache2-4Build/jaxer/components/aptEventHandler.js

01:10:22 12/24/2025 [ 32928] [DEBUG] [JS Framework] [CallbackManager.processGlobalFunctions] Processing global function 'makeStepExpr4' with runat=server, proxy=false, effectiveRunat=server
stack:
  ->  [ModuleLogger.js:98] debug("Processing global function 'makeStepExpr4' with runat=server, proxy=false, effectiveRunat=server")
  ->  [CallbackManager.js:452] processGlobalFunctions([object Object])
  ->  [CallbackManager.js:70] processCallbacks([object HTMLDocument])
  ->  [HandlePage.js:63] onHandlePage([object XPCWrappedNative_NoHelper],[object HTMLDocument])
  ->  [CoreEvents.js:293] fireEvent("HANDLE_PAGE",[object Array])
  ->  [CoreEvents.js:234] fire("PARSE_COMPLETE",[object XPCWrappedNative_NoHelper],[object HTMLDocument])
  ->  [aptEventHandler.js:337] observe([object XPCWrappedNative_NoHelper],"jaxerEvent.HTMLParseComplete",null)
paths:
  -> file:///E:/Aptana%20Jaxer%20Apache/Jaxer/Apache2-4Build/jaxer/framework/src/ModuleLogger.js
  -> file:///E:/Aptana%20Jaxer%20Apache/Jaxer/Apache2-4Build/jaxer/framework/src/CallbackManager.js
  -> file:///E:/Aptana%20Jaxer%20Apache/Jaxer/Apache2-4Build/jaxer/framework/src/HandlePage.js
  -> file:///E:/Aptana%20Jaxer%20Apache/Jaxer/Apache2-4Build/jaxer/framework/src/CoreEvents.js
  -> file:///E:/Aptana%20Jaxer%20Apache/Jaxer/Apache2-4Build/jaxer/components/aptEventHandler.js

01:10:22 12/24/2025 [ 32928] [TRACE] [JS Framework] [CallbackManager.processGlobalFunctions] For runatFunctions member makeStepExpr5: handledInScripts.hasOwnProperty=false; typeof candidate: function
stack:
  ->  [ModuleLogger.js:98] trace("For runatFunctions member makeStepExpr5: handledInScripts.hasOwnProperty=false; typeof candidate: function")
  ->  [CallbackManager.js:410] processGlobalFunctions([object Object])
  ->  [CallbackManager.js:70] processCallbacks([object HTMLDocument])
  ->  [HandlePage.js:63] onHandlePage([object XPCWrappedNative_NoHelper],[object HTMLDocument])
  ->  [CoreEvents.js:293] fireEvent("HANDLE_PAGE",[object Array])
  ->  [CoreEvents.js:234] fire("PARSE_COMPLETE",[object XPCWrappedNative_NoHelper],[object HTMLDocument])
  ->  [aptEventHandler.js:337] observe([object XPCWrappedNative_NoHelper],"jaxerEvent.HTMLParseComplete",null)
paths:
  -> file:///E:/Aptana%20Jaxer%20Apache/Jaxer/Apache2-4Build/jaxer/framework/src/ModuleLogger.js
  -> file:///E:/Aptana%20Jaxer%20Apache/Jaxer/Apache2-4Build/jaxer/framework/src/CallbackManager.js
  -> file:///E:/Aptana%20Jaxer%20Apache/Jaxer/Apache2-4Build/jaxer/framework/src/HandlePage.js
  -> file:///E:/Aptana%20Jaxer%20Apache/Jaxer/Apache2-4Build/jaxer/framework/src/CoreEvents.js
  -> file:///E:/Aptana%20Jaxer%20Apache/Jaxer/Apache2-4Build/jaxer/components/aptEventHandler.js

01:10:22 12/24/2025 [ 32928] [TRACE] [JS Framework] [CallbackManager.processGlobalFunctions] source before: function makeStepExpr5(nodetest) {
    return new StepExpr("child", nodetest);
}
stack:
  ->  [ModuleLogger.js:98] trace("source before: function makeStepExpr5(nodetest) {\n    return new StepExpr(\"child\", nodetest);\n}")
  ->  [CallbackManager.js:422] processGlobalFunctions([object Object])
  ->  [CallbackManager.js:70] processCallbacks([object HTMLDocument])
  ->  [HandlePage.js:63] onHandlePage([object XPCWrappedNative_NoHelper],[object HTMLDocument])
  ->  [CoreEvents.js:293] fireEvent("HANDLE_PAGE",[object Array])
  ->  [CoreEvents.js:234] fire("PARSE_COMPLETE",[object XPCWrappedNative_NoHelper],[object HTMLDocument])
  ->  [aptEventHandler.js:337] observe([object XPCWrappedNative_NoHelper],"jaxerEvent.HTMLParseComplete",null)
paths:
  -> file:///E:/Aptana%20Jaxer%20Apache/Jaxer/Apache2-4Build/jaxer/framework/src/ModuleLogger.js
  -> file:///E:/Aptana%20Jaxer%20Apache/Jaxer/Apache2-4Build/jaxer/framework/src/CallbackManager.js
  -> file:///E:/Aptana%20Jaxer%20Apache/Jaxer/Apache2-4Build/jaxer/framework/src/HandlePage.js
  -> file:///E:/Aptana%20Jaxer%20Apache/Jaxer/Apache2-4Build/jaxer/framework/src/CoreEvents.js
  -> file:///E:/Aptana%20Jaxer%20Apache/Jaxer/Apache2-4Build/jaxer/components/aptEventHandler.js

01:10:22 12/24/2025 [ 32928] [TRACE] [JS Framework] [CallbackManager.processGlobalFunctions] source after: function makeStepExpr5(nodetest) {
    return new StepExpr("child", nodetest);
}
stack:
  ->  [ModuleLogger.js:98] trace("source after: function makeStepExpr5(nodetest) {\n    return new StepExpr(\"child\", nodetest);\n}")
  ->  [CallbackManager.js:431] processGlobalFunctions([object Object])
  ->  [CallbackManager.js:70] processCallbacks([object HTMLDocument])
  ->  [HandlePage.js:63] onHandlePage([object XPCWrappedNative_NoHelper],[object HTMLDocument])
  ->  [CoreEvents.js:293] fireEvent("HANDLE_PAGE",[object Array])
  ->  [CoreEvents.js:234] fire("PARSE_COMPLETE",[object XPCWrappedNative_NoHelper],[object HTMLDocument])
  ->  [aptEventHandler.js:337] observe([object XPCWrappedNative_NoHelper],"jaxerEvent.HTMLParseComplete",null)
paths:
  -> file:///E:/Aptana%20Jaxer%20Apache/Jaxer/Apache2-4Build/jaxer/framework/src/ModuleLogger.js
  -> file:///E:/Aptana%20Jaxer%20Apache/Jaxer/Apache2-4Build/jaxer/framework/src/CallbackManager.js
  -> file:///E:/Aptana%20Jaxer%20Apache/Jaxer/Apache2-4Build/jaxer/framework/src/HandlePage.js
  -> file:///E:/Aptana%20Jaxer%20Apache/Jaxer/Apache2-4Build/jaxer/framework/src/CoreEvents.js
  -> file:///E:/Aptana%20Jaxer%20Apache/Jaxer/Apache2-4Build/jaxer/components/aptEventHandler.js

01:10:22 12/24/2025 [ 32928] [DEBUG] [JS Framework] [CallbackManager.processGlobalFunctions] Processing global function 'makeStepExpr5' with runat=server, proxy=false, effectiveRunat=server
stack:
  ->  [ModuleLogger.js:98] debug("Processing global function 'makeStepExpr5' with runat=server, proxy=false, effectiveRunat=server")
  ->  [CallbackManager.js:452] processGlobalFunctions([object Object])
  ->  [CallbackManager.js:70] processCallbacks([object HTMLDocument])
  ->  [HandlePage.js:63] onHandlePage([object XPCWrappedNative_NoHelper],[object HTMLDocument])
  ->  [CoreEvents.js:293] fireEvent("HANDLE_PAGE",[object Array])
  ->  [CoreEvents.js:234] fire("PARSE_COMPLETE",[object XPCWrappedNative_NoHelper],[object HTMLDocument])
  ->  [aptEventHandler.js:337] observe([object XPCWrappedNative_NoHelper],"jaxerEvent.HTMLParseComplete",null)
paths:
  -> file:///E:/Aptana%20Jaxer%20Apache/Jaxer/Apache2-4Build/jaxer/framework/src/ModuleLogger.js
  -> file:///E:/Aptana%20Jaxer%20Apache/Jaxer/Apache2-4Build/jaxer/framework/src/CallbackManager.js
  -> file:///E:/Aptana%20Jaxer%20Apache/Jaxer/Apache2-4Build/jaxer/framework/src/HandlePage.js
  -> file:///E:/Aptana%20Jaxer%20Apache/Jaxer/Apache2-4Build/jaxer/framework/src/CoreEvents.js
  -> file:///E:/Aptana%20Jaxer%20Apache/Jaxer/Apache2-4Build/jaxer/components/aptEventHandler.js

01:10:22 12/24/2025 [ 32928] [TRACE] [JS Framework] [CallbackManager.processGlobalFunctions] For runatFunctions member makeStepExpr6: handledInScripts.hasOwnProperty=false; typeof candidate: function
stack:
  ->  [ModuleLogger.js:98] trace("For runatFunctions member makeStepExpr6: handledInScripts.hasOwnProperty=false; typeof candidate: function")
  ->  [CallbackManager.js:410] processGlobalFunctions([object Object])
  ->  [CallbackManager.js:70] processCallbacks([object HTMLDocument])
  ->  [HandlePage.js:63] onHandlePage([object XPCWrappedNative_NoHelper],[object HTMLDocument])
  ->  [CoreEvents.js:293] fireEvent("HANDLE_PAGE",[object Array])
  ->  [CoreEvents.js:234] fire("PARSE_COMPLETE",[object XPCWrappedNative_NoHelper],[object HTMLDocument])
  ->  [aptEventHandler.js:337] observe([object XPCWrappedNative_NoHelper],"jaxerEvent.HTMLParseComplete",null)
paths:
  -> file:///E:/Aptana%20Jaxer%20Apache/Jaxer/Apache2-4Build/jaxer/framework/src/ModuleLogger.js
  -> file:///E:/Aptana%20Jaxer%20Apache/Jaxer/Apache2-4Build/jaxer/framework/src/CallbackManager.js
  -> file:///E:/Aptana%20Jaxer%20Apache/Jaxer/Apache2-4Build/jaxer/framework/src/HandlePage.js
  -> file:///E:/Aptana%20Jaxer%20Apache/Jaxer/Apache2-4Build/jaxer/framework/src/CoreEvents.js
  -> file:///E:/Aptana%20Jaxer%20Apache/Jaxer/Apache2-4Build/jaxer/components/aptEventHandler.js

01:10:22 12/24/2025 [ 32928] [TRACE] [JS Framework] [CallbackManager.processGlobalFunctions] source before: function makeStepExpr6(step, predicate) {
    step.appendPredicate(predicate);
    return step;
}
stack:
  ->  [ModuleLogger.js:98] trace("source before: function makeStepExpr6(step, predicate) {\n    step.appendPredicate(predicate);\n    return step;\n}")
  ->  [CallbackManager.js:422] processGlobalFunctions([object Object])
  ->  [CallbackManager.js:70] processCallbacks([object HTMLDocument])
  ->  [HandlePage.js:63] onHandlePage([object XPCWrappedNative_NoHelper],[object HTMLDocument])
  ->  [CoreEvents.js:293] fireEvent("HANDLE_PAGE",[object Array])
  ->  [CoreEvents.js:234] fire("PARSE_COMPLETE",[object XPCWrappedNative_NoHelper],[object HTMLDocument])
  ->  [aptEventHandler.js:337] observe([object XPCWrappedNative_NoHelper],"jaxerEvent.HTMLParseComplete",null)
paths:
  -> file:///E:/Aptana%20Jaxer%20Apache/Jaxer/Apache2-4Build/jaxer/framework/src/ModuleLogger.js
  -> file:///E:/Aptana%20Jaxer%20Apache/Jaxer/Apache2-4Build/jaxer/framework/src/CallbackManager.js
  -> file:///E:/Aptana%20Jaxer%20Apache/Jaxer/Apache2-4Build/jaxer/framework/src/HandlePage.js
  -> file:///E:/Aptana%20Jaxer%20Apache/Jaxer/Apache2-4Build/jaxer/framework/src/CoreEvents.js
  -> file:///E:/Aptana%20Jaxer%20Apache/Jaxer/Apache2-4Build/jaxer/components/aptEventHandler.js

01:10:22 12/24/2025 [ 32928] [TRACE] [JS Framework] [CallbackManager.processGlobalFunctions] source after: function makeStepExpr6(step, predicate) {
    step.appendPredicate(predicate);
    return step;
}
stack:
  ->  [ModuleLogger.js:98] trace("source after: function makeStepExpr6(step, predicate) {\n    step.appendPredicate(predicate);\n    return step;\n}")
  ->  [CallbackManager.js:431] processGlobalFunctions([object Object])
  ->  [CallbackManager.js:70] processCallbacks([object HTMLDocument])
  ->  [HandlePage.js:63] onHandlePage([object XPCWrappedNative_NoHelper],[object HTMLDocument])
  ->  [CoreEvents.js:293] fireEvent("HANDLE_PAGE",[object Array])
  ->  [CoreEvents.js:234] fire("PARSE_COMPLETE",[object XPCWrappedNative_NoHelper],[object HTMLDocument])
  ->  [aptEventHandler.js:337] observe([object XPCWrappedNative_NoHelper],"jaxerEvent.HTMLParseComplete",null)
paths:
  -> file:///E:/Aptana%20Jaxer%20Apache/Jaxer/Apache2-4Build/jaxer/framework/src/ModuleLogger.js
  -> file:///E:/Aptana%20Jaxer%20Apache/Jaxer/Apache2-4Build/jaxer/framework/src/CallbackManager.js
  -> file:///E:/Aptana%20Jaxer%20Apache/Jaxer/Apache2-4Build/jaxer/framework/src/HandlePage.js
  -> file:///E:/Aptana%20Jaxer%20Apache/Jaxer/Apache2-4Build/jaxer/framework/src/CoreEvents.js
  -> file:///E:/Aptana%20Jaxer%20Apache/Jaxer/Apache2-4Build/jaxer/components/aptEventHandler.js

01:10:22 12/24/2025 [ 32928] [DEBUG] [JS Framework] [CallbackManager.processGlobalFunctions] Processing global function 'makeStepExpr6' with runat=server, proxy=false, effectiveRunat=server
stack:
  ->  [ModuleLogger.js:98] debug("Processing global function 'makeStepExpr6' with runat=server, proxy=false, effectiveRunat=server")
  ->  [CallbackManager.js:452] processGlobalFunctions([object Object])
  ->  [CallbackManager.js:70] processCallbacks([object HTMLDocument])
  ->  [HandlePage.js:63] onHandlePage([object XPCWrappedNative_NoHelper],[object HTMLDocument])
  ->  [CoreEvents.js:293] fireEvent("HANDLE_PAGE",[object Array])
  ->  [CoreEvents.js:234] fire("PARSE_COMPLETE",[object XPCWrappedNative_NoHelper],[object HTMLDocument])
  ->  [aptEventHandler.js:337] observe([object XPCWrappedNative_NoHelper],"jaxerEvent.HTMLParseComplete",null)
paths:
  -> file:///E:/Aptana%20Jaxer%20Apache/Jaxer/Apache2-4Build/jaxer/framework/src/ModuleLogger.js
  -> file:///E:/Aptana%20Jaxer%20Apache/Jaxer/Apache2-4Build/jaxer/framework/src/CallbackManager.js
  -> file:///E:/Aptana%20Jaxer%20Apache/Jaxer/Apache2-4Build/jaxer/framework/src/HandlePage.js
  -> file:///E:/Aptana%20Jaxer%20Apache/Jaxer/Apache2-4Build/jaxer/framework/src/CoreEvents.js
  -> file:///E:/Aptana%20Jaxer%20Apache/Jaxer/Apache2-4Build/jaxer/components/aptEventHandler.js

01:10:22 12/24/2025 [ 32928] [TRACE] [JS Framework] [CallbackManager.processGlobalFunctions] For runatFunctions member makeAbbrevStep: handledInScripts.hasOwnProperty=false; typeof candidate: function
stack:
  ->  [ModuleLogger.js:98] trace("For runatFunctions member makeAbbrevStep: handledInScripts.hasOwnProperty=false; typeof candidate: function")
  ->  [CallbackManager.js:410] processGlobalFunctions([object Object])
  ->  [CallbackManager.js:70] processCallbacks([object HTMLDocument])
  ->  [HandlePage.js:63] onHandlePage([object XPCWrappedNative_NoHelper],[object HTMLDocument])
  ->  [CoreEvents.js:293] fireEvent("HANDLE_PAGE",[object Array])
  ->  [CoreEvents.js:234] fire("PARSE_COMPLETE",[object XPCWrappedNative_NoHelper],[object HTMLDocument])
  ->  [aptEventHandler.js:337] observe([object XPCWrappedNative_NoHelper],"jaxerEvent.HTMLParseComplete",null)
paths:
  -> file:///E:/Aptana%20Jaxer%20Apache/Jaxer/Apache2-4Build/jaxer/framework/src/ModuleLogger.js
  -> file:///E:/Aptana%20Jaxer%20Apache/Jaxer/Apache2-4Build/jaxer/framework/src/CallbackManager.js
  -> file:///E:/Aptana%20Jaxer%20Apache/Jaxer/Apache2-4Build/jaxer/framework/src/HandlePage.js
  -> file:///E:/Aptana%20Jaxer%20Apache/Jaxer/Apache2-4Build/jaxer/framework/src/CoreEvents.js
  -> file:///E:/Aptana%20Jaxer%20Apache/Jaxer/Apache2-4Build/jaxer/components/aptEventHandler.js

01:10:22 12/24/2025 [ 32928] [TRACE] [JS Framework] [CallbackManager.processGlobalFunctions] source before: function makeAbbrevStep(abbrev) {
    switch (abbrev) {
      case "//":
        return new StepExpr("descendant-or-self", new NodeTestAny);
      case ".":
        return new StepExpr("self", new NodeTestAny);
      case "..":
        return new StepExpr("parent", new NodeTestAny);
      default:;
    }
}
stack:
  ->  [ModuleLogger.js:98] trace("source before: function makeAbbrevStep(abbrev) {\n    switch (abbrev) {\n      case \"//\":\n        return new StepExpr(\"descendant-or-self\", new NodeTestAny);\n      case \".\":\n        return new StepExpr(\"self\", new NodeTestAny);\n      case \"..\":\n        return new StepExpr(\"parent\", new NodeTestAny);\n      default:;\n    }\n}")
  ->  [CallbackManager.js:422] processGlobalFunctions([object Object])
  ->  [CallbackManager.js:70] processCallbacks([object HTMLDocument])
  ->  [HandlePage.js:63] onHandlePage([object XPCWrappedNative_NoHelper],[object HTMLDocument])
  ->  [CoreEvents.js:293] fireEvent("HANDLE_PAGE",[object Array])
  ->  [CoreEvents.js:234] fire("PARSE_COMPLETE",[object XPCWrappedNative_NoHelper],[object HTMLDocument])
  ->  [aptEventHandler.js:337] observe([object XPCWrappedNative_NoHelper],"jaxerEvent.HTMLParseComplete",null)
paths:
  -> file:///E:/Aptana%20Jaxer%20Apache/Jaxer/Apache2-4Build/jaxer/framework/src/ModuleLogger.js
  -> file:///E:/Aptana%20Jaxer%20Apache/Jaxer/Apache2-4Build/jaxer/framework/src/CallbackManager.js
  -> file:///E:/Aptana%20Jaxer%20Apache/Jaxer/Apache2-4Build/jaxer/framework/src/HandlePage.js
  -> file:///E:/Aptana%20Jaxer%20Apache/Jaxer/Apache2-4Build/jaxer/framework/src/CoreEvents.js
  -> file:///E:/Aptana%20Jaxer%20Apache/Jaxer/Apache2-4Build/jaxer/components/aptEventHandler.js

01:10:22 12/24/2025 [ 32928] [TRACE] [JS Framework] [CallbackManager.processGlobalFunctions] source after: function makeAbbrevStep(abbrev) {
    switch (abbrev) {
      case "//":
        return new StepExpr("descendant-or-self", new NodeTestAny);
      case ".":
        return new StepExpr("self", new NodeTestAny);
      case "..":
        return new StepExpr("parent", new NodeTestAny);
      default:;
    }
}
stack:
  ->  [ModuleLogger.js:98] trace("source after: function makeAbbrevStep(abbrev) {\n    switch (abbrev) {\n      case \"//\":\n        return new StepExpr(\"descendant-or-self\", new NodeTestAny);\n      case \".\":\n        return new StepExpr(\"self\", new NodeTestAny);\n      case \"..\":\n        return new StepExpr(\"parent\", new NodeTestAny);\n      default:;\n    }\n}")
  ->  [CallbackManager.js:431] processGlobalFunctions([object Object])
  ->  [CallbackManager.js:70] processCallbacks([object HTMLDocument])
  ->  [HandlePage.js:63] onHandlePage([object XPCWrappedNative_NoHelper],[object HTMLDocument])
  ->  [CoreEvents.js:293] fireEvent("HANDLE_PAGE",[object Array])
  ->  [CoreEvents.js:234] fire("PARSE_COMPLETE",[object XPCWrappedNative_NoHelper],[object HTMLDocument])
  ->  [aptEventHandler.js:337] observe([object XPCWrappedNative_NoHelper],"jaxerEvent.HTMLParseComplete",null)
paths:
  -> file:///E:/Aptana%20Jaxer%20Apache/Jaxer/Apache2-4Build/jaxer/framework/src/ModuleLogger.js
  -> file:///E:/Aptana%20Jaxer%20Apache/Jaxer/Apache2-4Build/jaxer/framework/src/CallbackManager.js
  -> file:///E:/Aptana%20Jaxer%20Apache/Jaxer/Apache2-4Build/jaxer/framework/src/HandlePage.js
  -> file:///E:/Aptana%20Jaxer%20Apache/Jaxer/Apache2-4Build/jaxer/framework/src/CoreEvents.js
  -> file:///E:/Aptana%20Jaxer%20Apache/Jaxer/Apache2-4Build/jaxer/components/aptEventHandler.js

01:10:22 12/24/2025 [ 32928] [DEBUG] [JS Framework] [CallbackManager.processGlobalFunctions] Processing global function 'makeAbbrevStep' with runat=server, proxy=false, effectiveRunat=server
stack:
  ->  [ModuleLogger.js:98] debug("Processing global function 'makeAbbrevStep' with runat=server, proxy=false, effectiveRunat=server")
  ->  [CallbackManager.js:452] processGlobalFunctions([object Object])
  ->  [CallbackManager.js:70] processCallbacks([object HTMLDocument])
  ->  [HandlePage.js:63] onHandlePage([object XPCWrappedNative_NoHelper],[object HTMLDocument])
  ->  [CoreEvents.js:293] fireEvent("HANDLE_PAGE",[object Array])
  ->  [CoreEvents.js:234] fire("PARSE_COMPLETE",[object XPCWrappedNative_NoHelper],[object HTMLDocument])
  ->  [aptEventHandler.js:337] observe([object XPCWrappedNative_NoHelper],"jaxerEvent.HTMLParseComplete",null)
paths:
  -> file:///E:/Aptana%20Jaxer%20Apache/Jaxer/Apache2-4Build/jaxer/framework/src/ModuleLogger.js
  -> file:///E:/Aptana%20Jaxer%20Apache/Jaxer/Apache2-4Build/jaxer/framework/src/CallbackManager.js
  -> file:///E:/Aptana%20Jaxer%20Apache/Jaxer/Apache2-4Build/jaxer/framework/src/HandlePage.js
  -> file:///E:/Aptana%20Jaxer%20Apache/Jaxer/Apache2-4Build/jaxer/framework/src/CoreEvents.js
  -> file:///E:/Aptana%20Jaxer%20Apache/Jaxer/Apache2-4Build/jaxer/components/aptEventHandler.js

01:10:22 12/24/2025 [ 32928] [TRACE] [JS Framework] [CallbackManager.processGlobalFunctions] For runatFunctions member makeNodeTestExpr1: handledInScripts.hasOwnProperty=false; typeof candidate: function
stack:
  ->  [ModuleLogger.js:98] trace("For runatFunctions member makeNodeTestExpr1: handledInScripts.hasOwnProperty=false; typeof candidate: function")
  ->  [CallbackManager.js:410] processGlobalFunctions([object Object])
  ->  [CallbackManager.js:70] processCallbacks([object HTMLDocument])
  ->  [HandlePage.js:63] onHandlePage([object XPCWrappedNative_NoHelper],[object HTMLDocument])
  ->  [CoreEvents.js:293] fireEvent("HANDLE_PAGE",[object Array])
  ->  [CoreEvents.js:234] fire("PARSE_COMPLETE",[object XPCWrappedNative_NoHelper],[object HTMLDocument])
  ->  [aptEventHandler.js:337] observe([object XPCWrappedNative_NoHelper],"jaxerEvent.HTMLParseComplete",null)
paths:
  -> file:///E:/Aptana%20Jaxer%20Apache/Jaxer/Apache2-4Build/jaxer/framework/src/ModuleLogger.js
  -> file:///E:/Aptana%20Jaxer%20Apache/Jaxer/Apache2-4Build/jaxer/framework/src/CallbackManager.js
  -> file:///E:/Aptana%20Jaxer%20Apache/Jaxer/Apache2-4Build/jaxer/framework/src/HandlePage.js
  -> file:///E:/Aptana%20Jaxer%20Apache/Jaxer/Apache2-4Build/jaxer/framework/src/CoreEvents.js
  -> file:///E:/Aptana%20Jaxer%20Apache/Jaxer/Apache2-4Build/jaxer/components/aptEventHandler.js

01:10:22 12/24/2025 [ 32928] [TRACE] [JS Framework] [CallbackManager.processGlobalFunctions] source before: function makeNodeTestExpr1(asterisk) {
    return new NodeTestElementOrAttribute;
}
stack:
  ->  [ModuleLogger.js:98] trace("source before: function makeNodeTestExpr1(asterisk) {\n    return new NodeTestElementOrAttribute;\n}")
  ->  [CallbackManager.js:422] processGlobalFunctions([object Object])
  ->  [CallbackManager.js:70] processCallbacks([object HTMLDocument])
  ->  [HandlePage.js:63] onHandlePage([object XPCWrappedNative_NoHelper],[object HTMLDocument])
  ->  [CoreEvents.js:293] fireEvent("HANDLE_PAGE",[object Array])
  ->  [CoreEvents.js:234] fire("PARSE_COMPLETE",[object XPCWrappedNative_NoHelper],[object HTMLDocument])
  ->  [aptEventHandler.js:337] observe([object XPCWrappedNative_NoHelper],"jaxerEvent.HTMLParseComplete",null)
paths:
  -> file:///E:/Aptana%20Jaxer%20Apache/Jaxer/Apache2-4Build/jaxer/framework/src/ModuleLogger.js
  -> file:///E:/Aptana%20Jaxer%20Apache/Jaxer/Apache2-4Build/jaxer/framework/src/CallbackManager.js
  -> file:///E:/Aptana%20Jaxer%20Apache/Jaxer/Apache2-4Build/jaxer/framework/src/HandlePage.js
  -> file:///E:/Aptana%20Jaxer%20Apache/Jaxer/Apache2-4Build/jaxer/framework/src/CoreEvents.js
  -> file:///E:/Aptana%20Jaxer%20Apache/Jaxer/Apache2-4Build/jaxer/components/aptEventHandler.js

01:10:22 12/24/2025 [ 32928] [TRACE] [JS Framework] [CallbackManager.processGlobalFunctions] source after: function makeNodeTestExpr1(asterisk) {
    return new NodeTestElementOrAttribute;
}
stack:
  ->  [ModuleLogger.js:98] trace("source after: function makeNodeTestExpr1(asterisk) {\n    return new NodeTestElementOrAttribute;\n}")
  ->  [CallbackManager.js:431] processGlobalFunctions([object Object])
  ->  [CallbackManager.js:70] processCallbacks([object HTMLDocument])
  ->  [HandlePage.js:63] onHandlePage([object XPCWrappedNative_NoHelper],[object HTMLDocument])
  ->  [CoreEvents.js:293] fireEvent("HANDLE_PAGE",[object Array])
  ->  [CoreEvents.js:234] fire("PARSE_COMPLETE",[object XPCWrappedNative_NoHelper],[object HTMLDocument])
  ->  [aptEventHandler.js:337] observe([object XPCWrappedNative_NoHelper],"jaxerEvent.HTMLParseComplete",null)
paths:
  -> file:///E:/Aptana%20Jaxer%20Apache/Jaxer/Apache2-4Build/jaxer/framework/src/ModuleLogger.js
  -> file:///E:/Aptana%20Jaxer%20Apache/Jaxer/Apache2-4Build/jaxer/framework/src/CallbackManager.js
  -> file:///E:/Aptana%20Jaxer%20Apache/Jaxer/Apache2-4Build/jaxer/framework/src/HandlePage.js
  -> file:///E:/Aptana%20Jaxer%20Apache/Jaxer/Apache2-4Build/jaxer/framework/src/CoreEvents.js
  -> file:///E:/Aptana%20Jaxer%20Apache/Jaxer/Apache2-4Build/jaxer/components/aptEventHandler.js

01:10:22 12/24/2025 [ 32928] [DEBUG] [JS Framework] [CallbackManager.processGlobalFunctions] Processing global function 'makeNodeTestExpr1' with runat=server, proxy=false, effectiveRunat=server
stack:
  ->  [ModuleLogger.js:98] debug("Processing global function 'makeNodeTestExpr1' with runat=server, proxy=false, effectiveRunat=server")
  ->  [CallbackManager.js:452] processGlobalFunctions([object Object])
  ->  [CallbackManager.js:70] processCallbacks([object HTMLDocument])
  ->  [HandlePage.js:63] onHandlePage([object XPCWrappedNative_NoHelper],[object HTMLDocument])
  ->  [CoreEvents.js:293] fireEvent("HANDLE_PAGE",[object Array])
  ->  [CoreEvents.js:234] fire("PARSE_COMPLETE",[object XPCWrappedNative_NoHelper],[object HTMLDocument])
  ->  [aptEventHandler.js:337] observe([object XPCWrappedNative_NoHelper],"jaxerEvent.HTMLParseComplete",null)
paths:
  -> file:///E:/Aptana%20Jaxer%20Apache/Jaxer/Apache2-4Build/jaxer/framework/src/ModuleLogger.js
  -> file:///E:/Aptana%20Jaxer%20Apache/Jaxer/Apache2-4Build/jaxer/framework/src/CallbackManager.js
  -> file:///E:/Aptana%20Jaxer%20Apache/Jaxer/Apache2-4Build/jaxer/framework/src/HandlePage.js
  -> file:///E:/Aptana%20Jaxer%20Apache/Jaxer/Apache2-4Build/jaxer/framework/src/CoreEvents.js
  -> file:///E:/Aptana%20Jaxer%20Apache/Jaxer/Apache2-4Build/jaxer/components/aptEventHandler.js

01:10:22 12/24/2025 [ 32928] [TRACE] [JS Framework] [CallbackManager.processGlobalFunctions] For runatFunctions member makeNodeTestExpr2: handledInScripts.hasOwnProperty=false; typeof candidate: function
stack:
  ->  [ModuleLogger.js:98] trace("For runatFunctions member makeNodeTestExpr2: handledInScripts.hasOwnProperty=false; typeof candidate: function")
  ->  [CallbackManager.js:410] processGlobalFunctions([object Object])
  ->  [CallbackManager.js:70] processCallbacks([object HTMLDocument])
  ->  [HandlePage.js:63] onHandlePage([object XPCWrappedNative_NoHelper],[object HTMLDocument])
  ->  [CoreEvents.js:293] fireEvent("HANDLE_PAGE",[object Array])
  ->  [CoreEvents.js:234] fire("PARSE_COMPLETE",[object XPCWrappedNative_NoHelper],[object HTMLDocument])
  ->  [aptEventHandler.js:337] observe([object XPCWrappedNative_NoHelper],"jaxerEvent.HTMLParseComplete",null)
paths:
  -> file:///E:/Aptana%20Jaxer%20Apache/Jaxer/Apache2-4Build/jaxer/framework/src/ModuleLogger.js
  -> file:///E:/Aptana%20Jaxer%20Apache/Jaxer/Apache2-4Build/jaxer/framework/src/CallbackManager.js
  -> file:///E:/Aptana%20Jaxer%20Apache/Jaxer/Apache2-4Build/jaxer/framework/src/HandlePage.js
  -> file:///E:/Aptana%20Jaxer%20Apache/Jaxer/Apache2-4Build/jaxer/framework/src/CoreEvents.js
  -> file:///E:/Aptana%20Jaxer%20Apache/Jaxer/Apache2-4Build/jaxer/components/aptEventHandler.js

01:10:22 12/24/2025 [ 32928] [TRACE] [JS Framework] [CallbackManager.processGlobalFunctions] source before: function makeNodeTestExpr2(ncname, colon, asterisk) {
    return new NodeTestNC(ncname.value);
}
stack:
  ->  [ModuleLogger.js:98] trace("source before: function makeNodeTestExpr2(ncname, colon, asterisk) {\n    return new NodeTestNC(ncname.value);\n}")
  ->  [CallbackManager.js:422] processGlobalFunctions([object Object])
  ->  [CallbackManager.js:70] processCallbacks([object HTMLDocument])
  ->  [HandlePage.js:63] onHandlePage([object XPCWrappedNative_NoHelper],[object HTMLDocument])
  ->  [CoreEvents.js:293] fireEvent("HANDLE_PAGE",[object Array])
  ->  [CoreEvents.js:234] fire("PARSE_COMPLETE",[object XPCWrappedNative_NoHelper],[object HTMLDocument])
  ->  [aptEventHandler.js:337] observe([object XPCWrappedNative_NoHelper],"jaxerEvent.HTMLParseComplete",null)
paths:
  -> file:///E:/Aptana%20Jaxer%20Apache/Jaxer/Apache2-4Build/jaxer/framework/src/ModuleLogger.js
  -> file:///E:/Aptana%20Jaxer%20Apache/Jaxer/Apache2-4Build/jaxer/framework/src/CallbackManager.js
  -> file:///E:/Aptana%20Jaxer%20Apache/Jaxer/Apache2-4Build/jaxer/framework/src/HandlePage.js
  -> file:///E:/Aptana%20Jaxer%20Apache/Jaxer/Apache2-4Build/jaxer/framework/src/CoreEvents.js
  -> file:///E:/Aptana%20Jaxer%20Apache/Jaxer/Apache2-4Build/jaxer/components/aptEventHandler.js

01:10:22 12/24/2025 [ 32928] [TRACE] [JS Framework] [CallbackManager.processGlobalFunctions] source after: function makeNodeTestExpr2(ncname, colon, asterisk) {
    return new NodeTestNC(ncname.value);
}
stack:
  ->  [ModuleLogger.js:98] trace("source after: function makeNodeTestExpr2(ncname, colon, asterisk) {\n    return new NodeTestNC(ncname.value);\n}")
  ->  [CallbackManager.js:431] processGlobalFunctions([object Object])
  ->  [CallbackManager.js:70] processCallbacks([object HTMLDocument])
  ->  [HandlePage.js:63] onHandlePage([object XPCWrappedNative_NoHelper],[object HTMLDocument])
  ->  [CoreEvents.js:293] fireEvent("HANDLE_PAGE",[object Array])
  ->  [CoreEvents.js:234] fire("PARSE_COMPLETE",[object XPCWrappedNative_NoHelper],[object HTMLDocument])
  ->  [aptEventHandler.js:337] observe([object XPCWrappedNative_NoHelper],"jaxerEvent.HTMLParseComplete",null)
paths:
  -> file:///E:/Aptana%20Jaxer%20Apache/Jaxer/Apache2-4Build/jaxer/framework/src/ModuleLogger.js
  -> file:///E:/Aptana%20Jaxer%20Apache/Jaxer/Apache2-4Build/jaxer/framework/src/CallbackManager.js
  -> file:///E:/Aptana%20Jaxer%20Apache/Jaxer/Apache2-4Build/jaxer/framework/src/HandlePage.js
  -> file:///E:/Aptana%20Jaxer%20Apache/Jaxer/Apache2-4Build/jaxer/framework/src/CoreEvents.js
  -> file:///E:/Aptana%20Jaxer%20Apache/Jaxer/Apache2-4Build/jaxer/components/aptEventHandler.js

01:10:22 12/24/2025 [ 32928] [DEBUG] [JS Framework] [CallbackManager.processGlobalFunctions] Processing global function 'makeNodeTestExpr2' with runat=server, proxy=false, effectiveRunat=server
stack:
  ->  [ModuleLogger.js:98] debug("Processing global function 'makeNodeTestExpr2' with runat=server, proxy=false, effectiveRunat=server")
  ->  [CallbackManager.js:452] processGlobalFunctions([object Object])
  ->  [CallbackManager.js:70] processCallbacks([object HTMLDocument])
  ->  [HandlePage.js:63] onHandlePage([object XPCWrappedNative_NoHelper],[object HTMLDocument])
  ->  [CoreEvents.js:293] fireEvent("HANDLE_PAGE",[object Array])
  ->  [CoreEvents.js:234] fire("PARSE_COMPLETE",[object XPCWrappedNative_NoHelper],[object HTMLDocument])
  ->  [aptEventHandler.js:337] observe([object XPCWrappedNative_NoHelper],"jaxerEvent.HTMLParseComplete",null)
paths:
  -> file:///E:/Aptana%20Jaxer%20Apache/Jaxer/Apache2-4Build/jaxer/framework/src/ModuleLogger.js
  -> file:///E:/Aptana%20Jaxer%20Apache/Jaxer/Apache2-4Build/jaxer/framework/src/CallbackManager.js
  -> file:///E:/Aptana%20Jaxer%20Apache/Jaxer/Apache2-4Build/jaxer/framework/src/HandlePage.js
  -> file:///E:/Aptana%20Jaxer%20Apache/Jaxer/Apache2-4Build/jaxer/framework/src/CoreEvents.js
  -> file:///E:/Aptana%20Jaxer%20Apache/Jaxer/Apache2-4Build/jaxer/components/aptEventHandler.js

01:10:22 12/24/2025 [ 32928] [TRACE] [JS Framework] [CallbackManager.processGlobalFunctions] For runatFunctions member makeNodeTestExpr3: handledInScripts.hasOwnProperty=false; typeof candidate: function
stack:
  ->  [ModuleLogger.js:98] trace("For runatFunctions member makeNodeTestExpr3: handledInScripts.hasOwnProperty=false; typeof candidate: function")
  ->  [CallbackManager.js:410] processGlobalFunctions([object Object])
  ->  [CallbackManager.js:70] processCallbacks([object HTMLDocument])
  ->  [HandlePage.js:63] onHandlePage([object XPCWrappedNative_NoHelper],[object HTMLDocument])
  ->  [CoreEvents.js:293] fireEvent("HANDLE_PAGE",[object Array])
  ->  [CoreEvents.js:234] fire("PARSE_COMPLETE",[object XPCWrappedNative_NoHelper],[object HTMLDocument])
  ->  [aptEventHandler.js:337] observe([object XPCWrappedNative_NoHelper],"jaxerEvent.HTMLParseComplete",null)
paths:
  -> file:///E:/Aptana%20Jaxer%20Apache/Jaxer/Apache2-4Build/jaxer/framework/src/ModuleLogger.js
  -> file:///E:/Aptana%20Jaxer%20Apache/Jaxer/Apache2-4Build/jaxer/framework/src/CallbackManager.js
  -> file:///E:/Aptana%20Jaxer%20Apache/Jaxer/Apache2-4Build/jaxer/framework/src/HandlePage.js
  -> file:///E:/Aptana%20Jaxer%20Apache/Jaxer/Apache2-4Build/jaxer/framework/src/CoreEvents.js
  -> file:///E:/Aptana%20Jaxer%20Apache/Jaxer/Apache2-4Build/jaxer/components/aptEventHandler.js

01:10:22 12/24/2025 [ 32928] [TRACE] [JS Framework] [CallbackManager.processGlobalFunctions] source before: function makeNodeTestExpr3(qname) {
    return new NodeTestName(qname.value);
}
stack:
  ->  [ModuleLogger.js:98] trace("source before: function makeNodeTestExpr3(qname) {\n    return new NodeTestName(qname.value);\n}")
  ->  [CallbackManager.js:422] processGlobalFunctions([object Object])
  ->  [CallbackManager.js:70] processCallbacks([object HTMLDocument])
  ->  [HandlePage.js:63] onHandlePage([object XPCWrappedNative_NoHelper],[object HTMLDocument])
  ->  [CoreEvents.js:293] fireEvent("HANDLE_PAGE",[object Array])
  ->  [CoreEvents.js:234] fire("PARSE_COMPLETE",[object XPCWrappedNative_NoHelper],[object HTMLDocument])
  ->  [aptEventHandler.js:337] observe([object XPCWrappedNative_NoHelper],"jaxerEvent.HTMLParseComplete",null)
paths:
  -> file:///E:/Aptana%20Jaxer%20Apache/Jaxer/Apache2-4Build/jaxer/framework/src/ModuleLogger.js
  -> file:///E:/Aptana%20Jaxer%20Apache/Jaxer/Apache2-4Build/jaxer/framework/src/CallbackManager.js
  -> file:///E:/Aptana%20Jaxer%20Apache/Jaxer/Apache2-4Build/jaxer/framework/src/HandlePage.js
  -> file:///E:/Aptana%20Jaxer%20Apache/Jaxer/Apache2-4Build/jaxer/framework/src/CoreEvents.js
  -> file:///E:/Aptana%20Jaxer%20Apache/Jaxer/Apache2-4Build/jaxer/components/aptEventHandler.js

01:10:22 12/24/2025 [ 32928] [TRACE] [JS Framework] [CallbackManager.processGlobalFunctions] source after: function makeNodeTestExpr3(qname) {
    return new NodeTestName(qname.value);
}
stack:
  ->  [ModuleLogger.js:98] trace("source after: function makeNodeTestExpr3(qname) {\n    return new NodeTestName(qname.value);\n}")
  ->  [CallbackManager.js:431] processGlobalFunctions([object Object])
  ->  [CallbackManager.js:70] processCallbacks([object HTMLDocument])
  ->  [HandlePage.js:63] onHandlePage([object XPCWrappedNative_NoHelper],[object HTMLDocument])
  ->  [CoreEvents.js:293] fireEvent("HANDLE_PAGE",[object Array])
  ->  [CoreEvents.js:234] fire("PARSE_COMPLETE",[object XPCWrappedNative_NoHelper],[object HTMLDocument])
  ->  [aptEventHandler.js:337] observe([object XPCWrappedNative_NoHelper],"jaxerEvent.HTMLParseComplete",null)
paths:
  -> file:///E:/Aptana%20Jaxer%20Apache/Jaxer/Apache2-4Build/jaxer/framework/src/ModuleLogger.js
  -> file:///E:/Aptana%20Jaxer%20Apache/Jaxer/Apache2-4Build/jaxer/framework/src/CallbackManager.js
  -> file:///E:/Aptana%20Jaxer%20Apache/Jaxer/Apache2-4Build/jaxer/framework/src/HandlePage.js
  -> file:///E:/Aptana%20Jaxer%20Apache/Jaxer/Apache2-4Build/jaxer/framework/src/CoreEvents.js
  -> file:///E:/Aptana%20Jaxer%20Apache/Jaxer/Apache2-4Build/jaxer/components/aptEventHandler.js

01:10:22 12/24/2025 [ 32928] [DEBUG] [JS Framework] [CallbackManager.processGlobalFunctions] Processing global function 'makeNodeTestExpr3' with runat=server, proxy=false, effectiveRunat=server
stack:
  ->  [ModuleLogger.js:98] debug("Processing global function 'makeNodeTestExpr3' with runat=server, proxy=false, effectiveRunat=server")
  ->  [CallbackManager.js:452] processGlobalFunctions([object Object])
  ->  [CallbackManager.js:70] processCallbacks([object HTMLDocument])
  ->  [HandlePage.js:63] onHandlePage([object XPCWrappedNative_NoHelper],[object HTMLDocument])
  ->  [CoreEvents.js:293] fireEvent("HANDLE_PAGE",[object Array])
  ->  [CoreEvents.js:234] fire("PARSE_COMPLETE",[object XPCWrappedNative_NoHelper],[object HTMLDocument])
  ->  [aptEventHandler.js:337] observe([object XPCWrappedNative_NoHelper],"jaxerEvent.HTMLParseComplete",null)
paths:
  -> file:///E:/Aptana%20Jaxer%20Apache/Jaxer/Apache2-4Build/jaxer/framework/src/ModuleLogger.js
  -> file:///E:/Aptana%20Jaxer%20Apache/Jaxer/Apache2-4Build/jaxer/framework/src/CallbackManager.js
  -> file:///E:/Aptana%20Jaxer%20Apache/Jaxer/Apache2-4Build/jaxer/framework/src/HandlePage.js
  -> file:///E:/Aptana%20Jaxer%20Apache/Jaxer/Apache2-4Build/jaxer/framework/src/CoreEvents.js
  -> file:///E:/Aptana%20Jaxer%20Apache/Jaxer/Apache2-4Build/jaxer/components/aptEventHandler.js

01:10:22 12/24/2025 [ 32928] [TRACE] [JS Framework] [CallbackManager.processGlobalFunctions] For runatFunctions member makeNodeTestExpr4: handledInScripts.hasOwnProperty=false; typeof candidate: function
stack:
  ->  [ModuleLogger.js:98] trace("For runatFunctions member makeNodeTestExpr4: handledInScripts.hasOwnProperty=false; typeof candidate: function")
  ->  [CallbackManager.js:410] processGlobalFunctions([object Object])
  ->  [CallbackManager.js:70] processCallbacks([object HTMLDocument])
  ->  [HandlePage.js:63] onHandlePage([object XPCWrappedNative_NoHelper],[object HTMLDocument])
  ->  [CoreEvents.js:293] fireEvent("HANDLE_PAGE",[object Array])
  ->  [CoreEvents.js:234] fire("PARSE_COMPLETE",[object XPCWrappedNative_NoHelper],[object HTMLDocument])
  ->  [aptEventHandler.js:337] observe([object XPCWrappedNative_NoHelper],"jaxerEvent.HTMLParseComplete",null)
paths:
  -> file:///E:/Aptana%20Jaxer%20Apache/Jaxer/Apache2-4Build/jaxer/framework/src/ModuleLogger.js
  -> file:///E:/Aptana%20Jaxer%20Apache/Jaxer/Apache2-4Build/jaxer/framework/src/CallbackManager.js
  -> file:///E:/Aptana%20Jaxer%20Apache/Jaxer/Apache2-4Build/jaxer/framework/src/HandlePage.js
  -> file:///E:/Aptana%20Jaxer%20Apache/Jaxer/Apache2-4Build/jaxer/framework/src/CoreEvents.js
  -> file:///E:/Aptana%20Jaxer%20Apache/Jaxer/Apache2-4Build/jaxer/components/aptEventHandler.js

01:10:22 12/24/2025 [ 32928] [TRACE] [JS Framework] [CallbackManager.processGlobalFunctions] source before: function makeNodeTestExpr4(typeo, parenc) {
    var type = typeo.value.replace(/\s*\($/, "");
    switch (type) {
      case "node":
        return new NodeTestAny;
      case "text":
        return new NodeTestText;
      case "comment":
        return new NodeTestComment;
      case "processing-instruction":
        return new NodeTestPI("");
      default:;
    }
}
stack:
  ->  [ModuleLogger.js:98] trace("source before: function makeNodeTestExpr4(typeo, parenc) {\n    var type = typeo.value.replace(/\\s*\\($/, \"\");\n    switch (type) {\n      case \"node\":\n        return new NodeTestAny;\n      case \"text\":\n        return new NodeTestText;\n      case \"comment\":\n        return new NodeTestComment;\n      case \"processing-instruction\":\n        return new NodeTestPI(\"\");\n      default:;\n    }\n}")
  ->  [CallbackManager.js:422] processGlobalFunctions([object Object])
  ->  [CallbackManager.js:70] processCallbacks([object HTMLDocument])
  ->  [HandlePage.js:63] onHandlePage([object XPCWrappedNative_NoHelper],[object HTMLDocument])
  ->  [CoreEvents.js:293] fireEvent("HANDLE_PAGE",[object Array])
  ->  [CoreEvents.js:234] fire("PARSE_COMPLETE",[object XPCWrappedNative_NoHelper],[object HTMLDocument])
  ->  [aptEventHandler.js:337] observe([object XPCWrappedNative_NoHelper],"jaxerEvent.HTMLParseComplete",null)
paths:
  -> file:///E:/Aptana%20Jaxer%20Apache/Jaxer/Apache2-4Build/jaxer/framework/src/ModuleLogger.js
  -> file:///E:/Aptana%20Jaxer%20Apache/Jaxer/Apache2-4Build/jaxer/framework/src/CallbackManager.js
  -> file:///E:/Aptana%20Jaxer%20Apache/Jaxer/Apache2-4Build/jaxer/framework/src/HandlePage.js
  -> file:///E:/Aptana%20Jaxer%20Apache/Jaxer/Apache2-4Build/jaxer/framework/src/CoreEvents.js
  -> file:///E:/Aptana%20Jaxer%20Apache/Jaxer/Apache2-4Build/jaxer/components/aptEventHandler.js

01:10:22 12/24/2025 [ 32928] [TRACE] [JS Framework] [CallbackManager.processGlobalFunctions] source after: function makeNodeTestExpr4(typeo, parenc) {
    var type = typeo.value.replace(/\s*\($/, "");
    switch (type) {
      case "node":
        return new NodeTestAny;
      case "text":
        return new NodeTestText;
      case "comment":
        return new NodeTestComment;
      case "processing-instruction":
        return new NodeTestPI("");
      default:;
    }
}
stack:
  ->  [ModuleLogger.js:98] trace("source after: function makeNodeTestExpr4(typeo, parenc) {\n    var type = typeo.value.replace(/\\s*\\($/, \"\");\n    switch (type) {\n      case \"node\":\n        return new NodeTestAny;\n      case \"text\":\n        return new NodeTestText;\n      case \"comment\":\n        return new NodeTestComment;\n      case \"processing-instruction\":\n        return new NodeTestPI(\"\");\n      default:;\n    }\n}")
  ->  [CallbackManager.js:431] processGlobalFunctions([object Object])
  ->  [CallbackManager.js:70] processCallbacks([object HTMLDocument])
  ->  [HandlePage.js:63] onHandlePage([object XPCWrappedNative_NoHelper],[object HTMLDocument])
  ->  [CoreEvents.js:293] fireEvent("HANDLE_PAGE",[object Array])
  ->  [CoreEvents.js:234] fire("PARSE_COMPLETE",[object XPCWrappedNative_NoHelper],[object HTMLDocument])
  ->  [aptEventHandler.js:337] observe([object XPCWrappedNative_NoHelper],"jaxerEvent.HTMLParseComplete",null)
paths:
  -> file:///E:/Aptana%20Jaxer%20Apache/Jaxer/Apache2-4Build/jaxer/framework/src/ModuleLogger.js
  -> file:///E:/Aptana%20Jaxer%20Apache/Jaxer/Apache2-4Build/jaxer/framework/src/CallbackManager.js
  -> file:///E:/Aptana%20Jaxer%20Apache/Jaxer/Apache2-4Build/jaxer/framework/src/HandlePage.js
  -> file:///E:/Aptana%20Jaxer%20Apache/Jaxer/Apache2-4Build/jaxer/framework/src/CoreEvents.js
  -> file:///E:/Aptana%20Jaxer%20Apache/Jaxer/Apache2-4Build/jaxer/components/aptEventHandler.js

01:10:22 12/24/2025 [ 32928] [DEBUG] [JS Framework] [CallbackManager.processGlobalFunctions] Processing global function 'makeNodeTestExpr4' with runat=server, proxy=false, effectiveRunat=server
stack:
  ->  [ModuleLogger.js:98] debug("Processing global function 'makeNodeTestExpr4' with runat=server, proxy=false, effectiveRunat=server")
  ->  [CallbackManager.js:452] processGlobalFunctions([object Object])
  ->  [CallbackManager.js:70] processCallbacks([object HTMLDocument])
  ->  [HandlePage.js:63] onHandlePage([object XPCWrappedNative_NoHelper],[object HTMLDocument])
  ->  [CoreEvents.js:293] fireEvent("HANDLE_PAGE",[object Array])
  ->  [CoreEvents.js:234] fire("PARSE_COMPLETE",[object XPCWrappedNative_NoHelper],[object HTMLDocument])
  ->  [aptEventHandler.js:337] observe([object XPCWrappedNative_NoHelper],"jaxerEvent.HTMLParseComplete",null)
paths:
  -> file:///E:/Aptana%20Jaxer%20Apache/Jaxer/Apache2-4Build/jaxer/framework/src/ModuleLogger.js
  -> file:///E:/Aptana%20Jaxer%20Apache/Jaxer/Apache2-4Build/jaxer/framework/src/CallbackManager.js
  -> file:///E:/Aptana%20Jaxer%20Apache/Jaxer/Apache2-4Build/jaxer/framework/src/HandlePage.js
  -> file:///E:/Aptana%20Jaxer%20Apache/Jaxer/Apache2-4Build/jaxer/framework/src/CoreEvents.js
  -> file:///E:/Aptana%20Jaxer%20Apache/Jaxer/Apache2-4Build/jaxer/components/aptEventHandler.js

01:10:22 12/24/2025 [ 32928] [TRACE] [JS Framework] [CallbackManager.processGlobalFunctions] For runatFunctions member makeNodeTestExpr5: handledInScripts.hasOwnProperty=false; typeof candidate: function
stack:
  ->  [ModuleLogger.js:98] trace("For runatFunctions member makeNodeTestExpr5: handledInScripts.hasOwnProperty=false; typeof candidate: function")
  ->  [CallbackManager.js:410] processGlobalFunctions([object Object])
  ->  [CallbackManager.js:70] processCallbacks([object HTMLDocument])
  ->  [HandlePage.js:63] onHandlePage([object XPCWrappedNative_NoHelper],[object HTMLDocument])
  ->  [CoreEvents.js:293] fireEvent("HANDLE_PAGE",[object Array])
  ->  [CoreEvents.js:234] fire("PARSE_COMPLETE",[object XPCWrappedNative_NoHelper],[object HTMLDocument])
  ->  [aptEventHandler.js:337] observe([object XPCWrappedNative_NoHelper],"jaxerEvent.HTMLParseComplete",null)
paths:
  -> file:///E:/Aptana%20Jaxer%20Apache/Jaxer/Apache2-4Build/jaxer/framework/src/ModuleLogger.js
  -> file:///E:/Aptana%20Jaxer%20Apache/Jaxer/Apache2-4Build/jaxer/framework/src/CallbackManager.js
  -> file:///E:/Aptana%20Jaxer%20Apache/Jaxer/Apache2-4Build/jaxer/framework/src/HandlePage.js
  -> file:///E:/Aptana%20Jaxer%20Apache/Jaxer/Apache2-4Build/jaxer/framework/src/CoreEvents.js
  -> file:///E:/Aptana%20Jaxer%20Apache/Jaxer/Apache2-4Build/jaxer/components/aptEventHandler.js

01:10:22 12/24/2025 [ 32928] [TRACE] [JS Framework] [CallbackManager.processGlobalFunctions] source before: function makeNodeTestExpr5(typeo, target, parenc) {
    var type = typeo.replace(/\s*\($/, "");
    if (type != "processing-instruction") {
        throw type;
    }
    return new NodeTestPI(target.value);
}
stack:
  ->  [ModuleLogger.js:98] trace("source before: function makeNodeTestExpr5(typeo, target, parenc) {\n    var type = typeo.replace(/\\s*\\($/, \"\");\n    if (type != \"processing-instruction\") {\n        throw type;\n    }\n    return new NodeTestPI(target.value);\n}")
  ->  [CallbackManager.js:422] processGlobalFunctions([object Object])
  ->  [CallbackManager.js:70] processCallbacks([object HTMLDocument])
  ->  [HandlePage.js:63] onHandlePage([object XPCWrappedNative_NoHelper],[object HTMLDocument])
  ->  [CoreEvents.js:293] fireEvent("HANDLE_PAGE",[object Array])
  ->  [CoreEvents.js:234] fire("PARSE_COMPLETE",[object XPCWrappedNative_NoHelper],[object HTMLDocument])
  ->  [aptEventHandler.js:337] observe([object XPCWrappedNative_NoHelper],"jaxerEvent.HTMLParseComplete",null)
paths:
  -> file:///E:/Aptana%20Jaxer%20Apache/Jaxer/Apache2-4Build/jaxer/framework/src/ModuleLogger.js
  -> file:///E:/Aptana%20Jaxer%20Apache/Jaxer/Apache2-4Build/jaxer/framework/src/CallbackManager.js
  -> file:///E:/Aptana%20Jaxer%20Apache/Jaxer/Apache2-4Build/jaxer/framework/src/HandlePage.js
  -> file:///E:/Aptana%20Jaxer%20Apache/Jaxer/Apache2-4Build/jaxer/framework/src/CoreEvents.js
  -> file:///E:/Aptana%20Jaxer%20Apache/Jaxer/Apache2-4Build/jaxer/components/aptEventHandler.js

01:10:22 12/24/2025 [ 32928] [TRACE] [JS Framework] [CallbackManager.processGlobalFunctions] source after: function makeNodeTestExpr5(typeo, target, parenc) {
    var type = typeo.replace(/\s*\($/, "");
    if (type != "processing-instruction") {
        throw type;
    }
    return new NodeTestPI(target.value);
}
stack:
  ->  [ModuleLogger.js:98] trace("source after: function makeNodeTestExpr5(typeo, target, parenc) {\n    var type = typeo.replace(/\\s*\\($/, \"\");\n    if (type != \"processing-instruction\") {\n        throw type;\n    }\n    return new NodeTestPI(target.value);\n}")
  ->  [CallbackManager.js:431] processGlobalFunctions([object Object])
  ->  [CallbackManager.js:70] processCallbacks([object HTMLDocument])
  ->  [HandlePage.js:63] onHandlePage([object XPCWrappedNative_NoHelper],[object HTMLDocument])
  ->  [CoreEvents.js:293] fireEvent("HANDLE_PAGE",[object Array])
  ->  [CoreEvents.js:234] fire("PARSE_COMPLETE",[object XPCWrappedNative_NoHelper],[object HTMLDocument])
  ->  [aptEventHandler.js:337] observe([object XPCWrappedNative_NoHelper],"jaxerEvent.HTMLParseComplete",null)
paths:
  -> file:///E:/Aptana%20Jaxer%20Apache/Jaxer/Apache2-4Build/jaxer/framework/src/ModuleLogger.js
  -> file:///E:/Aptana%20Jaxer%20Apache/Jaxer/Apache2-4Build/jaxer/framework/src/CallbackManager.js
  -> file:///E:/Aptana%20Jaxer%20Apache/Jaxer/Apache2-4Build/jaxer/framework/src/HandlePage.js
  -> file:///E:/Aptana%20Jaxer%20Apache/Jaxer/Apache2-4Build/jaxer/framework/src/CoreEvents.js
  -> file:///E:/Aptana%20Jaxer%20Apache/Jaxer/Apache2-4Build/jaxer/components/aptEventHandler.js

01:10:22 12/24/2025 [ 32928] [DEBUG] [JS Framework] [CallbackManager.processGlobalFunctions] Processing global function 'makeNodeTestExpr5' with runat=server, proxy=false, effectiveRunat=server
stack:
  ->  [ModuleLogger.js:98] debug("Processing global function 'makeNodeTestExpr5' with runat=server, proxy=false, effectiveRunat=server")
  ->  [CallbackManager.js:452] processGlobalFunctions([object Object])
  ->  [CallbackManager.js:70] processCallbacks([object HTMLDocument])
  ->  [HandlePage.js:63] onHandlePage([object XPCWrappedNative_NoHelper],[object HTMLDocument])
  ->  [CoreEvents.js:293] fireEvent("HANDLE_PAGE",[object Array])
  ->  [CoreEvents.js:234] fire("PARSE_COMPLETE",[object XPCWrappedNative_NoHelper],[object HTMLDocument])
  ->  [aptEventHandler.js:337] observe([object XPCWrappedNative_NoHelper],"jaxerEvent.HTMLParseComplete",null)
paths:
  -> file:///E:/Aptana%20Jaxer%20Apache/Jaxer/Apache2-4Build/jaxer/framework/src/ModuleLogger.js
  -> file:///E:/Aptana%20Jaxer%20Apache/Jaxer/Apache2-4Build/jaxer/framework/src/CallbackManager.js
  -> file:///E:/Aptana%20Jaxer%20Apache/Jaxer/Apache2-4Build/jaxer/framework/src/HandlePage.js
  -> file:///E:/Aptana%20Jaxer%20Apache/Jaxer/Apache2-4Build/jaxer/framework/src/CoreEvents.js
  -> file:///E:/Aptana%20Jaxer%20Apache/Jaxer/Apache2-4Build/jaxer/components/aptEventHandler.js

01:10:22 12/24/2025 [ 32928] [TRACE] [JS Framework] [CallbackManager.processGlobalFunctions] For runatFunctions member makePredicateExpr: handledInScripts.hasOwnProperty=false; typeof candidate: function
stack:
  ->  [ModuleLogger.js:98] trace("For runatFunctions member makePredicateExpr: handledInScripts.hasOwnProperty=false; typeof candidate: function")
  ->  [CallbackManager.js:410] processGlobalFunctions([object Object])
  ->  [CallbackManager.js:70] processCallbacks([object HTMLDocument])
  ->  [HandlePage.js:63] onHandlePage([object XPCWrappedNative_NoHelper],[object HTMLDocument])
  ->  [CoreEvents.js:293] fireEvent("HANDLE_PAGE",[object Array])
  ->  [CoreEvents.js:234] fire("PARSE_COMPLETE",[object XPCWrappedNative_NoHelper],[object HTMLDocument])
  ->  [aptEventHandler.js:337] observe([object XPCWrappedNative_NoHelper],"jaxerEvent.HTMLParseComplete",null)
paths:
  -> file:///E:/Aptana%20Jaxer%20Apache/Jaxer/Apache2-4Build/jaxer/framework/src/ModuleLogger.js
  -> file:///E:/Aptana%20Jaxer%20Apache/Jaxer/Apache2-4Build/jaxer/framework/src/CallbackManager.js
  -> file:///E:/Aptana%20Jaxer%20Apache/Jaxer/Apache2-4Build/jaxer/framework/src/HandlePage.js
  -> file:///E:/Aptana%20Jaxer%20Apache/Jaxer/Apache2-4Build/jaxer/framework/src/CoreEvents.js
  -> file:///E:/Aptana%20Jaxer%20Apache/Jaxer/Apache2-4Build/jaxer/components/aptEventHandler.js

01:10:22 12/24/2025 [ 32928] [TRACE] [JS Framework] [CallbackManager.processGlobalFunctions] source before: function makePredicateExpr(pareno, expr, parenc) {
    return new PredicateExpr(expr);
}
stack:
  ->  [ModuleLogger.js:98] trace("source before: function makePredicateExpr(pareno, expr, parenc) {\n    return new PredicateExpr(expr);\n}")
  ->  [CallbackManager.js:422] processGlobalFunctions([object Object])
  ->  [CallbackManager.js:70] processCallbacks([object HTMLDocument])
  ->  [HandlePage.js:63] onHandlePage([object XPCWrappedNative_NoHelper],[object HTMLDocument])
  ->  [CoreEvents.js:293] fireEvent("HANDLE_PAGE",[object Array])
  ->  [CoreEvents.js:234] fire("PARSE_COMPLETE",[object XPCWrappedNative_NoHelper],[object HTMLDocument])
  ->  [aptEventHandler.js:337] observe([object XPCWrappedNative_NoHelper],"jaxerEvent.HTMLParseComplete",null)
paths:
  -> file:///E:/Aptana%20Jaxer%20Apache/Jaxer/Apache2-4Build/jaxer/framework/src/ModuleLogger.js
  -> file:///E:/Aptana%20Jaxer%20Apache/Jaxer/Apache2-4Build/jaxer/framework/src/CallbackManager.js
  -> file:///E:/Aptana%20Jaxer%20Apache/Jaxer/Apache2-4Build/jaxer/framework/src/HandlePage.js
  -> file:///E:/Aptana%20Jaxer%20Apache/Jaxer/Apache2-4Build/jaxer/framework/src/CoreEvents.js
  -> file:///E:/Aptana%20Jaxer%20Apache/Jaxer/Apache2-4Build/jaxer/components/aptEventHandler.js

01:10:22 12/24/2025 [ 32928] [TRACE] [JS Framework] [CallbackManager.processGlobalFunctions] source after: function makePredicateExpr(pareno, expr, parenc) {
    return new PredicateExpr(expr);
}
stack:
  ->  [ModuleLogger.js:98] trace("source after: function makePredicateExpr(pareno, expr, parenc) {\n    return new PredicateExpr(expr);\n}")
  ->  [CallbackManager.js:431] processGlobalFunctions([object Object])
  ->  [CallbackManager.js:70] processCallbacks([object HTMLDocument])
  ->  [HandlePage.js:63] onHandlePage([object XPCWrappedNative_NoHelper],[object HTMLDocument])
  ->  [CoreEvents.js:293] fireEvent("HANDLE_PAGE",[object Array])
  ->  [CoreEvents.js:234] fire("PARSE_COMPLETE",[object XPCWrappedNative_NoHelper],[object HTMLDocument])
  ->  [aptEventHandler.js:337] observe([object XPCWrappedNative_NoHelper],"jaxerEvent.HTMLParseComplete",null)
paths:
  -> file:///E:/Aptana%20Jaxer%20Apache/Jaxer/Apache2-4Build/jaxer/framework/src/ModuleLogger.js
  -> file:///E:/Aptana%20Jaxer%20Apache/Jaxer/Apache2-4Build/jaxer/framework/src/CallbackManager.js
  -> file:///E:/Aptana%20Jaxer%20Apache/Jaxer/Apache2-4Build/jaxer/framework/src/HandlePage.js
  -> file:///E:/Aptana%20Jaxer%20Apache/Jaxer/Apache2-4Build/jaxer/framework/src/CoreEvents.js
  -> file:///E:/Aptana%20Jaxer%20Apache/Jaxer/Apache2-4Build/jaxer/components/aptEventHandler.js

01:10:22 12/24/2025 [ 32928] [DEBUG] [JS Framework] [CallbackManager.processGlobalFunctions] Processing global function 'makePredicateExpr' with runat=server, proxy=false, effectiveRunat=server
stack:
  ->  [ModuleLogger.js:98] debug("Processing global function 'makePredicateExpr' with runat=server, proxy=false, effectiveRunat=server")
  ->  [CallbackManager.js:452] processGlobalFunctions([object Object])
  ->  [CallbackManager.js:70] processCallbacks([object HTMLDocument])
  ->  [HandlePage.js:63] onHandlePage([object XPCWrappedNative_NoHelper],[object HTMLDocument])
  ->  [CoreEvents.js:293] fireEvent("HANDLE_PAGE",[object Array])
  ->  [CoreEvents.js:234] fire("PARSE_COMPLETE",[object XPCWrappedNative_NoHelper],[object HTMLDocument])
  ->  [aptEventHandler.js:337] observe([object XPCWrappedNative_NoHelper],"jaxerEvent.HTMLParseComplete",null)
paths:
  -> file:///E:/Aptana%20Jaxer%20Apache/Jaxer/Apache2-4Build/jaxer/framework/src/ModuleLogger.js
  -> file:///E:/Aptana%20Jaxer%20Apache/Jaxer/Apache2-4Build/jaxer/framework/src/CallbackManager.js
  -> file:///E:/Aptana%20Jaxer%20Apache/Jaxer/Apache2-4Build/jaxer/framework/src/HandlePage.js
  -> file:///E:/Aptana%20Jaxer%20Apache/Jaxer/Apache2-4Build/jaxer/framework/src/CoreEvents.js
  -> file:///E:/Aptana%20Jaxer%20Apache/Jaxer/Apache2-4Build/jaxer/components/aptEventHandler.js

01:10:22 12/24/2025 [ 32928] [TRACE] [JS Framework] [CallbackManager.processGlobalFunctions] For runatFunctions member makePrimaryExpr: handledInScripts.hasOwnProperty=false; typeof candidate: function
stack:
  ->  [ModuleLogger.js:98] trace("For runatFunctions member makePrimaryExpr: handledInScripts.hasOwnProperty=false; typeof candidate: function")
  ->  [CallbackManager.js:410] processGlobalFunctions([object Object])
  ->  [CallbackManager.js:70] processCallbacks([object HTMLDocument])
  ->  [HandlePage.js:63] onHandlePage([object XPCWrappedNative_NoHelper],[object HTMLDocument])
  ->  [CoreEvents.js:293] fireEvent("HANDLE_PAGE",[object Array])
  ->  [CoreEvents.js:234] fire("PARSE_COMPLETE",[object XPCWrappedNative_NoHelper],[object HTMLDocument])
  ->  [aptEventHandler.js:337] observe([object XPCWrappedNative_NoHelper],"jaxerEvent.HTMLParseComplete",null)
paths:
  -> file:///E:/Aptana%20Jaxer%20Apache/Jaxer/Apache2-4Build/jaxer/framework/src/ModuleLogger.js
  -> file:///E:/Aptana%20Jaxer%20Apache/Jaxer/Apache2-4Build/jaxer/framework/src/CallbackManager.js
  -> file:///E:/Aptana%20Jaxer%20Apache/Jaxer/Apache2-4Build/jaxer/framework/src/HandlePage.js
  -> file:///E:/Aptana%20Jaxer%20Apache/Jaxer/Apache2-4Build/jaxer/framework/src/CoreEvents.js
  -> file:///E:/Aptana%20Jaxer%20Apache/Jaxer/Apache2-4Build/jaxer/components/aptEventHandler.js

01:10:22 12/24/2025 [ 32928] [TRACE] [JS Framework] [CallbackManager.processGlobalFunctions] source before: function makePrimaryExpr(pareno, expr, parenc) {
    return expr;
}
stack:
  ->  [ModuleLogger.js:98] trace("source before: function makePrimaryExpr(pareno, expr, parenc) {\n    return expr;\n}")
  ->  [CallbackManager.js:422] processGlobalFunctions([object Object])
  ->  [CallbackManager.js:70] processCallbacks([object HTMLDocument])
  ->  [HandlePage.js:63] onHandlePage([object XPCWrappedNative_NoHelper],[object HTMLDocument])
  ->  [CoreEvents.js:293] fireEvent("HANDLE_PAGE",[object Array])
  ->  [CoreEvents.js:234] fire("PARSE_COMPLETE",[object XPCWrappedNative_NoHelper],[object HTMLDocument])
  ->  [aptEventHandler.js:337] observe([object XPCWrappedNative_NoHelper],"jaxerEvent.HTMLParseComplete",null)
paths:
  -> file:///E:/Aptana%20Jaxer%20Apache/Jaxer/Apache2-4Build/jaxer/framework/src/ModuleLogger.js
  -> file:///E:/Aptana%20Jaxer%20Apache/Jaxer/Apache2-4Build/jaxer/framework/src/CallbackManager.js
  -> file:///E:/Aptana%20Jaxer%20Apache/Jaxer/Apache2-4Build/jaxer/framework/src/HandlePage.js
  -> file:///E:/Aptana%20Jaxer%20Apache/Jaxer/Apache2-4Build/jaxer/framework/src/CoreEvents.js
  -> file:///E:/Aptana%20Jaxer%20Apache/Jaxer/Apache2-4Build/jaxer/components/aptEventHandler.js

01:10:22 12/24/2025 [ 32928] [TRACE] [JS Framework] [CallbackManager.processGlobalFunctions] source after: function makePrimaryExpr(pareno, expr, parenc) {
    return expr;
}
stack:
  ->  [ModuleLogger.js:98] trace("source after: function makePrimaryExpr(pareno, expr, parenc) {\n    return expr;\n}")
  ->  [CallbackManager.js:431] processGlobalFunctions([object Object])
  ->  [CallbackManager.js:70] processCallbacks([object HTMLDocument])
  ->  [HandlePage.js:63] onHandlePage([object XPCWrappedNative_NoHelper],[object HTMLDocument])
  ->  [CoreEvents.js:293] fireEvent("HANDLE_PAGE",[object Array])
  ->  [CoreEvents.js:234] fire("PARSE_COMPLETE",[object XPCWrappedNative_NoHelper],[object HTMLDocument])
  ->  [aptEventHandler.js:337] observe([object XPCWrappedNative_NoHelper],"jaxerEvent.HTMLParseComplete",null)
paths:
  -> file:///E:/Aptana%20Jaxer%20Apache/Jaxer/Apache2-4Build/jaxer/framework/src/ModuleLogger.js
  -> file:///E:/Aptana%20Jaxer%20Apache/Jaxer/Apache2-4Build/jaxer/framework/src/CallbackManager.js
  -> file:///E:/Aptana%20Jaxer%20Apache/Jaxer/Apache2-4Build/jaxer/framework/src/HandlePage.js
  -> file:///E:/Aptana%20Jaxer%20Apache/Jaxer/Apache2-4Build/jaxer/framework/src/CoreEvents.js
  -> file:///E:/Aptana%20Jaxer%20Apache/Jaxer/Apache2-4Build/jaxer/components/aptEventHandler.js

01:10:22 12/24/2025 [ 32928] [DEBUG] [JS Framework] [CallbackManager.processGlobalFunctions] Processing global function 'makePrimaryExpr' with runat=server, proxy=false, effectiveRunat=server
stack:
  ->  [ModuleLogger.js:98] debug("Processing global function 'makePrimaryExpr' with runat=server, proxy=false, effectiveRunat=server")
  ->  [CallbackManager.js:452] processGlobalFunctions([object Object])
  ->  [CallbackManager.js:70] processCallbacks([object HTMLDocument])
  ->  [HandlePage.js:63] onHandlePage([object XPCWrappedNative_NoHelper],[object HTMLDocument])
  ->  [CoreEvents.js:293] fireEvent("HANDLE_PAGE",[object Array])
  ->  [CoreEvents.js:234] fire("PARSE_COMPLETE",[object XPCWrappedNative_NoHelper],[object HTMLDocument])
  ->  [aptEventHandler.js:337] observe([object XPCWrappedNative_NoHelper],"jaxerEvent.HTMLParseComplete",null)
paths:
  -> file:///E:/Aptana%20Jaxer%20Apache/Jaxer/Apache2-4Build/jaxer/framework/src/ModuleLogger.js
  -> file:///E:/Aptana%20Jaxer%20Apache/Jaxer/Apache2-4Build/jaxer/framework/src/CallbackManager.js
  -> file:///E:/Aptana%20Jaxer%20Apache/Jaxer/Apache2-4Build/jaxer/framework/src/HandlePage.js
  -> file:///E:/Aptana%20Jaxer%20Apache/Jaxer/Apache2-4Build/jaxer/framework/src/CoreEvents.js
  -> file:///E:/Aptana%20Jaxer%20Apache/Jaxer/Apache2-4Build/jaxer/components/aptEventHandler.js

01:10:22 12/24/2025 [ 32928] [TRACE] [JS Framework] [CallbackManager.processGlobalFunctions] For runatFunctions member makeFunctionCallExpr1: handledInScripts.hasOwnProperty=false; typeof candidate: function
stack:
  ->  [ModuleLogger.js:98] trace("For runatFunctions member makeFunctionCallExpr1: handledInScripts.hasOwnProperty=false; typeof candidate: function")
  ->  [CallbackManager.js:410] processGlobalFunctions([object Object])
  ->  [CallbackManager.js:70] processCallbacks([object HTMLDocument])
  ->  [HandlePage.js:63] onHandlePage([object XPCWrappedNative_NoHelper],[object HTMLDocument])
  ->  [CoreEvents.js:293] fireEvent("HANDLE_PAGE",[object Array])
  ->  [CoreEvents.js:234] fire("PARSE_COMPLETE",[object XPCWrappedNative_NoHelper],[object HTMLDocument])
  ->  [aptEventHandler.js:337] observe([object XPCWrappedNative_NoHelper],"jaxerEvent.HTMLParseComplete",null)
paths:
  -> file:///E:/Aptana%20Jaxer%20Apache/Jaxer/Apache2-4Build/jaxer/framework/src/ModuleLogger.js
  -> file:///E:/Aptana%20Jaxer%20Apache/Jaxer/Apache2-4Build/jaxer/framework/src/CallbackManager.js
  -> file:///E:/Aptana%20Jaxer%20Apache/Jaxer/Apache2-4Build/jaxer/framework/src/HandlePage.js
  -> file:///E:/Aptana%20Jaxer%20Apache/Jaxer/Apache2-4Build/jaxer/framework/src/CoreEvents.js
  -> file:///E:/Aptana%20Jaxer%20Apache/Jaxer/Apache2-4Build/jaxer/components/aptEventHandler.js

01:10:22 12/24/2025 [ 32928] [TRACE] [JS Framework] [CallbackManager.processGlobalFunctions] source before: function makeFunctionCallExpr1(name, pareno, parenc) {
    return new FunctionCallExpr(name);
}
stack:
  ->  [ModuleLogger.js:98] trace("source before: function makeFunctionCallExpr1(name, pareno, parenc) {\n    return new FunctionCallExpr(name);\n}")
  ->  [CallbackManager.js:422] processGlobalFunctions([object Object])
  ->  [CallbackManager.js:70] processCallbacks([object HTMLDocument])
  ->  [HandlePage.js:63] onHandlePage([object XPCWrappedNative_NoHelper],[object HTMLDocument])
  ->  [CoreEvents.js:293] fireEvent("HANDLE_PAGE",[object Array])
  ->  [CoreEvents.js:234] fire("PARSE_COMPLETE",[object XPCWrappedNative_NoHelper],[object HTMLDocument])
  ->  [aptEventHandler.js:337] observe([object XPCWrappedNative_NoHelper],"jaxerEvent.HTMLParseComplete",null)
paths:
  -> file:///E:/Aptana%20Jaxer%20Apache/Jaxer/Apache2-4Build/jaxer/framework/src/ModuleLogger.js
  -> file:///E:/Aptana%20Jaxer%20Apache/Jaxer/Apache2-4Build/jaxer/framework/src/CallbackManager.js
  -> file:///E:/Aptana%20Jaxer%20Apache/Jaxer/Apache2-4Build/jaxer/framework/src/HandlePage.js
  -> file:///E:/Aptana%20Jaxer%20Apache/Jaxer/Apache2-4Build/jaxer/framework/src/CoreEvents.js
  -> file:///E:/Aptana%20Jaxer%20Apache/Jaxer/Apache2-4Build/jaxer/components/aptEventHandler.js

01:10:22 12/24/2025 [ 32928] [TRACE] [JS Framework] [CallbackManager.processGlobalFunctions] source after: function makeFunctionCallExpr1(name, pareno, parenc) {
    return new FunctionCallExpr(name);
}
stack:
  ->  [ModuleLogger.js:98] trace("source after: function makeFunctionCallExpr1(name, pareno, parenc) {\n    return new FunctionCallExpr(name);\n}")
  ->  [CallbackManager.js:431] processGlobalFunctions([object Object])
  ->  [CallbackManager.js:70] processCallbacks([object HTMLDocument])
  ->  [HandlePage.js:63] onHandlePage([object XPCWrappedNative_NoHelper],[object HTMLDocument])
  ->  [CoreEvents.js:293] fireEvent("HANDLE_PAGE",[object Array])
  ->  [CoreEvents.js:234] fire("PARSE_COMPLETE",[object XPCWrappedNative_NoHelper],[object HTMLDocument])
  ->  [aptEventHandler.js:337] observe([object XPCWrappedNative_NoHelper],"jaxerEvent.HTMLParseComplete",null)
paths:
  -> file:///E:/Aptana%20Jaxer%20Apache/Jaxer/Apache2-4Build/jaxer/framework/src/ModuleLogger.js
  -> file:///E:/Aptana%20Jaxer%20Apache/Jaxer/Apache2-4Build/jaxer/framework/src/CallbackManager.js
  -> file:///E:/Aptana%20Jaxer%20Apache/Jaxer/Apache2-4Build/jaxer/framework/src/HandlePage.js
  -> file:///E:/Aptana%20Jaxer%20Apache/Jaxer/Apache2-4Build/jaxer/framework/src/CoreEvents.js
  -> file:///E:/Aptana%20Jaxer%20Apache/Jaxer/Apache2-4Build/jaxer/components/aptEventHandler.js

01:10:22 12/24/2025 [ 32928] [DEBUG] [JS Framework] [CallbackManager.processGlobalFunctions] Processing global function 'makeFunctionCallExpr1' with runat=server, proxy=false, effectiveRunat=server
stack:
  ->  [ModuleLogger.js:98] debug("Processing global function 'makeFunctionCallExpr1' with runat=server, proxy=false, effectiveRunat=server")
  ->  [CallbackManager.js:452] processGlobalFunctions([object Object])
  ->  [CallbackManager.js:70] processCallbacks([object HTMLDocument])
  ->  [HandlePage.js:63] onHandlePage([object XPCWrappedNative_NoHelper],[object HTMLDocument])
  ->  [CoreEvents.js:293] fireEvent("HANDLE_PAGE",[object Array])
  ->  [CoreEvents.js:234] fire("PARSE_COMPLETE",[object XPCWrappedNative_NoHelper],[object HTMLDocument])
  ->  [aptEventHandler.js:337] observe([object XPCWrappedNative_NoHelper],"jaxerEvent.HTMLParseComplete",null)
paths:
  -> file:///E:/Aptana%20Jaxer%20Apache/Jaxer/Apache2-4Build/jaxer/framework/src/ModuleLogger.js
  -> file:///E:/Aptana%20Jaxer%20Apache/Jaxer/Apache2-4Build/jaxer/framework/src/CallbackManager.js
  -> file:///E:/Aptana%20Jaxer%20Apache/Jaxer/Apache2-4Build/jaxer/framework/src/HandlePage.js
  -> file:///E:/Aptana%20Jaxer%20Apache/Jaxer/Apache2-4Build/jaxer/framework/src/CoreEvents.js
  -> file:///E:/Aptana%20Jaxer%20Apache/Jaxer/Apache2-4Build/jaxer/components/aptEventHandler.js

01:10:22 12/24/2025 [ 32928] [TRACE] [JS Framework] [CallbackManager.processGlobalFunctions] For runatFunctions member makeFunctionCallExpr2: handledInScripts.hasOwnProperty=false; typeof candidate: function
stack:
  ->  [ModuleLogger.js:98] trace("For runatFunctions member makeFunctionCallExpr2: handledInScripts.hasOwnProperty=false; typeof candidate: function")
  ->  [CallbackManager.js:410] processGlobalFunctions([object Object])
  ->  [CallbackManager.js:70] processCallbacks([object HTMLDocument])
  ->  [HandlePage.js:63] onHandlePage([object XPCWrappedNative_NoHelper],[object HTMLDocument])
  ->  [CoreEvents.js:293] fireEvent("HANDLE_PAGE",[object Array])
  ->  [CoreEvents.js:234] fire("PARSE_COMPLETE",[object XPCWrappedNative_NoHelper],[object HTMLDocument])
  ->  [aptEventHandler.js:337] observe([object XPCWrappedNative_NoHelper],"jaxerEvent.HTMLParseComplete",null)
paths:
  -> file:///E:/Aptana%20Jaxer%20Apache/Jaxer/Apache2-4Build/jaxer/framework/src/ModuleLogger.js
  -> file:///E:/Aptana%20Jaxer%20Apache/Jaxer/Apache2-4Build/jaxer/framework/src/CallbackManager.js
  -> file:///E:/Aptana%20Jaxer%20Apache/Jaxer/Apache2-4Build/jaxer/framework/src/HandlePage.js
  -> file:///E:/Aptana%20Jaxer%20Apache/Jaxer/Apache2-4Build/jaxer/framework/src/CoreEvents.js
  -> file:///E:/Aptana%20Jaxer%20Apache/Jaxer/Apache2-4Build/jaxer/components/aptEventHandler.js

01:10:22 12/24/2025 [ 32928] [TRACE] [JS Framework] [CallbackManager.processGlobalFunctions] source before: function makeFunctionCallExpr2(name, pareno, arg1, args, parenc) {
    var ret = new FunctionCallExpr(name);
    ret.appendArg(arg1);
    for (var i = 0; i < args.length; ++i) {
        ret.appendArg(args[i]);
    }
    return ret;
}
stack:
  ->  [ModuleLogger.js:98] trace("source before: function makeFunctionCallExpr2(name, pareno, arg1, args, parenc) {\n    var ret = new FunctionCallExpr(name);\n    ret.appendArg(arg1);\n    for (var i = 0; i < args.length; ++i) {\n        ret.appendArg(args[i]);\n    }\n    return ret;\n}")
  ->  [CallbackManager.js:422] processGlobalFunctions([object Object])
  ->  [CallbackManager.js:70] processCallbacks([object HTMLDocument])
  ->  [HandlePage.js:63] onHandlePage([object XPCWrappedNative_NoHelper],[object HTMLDocument])
  ->  [CoreEvents.js:293] fireEvent("HANDLE_PAGE",[object Array])
  ->  [CoreEvents.js:234] fire("PARSE_COMPLETE",[object XPCWrappedNative_NoHelper],[object HTMLDocument])
  ->  [aptEventHandler.js:337] observe([object XPCWrappedNative_NoHelper],"jaxerEvent.HTMLParseComplete",null)
paths:
  -> file:///E:/Aptana%20Jaxer%20Apache/Jaxer/Apache2-4Build/jaxer/framework/src/ModuleLogger.js
  -> file:///E:/Aptana%20Jaxer%20Apache/Jaxer/Apache2-4Build/jaxer/framework/src/CallbackManager.js
  -> file:///E:/Aptana%20Jaxer%20Apache/Jaxer/Apache2-4Build/jaxer/framework/src/HandlePage.js
  -> file:///E:/Aptana%20Jaxer%20Apache/Jaxer/Apache2-4Build/jaxer/framework/src/CoreEvents.js
  -> file:///E:/Aptana%20Jaxer%20Apache/Jaxer/Apache2-4Build/jaxer/components/aptEventHandler.js

01:10:22 12/24/2025 [ 32928] [TRACE] [JS Framework] [CallbackManager.processGlobalFunctions] source after: function makeFunctionCallExpr2(name, pareno, arg1, args, parenc) {
    var ret = new FunctionCallExpr(name);
    ret.appendArg(arg1);
    for (var i = 0; i < args.length; ++i) {
        ret.appendArg(args[i]);
    }
    return ret;
}
stack:
  ->  [ModuleLogger.js:98] trace("source after: function makeFunctionCallExpr2(name, pareno, arg1, args, parenc) {\n    var ret = new FunctionCallExpr(name);\n    ret.appendArg(arg1);\n    for (var i = 0; i < args.length; ++i) {\n        ret.appendArg(args[i]);\n    }\n    return ret;\n}")
  ->  [CallbackManager.js:431] processGlobalFunctions([object Object])
  ->  [CallbackManager.js:70] processCallbacks([object HTMLDocument])
  ->  [HandlePage.js:63] onHandlePage([object XPCWrappedNative_NoHelper],[object HTMLDocument])
  ->  [CoreEvents.js:293] fireEvent("HANDLE_PAGE",[object Array])
  ->  [CoreEvents.js:234] fire("PARSE_COMPLETE",[object XPCWrappedNative_NoHelper],[object HTMLDocument])
  ->  [aptEventHandler.js:337] observe([object XPCWrappedNative_NoHelper],"jaxerEvent.HTMLParseComplete",null)
paths:
  -> file:///E:/Aptana%20Jaxer%20Apache/Jaxer/Apache2-4Build/jaxer/framework/src/ModuleLogger.js
  -> file:///E:/Aptana%20Jaxer%20Apache/Jaxer/Apache2-4Build/jaxer/framework/src/CallbackManager.js
  -> file:///E:/Aptana%20Jaxer%20Apache/Jaxer/Apache2-4Build/jaxer/framework/src/HandlePage.js
  -> file:///E:/Aptana%20Jaxer%20Apache/Jaxer/Apache2-4Build/jaxer/framework/src/CoreEvents.js
  -> file:///E:/Aptana%20Jaxer%20Apache/Jaxer/Apache2-4Build/jaxer/components/aptEventHandler.js

01:10:22 12/24/2025 [ 32928] [DEBUG] [JS Framework] [CallbackManager.processGlobalFunctions] Processing global function 'makeFunctionCallExpr2' with runat=server, proxy=false, effectiveRunat=server
stack:
  ->  [ModuleLogger.js:98] debug("Processing global function 'makeFunctionCallExpr2' with runat=server, proxy=false, effectiveRunat=server")
  ->  [CallbackManager.js:452] processGlobalFunctions([object Object])
  ->  [CallbackManager.js:70] processCallbacks([object HTMLDocument])
  ->  [HandlePage.js:63] onHandlePage([object XPCWrappedNative_NoHelper],[object HTMLDocument])
  ->  [CoreEvents.js:293] fireEvent("HANDLE_PAGE",[object Array])
  ->  [CoreEvents.js:234] fire("PARSE_COMPLETE",[object XPCWrappedNative_NoHelper],[object HTMLDocument])
  ->  [aptEventHandler.js:337] observe([object XPCWrappedNative_NoHelper],"jaxerEvent.HTMLParseComplete",null)
paths:
  -> file:///E:/Aptana%20Jaxer%20Apache/Jaxer/Apache2-4Build/jaxer/framework/src/ModuleLogger.js
  -> file:///E:/Aptana%20Jaxer%20Apache/Jaxer/Apache2-4Build/jaxer/framework/src/CallbackManager.js
  -> file:///E:/Aptana%20Jaxer%20Apache/Jaxer/Apache2-4Build/jaxer/framework/src/HandlePage.js
  -> file:///E:/Aptana%20Jaxer%20Apache/Jaxer/Apache2-4Build/jaxer/framework/src/CoreEvents.js
  -> file:///E:/Aptana%20Jaxer%20Apache/Jaxer/Apache2-4Build/jaxer/components/aptEventHandler.js

01:10:22 12/24/2025 [ 32928] [TRACE] [JS Framework] [CallbackManager.processGlobalFunctions] For runatFunctions member makeArgumentExpr: handledInScripts.hasOwnProperty=false; typeof candidate: function
stack:
  ->  [ModuleLogger.js:98] trace("For runatFunctions member makeArgumentExpr: handledInScripts.hasOwnProperty=false; typeof candidate: function")
  ->  [CallbackManager.js:410] processGlobalFunctions([object Object])
  ->  [CallbackManager.js:70] processCallbacks([object HTMLDocument])
  ->  [HandlePage.js:63] onHandlePage([object XPCWrappedNative_NoHelper],[object HTMLDocument])
  ->  [CoreEvents.js:293] fireEvent("HANDLE_PAGE",[object Array])
  ->  [CoreEvents.js:234] fire("PARSE_COMPLETE",[object XPCWrappedNative_NoHelper],[object HTMLDocument])
  ->  [aptEventHandler.js:337] observe([object XPCWrappedNative_NoHelper],"jaxerEvent.HTMLParseComplete",null)
paths:
  -> file:///E:/Aptana%20Jaxer%20Apache/Jaxer/Apache2-4Build/jaxer/framework/src/ModuleLogger.js
  -> file:///E:/Aptana%20Jaxer%20Apache/Jaxer/Apache2-4Build/jaxer/framework/src/CallbackManager.js
  -> file:///E:/Aptana%20Jaxer%20Apache/Jaxer/Apache2-4Build/jaxer/framework/src/HandlePage.js
  -> file:///E:/Aptana%20Jaxer%20Apache/Jaxer/Apache2-4Build/jaxer/framework/src/CoreEvents.js
  -> file:///E:/Aptana%20Jaxer%20Apache/Jaxer/Apache2-4Build/jaxer/components/aptEventHandler.js

01:10:22 12/24/2025 [ 32928] [TRACE] [JS Framework] [CallbackManager.processGlobalFunctions] source before: function makeArgumentExpr(comma, expr) {
    return expr;
}
stack:
  ->  [ModuleLogger.js:98] trace("source before: function makeArgumentExpr(comma, expr) {\n    return expr;\n}")
  ->  [CallbackManager.js:422] processGlobalFunctions([object Object])
  ->  [CallbackManager.js:70] processCallbacks([object HTMLDocument])
  ->  [HandlePage.js:63] onHandlePage([object XPCWrappedNative_NoHelper],[object HTMLDocument])
  ->  [CoreEvents.js:293] fireEvent("HANDLE_PAGE",[object Array])
  ->  [CoreEvents.js:234] fire("PARSE_COMPLETE",[object XPCWrappedNative_NoHelper],[object HTMLDocument])
  ->  [aptEventHandler.js:337] observe([object XPCWrappedNative_NoHelper],"jaxerEvent.HTMLParseComplete",null)
paths:
  -> file:///E:/Aptana%20Jaxer%20Apache/Jaxer/Apache2-4Build/jaxer/framework/src/ModuleLogger.js
  -> file:///E:/Aptana%20Jaxer%20Apache/Jaxer/Apache2-4Build/jaxer/framework/src/CallbackManager.js
  -> file:///E:/Aptana%20Jaxer%20Apache/Jaxer/Apache2-4Build/jaxer/framework/src/HandlePage.js
  -> file:///E:/Aptana%20Jaxer%20Apache/Jaxer/Apache2-4Build/jaxer/framework/src/CoreEvents.js
  -> file:///E:/Aptana%20Jaxer%20Apache/Jaxer/Apache2-4Build/jaxer/components/aptEventHandler.js

01:10:22 12/24/2025 [ 32928] [TRACE] [JS Framework] [CallbackManager.processGlobalFunctions] source after: function makeArgumentExpr(comma, expr) {
    return expr;
}
stack:
  ->  [ModuleLogger.js:98] trace("source after: function makeArgumentExpr(comma, expr) {\n    return expr;\n}")
  ->  [CallbackManager.js:431] processGlobalFunctions([object Object])
  ->  [CallbackManager.js:70] processCallbacks([object HTMLDocument])
  ->  [HandlePage.js:63] onHandlePage([object XPCWrappedNative_NoHelper],[object HTMLDocument])
  ->  [CoreEvents.js:293] fireEvent("HANDLE_PAGE",[object Array])
  ->  [CoreEvents.js:234] fire("PARSE_COMPLETE",[object XPCWrappedNative_NoHelper],[object HTMLDocument])
  ->  [aptEventHandler.js:337] observe([object XPCWrappedNative_NoHelper],"jaxerEvent.HTMLParseComplete",null)
paths:
  -> file:///E:/Aptana%20Jaxer%20Apache/Jaxer/Apache2-4Build/jaxer/framework/src/ModuleLogger.js
  -> file:///E:/Aptana%20Jaxer%20Apache/Jaxer/Apache2-4Build/jaxer/framework/src/CallbackManager.js
  -> file:///E:/Aptana%20Jaxer%20Apache/Jaxer/Apache2-4Build/jaxer/framework/src/HandlePage.js
  -> file:///E:/Aptana%20Jaxer%20Apache/Jaxer/Apache2-4Build/jaxer/framework/src/CoreEvents.js
  -> file:///E:/Aptana%20Jaxer%20Apache/Jaxer/Apache2-4Build/jaxer/components/aptEventHandler.js

01:10:22 12/24/2025 [ 32928] [DEBUG] [JS Framework] [CallbackManager.processGlobalFunctions] Processing global function 'makeArgumentExpr' with runat=server, proxy=false, effectiveRunat=server
stack:
  ->  [ModuleLogger.js:98] debug("Processing global function 'makeArgumentExpr' with runat=server, proxy=false, effectiveRunat=server")
  ->  [CallbackManager.js:452] processGlobalFunctions([object Object])
  ->  [CallbackManager.js:70] processCallbacks([object HTMLDocument])
  ->  [HandlePage.js:63] onHandlePage([object XPCWrappedNative_NoHelper],[object HTMLDocument])
  ->  [CoreEvents.js:293] fireEvent("HANDLE_PAGE",[object Array])
  ->  [CoreEvents.js:234] fire("PARSE_COMPLETE",[object XPCWrappedNative_NoHelper],[object HTMLDocument])
  ->  [aptEventHandler.js:337] observe([object XPCWrappedNative_NoHelper],"jaxerEvent.HTMLParseComplete",null)
paths:
  -> file:///E:/Aptana%20Jaxer%20Apache/Jaxer/Apache2-4Build/jaxer/framework/src/ModuleLogger.js
  -> file:///E:/Aptana%20Jaxer%20Apache/Jaxer/Apache2-4Build/jaxer/framework/src/CallbackManager.js
  -> file:///E:/Aptana%20Jaxer%20Apache/Jaxer/Apache2-4Build/jaxer/framework/src/HandlePage.js
  -> file:///E:/Aptana%20Jaxer%20Apache/Jaxer/Apache2-4Build/jaxer/framework/src/CoreEvents.js
  -> file:///E:/Aptana%20Jaxer%20Apache/Jaxer/Apache2-4Build/jaxer/components/aptEventHandler.js

01:10:22 12/24/2025 [ 32928] [TRACE] [JS Framework] [CallbackManager.processGlobalFunctions] For runatFunctions member makeUnionExpr: handledInScripts.hasOwnProperty=false; typeof candidate: function
stack:
  ->  [ModuleLogger.js:98] trace("For runatFunctions member makeUnionExpr: handledInScripts.hasOwnProperty=false; typeof candidate: function")
  ->  [CallbackManager.js:410] processGlobalFunctions([object Object])
  ->  [CallbackManager.js:70] processCallbacks([object HTMLDocument])
  ->  [HandlePage.js:63] onHandlePage([object XPCWrappedNative_NoHelper],[object HTMLDocument])
  ->  [CoreEvents.js:293] fireEvent("HANDLE_PAGE",[object Array])
  ->  [CoreEvents.js:234] fire("PARSE_COMPLETE",[object XPCWrappedNative_NoHelper],[object HTMLDocument])
  ->  [aptEventHandler.js:337] observe([object XPCWrappedNative_NoHelper],"jaxerEvent.HTMLParseComplete",null)
paths:
  -> file:///E:/Aptana%20Jaxer%20Apache/Jaxer/Apache2-4Build/jaxer/framework/src/ModuleLogger.js
  -> file:///E:/Aptana%20Jaxer%20Apache/Jaxer/Apache2-4Build/jaxer/framework/src/CallbackManager.js
  -> file:///E:/Aptana%20Jaxer%20Apache/Jaxer/Apache2-4Build/jaxer/framework/src/HandlePage.js
  -> file:///E:/Aptana%20Jaxer%20Apache/Jaxer/Apache2-4Build/jaxer/framework/src/CoreEvents.js
  -> file:///E:/Aptana%20Jaxer%20Apache/Jaxer/Apache2-4Build/jaxer/components/aptEventHandler.js

01:10:22 12/24/2025 [ 32928] [TRACE] [JS Framework] [CallbackManager.processGlobalFunctions] source before: function makeUnionExpr(expr1, pipe, expr2) {
    return new UnionExpr(expr1, expr2);
}
stack:
  ->  [ModuleLogger.js:98] trace("source before: function makeUnionExpr(expr1, pipe, expr2) {\n    return new UnionExpr(expr1, expr2);\n}")
  ->  [CallbackManager.js:422] processGlobalFunctions([object Object])
  ->  [CallbackManager.js:70] processCallbacks([object HTMLDocument])
  ->  [HandlePage.js:63] onHandlePage([object XPCWrappedNative_NoHelper],[object HTMLDocument])
  ->  [CoreEvents.js:293] fireEvent("HANDLE_PAGE",[object Array])
  ->  [CoreEvents.js:234] fire("PARSE_COMPLETE",[object XPCWrappedNative_NoHelper],[object HTMLDocument])
  ->  [aptEventHandler.js:337] observe([object XPCWrappedNative_NoHelper],"jaxerEvent.HTMLParseComplete",null)
paths:
  -> file:///E:/Aptana%20Jaxer%20Apache/Jaxer/Apache2-4Build/jaxer/framework/src/ModuleLogger.js
  -> file:///E:/Aptana%20Jaxer%20Apache/Jaxer/Apache2-4Build/jaxer/framework/src/CallbackManager.js
  -> file:///E:/Aptana%20Jaxer%20Apache/Jaxer/Apache2-4Build/jaxer/framework/src/HandlePage.js
  -> file:///E:/Aptana%20Jaxer%20Apache/Jaxer/Apache2-4Build/jaxer/framework/src/CoreEvents.js
  -> file:///E:/Aptana%20Jaxer%20Apache/Jaxer/Apache2-4Build/jaxer/components/aptEventHandler.js

01:10:22 12/24/2025 [ 32928] [TRACE] [JS Framework] [CallbackManager.processGlobalFunctions] source after: function makeUnionExpr(expr1, pipe, expr2) {
    return new UnionExpr(expr1, expr2);
}
stack:
  ->  [ModuleLogger.js:98] trace("source after: function makeUnionExpr(expr1, pipe, expr2) {\n    return new UnionExpr(expr1, expr2);\n}")
  ->  [CallbackManager.js:431] processGlobalFunctions([object Object])
  ->  [CallbackManager.js:70] processCallbacks([object HTMLDocument])
  ->  [HandlePage.js:63] onHandlePage([object XPCWrappedNative_NoHelper],[object HTMLDocument])
  ->  [CoreEvents.js:293] fireEvent("HANDLE_PAGE",[object Array])
  ->  [CoreEvents.js:234] fire("PARSE_COMPLETE",[object XPCWrappedNative_NoHelper],[object HTMLDocument])
  ->  [aptEventHandler.js:337] observe([object XPCWrappedNative_NoHelper],"jaxerEvent.HTMLParseComplete",null)
paths:
  -> file:///E:/Aptana%20Jaxer%20Apache/Jaxer/Apache2-4Build/jaxer/framework/src/ModuleLogger.js
  -> file:///E:/Aptana%20Jaxer%20Apache/Jaxer/Apache2-4Build/jaxer/framework/src/CallbackManager.js
  -> file:///E:/Aptana%20Jaxer%20Apache/Jaxer/Apache2-4Build/jaxer/framework/src/HandlePage.js
  -> file:///E:/Aptana%20Jaxer%20Apache/Jaxer/Apache2-4Build/jaxer/framework/src/CoreEvents.js
  -> file:///E:/Aptana%20Jaxer%20Apache/Jaxer/Apache2-4Build/jaxer/components/aptEventHandler.js

01:10:22 12/24/2025 [ 32928] [DEBUG] [JS Framework] [CallbackManager.processGlobalFunctions] Processing global function 'makeUnionExpr' with runat=server, proxy=false, effectiveRunat=server
stack:
  ->  [ModuleLogger.js:98] debug("Processing global function 'makeUnionExpr' with runat=server, proxy=false, effectiveRunat=server")
  ->  [CallbackManager.js:452] processGlobalFunctions([object Object])
  ->  [CallbackManager.js:70] processCallbacks([object HTMLDocument])
  ->  [HandlePage.js:63] onHandlePage([object XPCWrappedNative_NoHelper],[object HTMLDocument])
  ->  [CoreEvents.js:293] fireEvent("HANDLE_PAGE",[object Array])
  ->  [CoreEvents.js:234] fire("PARSE_COMPLETE",[object XPCWrappedNative_NoHelper],[object HTMLDocument])
  ->  [aptEventHandler.js:337] observe([object XPCWrappedNative_NoHelper],"jaxerEvent.HTMLParseComplete",null)
paths:
  -> file:///E:/Aptana%20Jaxer%20Apache/Jaxer/Apache2-4Build/jaxer/framework/src/ModuleLogger.js
  -> file:///E:/Aptana%20Jaxer%20Apache/Jaxer/Apache2-4Build/jaxer/framework/src/CallbackManager.js
  -> file:///E:/Aptana%20Jaxer%20Apache/Jaxer/Apache2-4Build/jaxer/framework/src/HandlePage.js
  -> file:///E:/Aptana%20Jaxer%20Apache/Jaxer/Apache2-4Build/jaxer/framework/src/CoreEvents.js
  -> file:///E:/Aptana%20Jaxer%20Apache/Jaxer/Apache2-4Build/jaxer/components/aptEventHandler.js

01:10:22 12/24/2025 [ 32928] [TRACE] [JS Framework] [CallbackManager.processGlobalFunctions] For runatFunctions member makePathExpr1: handledInScripts.hasOwnProperty=false; typeof candidate: function
stack:
  ->  [ModuleLogger.js:98] trace("For runatFunctions member makePathExpr1: handledInScripts.hasOwnProperty=false; typeof candidate: function")
  ->  [CallbackManager.js:410] processGlobalFunctions([object Object])
  ->  [CallbackManager.js:70] processCallbacks([object HTMLDocument])
  ->  [HandlePage.js:63] onHandlePage([object XPCWrappedNative_NoHelper],[object HTMLDocument])
  ->  [CoreEvents.js:293] fireEvent("HANDLE_PAGE",[object Array])
  ->  [CoreEvents.js:234] fire("PARSE_COMPLETE",[object XPCWrappedNative_NoHelper],[object HTMLDocument])
  ->  [aptEventHandler.js:337] observe([object XPCWrappedNative_NoHelper],"jaxerEvent.HTMLParseComplete",null)
paths:
  -> file:///E:/Aptana%20Jaxer%20Apache/Jaxer/Apache2-4Build/jaxer/framework/src/ModuleLogger.js
  -> file:///E:/Aptana%20Jaxer%20Apache/Jaxer/Apache2-4Build/jaxer/framework/src/CallbackManager.js
  -> file:///E:/Aptana%20Jaxer%20Apache/Jaxer/Apache2-4Build/jaxer/framework/src/HandlePage.js
  -> file:///E:/Aptana%20Jaxer%20Apache/Jaxer/Apache2-4Build/jaxer/framework/src/CoreEvents.js
  -> file:///E:/Aptana%20Jaxer%20Apache/Jaxer/Apache2-4Build/jaxer/components/aptEventHandler.js

01:10:22 12/24/2025 [ 32928] [TRACE] [JS Framework] [CallbackManager.processGlobalFunctions] source before: function makePathExpr1(filter, slash, rel) {
    return new PathExpr(filter, rel);
}
stack:
  ->  [ModuleLogger.js:98] trace("source before: function makePathExpr1(filter, slash, rel) {\n    return new PathExpr(filter, rel);\n}")
  ->  [CallbackManager.js:422] processGlobalFunctions([object Object])
  ->  [CallbackManager.js:70] processCallbacks([object HTMLDocument])
  ->  [HandlePage.js:63] onHandlePage([object XPCWrappedNative_NoHelper],[object HTMLDocument])
  ->  [CoreEvents.js:293] fireEvent("HANDLE_PAGE",[object Array])
  ->  [CoreEvents.js:234] fire("PARSE_COMPLETE",[object XPCWrappedNative_NoHelper],[object HTMLDocument])
  ->  [aptEventHandler.js:337] observe([object XPCWrappedNative_NoHelper],"jaxerEvent.HTMLParseComplete",null)
paths:
  -> file:///E:/Aptana%20Jaxer%20Apache/Jaxer/Apache2-4Build/jaxer/framework/src/ModuleLogger.js
  -> file:///E:/Aptana%20Jaxer%20Apache/Jaxer/Apache2-4Build/jaxer/framework/src/CallbackManager.js
  -> file:///E:/Aptana%20Jaxer%20Apache/Jaxer/Apache2-4Build/jaxer/framework/src/HandlePage.js
  -> file:///E:/Aptana%20Jaxer%20Apache/Jaxer/Apache2-4Build/jaxer/framework/src/CoreEvents.js
  -> file:///E:/Aptana%20Jaxer%20Apache/Jaxer/Apache2-4Build/jaxer/components/aptEventHandler.js

01:10:22 12/24/2025 [ 32928] [TRACE] [JS Framework] [CallbackManager.processGlobalFunctions] source after: function makePathExpr1(filter, slash, rel) {
    return new PathExpr(filter, rel);
}
stack:
  ->  [ModuleLogger.js:98] trace("source after: function makePathExpr1(filter, slash, rel) {\n    return new PathExpr(filter, rel);\n}")
  ->  [CallbackManager.js:431] processGlobalFunctions([object Object])
  ->  [CallbackManager.js:70] processCallbacks([object HTMLDocument])
  ->  [HandlePage.js:63] onHandlePage([object XPCWrappedNative_NoHelper],[object HTMLDocument])
  ->  [CoreEvents.js:293] fireEvent("HANDLE_PAGE",[object Array])
  ->  [CoreEvents.js:234] fire("PARSE_COMPLETE",[object XPCWrappedNative_NoHelper],[object HTMLDocument])
  ->  [aptEventHandler.js:337] observe([object XPCWrappedNative_NoHelper],"jaxerEvent.HTMLParseComplete",null)
paths:
  -> file:///E:/Aptana%20Jaxer%20Apache/Jaxer/Apache2-4Build/jaxer/framework/src/ModuleLogger.js
  -> file:///E:/Aptana%20Jaxer%20Apache/Jaxer/Apache2-4Build/jaxer/framework/src/CallbackManager.js
  -> file:///E:/Aptana%20Jaxer%20Apache/Jaxer/Apache2-4Build/jaxer/framework/src/HandlePage.js
  -> file:///E:/Aptana%20Jaxer%20Apache/Jaxer/Apache2-4Build/jaxer/framework/src/CoreEvents.js
  -> file:///E:/Aptana%20Jaxer%20Apache/Jaxer/Apache2-4Build/jaxer/components/aptEventHandler.js

01:10:22 12/24/2025 [ 32928] [DEBUG] [JS Framework] [CallbackManager.processGlobalFunctions] Processing global function 'makePathExpr1' with runat=server, proxy=false, effectiveRunat=server
stack:
  ->  [ModuleLogger.js:98] debug("Processing global function 'makePathExpr1' with runat=server, proxy=false, effectiveRunat=server")
  ->  [CallbackManager.js:452] processGlobalFunctions([object Object])
  ->  [CallbackManager.js:70] processCallbacks([object HTMLDocument])
  ->  [HandlePage.js:63] onHandlePage([object XPCWrappedNative_NoHelper],[object HTMLDocument])
  ->  [CoreEvents.js:293] fireEvent("HANDLE_PAGE",[object Array])
  ->  [CoreEvents.js:234] fire("PARSE_COMPLETE",[object XPCWrappedNative_NoHelper],[object HTMLDocument])
  ->  [aptEventHandler.js:337] observe([object XPCWrappedNative_NoHelper],"jaxerEvent.HTMLParseComplete",null)
paths:
  -> file:///E:/Aptana%20Jaxer%20Apache/Jaxer/Apache2-4Build/jaxer/framework/src/ModuleLogger.js
  -> file:///E:/Aptana%20Jaxer%20Apache/Jaxer/Apache2-4Build/jaxer/framework/src/CallbackManager.js
  -> file:///E:/Aptana%20Jaxer%20Apache/Jaxer/Apache2-4Build/jaxer/framework/src/HandlePage.js
  -> file:///E:/Aptana%20Jaxer%20Apache/Jaxer/Apache2-4Build/jaxer/framework/src/CoreEvents.js
  -> file:///E:/Aptana%20Jaxer%20Apache/Jaxer/Apache2-4Build/jaxer/components/aptEventHandler.js

01:10:22 12/24/2025 [ 32928] [TRACE] [JS Framework] [CallbackManager.processGlobalFunctions] For runatFunctions member makePathExpr2: handledInScripts.hasOwnProperty=false; typeof candidate: function
stack:
  ->  [ModuleLogger.js:98] trace("For runatFunctions member makePathExpr2: handledInScripts.hasOwnProperty=false; typeof candidate: function")
  ->  [CallbackManager.js:410] processGlobalFunctions([object Object])
  ->  [CallbackManager.js:70] processCallbacks([object HTMLDocument])
  ->  [HandlePage.js:63] onHandlePage([object XPCWrappedNative_NoHelper],[object HTMLDocument])
  ->  [CoreEvents.js:293] fireEvent("HANDLE_PAGE",[object Array])
  ->  [CoreEvents.js:234] fire("PARSE_COMPLETE",[object XPCWrappedNative_NoHelper],[object HTMLDocument])
  ->  [aptEventHandler.js:337] observe([object XPCWrappedNative_NoHelper],"jaxerEvent.HTMLParseComplete",null)
paths:
  -> file:///E:/Aptana%20Jaxer%20Apache/Jaxer/Apache2-4Build/jaxer/framework/src/ModuleLogger.js
  -> file:///E:/Aptana%20Jaxer%20Apache/Jaxer/Apache2-4Build/jaxer/framework/src/CallbackManager.js
  -> file:///E:/Aptana%20Jaxer%20Apache/Jaxer/Apache2-4Build/jaxer/framework/src/HandlePage.js
  -> file:///E:/Aptana%20Jaxer%20Apache/Jaxer/Apache2-4Build/jaxer/framework/src/CoreEvents.js
  -> file:///E:/Aptana%20Jaxer%20Apache/Jaxer/Apache2-4Build/jaxer/components/aptEventHandler.js

