01:10:20 12/24/2025 [ 32928] [TRACE] [JS Framework] [Includer.setRunat] Set runat='server' on function named 'mapExpr'
stack:
  ->  [ModuleLogger.js:98] trace("Set runat='server' on function named 'mapExpr'")
  ->  [Includer.js:345] setRunat("mapExpr",8,[object Array])
  ->  [Includer.js:336] load("http://localhost:8081/aptana/samples/rss-sample/lib/ajaxslt-0.8.1/util.js",[object ChromeWindow],"server",false,false,false)
  ->  [NewElement.js:67] load("tempLoad_0.78770015761284311766502620207")
  ->  [index.html:20] <no name>
paths:
  -> file:///E:/Aptana%20Jaxer%20Apache/Jaxer/Apache2-4Build/jaxer/framework/src/ModuleLogger.js
  -> file:///E:/Aptana%20Jaxer%20Apache/Jaxer/Apache2-4Build/jaxer/framework/src/Includer.js
  -> file:///E:/Aptana%20Jaxer%20Apache/Jaxer/Apache2-4Build/jaxer/framework/src/NewElement.js
  -> http://localhost:8081/aptana/samples/rss-sample/index.html

01:10:20 12/24/2025 [ 32928] [TRACE] [JS Framework] [Includer.setRunat] Set runat='server' on function named 'reverseInplace'
stack:
  ->  [ModuleLogger.js:98] trace("Set runat='server' on function named 'reverseInplace'")
  ->  [Includer.js:345] setRunat("reverseInplace",9,[object Array])
  ->  [Includer.js:336] load("http://localhost:8081/aptana/samples/rss-sample/lib/ajaxslt-0.8.1/util.js",[object ChromeWindow],"server",false,false,false)
  ->  [NewElement.js:67] load("tempLoad_0.78770015761284311766502620207")
  ->  [index.html:20] <no name>
paths:
  -> file:///E:/Aptana%20Jaxer%20Apache/Jaxer/Apache2-4Build/jaxer/framework/src/ModuleLogger.js
  -> file:///E:/Aptana%20Jaxer%20Apache/Jaxer/Apache2-4Build/jaxer/framework/src/Includer.js
  -> file:///E:/Aptana%20Jaxer%20Apache/Jaxer/Apache2-4Build/jaxer/framework/src/NewElement.js
  -> http://localhost:8081/aptana/samples/rss-sample/index.html

01:10:20 12/24/2025 [ 32928] [TRACE] [JS Framework] [Includer.setRunat] Set runat='server' on function named 'removeFromArray'
stack:
  ->  [ModuleLogger.js:98] trace("Set runat='server' on function named 'removeFromArray'")
  ->  [Includer.js:345] setRunat("removeFromArray",10,[object Array])
  ->  [Includer.js:336] load("http://localhost:8081/aptana/samples/rss-sample/lib/ajaxslt-0.8.1/util.js",[object ChromeWindow],"server",false,false,false)
  ->  [NewElement.js:67] load("tempLoad_0.78770015761284311766502620207")
  ->  [index.html:20] <no name>
paths:
  -> file:///E:/Aptana%20Jaxer%20Apache/Jaxer/Apache2-4Build/jaxer/framework/src/ModuleLogger.js
  -> file:///E:/Aptana%20Jaxer%20Apache/Jaxer/Apache2-4Build/jaxer/framework/src/Includer.js
  -> file:///E:/Aptana%20Jaxer%20Apache/Jaxer/Apache2-4Build/jaxer/framework/src/NewElement.js
  -> http://localhost:8081/aptana/samples/rss-sample/index.html

01:10:20 12/24/2025 [ 32928] [TRACE] [JS Framework] [Includer.setRunat] Set runat='server' on function named 'copyArray'
stack:
  ->  [ModuleLogger.js:98] trace("Set runat='server' on function named 'copyArray'")
  ->  [Includer.js:345] setRunat("copyArray",11,[object Array])
  ->  [Includer.js:336] load("http://localhost:8081/aptana/samples/rss-sample/lib/ajaxslt-0.8.1/util.js",[object ChromeWindow],"server",false,false,false)
  ->  [NewElement.js:67] load("tempLoad_0.78770015761284311766502620207")
  ->  [index.html:20] <no name>
paths:
  -> file:///E:/Aptana%20Jaxer%20Apache/Jaxer/Apache2-4Build/jaxer/framework/src/ModuleLogger.js
  -> file:///E:/Aptana%20Jaxer%20Apache/Jaxer/Apache2-4Build/jaxer/framework/src/Includer.js
  -> file:///E:/Aptana%20Jaxer%20Apache/Jaxer/Apache2-4Build/jaxer/framework/src/NewElement.js
  -> http://localhost:8081/aptana/samples/rss-sample/index.html

01:10:20 12/24/2025 [ 32928] [TRACE] [JS Framework] [Includer.setRunat] Set runat='server' on function named 'copyArrayIgnoringAttributesWithoutValue'
stack:
  ->  [ModuleLogger.js:98] trace("Set runat='server' on function named 'copyArrayIgnoringAttributesWithoutValue'")
  ->  [Includer.js:345] setRunat("copyArrayIgnoringAttributesWithoutValue",12,[object Array])
  ->  [Includer.js:336] load("http://localhost:8081/aptana/samples/rss-sample/lib/ajaxslt-0.8.1/util.js",[object ChromeWindow],"server",false,false,false)
  ->  [NewElement.js:67] load("tempLoad_0.78770015761284311766502620207")
  ->  [index.html:20] <no name>
paths:
  -> file:///E:/Aptana%20Jaxer%20Apache/Jaxer/Apache2-4Build/jaxer/framework/src/ModuleLogger.js
  -> file:///E:/Aptana%20Jaxer%20Apache/Jaxer/Apache2-4Build/jaxer/framework/src/Includer.js
  -> file:///E:/Aptana%20Jaxer%20Apache/Jaxer/Apache2-4Build/jaxer/framework/src/NewElement.js
  -> http://localhost:8081/aptana/samples/rss-sample/index.html

01:10:20 12/24/2025 [ 32928] [TRACE] [JS Framework] [Includer.setRunat] Set runat='server' on function named 'xmlValue'
stack:
  ->  [ModuleLogger.js:98] trace("Set runat='server' on function named 'xmlValue'")
  ->  [Includer.js:345] setRunat("xmlValue",13,[object Array])
  ->  [Includer.js:336] load("http://localhost:8081/aptana/samples/rss-sample/lib/ajaxslt-0.8.1/util.js",[object ChromeWindow],"server",false,false,false)
  ->  [NewElement.js:67] load("tempLoad_0.78770015761284311766502620207")
  ->  [index.html:20] <no name>
paths:
  -> file:///E:/Aptana%20Jaxer%20Apache/Jaxer/Apache2-4Build/jaxer/framework/src/ModuleLogger.js
  -> file:///E:/Aptana%20Jaxer%20Apache/Jaxer/Apache2-4Build/jaxer/framework/src/Includer.js
  -> file:///E:/Aptana%20Jaxer%20Apache/Jaxer/Apache2-4Build/jaxer/framework/src/NewElement.js
  -> http://localhost:8081/aptana/samples/rss-sample/index.html

01:10:20 12/24/2025 [ 32928] [TRACE] [JS Framework] [Includer.setRunat] Set runat='server' on function named 'xmlValueIE6Hack'
stack:
  ->  [ModuleLogger.js:98] trace("Set runat='server' on function named 'xmlValueIE6Hack'")
  ->  [Includer.js:345] setRunat("xmlValueIE6Hack",14,[object Array])
  ->  [Includer.js:336] load("http://localhost:8081/aptana/samples/rss-sample/lib/ajaxslt-0.8.1/util.js",[object ChromeWindow],"server",false,false,false)
  ->  [NewElement.js:67] load("tempLoad_0.78770015761284311766502620207")
  ->  [index.html:20] <no name>
paths:
  -> file:///E:/Aptana%20Jaxer%20Apache/Jaxer/Apache2-4Build/jaxer/framework/src/ModuleLogger.js
  -> file:///E:/Aptana%20Jaxer%20Apache/Jaxer/Apache2-4Build/jaxer/framework/src/Includer.js
  -> file:///E:/Aptana%20Jaxer%20Apache/Jaxer/Apache2-4Build/jaxer/framework/src/NewElement.js
  -> http://localhost:8081/aptana/samples/rss-sample/index.html

01:10:20 12/24/2025 [ 32928] [TRACE] [JS Framework] [Includer.setRunat] Set runat='server' on function named 'xmlText'
stack:
  ->  [ModuleLogger.js:98] trace("Set runat='server' on function named 'xmlText'")
  ->  [Includer.js:345] setRunat("xmlText",15,[object Array])
  ->  [Includer.js:336] load("http://localhost:8081/aptana/samples/rss-sample/lib/ajaxslt-0.8.1/util.js",[object ChromeWindow],"server",false,false,false)
  ->  [NewElement.js:67] load("tempLoad_0.78770015761284311766502620207")
  ->  [index.html:20] <no name>
paths:
  -> file:///E:/Aptana%20Jaxer%20Apache/Jaxer/Apache2-4Build/jaxer/framework/src/ModuleLogger.js
  -> file:///E:/Aptana%20Jaxer%20Apache/Jaxer/Apache2-4Build/jaxer/framework/src/Includer.js
  -> file:///E:/Aptana%20Jaxer%20Apache/Jaxer/Apache2-4Build/jaxer/framework/src/NewElement.js
  -> http://localhost:8081/aptana/samples/rss-sample/index.html

01:10:20 12/24/2025 [ 32928] [TRACE] [JS Framework] [Includer.setRunat] Set runat='server' on function named 'xmlTextR'
stack:
  ->  [ModuleLogger.js:98] trace("Set runat='server' on function named 'xmlTextR'")
  ->  [Includer.js:345] setRunat("xmlTextR",16,[object Array])
  ->  [Includer.js:336] load("http://localhost:8081/aptana/samples/rss-sample/lib/ajaxslt-0.8.1/util.js",[object ChromeWindow],"server",false,false,false)
  ->  [NewElement.js:67] load("tempLoad_0.78770015761284311766502620207")
  ->  [index.html:20] <no name>
paths:
  -> file:///E:/Aptana%20Jaxer%20Apache/Jaxer/Apache2-4Build/jaxer/framework/src/ModuleLogger.js
  -> file:///E:/Aptana%20Jaxer%20Apache/Jaxer/Apache2-4Build/jaxer/framework/src/Includer.js
  -> file:///E:/Aptana%20Jaxer%20Apache/Jaxer/Apache2-4Build/jaxer/framework/src/NewElement.js
  -> http://localhost:8081/aptana/samples/rss-sample/index.html

01:10:20 12/24/2025 [ 32928] [TRACE] [JS Framework] [Includer.setRunat] Set runat='server' on function named 'xmlFullNodeName'
stack:
  ->  [ModuleLogger.js:98] trace("Set runat='server' on function named 'xmlFullNodeName'")
  ->  [Includer.js:345] setRunat("xmlFullNodeName",17,[object Array])
  ->  [Includer.js:336] load("http://localhost:8081/aptana/samples/rss-sample/lib/ajaxslt-0.8.1/util.js",[object ChromeWindow],"server",false,false,false)
  ->  [NewElement.js:67] load("tempLoad_0.78770015761284311766502620207")
  ->  [index.html:20] <no name>
paths:
  -> file:///E:/Aptana%20Jaxer%20Apache/Jaxer/Apache2-4Build/jaxer/framework/src/ModuleLogger.js
  -> file:///E:/Aptana%20Jaxer%20Apache/Jaxer/Apache2-4Build/jaxer/framework/src/Includer.js
  -> file:///E:/Aptana%20Jaxer%20Apache/Jaxer/Apache2-4Build/jaxer/framework/src/NewElement.js
  -> http://localhost:8081/aptana/samples/rss-sample/index.html

01:10:20 12/24/2025 [ 32928] [TRACE] [JS Framework] [Includer.setRunat] Set runat='server' on function named 'xmlEscapeText'
stack:
  ->  [ModuleLogger.js:98] trace("Set runat='server' on function named 'xmlEscapeText'")
  ->  [Includer.js:345] setRunat("xmlEscapeText",18,[object Array])
  ->  [Includer.js:336] load("http://localhost:8081/aptana/samples/rss-sample/lib/ajaxslt-0.8.1/util.js",[object ChromeWindow],"server",false,false,false)
  ->  [NewElement.js:67] load("tempLoad_0.78770015761284311766502620207")
  ->  [index.html:20] <no name>
paths:
  -> file:///E:/Aptana%20Jaxer%20Apache/Jaxer/Apache2-4Build/jaxer/framework/src/ModuleLogger.js
  -> file:///E:/Aptana%20Jaxer%20Apache/Jaxer/Apache2-4Build/jaxer/framework/src/Includer.js
  -> file:///E:/Aptana%20Jaxer%20Apache/Jaxer/Apache2-4Build/jaxer/framework/src/NewElement.js
  -> http://localhost:8081/aptana/samples/rss-sample/index.html

01:10:20 12/24/2025 [ 32928] [TRACE] [JS Framework] [Includer.setRunat] Set runat='server' on function named 'xmlEscapeAttr'
stack:
  ->  [ModuleLogger.js:98] trace("Set runat='server' on function named 'xmlEscapeAttr'")
  ->  [Includer.js:345] setRunat("xmlEscapeAttr",19,[object Array])
  ->  [Includer.js:336] load("http://localhost:8081/aptana/samples/rss-sample/lib/ajaxslt-0.8.1/util.js",[object ChromeWindow],"server",false,false,false)
  ->  [NewElement.js:67] load("tempLoad_0.78770015761284311766502620207")
  ->  [index.html:20] <no name>
paths:
  -> file:///E:/Aptana%20Jaxer%20Apache/Jaxer/Apache2-4Build/jaxer/framework/src/ModuleLogger.js
  -> file:///E:/Aptana%20Jaxer%20Apache/Jaxer/Apache2-4Build/jaxer/framework/src/Includer.js
  -> file:///E:/Aptana%20Jaxer%20Apache/Jaxer/Apache2-4Build/jaxer/framework/src/NewElement.js
  -> http://localhost:8081/aptana/samples/rss-sample/index.html

01:10:20 12/24/2025 [ 32928] [TRACE] [JS Framework] [Includer.setRunat] Set runat='server' on function named 'xmlEscapeTags'
stack:
  ->  [ModuleLogger.js:98] trace("Set runat='server' on function named 'xmlEscapeTags'")
  ->  [Includer.js:345] setRunat("xmlEscapeTags",20,[object Array])
  ->  [Includer.js:336] load("http://localhost:8081/aptana/samples/rss-sample/lib/ajaxslt-0.8.1/util.js",[object ChromeWindow],"server",false,false,false)
  ->  [NewElement.js:67] load("tempLoad_0.78770015761284311766502620207")
  ->  [index.html:20] <no name>
paths:
  -> file:///E:/Aptana%20Jaxer%20Apache/Jaxer/Apache2-4Build/jaxer/framework/src/ModuleLogger.js
  -> file:///E:/Aptana%20Jaxer%20Apache/Jaxer/Apache2-4Build/jaxer/framework/src/Includer.js
  -> file:///E:/Aptana%20Jaxer%20Apache/Jaxer/Apache2-4Build/jaxer/framework/src/NewElement.js
  -> http://localhost:8081/aptana/samples/rss-sample/index.html

01:10:20 12/24/2025 [ 32928] [TRACE] [JS Framework] [Includer.setRunat] Set runat='server' on function named 'xmlOwnerDocument'
stack:
  ->  [ModuleLogger.js:98] trace("Set runat='server' on function named 'xmlOwnerDocument'")
  ->  [Includer.js:345] setRunat("xmlOwnerDocument",21,[object Array])
  ->  [Includer.js:336] load("http://localhost:8081/aptana/samples/rss-sample/lib/ajaxslt-0.8.1/util.js",[object ChromeWindow],"server",false,false,false)
  ->  [NewElement.js:67] load("tempLoad_0.78770015761284311766502620207")
  ->  [index.html:20] <no name>
paths:
  -> file:///E:/Aptana%20Jaxer%20Apache/Jaxer/Apache2-4Build/jaxer/framework/src/ModuleLogger.js
  -> file:///E:/Aptana%20Jaxer%20Apache/Jaxer/Apache2-4Build/jaxer/framework/src/Includer.js
  -> file:///E:/Aptana%20Jaxer%20Apache/Jaxer/Apache2-4Build/jaxer/framework/src/NewElement.js
  -> http://localhost:8081/aptana/samples/rss-sample/index.html

01:10:20 12/24/2025 [ 32928] [TRACE] [JS Framework] [Includer.setRunat] Set runat='server' on function named 'domGetAttribute'
stack:
  ->  [ModuleLogger.js:98] trace("Set runat='server' on function named 'domGetAttribute'")
  ->  [Includer.js:345] setRunat("domGetAttribute",22,[object Array])
  ->  [Includer.js:336] load("http://localhost:8081/aptana/samples/rss-sample/lib/ajaxslt-0.8.1/util.js",[object ChromeWindow],"server",false,false,false)
  ->  [NewElement.js:67] load("tempLoad_0.78770015761284311766502620207")
  ->  [index.html:20] <no name>
paths:
  -> file:///E:/Aptana%20Jaxer%20Apache/Jaxer/Apache2-4Build/jaxer/framework/src/ModuleLogger.js
  -> file:///E:/Aptana%20Jaxer%20Apache/Jaxer/Apache2-4Build/jaxer/framework/src/Includer.js
  -> file:///E:/Aptana%20Jaxer%20Apache/Jaxer/Apache2-4Build/jaxer/framework/src/NewElement.js
  -> http://localhost:8081/aptana/samples/rss-sample/index.html

01:10:20 12/24/2025 [ 32928] [TRACE] [JS Framework] [Includer.setRunat] Set runat='server' on function named 'domSetAttribute'
stack:
  ->  [ModuleLogger.js:98] trace("Set runat='server' on function named 'domSetAttribute'")
  ->  [Includer.js:345] setRunat("domSetAttribute",23,[object Array])
  ->  [Includer.js:336] load("http://localhost:8081/aptana/samples/rss-sample/lib/ajaxslt-0.8.1/util.js",[object ChromeWindow],"server",false,false,false)
  ->  [NewElement.js:67] load("tempLoad_0.78770015761284311766502620207")
  ->  [index.html:20] <no name>
paths:
  -> file:///E:/Aptana%20Jaxer%20Apache/Jaxer/Apache2-4Build/jaxer/framework/src/ModuleLogger.js
  -> file:///E:/Aptana%20Jaxer%20Apache/Jaxer/Apache2-4Build/jaxer/framework/src/Includer.js
  -> file:///E:/Aptana%20Jaxer%20Apache/Jaxer/Apache2-4Build/jaxer/framework/src/NewElement.js
  -> http://localhost:8081/aptana/samples/rss-sample/index.html

01:10:20 12/24/2025 [ 32928] [TRACE] [JS Framework] [Includer.setRunat] Set runat='server' on function named 'domRemoveAttribute'
stack:
  ->  [ModuleLogger.js:98] trace("Set runat='server' on function named 'domRemoveAttribute'")
  ->  [Includer.js:345] setRunat("domRemoveAttribute",24,[object Array])
  ->  [Includer.js:336] load("http://localhost:8081/aptana/samples/rss-sample/lib/ajaxslt-0.8.1/util.js",[object ChromeWindow],"server",false,false,false)
  ->  [NewElement.js:67] load("tempLoad_0.78770015761284311766502620207")
  ->  [index.html:20] <no name>
paths:
  -> file:///E:/Aptana%20Jaxer%20Apache/Jaxer/Apache2-4Build/jaxer/framework/src/ModuleLogger.js
  -> file:///E:/Aptana%20Jaxer%20Apache/Jaxer/Apache2-4Build/jaxer/framework/src/Includer.js
  -> file:///E:/Aptana%20Jaxer%20Apache/Jaxer/Apache2-4Build/jaxer/framework/src/NewElement.js
  -> http://localhost:8081/aptana/samples/rss-sample/index.html

01:10:20 12/24/2025 [ 32928] [TRACE] [JS Framework] [Includer.setRunat] Set runat='server' on function named 'domAppendChild'
stack:
  ->  [ModuleLogger.js:98] trace("Set runat='server' on function named 'domAppendChild'")
  ->  [Includer.js:345] setRunat("domAppendChild",25,[object Array])
  ->  [Includer.js:336] load("http://localhost:8081/aptana/samples/rss-sample/lib/ajaxslt-0.8.1/util.js",[object ChromeWindow],"server",false,false,false)
  ->  [NewElement.js:67] load("tempLoad_0.78770015761284311766502620207")
  ->  [index.html:20] <no name>
paths:
  -> file:///E:/Aptana%20Jaxer%20Apache/Jaxer/Apache2-4Build/jaxer/framework/src/ModuleLogger.js
  -> file:///E:/Aptana%20Jaxer%20Apache/Jaxer/Apache2-4Build/jaxer/framework/src/Includer.js
  -> file:///E:/Aptana%20Jaxer%20Apache/Jaxer/Apache2-4Build/jaxer/framework/src/NewElement.js
  -> http://localhost:8081/aptana/samples/rss-sample/index.html

01:10:20 12/24/2025 [ 32928] [TRACE] [JS Framework] [Includer.setRunat] Set runat='server' on function named 'domRemoveChild'
stack:
  ->  [ModuleLogger.js:98] trace("Set runat='server' on function named 'domRemoveChild'")
  ->  [Includer.js:345] setRunat("domRemoveChild",26,[object Array])
  ->  [Includer.js:336] load("http://localhost:8081/aptana/samples/rss-sample/lib/ajaxslt-0.8.1/util.js",[object ChromeWindow],"server",false,false,false)
  ->  [NewElement.js:67] load("tempLoad_0.78770015761284311766502620207")
  ->  [index.html:20] <no name>
paths:
  -> file:///E:/Aptana%20Jaxer%20Apache/Jaxer/Apache2-4Build/jaxer/framework/src/ModuleLogger.js
  -> file:///E:/Aptana%20Jaxer%20Apache/Jaxer/Apache2-4Build/jaxer/framework/src/Includer.js
  -> file:///E:/Aptana%20Jaxer%20Apache/Jaxer/Apache2-4Build/jaxer/framework/src/NewElement.js
  -> http://localhost:8081/aptana/samples/rss-sample/index.html

01:10:20 12/24/2025 [ 32928] [TRACE] [JS Framework] [Includer.setRunat] Set runat='server' on function named 'domReplaceChild'
stack:
  ->  [ModuleLogger.js:98] trace("Set runat='server' on function named 'domReplaceChild'")
  ->  [Includer.js:345] setRunat("domReplaceChild",27,[object Array])
  ->  [Includer.js:336] load("http://localhost:8081/aptana/samples/rss-sample/lib/ajaxslt-0.8.1/util.js",[object ChromeWindow],"server",false,false,false)
  ->  [NewElement.js:67] load("tempLoad_0.78770015761284311766502620207")
  ->  [index.html:20] <no name>
paths:
  -> file:///E:/Aptana%20Jaxer%20Apache/Jaxer/Apache2-4Build/jaxer/framework/src/ModuleLogger.js
  -> file:///E:/Aptana%20Jaxer%20Apache/Jaxer/Apache2-4Build/jaxer/framework/src/Includer.js
  -> file:///E:/Aptana%20Jaxer%20Apache/Jaxer/Apache2-4Build/jaxer/framework/src/NewElement.js
  -> http://localhost:8081/aptana/samples/rss-sample/index.html

01:10:20 12/24/2025 [ 32928] [TRACE] [JS Framework] [Includer.setRunat] Set runat='server' on function named 'domInsertBefore'
stack:
  ->  [ModuleLogger.js:98] trace("Set runat='server' on function named 'domInsertBefore'")
  ->  [Includer.js:345] setRunat("domInsertBefore",28,[object Array])
  ->  [Includer.js:336] load("http://localhost:8081/aptana/samples/rss-sample/lib/ajaxslt-0.8.1/util.js",[object ChromeWindow],"server",false,false,false)
  ->  [NewElement.js:67] load("tempLoad_0.78770015761284311766502620207")
  ->  [index.html:20] <no name>
paths:
  -> file:///E:/Aptana%20Jaxer%20Apache/Jaxer/Apache2-4Build/jaxer/framework/src/ModuleLogger.js
  -> file:///E:/Aptana%20Jaxer%20Apache/Jaxer/Apache2-4Build/jaxer/framework/src/Includer.js
  -> file:///E:/Aptana%20Jaxer%20Apache/Jaxer/Apache2-4Build/jaxer/framework/src/NewElement.js
  -> http://localhost:8081/aptana/samples/rss-sample/index.html

01:10:20 12/24/2025 [ 32928] [TRACE] [JS Framework] [Includer.setRunat] Set runat='server' on function named 'domRemoveNode'
stack:
  ->  [ModuleLogger.js:98] trace("Set runat='server' on function named 'domRemoveNode'")
  ->  [Includer.js:345] setRunat("domRemoveNode",29,[object Array])
  ->  [Includer.js:336] load("http://localhost:8081/aptana/samples/rss-sample/lib/ajaxslt-0.8.1/util.js",[object ChromeWindow],"server",false,false,false)
  ->  [NewElement.js:67] load("tempLoad_0.78770015761284311766502620207")
  ->  [index.html:20] <no name>
paths:
  -> file:///E:/Aptana%20Jaxer%20Apache/Jaxer/Apache2-4Build/jaxer/framework/src/ModuleLogger.js
  -> file:///E:/Aptana%20Jaxer%20Apache/Jaxer/Apache2-4Build/jaxer/framework/src/Includer.js
  -> file:///E:/Aptana%20Jaxer%20Apache/Jaxer/Apache2-4Build/jaxer/framework/src/NewElement.js
  -> http://localhost:8081/aptana/samples/rss-sample/index.html

01:10:20 12/24/2025 [ 32928] [TRACE] [JS Framework] [Includer.setRunat] Set runat='server' on function named 'domCreateTextNode'
stack:
  ->  [ModuleLogger.js:98] trace("Set runat='server' on function named 'domCreateTextNode'")
  ->  [Includer.js:345] setRunat("domCreateTextNode",30,[object Array])
  ->  [Includer.js:336] load("http://localhost:8081/aptana/samples/rss-sample/lib/ajaxslt-0.8.1/util.js",[object ChromeWindow],"server",false,false,false)
  ->  [NewElement.js:67] load("tempLoad_0.78770015761284311766502620207")
  ->  [index.html:20] <no name>
paths:
  -> file:///E:/Aptana%20Jaxer%20Apache/Jaxer/Apache2-4Build/jaxer/framework/src/ModuleLogger.js
  -> file:///E:/Aptana%20Jaxer%20Apache/Jaxer/Apache2-4Build/jaxer/framework/src/Includer.js
  -> file:///E:/Aptana%20Jaxer%20Apache/Jaxer/Apache2-4Build/jaxer/framework/src/NewElement.js
  -> http://localhost:8081/aptana/samples/rss-sample/index.html

01:10:20 12/24/2025 [ 32928] [TRACE] [JS Framework] [Includer.setRunat] Set runat='server' on function named 'domCreateElement'
stack:
  ->  [ModuleLogger.js:98] trace("Set runat='server' on function named 'domCreateElement'")
  ->  [Includer.js:345] setRunat("domCreateElement",31,[object Array])
  ->  [Includer.js:336] load("http://localhost:8081/aptana/samples/rss-sample/lib/ajaxslt-0.8.1/util.js",[object ChromeWindow],"server",false,false,false)
  ->  [NewElement.js:67] load("tempLoad_0.78770015761284311766502620207")
  ->  [index.html:20] <no name>
paths:
  -> file:///E:/Aptana%20Jaxer%20Apache/Jaxer/Apache2-4Build/jaxer/framework/src/ModuleLogger.js
  -> file:///E:/Aptana%20Jaxer%20Apache/Jaxer/Apache2-4Build/jaxer/framework/src/Includer.js
  -> file:///E:/Aptana%20Jaxer%20Apache/Jaxer/Apache2-4Build/jaxer/framework/src/NewElement.js
  -> http://localhost:8081/aptana/samples/rss-sample/index.html

01:10:20 12/24/2025 [ 32928] [TRACE] [JS Framework] [Includer.setRunat] Set runat='server' on function named 'domCreateAttribute'
stack:
  ->  [ModuleLogger.js:98] trace("Set runat='server' on function named 'domCreateAttribute'")
  ->  [Includer.js:345] setRunat("domCreateAttribute",32,[object Array])
  ->  [Includer.js:336] load("http://localhost:8081/aptana/samples/rss-sample/lib/ajaxslt-0.8.1/util.js",[object ChromeWindow],"server",false,false,false)
  ->  [NewElement.js:67] load("tempLoad_0.78770015761284311766502620207")
  ->  [index.html:20] <no name>
paths:
  -> file:///E:/Aptana%20Jaxer%20Apache/Jaxer/Apache2-4Build/jaxer/framework/src/ModuleLogger.js
  -> file:///E:/Aptana%20Jaxer%20Apache/Jaxer/Apache2-4Build/jaxer/framework/src/Includer.js
  -> file:///E:/Aptana%20Jaxer%20Apache/Jaxer/Apache2-4Build/jaxer/framework/src/NewElement.js
  -> http://localhost:8081/aptana/samples/rss-sample/index.html

01:10:20 12/24/2025 [ 32928] [TRACE] [JS Framework] [Includer.setRunat] Set runat='server' on function named 'domCreateCDATASection'
stack:
  ->  [ModuleLogger.js:98] trace("Set runat='server' on function named 'domCreateCDATASection'")
  ->  [Includer.js:345] setRunat("domCreateCDATASection",33,[object Array])
  ->  [Includer.js:336] load("http://localhost:8081/aptana/samples/rss-sample/lib/ajaxslt-0.8.1/util.js",[object ChromeWindow],"server",false,false,false)
  ->  [NewElement.js:67] load("tempLoad_0.78770015761284311766502620207")
  ->  [index.html:20] <no name>
paths:
  -> file:///E:/Aptana%20Jaxer%20Apache/Jaxer/Apache2-4Build/jaxer/framework/src/ModuleLogger.js
  -> file:///E:/Aptana%20Jaxer%20Apache/Jaxer/Apache2-4Build/jaxer/framework/src/Includer.js
  -> file:///E:/Aptana%20Jaxer%20Apache/Jaxer/Apache2-4Build/jaxer/framework/src/NewElement.js
  -> http://localhost:8081/aptana/samples/rss-sample/index.html

01:10:20 12/24/2025 [ 32928] [TRACE] [JS Framework] [Includer.setRunat] Set runat='server' on function named 'domCreateComment'
stack:
  ->  [ModuleLogger.js:98] trace("Set runat='server' on function named 'domCreateComment'")
  ->  [Includer.js:345] setRunat("domCreateComment",34,[object Array])
  ->  [Includer.js:336] load("http://localhost:8081/aptana/samples/rss-sample/lib/ajaxslt-0.8.1/util.js",[object ChromeWindow],"server",false,false,false)
  ->  [NewElement.js:67] load("tempLoad_0.78770015761284311766502620207")
  ->  [index.html:20] <no name>
paths:
  -> file:///E:/Aptana%20Jaxer%20Apache/Jaxer/Apache2-4Build/jaxer/framework/src/ModuleLogger.js
  -> file:///E:/Aptana%20Jaxer%20Apache/Jaxer/Apache2-4Build/jaxer/framework/src/Includer.js
  -> file:///E:/Aptana%20Jaxer%20Apache/Jaxer/Apache2-4Build/jaxer/framework/src/NewElement.js
  -> http://localhost:8081/aptana/samples/rss-sample/index.html

01:10:20 12/24/2025 [ 32928] [TRACE] [JS Framework] [Includer.setRunat] Set runat='server' on function named 'domCreateDocumentFragment'
stack:
  ->  [ModuleLogger.js:98] trace("Set runat='server' on function named 'domCreateDocumentFragment'")
  ->  [Includer.js:345] setRunat("domCreateDocumentFragment",35,[object Array])
  ->  [Includer.js:336] load("http://localhost:8081/aptana/samples/rss-sample/lib/ajaxslt-0.8.1/util.js",[object ChromeWindow],"server",false,false,false)
  ->  [NewElement.js:67] load("tempLoad_0.78770015761284311766502620207")
  ->  [index.html:20] <no name>
paths:
  -> file:///E:/Aptana%20Jaxer%20Apache/Jaxer/Apache2-4Build/jaxer/framework/src/ModuleLogger.js
  -> file:///E:/Aptana%20Jaxer%20Apache/Jaxer/Apache2-4Build/jaxer/framework/src/Includer.js
  -> file:///E:/Aptana%20Jaxer%20Apache/Jaxer/Apache2-4Build/jaxer/framework/src/NewElement.js
  -> http://localhost:8081/aptana/samples/rss-sample/index.html

01:10:20 12/24/2025 [ 32928] [TRACE] [JS Framework] [Includer.setRunat] Set runat='server' on function named 'domGetElementById'
stack:
  ->  [ModuleLogger.js:98] trace("Set runat='server' on function named 'domGetElementById'")
  ->  [Includer.js:345] setRunat("domGetElementById",36,[object Array])
  ->  [Includer.js:336] load("http://localhost:8081/aptana/samples/rss-sample/lib/ajaxslt-0.8.1/util.js",[object ChromeWindow],"server",false,false,false)
  ->  [NewElement.js:67] load("tempLoad_0.78770015761284311766502620207")
  ->  [index.html:20] <no name>
paths:
  -> file:///E:/Aptana%20Jaxer%20Apache/Jaxer/Apache2-4Build/jaxer/framework/src/ModuleLogger.js
  -> file:///E:/Aptana%20Jaxer%20Apache/Jaxer/Apache2-4Build/jaxer/framework/src/Includer.js
  -> file:///E:/Aptana%20Jaxer%20Apache/Jaxer/Apache2-4Build/jaxer/framework/src/NewElement.js
  -> http://localhost:8081/aptana/samples/rss-sample/index.html

01:10:20 12/24/2025 [ 32928] [TRACE] [JS Framework] [Includer.setRunat] Set runat='server' on function named 'windowSetInterval'
stack:
  ->  [ModuleLogger.js:98] trace("Set runat='server' on function named 'windowSetInterval'")
  ->  [Includer.js:345] setRunat("windowSetInterval",37,[object Array])
  ->  [Includer.js:336] load("http://localhost:8081/aptana/samples/rss-sample/lib/ajaxslt-0.8.1/util.js",[object ChromeWindow],"server",false,false,false)
  ->  [NewElement.js:67] load("tempLoad_0.78770015761284311766502620207")
  ->  [index.html:20] <no name>
paths:
  -> file:///E:/Aptana%20Jaxer%20Apache/Jaxer/Apache2-4Build/jaxer/framework/src/ModuleLogger.js
  -> file:///E:/Aptana%20Jaxer%20Apache/Jaxer/Apache2-4Build/jaxer/framework/src/Includer.js
  -> file:///E:/Aptana%20Jaxer%20Apache/Jaxer/Apache2-4Build/jaxer/framework/src/NewElement.js
  -> http://localhost:8081/aptana/samples/rss-sample/index.html

01:10:20 12/24/2025 [ 32928] [TRACE] [JS Framework] [Includer.setRunat] Set runat='server' on function named 'windowClearInterval'
stack:
  ->  [ModuleLogger.js:98] trace("Set runat='server' on function named 'windowClearInterval'")
  ->  [Includer.js:345] setRunat("windowClearInterval",38,[object Array])
  ->  [Includer.js:336] load("http://localhost:8081/aptana/samples/rss-sample/lib/ajaxslt-0.8.1/util.js",[object ChromeWindow],"server",false,false,false)
  ->  [NewElement.js:67] load("tempLoad_0.78770015761284311766502620207")
  ->  [index.html:20] <no name>
paths:
  -> file:///E:/Aptana%20Jaxer%20Apache/Jaxer/Apache2-4Build/jaxer/framework/src/ModuleLogger.js
  -> file:///E:/Aptana%20Jaxer%20Apache/Jaxer/Apache2-4Build/jaxer/framework/src/Includer.js
  -> file:///E:/Aptana%20Jaxer%20Apache/Jaxer/Apache2-4Build/jaxer/framework/src/NewElement.js
  -> http://localhost:8081/aptana/samples/rss-sample/index.html

01:10:20 12/24/2025 [ 32928] [DEBUG] [JS Framework] [Includer.load] Included: http://localhost:8081/aptana/samples/rss-sample/lib/ajaxslt-0.8.1/util.js
stack:
  ->  [ModuleLogger.js:98] debug("Included: http://localhost:8081/aptana/samples/rss-sample/lib/ajaxslt-0.8.1/util.js")
  ->  [Includer.js:351] load("http://localhost:8081/aptana/samples/rss-sample/lib/ajaxslt-0.8.1/util.js",[object ChromeWindow],"server",false,false,false)
  ->  [NewElement.js:67] load("tempLoad_0.78770015761284311766502620207")
  ->  [index.html:20] <no name>
paths:
  -> file:///E:/Aptana%20Jaxer%20Apache/Jaxer/Apache2-4Build/jaxer/framework/src/ModuleLogger.js
  -> file:///E:/Aptana%20Jaxer%20Apache/Jaxer/Apache2-4Build/jaxer/framework/src/Includer.js
  -> file:///E:/Aptana%20Jaxer%20Apache/Jaxer/Apache2-4Build/jaxer/framework/src/NewElement.js
  -> http://localhost:8081/aptana/samples/rss-sample/index.html

01:10:20 12/24/2025 [ 32928] [TRACE] [JS Framework] [CoreEvents.fire] At this time, evt.Request.isHandler=false and eventType: NEW_ELEMENT - SCRIPT
stack:
  ->  [ModuleLogger.js:98] trace("At this time, evt.Request.isHandler=false and eventType: NEW_ELEMENT - SCRIPT")
  ->  [CoreEvents.js:205] fire("NEW_ELEMENT",[object XPCWrappedNative_NoHelper],[object HTMLDocument],[object HTMLScriptElement])
  ->  [aptEventHandler.js:157] observe([object XPCWrappedNative_NoHelper],"jaxerEvent.NewHTMLElement",null)
paths:
  -> file:///E:/Aptana%20Jaxer%20Apache/Jaxer/Apache2-4Build/jaxer/framework/src/ModuleLogger.js
  -> file:///E:/Aptana%20Jaxer%20Apache/Jaxer/Apache2-4Build/jaxer/framework/src/CoreEvents.js
  -> file:///E:/Aptana%20Jaxer%20Apache/Jaxer/Apache2-4Build/jaxer/components/aptEventHandler.js

01:10:20 12/24/2025 [ 32928] [TRACE] [JS Framework] [CoreEvents.fireEvent] Firing an event for NEW_ELEMENT
stack:
  ->  [ModuleLogger.js:98] trace("Firing an event for NEW_ELEMENT")
  ->  [CoreEvents.js:282] fireEvent("NEW_ELEMENT",[object Array])
  ->  [CoreEvents.js:238] fire("NEW_ELEMENT",[object XPCWrappedNative_NoHelper],[object HTMLDocument],[object HTMLScriptElement])
  ->  [aptEventHandler.js:157] observe([object XPCWrappedNative_NoHelper],"jaxerEvent.NewHTMLElement",null)
paths:
  -> file:///E:/Aptana%20Jaxer%20Apache/Jaxer/Apache2-4Build/jaxer/framework/src/ModuleLogger.js
  -> file:///E:/Aptana%20Jaxer%20Apache/Jaxer/Apache2-4Build/jaxer/framework/src/CoreEvents.js
  -> file:///E:/Aptana%20Jaxer%20Apache/Jaxer/Apache2-4Build/jaxer/components/aptEventHandler.js

01:10:20 12/24/2025 [ 32928] [TRACE] [JS Framework] [CoreEvents.fireEvent] Calling event handler: function onNewElement(evt, doc, elt) {
    switch (elt.tagNa...
stack:
  ->  [ModuleLogger.js:98] trace("Calling event handler: function onNewElement(evt, doc, elt) {\n    switch (elt.tagNa...")
  ->  [CoreEvents.js:292] fireEvent("NEW_ELEMENT",[object Array])
  ->  [CoreEvents.js:238] fire("NEW_ELEMENT",[object XPCWrappedNative_NoHelper],[object HTMLDocument],[object HTMLScriptElement])
  ->  [aptEventHandler.js:157] observe([object XPCWrappedNative_NoHelper],"jaxerEvent.NewHTMLElement",null)
paths:
  -> file:///E:/Aptana%20Jaxer%20Apache/Jaxer/Apache2-4Build/jaxer/framework/src/ModuleLogger.js
  -> file:///E:/Aptana%20Jaxer%20Apache/Jaxer/Apache2-4Build/jaxer/framework/src/CoreEvents.js
  -> file:///E:/Aptana%20Jaxer%20Apache/Jaxer/Apache2-4Build/jaxer/components/aptEventHandler.js

01:10:20 12/24/2025 [ 32928] [TRACE] [JS Framework] [NewElement.onNewElement] Received element: SCRIPT with src='lib/ajaxslt-0.8.1/xmltoken.js' and runat='server'
stack:
  ->  [ModuleLogger.js:98] trace("Received element: SCRIPT with src='lib/ajaxslt-0.8.1/xmltoken.js' and runat='server'")
  ->  [NewElement.js:88] onNewElement([object XPCWrappedNative_NoHelper],[object HTMLDocument],[object HTMLScriptElement])
  ->  [CoreEvents.js:293] fireEvent("NEW_ELEMENT",[object Array])
  ->  [CoreEvents.js:238] fire("NEW_ELEMENT",[object XPCWrappedNative_NoHelper],[object HTMLDocument],[object HTMLScriptElement])
  ->  [aptEventHandler.js:157] observe([object XPCWrappedNative_NoHelper],"jaxerEvent.NewHTMLElement",null)
paths:
  -> file:///E:/Aptana%20Jaxer%20Apache/Jaxer/Apache2-4Build/jaxer/framework/src/ModuleLogger.js
  -> file:///E:/Aptana%20Jaxer%20Apache/Jaxer/Apache2-4Build/jaxer/framework/src/NewElement.js
  -> file:///E:/Aptana%20Jaxer%20Apache/Jaxer/Apache2-4Build/jaxer/framework/src/CoreEvents.js
  -> file:///E:/Aptana%20Jaxer%20Apache/Jaxer/Apache2-4Build/jaxer/components/aptEventHandler.js

01:10:20 12/24/2025 [ 32928] [TRACE] [JS Framework] [NewElement.load] Loading src'ed script with [src, global, useCache, forceRefreshCache] = lib/ajaxslt-0.8.1/xmltoken.js,[object ChromeWindow],server,false,false,false
stack:
  ->  [ModuleLogger.js:98] trace("Loading src'ed script with [src, global, useCache, forceRefreshCache] = lib/ajaxslt-0.8.1/xmltoken.js,[object ChromeWindow],server,false,false,false")
  ->  [NewElement.js:66] load("tempLoad_0.040834138107532561766502620358")
  ->  [index.html:21] <no name>
paths:
  -> file:///E:/Aptana%20Jaxer%20Apache/Jaxer/Apache2-4Build/jaxer/framework/src/ModuleLogger.js
  -> file:///E:/Aptana%20Jaxer%20Apache/Jaxer/Apache2-4Build/jaxer/framework/src/NewElement.js
  -> http://localhost:8081/aptana/samples/rss-sample/index.html

01:10:20 12/24/2025 [ 32928] [TRACE] [JS Framework] [Web.get] Retrieving from web URL: http://localhost:8081/aptana/samples/rss-sample/lib/ajaxslt-0.8.1/xmltoken.js
stack:
  ->  [ModuleLogger.js:98] trace("Retrieving from web URL: http://localhost:8081/aptana/samples/rss-sample/lib/ajaxslt-0.8.1/xmltoken.js")
  ->  [Web.js:240] get("http://localhost:8081/aptana/samples/rss-sample/lib/ajaxslt-0.8.1/xmltoken.js")
  ->  [Includer.js:288] load("http://localhost:8081/aptana/samples/rss-sample/lib/ajaxslt-0.8.1/xmltoken.js",[object ChromeWindow],"server",false,false,false)
  ->  [NewElement.js:67] load("tempLoad_0.040834138107532561766502620358")
  ->  [index.html:21] <no name>
paths:
  -> file:///E:/Aptana%20Jaxer%20Apache/Jaxer/Apache2-4Build/jaxer/framework/src/ModuleLogger.js
  -> file:///E:/Aptana%20Jaxer%20Apache/Jaxer/Apache2-4Build/jaxer/framework/src/Web.js
  -> file:///E:/Aptana%20Jaxer%20Apache/Jaxer/Apache2-4Build/jaxer/framework/src/Includer.js
  -> file:///E:/Aptana%20Jaxer%20Apache/Jaxer/Apache2-4Build/jaxer/framework/src/NewElement.js
  -> http://localhost:8081/aptana/samples/rss-sample/index.html

01:10:20 12/24/2025 [ 32928] [TRACE] [JS Framework] [Web.send] Parameters are: url: http://localhost:8081/aptana/samples/rss-sample/lib/ajaxslt-0.8.1/xmltoken.js; method: GET; data: null; options: ({})
stack:
  ->  [ModuleLogger.js:98] trace("Parameters are: url: http://localhost:8081/aptana/samples/rss-sample/lib/ajaxslt-0.8.1/xmltoken.js; method: GET; data: null; options: ({})")
  ->  [Web.js:190] send("http://localhost:8081/aptana/samples/rss-sample/lib/ajaxslt-0.8.1/xmltoken.js","GET",null,[object Object])
  ->  [Web.js:241] get("http://localhost:8081/aptana/samples/rss-sample/lib/ajaxslt-0.8.1/xmltoken.js")
  ->  [Includer.js:288] load("http://localhost:8081/aptana/samples/rss-sample/lib/ajaxslt-0.8.1/xmltoken.js",[object ChromeWindow],"server",false,false,false)
  ->  [NewElement.js:67] load("tempLoad_0.040834138107532561766502620358")
  ->  [index.html:21] <no name>
paths:
  -> file:///E:/Aptana%20Jaxer%20Apache/Jaxer/Apache2-4Build/jaxer/framework/src/ModuleLogger.js
  -> file:///E:/Aptana%20Jaxer%20Apache/Jaxer/Apache2-4Build/jaxer/framework/src/Web.js
  -> file:///E:/Aptana%20Jaxer%20Apache/Jaxer/Apache2-4Build/jaxer/framework/src/Includer.js
  -> file:///E:/Aptana%20Jaxer%20Apache/Jaxer/Apache2-4Build/jaxer/framework/src/NewElement.js
  -> http://localhost:8081/aptana/samples/rss-sample/index.html

01:10:20 12/24/2025 [ 32928] [TRACE] [JS Framework] [Web.send] Resolved URL to: http://localhost:8081/aptana/samples/rss-sample/lib/ajaxslt-0.8.1/xmltoken.js
stack:
  ->  [ModuleLogger.js:98] trace("Resolved URL to: http://localhost:8081/aptana/samples/rss-sample/lib/ajaxslt-0.8.1/xmltoken.js")
  ->  [Web.js:192] send("http://localhost:8081/aptana/samples/rss-sample/lib/ajaxslt-0.8.1/xmltoken.js","GET",null,[object Object])
  ->  [Web.js:241] get("http://localhost:8081/aptana/samples/rss-sample/lib/ajaxslt-0.8.1/xmltoken.js")
  ->  [Includer.js:288] load("http://localhost:8081/aptana/samples/rss-sample/lib/ajaxslt-0.8.1/xmltoken.js",[object ChromeWindow],"server",false,false,false)
  ->  [NewElement.js:67] load("tempLoad_0.040834138107532561766502620358")
  ->  [index.html:21] <no name>
paths:
  -> file:///E:/Aptana%20Jaxer%20Apache/Jaxer/Apache2-4Build/jaxer/framework/src/ModuleLogger.js
  -> file:///E:/Aptana%20Jaxer%20Apache/Jaxer/Apache2-4Build/jaxer/framework/src/Web.js
  -> file:///E:/Aptana%20Jaxer%20Apache/Jaxer/Apache2-4Build/jaxer/framework/src/Includer.js
  -> file:///E:/Aptana%20Jaxer%20Apache/Jaxer/Apache2-4Build/jaxer/framework/src/NewElement.js
  -> http://localhost:8081/aptana/samples/rss-sample/index.html

01:10:20 12/24/2025 [ 32928] [TRACE] [JS Framework] [XHR.send] Sending synchronous GET request to url http://localhost:8081/aptana/samples/rss-sample/lib/ajaxslt-0.8.1/xmltoken.js with no data
stack:
  ->  [ModuleLogger.js:98] trace("Sending synchronous GET request to url http://localhost:8081/aptana/samples/rss-sample/lib/ajaxslt-0.8.1/xmltoken.js with no data")
  ->  [XHR.js:522] send("",[object Object])
  ->  [Web.js:195] send("http://localhost:8081/aptana/samples/rss-sample/lib/ajaxslt-0.8.1/xmltoken.js","GET",null,[object Object])
  ->  [Web.js:241] get("http://localhost:8081/aptana/samples/rss-sample/lib/ajaxslt-0.8.1/xmltoken.js")
  ->  [Includer.js:288] load("http://localhost:8081/aptana/samples/rss-sample/lib/ajaxslt-0.8.1/xmltoken.js",[object ChromeWindow],"server",false,false,false)
  ->  [NewElement.js:67] load("tempLoad_0.040834138107532561766502620358")
  ->  [index.html:21] <no name>
paths:
  -> file:///E:/Aptana%20Jaxer%20Apache/Jaxer/Apache2-4Build/jaxer/framework/src/ModuleLogger.js
  -> file:///E:/Aptana%20Jaxer%20Apache/Jaxer/Apache2-4Build/jaxer/framework/src/XHR.js
  -> file:///E:/Aptana%20Jaxer%20Apache/Jaxer/Apache2-4Build/jaxer/framework/src/Web.js
  -> file:///E:/Aptana%20Jaxer%20Apache/Jaxer/Apache2-4Build/jaxer/framework/src/Includer.js
  -> file:///E:/Aptana%20Jaxer%20Apache/Jaxer/Apache2-4Build/jaxer/framework/src/NewElement.js
  -> http://localhost:8081/aptana/samples/rss-sample/index.html

01:10:20 12/24/2025 [ 32928] [TRACE] [JS Framework] [XHR.send] Sent
stack:
  ->  [ModuleLogger.js:98] trace("Sent")
  ->  [XHR.js:524] send("",[object Object])
  ->  [Web.js:195] send("http://localhost:8081/aptana/samples/rss-sample/lib/ajaxslt-0.8.1/xmltoken.js","GET",null,[object Object])
  ->  [Web.js:241] get("http://localhost:8081/aptana/samples/rss-sample/lib/ajaxslt-0.8.1/xmltoken.js")
  ->  [Includer.js:288] load("http://localhost:8081/aptana/samples/rss-sample/lib/ajaxslt-0.8.1/xmltoken.js",[object ChromeWindow],"server",false,false,false)
  ->  [NewElement.js:67] load("tempLoad_0.040834138107532561766502620358")
  ->  [index.html:21] <no name>
paths:
  -> file:///E:/Aptana%20Jaxer%20Apache/Jaxer/Apache2-4Build/jaxer/framework/src/ModuleLogger.js
  -> file:///E:/Aptana%20Jaxer%20Apache/Jaxer/Apache2-4Build/jaxer/framework/src/XHR.js
  -> file:///E:/Aptana%20Jaxer%20Apache/Jaxer/Apache2-4Build/jaxer/framework/src/Web.js
  -> file:///E:/Aptana%20Jaxer%20Apache/Jaxer/Apache2-4Build/jaxer/framework/src/Includer.js
  -> file:///E:/Aptana%20Jaxer%20Apache/Jaxer/Apache2-4Build/jaxer/framework/src/NewElement.js
  -> http://localhost:8081/aptana/samples/rss-sample/index.html

01:10:20 12/24/2025 [ 32928] [TRACE] [JS Framework] [XHR.finish] Synchronous request to url http://localhost:8081/aptana/samples/rss-sample/lib/ajaxslt-0.8.1/xmltoken.js received text response: // Copyright 2006 Google Inc.
// All Rights Reserved
//
// Defines regular expression patterns to ex...
stack:
  ->  [ModuleLogger.js:98] trace("Synchronous request to url http://localhost:8081/aptana/samples/rss-sample/lib/ajaxslt-0.8.1/xmltoken.js received text response: // Copyright 2006 Google Inc.\n// All Rights Reserved\n//\n// Defines regular expression patterns to ex...")
  ->  [XHR.js:406] finish(false)
  ->  [XHR.js:533] send("",[object Object])
  ->  [Web.js:195] send("http://localhost:8081/aptana/samples/rss-sample/lib/ajaxslt-0.8.1/xmltoken.js","GET",null,[object Object])
  ->  [Web.js:241] get("http://localhost:8081/aptana/samples/rss-sample/lib/ajaxslt-0.8.1/xmltoken.js")
  ->  [Includer.js:288] load("http://localhost:8081/aptana/samples/rss-sample/lib/ajaxslt-0.8.1/xmltoken.js",[object ChromeWindow],"server",false,false,false)
  ->  [NewElement.js:67] load("tempLoad_0.040834138107532561766502620358")
  ->  [index.html:21] <no name>
paths:
  -> file:///E:/Aptana%20Jaxer%20Apache/Jaxer/Apache2-4Build/jaxer/framework/src/ModuleLogger.js
  -> file:///E:/Aptana%20Jaxer%20Apache/Jaxer/Apache2-4Build/jaxer/framework/src/XHR.js
  -> file:///E:/Aptana%20Jaxer%20Apache/Jaxer/Apache2-4Build/jaxer/framework/src/Web.js
  -> file:///E:/Aptana%20Jaxer%20Apache/Jaxer/Apache2-4Build/jaxer/framework/src/Includer.js
  -> file:///E:/Aptana%20Jaxer%20Apache/Jaxer/Apache2-4Build/jaxer/framework/src/NewElement.js
  -> http://localhost:8081/aptana/samples/rss-sample/index.html

01:10:20 12/24/2025 [ 32928] [TRACE] [JS Framework] [Web.send] Received response of type 'string' and length 7809: // Copyright 2006 Google Inc.
// All Rights Reserved
//
// Defines regular expression patterns to ex...
stack:
  ->  [ModuleLogger.js:98] trace("Received response of type 'string' and length 7809: // Copyright 2006 Google Inc.\n// All Rights Reserved\n//\n// Defines regular expression patterns to ex...")
  ->  [Web.js:199] send("http://localhost:8081/aptana/samples/rss-sample/lib/ajaxslt-0.8.1/xmltoken.js","GET",null,[object Object])
  ->  [Web.js:241] get("http://localhost:8081/aptana/samples/rss-sample/lib/ajaxslt-0.8.1/xmltoken.js")
  ->  [Includer.js:288] load("http://localhost:8081/aptana/samples/rss-sample/lib/ajaxslt-0.8.1/xmltoken.js",[object ChromeWindow],"server",false,false,false)
  ->  [NewElement.js:67] load("tempLoad_0.040834138107532561766502620358")
  ->  [index.html:21] <no name>
paths:
  -> file:///E:/Aptana%20Jaxer%20Apache/Jaxer/Apache2-4Build/jaxer/framework/src/ModuleLogger.js
  -> file:///E:/Aptana%20Jaxer%20Apache/Jaxer/Apache2-4Build/jaxer/framework/src/Web.js
  -> file:///E:/Aptana%20Jaxer%20Apache/Jaxer/Apache2-4Build/jaxer/framework/src/Includer.js
  -> file:///E:/Aptana%20Jaxer%20Apache/Jaxer/Apache2-4Build/jaxer/framework/src/NewElement.js
  -> http://localhost:8081/aptana/samples/rss-sample/index.html

01:10:20 12/24/2025 [ 32928] [TRACE] [JS Framework] [Includer.load] Retrieved 7809 characters from 'http://localhost:8081/aptana/samples/rss-sample/lib/ajaxslt-0.8.1/xmltoken.js'
stack:
  ->  [ModuleLogger.js:98] trace("Retrieved 7809 characters from 'http://localhost:8081/aptana/samples/rss-sample/lib/ajaxslt-0.8.1/xmltoken.js'")
  ->  [Includer.js:290] load("http://localhost:8081/aptana/samples/rss-sample/lib/ajaxslt-0.8.1/xmltoken.js",[object ChromeWindow],"server",false,false,false)
  ->  [NewElement.js:67] load("tempLoad_0.040834138107532561766502620358")
  ->  [index.html:21] <no name>
paths:
  -> file:///E:/Aptana%20Jaxer%20Apache/Jaxer/Apache2-4Build/jaxer/framework/src/ModuleLogger.js
  -> file:///E:/Aptana%20Jaxer%20Apache/Jaxer/Apache2-4Build/jaxer/framework/src/Includer.js
  -> file:///E:/Aptana%20Jaxer%20Apache/Jaxer/Apache2-4Build/jaxer/framework/src/NewElement.js
  -> http://localhost:8081/aptana/samples/rss-sample/index.html

01:10:20 12/24/2025 [ 32928] [TRACE] [JS Framework] [Includer.load] Evaluating 'http://localhost:8081/aptana/samples/rss-sample/lib/ajaxslt-0.8.1/xmltoken.js'
stack:
  ->  [ModuleLogger.js:98] trace("Evaluating 'http://localhost:8081/aptana/samples/rss-sample/lib/ajaxslt-0.8.1/xmltoken.js'")
  ->  [Includer.js:328] load("http://localhost:8081/aptana/samples/rss-sample/lib/ajaxslt-0.8.1/xmltoken.js",[object ChromeWindow],"server",false,false,false)
  ->  [NewElement.js:67] load("tempLoad_0.040834138107532561766502620358")
  ->  [index.html:21] <no name>
paths:
  -> file:///E:/Aptana%20Jaxer%20Apache/Jaxer/Apache2-4Build/jaxer/framework/src/ModuleLogger.js
  -> file:///E:/Aptana%20Jaxer%20Apache/Jaxer/Apache2-4Build/jaxer/framework/src/Includer.js
  -> file:///E:/Aptana%20Jaxer%20Apache/Jaxer/Apache2-4Build/jaxer/framework/src/NewElement.js
  -> http://localhost:8081/aptana/samples/rss-sample/index.html

01:10:20 12/24/2025 [ 32928] [TRACE] [JS Framework] [Includer.evalOn] Evaluating using Jaxer.request.evaluateScript: contents = // Copyrig... with global = [object ChromeWindow] and effectiveUrl = http://localhost:8081/aptana/samples/rss-sample/lib/ajaxslt-0.8.1/xmltoken.js
stack:
  ->  [ModuleLogger.js:98] trace("Evaluating using Jaxer.request.evaluateScript: contents = // Copyrig... with global = [object ChromeWindow] and effectiveUrl = http://localhost:8081/aptana/samples/rss-sample/lib/ajaxslt-0.8.1/xmltoken.js")
  ->  [Includer.js:131] evalOn("// Copyright 2006 Google Inc.\n// All Rights Reserved\n//\n// Defines regular expression patterns to extract XML tokens from string.\n// See <http://www.w3.org/TR/REC-xml/#sec-common-syn>,\n// <http://www.w3.org/TR/xml11/#sec-common-syn> and\n// <http://www.w3.org/TR/REC-xml-names/#NT-NCName> for the specifications.\n//\n// Author: Junji Takagi <jtakagi@google.com>\n\n// Detect whether RegExp supports Unicode characters or not.\n\nvar REGEXP_UNICODE = function() {\n  var tests = [' ', '\\u0120', -1,  // Konquerer 3.4.0 fails here.\n               '!', '\\u0120', -1,\n               '\\u0120', '\\u0120', 0,\n               '\\u0121', '\\u0120', -1,\n               '\\u0121', '\\u0120|\\u0121', 0,\n               '\\u0122', '\\u0120|\\u0121', -1,\n               '\\u0120', '[\\u0120]', 0,  // Safari 2.0.3 fails here.\n               '\\u0121', '[\\u0120]', -1,\n               '\\u0121', '[\\u0120\\u0121]', 0,  // Safari 2.0.3 fails here.\n               '\\u0122', '[\\u0120\\u0121]', -1,\n               '\\u0121', '[\\u0120-\\u0121]', 0,  // Safari 2.0.3 fails here.\n               '\\u0122', '[\\u0120-\\u0121]', -1];\n  for (var i = 0; i < tests.length; i += 3) {\n    if (tests[i].search(new RegExp(tests[i + 1])) != tests[i + 2]) {\n      return false;\n    }\n  }\n  return true;\n}();\n\n// Common tokens in XML 1.0 and XML 1.1.\n\nvar XML_S = '[ \\t\\r\\n]+';\nvar XML_EQ = '(' + XML_S + ')?=(' + XML_S + ')?';\nvar XML_CHAR_REF = '&#[0-9]+;|&#x[0-9a-fA-F]+;';\n\n// XML 1.0 tokens.\n\nvar XML10_VERSION_INFO = XML_S + 'version' + XML_EQ + '(\"1\\\\.0\"|' + \"'1\\\\.0')\";\nvar XML10_BASE_CHAR = (REGEXP_UNICODE) ?\n  '\\u0041-\\u005a\\u0061-\\u007a\\u00c0-\\u00d6\\u00d8-\\u00f6\\u00f8-\\u00ff' +\n  '\\u0100-\\u0131\\u0134-\\u013e\\u0141-\\u0148\\u014a-\\u017e\\u0180-\\u01c3' +\n  '\\u01cd-\\u01f0\\u01f4-\\u01f5\\u01fa-\\u0217\\u0250-\\u02a8\\u02bb-\\u02c1\\u0386' +\n  '\\u0388-\\u038a\\u038c\\u038e-\\u03a1\\u03a3-\\u03ce\\u03d0-\\u03d6\\u03da\\u03dc' +\n  '\\u03de\\u03e0\\u03e2-\\u03f3\\u0401-\\u040c\\u040e-\\u044f\\u0451-\\u045c' +\n  '\\u045e-\\u0481\\u0490-\\u04c4\\u04c7-\\u04c8\\u04cb-\\u04cc\\u04d0-\\u04eb' +\n  '\\u04ee-\\u04f5\\u04f8-\\u04f9\\u0531-\\u0556\\u0559\\u0561-\\u0586\\u05d0-\\u05ea' +\n  '\\u05f0-\\u05f2\\u0621-\\u063a\\u0641-\\u064a\\u0671-\\u06b7\\u06ba-\\u06be' +\n  '\\u06c0-\\u06ce\\u06d0-\\u06d3\\u06d5\\u06e5-\\u06e6\\u0905-\\u0939\\u093d' +\n  '\\u0958-\\u0961\\u0985-\\u098c\\u098f-\\u0990\\u0993-\\u09a8\\u09aa-\\u09b0\\u09b2' +\n  '\\u09b6-\\u09b9\\u09dc-\\u09dd\\u09df-\\u09e1\\u09f0-\\u09f1\\u0a05-\\u0a0a' +\n  '\\u0a0f-\\u0a10\\u0a13-\\u0a28\\u0a2a-\\u0a30\\u0a32-\\u0a33\\u0a35-\\u0a36' +\n  '\\u0a38-\\u0a39\\u0a59-\\u0a5c\\u0a5e\\u0a72-\\u0a74\\u0a85-\\u0a8b\\u0a8d' +\n  '\\u0a8f-\\u0a91\\u0a93-\\u0aa8\\u0aaa-\\u0ab0\\u0ab2-\\u0ab3\\u0ab5-\\u0ab9' +\n  '\\u0abd\\u0ae0\\u0b05-\\u0b0c\\u0b0f-\\u0b10\\u0b13-\\u0b28\\u0b2a-\\u0b30' +\n  '\\u0b32-\\u0b33\\u0b36-\\u0b39\\u0b3d\\u0b5c-\\u0b5d\\u0b5f-\\u0b61\\u0b85-\\u0b8a' +\n  '\\u0b8e-\\u0b90\\u0b92-\\u0b95\\u0b99-\\u0b9a\\u0b9c\\u0b9e-\\u0b9f\\u0ba3-\\u0ba4' +\n  '\\u0ba8-\\u0baa\\u0bae-\\u0bb5\\u0bb7-\\u0bb9\\u0c05-\\u0c0c\\u0c0e-\\u0c10' +\n  '\\u0c12-\\u0c28\\u0c2a-\\u0c33\\u0c35-\\u0c39\\u0c60-\\u0c61\\u0c85-\\u0c8c' +\n  '\\u0c8e-\\u0c90\\u0c92-\\u0ca8\\u0caa-\\u0cb3\\u0cb5-\\u0cb9\\u0cde\\u0ce0-\\u0ce1' +\n  '\\u0d05-\\u0d0c\\u0d0e-\\u0d10\\u0d12-\\u0d28\\u0d2a-\\u0d39\\u0d60-\\u0d61' +\n  '\\u0e01-\\u0e2e\\u0e30\\u0e32-\\u0e33\\u0e40-\\u0e45\\u0e81-\\u0e82\\u0e84' +\n  '\\u0e87-\\u0e88\\u0e8a\\u0e8d\\u0e94-\\u0e97\\u0e99-\\u0e9f\\u0ea1-\\u0ea3\\u0ea5' +\n  '\\u0ea7\\u0eaa-\\u0eab\\u0ead-\\u0eae\\u0eb0\\u0eb2-\\u0eb3\\u0ebd\\u0ec0-\\u0ec4' +\n  '\\u0f40-\\u0f47\\u0f49-\\u0f69\\u10a0-\\u10c5\\u10d0-\\u10f6\\u1100\\u1102-\\u1103' +\n  '\\u1105-\\u1107\\u1109\\u110b-\\u110c\\u110e-\\u1112\\u113c\\u113e\\u1140\\u114c' +\n  '\\u114e\\u1150\\u1154-\\u1155\\u1159\\u115f-\\u1161\\u1163\\u1165\\u1167\\u1169' +\n  '\\u116d-\\u116e\\u1172-\\u1173\\u1175\\u119e\\u11a8\\u11ab\\u11ae-\\u11af' +\n  '\\u11b7-\\u11b8\\u11ba\\u11bc-\\u11c2\\u11eb\\u11f0\\u11f9\\u1e00-\\u1e9b' +\n  '\\u1ea0-\\u1ef9\\u1f00-\\u1f15\\u1f18-\\u1f1d\\u1f20-\\u1f45\\u1f48-\\u1f4d' +\n  '\\u1f50-\\u1f57\\u1f59\\u1f5b\\u1f5d\\u1f5f-\\u1f7d\\u1f80-\\u1fb4\\u1fb6-\\u1fbc' +\n  '\\u1fbe\\u1fc2-\\u1fc4\\u1fc6-\\u1fcc\\u1fd0-\\u1fd3\\u1fd6-\\u1fdb\\u1fe0-\\u1fec' +\n  '\\u1ff2-\\u1ff4\\u1ff6-\\u1ffc\\u2126\\u212a-\\u212b\\u212e\\u2180-\\u2182' +\n  '\\u3041-\\u3094\\u30a1-\\u30fa\\u3105-\\u312c\\uac00-\\ud7a3' :\n  'A-Za-z';\nvar XML10_IDEOGRAPHIC = (REGEXP_UNICODE) ?\n  '\\u4e00-\\u9fa5\\u3007\\u3021-\\u3029' :\n  '';\nvar XML10_COMBINING_CHAR = (REGEXP_UNICODE) ?\n  '\\u0300-\\u0345\\u0360-\\u0361\\u0483-\\u0486\\u0591-\\u05a1\\u05a3-\\u05b9' +\n  '\\u05bb-\\u05bd\\u05bf\\u05c1-\\u05c2\\u05c4\\u064b-\\u0652\\u0670\\u06d6-\\u06dc' +\n  '\\u06dd-\\u06df\\u06e0-\\u06e4\\u06e7-\\u06e8\\u06ea-\\u06ed\\u0901-\\u0903\\u093c' +\n  '\\u093e-\\u094c\\u094d\\u0951-\\u0954\\u0962-\\u0963\\u0981-\\u0983\\u09bc\\u09be' +\n  '\\u09bf\\u09c0-\\u09c4\\u09c7-\\u09c8\\u09cb-\\u09cd\\u09d7\\u09e2-\\u09e3\\u0a02' +\n  '\\u0a3c\\u0a3e\\u0a3f\\u0a40-\\u0a42\\u0a47-\\u0a48\\u0a4b-\\u0a4d\\u0a70-\\u0a71' +\n  '\\u0a81-\\u0a83\\u0abc\\u0abe-\\u0ac5\\u0ac7-\\u0ac9\\u0acb-\\u0acd\\u0b01-\\u0b03' +\n  '\\u0b3c\\u0b3e-\\u0b43\\u0b47-\\u0b48\\u0b4b-\\u0b4d\\u0b56-\\u0b57\\u0b82-\\u0b83' +\n  '\\u0bbe-\\u0bc2\\u0bc6-\\u0bc8\\u0bca-\\u0bcd\\u0bd7\\u0c01-\\u0c03\\u0c3e-\\u0c44' +\n  '\\u0c46-\\u0c48\\u0c4a-\\u0c4d\\u0c55-\\u0c56\\u0c82-\\u0c83\\u0cbe-\\u0cc4' +\n  '\\u0cc6-\\u0cc8\\u0cca-\\u0ccd\\u0cd5-\\u0cd6\\u0d02-\\u0d03\\u0d3e-\\u0d43' +\n  '\\u0d46-\\u0d48\\u0d4a-\\u0d4d\\u0d57\\u0e31\\u0e34-\\u0e3a\\u0e47-\\u0e4e\\u0eb1' +\n  '\\u0eb4-\\u0eb9\\u0ebb-\\u0ebc\\u0ec8-\\u0ecd\\u0f18-\\u0f19\\u0f35\\u0f37\\u0f39' +\n  '\\u0f3e\\u0f3f\\u0f71-\\u0f84\\u0f86-\\u0f8b\\u0f90-\\u0f95\\u0f97\\u0f99-\\u0fad' +\n  '\\u0fb1-\\u0fb7\\u0fb9\\u20d0-\\u20dc\\u20e1\\u302a-\\u302f\\u3099\\u309a' :\n  '';\nvar XML10_DIGIT = (REGEXP_UNICODE) ?\n  '\\u0030-\\u0039\\u0660-\\u0669\\u06f0-\\u06f9\\u0966-\\u096f\\u09e6-\\u09ef' +\n  '\\u0a66-\\u0a6f\\u0ae6-\\u0aef\\u0b66-\\u0b6f\\u0be7-\\u0bef\\u0c66-\\u0c6f' +\n  '\\u0ce6-\\u0cef\\u0d66-\\u0d6f\\u0e50-\\u0e59\\u0ed0-\\u0ed9\\u0f20-\\u0f29' :\n  '0-9';\nvar XML10_EXTENDER = (REGEXP_UNICODE) ?\n  '\\u00b7\\u02d0\\u02d1\\u0387\\u0640\\u0e46\\u0ec6\\u3005\\u3031-\\u3035' +\n  '\\u309d-\\u309e\\u30fc-\\u30fe' :\n  '';\nvar XML10_LETTER = XML10_BASE_CHAR + XML10_IDEOGRAPHIC;\nvar XML10_NAME_CHAR = XML10_LETTER + XML10_DIGIT + '\\\\._:' +\n                      XML10_COMBINING_CHAR + XML10_EXTENDER + '-';\nvar XML10_NAME = '[' + XML10_LETTER + '_:][' + XML10_NAME_CHAR + ']*';\n\nvar XML10_ENTITY_REF = '&' + XML10_NAME + ';';\nvar XML10_REFERENCE = XML10_ENTITY_REF + '|' + XML_CHAR_REF;\nvar XML10_ATT_VALUE = '\"(([^<&\"]|' + XML10_REFERENCE + ')*)\"|' +\n                      \"'(([^<&']|\" + XML10_REFERENCE + \")*)'\";\nvar XML10_ATTRIBUTE =\n  '(' + XML10_NAME + ')' + XML_EQ + '(' + XML10_ATT_VALUE + ')';\n\n// XML 1.1 tokens.\n// TODO(jtakagi): NameStartChar also includes \\u10000-\\ueffff.\n// ECMAScript Language Specifiction defines UnicodeEscapeSequence as\n// \"\\u HexDigit HexDigit HexDigit HexDigit\" and we may need to use\n// surrogate pairs, but any browser doesn't support surrogate paris in\n// character classes of regular expression, so avoid including them for now.\n\nvar XML11_VERSION_INFO = XML_S + 'version' + XML_EQ + '(\"1\\\\.1\"|' + \"'1\\\\.1')\";\nvar XML11_NAME_START_CHAR = (REGEXP_UNICODE) ?\n  ':A-Z_a-z\\u00c0-\\u00d6\\u00d8-\\u00f6\\u00f8-\\u02ff\\u0370-\\u037d' +\n  '\\u037f-\\u1fff\\u200c-\\u200d\\u2070-\\u218f\\u2c00-\\u2fef\\u3001-\\ud7ff' +\n  '\\uf900-\\ufdcf\\ufdf0-\\ufffd' :\n  ':A-Z_a-z';\nvar XML11_NAME_CHAR = XML11_NAME_START_CHAR +\n  ((REGEXP_UNICODE) ? '\\\\.0-9\\u00b7\\u0300-\\u036f\\u203f-\\u2040-' : '\\\\.0-9-');\nvar XML11_NAME = '[' + XML11_NAME_START_CHAR + '][' + XML11_NAME_CHAR + ']*';\n\nvar XML11_ENTITY_REF = '&' + XML11_NAME + ';';\nvar XML11_REFERENCE = XML11_ENTITY_REF + '|' + XML_CHAR_REF;\nvar XML11_ATT_VALUE = '\"(([^<&\"]|' + XML11_REFERENCE + ')*)\"|' +\n                      \"'(([^<&']|\" + XML11_REFERENCE + \")*)'\";\nvar XML11_ATTRIBUTE =\n  '(' + XML11_NAME + ')' + XML_EQ + '(' + XML11_ATT_VALUE + ')';\n\n// XML Namespace tokens.\n// Used in XML parser and XPath parser.\n\nvar XML_NC_NAME_CHAR = XML10_LETTER + XML10_DIGIT + '\\\\._' +\n                       XML10_COMBINING_CHAR + XML10_EXTENDER + '-';\nvar XML_NC_NAME = '[' + XML10_LETTER + '_][' + XML_NC_NAME_CHAR + ']*';\n",[object ChromeWindow],"http://localhost:8081/aptana/samples/rss-sample/lib/ajaxslt-0.8.1/xmltoken.js")
  ->  [Includer.js:329] load("http://localhost:8081/aptana/samples/rss-sample/lib/ajaxslt-0.8.1/xmltoken.js",[object ChromeWindow],"server",false,false,false)
  ->  [NewElement.js:67] load("tempLoad_0.040834138107532561766502620358")
  ->  [index.html:21] <no name>
paths:
  -> file:///E:/Aptana%20Jaxer%20Apache/Jaxer/Apache2-4Build/jaxer/framework/src/ModuleLogger.js
  -> file:///E:/Aptana%20Jaxer%20Apache/Jaxer/Apache2-4Build/jaxer/framework/src/Includer.js
  -> file:///E:/Aptana%20Jaxer%20Apache/Jaxer/Apache2-4Build/jaxer/framework/src/NewElement.js
  -> http://localhost:8081/aptana/samples/rss-sample/index.html

01:10:20 12/24/2025 [ 32928] [TRACE] [JS Framework] [Includer.load] Jaxer.pageWindow.Jaxer.__newFunctions contains 0 items
stack:
  ->  [ModuleLogger.js:98] trace("Jaxer.pageWindow.Jaxer.__newFunctions contains 0 items")
  ->  [Includer.js:334] load("http://localhost:8081/aptana/samples/rss-sample/lib/ajaxslt-0.8.1/xmltoken.js",[object ChromeWindow],"server",false,false,false)
  ->  [NewElement.js:67] load("tempLoad_0.040834138107532561766502620358")
  ->  [index.html:21] <no name>
paths:
  -> file:///E:/Aptana%20Jaxer%20Apache/Jaxer/Apache2-4Build/jaxer/framework/src/ModuleLogger.js
  -> file:///E:/Aptana%20Jaxer%20Apache/Jaxer/Apache2-4Build/jaxer/framework/src/Includer.js
  -> file:///E:/Aptana%20Jaxer%20Apache/Jaxer/Apache2-4Build/jaxer/framework/src/NewElement.js
  -> http://localhost:8081/aptana/samples/rss-sample/index.html

01:10:20 12/24/2025 [ 32928] [DEBUG] [JS Framework] [Includer.load] Included: http://localhost:8081/aptana/samples/rss-sample/lib/ajaxslt-0.8.1/xmltoken.js
stack:
  ->  [ModuleLogger.js:98] debug("Included: http://localhost:8081/aptana/samples/rss-sample/lib/ajaxslt-0.8.1/xmltoken.js")
  ->  [Includer.js:351] load("http://localhost:8081/aptana/samples/rss-sample/lib/ajaxslt-0.8.1/xmltoken.js",[object ChromeWindow],"server",false,false,false)
  ->  [NewElement.js:67] load("tempLoad_0.040834138107532561766502620358")
  ->  [index.html:21] <no name>
paths:
  -> file:///E:/Aptana%20Jaxer%20Apache/Jaxer/Apache2-4Build/jaxer/framework/src/ModuleLogger.js
  -> file:///E:/Aptana%20Jaxer%20Apache/Jaxer/Apache2-4Build/jaxer/framework/src/Includer.js
  -> file:///E:/Aptana%20Jaxer%20Apache/Jaxer/Apache2-4Build/jaxer/framework/src/NewElement.js
  -> http://localhost:8081/aptana/samples/rss-sample/index.html

01:10:20 12/24/2025 [ 32928] [TRACE] [JS Framework] [CoreEvents.fire] At this time, evt.Request.isHandler=false and eventType: NEW_ELEMENT - SCRIPT
stack:
  ->  [ModuleLogger.js:98] trace("At this time, evt.Request.isHandler=false and eventType: NEW_ELEMENT - SCRIPT")
  ->  [CoreEvents.js:205] fire("NEW_ELEMENT",[object XPCWrappedNative_NoHelper],[object HTMLDocument],[object HTMLScriptElement])
  ->  [aptEventHandler.js:157] observe([object XPCWrappedNative_NoHelper],"jaxerEvent.NewHTMLElement",null)
paths:
  -> file:///E:/Aptana%20Jaxer%20Apache/Jaxer/Apache2-4Build/jaxer/framework/src/ModuleLogger.js
  -> file:///E:/Aptana%20Jaxer%20Apache/Jaxer/Apache2-4Build/jaxer/framework/src/CoreEvents.js
  -> file:///E:/Aptana%20Jaxer%20Apache/Jaxer/Apache2-4Build/jaxer/components/aptEventHandler.js

01:10:20 12/24/2025 [ 32928] [TRACE] [JS Framework] [CoreEvents.fireEvent] Firing an event for NEW_ELEMENT
stack:
  ->  [ModuleLogger.js:98] trace("Firing an event for NEW_ELEMENT")
  ->  [CoreEvents.js:282] fireEvent("NEW_ELEMENT",[object Array])
  ->  [CoreEvents.js:238] fire("NEW_ELEMENT",[object XPCWrappedNative_NoHelper],[object HTMLDocument],[object HTMLScriptElement])
  ->  [aptEventHandler.js:157] observe([object XPCWrappedNative_NoHelper],"jaxerEvent.NewHTMLElement",null)
paths:
  -> file:///E:/Aptana%20Jaxer%20Apache/Jaxer/Apache2-4Build/jaxer/framework/src/ModuleLogger.js
  -> file:///E:/Aptana%20Jaxer%20Apache/Jaxer/Apache2-4Build/jaxer/framework/src/CoreEvents.js
  -> file:///E:/Aptana%20Jaxer%20Apache/Jaxer/Apache2-4Build/jaxer/components/aptEventHandler.js

01:10:20 12/24/2025 [ 32928] [TRACE] [JS Framework] [CoreEvents.fireEvent] Calling event handler: function onNewElement(evt, doc, elt) {
    switch (elt.tagNa...
stack:
  ->  [ModuleLogger.js:98] trace("Calling event handler: function onNewElement(evt, doc, elt) {\n    switch (elt.tagNa...")
  ->  [CoreEvents.js:292] fireEvent("NEW_ELEMENT",[object Array])
  ->  [CoreEvents.js:238] fire("NEW_ELEMENT",[object XPCWrappedNative_NoHelper],[object HTMLDocument],[object HTMLScriptElement])
  ->  [aptEventHandler.js:157] observe([object XPCWrappedNative_NoHelper],"jaxerEvent.NewHTMLElement",null)
paths:
  -> file:///E:/Aptana%20Jaxer%20Apache/Jaxer/Apache2-4Build/jaxer/framework/src/ModuleLogger.js
  -> file:///E:/Aptana%20Jaxer%20Apache/Jaxer/Apache2-4Build/jaxer/framework/src/CoreEvents.js
  -> file:///E:/Aptana%20Jaxer%20Apache/Jaxer/Apache2-4Build/jaxer/components/aptEventHandler.js

01:10:20 12/24/2025 [ 32928] [TRACE] [JS Framework] [NewElement.onNewElement] Received element: SCRIPT with src='lib/ajaxslt-0.8.1/dom.js' and runat='server'
stack:
  ->  [ModuleLogger.js:98] trace("Received element: SCRIPT with src='lib/ajaxslt-0.8.1/dom.js' and runat='server'")
  ->  [NewElement.js:88] onNewElement([object XPCWrappedNative_NoHelper],[object HTMLDocument],[object HTMLScriptElement])
  ->  [CoreEvents.js:293] fireEvent("NEW_ELEMENT",[object Array])
  ->  [CoreEvents.js:238] fire("NEW_ELEMENT",[object XPCWrappedNative_NoHelper],[object HTMLDocument],[object HTMLScriptElement])
  ->  [aptEventHandler.js:157] observe([object XPCWrappedNative_NoHelper],"jaxerEvent.NewHTMLElement",null)
paths:
  -> file:///E:/Aptana%20Jaxer%20Apache/Jaxer/Apache2-4Build/jaxer/framework/src/ModuleLogger.js
  -> file:///E:/Aptana%20Jaxer%20Apache/Jaxer/Apache2-4Build/jaxer/framework/src/NewElement.js
  -> file:///E:/Aptana%20Jaxer%20Apache/Jaxer/Apache2-4Build/jaxer/framework/src/CoreEvents.js
  -> file:///E:/Aptana%20Jaxer%20Apache/Jaxer/Apache2-4Build/jaxer/components/aptEventHandler.js

01:10:20 12/24/2025 [ 32928] [TRACE] [JS Framework] [NewElement.load] Loading src'ed script with [src, global, useCache, forceRefreshCache] = lib/ajaxslt-0.8.1/dom.js,[object ChromeWindow],server,false,false,false
stack:
  ->  [ModuleLogger.js:98] trace("Loading src'ed script with [src, global, useCache, forceRefreshCache] = lib/ajaxslt-0.8.1/dom.js,[object ChromeWindow],server,false,false,false")
  ->  [NewElement.js:66] load("tempLoad_0.82248396227909761766502620379")
  ->  [index.html:22] <no name>
paths:
  -> file:///E:/Aptana%20Jaxer%20Apache/Jaxer/Apache2-4Build/jaxer/framework/src/ModuleLogger.js
  -> file:///E:/Aptana%20Jaxer%20Apache/Jaxer/Apache2-4Build/jaxer/framework/src/NewElement.js
  -> http://localhost:8081/aptana/samples/rss-sample/index.html

01:10:20 12/24/2025 [ 32928] [TRACE] [JS Framework] [Web.get] Retrieving from web URL: http://localhost:8081/aptana/samples/rss-sample/lib/ajaxslt-0.8.1/dom.js
stack:
  ->  [ModuleLogger.js:98] trace("Retrieving from web URL: http://localhost:8081/aptana/samples/rss-sample/lib/ajaxslt-0.8.1/dom.js")
  ->  [Web.js:240] get("http://localhost:8081/aptana/samples/rss-sample/lib/ajaxslt-0.8.1/dom.js")
  ->  [Includer.js:288] load("http://localhost:8081/aptana/samples/rss-sample/lib/ajaxslt-0.8.1/dom.js",[object ChromeWindow],"server",false,false,false)
  ->  [NewElement.js:67] load("tempLoad_0.82248396227909761766502620379")
  ->  [index.html:22] <no name>
paths:
  -> file:///E:/Aptana%20Jaxer%20Apache/Jaxer/Apache2-4Build/jaxer/framework/src/ModuleLogger.js
  -> file:///E:/Aptana%20Jaxer%20Apache/Jaxer/Apache2-4Build/jaxer/framework/src/Web.js
  -> file:///E:/Aptana%20Jaxer%20Apache/Jaxer/Apache2-4Build/jaxer/framework/src/Includer.js
  -> file:///E:/Aptana%20Jaxer%20Apache/Jaxer/Apache2-4Build/jaxer/framework/src/NewElement.js
  -> http://localhost:8081/aptana/samples/rss-sample/index.html

01:10:20 12/24/2025 [ 32928] [TRACE] [JS Framework] [Web.send] Parameters are: url: http://localhost:8081/aptana/samples/rss-sample/lib/ajaxslt-0.8.1/dom.js; method: GET; data: null; options: ({})
stack:
  ->  [ModuleLogger.js:98] trace("Parameters are: url: http://localhost:8081/aptana/samples/rss-sample/lib/ajaxslt-0.8.1/dom.js; method: GET; data: null; options: ({})")
  ->  [Web.js:190] send("http://localhost:8081/aptana/samples/rss-sample/lib/ajaxslt-0.8.1/dom.js","GET",null,[object Object])
  ->  [Web.js:241] get("http://localhost:8081/aptana/samples/rss-sample/lib/ajaxslt-0.8.1/dom.js")
  ->  [Includer.js:288] load("http://localhost:8081/aptana/samples/rss-sample/lib/ajaxslt-0.8.1/dom.js",[object ChromeWindow],"server",false,false,false)
  ->  [NewElement.js:67] load("tempLoad_0.82248396227909761766502620379")
  ->  [index.html:22] <no name>
paths:
  -> file:///E:/Aptana%20Jaxer%20Apache/Jaxer/Apache2-4Build/jaxer/framework/src/ModuleLogger.js
  -> file:///E:/Aptana%20Jaxer%20Apache/Jaxer/Apache2-4Build/jaxer/framework/src/Web.js
  -> file:///E:/Aptana%20Jaxer%20Apache/Jaxer/Apache2-4Build/jaxer/framework/src/Includer.js
  -> file:///E:/Aptana%20Jaxer%20Apache/Jaxer/Apache2-4Build/jaxer/framework/src/NewElement.js
  -> http://localhost:8081/aptana/samples/rss-sample/index.html

01:10:20 12/24/2025 [ 32928] [TRACE] [JS Framework] [Web.send] Resolved URL to: http://localhost:8081/aptana/samples/rss-sample/lib/ajaxslt-0.8.1/dom.js
stack:
  ->  [ModuleLogger.js:98] trace("Resolved URL to: http://localhost:8081/aptana/samples/rss-sample/lib/ajaxslt-0.8.1/dom.js")
  ->  [Web.js:192] send("http://localhost:8081/aptana/samples/rss-sample/lib/ajaxslt-0.8.1/dom.js","GET",null,[object Object])
  ->  [Web.js:241] get("http://localhost:8081/aptana/samples/rss-sample/lib/ajaxslt-0.8.1/dom.js")
  ->  [Includer.js:288] load("http://localhost:8081/aptana/samples/rss-sample/lib/ajaxslt-0.8.1/dom.js",[object ChromeWindow],"server",false,false,false)
  ->  [NewElement.js:67] load("tempLoad_0.82248396227909761766502620379")
  ->  [index.html:22] <no name>
paths:
  -> file:///E:/Aptana%20Jaxer%20Apache/Jaxer/Apache2-4Build/jaxer/framework/src/ModuleLogger.js
  -> file:///E:/Aptana%20Jaxer%20Apache/Jaxer/Apache2-4Build/jaxer/framework/src/Web.js
  -> file:///E:/Aptana%20Jaxer%20Apache/Jaxer/Apache2-4Build/jaxer/framework/src/Includer.js
  -> file:///E:/Aptana%20Jaxer%20Apache/Jaxer/Apache2-4Build/jaxer/framework/src/NewElement.js
  -> http://localhost:8081/aptana/samples/rss-sample/index.html

01:10:20 12/24/2025 [ 32928] [TRACE] [JS Framework] [XHR.send] Sending synchronous GET request to url http://localhost:8081/aptana/samples/rss-sample/lib/ajaxslt-0.8.1/dom.js with no data
stack:
  ->  [ModuleLogger.js:98] trace("Sending synchronous GET request to url http://localhost:8081/aptana/samples/rss-sample/lib/ajaxslt-0.8.1/dom.js with no data")
  ->  [XHR.js:522] send("",[object Object])
  ->  [Web.js:195] send("http://localhost:8081/aptana/samples/rss-sample/lib/ajaxslt-0.8.1/dom.js","GET",null,[object Object])
  ->  [Web.js:241] get("http://localhost:8081/aptana/samples/rss-sample/lib/ajaxslt-0.8.1/dom.js")
  ->  [Includer.js:288] load("http://localhost:8081/aptana/samples/rss-sample/lib/ajaxslt-0.8.1/dom.js",[object ChromeWindow],"server",false,false,false)
  ->  [NewElement.js:67] load("tempLoad_0.82248396227909761766502620379")
  ->  [index.html:22] <no name>
paths:
  -> file:///E:/Aptana%20Jaxer%20Apache/Jaxer/Apache2-4Build/jaxer/framework/src/ModuleLogger.js
  -> file:///E:/Aptana%20Jaxer%20Apache/Jaxer/Apache2-4Build/jaxer/framework/src/XHR.js
  -> file:///E:/Aptana%20Jaxer%20Apache/Jaxer/Apache2-4Build/jaxer/framework/src/Web.js
  -> file:///E:/Aptana%20Jaxer%20Apache/Jaxer/Apache2-4Build/jaxer/framework/src/Includer.js
  -> file:///E:/Aptana%20Jaxer%20Apache/Jaxer/Apache2-4Build/jaxer/framework/src/NewElement.js
  -> http://localhost:8081/aptana/samples/rss-sample/index.html

01:10:20 12/24/2025 [ 32928] [TRACE] [JS Framework] [XHR.send] Sent
stack:
  ->  [ModuleLogger.js:98] trace("Sent")
  ->  [XHR.js:524] send("",[object Object])
  ->  [Web.js:195] send("http://localhost:8081/aptana/samples/rss-sample/lib/ajaxslt-0.8.1/dom.js","GET",null,[object Object])
  ->  [Web.js:241] get("http://localhost:8081/aptana/samples/rss-sample/lib/ajaxslt-0.8.1/dom.js")
  ->  [Includer.js:288] load("http://localhost:8081/aptana/samples/rss-sample/lib/ajaxslt-0.8.1/dom.js",[object ChromeWindow],"server",false,false,false)
  ->  [NewElement.js:67] load("tempLoad_0.82248396227909761766502620379")
  ->  [index.html:22] <no name>
paths:
  -> file:///E:/Aptana%20Jaxer%20Apache/Jaxer/Apache2-4Build/jaxer/framework/src/ModuleLogger.js
  -> file:///E:/Aptana%20Jaxer%20Apache/Jaxer/Apache2-4Build/jaxer/framework/src/XHR.js
  -> file:///E:/Aptana%20Jaxer%20Apache/Jaxer/Apache2-4Build/jaxer/framework/src/Web.js
  -> file:///E:/Aptana%20Jaxer%20Apache/Jaxer/Apache2-4Build/jaxer/framework/src/Includer.js
  -> file:///E:/Aptana%20Jaxer%20Apache/Jaxer/Apache2-4Build/jaxer/framework/src/NewElement.js
  -> http://localhost:8081/aptana/samples/rss-sample/index.html

01:10:20 12/24/2025 [ 32928] [TRACE] [JS Framework] [XHR.finish] Synchronous request to url http://localhost:8081/aptana/samples/rss-sample/lib/ajaxslt-0.8.1/dom.js received text response: // Copyright 2005 Google Inc.
// All Rights Reserved
//
// Author: Steffen Meschkat <mesch@google.co...
stack:
  ->  [ModuleLogger.js:98] trace("Synchronous request to url http://localhost:8081/aptana/samples/rss-sample/lib/ajaxslt-0.8.1/dom.js received text response: // Copyright 2005 Google Inc.\n// All Rights Reserved\n//\n// Author: Steffen Meschkat <mesch@google.co...")
  ->  [XHR.js:406] finish(false)
  ->  [XHR.js:533] send("",[object Object])
  ->  [Web.js:195] send("http://localhost:8081/aptana/samples/rss-sample/lib/ajaxslt-0.8.1/dom.js","GET",null,[object Object])
  ->  [Web.js:241] get("http://localhost:8081/aptana/samples/rss-sample/lib/ajaxslt-0.8.1/dom.js")
  ->  [Includer.js:288] load("http://localhost:8081/aptana/samples/rss-sample/lib/ajaxslt-0.8.1/dom.js",[object ChromeWindow],"server",false,false,false)
  ->  [NewElement.js:67] load("tempLoad_0.82248396227909761766502620379")
  ->  [index.html:22] <no name>
paths:
  -> file:///E:/Aptana%20Jaxer%20Apache/Jaxer/Apache2-4Build/jaxer/framework/src/ModuleLogger.js
  -> file:///E:/Aptana%20Jaxer%20Apache/Jaxer/Apache2-4Build/jaxer/framework/src/XHR.js
  -> file:///E:/Aptana%20Jaxer%20Apache/Jaxer/Apache2-4Build/jaxer/framework/src/Web.js
  -> file:///E:/Aptana%20Jaxer%20Apache/Jaxer/Apache2-4Build/jaxer/framework/src/Includer.js
  -> file:///E:/Aptana%20Jaxer%20Apache/Jaxer/Apache2-4Build/jaxer/framework/src/NewElement.js
  -> http://localhost:8081/aptana/samples/rss-sample/index.html

01:10:20 12/24/2025 [ 32928] [TRACE] [JS Framework] [Web.send] Received response of type 'string' and length 15265: // Copyright 2005 Google Inc.
// All Rights Reserved
//
// Author: Steffen Meschkat <mesch@google.co...
stack:
  ->  [ModuleLogger.js:98] trace("Received response of type 'string' and length 15265: // Copyright 2005 Google Inc.\n// All Rights Reserved\n//\n// Author: Steffen Meschkat <mesch@google.co...")
  ->  [Web.js:199] send("http://localhost:8081/aptana/samples/rss-sample/lib/ajaxslt-0.8.1/dom.js","GET",null,[object Object])
  ->  [Web.js:241] get("http://localhost:8081/aptana/samples/rss-sample/lib/ajaxslt-0.8.1/dom.js")
  ->  [Includer.js:288] load("http://localhost:8081/aptana/samples/rss-sample/lib/ajaxslt-0.8.1/dom.js",[object ChromeWindow],"server",false,false,false)
  ->  [NewElement.js:67] load("tempLoad_0.82248396227909761766502620379")
  ->  [index.html:22] <no name>
paths:
  -> file:///E:/Aptana%20Jaxer%20Apache/Jaxer/Apache2-4Build/jaxer/framework/src/ModuleLogger.js
  -> file:///E:/Aptana%20Jaxer%20Apache/Jaxer/Apache2-4Build/jaxer/framework/src/Web.js
  -> file:///E:/Aptana%20Jaxer%20Apache/Jaxer/Apache2-4Build/jaxer/framework/src/Includer.js
  -> file:///E:/Aptana%20Jaxer%20Apache/Jaxer/Apache2-4Build/jaxer/framework/src/NewElement.js
  -> http://localhost:8081/aptana/samples/rss-sample/index.html

01:10:20 12/24/2025 [ 32928] [TRACE] [JS Framework] [Includer.load] Retrieved 15265 characters from 'http://localhost:8081/aptana/samples/rss-sample/lib/ajaxslt-0.8.1/dom.js'
stack:
  ->  [ModuleLogger.js:98] trace("Retrieved 15265 characters from 'http://localhost:8081/aptana/samples/rss-sample/lib/ajaxslt-0.8.1/dom.js'")
  ->  [Includer.js:290] load("http://localhost:8081/aptana/samples/rss-sample/lib/ajaxslt-0.8.1/dom.js",[object ChromeWindow],"server",false,false,false)
  ->  [NewElement.js:67] load("tempLoad_0.82248396227909761766502620379")
  ->  [index.html:22] <no name>
paths:
  -> file:///E:/Aptana%20Jaxer%20Apache/Jaxer/Apache2-4Build/jaxer/framework/src/ModuleLogger.js
  -> file:///E:/Aptana%20Jaxer%20Apache/Jaxer/Apache2-4Build/jaxer/framework/src/Includer.js
  -> file:///E:/Aptana%20Jaxer%20Apache/Jaxer/Apache2-4Build/jaxer/framework/src/NewElement.js
  -> http://localhost:8081/aptana/samples/rss-sample/index.html

01:10:20 12/24/2025 [ 32928] [TRACE] [JS Framework] [Includer.load] Evaluating 'http://localhost:8081/aptana/samples/rss-sample/lib/ajaxslt-0.8.1/dom.js'
stack:
  ->  [ModuleLogger.js:98] trace("Evaluating 'http://localhost:8081/aptana/samples/rss-sample/lib/ajaxslt-0.8.1/dom.js'")
  ->  [Includer.js:328] load("http://localhost:8081/aptana/samples/rss-sample/lib/ajaxslt-0.8.1/dom.js",[object ChromeWindow],"server",false,false,false)
  ->  [NewElement.js:67] load("tempLoad_0.82248396227909761766502620379")
  ->  [index.html:22] <no name>
paths:
  -> file:///E:/Aptana%20Jaxer%20Apache/Jaxer/Apache2-4Build/jaxer/framework/src/ModuleLogger.js
  -> file:///E:/Aptana%20Jaxer%20Apache/Jaxer/Apache2-4Build/jaxer/framework/src/Includer.js
  -> file:///E:/Aptana%20Jaxer%20Apache/Jaxer/Apache2-4Build/jaxer/framework/src/NewElement.js
  -> http://localhost:8081/aptana/samples/rss-sample/index.html

01:10:20 12/24/2025 [ 32928] [TRACE] [JS Framework] [Includer.evalOn] Evaluating using Jaxer.request.evaluateScript: contents = // Copyrig... with global = [object ChromeWindow] and effectiveUrl = http://localhost:8081/aptana/samples/rss-sample/lib/ajaxslt-0.8.1/dom.js
stack:
  ->  [ModuleLogger.js:98] trace("Evaluating using Jaxer.request.evaluateScript: contents = // Copyrig... with global = [object ChromeWindow] and effectiveUrl = http://localhost:8081/aptana/samples/rss-sample/lib/ajaxslt-0.8.1/dom.js")
  ->  [Includer.js:131] evalOn("// Copyright 2005 Google Inc.\n// All Rights Reserved\n//\n// Author: Steffen Meschkat <mesch@google.com>\n//\n// An XML parse and a minimal DOM implementation that just supportes\n// the subset of the W3C DOM that is used in the XSLT implementation.\n\n// NOTE: The split() method in IE omits empty result strings. This is\n// utterly annoying. So we don't use it here.\n\n// Resolve entities in XML text fragments. According to the DOM\n// specification, the DOM is supposed to resolve entity references at\n// the API level. I.e. no entity references are passed through the\n// API. See \"Entities and the DOM core\", p.12, DOM 2 Core\n// Spec. However, different browsers actually pass very different\n// values at the API. See <http://mesch.nyc/test-xml-quote>.\nfunction xmlResolveEntities(s) {\n\n  var parts = stringSplit(s, '&');\n\n  var ret = parts[0];\n  for (var i = 1; i < parts.length; ++i) {\n    var rp = parts[i].indexOf(';');\n    if (rp == -1) {\n      // no entity reference: just a & but no ;\n      ret += parts[i];\n      continue;\n    }\n\n    var entityName = parts[i].substring(0, rp);\n    var remainderText = parts[i].substring(rp + 1);\n\n    var ch;\n    switch (entityName) {\n      case 'lt':\n        ch = '<';\n        break;\n      case 'gt':\n        ch = '>';\n        break;\n      case 'amp':\n        ch = '&';\n        break;\n      case 'quot':\n        ch = '\"';\n        break;\n      case 'apos':\n        ch = '\\'';\n        break;\n      case 'nbsp':\n        ch = String.fromCharCode(160);\n        break;\n      default:\n        // Cool trick: let the DOM do the entity decoding. We assign\n        // the entity text through non-W3C DOM properties and read it\n        // through the W3C DOM. W3C DOM access is specified to resolve\n        // entities.\n        var span = domCreateElement(window.document, 'span');\n        span.innerHTML = '&' + entityName + '; ';\n        ch = span.childNodes[0].nodeValue.charAt(0);\n    }\n    ret += ch + remainderText;\n  }\n\n  return ret;\n}\n\nvar XML10_TAGNAME_REGEXP = new RegExp('^(' + XML10_NAME + ')');\nvar XML10_ATTRIBUTE_REGEXP = new RegExp(XML10_ATTRIBUTE, 'g');\n\nvar XML11_TAGNAME_REGEXP = new RegExp('^(' + XML11_NAME + ')');\nvar XML11_ATTRIBUTE_REGEXP = new RegExp(XML11_ATTRIBUTE, 'g');\n\n// Parses the given XML string with our custom, JavaScript XML parser. Written\n// by Steffen Meschkat (mesch@google.com).\nfunction xmlParse(xml) {\n  var regex_empty = /\\/$/;\n\n  var regex_tagname;\n  var regex_attribute;\n  if (xml.match(/^<\\?xml/)) {\n    // When an XML document begins with an XML declaration\n    // VersionInfo must appear.\n    if (xml.search(new RegExp(XML10_VERSION_INFO)) == 5) {\n      regex_tagname = XML10_TAGNAME_REGEXP;\n      regex_attribute = XML10_ATTRIBUTE_REGEXP;\n    } else if (xml.search(new RegExp(XML11_VERSION_INFO)) == 5) {\n      regex_tagname = XML11_TAGNAME_REGEXP;\n      regex_attribute = XML11_ATTRIBUTE_REGEXP;\n    } else {\n      // VersionInfo is missing, or unknown version number.\n      // TODO : Fallback to XML 1.0 or XML 1.1, or just return null?\n      alert('VersionInfo is missing, or unknown version number.');\n    }\n  } else {\n    // When an XML declaration is missing it's an XML 1.0 document.\n    regex_tagname = XML10_TAGNAME_REGEXP;\n    regex_attribute = XML10_ATTRIBUTE_REGEXP;\n  }\n\n  var xmldoc = new XDocument();\n  var root = xmldoc;\n\n  // For the record: in Safari, we would create native DOM nodes, but\n  // in Opera that is not possible, because the DOM only allows HTML\n  // element nodes to be created, so we have to do our own DOM nodes.\n\n  // xmldoc = document.implementation.createDocument('','',null);\n  // root = xmldoc; // .createDocumentFragment();\n  // NOTE(mesch): using the DocumentFragment instead of the Document\n  // crashes my Safari 1.2.4 (v125.12).\n  var stack = [];\n\n  var parent = root;\n  stack.push(parent);\n\n  // The token that delimits a section that contains markup as\n  // content: CDATA or comments.\n  var slurp = '';\n\n  var x = stringSplit(xml, '<');\n  for (var i = 1; i < x.length; ++i) {\n    var xx = stringSplit(x[i], '>');\n    var tag = xx[0];\n    var text = xmlResolveEntities(xx[1] || '');\n\n    if (slurp) {\n      // In a \"slurp\" section (CDATA or comment): only check for the\n      // end of the section, otherwise append the whole text.\n      var end = x[i].indexOf(slurp);\n      if (end != -1) {\n        var data = x[i].substring(0, end);\n        parent.nodeValue += '<' + data;\n        stack.pop();\n        parent = stack[stack.length-1];\n        text = x[i].substring(end + slurp.length);\n        slurp = '';\n      } else {\n        parent.nodeValue += '<' + x[i];\n        text = null;\n      }\n\n    } else if (tag.indexOf('![CDATA[') == 0) {\n      var start = '![CDATA['.length;\n      var end = x[i].indexOf(']]>');\n      if (end != -1) {\n        var data = x[i].substring(start, end);\n        var node = domCreateCDATASection(xmldoc, data);\n        domAppendChild(parent, node);\n      } else {\n        var data = x[i].substring(start);\n        text = null;\n        var node = domCreateCDATASection(xmldoc, data);\n        domAppendChild(parent, node);\n        parent = node;\n        stack.push(node);\n        slurp = ']]>';\n      }\n\n    } else if (tag.indexOf('!--') == 0) {\n      var start = '!--'.length;\n      var end = x[i].indexOf('-->');\n      if (end != -1) {\n        var data = x[i].substring(start, end);\n        var node = domCreateComment(xmldoc, data);\n        domAppendChild(parent, node);\n      } else {\n        var data = x[i].substring(start);\n        text = null;\n        var node = domCreateComment(xmldoc, data);\n        domAppendChild(parent, node);\n        parent = node;\n        stack.push(node);\n        slurp = '-->';\n      }\n\n    } else if (tag.charAt(0) == '/') {\n      stack.pop();\n      parent = stack[stack.length-1];\n\n    } else if (tag.charAt(0) == '?') {\n      // Ignore XML declaration and processing instructions\n    } else if (tag.charAt(0) == '!') {\n      // Ignore notation and comments\n    } else {\n      var empty = tag.match(regex_empty);\n      var tagname = regex_tagname.exec(tag)[1];\n      var node = domCreateElement(xmldoc, tagname);\n\n      var att;\n      while (att = regex_attribute.exec(tag)) {\n        var val = xmlResolveEntities(att[5] || att[7] || '');\n        domSetAttribute(node, att[1], val);\n      }\n\n      domAppendChild(parent, node);\n      if (!empty) {\n        parent = node;\n        stack.push(node);\n      }\n    }\n\n    if (text && parent != root) {\n      domAppendChild(parent, domCreateTextNode(xmldoc, text));\n    }\n  }\n\n  return root;\n}\n\n// Based on <http://www.w3.org/TR/2000/REC-DOM-Level-2-Core-20001113/\n// core.html#ID-1950641247>\nvar DOM_ELEMENT_NODE = 1;\nvar DOM_ATTRIBUTE_NODE = 2;\nvar DOM_TEXT_NODE = 3;\nvar DOM_CDATA_SECTION_NODE = 4;\nvar DOM_ENTITY_REFERENCE_NODE = 5;\nvar DOM_ENTITY_NODE = 6;\nvar DOM_PROCESSING_INSTRUCTION_NODE = 7;\nvar DOM_COMMENT_NODE = 8;\nvar DOM_DOCUMENT_NODE = 9;\nvar DOM_DOCUMENT_TYPE_NODE = 10;\nvar DOM_DOCUMENT_FRAGMENT_NODE = 11;\nvar DOM_NOTATION_NODE = 12;\n\n// Traverses the element nodes in the DOM section underneath the given\n// node and invokes the given callbacks as methods on every element\n// node encountered. Function opt_pre is invoked before a node's\n// children are traversed; opt_post is invoked after they are\n// traversed. Traversal will not be continued if a callback function\n// returns boolean false. NOTE(mesch): copied from\n// <//google3/maps/webmaps/javascript/dom.js>.\nfunction domTraverseElements(node, opt_pre, opt_post) {\n  var ret;\n  if (opt_pre) {\n    ret = opt_pre.call(null, node);\n    if (typeof ret == 'boolean' && !ret) {\n      return false;\n    }\n  }\n\n  for (var c = node.firstChild; c; c = c.nextSibling) {\n    if (c.nodeType == DOM_ELEMENT_NODE) {\n      ret = arguments.callee.call(this, c, opt_pre, opt_post);\n      if (typeof ret == 'boolean' && !ret) {\n        return false;\n      }\n    }\n  }\n\n  if (opt_post) {\n    ret = opt_post.call(null, node);\n    if (typeof ret == 'boolean' && !ret) {\n      return false;\n    }\n  }\n}\n\n// Our W3C DOM Node implementation. Note we call it XNode because we\n// can't define the identifier Node. We do this mostly for Opera,\n// where we can't reuse the HTML DOM for parsing our own XML, and for\n// Safari, where it is too expensive to have the template processor\n// operate on native DOM nodes.\nfunction XNode(type, name, opt_value, opt_owner) {\n  this.attributes = [];\n  this.childNodes = [];\n\n  XNode.init.call(this, type, name, opt_value, opt_owner);\n}\n\n// Don't call as method, use apply() or call().\nXNode.init = function(type, name, value, owner) {\n  this.nodeType = type - 0;\n  this.nodeName = '' + name;\n  this.nodeValue = '' + value;\n  this.ownerDocument = owner;\n\n  this.firstChild = null;\n  this.lastChild = null;\n  this.nextSibling = null;\n  this.previousSibling = null;\n  this.parentNode = null;\n}\n\nXNode.unused_ = [];\n\nXNode.recycle = function(node) {\n  if (!node) {\n    return;\n  }\n\n  if (node.constructor == XDocument) {\n    XNode.recycle(node.documentElement);\n    return;\n  }\n\n  if (node.constructor != this) {\n    return;\n  }\n\n  XNode.unused_.push(node);\n  for (var a = 0; a < node.attributes.length; ++a) {\n    XNode.recycle(node.attributes[a]);\n  }\n  for (var c = 0; c < node.childNodes.length; ++c) {\n    XNode.recycle(node.childNodes[c]);\n  }\n  node.attributes.length = 0;\n  node.childNodes.length = 0;\n  XNode.init.call(node, 0, '', '', null);\n}\n\nXNode.create = function(type, name, value, owner) {\n  if (XNode.unused_.length > 0) {\n    var node = XNode.unused_.pop();\n    XNode.init.call(node, type, name, value, owner);\n    return node;\n  } else {\n    return new XNode(type, name, value, owner);\n  }\n}\n\nXNode.prototype.appendChild = function(node) {\n  // firstChild\n  if (this.childNodes.length == 0) {\n    this.firstChild = node;\n  }\n\n  // previousSibling\n  node.previousSibling = this.lastChild;\n\n  // nextSibling\n  node.nextSibling = null;\n  if (this.lastChild) {\n    this.lastChild.nextSibling = node;\n  }\n\n  // parentNode\n  node.parentNode = this;\n\n  // lastChild\n  this.lastChild = node;\n\n  // childNodes\n  this.childNodes.push(node);\n}\n\n\nXNode.prototype.replaceChild = function(newNode, oldNode) {\n  if (oldNode == newNode) {\n    return;\n  }\n\n  for (var i = 0; i < this.childNodes.length; ++i) {\n    if (this.childNodes[i] == oldNode) {\n      this.childNodes[i] = newNode;\n\n      var p = oldNode.parentNode;\n      oldNode.parentNode = null;\n      newNode.parentNode = p;\n\n      p = oldNode.previousSibling;\n      oldNode.previousSibling = null;\n      newNode.previousSibling = p;\n      if (newNode.previousSibling) {\n        newNode.previousSibling.nextSibling = newNode;\n      }\n\n      p = oldNode.nextSibling;\n      oldNode.nextSibling = null;\n      newNode.nextSibling = p;\n      if (newNode.nextSibling) {\n        newNode.nextSibling.previousSibling = newNode;\n      }\n\n      if (this.firstChild == oldNode) {\n        this.firstChild = newNode;\n      }\n\n      if (this.lastChild == oldNode) {\n        this.lastChild = newNode;\n      }\n\n      break;\n    }\n  }\n}\n\n\nXNode.prototype.insertBefore = function(newNode, oldNode) {\n  if (oldNode == newNode) {\n    return;\n  }\n\n  if (oldNode.parentNode != this) {\n    return;\n  }\n\n  if (newNode.parentNode) {\n    newNode.parentNode.removeChild(newNode);\n  }\n\n  var newChildren = [];\n  for (var i = 0; i < this.childNodes.length; ++i) {\n    var c = this.childNodes[i];\n    if (c == oldNode) {\n      newChildren.push(newNode);\n\n      newNode.parentNode = this;\n\n      newNode.previousSibling = oldNode.previousSibling;\n      oldNode.previousSibling = newNode;\n      if (newNode.previousSibling) {\n        newNode.previousSibling.nextSibling = newNode;\n      }\n\n      newNode.nextSibling = oldNode;\n\n      if (this.firstChild == oldNode) {\n        this.firstChild = newNode;\n      }\n    }\n    newChildren.push(c);\n  }\n  this.childNodes = newChildren;\n}\n\n\nXNode.prototype.removeChild = function(node) {\n  var newChildren = [];\n  for (var i = 0; i < this.childNodes.length; ++i) {\n    var c = this.childNodes[i];\n    if (c != node) {\n      newChildren.push(c);\n    } else {\n      if (c.previousSibling) {\n        c.previousSibling.nextSibling = c.nextSibling;\n      }\n      if (c.nextSibling) {\n        c.nextSibling.previousSibling = c.previousSibling;\n      }\n      if (this.firstChild == c) {\n        this.firstChild = c.nextSibling;\n      }\n      if (this.lastChild == c) {\n        this.lastChild = c.previousSibling;\n      }\n    }\n  }\n  this.childNodes = newChildren;\n}\n\n\nXNode.prototype.hasAttributes = function() {\n  return this.attributes.length > 0;\n}\n\n\nXNode.prototype.setAttribute = function(name, value) {\n  for (var i = 0; i < this.attributes.length; ++i) {\n    if (this.attributes[i].nodeName == name) {\n      this.attributes[i].nodeValue = '' + value;\n      return;\n    }\n  }\n  this.attributes.push(XNode.create(DOM_ATTRIBUTE_NODE, name, value, this));\n}\n\n\nXNode.prototype.getAttribute = function(name) {\n  for (var i = 0; i < this.attributes.length; ++i) {\n    if (this.attributes[i].nodeName == name) {\n      return this.attributes[i].nodeValue;\n    }\n  }\n  return null;\n}\n\n\nXNode.prototype.removeAttribute = function(name) {\n  var a = [];\n  for (var i = 0; i < this.attributes.length; ++i) {\n    if (this.attributes[i].nodeName != name) {\n      a.push(this.attributes[i]);\n    }\n  }\n  this.attributes = a;\n}\n\n\nXNode.prototype.getElementsByTagName = function(name) {\n  var ret = [];\n  var self = this;\n  if (\"*\" == name) {\n    domTraverseElements(this, function(node) {\n      if (self == node) return;\n      ret.push(node);\n    }, null);\n  } else {\n    domTraverseElements(this, function(node) {\n      if (self == node) return;\n      if (node.nodeName == name) {\n        ret.push(node);\n      }\n    }, null);\n  }\n  return ret;\n}\n\n\nXNode.prototype.getElementById = function(id) {\n  var ret = null;\n  domTraverseElements(this, function(node) {\n    if (node.getAttribute('id') == id) {\n      ret = node;\n      return false;\n    }\n  }, null);\n  return ret;\n}\n\n\nfunction XDocument() {\n  // NOTE(mesch): Acocording to the DOM Spec, ownerDocument of a\n  // document node is null.\n  XNode.call(this, DOM_DOCUMENT_NODE, '#document', null, null);\n  this.documentElement = null;\n}\n\nXDocument.prototype = new XNode(DOM_DOCUMENT_NODE, '#document');\n\nXDocument.prototype.clear = function() {\n  XNode.recycle(this.documentElement);\n  this.documentElement = null;\n}\n\nXDocument.prototype.appendChild = function(node) {\n  XNode.prototype.appendChild.call(this, node);\n  this.documentElement = this.childNodes[0];\n}\n\nXDocument.prototype.createElement = function(name) {\n  return XNode.create(DOM_ELEMENT_NODE, name, null, this);\n}\n\nXDocument.prototype.createDocumentFragment = function() {\n  return XNode.create(DOM_DOCUMENT_FRAGMENT_NODE, '#document-fragment',\n                    null, this);\n}\n\nXDocument.prototype.createTextNode = function(value) {\n  return XNode.create(DOM_TEXT_NODE, '#text', value, this);\n}\n\nXDocument.prototype.createAttribute = function(name) {\n  return XNode.create(DOM_ATTRIBUTE_NODE, name, null, this);\n}\n\nXDocument.prototype.createComment = function(data) {\n  return XNode.create(DOM_COMMENT_NODE, '#comment', data, this);\n}\n\nXDocument.prototype.createCDATASection = function(data) {\n  return XNode.create(DOM_CDATA_SECTION_NODE, '#cdata-section', data, this);\n}\n",[object ChromeWindow],"http://localhost:8081/aptana/samples/rss-sample/lib/ajaxslt-0.8.1/dom.js")
  ->  [Includer.js:329] load("http://localhost:8081/aptana/samples/rss-sample/lib/ajaxslt-0.8.1/dom.js",[object ChromeWindow],"server",false,false,false)
  ->  [NewElement.js:67] load("tempLoad_0.82248396227909761766502620379")
  ->  [index.html:22] <no name>
paths:
  -> file:///E:/Aptana%20Jaxer%20Apache/Jaxer/Apache2-4Build/jaxer/framework/src/ModuleLogger.js
  -> file:///E:/Aptana%20Jaxer%20Apache/Jaxer/Apache2-4Build/jaxer/framework/src/Includer.js
  -> file:///E:/Aptana%20Jaxer%20Apache/Jaxer/Apache2-4Build/jaxer/framework/src/NewElement.js
  -> http://localhost:8081/aptana/samples/rss-sample/index.html

01:10:20 12/24/2025 [ 32928] [TRACE] [JS Framework] [Includer.load] Jaxer.pageWindow.Jaxer.__newFunctions contains 5 items
stack:
  ->  [ModuleLogger.js:98] trace("Jaxer.pageWindow.Jaxer.__newFunctions contains 5 items")
  ->  [Includer.js:334] load("http://localhost:8081/aptana/samples/rss-sample/lib/ajaxslt-0.8.1/dom.js",[object ChromeWindow],"server",false,false,false)
  ->  [NewElement.js:67] load("tempLoad_0.82248396227909761766502620379")
  ->  [index.html:22] <no name>
paths:
  -> file:///E:/Aptana%20Jaxer%20Apache/Jaxer/Apache2-4Build/jaxer/framework/src/ModuleLogger.js
  -> file:///E:/Aptana%20Jaxer%20Apache/Jaxer/Apache2-4Build/jaxer/framework/src/Includer.js
  -> file:///E:/Aptana%20Jaxer%20Apache/Jaxer/Apache2-4Build/jaxer/framework/src/NewElement.js
  -> http://localhost:8081/aptana/samples/rss-sample/index.html

01:10:20 12/24/2025 [ 32928] [TRACE] [JS Framework] [Includer.setRunat] Set runat='server' on function named 'xmlResolveEntities'
stack:
  ->  [ModuleLogger.js:98] trace("Set runat='server' on function named 'xmlResolveEntities'")
  ->  [Includer.js:345] setRunat("xmlResolveEntities",0,[object Array])
  ->  [Includer.js:336] load("http://localhost:8081/aptana/samples/rss-sample/lib/ajaxslt-0.8.1/dom.js",[object ChromeWindow],"server",false,false,false)
  ->  [NewElement.js:67] load("tempLoad_0.82248396227909761766502620379")
  ->  [index.html:22] <no name>
paths:
  -> file:///E:/Aptana%20Jaxer%20Apache/Jaxer/Apache2-4Build/jaxer/framework/src/ModuleLogger.js
  -> file:///E:/Aptana%20Jaxer%20Apache/Jaxer/Apache2-4Build/jaxer/framework/src/Includer.js
  -> file:///E:/Aptana%20Jaxer%20Apache/Jaxer/Apache2-4Build/jaxer/framework/src/NewElement.js
  -> http://localhost:8081/aptana/samples/rss-sample/index.html

01:10:20 12/24/2025 [ 32928] [TRACE] [JS Framework] [Includer.setRunat] Set runat='server' on function named 'xmlParse'
stack:
  ->  [ModuleLogger.js:98] trace("Set runat='server' on function named 'xmlParse'")
  ->  [Includer.js:345] setRunat("xmlParse",1,[object Array])
  ->  [Includer.js:336] load("http://localhost:8081/aptana/samples/rss-sample/lib/ajaxslt-0.8.1/dom.js",[object ChromeWindow],"server",false,false,false)
  ->  [NewElement.js:67] load("tempLoad_0.82248396227909761766502620379")
  ->  [index.html:22] <no name>
paths:
  -> file:///E:/Aptana%20Jaxer%20Apache/Jaxer/Apache2-4Build/jaxer/framework/src/ModuleLogger.js
  -> file:///E:/Aptana%20Jaxer%20Apache/Jaxer/Apache2-4Build/jaxer/framework/src/Includer.js
  -> file:///E:/Aptana%20Jaxer%20Apache/Jaxer/Apache2-4Build/jaxer/framework/src/NewElement.js
  -> http://localhost:8081/aptana/samples/rss-sample/index.html

01:10:20 12/24/2025 [ 32928] [TRACE] [JS Framework] [Includer.setRunat] Set runat='server' on function named 'domTraverseElements'
stack:
  ->  [ModuleLogger.js:98] trace("Set runat='server' on function named 'domTraverseElements'")
  ->  [Includer.js:345] setRunat("domTraverseElements",2,[object Array])
  ->  [Includer.js:336] load("http://localhost:8081/aptana/samples/rss-sample/lib/ajaxslt-0.8.1/dom.js",[object ChromeWindow],"server",false,false,false)
  ->  [NewElement.js:67] load("tempLoad_0.82248396227909761766502620379")
  ->  [index.html:22] <no name>
paths:
  -> file:///E:/Aptana%20Jaxer%20Apache/Jaxer/Apache2-4Build/jaxer/framework/src/ModuleLogger.js
  -> file:///E:/Aptana%20Jaxer%20Apache/Jaxer/Apache2-4Build/jaxer/framework/src/Includer.js
  -> file:///E:/Aptana%20Jaxer%20Apache/Jaxer/Apache2-4Build/jaxer/framework/src/NewElement.js
  -> http://localhost:8081/aptana/samples/rss-sample/index.html

01:10:20 12/24/2025 [ 32928] [TRACE] [JS Framework] [Includer.setRunat] Set runat='server' on function named 'XNode'
stack:
  ->  [ModuleLogger.js:98] trace("Set runat='server' on function named 'XNode'")
  ->  [Includer.js:345] setRunat("XNode",3,[object Array])
  ->  [Includer.js:336] load("http://localhost:8081/aptana/samples/rss-sample/lib/ajaxslt-0.8.1/dom.js",[object ChromeWindow],"server",false,false,false)
  ->  [NewElement.js:67] load("tempLoad_0.82248396227909761766502620379")
  ->  [index.html:22] <no name>
paths:
  -> file:///E:/Aptana%20Jaxer%20Apache/Jaxer/Apache2-4Build/jaxer/framework/src/ModuleLogger.js
  -> file:///E:/Aptana%20Jaxer%20Apache/Jaxer/Apache2-4Build/jaxer/framework/src/Includer.js
  -> file:///E:/Aptana%20Jaxer%20Apache/Jaxer/Apache2-4Build/jaxer/framework/src/NewElement.js
  -> http://localhost:8081/aptana/samples/rss-sample/index.html

01:10:20 12/24/2025 [ 32928] [TRACE] [JS Framework] [Includer.setRunat] Set runat='server' on function named 'XDocument'
stack:
  ->  [ModuleLogger.js:98] trace("Set runat='server' on function named 'XDocument'")
  ->  [Includer.js:345] setRunat("XDocument",4,[object Array])
  ->  [Includer.js:336] load("http://localhost:8081/aptana/samples/rss-sample/lib/ajaxslt-0.8.1/dom.js",[object ChromeWindow],"server",false,false,false)
  ->  [NewElement.js:67] load("tempLoad_0.82248396227909761766502620379")
  ->  [index.html:22] <no name>
paths:
  -> file:///E:/Aptana%20Jaxer%20Apache/Jaxer/Apache2-4Build/jaxer/framework/src/ModuleLogger.js
  -> file:///E:/Aptana%20Jaxer%20Apache/Jaxer/Apache2-4Build/jaxer/framework/src/Includer.js
  -> file:///E:/Aptana%20Jaxer%20Apache/Jaxer/Apache2-4Build/jaxer/framework/src/NewElement.js
  -> http://localhost:8081/aptana/samples/rss-sample/index.html

01:10:20 12/24/2025 [ 32928] [DEBUG] [JS Framework] [Includer.load] Included: http://localhost:8081/aptana/samples/rss-sample/lib/ajaxslt-0.8.1/dom.js
stack:
  ->  [ModuleLogger.js:98] debug("Included: http://localhost:8081/aptana/samples/rss-sample/lib/ajaxslt-0.8.1/dom.js")
  ->  [Includer.js:351] load("http://localhost:8081/aptana/samples/rss-sample/lib/ajaxslt-0.8.1/dom.js",[object ChromeWindow],"server",false,false,false)
  ->  [NewElement.js:67] load("tempLoad_0.82248396227909761766502620379")
  ->  [index.html:22] <no name>
paths:
  -> file:///E:/Aptana%20Jaxer%20Apache/Jaxer/Apache2-4Build/jaxer/framework/src/ModuleLogger.js
  -> file:///E:/Aptana%20Jaxer%20Apache/Jaxer/Apache2-4Build/jaxer/framework/src/Includer.js
  -> file:///E:/Aptana%20Jaxer%20Apache/Jaxer/Apache2-4Build/jaxer/framework/src/NewElement.js
  -> http://localhost:8081/aptana/samples/rss-sample/index.html

01:10:20 12/24/2025 [ 32928] [TRACE] [JS Framework] [CoreEvents.fire] At this time, evt.Request.isHandler=false and eventType: NEW_ELEMENT - SCRIPT
stack:
  ->  [ModuleLogger.js:98] trace("At this time, evt.Request.isHandler=false and eventType: NEW_ELEMENT - SCRIPT")
  ->  [CoreEvents.js:205] fire("NEW_ELEMENT",[object XPCWrappedNative_NoHelper],[object HTMLDocument],[object HTMLScriptElement])
  ->  [aptEventHandler.js:157] observe([object XPCWrappedNative_NoHelper],"jaxerEvent.NewHTMLElement",null)
paths:
  -> file:///E:/Aptana%20Jaxer%20Apache/Jaxer/Apache2-4Build/jaxer/framework/src/ModuleLogger.js
  -> file:///E:/Aptana%20Jaxer%20Apache/Jaxer/Apache2-4Build/jaxer/framework/src/CoreEvents.js
  -> file:///E:/Aptana%20Jaxer%20Apache/Jaxer/Apache2-4Build/jaxer/components/aptEventHandler.js

01:10:20 12/24/2025 [ 32928] [TRACE] [JS Framework] [CoreEvents.fireEvent] Firing an event for NEW_ELEMENT
stack:
  ->  [ModuleLogger.js:98] trace("Firing an event for NEW_ELEMENT")
  ->  [CoreEvents.js:282] fireEvent("NEW_ELEMENT",[object Array])
  ->  [CoreEvents.js:238] fire("NEW_ELEMENT",[object XPCWrappedNative_NoHelper],[object HTMLDocument],[object HTMLScriptElement])
  ->  [aptEventHandler.js:157] observe([object XPCWrappedNative_NoHelper],"jaxerEvent.NewHTMLElement",null)
paths:
  -> file:///E:/Aptana%20Jaxer%20Apache/Jaxer/Apache2-4Build/jaxer/framework/src/ModuleLogger.js
  -> file:///E:/Aptana%20Jaxer%20Apache/Jaxer/Apache2-4Build/jaxer/framework/src/CoreEvents.js
  -> file:///E:/Aptana%20Jaxer%20Apache/Jaxer/Apache2-4Build/jaxer/components/aptEventHandler.js

01:10:20 12/24/2025 [ 32928] [TRACE] [JS Framework] [CoreEvents.fireEvent] Calling event handler: function onNewElement(evt, doc, elt) {
    switch (elt.tagNa...
stack:
  ->  [ModuleLogger.js:98] trace("Calling event handler: function onNewElement(evt, doc, elt) {\n    switch (elt.tagNa...")
  ->  [CoreEvents.js:292] fireEvent("NEW_ELEMENT",[object Array])
  ->  [CoreEvents.js:238] fire("NEW_ELEMENT",[object XPCWrappedNative_NoHelper],[object HTMLDocument],[object HTMLScriptElement])
  ->  [aptEventHandler.js:157] observe([object XPCWrappedNative_NoHelper],"jaxerEvent.NewHTMLElement",null)
paths:
  -> file:///E:/Aptana%20Jaxer%20Apache/Jaxer/Apache2-4Build/jaxer/framework/src/ModuleLogger.js
  -> file:///E:/Aptana%20Jaxer%20Apache/Jaxer/Apache2-4Build/jaxer/framework/src/CoreEvents.js
  -> file:///E:/Aptana%20Jaxer%20Apache/Jaxer/Apache2-4Build/jaxer/components/aptEventHandler.js

01:10:20 12/24/2025 [ 32928] [TRACE] [JS Framework] [NewElement.onNewElement] Received element: SCRIPT with src='lib/ajaxslt-0.8.1/xpath.js' and runat='server'
stack:
  ->  [ModuleLogger.js:98] trace("Received element: SCRIPT with src='lib/ajaxslt-0.8.1/xpath.js' and runat='server'")
  ->  [NewElement.js:88] onNewElement([object XPCWrappedNative_NoHelper],[object HTMLDocument],[object HTMLScriptElement])
  ->  [CoreEvents.js:293] fireEvent("NEW_ELEMENT",[object Array])
  ->  [CoreEvents.js:238] fire("NEW_ELEMENT",[object XPCWrappedNative_NoHelper],[object HTMLDocument],[object HTMLScriptElement])
  ->  [aptEventHandler.js:157] observe([object XPCWrappedNative_NoHelper],"jaxerEvent.NewHTMLElement",null)
paths:
  -> file:///E:/Aptana%20Jaxer%20Apache/Jaxer/Apache2-4Build/jaxer/framework/src/ModuleLogger.js
  -> file:///E:/Aptana%20Jaxer%20Apache/Jaxer/Apache2-4Build/jaxer/framework/src/NewElement.js
  -> file:///E:/Aptana%20Jaxer%20Apache/Jaxer/Apache2-4Build/jaxer/framework/src/CoreEvents.js
  -> file:///E:/Aptana%20Jaxer%20Apache/Jaxer/Apache2-4Build/jaxer/components/aptEventHandler.js

01:10:20 12/24/2025 [ 32928] [TRACE] [JS Framework] [NewElement.load] Loading src'ed script with [src, global, useCache, forceRefreshCache] = lib/ajaxslt-0.8.1/xpath.js,[object ChromeWindow],server,false,false,false
stack:
  ->  [ModuleLogger.js:98] trace("Loading src'ed script with [src, global, useCache, forceRefreshCache] = lib/ajaxslt-0.8.1/xpath.js,[object ChromeWindow],server,false,false,false")
  ->  [NewElement.js:66] load("tempLoad_0.374953560049291261766502620453")
  ->  [index.html:23] <no name>
paths:
  -> file:///E:/Aptana%20Jaxer%20Apache/Jaxer/Apache2-4Build/jaxer/framework/src/ModuleLogger.js
  -> file:///E:/Aptana%20Jaxer%20Apache/Jaxer/Apache2-4Build/jaxer/framework/src/NewElement.js
  -> http://localhost:8081/aptana/samples/rss-sample/index.html

01:10:20 12/24/2025 [ 32928] [TRACE] [JS Framework] [Web.get] Retrieving from web URL: http://localhost:8081/aptana/samples/rss-sample/lib/ajaxslt-0.8.1/xpath.js
stack:
  ->  [ModuleLogger.js:98] trace("Retrieving from web URL: http://localhost:8081/aptana/samples/rss-sample/lib/ajaxslt-0.8.1/xpath.js")
  ->  [Web.js:240] get("http://localhost:8081/aptana/samples/rss-sample/lib/ajaxslt-0.8.1/xpath.js")
  ->  [Includer.js:288] load("http://localhost:8081/aptana/samples/rss-sample/lib/ajaxslt-0.8.1/xpath.js",[object ChromeWindow],"server",false,false,false)
  ->  [NewElement.js:67] load("tempLoad_0.374953560049291261766502620453")
  ->  [index.html:23] <no name>
paths:
  -> file:///E:/Aptana%20Jaxer%20Apache/Jaxer/Apache2-4Build/jaxer/framework/src/ModuleLogger.js
  -> file:///E:/Aptana%20Jaxer%20Apache/Jaxer/Apache2-4Build/jaxer/framework/src/Web.js
  -> file:///E:/Aptana%20Jaxer%20Apache/Jaxer/Apache2-4Build/jaxer/framework/src/Includer.js
  -> file:///E:/Aptana%20Jaxer%20Apache/Jaxer/Apache2-4Build/jaxer/framework/src/NewElement.js
  -> http://localhost:8081/aptana/samples/rss-sample/index.html

01:10:20 12/24/2025 [ 32928] [TRACE] [JS Framework] [Web.send] Parameters are: url: http://localhost:8081/aptana/samples/rss-sample/lib/ajaxslt-0.8.1/xpath.js; method: GET; data: null; options: ({})
stack:
  ->  [ModuleLogger.js:98] trace("Parameters are: url: http://localhost:8081/aptana/samples/rss-sample/lib/ajaxslt-0.8.1/xpath.js; method: GET; data: null; options: ({})")
  ->  [Web.js:190] send("http://localhost:8081/aptana/samples/rss-sample/lib/ajaxslt-0.8.1/xpath.js","GET",null,[object Object])
  ->  [Web.js:241] get("http://localhost:8081/aptana/samples/rss-sample/lib/ajaxslt-0.8.1/xpath.js")
  ->  [Includer.js:288] load("http://localhost:8081/aptana/samples/rss-sample/lib/ajaxslt-0.8.1/xpath.js",[object ChromeWindow],"server",false,false,false)
  ->  [NewElement.js:67] load("tempLoad_0.374953560049291261766502620453")
  ->  [index.html:23] <no name>
paths:
  -> file:///E:/Aptana%20Jaxer%20Apache/Jaxer/Apache2-4Build/jaxer/framework/src/ModuleLogger.js
  -> file:///E:/Aptana%20Jaxer%20Apache/Jaxer/Apache2-4Build/jaxer/framework/src/Web.js
  -> file:///E:/Aptana%20Jaxer%20Apache/Jaxer/Apache2-4Build/jaxer/framework/src/Includer.js
  -> file:///E:/Aptana%20Jaxer%20Apache/Jaxer/Apache2-4Build/jaxer/framework/src/NewElement.js
  -> http://localhost:8081/aptana/samples/rss-sample/index.html

01:10:20 12/24/2025 [ 32928] [TRACE] [JS Framework] [Web.send] Resolved URL to: http://localhost:8081/aptana/samples/rss-sample/lib/ajaxslt-0.8.1/xpath.js
stack:
  ->  [ModuleLogger.js:98] trace("Resolved URL to: http://localhost:8081/aptana/samples/rss-sample/lib/ajaxslt-0.8.1/xpath.js")
  ->  [Web.js:192] send("http://localhost:8081/aptana/samples/rss-sample/lib/ajaxslt-0.8.1/xpath.js","GET",null,[object Object])
  ->  [Web.js:241] get("http://localhost:8081/aptana/samples/rss-sample/lib/ajaxslt-0.8.1/xpath.js")
  ->  [Includer.js:288] load("http://localhost:8081/aptana/samples/rss-sample/lib/ajaxslt-0.8.1/xpath.js",[object ChromeWindow],"server",false,false,false)
  ->  [NewElement.js:67] load("tempLoad_0.374953560049291261766502620453")
  ->  [index.html:23] <no name>
paths:
  -> file:///E:/Aptana%20Jaxer%20Apache/Jaxer/Apache2-4Build/jaxer/framework/src/ModuleLogger.js
  -> file:///E:/Aptana%20Jaxer%20Apache/Jaxer/Apache2-4Build/jaxer/framework/src/Web.js
  -> file:///E:/Aptana%20Jaxer%20Apache/Jaxer/Apache2-4Build/jaxer/framework/src/Includer.js
  -> file:///E:/Aptana%20Jaxer%20Apache/Jaxer/Apache2-4Build/jaxer/framework/src/NewElement.js
  -> http://localhost:8081/aptana/samples/rss-sample/index.html

01:10:20 12/24/2025 [ 32928] [TRACE] [JS Framework] [XHR.send] Sending synchronous GET request to url http://localhost:8081/aptana/samples/rss-sample/lib/ajaxslt-0.8.1/xpath.js with no data
stack:
  ->  [ModuleLogger.js:98] trace("Sending synchronous GET request to url http://localhost:8081/aptana/samples/rss-sample/lib/ajaxslt-0.8.1/xpath.js with no data")
  ->  [XHR.js:522] send("",[object Object])
  ->  [Web.js:195] send("http://localhost:8081/aptana/samples/rss-sample/lib/ajaxslt-0.8.1/xpath.js","GET",null,[object Object])
  ->  [Web.js:241] get("http://localhost:8081/aptana/samples/rss-sample/lib/ajaxslt-0.8.1/xpath.js")
  ->  [Includer.js:288] load("http://localhost:8081/aptana/samples/rss-sample/lib/ajaxslt-0.8.1/xpath.js",[object ChromeWindow],"server",false,false,false)
  ->  [NewElement.js:67] load("tempLoad_0.374953560049291261766502620453")
  ->  [index.html:23] <no name>
paths:
  -> file:///E:/Aptana%20Jaxer%20Apache/Jaxer/Apache2-4Build/jaxer/framework/src/ModuleLogger.js
  -> file:///E:/Aptana%20Jaxer%20Apache/Jaxer/Apache2-4Build/jaxer/framework/src/XHR.js
  -> file:///E:/Aptana%20Jaxer%20Apache/Jaxer/Apache2-4Build/jaxer/framework/src/Web.js
  -> file:///E:/Aptana%20Jaxer%20Apache/Jaxer/Apache2-4Build/jaxer/framework/src/Includer.js
  -> file:///E:/Aptana%20Jaxer%20Apache/Jaxer/Apache2-4Build/jaxer/framework/src/NewElement.js
  -> http://localhost:8081/aptana/samples/rss-sample/index.html

01:10:20 12/24/2025 [ 32928] [TRACE] [JS Framework] [XHR.send] Sent
stack:
  ->  [ModuleLogger.js:98] trace("Sent")
  ->  [XHR.js:524] send("",[object Object])
  ->  [Web.js:195] send("http://localhost:8081/aptana/samples/rss-sample/lib/ajaxslt-0.8.1/xpath.js","GET",null,[object Object])
  ->  [Web.js:241] get("http://localhost:8081/aptana/samples/rss-sample/lib/ajaxslt-0.8.1/xpath.js")
  ->  [Includer.js:288] load("http://localhost:8081/aptana/samples/rss-sample/lib/ajaxslt-0.8.1/xpath.js",[object ChromeWindow],"server",false,false,false)
  ->  [NewElement.js:67] load("tempLoad_0.374953560049291261766502620453")
  ->  [index.html:23] <no name>
paths:
  -> file:///E:/Aptana%20Jaxer%20Apache/Jaxer/Apache2-4Build/jaxer/framework/src/ModuleLogger.js
  -> file:///E:/Aptana%20Jaxer%20Apache/Jaxer/Apache2-4Build/jaxer/framework/src/XHR.js
  -> file:///E:/Aptana%20Jaxer%20Apache/Jaxer/Apache2-4Build/jaxer/framework/src/Web.js
  -> file:///E:/Aptana%20Jaxer%20Apache/Jaxer/Apache2-4Build/jaxer/framework/src/Includer.js
  -> file:///E:/Aptana%20Jaxer%20Apache/Jaxer/Apache2-4Build/jaxer/framework/src/NewElement.js
  -> http://localhost:8081/aptana/samples/rss-sample/index.html

01:10:20 12/24/2025 [ 32928] [TRACE] [JS Framework] [XHR.finish] Synchronous request to url http://localhost:8081/aptana/samples/rss-sample/lib/ajaxslt-0.8.1/xpath.js received text response: // Copyright 2005 Google Inc.
// All Rights Reserved
//
// An XPath parser and evaluator written in ...
stack:
  ->  [ModuleLogger.js:98] trace("Synchronous request to url http://localhost:8081/aptana/samples/rss-sample/lib/ajaxslt-0.8.1/xpath.js received text response: // Copyright 2005 Google Inc.\n// All Rights Reserved\n//\n// An XPath parser and evaluator written in ...")
  ->  [XHR.js:406] finish(false)
  ->  [XHR.js:533] send("",[object Object])
  ->  [Web.js:195] send("http://localhost:8081/aptana/samples/rss-sample/lib/ajaxslt-0.8.1/xpath.js","GET",null,[object Object])
  ->  [Web.js:241] get("http://localhost:8081/aptana/samples/rss-sample/lib/ajaxslt-0.8.1/xpath.js")
  ->  [Includer.js:288] load("http://localhost:8081/aptana/samples/rss-sample/lib/ajaxslt-0.8.1/xpath.js",[object ChromeWindow],"server",false,false,false)
  ->  [NewElement.js:67] load("tempLoad_0.374953560049291261766502620453")
  ->  [index.html:23] <no name>
paths:
  -> file:///E:/Aptana%20Jaxer%20Apache/Jaxer/Apache2-4Build/jaxer/framework/src/ModuleLogger.js
  -> file:///E:/Aptana%20Jaxer%20Apache/Jaxer/Apache2-4Build/jaxer/framework/src/XHR.js
  -> file:///E:/Aptana%20Jaxer%20Apache/Jaxer/Apache2-4Build/jaxer/framework/src/Web.js
  -> file:///E:/Aptana%20Jaxer%20Apache/Jaxer/Apache2-4Build/jaxer/framework/src/Includer.js
  -> file:///E:/Aptana%20Jaxer%20Apache/Jaxer/Apache2-4Build/jaxer/framework/src/NewElement.js
  -> http://localhost:8081/aptana/samples/rss-sample/index.html

01:10:20 12/24/2025 [ 32928] [TRACE] [JS Framework] [Web.send] Received response of type 'string' and length 64581: // Copyright 2005 Google Inc.
// All Rights Reserved
//
// An XPath parser and evaluator written in ...
stack:
  ->  [ModuleLogger.js:98] trace("Received response of type 'string' and length 64581: // Copyright 2005 Google Inc.\n// All Rights Reserved\n//\n// An XPath parser and evaluator written in ...")
  ->  [Web.js:199] send("http://localhost:8081/aptana/samples/rss-sample/lib/ajaxslt-0.8.1/xpath.js","GET",null,[object Object])
  ->  [Web.js:241] get("http://localhost:8081/aptana/samples/rss-sample/lib/ajaxslt-0.8.1/xpath.js")
  ->  [Includer.js:288] load("http://localhost:8081/aptana/samples/rss-sample/lib/ajaxslt-0.8.1/xpath.js",[object ChromeWindow],"server",false,false,false)
  ->  [NewElement.js:67] load("tempLoad_0.374953560049291261766502620453")
  ->  [index.html:23] <no name>
paths:
  -> file:///E:/Aptana%20Jaxer%20Apache/Jaxer/Apache2-4Build/jaxer/framework/src/ModuleLogger.js
  -> file:///E:/Aptana%20Jaxer%20Apache/Jaxer/Apache2-4Build/jaxer/framework/src/Web.js
  -> file:///E:/Aptana%20Jaxer%20Apache/Jaxer/Apache2-4Build/jaxer/framework/src/Includer.js
  -> file:///E:/Aptana%20Jaxer%20Apache/Jaxer/Apache2-4Build/jaxer/framework/src/NewElement.js
  -> http://localhost:8081/aptana/samples/rss-sample/index.html

01:10:20 12/24/2025 [ 32928] [TRACE] [JS Framework] [Includer.load] Retrieved 64581 characters from 'http://localhost:8081/aptana/samples/rss-sample/lib/ajaxslt-0.8.1/xpath.js'
stack:
  ->  [ModuleLogger.js:98] trace("Retrieved 64581 characters from 'http://localhost:8081/aptana/samples/rss-sample/lib/ajaxslt-0.8.1/xpath.js'")
  ->  [Includer.js:290] load("http://localhost:8081/aptana/samples/rss-sample/lib/ajaxslt-0.8.1/xpath.js",[object ChromeWindow],"server",false,false,false)
  ->  [NewElement.js:67] load("tempLoad_0.374953560049291261766502620453")
  ->  [index.html:23] <no name>
paths:
  -> file:///E:/Aptana%20Jaxer%20Apache/Jaxer/Apache2-4Build/jaxer/framework/src/ModuleLogger.js
  -> file:///E:/Aptana%20Jaxer%20Apache/Jaxer/Apache2-4Build/jaxer/framework/src/Includer.js
  -> file:///E:/Aptana%20Jaxer%20Apache/Jaxer/Apache2-4Build/jaxer/framework/src/NewElement.js
  -> http://localhost:8081/aptana/samples/rss-sample/index.html

01:10:20 12/24/2025 [ 32928] [TRACE] [JS Framework] [Includer.load] Evaluating 'http://localhost:8081/aptana/samples/rss-sample/lib/ajaxslt-0.8.1/xpath.js'
stack:
  ->  [ModuleLogger.js:98] trace("Evaluating 'http://localhost:8081/aptana/samples/rss-sample/lib/ajaxslt-0.8.1/xpath.js'")
  ->  [Includer.js:328] load("http://localhost:8081/aptana/samples/rss-sample/lib/ajaxslt-0.8.1/xpath.js",[object ChromeWindow],"server",false,false,false)
  ->  [NewElement.js:67] load("tempLoad_0.374953560049291261766502620453")
  ->  [index.html:23] <no name>
paths:
  -> file:///E:/Aptana%20Jaxer%20Apache/Jaxer/Apache2-4Build/jaxer/framework/src/ModuleLogger.js
  -> file:///E:/Aptana%20Jaxer%20Apache/Jaxer/Apache2-4Build/jaxer/framework/src/Includer.js
  -> file:///E:/Aptana%20Jaxer%20Apache/Jaxer/Apache2-4Build/jaxer/framework/src/NewElement.js
  -> http://localhost:8081/aptana/samples/rss-sample/index.html

01:10:20 12/24/2025 [ 32928] [TRACE] [JS Framework] [Includer.evalOn] Evaluating using Jaxer.request.evaluateScript: contents = // Copyrig... with global = [object ChromeWindow] and effectiveUrl = http://localhost:8081/aptana/samples/rss-sample/lib/ajaxslt-0.8.1/xpath.js
stack:
  ->  [ModuleLogger.js:98] trace("Evaluating using Jaxer.request.evaluateScript: contents = // Copyrig... with global = [object ChromeWindow] and effectiveUrl = http://localhost:8081/aptana/samples/rss-sample/lib/ajaxslt-0.8.1/xpath.js")
  ->  [Includer.js:131] evalOn("// Copyright 2005 Google Inc.\n// All Rights Reserved\n//\n// An XPath parser and evaluator written in JavaScript. The\n// implementation is complete except for functions handling\n// namespaces.\n//\n// Reference: [XPATH] XPath Specification\n// <http://www.w3.org/TR/1999/REC-xpath-19991116>.\n//\n//\n// The API of the parser has several parts:\n//\n// 1. The parser function xpathParse() that takes a string and returns\n// an expession object.\n//\n// 2. The expression object that has an evaluate() method to evaluate the\n// XPath expression it represents. (It is actually a hierarchy of\n// objects that resembles the parse tree, but an application will call\n// evaluate() only on the top node of this hierarchy.)\n//\n// 3. The context object that is passed as an argument to the evaluate()\n// method, which represents the DOM context in which the expression is\n// evaluated.\n//\n// 4. The value object that is returned from evaluate() and represents\n// values of the different types that are defined by XPath (number,\n// string, boolean, and node-set), and allows to convert between them.\n//\n// These parts are near the top of the file, the functions and data\n// that are used internally follow after them.\n//\n//\n// Author: Steffen Meschkat <mesch@google.com>\n\n\n// The entry point for the parser.\n//\n// @param expr a string that contains an XPath expression.\n// @return an expression object that can be evaluated with an\n// expression context.\n\nfunction xpathParse(expr) {\n  xpathLog('parse ' + expr);\n  xpathParseInit();\n\n  var cached = xpathCacheLookup(expr);\n  if (cached) {\n    xpathLog(' ... cached');\n    return cached;\n  }\n\n  // Optimize for a few common cases: simple attribute node tests\n  // (@id), simple element node tests (page), variable references\n  // ($address), numbers (4), multi-step path expressions where each\n  // step is a plain element node test\n  // (page/overlay/locations/location).\n\n  if (expr.match(/^(\\$|@)?\\w+$/i)) {\n    var ret = makeSimpleExpr(expr);\n    xpathParseCache[expr] = ret;\n    xpathLog(' ... simple');\n    return ret;\n  }\n\n  if (expr.match(/^\\w+(\\/\\w+)*$/i)) {\n    var ret = makeSimpleExpr2(expr);\n    xpathParseCache[expr] = ret;\n    xpathLog(' ... simple 2');\n    return ret;\n  }\n\n  var cachekey = expr; // expr is modified during parse\n\n  var stack = [];\n  var ahead = null;\n  var previous = null;\n  var done = false;\n\n  var parse_count = 0;\n  var lexer_count = 0;\n  var reduce_count = 0;\n\n  while (!done) {\n    parse_count++;\n    expr = expr.replace(/^\\s*/, '');\n    previous = ahead;\n    ahead = null;\n\n    var rule = null;\n    var match = '';\n    for (var i = 0; i < xpathTokenRules.length; ++i) {\n      var result = xpathTokenRules[i].re.exec(expr);\n      lexer_count++;\n      if (result && result.length > 0 && result[0].length > match.length) {\n        rule = xpathTokenRules[i];\n        match = result[0];\n        break;\n      }\n    }\n\n    // Special case: allow operator keywords to be element and\n    // variable names.\n\n    // NOTE(mesch): The parser resolves conflicts by looking ahead,\n    // and this is the only case where we look back to\n    // disambiguate. So this is indeed something different, and\n    // looking back is usually done in the lexer (via states in the\n    // general case, called \"start conditions\" in flex(1)). Also,the\n    // conflict resolution in the parser is not as robust as it could\n    // be, so I'd like to keep as much off the parser as possible (all\n    // these precedence values should be computed from the grammar\n    // rules and possibly associativity declarations, as in bison(1),\n    // and not explicitly set.\n\n    if (rule &&\n        (rule == TOK_DIV ||\n         rule == TOK_MOD ||\n         rule == TOK_AND ||\n         rule == TOK_OR) &&\n        (!previous ||\n         previous.tag == TOK_AT ||\n         previous.tag == TOK_DSLASH ||\n         previous.tag == TOK_SLASH ||\n         previous.tag == TOK_AXIS ||\n         previous.tag == TOK_DOLLAR)) {\n      rule = TOK_QNAME;\n    }\n\n    if (rule) {\n      expr = expr.substr(match.length);\n      xpathLog('token: ' + match + ' -- ' + rule.label);\n      ahead = {\n        tag: rule,\n        match: match,\n        prec: rule.prec ?  rule.prec : 0, // || 0 is removed by the compiler\n        expr: makeTokenExpr(match)\n      };\n\n    } else {\n      xpathLog('DONE');\n      done = true;\n    }\n\n    while (xpathReduce(stack, ahead)) {\n      reduce_count++;\n      xpathLog('stack: ' + stackToString(stack));\n    }\n  }\n\n  xpathLog('stack: ' + stackToString(stack));\n\n  // DGF any valid XPath should \"reduce\" to a single Expr token\n  if (stack.length != 1) {\n    throw 'XPath parse error ' + cachekey + ':\\n' + stackToString(stack);\n  }\n\n  var result = stack[0].expr;\n  xpathParseCache[cachekey] = result;\n\n  xpathLog('XPath parse: ' + parse_count + ' / ' +\n           lexer_count + ' / ' + reduce_count);\n\n  return result;\n}\n\nvar xpathParseCache = {};\n\nfunction xpathCacheLookup(expr) {\n  return xpathParseCache[expr];\n}\n\n/*DGF xpathReduce is where the magic happens in this parser.\nSkim down to the bottom of this file to find the table of \ngrammatical rules and precedence numbers, \"The productions of the grammar\".\n\nThe idea here\nis that we want to take a stack of tokens and apply\ngrammatical rules to them, \"reducing\" them to higher-level\ntokens.  Ultimately, any valid XPath should reduce to exactly one\n\"Expr\" token.\n\nReduce too early or too late and you'll have two tokens that can't reduce\nto single Expr.  For example, you may hastily reduce a qname that\nshould name a function, incorrectly treating it as a tag name.\nOr you may reduce too late, accidentally reducing the last part of the\nXPath into a top-level \"Expr\" that won't reduce with earlier parts of\nthe XPath.\n\nA \"cand\" is a grammatical rule candidate, with a given precedence\nnumber.  \"ahead\" is the upcoming token, which also has a precedence\nnumber.  If the token has a higher precedence number than\nthe rule candidate, we'll \"shift\" the token onto the token stack,\ninstead of immediately applying the rule candidate.\n\nSome tokens have left associativity, in which case we shift when they\nhave LOWER precedence than the candidate.\n*/\nfunction xpathReduce(stack, ahead) {\n  var cand = null;\n\n  if (stack.length > 0) {\n    var top = stack[stack.length-1];\n    var ruleset = xpathRules[top.tag.key];\n\n    if (ruleset) {\n      for (var i = 0; i < ruleset.length; ++i) {\n        var rule = ruleset[i];\n        var match = xpathMatchStack(stack, rule[1]);\n        if (match.length) {\n          cand = {\n            tag: rule[0],\n            rule: rule,\n            match: match\n          };\n          cand.prec = xpathGrammarPrecedence(cand);\n          break;\n        }\n      }\n    }\n  }\n\n  var ret;\n  if (cand && (!ahead || cand.prec > ahead.prec ||\n               (ahead.tag.left && cand.prec >= ahead.prec))) {\n    for (var i = 0; i < cand.match.matchlength; ++i) {\n      stack.pop();\n    }\n\n    xpathLog('reduce ' + cand.tag.label + ' ' + cand.prec +\n             ' ahead ' + (ahead ? ahead.tag.label + ' ' + ahead.prec +\n                          (ahead.tag.left ? ' left' : '')\n                          : ' none '));\n\n    var matchexpr = mapExpr(cand.match, function(m) { return m.expr; });\n    xpathLog('going to apply ' + cand.rule[3].toString());\n    cand.expr = cand.rule[3].apply(null, matchexpr);\n\n    stack.push(cand);\n    ret = true;\n\n  } else {\n    if (ahead) {\n      xpathLog('shift ' + ahead.tag.label + ' ' + ahead.prec +\n               (ahead.tag.left ? ' left' : '') +\n               ' over ' + (cand ? cand.tag.label + ' ' +\n                           cand.prec : ' none'));\n      stack.push(ahead);\n    }\n    ret = false;\n  }\n  return ret;\n}\n\nfunction xpathMatchStack(stack, pattern) {\n\n  // NOTE(mesch): The stack matches for variable cardinality are\n  // greedy but don't do backtracking. This would be an issue only\n  // with rules of the form A* A, i.e. with an element with variable\n  // cardinality followed by the same element. Since that doesn't\n  // occur in the grammar at hand, all matches on the stack are\n  // unambiguous.\n\n  var S = stack.length;\n  var P = pattern.length;\n  var p, s;\n  var match = [];\n  match.matchlength = 0;\n  var ds = 0;\n  for (p = P - 1, s = S - 1; p >= 0 && s >= 0; --p, s -= ds) {\n    ds = 0;\n    var qmatch = [];\n    if (pattern[p] == Q_MM) {\n      p -= 1;\n      match.push(qmatch);\n      while (s - ds >= 0 && stack[s - ds].tag == pattern[p]) {\n        qmatch.push(stack[s - ds]);\n        ds += 1;\n        match.matchlength += 1;\n      }\n\n    } else if (pattern[p] == Q_01) {\n      p -= 1;\n      match.push(qmatch);\n      while (s - ds >= 0 && ds < 2 && stack[s - ds].tag == pattern[p]) {\n        qmatch.push(stack[s - ds]);\n        ds += 1;\n        match.matchlength += 1;\n      }\n\n    } else if (pattern[p] == Q_1M) {\n      p -= 1;\n      match.push(qmatch);\n      if (stack[s].tag == pattern[p]) {\n        while (s - ds >= 0 && stack[s - ds].tag == pattern[p]) {\n          qmatch.push(stack[s - ds]);\n          ds += 1;\n          match.matchlength += 1;\n        }\n      } else {\n        return [];\n      }\n\n    } else if (stack[s].tag == pattern[p]) {\n      match.push(stack[s]);\n      ds += 1;\n      match.matchlength += 1;\n\n    } else {\n      return [];\n    }\n\n    reverseInplace(qmatch);\n    qmatch.expr = mapExpr(qmatch, function(m) { return m.expr; });\n  }\n\n  reverseInplace(match);\n\n  if (p == -1) {\n    return match;\n\n  } else {\n    return [];\n  }\n}\n\nfunction xpathTokenPrecedence(tag) {\n  return tag.prec || 2;\n}\n\nfunction xpathGrammarPrecedence(frame) {\n  var ret = 0;\n\n  if (frame.rule) { /* normal reduce */\n    if (frame.rule.length >= 3 && frame.rule[2] >= 0) {\n      ret = frame.rule[2];\n\n    } else {\n      for (var i = 0; i < frame.rule[1].length; ++i) {\n        var p = xpathTokenPrecedence(frame.rule[1][i]);\n        ret = Math.max(ret, p);\n      }\n    }\n  } else if (frame.tag) { /* TOKEN match */\n    ret = xpathTokenPrecedence(frame.tag);\n\n  } else if (frame.length) { /* Q_ match */\n    for (var j = 0; j < frame.length; ++j) {\n      var p = xpathGrammarPrecedence(frame[j]);\n      ret = Math.max(ret, p);\n    }\n  }\n\n  return ret;\n}\n\nfunction stackToString(stack) {\n  var ret = '';\n  for (var i = 0; i < stack.length; ++i) {\n    if (ret) {\n      ret += '\\n';\n    }\n    ret += stack[i].tag.label;\n  }\n  return ret;\n}\n\n\n// XPath expression evaluation context. An XPath context consists of a\n// DOM node, a list of DOM nodes that contains this node, a number\n// that represents the position of the single node in the list, and a\n// current set of variable bindings. (See XPath spec.)\n//\n// The interface of the expression context:\n//\n//   Constructor -- gets the node, its position, the node set it\n//   belongs to, and a parent context as arguments. The parent context\n//   is used to implement scoping rules for variables: if a variable\n//   is not found in the current context, it is looked for in the\n//   parent context, recursively. Except for node, all arguments have\n//   default values: default position is 0, default node set is the\n//   set that contains only the node, and the default parent is null.\n//\n//     Notice that position starts at 0 at the outside interface;\n//     inside XPath expressions this shows up as position()=1.\n//\n//   clone() -- creates a new context with the current context as\n//   parent. If passed as argument to clone(), the new context has a\n//   different node, position, or node set. What is not passed is\n//   inherited from the cloned context.\n//\n//   setVariable(name, expr) -- binds given XPath expression to the\n//   name.\n//\n//   getVariable(name) -- what the name says.\n//\n//   setNode(position) -- sets the context to the node at the given\n//   position. Needed to implement scoping rules for variables in\n//   XPath. (A variable is visible to all subsequent siblings, not\n//   only to its children.)\n//\n//   set/isCaseInsensitive -- specifies whether node name tests should\n//   be case sensitive.  If you're executing xpaths against a regular\n//   HTML DOM, you probably don't want case-sensitivity, because\n//   browsers tend to disagree about whether elements & attributes\n//   should be upper/lower case.  If you're running xpaths in an\n//   XSLT instance, you probably DO want case sensitivity, as per the\n//   XSL spec.\n\nfunction ExprContext(node, opt_position, opt_nodelist, opt_parent, opt_caseInsensitive, opt_ignoreAttributesWithoutValue) {\n  this.node = node;\n  this.position = opt_position || 0;\n  this.nodelist = opt_nodelist || [ node ];\n  this.variables = {};\n  this.parent = opt_parent || null;\n  this.caseInsensitive = opt_caseInsensitive || false;\n  this.ignoreAttributesWithoutValue = opt_ignoreAttributesWithoutValue || false;\n  if (opt_parent) {\n    this.root = opt_parent.root;\n  } else if (this.node.nodeType == DOM_DOCUMENT_NODE) {\n    // NOTE(mesch): DOM Spec stipulates that the ownerDocument of a\n    // document is null. Our root, however is the document that we are\n    // processing, so the initial context is created from its document\n    // node, which case we must handle here explcitly.\n    this.root = node;\n  } else {\n    this.root = node.ownerDocument;\n  }\n}\n\nExprContext.prototype.clone = function(opt_node, opt_position, opt_nodelist) {\n  return new ExprContext(\n      opt_node || this.node,\n      typeof opt_position != 'undefined' ? opt_position : this.position,\n      opt_nodelist || this.nodelist, this, this.caseInsensitive,\n      this.ignoreAttributesWithoutValue);\n};\n\nExprContext.prototype.setVariable = function(name, value) {\n  if (value instanceof StringValue || value instanceof BooleanValue || \n    value instanceof NumberValue || value instanceof NodeSetValue) {\n    this.variables[name] = value;\n    return;\n  }\n  if ('true' === value) {\n    this.variables[name] = new BooleanValue(true);\n  } else if ('false' === value) {\n    this.variables[name] = new BooleanValue(false);\n  } else if (TOK_NUMBER.re.test(value)) {\n    this.variables[name] = new NumberValue(value);\n  } else {\n    // DGF What if it's null?\n    this.variables[name] = new StringValue(value);\n  }\n};\n\nExprContext.prototype.getVariable = function(name) {\n  if (typeof this.variables[name] != 'undefined') {\n    return this.variables[name];\n\n  } else if (this.parent) {\n    return this.parent.getVariable(name);\n\n  } else {\n    return null;\n  }\n};\n\nExprContext.prototype.setNode = function(position) {\n  this.node = this.nodelist[position];\n  this.position = position;\n};\n\nExprContext.prototype.contextSize = function() {\n  return this.nodelist.length;\n};\n\nExprContext.prototype.isCaseInsensitive = function() {\n  return this.caseInsensitive;\n};\n\nExprContext.prototype.setCaseInsensitive = function(caseInsensitive) {\n  return this.caseInsensitive = caseInsensitive;\n};\n\nExprContext.prototype.isIgnoreAttributesWithoutValue = function() {\n  return this.ignoreAttributesWithoutValue;\n};\n\nExprContext.prototype.setIgnoreAttributesWithoutValue = function(ignore) {\n  return this.ignoreAttributesWithoutValue = ignore;\n};\n\n// XPath expression values. They are what XPath expressions evaluate\n// to. Strangely, the different value types are not specified in the\n// XPath syntax, but only in the semantics, so they don't show up as\n// nonterminals in the grammar. Yet, some expressions are required to\n// evaluate to particular types, and not every type can be coerced\n// into every other type. Although the types of XPath values are\n// similar to the types present in JavaScript, the type coercion rules\n// are a bit peculiar, so we explicitly model XPath types instead of\n// mapping them onto JavaScript types. (See XPath spec.)\n//\n// The four types are:\n//\n//   StringValue\n//\n//   NumberValue\n//\n//   BooleanValue\n//\n//   NodeSetValue\n//\n// The common interface of the value classes consists of methods that\n// implement the XPath type coercion rules:\n//\n//   stringValue() -- returns the value as a JavaScript String,\n//\n//   numberValue() -- returns the value as a JavaScript Number,\n//\n//   booleanValue() -- returns the value as a JavaScript Boolean,\n//\n//   nodeSetValue() -- returns the value as a JavaScript Array of DOM\n//   Node objects.\n//\n\nfunction StringValue(value) {\n  this.value = value;\n  this.type = 'string';\n}\n\nStringValue.prototype.stringValue = function() {\n  return this.value;\n}\n\nStringValue.prototype.booleanValue = function() {\n  return this.value.length > 0;\n}\n\nStringValue.prototype.numberValue = function() {\n  return this.value - 0;\n}\n\nStringValue.prototype.nodeSetValue = function() {\n  throw this;\n}\n\nfunction BooleanValue(value) {\n  this.value = value;\n  this.type = 'boolean';\n}\n\nBooleanValue.prototype.stringValue = function() {\n  return '' + this.value;\n}\n\nBooleanValue.prototype.booleanValue = function() {\n  return this.value;\n}\n\nBooleanValue.prototype.numberValue = function() {\n  return this.value ? 1 : 0;\n}\n\nBooleanValue.prototype.nodeSetValue = function() {\n  throw this;\n}\n\nfunction NumberValue(value) {\n  this.value = value;\n  this.type = 'number';\n}\n\nNumberValue.prototype.stringValue = function() {\n  return '' + this.value;\n}\n\nNumberValue.prototype.booleanValue = function() {\n  return !!this.value;\n}\n\nNumberValue.prototype.numberValue = function() {\n  return this.value - 0;\n}\n\nNumberValue.prototype.nodeSetValue = function() {\n  throw this;\n}\n\nfunction NodeSetValue(value) {\n  this.value = value;\n  this.type = 'node-set';\n}\n\nNodeSetValue.prototype.stringValue = function() {\n  if (this.value.length == 0) {\n    return '';\n  } else {\n    return xmlValue(this.value[0]);\n  }\n}\n\nNodeSetValue.prototype.booleanValue = function() {\n  return this.value.length > 0;\n}\n\nNodeSetValue.prototype.numberValue = function() {\n  return this.stringValue() - 0;\n}\n\nNodeSetValue.prototype.nodeSetValue = function() {\n  return this.value;\n};\n\n// XPath expressions. They are used as nodes in the parse tree and\n// possess an evaluate() method to compute an XPath value given an XPath\n// context. Expressions are returned from the parser. Teh set of\n// expression classes closely mirrors the set of non terminal symbols\n// in the grammar. Every non trivial nonterminal symbol has a\n// corresponding expression class.\n//\n// The common expression interface consists of the following methods:\n//\n// evaluate(context) -- evaluates the expression, returns a value.\n//\n// toString() -- returns the XPath text representation of the\n// expression (defined in xsltdebug.js).\n//\n// parseTree(indent) -- returns a parse tree representation of the\n// expression (defined in xsltdebug.js).\n\nfunction TokenExpr(m) {\n  this.value = m;\n}\n\nTokenExpr.prototype.evaluate = function() {\n  return new StringValue(this.value);\n};\n\nfunction LocationExpr() {\n  this.absolute = false;\n  this.steps = [];\n}\n\nLocationExpr.prototype.appendStep = function(s) {\n  var combinedStep = this._combineSteps(this.steps[this.steps.length-1], s);\n  if (combinedStep) {\n    this.steps[this.steps.length-1] = combinedStep;\n  } else {\n    this.steps.push(s);\n  }\n}\n\nLocationExpr.prototype.prependStep = function(s) {\n  var combinedStep = this._combineSteps(s, this.steps[0]);\n  if (combinedStep) {\n    this.steps[0] = combinedStep;\n  } else {\n    this.steps.unshift(s);\n  }\n};\n\n// DGF try to combine two steps into one step (perf enhancement)\nLocationExpr.prototype._combineSteps = function(prevStep, nextStep) {\n  if (!prevStep) return null;\n  if (!nextStep) return null;\n  var hasPredicates = (prevStep.predicates && prevStep.predicates.length > 0);\n  if (prevStep.nodetest instanceof NodeTestAny && !hasPredicates) {\n    // maybe suitable to be combined\n    if (prevStep.axis == xpathAxis.DESCENDANT_OR_SELF) {\n      if (nextStep.axis == xpathAxis.CHILD) {\n        nextStep.axis = xpathAxis.DESCENDANT;\n        return nextStep;\n      } else if (nextStep.axis == xpathAxis.SELF) {\n        nextStep.axis = xpathAxis.DESCENDANT_OR_SELF;\n        return nextStep;\n      }\n    } else if (prevStep.axis == xpathAxis.DESCENDANT) {\n      if (nextStep.axis == xpathAxis.SELF) {\n        nextStep.axis = xpathAxis.DESCENDANT;\n        return nextStep;\n      }\n    }\n  }\n  return null;\n}\n\nLocationExpr.prototype.evaluate = function(ctx) {\n  var start;\n  if (this.absolute) {\n    start = ctx.root;\n\n  } else {\n    start = ctx.node;\n  }\n\n  var nodes = [];\n  xPathStep(nodes, this.steps, 0, start, ctx);\n  return new NodeSetValue(nodes);\n};\n\nfunction xPathStep(nodes, steps, step, input, ctx) {\n  var s = steps[step];\n  var ctx2 = ctx.clone(input);\n  var nodelist = s.evaluate(ctx2).nodeSetValue();\n\n  for (var i = 0; i < nodelist.length; ++i) {\n    if (step == steps.length - 1) {\n      nodes.push(nodelist[i]);\n    } else {\n      xPathStep(nodes, steps, step + 1, nodelist[i], ctx);\n    }\n  }\n}\n\nfunction StepExpr(axis, nodetest, opt_predicate) {\n  this.axis = axis;\n  this.nodetest = nodetest;\n  this.predicate = opt_predicate || [];\n}\n\nStepExpr.prototype.appendPredicate = function(p) {\n  this.predicate.push(p);\n}\n\nStepExpr.prototype.evaluate = function(ctx) {\n  var input = ctx.node;\n  var nodelist = [];\n  var skipNodeTest = false;\n  \n  if (this.nodetest instanceof NodeTestAny) {\n    skipNodeTest = true;\n  }\n\n  // NOTE(mesch): When this was a switch() statement, it didn't work\n  // in Safari/2.0. Not sure why though; it resulted in the JavaScript\n  // console output \"undefined\" (without any line number or so).\n\n  if (this.axis ==  xpathAxis.ANCESTOR_OR_SELF) {\n    nodelist.push(input);\n    for (var n = input.parentNode; n; n = n.parentNode) {\n      nodelist.push(n);\n    }\n\n  } else if (this.axis == xpathAxis.ANCESTOR) {\n    for (var n = input.parentNode; n; n = n.parentNode) {\n      nodelist.push(n);\n    }\n\n  } else if (this.axis == xpathAxis.ATTRIBUTE) {\n    if (ctx.ignoreAttributesWithoutValue) {\n      copyArrayIgnoringAttributesWithoutValue(nodelist, input.attributes);\n    }\n    else {\n      copyArray(nodelist, input.attributes);\n    }\n\n  } else if (this.axis == xpathAxis.CHILD) {\n    copyArray(nodelist, input.childNodes);\n\n  } else if (this.axis == xpathAxis.DESCENDANT_OR_SELF) {\n    if (this.nodetest.evaluate(ctx).booleanValue()) {\n      nodelist.push(input);\n    }\n    var tagName = xpathExtractTagNameFromNodeTest(this.nodetest);\n    xpathCollectDescendants(nodelist, input, tagName);\n    if (tagName) skipNodeTest = true;\n\n  } else if (this.axis == xpathAxis.DESCENDANT) {\n    var tagName = xpathExtractTagNameFromNodeTest(this.nodetest);\n    xpathCollectDescendants(nodelist, input, tagName);\n    if (tagName) skipNodeTest = true;\n\n  } else if (this.axis == xpathAxis.FOLLOWING) {\n    for (var n = input; n; n = n.parentNode) {\n      for (var nn = n.nextSibling; nn; nn = nn.nextSibling) {\n        nodelist.push(nn);\n        xpathCollectDescendants(nodelist, nn);\n      }\n    }\n\n  } else if (this.axis == xpathAxis.FOLLOWING_SIBLING) {\n    for (var n = input.nextSibling; n; n = n.nextSibling) {\n      nodelist.push(n);\n    }\n\n  } else if (this.axis == xpathAxis.NAMESPACE) {\n    alert('not implemented: axis namespace');\n\n  } else if (this.axis == xpathAxis.PARENT) {\n    if (input.parentNode) {\n      nodelist.push(input.parentNode);\n    }\n\n  } else if (this.axis == xpathAxis.PRECEDING) {\n    for (var n = input; n; n = n.parentNode) {\n      for (var nn = n.previousSibling; nn; nn = nn.previousSibling) {\n        nodelist.push(nn);\n        xpathCollectDescendantsReverse(nodelist, nn);\n      }\n    }\n\n  } else if (this.axis == xpathAxis.PRECEDING_SIBLING) {\n    for (var n = input.previousSibling; n; n = n.previousSibling) {\n      nodelist.push(n);\n    }\n\n  } else if (this.axis == xpathAxis.SELF) {\n    nodelist.push(input);\n\n  } else {\n    throw 'ERROR -- NO SUCH AXIS: ' + this.axis;\n  }\n\n  if (!skipNodeTest) {\n    // process node test\n    var nodelist0 = nodelist;\n    nodelist = [];\n    for (var i = 0; i < nodelist0.length; ++i) {\n      var n = nodelist0[i];\n      if (this.nodetest.evaluate(ctx.clone(n, i, nodelist0)).booleanValue()) {\n        nodelist.push(n);\n      }\n    }\n  }\n\n  // process predicates\n  for (var i = 0; i < this.predicate.length; ++i) {\n    var nodelist0 = nodelist;\n    nodelist = [];\n    for (var ii = 0; ii < nodelist0.length; ++ii) {\n      var n = nodelist0[ii];\n      if (this.predicate[i].evaluate(ctx.clone(n, ii, nodelist0)).booleanValue()) {\n        nodelist.push(n);\n      }\n    }\n  }\n\n  return new NodeSetValue(nodelist);\n};\n\nfunction NodeTestAny() {\n  this.value = new BooleanValue(true);\n}\n\nNodeTestAny.prototype.evaluate = function(ctx) {\n  return this.value;\n};\n\nfunction NodeTestElementOrAttribute() {}\n\nNodeTestElementOrAttribute.prototype.evaluate = function(ctx) {\n  return new BooleanValue(\n      ctx.node.nodeType == DOM_ELEMENT_NODE ||\n      ctx.node.nodeType == DOM_ATTRIBUTE_NODE);\n}\n\nfunction NodeTestText() {}\n\nNodeTestText.prototype.evaluate = function(ctx) {\n  return new BooleanValue(ctx.node.nodeType == DOM_TEXT_NODE);\n}\n\nfunction NodeTestComment() {}\n\nNodeTestComment.prototype.evaluate = function(ctx) {\n  return new BooleanValue(ctx.node.nodeType == DOM_COMMENT_NODE);\n}\n\nfunction NodeTestPI(target) {\n  this.target = target;\n}\n\nNodeTestPI.prototype.evaluate = function(ctx) {\n  return new\n  BooleanValue(ctx.node.nodeType == DOM_PROCESSING_INSTRUCTION_NODE &&\n               (!this.target || ctx.node.nodeName == this.target));\n}\n\nfunction NodeTestNC(nsprefix) {\n  this.regex = new RegExp(\"^\" + nsprefix + \":\");\n  this.nsprefix = nsprefix;\n}\n\nNodeTestNC.prototype.evaluate = function(ctx) {\n  var n = ctx.node;\n  return new BooleanValue(this.regex.match(n.nodeName));\n}\n\nfunction NodeTestName(name) {\n  this.name = name;\n  this.re = new RegExp('^' + name + '$', \"i\");\n}\n\nNodeTestName.prototype.evaluate = function(ctx) {\n  var n = ctx.node;\n  if (ctx.caseInsensitive) {\n    if (n.nodeName.length != this.name.length) return new BooleanValue(false);\n    return new BooleanValue(this.re.test(n.nodeName));\n  } else {\n    return new BooleanValue(n.nodeName == this.name);\n  }\n}\n\nfunction PredicateExpr(expr) {\n  this.expr = expr;\n}\n\nPredicateExpr.prototype.evaluate = function(ctx) {\n  var v = this.expr.evaluate(ctx);\n  if (v.type == 'number') {\n    // NOTE(mesch): Internally, position is represented starting with\n    // 0, however in XPath position starts with 1. See functions\n    // position() and last().\n    return new BooleanValue(ctx.position == v.numberValue() - 1);\n  } else {\n    return new BooleanValue(v.booleanValue());\n  }\n};\n\nfunction FunctionCallExpr(name) {\n  this.name = name;\n  this.args = [];\n}\n\nFunctionCallExpr.prototype.appendArg = function(arg) {\n  this.args.push(arg);\n};\n\nFunctionCallExpr.prototype.evaluate = function(ctx) {\n  var fn = '' + this.name.value;\n  var f = this.xpathfunctions[fn];\n  if (f) {\n    return f.call(this, ctx);\n  } else {\n    xpathLog('XPath NO SUCH FUNCTION ' + fn);\n    return new BooleanValue(false);\n  }\n};\n\nFunctionCallExpr.prototype.xpathfunctions = {\n  'last': function(ctx) {\n    assert(this.args.length == 0);\n    // NOTE(mesch): XPath position starts at 1.\n    return new NumberValue(ctx.contextSize());\n  },\n\n  'position': function(ctx) {\n    assert(this.args.length == 0);\n    // NOTE(mesch): XPath position starts at 1.\n    return new NumberValue(ctx.position + 1);\n  },\n\n  'count': function(ctx) {\n    assert(this.args.length == 1);\n    var v = this.args[0].evaluate(ctx);\n    return new NumberValue(v.nodeSetValue().length);\n  },\n\n  'id': function(ctx) {\n    assert(this.args.length == 1);\n    var e = this.args[0].evaluate(ctx);\n    var ret = [];\n    var ids;\n    if (e.type == 'node-set') {\n      ids = [];\n      var en = e.nodeSetValue();\n      for (var i = 0; i < en.length; ++i) {\n        var v = xmlValue(en[i]).split(/\\s+/);\n        for (var ii = 0; ii < v.length; ++ii) {\n          ids.push(v[ii]);\n        }\n      }\n    } else {\n      ids = e.stringValue().split(/\\s+/);\n    }\n    var d = ctx.root;\n    for (var i = 0; i < ids.length; ++i) {\n      var n = d.getElementById(ids[i]);\n      if (n) {\n        ret.push(n);\n      }\n    }\n    return new NodeSetValue(ret);\n  },\n\n  'local-name': function(ctx) {\n    alert('not implmented yet: XPath function local-name()');\n  },\n\n  'namespace-uri': function(ctx) {\n    alert('not implmented yet: XPath function namespace-uri()');\n  },\n\n  'name': function(ctx) {\n    assert(this.args.length == 1 || this.args.length == 0);\n    var n;\n    if (this.args.length == 0) {\n      n = [ ctx.node ];\n    } else {\n      n = this.args[0].evaluate(ctx).nodeSetValue();\n    }\n\n    if (n.length == 0) {\n      return new StringValue('');\n    } else {\n      return new StringValue(n[0].nodeName);\n    }\n  },\n\n  'string':  function(ctx) {\n    assert(this.args.length == 1 || this.args.length == 0);\n    if (this.args.length == 0) {\n      return new StringValue(new NodeSetValue([ ctx.node ]).stringValue());\n    } else {\n      return new StringValue(this.args[0].evaluate(ctx).stringValue());\n    }\n  },\n\n  'concat': function(ctx) {\n    var ret = '';\n    for (var i = 0; i < this.args.length; ++i) {\n      ret += this.args[i].evaluate(ctx).stringValue();\n    }\n    return new StringValue(ret);\n  },\n\n  'starts-with': function(ctx) {\n    assert(this.args.length == 2);\n    var s0 = this.args[0].evaluate(ctx).stringValue();\n    var s1 = this.args[1].evaluate(ctx).stringValue();\n    return new BooleanValue(s0.indexOf(s1) == 0);\n  },\n\n  'contains': function(ctx) {\n    assert(this.args.length == 2);\n    var s0 = this.args[0].evaluate(ctx).stringValue();\n    var s1 = this.args[1].evaluate(ctx).stringValue();\n    return new BooleanValue(s0.indexOf(s1) != -1);\n  },\n\n  'substring-before': function(ctx) {\n    assert(this.args.length == 2);\n    var s0 = this.args[0].evaluate(ctx).stringValue();\n    var s1 = this.args[1].evaluate(ctx).stringValue();\n    var i = s0.indexOf(s1);\n    var ret;\n    if (i == -1) {\n      ret = '';\n    } else {\n      ret = s0.substr(0,i);\n    }\n    return new StringValue(ret);\n  },\n\n  'substring-after': function(ctx) {\n    assert(this.args.length == 2);\n    var s0 = this.args[0].evaluate(ctx).stringValue();\n    var s1 = this.args[1].evaluate(ctx).stringValue();\n    var i = s0.indexOf(s1);\n    var ret;\n    if (i == -1) {\n      ret = '';\n    } else {\n      ret = s0.substr(i + s1.length);\n    }\n    return new StringValue(ret);\n  },\n\n  'substring': function(ctx) {\n    // NOTE: XPath defines the position of the first character in a\n    // string to be 1, in JavaScript this is 0 ([XPATH] Section 4.2).\n    assert(this.args.length == 2 || this.args.length == 3);\n    var s0 = this.args[0].evaluate(ctx).stringValue();\n    var s1 = this.args[1].evaluate(ctx).numberValue();\n    var ret;\n    if (this.args.length == 2) {\n      var i1 = Math.max(0, Math.round(s1) - 1);\n      ret = s0.substr(i1);\n\n    } else {\n      var s2 = this.args[2].evaluate(ctx).numberValue();\n      var i0 = Math.round(s1) - 1;\n      var i1 = Math.max(0, i0);\n      var i2 = Math.round(s2) - Math.max(0, -i0);\n      ret = s0.substr(i1, i2);\n    }\n    return new StringValue(ret);\n  },\n\n  'string-length': function(ctx) {\n    var s;\n    if (this.args.length > 0) {\n      s = this.args[0].evaluate(ctx).stringValue();\n    } else {\n      s = new NodeSetValue([ ctx.node ]).stringValue();\n    }\n    return new NumberValue(s.length);\n  },\n\n  'normalize-space': function(ctx) {\n    var s;\n    if (this.args.length > 0) {\n      s = this.args[0].evaluate(ctx).stringValue();\n    } else {\n      s = new NodeSetValue([ ctx.node ]).stringValue();\n    }\n    s = s.replace(/^\\s*/,'').replace(/\\s*$/,'').replace(/\\s+/g, ' ');\n    return new StringValue(s);\n  },\n\n  'translate': function(ctx) {\n    assert(this.args.length == 3);\n    var s0 = this.args[0].evaluate(ctx).stringValue();\n    var s1 = this.args[1].evaluate(ctx).stringValue();\n    var s2 = this.args[2].evaluate(ctx).stringValue();\n\n    for (var i = 0; i < s1.length; ++i) {\n      s0 = s0.replace(new RegExp(s1.charAt(i), 'g'), s2.charAt(i));\n    }\n    return new StringValue(s0);\n  },\n\n  'boolean': function(ctx) {\n    assert(this.args.length == 1);\n    return new BooleanValue(this.args[0].evaluate(ctx).booleanValue());\n  },\n\n  'not': function(ctx) {\n    assert(this.args.length == 1);\n    var ret = !this.args[0].evaluate(ctx).booleanValue();\n    return new BooleanValue(ret);\n  },\n\n  'true': function(ctx) {\n    assert(this.args.length == 0);\n    return new BooleanValue(true);\n  },\n\n  'false': function(ctx) {\n    assert(this.args.length == 0);\n    return new BooleanValue(false);\n  },\n\n  'lang': function(ctx) {\n    assert(this.args.length == 1);\n    var lang = this.args[0].evaluate(ctx).stringValue();\n    var xmllang;\n    var n = ctx.node;\n    while (n && n != n.parentNode /* just in case ... */) {\n      xmllang = n.getAttribute('xml:lang');\n      if (xmllang) {\n        break;\n      }\n      n = n.parentNode;\n    }\n    if (!xmllang) {\n      return new BooleanValue(false);\n    } else {\n      var re = new RegExp('^' + lang + '$', 'i');\n      return new BooleanValue(xmllang.match(re) ||\n                              xmllang.replace(/_.*$/,'').match(re));\n    }\n  },\n\n  'number': function(ctx) {\n    assert(this.args.length == 1 || this.args.length == 0);\n\n    if (this.args.length == 1) {\n      return new NumberValue(this.args[0].evaluate(ctx).numberValue());\n    } else {\n      return new NumberValue(new NodeSetValue([ ctx.node ]).numberValue());\n    }\n  },\n\n  'sum': function(ctx) {\n    assert(this.args.length == 1);\n    var n = this.args[0].evaluate(ctx).nodeSetValue();\n    var sum = 0;\n    for (var i = 0; i < n.length; ++i) {\n      sum += xmlValue(n[i]) - 0;\n    }\n    return new NumberValue(sum);\n  },\n\n  'floor': function(ctx) {\n    assert(this.args.length == 1);\n    var num = this.args[0].evaluate(ctx).numberValue();\n    return new NumberValue(Math.floor(num));\n  },\n\n  'ceiling': function(ctx) {\n    assert(this.args.length == 1);\n    var num = this.args[0].evaluate(ctx).numberValue();\n    return new NumberValue(Math.ceil(num));\n  },\n\n  'round': function(ctx) {\n    assert(this.args.length == 1);\n    var num = this.args[0].evaluate(ctx).numberValue();\n    return new NumberValue(Math.round(num));\n  },\n\n  // TODO(mesch): The following functions are custom. There is a\n  // standard that defines how to add functions, which should be\n  // applied here.\n\n  'ext-join': function(ctx) {\n    assert(this.args.length == 2);\n    var nodes = this.args[0].evaluate(ctx).nodeSetValue();\n    var delim = this.args[1].evaluate(ctx).stringValue();\n    var ret = '';\n    for (var i = 0; i < nodes.length; ++i) {\n      if (ret) {\n        ret += delim;\n      }\n      ret += xmlValue(nodes[i]);\n    }\n    return new StringValue(ret);\n  },\n\n  // ext-if() evaluates and returns its second argument, if the\n  // boolean value of its first argument is true, otherwise it\n  // evaluates and returns its third argument.\n\n  'ext-if': function(ctx) {\n    assert(this.args.length == 3);\n    if (this.args[0].evaluate(ctx).booleanValue()) {\n      return this.args[1].evaluate(ctx);\n    } else {\n      return this.args[2].evaluate(ctx);\n    }\n  },\n\n  // ext-cardinal() evaluates its single argument as a number, and\n  // returns the current node that many times. It can be used in the\n  // select attribute to iterate over an integer range.\n\n  'ext-cardinal': function(ctx) {\n    assert(this.args.length >= 1);\n    var c = this.args[0].evaluate(ctx).numberValue();\n    var ret = [];\n    for (var i = 0; i < c; ++i) {\n      ret.push(ctx.node);\n    }\n    return new NodeSetValue(ret);\n  }\n};\n\nfunction UnionExpr(expr1, expr2) {\n  this.expr1 = expr1;\n  this.expr2 = expr2;\n}\n\nUnionExpr.prototype.evaluate = function(ctx) {\n  var nodes1 = this.expr1.evaluate(ctx).nodeSetValue();\n  var nodes2 = this.expr2.evaluate(ctx).nodeSetValue();\n  var I1 = nodes1.length;\n  for (var i2 = 0; i2 < nodes2.length; ++i2) {\n    var n = nodes2[i2];\n    var inBoth = false;\n    for (var i1 = 0; i1 < I1; ++i1) {\n      if (nodes1[i1] == n) {\n        inBoth = true;\n        i1 = I1; // break inner loop\n      }\n    }\n    if (!inBoth) {\n      nodes1.push(n);\n    }\n  }\n  return new NodeSetValue(nodes1);\n};\n\nfunction PathExpr(filter, rel) {\n  this.filter = filter;\n  this.rel = rel;\n}\n\nPathExpr.prototype.evaluate = function(ctx) {\n  var nodes = this.filter.evaluate(ctx).nodeSetValue();\n  var nodes1 = [];\n  for (var i = 0; i < nodes.length; ++i) {\n    var nodes0 = this.rel.evaluate(ctx.clone(nodes[i], i, nodes)).nodeSetValue();\n    for (var ii = 0; ii < nodes0.length; ++ii) {\n      nodes1.push(nodes0[ii]);\n    }\n  }\n  return new NodeSetValue(nodes1);\n};\n\nfunction FilterExpr(expr, predicate) {\n  this.expr = expr;\n  this.predicate = predicate;\n}\n\nFilterExpr.prototype.evaluate = function(ctx) {\n  var nodes = this.expr.evaluate(ctx).nodeSetValue();\n  for (var i = 0; i < this.predicate.length; ++i) {\n    var nodes0 = nodes;\n    nodes = [];\n    for (var j = 0; j < nodes0.length; ++j) {\n      var n = nodes0[j];\n      if (this.predicate[i].evaluate(ctx.clone(n, j, nodes0)).booleanValue()) {\n        nodes.push(n);\n      }\n    }\n  }\n\n  return new NodeSetValue(nodes);\n}\n\nfunction UnaryMinusExpr(expr) {\n  this.expr = expr;\n}\n\nUnaryMinusExpr.prototype.evaluate = function(ctx) {\n  return new NumberValue(-this.expr.evaluate(ctx).numberValue());\n};\n\nfunction BinaryExpr(expr1, op, expr2) {\n  this.expr1 = expr1;\n  this.expr2 = expr2;\n  this.op = op;\n}\n\nBinaryExpr.prototype.evaluate = function(ctx) {\n  var ret;\n  switch (this.op.value) {\n    case 'or':\n      ret = new BooleanValue(this.expr1.evaluate(ctx).booleanValue() ||\n                             this.expr2.evaluate(ctx).booleanValue());\n      break;\n\n    case 'and':\n      ret = new BooleanValue(this.expr1.evaluate(ctx).booleanValue() &&\n                             this.expr2.evaluate(ctx).booleanValue());\n      break;\n\n    case '+':\n      ret = new NumberValue(this.expr1.evaluate(ctx).numberValue() +\n                            this.expr2.evaluate(ctx).numberValue());\n      break;\n\n    case '-':\n      ret = new NumberValue(this.expr1.evaluate(ctx).numberValue() -\n                            this.expr2.evaluate(ctx).numberValue());\n      break;\n\n    case '*':\n      ret = new NumberValue(this.expr1.evaluate(ctx).numberValue() *\n                            this.expr2.evaluate(ctx).numberValue());\n      break;\n\n    case 'mod':\n      ret = new NumberValue(this.expr1.evaluate(ctx).numberValue() %\n                            this.expr2.evaluate(ctx).numberValue());\n      break;\n\n    case 'div':\n      ret = new NumberValue(this.expr1.evaluate(ctx).numberValue() /\n                            this.expr2.evaluate(ctx).numberValue());\n      break;\n\n    case '=':\n      ret = this.compare(ctx, function(x1, x2) { return x1 == x2; });\n      break;\n\n    case '!=':\n      ret = this.compare(ctx, function(x1, x2) { return x1 != x2; });\n      break;\n\n    case '<':\n      ret = this.compare(ctx, function(x1, x2) { return x1 < x2; });\n      break;\n\n    case '<=':\n      ret = this.compare(ctx, function(x1, x2) { return x1 <= x2; });\n      break;\n\n    case '>':\n      ret = this.compare(ctx, function(x1, x2) { return x1 > x2; });\n      break;\n\n    case '>=':\n      ret = this.compare(ctx, function(x1, x2) { return x1 >= x2; });\n      break;\n\n    default:\n      alert('BinaryExpr.evaluate: ' + this.op.value);\n  }\n  return ret;\n};\n\nBinaryExpr.prototype.compare = function(ctx, cmp) {\n  var v1 = this.expr1.evaluate(ctx);\n  var v2 = this.expr2.evaluate(ctx);\n\n  var ret;\n  if (v1.type == 'node-set' && v2.type == 'node-set') {\n    var n1 = v1.nodeSetValue();\n    var n2 = v2.nodeSetValue();\n    ret = false;\n    for (var i1 = 0; i1 < n1.length; ++i1) {\n      for (var i2 = 0; i2 < n2.length; ++i2) {\n        if (cmp(xmlValue(n1[i1]), xmlValue(n2[i2]))) {\n          ret = true;\n          // Break outer loop. Labels confuse the jscompiler and we\n          // don't use them.\n          i2 = n2.length;\n          i1 = n1.length;\n        }\n      }\n    }\n\n  } else if (v1.type == 'node-set' || v2.type == 'node-set') {\n\n    if (v1.type == 'number') {\n      var s = v1.numberValue();\n      var n = v2.nodeSetValue();\n\n      ret = false;\n      for (var i = 0;  i < n.length; ++i) {\n        var nn = xmlValue(n[i]) - 0;\n        if (cmp(s, nn)) {\n          ret = true;\n          break;\n        }\n      }\n\n    } else if (v2.type == 'number') {\n      var n = v1.nodeSetValue();\n      var s = v2.numberValue();\n\n      ret = false;\n      for (var i = 0;  i < n.length; ++i) {\n        var nn = xmlValue(n[i]) - 0;\n        if (cmp(nn, s)) {\n          ret = true;\n          break;\n        }\n      }\n\n    } else if (v1.type == 'string') {\n      var s = v1.stringValue();\n      var n = v2.nodeSetValue();\n\n      ret = false;\n      for (var i = 0;  i < n.length; ++i) {\n        var nn = xmlValue(n[i]);\n        if (cmp(s, nn)) {\n          ret = true;\n          break;\n        }\n      }\n\n    } else if (v2.type == 'string') {\n      var n = v1.nodeSetValue();\n      var s = v2.stringValue();\n\n      ret = false;\n      for (var i = 0;  i < n.length; ++i) {\n        var nn = xmlValue(n[i]);\n        if (cmp(nn, s)) {\n          ret = true;\n          break;\n        }\n      }\n\n    } else {\n      ret = cmp(v1.booleanValue(), v2.booleanValue());\n    }\n\n  } else if (v1.type == 'boolean' || v2.type == 'boolean') {\n    ret = cmp(v1.booleanValue(), v2.booleanValue());\n\n  } else if (v1.type == 'number' || v2.type == 'number') {\n    ret = cmp(v1.numberValue(), v2.numberValue());\n\n  } else {\n    ret = cmp(v1.stringValue(), v2.stringValue());\n  }\n\n  return new BooleanValue(ret);\n}\n\nfunction LiteralExpr(value) {\n  this.value = value;\n}\n\nLiteralExpr.prototype.evaluate = function(ctx) {\n  return new StringValue(this.value);\n};\n\nfunction NumberExpr(value) {\n  this.value = value;\n}\n\nNumberExpr.prototype.evaluate = function(ctx) {\n  return new NumberValue(this.value);\n};\n\nfunction VariableExpr(name) {\n  this.name = name;\n}\n\nVariableExpr.prototype.evaluate = function(ctx) {\n  return ctx.getVariable(this.name);\n}\n\n// Factory functions for semantic values (i.e. Expressions) of the\n// productions in the grammar. When a production is matched to reduce\n// the current parse state stack, the function is called with the\n// semantic values of the matched elements as arguments, and returns\n// another semantic value. The semantic value is a node of the parse\n// tree, an expression object with an evaluate() method that evaluates the\n// expression in an actual context. These factory functions are used\n// in the specification of the grammar rules, below.\n\nfunction makeTokenExpr(m) {\n  return new TokenExpr(m);\n}\n\nfunction passExpr(e) {\n  return e;\n}\n\nfunction makeLocationExpr1(slash, rel) {\n  rel.absolute = true;\n  return rel;\n}\n\nfunction makeLocationExpr2(dslash, rel) {\n  rel.absolute = true;\n  rel.prependStep(makeAbbrevStep(dslash.value));\n  return rel;\n}\n\nfunction makeLocationExpr3(slash) {\n  var ret = new LocationExpr();\n  ret.appendStep(makeAbbrevStep('.'));\n  ret.absolute = true;\n  return ret;\n}\n\nfunction makeLocationExpr4(dslash) {\n  var ret = new LocationExpr();\n  ret.absolute = true;\n  ret.appendStep(makeAbbrevStep(dslash.value));\n  return ret;\n}\n\nfunction makeLocationExpr5(step) {\n  var ret = new LocationExpr();\n  ret.appendStep(step);\n  return ret;\n}\n\nfunction makeLocationExpr6(rel, slash, step) {\n  rel.appendStep(step);\n  return rel;\n}\n\nfunction makeLocationExpr7(rel, dslash, step) {\n  rel.appendStep(makeAbbrevStep(dslash.value));\n  rel.appendStep(step);\n  return rel;\n}\n\nfunction makeStepExpr1(dot) {\n  return makeAbbrevStep(dot.value);\n}\n\nfunction makeStepExpr2(ddot) {\n  return makeAbbrevStep(ddot.value);\n}\n\nfunction makeStepExpr3(axisname, axis, nodetest) {\n  return new StepExpr(axisname.value, nodetest);\n}\n\nfunction makeStepExpr4(at, nodetest) {\n  return new StepExpr('attribute', nodetest);\n}\n\nfunction makeStepExpr5(nodetest) {\n  return new StepExpr('child', nodetest);\n}\n\nfunction makeStepExpr6(step, predicate) {\n  step.appendPredicate(predicate);\n  return step;\n}\n\nfunction makeAbbrevStep(abbrev) {\n  switch (abbrev) {\n  case '//':\n    return new StepExpr('descendant-or-self', new NodeTestAny);\n\n  case '.':\n    return new StepExpr('self', new NodeTestAny);\n\n  case '..':\n    return new StepExpr('parent', new NodeTestAny);\n  }\n}\n\nfunction makeNodeTestExpr1(asterisk) {\n  return new NodeTestElementOrAttribute;\n}\n\nfunction makeNodeTestExpr2(ncname, colon, asterisk) {\n  return new NodeTestNC(ncname.value);\n}\n\nfunction makeNodeTestExpr3(qname) {\n  return new NodeTestName(qname.value);\n}\n\nfunction makeNodeTestExpr4(typeo, parenc) {\n  var type = typeo.value.replace(/\\s*\\($/, '');\n  switch(type) {\n  case 'node':\n    return new NodeTestAny;\n\n  case 'text':\n    return new NodeTestText;\n\n  case 'comment':\n    return new NodeTestComment;\n\n  case 'processing-instruction':\n    return new NodeTestPI('');\n  }\n}\n\nfunction makeNodeTestExpr5(typeo, target, parenc) {\n  var type = typeo.replace(/\\s*\\($/, '');\n  if (type != 'processing-instruction') {\n    throw type;\n  }\n  return new NodeTestPI(target.value);\n}\n\nfunction makePredicateExpr(pareno, expr, parenc) {\n  return new PredicateExpr(expr);\n}\n\nfunction makePrimaryExpr(pareno, expr, parenc) {\n  return expr;\n}\n\nfunction makeFunctionCallExpr1(name, pareno, parenc) {\n  return new FunctionCallExpr(name);\n}\n\nfunction makeFunctionCallExpr2(name, pareno, arg1, args, parenc) {\n  var ret = new FunctionCallExpr(name);\n  ret.appendArg(arg1);\n  for (var i = 0; i < args.length; ++i) {\n    ret.appendArg(args[i]);\n  }\n  return ret;\n}\n\nfunction makeArgumentExpr(comma, expr) {\n  return expr;\n}\n\nfunction makeUnionExpr(expr1, pipe, expr2) {\n  return new UnionExpr(expr1, expr2);\n}\n\nfunction makePathExpr1(filter, slash, rel) {\n  return new PathExpr(filter, rel);\n}\n\nfunction makePathExpr2(filter, dslash, rel) {\n  rel.prependStep(makeAbbrevStep(dslash.value));\n  return new PathExpr(filter, rel);\n}\n\nfunction makeFilterExpr(expr, predicates) {\n  if (predicates.length > 0) {\n    return new FilterExpr(expr, predicates);\n  } else {\n    return expr;\n  }\n}\n\nfunction makeUnaryMinusExpr(minus, expr) {\n  return new UnaryMinusExpr(expr);\n}\n\nfunction makeBinaryExpr(expr1, op, expr2) {\n  return new BinaryExpr(expr1, op, expr2);\n}\n\nfunction makeLiteralExpr(token) {\n  // remove quotes from the parsed value:\n  var value = token.value.substring(1, token.value.length - 1);\n  return new LiteralExpr(value);\n}\n\nfunction makeNumberExpr(token) {\n  return new NumberExpr(token.value);\n}\n\nfunction makeVariableReference(dollar, name) {\n  return new VariableExpr(name.value);\n}\n\n// Used before parsing for optimization of common simple cases. See\n// the begin of xpathParse() for which they are.\nfunction makeSimpleExpr(expr) {\n  if (expr.charAt(0) == '$') {\n    return new VariableExpr(expr.substr(1));\n  } else if (expr.charAt(0) == '@') {\n    var a = new NodeTestName(expr.substr(1));\n    var b = new StepExpr('attribute', a);\n    var c = new LocationExpr();\n    c.appendStep(b);\n    return c;\n  } else if (expr.match(/^[0-9]+$/)) {\n    return new NumberExpr(expr);\n  } else {\n    var a = new NodeTestName(expr);\n    var b = new StepExpr('child', a);\n    var c = new LocationExpr();\n    c.appendStep(b);\n    return c;\n  }\n}\n\nfunction makeSimpleExpr2(expr) {\n  var steps = stringSplit(expr, '/');\n  var c = new LocationExpr();\n  for (var i = 0; i < steps.length; ++i) {\n    var a = new NodeTestName(steps[i]);\n    var b = new StepExpr('child', a);\n    c.appendStep(b);\n  }\n  return c;\n}\n\n// The axes of XPath expressions.\n\nvar xpathAxis = {\n  ANCESTOR_OR_SELF: 'ancestor-or-self',\n  ANCESTOR: 'ancestor',\n  ATTRIBUTE: 'attribute',\n  CHILD: 'child',\n  DESCENDANT_OR_SELF: 'descendant-or-self',\n  DESCENDANT: 'descendant',\n  FOLLOWING_SIBLING: 'following-sibling',\n  FOLLOWING: 'following',\n  NAMESPACE: 'namespace',\n  PARENT: 'parent',\n  PRECEDING_SIBLING: 'preceding-sibling',\n  PRECEDING: 'preceding',\n  SELF: 'self'\n};\n\nvar xpathAxesRe = [\n    xpathAxis.ANCESTOR_OR_SELF,\n    xpathAxis.ANCESTOR,\n    xpathAxis.ATTRIBUTE,\n    xpathAxis.CHILD,\n    xpathAxis.DESCENDANT_OR_SELF,\n    xpathAxis.DESCENDANT,\n    xpathAxis.FOLLOWING_SIBLING,\n    xpathAxis.FOLLOWING,\n    xpathAxis.NAMESPACE,\n    xpathAxis.PARENT,\n    xpathAxis.PRECEDING_SIBLING,\n    xpathAxis.PRECEDING,\n    xpathAxis.SELF\n].join('|');\n\n\n// The tokens of the language. The label property is just used for\n// generating debug output. The prec property is the precedence used\n// for shift/reduce resolution. Default precedence is 0 as a lookahead\n// token and 2 on the stack. TODO(mesch): this is certainly not\n// necessary and too complicated. Simplify this!\n\n// NOTE: tabular formatting is the big exception, but here it should\n// be OK.\n\nvar TOK_PIPE =   { label: \"|\",   prec:   17, re: new RegExp(\"^\\\\|\") };\nvar TOK_DSLASH = { label: \"//\",  prec:   19, re: new RegExp(\"^//\")  };\nvar TOK_SLASH =  { label: \"/\",   prec:   30, re: new RegExp(\"^/\")   };\nvar TOK_AXIS =   { label: \"::\",  prec:   20, re: new RegExp(\"^::\")  };\nvar TOK_COLON =  { label: \":\",   prec: 1000, re: new RegExp(\"^:\")  };\nvar TOK_AXISNAME = { label: \"[axis]\", re: new RegExp('^(' + xpathAxesRe + ')') };\nvar TOK_PARENO = { label: \"(\",   prec:   34, re: new RegExp(\"^\\\\(\") };\nvar TOK_PARENC = { label: \")\",               re: new RegExp(\"^\\\\)\") };\nvar TOK_DDOT =   { label: \"..\",  prec:   34, re: new RegExp(\"^\\\\.\\\\.\") };\nvar TOK_DOT =    { label: \".\",   prec:   34, re: new RegExp(\"^\\\\.\") };\nvar TOK_AT =     { label: \"@\",   prec:   34, re: new RegExp(\"^@\")   };\n\nvar TOK_COMMA =  { label: \",\",               re: new RegExp(\"^,\") };\n\nvar TOK_OR =     { label: \"or\",  prec:   10, re: new RegExp(\"^or\\\\b\") };\nvar TOK_AND =    { label: \"and\", prec:   11, re: new RegExp(\"^and\\\\b\") };\nvar TOK_EQ =     { label: \"=\",   prec:   12, re: new RegExp(\"^=\")   };\nvar TOK_NEQ =    { label: \"!=\",  prec:   12, re: new RegExp(\"^!=\")  };\nvar TOK_GE =     { label: \">=\",  prec:   13, re: new RegExp(\"^>=\")  };\nvar TOK_GT =     { label: \">\",   prec:   13, re: new RegExp(\"^>\")   };\nvar TOK_LE =     { label: \"<=\",  prec:   13, re: new RegExp(\"^<=\")  };\nvar TOK_LT =     { label: \"<\",   prec:   13, re: new RegExp(\"^<\")   };\nvar TOK_PLUS =   { label: \"+\",   prec:   14, re: new RegExp(\"^\\\\+\"), left: true };\nvar TOK_MINUS =  { label: \"-\",   prec:   14, re: new RegExp(\"^\\\\-\"), left: true };\nvar TOK_DIV =    { label: \"div\", prec:   15, re: new RegExp(\"^div\\\\b\"), left: true };\nvar TOK_MOD =    { label: \"mod\", prec:   15, re: new RegExp(\"^mod\\\\b\"), left: true };\n\nvar TOK_BRACKO = { label: \"[\",   prec:   32, re: new RegExp(\"^\\\\[\") };\nvar TOK_BRACKC = { label: \"]\",               re: new RegExp(\"^\\\\]\") };\nvar TOK_DOLLAR = { label: \"$\",               re: new RegExp(\"^\\\\$\") };\n\nvar TOK_NCNAME = { label: \"[ncname]\", re: new RegExp('^' + XML_NC_NAME) };\n\nvar TOK_ASTERISK = { label: \"*\", prec: 15, re: new RegExp(\"^\\\\*\"), left: true };\nvar TOK_LITERALQ = { label: \"[litq]\", prec: 20, re: new RegExp(\"^'[^\\\\']*'\") };\nvar TOK_LITERALQQ = {\n  label: \"[litqq]\",\n  prec: 20,\n  re: new RegExp('^\"[^\\\\\"]*\"')\n};\n\nvar TOK_NUMBER  = {\n  label: \"[number]\",\n  prec: 35,\n  re: new RegExp('^\\\\d+(\\\\.\\\\d*)?') };\n\nvar TOK_QNAME = {\n  label: \"[qname]\",\n  re: new RegExp('^(' + XML_NC_NAME + ':)?' + XML_NC_NAME)\n};\n\nvar TOK_NODEO = {\n  label: \"[nodetest-start]\",\n  re: new RegExp('^(processing-instruction|comment|text|node)\\\\(')\n};\n\n// The table of the tokens of our grammar, used by the lexer: first\n// column the tag, second column a regexp to recognize it in the\n// input, third column the precedence of the token, fourth column a\n// factory function for the semantic value of the token.\n//\n// NOTE: order of this list is important, because the first match\n// counts. Cf. DDOT and DOT, and AXIS and COLON.\n\nvar xpathTokenRules = [\n    TOK_DSLASH,\n    TOK_SLASH,\n    TOK_DDOT,\n    TOK_DOT,\n    TOK_AXIS,\n    TOK_COLON,\n    TOK_AXISNAME,\n    TOK_NODEO,\n    TOK_PARENO,\n    TOK_PARENC,\n    TOK_BRACKO,\n    TOK_BRACKC,\n    TOK_AT,\n    TOK_COMMA,\n    TOK_OR,\n    TOK_AND,\n    TOK_NEQ,\n    TOK_EQ,\n    TOK_GE,\n    TOK_GT,\n    TOK_LE,\n    TOK_LT,\n    TOK_PLUS,\n    TOK_MINUS,\n    TOK_ASTERISK,\n    TOK_PIPE,\n    TOK_MOD,\n    TOK_DIV,\n    TOK_LITERALQ,\n    TOK_LITERALQQ,\n    TOK_NUMBER,\n    TOK_QNAME,\n    TOK_NCNAME,\n    TOK_DOLLAR\n];\n\n// All the nonterminals of the grammar. The nonterminal objects are\n// identified by object identity; the labels are used in the debug\n// output only.\nvar XPathLocationPath = { label: \"LocationPath\" };\nvar XPathRelativeLocationPath = { label: \"RelativeLocationPath\" };\nvar XPathAbsoluteLocationPath = { label: \"AbsoluteLocationPath\" };\nvar XPathStep = { label: \"Step\" };\nvar XPathNodeTest = { label: \"NodeTest\" };\nvar XPathPredicate = { label: \"Predicate\" };\nvar XPathLiteral = { label: \"Literal\" };\nvar XPathExpr = { label: \"Expr\" };\nvar XPathPrimaryExpr = { label: \"PrimaryExpr\" };\nvar XPathVariableReference = { label: \"Variablereference\" };\nvar XPathNumber = { label: \"Number\" };\nvar XPathFunctionCall = { label: \"FunctionCall\" };\nvar XPathArgumentRemainder = { label: \"ArgumentRemainder\" };\nvar XPathPathExpr = { label: \"PathExpr\" };\nvar XPathUnionExpr = { label: \"UnionExpr\" };\nvar XPathFilterExpr = { label: \"FilterExpr\" };\nvar XPathDigits = { label: \"Digits\" };\n\nvar xpathNonTerminals = [\n    XPathLocationPath,\n    XPathRelativeLocationPath,\n    XPathAbsoluteLocationPath,\n    XPathStep,\n    XPathNodeTest,\n    XPathPredicate,\n    XPathLiteral,\n    XPathExpr,\n    XPathPrimaryExpr,\n    XPathVariableReference,\n    XPathNumber,\n    XPathFunctionCall,\n    XPathArgumentRemainder,\n    XPathPathExpr,\n    XPathUnionExpr,\n    XPathFilterExpr,\n    XPathDigits\n];\n\n// Quantifiers that are used in the productions of the grammar.\nvar Q_01 = { label: \"?\" };\nvar Q_MM = { label: \"*\" };\nvar Q_1M = { label: \"+\" };\n\n// Tag for left associativity (right assoc is implied by undefined).\nvar ASSOC_LEFT = true;\n\n// The productions of the grammar. Columns of the table:\n//\n// - target nonterminal,\n// - pattern,\n// - precedence,\n// - semantic value factory\n//\n// The semantic value factory is a function that receives parse tree\n// nodes from the stack frames of the matched symbols as arguments and\n// returns an a node of the parse tree. The node is stored in the top\n// stack frame along with the target object of the rule. The node in\n// the parse tree is an expression object that has an evaluate() method\n// and thus evaluates XPath expressions.\n//\n// The precedence is used to decide between reducing and shifting by\n// comparing the precendence of the rule that is candidate for\n// reducing with the precedence of the look ahead token. Precedence of\n// -1 means that the precedence of the tokens in the pattern is used\n// instead. TODO: It shouldn't be necessary to explicitly assign\n// precedences to rules.\n\n// DGF As it stands, these precedences are purely empirical; we're\n// not sure they can be made to be consistent at all.\n\nvar xpathGrammarRules =\n  [\n   [ XPathLocationPath, [ XPathRelativeLocationPath ], 18,\n     passExpr ],\n   [ XPathLocationPath, [ XPathAbsoluteLocationPath ], 18,\n     passExpr ],\n\n   [ XPathAbsoluteLocationPath, [ TOK_SLASH, XPathRelativeLocationPath ], 18,\n     makeLocationExpr1 ],\n   [ XPathAbsoluteLocationPath, [ TOK_DSLASH, XPathRelativeLocationPath ], 18,\n     makeLocationExpr2 ],\n\n   [ XPathAbsoluteLocationPath, [ TOK_SLASH ], 0,\n     makeLocationExpr3 ],\n   [ XPathAbsoluteLocationPath, [ TOK_DSLASH ], 0,\n     makeLocationExpr4 ],\n\n   [ XPathRelativeLocationPath, [ XPathStep ], 31,\n     makeLocationExpr5 ],\n   [ XPathRelativeLocationPath,\n     [ XPathRelativeLocationPath, TOK_SLASH, XPathStep ], 31,\n     makeLocationExpr6 ],\n   [ XPathRelativeLocationPath,\n     [ XPathRelativeLocationPath, TOK_DSLASH, XPathStep ], 31,\n     makeLocationExpr7 ],\n\n   [ XPathStep, [ TOK_DOT ], 33,\n     makeStepExpr1 ],\n   [ XPathStep, [ TOK_DDOT ], 33,\n     makeStepExpr2 ],\n   [ XPathStep,\n     [ TOK_AXISNAME, TOK_AXIS, XPathNodeTest ], 33,\n     makeStepExpr3 ],\n   [ XPathStep, [ TOK_AT, XPathNodeTest ], 33,\n     makeStepExpr4 ],\n   [ XPathStep, [ XPathNodeTest ], 33,\n     makeStepExpr5 ],\n   [ XPathStep, [ XPathStep, XPathPredicate ], 33,\n     makeStepExpr6 ],\n\n   [ XPathNodeTest, [ TOK_ASTERISK ], 33,\n     makeNodeTestExpr1 ],\n   [ XPathNodeTest, [ TOK_NCNAME, TOK_COLON, TOK_ASTERISK ], 33,\n     makeNodeTestExpr2 ],\n   [ XPathNodeTest, [ TOK_QNAME ], 33,\n     makeNodeTestExpr3 ],\n   [ XPathNodeTest, [ TOK_NODEO, TOK_PARENC ], 33,\n     makeNodeTestExpr4 ],\n   [ XPathNodeTest, [ TOK_NODEO, XPathLiteral, TOK_PARENC ], 33,\n     makeNodeTestExpr5 ],\n\n   [ XPathPredicate, [ TOK_BRACKO, XPathExpr, TOK_BRACKC ], 33,\n     makePredicateExpr ],\n\n   [ XPathPrimaryExpr, [ XPathVariableReference ], 33,\n     passExpr ],\n   [ XPathPrimaryExpr, [ TOK_PARENO, XPathExpr, TOK_PARENC ], 33,\n     makePrimaryExpr ],\n   [ XPathPrimaryExpr, [ XPathLiteral ], 30,\n     passExpr ],\n   [ XPathPrimaryExpr, [ XPathNumber ], 30,\n     passExpr ],\n   [ XPathPrimaryExpr, [ XPathFunctionCall ], 31,\n     passExpr ],\n\n   [ XPathFunctionCall, [ TOK_QNAME, TOK_PARENO, TOK_PARENC ], -1,\n     makeFunctionCallExpr1 ],\n   [ XPathFunctionCall,\n     [ TOK_QNAME, TOK_PARENO, XPathExpr, XPathArgumentRemainder, Q_MM,\n       TOK_PARENC ], -1,\n     makeFunctionCallExpr2 ],\n   [ XPathArgumentRemainder, [ TOK_COMMA, XPathExpr ], -1,\n     makeArgumentExpr ],\n\n   [ XPathUnionExpr, [ XPathPathExpr ], 20,\n     passExpr ],\n   [ XPathUnionExpr, [ XPathUnionExpr, TOK_PIPE, XPathPathExpr ], 20,\n     makeUnionExpr ],\n\n   [ XPathPathExpr, [ XPathLocationPath ], 20,\n     passExpr ],\n   [ XPathPathExpr, [ XPathFilterExpr ], 19,\n     passExpr ],\n   [ XPathPathExpr,\n     [ XPathFilterExpr, TOK_SLASH, XPathRelativeLocationPath ], 19,\n     makePathExpr1 ],\n   [ XPathPathExpr,\n     [ XPathFilterExpr, TOK_DSLASH, XPathRelativeLocationPath ], 19,\n     makePathExpr2 ],\n\n   [ XPathFilterExpr, [ XPathPrimaryExpr, XPathPredicate, Q_MM ], 31,\n     makeFilterExpr ],\n\n   [ XPathExpr, [ XPathPrimaryExpr ], 16,\n     passExpr ],\n   [ XPathExpr, [ XPathUnionExpr ], 16,\n     passExpr ],\n\n   [ XPathExpr, [ TOK_MINUS, XPathExpr ], -1,\n     makeUnaryMinusExpr ],\n\n   [ XPathExpr, [ XPathExpr, TOK_OR, XPathExpr ], -1,\n     makeBinaryExpr ],\n   [ XPathExpr, [ XPathExpr, TOK_AND, XPathExpr ], -1,\n     makeBinaryExpr ],\n\n   [ XPathExpr, [ XPathExpr, TOK_EQ, XPathExpr ], -1,\n     makeBinaryExpr ],\n   [ XPathExpr, [ XPathExpr, TOK_NEQ, XPathExpr ], -1,\n     makeBinaryExpr ],\n\n   [ XPathExpr, [ XPathExpr, TOK_LT, XPathExpr ], -1,\n     makeBinaryExpr ],\n   [ XPathExpr, [ XPathExpr, TOK_LE, XPathExpr ], -1,\n     makeBinaryExpr ],\n   [ XPathExpr, [ XPathExpr, TOK_GT, XPathExpr ], -1,\n     makeBinaryExpr ],\n   [ XPathExpr, [ XPathExpr, TOK_GE, XPathExpr ], -1,\n     makeBinaryExpr ],\n\n   [ XPathExpr, [ XPathExpr, TOK_PLUS, XPathExpr ], -1,\n     makeBinaryExpr, ASSOC_LEFT ],\n   [ XPathExpr, [ XPathExpr, TOK_MINUS, XPathExpr ], -1,\n     makeBinaryExpr, ASSOC_LEFT ],\n\n   [ XPathExpr, [ XPathExpr, TOK_ASTERISK, XPathExpr ], -1,\n     makeBinaryExpr, ASSOC_LEFT ],\n   [ XPathExpr, [ XPathExpr, TOK_DIV, XPathExpr ], -1,\n     makeBinaryExpr, ASSOC_LEFT ],\n   [ XPathExpr, [ XPathExpr, TOK_MOD, XPathExpr ], -1,\n     makeBinaryExpr, ASSOC_LEFT ],\n\n   [ XPathLiteral, [ TOK_LITERALQ ], -1,\n     makeLiteralExpr ],\n   [ XPathLiteral, [ TOK_LITERALQQ ], -1,\n     makeLiteralExpr ],\n\n   [ XPathNumber, [ TOK_NUMBER ], -1,\n     makeNumberExpr ],\n\n   [ XPathVariableReference, [ TOK_DOLLAR, TOK_QNAME ], 200,\n     makeVariableReference ]\n   ];\n\n// That function computes some optimizations of the above data\n// structures and will be called right here. It merely takes the\n// counter variables out of the global scope.\n\nvar xpathRules = [];\n\nfunction xpathParseInit() {\n  if (xpathRules.length) {\n    return;\n  }\n\n  // Some simple optimizations for the xpath expression parser: sort\n  // grammar rules descending by length, so that the longest match is\n  // first found.\n\n  xpathGrammarRules.sort(function(a,b) {\n    var la = a[1].length;\n    var lb = b[1].length;\n    if (la < lb) {\n      return 1;\n    } else if (la > lb) {\n      return -1;\n    } else {\n      return 0;\n    }\n  });\n\n  var k = 1;\n  for (var i = 0; i < xpathNonTerminals.length; ++i) {\n    xpathNonTerminals[i].key = k++;\n  }\n\n  for (i = 0; i < xpathTokenRules.length; ++i) {\n    xpathTokenRules[i].key = k++;\n  }\n\n  xpathLog('XPath parse INIT: ' + k + ' rules');\n\n  // Another slight optimization: sort the rules into bins according\n  // to the last element (observing quantifiers), so we can restrict\n  // the match against the stack to the subest of rules that match the\n  // top of the stack.\n  //\n  // TODO(mesch): What we actually want is to compute states as in\n  // bison, so that we don't have to do any explicit and iterated\n  // match against the stack.\n\n  function push_(array, position, element) {\n    if (!array[position]) {\n      array[position] = [];\n    }\n    array[position].push(element);\n  }\n\n  for (i = 0; i < xpathGrammarRules.length; ++i) {\n    var rule = xpathGrammarRules[i];\n    var pattern = rule[1];\n\n    for (var j = pattern.length - 1; j >= 0; --j) {\n      if (pattern[j] == Q_1M) {\n        push_(xpathRules, pattern[j-1].key, rule);\n        break;\n\n      } else if (pattern[j] == Q_MM || pattern[j] == Q_01) {\n        push_(xpathRules, pattern[j-1].key, rule);\n        --j;\n\n      } else {\n        push_(xpathRules, pattern[j].key, rule);\n        break;\n      }\n    }\n  }\n\n  xpathLog('XPath parse INIT: ' + xpathRules.length + ' rule bins');\n\n  var sum = 0;\n  mapExec(xpathRules, function(i) {\n    if (i) {\n      sum += i.length;\n    }\n  });\n\n  xpathLog('XPath parse INIT: ' + (sum / xpathRules.length) +\n           ' average bin size');\n}\n\n// Local utility functions that are used by the lexer or parser.\n\nfunction xpathCollectDescendants(nodelist, node, opt_tagName) {\n  if (opt_tagName && node.getElementsByTagName) {\n    copyArray(nodelist, node.getElementsByTagName(opt_tagName));\n    return;\n  }\n  for (var n = node.firstChild; n; n = n.nextSibling) {\n    nodelist.push(n);\n    xpathCollectDescendants(nodelist, n);\n  }\n}\n\n// DGF extract a tag name suitable for getElementsByTagName\nfunction xpathExtractTagNameFromNodeTest(nodetest) {\n  if (nodetest instanceof NodeTestName) {\n    return nodetest.name;\n  } else if (nodetest instanceof NodeTestAny || nodetest instanceof NodeTestElementOrAttribute) {\n    return \"*\";\n  }\n}\n\nfunction xpathCollectDescendantsReverse(nodelist, node) {\n  for (var n = node.lastChild; n; n = n.previousSibling) {\n    nodelist.push(n);\n    xpathCollectDescendantsReverse(nodelist, n);\n  }\n}\n\n\n// The entry point for the library: match an expression against a DOM\n// node. Returns an XPath value.\nfunction xpathDomEval(expr, node) {\n  var expr1 = xpathParse(expr);\n  var ret = expr1.evaluate(new ExprContext(node));\n  return ret;\n}\n\n// Utility function to sort a list of nodes. Used by xsltSort() and\n// nxslSelect().\nfunction xpathSort(input, sort) {\n  if (sort.length == 0) {\n    return;\n  }\n\n  var sortlist = [];\n\n  for (var i = 0; i < input.contextSize(); ++i) {\n    var node = input.nodelist[i];\n    var sortitem = { node: node, key: [] };\n    var context = input.clone(node, 0, [ node ]);\n\n    for (var j = 0; j < sort.length; ++j) {\n      var s = sort[j];\n      var value = s.expr.evaluate(context);\n\n      var evalue;\n      if (s.type == 'text') {\n        evalue = value.stringValue();\n      } else if (s.type == 'number') {\n        evalue = value.numberValue();\n      }\n      sortitem.key.push({ value: evalue, order: s.order });\n    }\n\n    // Make the sort stable by adding a lowest priority sort by\n    // id. This is very convenient and furthermore required by the\n    // spec ([XSLT] - Section 10 Sorting).\n    sortitem.key.push({ value: i, order: 'ascending' });\n\n    sortlist.push(sortitem);\n  }\n\n  sortlist.sort(xpathSortByKey);\n\n  var nodes = [];\n  for (var i = 0; i < sortlist.length; ++i) {\n    nodes.push(sortlist[i].node);\n  }\n  input.nodelist = nodes;\n  input.setNode(0);\n}\n\n\n// Sorts by all order criteria defined. According to the JavaScript\n// spec ([ECMA] Section 11.8.5), the compare operators compare strings\n// as strings and numbers as numbers.\n//\n// NOTE: In browsers which do not follow the spec, this breaks only in\n// the case that numbers should be sorted as strings, which is very\n// uncommon.\nfunction xpathSortByKey(v1, v2) {\n  // NOTE: Sort key vectors of different length never occur in\n  // xsltSort.\n\n  for (var i = 0; i < v1.key.length; ++i) {\n    var o = v1.key[i].order == 'descending' ? -1 : 1;\n    if (v1.key[i].value > v2.key[i].value) {\n      return +1 * o;\n    } else if (v1.key[i].value < v2.key[i].value) {\n      return -1 * o;\n    }\n  }\n\n  return 0;\n}\n\n\n// Parses and then evaluates the given XPath expression in the given\n// input context. Notice that parsed xpath expressions are cached.\nfunction xpathEval(select, context) {\n  var expr = xpathParse(select);\n  var ret = expr.evaluate(context);\n  return ret;\n}\n",[object ChromeWindow],"http://localhost:8081/aptana/samples/rss-sample/lib/ajaxslt-0.8.1/xpath.js")
  ->  [Includer.js:329] load("http://localhost:8081/aptana/samples/rss-sample/lib/ajaxslt-0.8.1/xpath.js",[object ChromeWindow],"server",false,false,false)
  ->  [NewElement.js:67] load("tempLoad_0.374953560049291261766502620453")
  ->  [index.html:23] <no name>
paths:
  -> file:///E:/Aptana%20Jaxer%20Apache/Jaxer/Apache2-4Build/jaxer/framework/src/ModuleLogger.js
  -> file:///E:/Aptana%20Jaxer%20Apache/Jaxer/Apache2-4Build/jaxer/framework/src/Includer.js
  -> file:///E:/Aptana%20Jaxer%20Apache/Jaxer/Apache2-4Build/jaxer/framework/src/NewElement.js
  -> http://localhost:8081/aptana/samples/rss-sample/index.html

01:10:20 12/24/2025 [ 32928] [TRACE] [JS Framework] [Includer.load] Jaxer.pageWindow.Jaxer.__newFunctions contains 78 items
stack:
  ->  [ModuleLogger.js:98] trace("Jaxer.pageWindow.Jaxer.__newFunctions contains 78 items")
  ->  [Includer.js:334] load("http://localhost:8081/aptana/samples/rss-sample/lib/ajaxslt-0.8.1/xpath.js",[object ChromeWindow],"server",false,false,false)
  ->  [NewElement.js:67] load("tempLoad_0.374953560049291261766502620453")
  ->  [index.html:23] <no name>
paths:
  -> file:///E:/Aptana%20Jaxer%20Apache/Jaxer/Apache2-4Build/jaxer/framework/src/ModuleLogger.js
  -> file:///E:/Aptana%20Jaxer%20Apache/Jaxer/Apache2-4Build/jaxer/framework/src/Includer.js
  -> file:///E:/Aptana%20Jaxer%20Apache/Jaxer/Apache2-4Build/jaxer/framework/src/NewElement.js
  -> http://localhost:8081/aptana/samples/rss-sample/index.html

01:10:20 12/24/2025 [ 32928] [TRACE] [JS Framework] [Includer.setRunat] Set runat='server' on function named 'xpathParse'
stack:
  ->  [ModuleLogger.js:98] trace("Set runat='server' on function named 'xpathParse'")
  ->  [Includer.js:345] setRunat("xpathParse",0,[object Array])
  ->  [Includer.js:336] load("http://localhost:8081/aptana/samples/rss-sample/lib/ajaxslt-0.8.1/xpath.js",[object ChromeWindow],"server",false,false,false)
  ->  [NewElement.js:67] load("tempLoad_0.374953560049291261766502620453")
  ->  [index.html:23] <no name>
paths:
  -> file:///E:/Aptana%20Jaxer%20Apache/Jaxer/Apache2-4Build/jaxer/framework/src/ModuleLogger.js
  -> file:///E:/Aptana%20Jaxer%20Apache/Jaxer/Apache2-4Build/jaxer/framework/src/Includer.js
  -> file:///E:/Aptana%20Jaxer%20Apache/Jaxer/Apache2-4Build/jaxer/framework/src/NewElement.js
  -> http://localhost:8081/aptana/samples/rss-sample/index.html

01:10:20 12/24/2025 [ 32928] [TRACE] [JS Framework] [Includer.setRunat] Set runat='server' on function named 'xpathCacheLookup'
stack:
  ->  [ModuleLogger.js:98] trace("Set runat='server' on function named 'xpathCacheLookup'")
  ->  [Includer.js:345] setRunat("xpathCacheLookup",1,[object Array])
  ->  [Includer.js:336] load("http://localhost:8081/aptana/samples/rss-sample/lib/ajaxslt-0.8.1/xpath.js",[object ChromeWindow],"server",false,false,false)
  ->  [NewElement.js:67] load("tempLoad_0.374953560049291261766502620453")
  ->  [index.html:23] <no name>
paths:
  -> file:///E:/Aptana%20Jaxer%20Apache/Jaxer/Apache2-4Build/jaxer/framework/src/ModuleLogger.js
  -> file:///E:/Aptana%20Jaxer%20Apache/Jaxer/Apache2-4Build/jaxer/framework/src/Includer.js
  -> file:///E:/Aptana%20Jaxer%20Apache/Jaxer/Apache2-4Build/jaxer/framework/src/NewElement.js
  -> http://localhost:8081/aptana/samples/rss-sample/index.html

01:10:20 12/24/2025 [ 32928] [TRACE] [JS Framework] [Includer.setRunat] Set runat='server' on function named 'xpathReduce'
stack:
  ->  [ModuleLogger.js:98] trace("Set runat='server' on function named 'xpathReduce'")
  ->  [Includer.js:345] setRunat("xpathReduce",2,[object Array])
  ->  [Includer.js:336] load("http://localhost:8081/aptana/samples/rss-sample/lib/ajaxslt-0.8.1/xpath.js",[object ChromeWindow],"server",false,false,false)
  ->  [NewElement.js:67] load("tempLoad_0.374953560049291261766502620453")
  ->  [index.html:23] <no name>
paths:
  -> file:///E:/Aptana%20Jaxer%20Apache/Jaxer/Apache2-4Build/jaxer/framework/src/ModuleLogger.js
  -> file:///E:/Aptana%20Jaxer%20Apache/Jaxer/Apache2-4Build/jaxer/framework/src/Includer.js
  -> file:///E:/Aptana%20Jaxer%20Apache/Jaxer/Apache2-4Build/jaxer/framework/src/NewElement.js
  -> http://localhost:8081/aptana/samples/rss-sample/index.html

01:10:20 12/24/2025 [ 32928] [TRACE] [JS Framework] [Includer.setRunat] Set runat='server' on function named 'xpathMatchStack'
stack:
  ->  [ModuleLogger.js:98] trace("Set runat='server' on function named 'xpathMatchStack'")
  ->  [Includer.js:345] setRunat("xpathMatchStack",3,[object Array])
  ->  [Includer.js:336] load("http://localhost:8081/aptana/samples/rss-sample/lib/ajaxslt-0.8.1/xpath.js",[object ChromeWindow],"server",false,false,false)
  ->  [NewElement.js:67] load("tempLoad_0.374953560049291261766502620453")
  ->  [index.html:23] <no name>
paths:
  -> file:///E:/Aptana%20Jaxer%20Apache/Jaxer/Apache2-4Build/jaxer/framework/src/ModuleLogger.js
  -> file:///E:/Aptana%20Jaxer%20Apache/Jaxer/Apache2-4Build/jaxer/framework/src/Includer.js
  -> file:///E:/Aptana%20Jaxer%20Apache/Jaxer/Apache2-4Build/jaxer/framework/src/NewElement.js
  -> http://localhost:8081/aptana/samples/rss-sample/index.html

01:10:20 12/24/2025 [ 32928] [TRACE] [JS Framework] [Includer.setRunat] Set runat='server' on function named 'xpathTokenPrecedence'
stack:
  ->  [ModuleLogger.js:98] trace("Set runat='server' on function named 'xpathTokenPrecedence'")
  ->  [Includer.js:345] setRunat("xpathTokenPrecedence",4,[object Array])
  ->  [Includer.js:336] load("http://localhost:8081/aptana/samples/rss-sample/lib/ajaxslt-0.8.1/xpath.js",[object ChromeWindow],"server",false,false,false)
  ->  [NewElement.js:67] load("tempLoad_0.374953560049291261766502620453")
  ->  [index.html:23] <no name>
paths:
  -> file:///E:/Aptana%20Jaxer%20Apache/Jaxer/Apache2-4Build/jaxer/framework/src/ModuleLogger.js
  -> file:///E:/Aptana%20Jaxer%20Apache/Jaxer/Apache2-4Build/jaxer/framework/src/Includer.js
  -> file:///E:/Aptana%20Jaxer%20Apache/Jaxer/Apache2-4Build/jaxer/framework/src/NewElement.js
  -> http://localhost:8081/aptana/samples/rss-sample/index.html

01:10:20 12/24/2025 [ 32928] [TRACE] [JS Framework] [Includer.setRunat] Set runat='server' on function named 'xpathGrammarPrecedence'
stack:
  ->  [ModuleLogger.js:98] trace("Set runat='server' on function named 'xpathGrammarPrecedence'")
  ->  [Includer.js:345] setRunat("xpathGrammarPrecedence",5,[object Array])
  ->  [Includer.js:336] load("http://localhost:8081/aptana/samples/rss-sample/lib/ajaxslt-0.8.1/xpath.js",[object ChromeWindow],"server",false,false,false)
  ->  [NewElement.js:67] load("tempLoad_0.374953560049291261766502620453")
  ->  [index.html:23] <no name>
paths:
  -> file:///E:/Aptana%20Jaxer%20Apache/Jaxer/Apache2-4Build/jaxer/framework/src/ModuleLogger.js
  -> file:///E:/Aptana%20Jaxer%20Apache/Jaxer/Apache2-4Build/jaxer/framework/src/Includer.js
  -> file:///E:/Aptana%20Jaxer%20Apache/Jaxer/Apache2-4Build/jaxer/framework/src/NewElement.js
  -> http://localhost:8081/aptana/samples/rss-sample/index.html

01:10:20 12/24/2025 [ 32928] [TRACE] [JS Framework] [Includer.setRunat] Set runat='server' on function named 'stackToString'
stack:
  ->  [ModuleLogger.js:98] trace("Set runat='server' on function named 'stackToString'")
  ->  [Includer.js:345] setRunat("stackToString",6,[object Array])
  ->  [Includer.js:336] load("http://localhost:8081/aptana/samples/rss-sample/lib/ajaxslt-0.8.1/xpath.js",[object ChromeWindow],"server",false,false,false)
  ->  [NewElement.js:67] load("tempLoad_0.374953560049291261766502620453")
  ->  [index.html:23] <no name>
paths:
  -> file:///E:/Aptana%20Jaxer%20Apache/Jaxer/Apache2-4Build/jaxer/framework/src/ModuleLogger.js
  -> file:///E:/Aptana%20Jaxer%20Apache/Jaxer/Apache2-4Build/jaxer/framework/src/Includer.js
  -> file:///E:/Aptana%20Jaxer%20Apache/Jaxer/Apache2-4Build/jaxer/framework/src/NewElement.js
  -> http://localhost:8081/aptana/samples/rss-sample/index.html

01:10:20 12/24/2025 [ 32928] [TRACE] [JS Framework] [Includer.setRunat] Set runat='server' on function named 'ExprContext'
stack:
  ->  [ModuleLogger.js:98] trace("Set runat='server' on function named 'ExprContext'")
  ->  [Includer.js:345] setRunat("ExprContext",7,[object Array])
  ->  [Includer.js:336] load("http://localhost:8081/aptana/samples/rss-sample/lib/ajaxslt-0.8.1/xpath.js",[object ChromeWindow],"server",false,false,false)
  ->  [NewElement.js:67] load("tempLoad_0.374953560049291261766502620453")
  ->  [index.html:23] <no name>
paths:
  -> file:///E:/Aptana%20Jaxer%20Apache/Jaxer/Apache2-4Build/jaxer/framework/src/ModuleLogger.js
  -> file:///E:/Aptana%20Jaxer%20Apache/Jaxer/Apache2-4Build/jaxer/framework/src/Includer.js
  -> file:///E:/Aptana%20Jaxer%20Apache/Jaxer/Apache2-4Build/jaxer/framework/src/NewElement.js
  -> http://localhost:8081/aptana/samples/rss-sample/index.html

01:10:20 12/24/2025 [ 32928] [TRACE] [JS Framework] [Includer.setRunat] Set runat='server' on function named 'StringValue'
stack:
  ->  [ModuleLogger.js:98] trace("Set runat='server' on function named 'StringValue'")
  ->  [Includer.js:345] setRunat("StringValue",8,[object Array])
  ->  [Includer.js:336] load("http://localhost:8081/aptana/samples/rss-sample/lib/ajaxslt-0.8.1/xpath.js",[object ChromeWindow],"server",false,false,false)
  ->  [NewElement.js:67] load("tempLoad_0.374953560049291261766502620453")
  ->  [index.html:23] <no name>
paths:
  -> file:///E:/Aptana%20Jaxer%20Apache/Jaxer/Apache2-4Build/jaxer/framework/src/ModuleLogger.js
  -> file:///E:/Aptana%20Jaxer%20Apache/Jaxer/Apache2-4Build/jaxer/framework/src/Includer.js
  -> file:///E:/Aptana%20Jaxer%20Apache/Jaxer/Apache2-4Build/jaxer/framework/src/NewElement.js
  -> http://localhost:8081/aptana/samples/rss-sample/index.html

01:10:20 12/24/2025 [ 32928] [TRACE] [JS Framework] [Includer.setRunat] Set runat='server' on function named 'BooleanValue'
stack:
  ->  [ModuleLogger.js:98] trace("Set runat='server' on function named 'BooleanValue'")
  ->  [Includer.js:345] setRunat("BooleanValue",9,[object Array])
  ->  [Includer.js:336] load("http://localhost:8081/aptana/samples/rss-sample/lib/ajaxslt-0.8.1/xpath.js",[object ChromeWindow],"server",false,false,false)
  ->  [NewElement.js:67] load("tempLoad_0.374953560049291261766502620453")
  ->  [index.html:23] <no name>
paths:
  -> file:///E:/Aptana%20Jaxer%20Apache/Jaxer/Apache2-4Build/jaxer/framework/src/ModuleLogger.js
  -> file:///E:/Aptana%20Jaxer%20Apache/Jaxer/Apache2-4Build/jaxer/framework/src/Includer.js
  -> file:///E:/Aptana%20Jaxer%20Apache/Jaxer/Apache2-4Build/jaxer/framework/src/NewElement.js
  -> http://localhost:8081/aptana/samples/rss-sample/index.html

01:10:20 12/24/2025 [ 32928] [TRACE] [JS Framework] [Includer.setRunat] Set runat='server' on function named 'NumberValue'
stack:
  ->  [ModuleLogger.js:98] trace("Set runat='server' on function named 'NumberValue'")
  ->  [Includer.js:345] setRunat("NumberValue",10,[object Array])
  ->  [Includer.js:336] load("http://localhost:8081/aptana/samples/rss-sample/lib/ajaxslt-0.8.1/xpath.js",[object ChromeWindow],"server",false,false,false)
  ->  [NewElement.js:67] load("tempLoad_0.374953560049291261766502620453")
  ->  [index.html:23] <no name>
paths:
  -> file:///E:/Aptana%20Jaxer%20Apache/Jaxer/Apache2-4Build/jaxer/framework/src/ModuleLogger.js
  -> file:///E:/Aptana%20Jaxer%20Apache/Jaxer/Apache2-4Build/jaxer/framework/src/Includer.js
  -> file:///E:/Aptana%20Jaxer%20Apache/Jaxer/Apache2-4Build/jaxer/framework/src/NewElement.js
  -> http://localhost:8081/aptana/samples/rss-sample/index.html

01:10:20 12/24/2025 [ 32928] [TRACE] [JS Framework] [Includer.setRunat] Set runat='server' on function named 'NodeSetValue'
stack:
  ->  [ModuleLogger.js:98] trace("Set runat='server' on function named 'NodeSetValue'")
  ->  [Includer.js:345] setRunat("NodeSetValue",11,[object Array])
  ->  [Includer.js:336] load("http://localhost:8081/aptana/samples/rss-sample/lib/ajaxslt-0.8.1/xpath.js",[object ChromeWindow],"server",false,false,false)
  ->  [NewElement.js:67] load("tempLoad_0.374953560049291261766502620453")
  ->  [index.html:23] <no name>
paths:
  -> file:///E:/Aptana%20Jaxer%20Apache/Jaxer/Apache2-4Build/jaxer/framework/src/ModuleLogger.js
  -> file:///E:/Aptana%20Jaxer%20Apache/Jaxer/Apache2-4Build/jaxer/framework/src/Includer.js
  -> file:///E:/Aptana%20Jaxer%20Apache/Jaxer/Apache2-4Build/jaxer/framework/src/NewElement.js
  -> http://localhost:8081/aptana/samples/rss-sample/index.html

01:10:20 12/24/2025 [ 32928] [TRACE] [JS Framework] [Includer.setRunat] Set runat='server' on function named 'TokenExpr'
stack:
  ->  [ModuleLogger.js:98] trace("Set runat='server' on function named 'TokenExpr'")
  ->  [Includer.js:345] setRunat("TokenExpr",12,[object Array])
  ->  [Includer.js:336] load("http://localhost:8081/aptana/samples/rss-sample/lib/ajaxslt-0.8.1/xpath.js",[object ChromeWindow],"server",false,false,false)
  ->  [NewElement.js:67] load("tempLoad_0.374953560049291261766502620453")
  ->  [index.html:23] <no name>
paths:
  -> file:///E:/Aptana%20Jaxer%20Apache/Jaxer/Apache2-4Build/jaxer/framework/src/ModuleLogger.js
  -> file:///E:/Aptana%20Jaxer%20Apache/Jaxer/Apache2-4Build/jaxer/framework/src/Includer.js
  -> file:///E:/Aptana%20Jaxer%20Apache/Jaxer/Apache2-4Build/jaxer/framework/src/NewElement.js
  -> http://localhost:8081/aptana/samples/rss-sample/index.html

01:10:20 12/24/2025 [ 32928] [TRACE] [JS Framework] [Includer.setRunat] Set runat='server' on function named 'LocationExpr'
stack:
  ->  [ModuleLogger.js:98] trace("Set runat='server' on function named 'LocationExpr'")
  ->  [Includer.js:345] setRunat("LocationExpr",13,[object Array])
  ->  [Includer.js:336] load("http://localhost:8081/aptana/samples/rss-sample/lib/ajaxslt-0.8.1/xpath.js",[object ChromeWindow],"server",false,false,false)
  ->  [NewElement.js:67] load("tempLoad_0.374953560049291261766502620453")
  ->  [index.html:23] <no name>
paths:
  -> file:///E:/Aptana%20Jaxer%20Apache/Jaxer/Apache2-4Build/jaxer/framework/src/ModuleLogger.js
  -> file:///E:/Aptana%20Jaxer%20Apache/Jaxer/Apache2-4Build/jaxer/framework/src/Includer.js
  -> file:///E:/Aptana%20Jaxer%20Apache/Jaxer/Apache2-4Build/jaxer/framework/src/NewElement.js
  -> http://localhost:8081/aptana/samples/rss-sample/index.html

01:10:20 12/24/2025 [ 32928] [TRACE] [JS Framework] [Includer.setRunat] Set runat='server' on function named 'xPathStep'
stack:
  ->  [ModuleLogger.js:98] trace("Set runat='server' on function named 'xPathStep'")
  ->  [Includer.js:345] setRunat("xPathStep",14,[object Array])
  ->  [Includer.js:336] load("http://localhost:8081/aptana/samples/rss-sample/lib/ajaxslt-0.8.1/xpath.js",[object ChromeWindow],"server",false,false,false)
  ->  [NewElement.js:67] load("tempLoad_0.374953560049291261766502620453")
  ->  [index.html:23] <no name>
paths:
  -> file:///E:/Aptana%20Jaxer%20Apache/Jaxer/Apache2-4Build/jaxer/framework/src/ModuleLogger.js
  -> file:///E:/Aptana%20Jaxer%20Apache/Jaxer/Apache2-4Build/jaxer/framework/src/Includer.js
  -> file:///E:/Aptana%20Jaxer%20Apache/Jaxer/Apache2-4Build/jaxer/framework/src/NewElement.js
  -> http://localhost:8081/aptana/samples/rss-sample/index.html

01:10:20 12/24/2025 [ 32928] [TRACE] [JS Framework] [Includer.setRunat] Set runat='server' on function named 'StepExpr'
stack:
  ->  [ModuleLogger.js:98] trace("Set runat='server' on function named 'StepExpr'")
  ->  [Includer.js:345] setRunat("StepExpr",15,[object Array])
  ->  [Includer.js:336] load("http://localhost:8081/aptana/samples/rss-sample/lib/ajaxslt-0.8.1/xpath.js",[object ChromeWindow],"server",false,false,false)
  ->  [NewElement.js:67] load("tempLoad_0.374953560049291261766502620453")
  ->  [index.html:23] <no name>
paths:
  -> file:///E:/Aptana%20Jaxer%20Apache/Jaxer/Apache2-4Build/jaxer/framework/src/ModuleLogger.js
  -> file:///E:/Aptana%20Jaxer%20Apache/Jaxer/Apache2-4Build/jaxer/framework/src/Includer.js
  -> file:///E:/Aptana%20Jaxer%20Apache/Jaxer/Apache2-4Build/jaxer/framework/src/NewElement.js
  -> http://localhost:8081/aptana/samples/rss-sample/index.html

01:10:20 12/24/2025 [ 32928] [TRACE] [JS Framework] [Includer.setRunat] Set runat='server' on function named 'NodeTestAny'
stack:
  ->  [ModuleLogger.js:98] trace("Set runat='server' on function named 'NodeTestAny'")
  ->  [Includer.js:345] setRunat("NodeTestAny",16,[object Array])
  ->  [Includer.js:336] load("http://localhost:8081/aptana/samples/rss-sample/lib/ajaxslt-0.8.1/xpath.js",[object ChromeWindow],"server",false,false,false)
  ->  [NewElement.js:67] load("tempLoad_0.374953560049291261766502620453")
  ->  [index.html:23] <no name>
paths:
  -> file:///E:/Aptana%20Jaxer%20Apache/Jaxer/Apache2-4Build/jaxer/framework/src/ModuleLogger.js
  -> file:///E:/Aptana%20Jaxer%20Apache/Jaxer/Apache2-4Build/jaxer/framework/src/Includer.js
  -> file:///E:/Aptana%20Jaxer%20Apache/Jaxer/Apache2-4Build/jaxer/framework/src/NewElement.js
  -> http://localhost:8081/aptana/samples/rss-sample/index.html

01:10:20 12/24/2025 [ 32928] [TRACE] [JS Framework] [Includer.setRunat] Set runat='server' on function named 'NodeTestElementOrAttribute'
stack:
  ->  [ModuleLogger.js:98] trace("Set runat='server' on function named 'NodeTestElementOrAttribute'")
  ->  [Includer.js:345] setRunat("NodeTestElementOrAttribute",17,[object Array])
  ->  [Includer.js:336] load("http://localhost:8081/aptana/samples/rss-sample/lib/ajaxslt-0.8.1/xpath.js",[object ChromeWindow],"server",false,false,false)
  ->  [NewElement.js:67] load("tempLoad_0.374953560049291261766502620453")
  ->  [index.html:23] <no name>
paths:
  -> file:///E:/Aptana%20Jaxer%20Apache/Jaxer/Apache2-4Build/jaxer/framework/src/ModuleLogger.js
  -> file:///E:/Aptana%20Jaxer%20Apache/Jaxer/Apache2-4Build/jaxer/framework/src/Includer.js
  -> file:///E:/Aptana%20Jaxer%20Apache/Jaxer/Apache2-4Build/jaxer/framework/src/NewElement.js
  -> http://localhost:8081/aptana/samples/rss-sample/index.html

01:10:20 12/24/2025 [ 32928] [TRACE] [JS Framework] [Includer.setRunat] Set runat='server' on function named 'NodeTestText'
stack:
  ->  [ModuleLogger.js:98] trace("Set runat='server' on function named 'NodeTestText'")
  ->  [Includer.js:345] setRunat("NodeTestText",18,[object Array])
  ->  [Includer.js:336] load("http://localhost:8081/aptana/samples/rss-sample/lib/ajaxslt-0.8.1/xpath.js",[object ChromeWindow],"server",false,false,false)
  ->  [NewElement.js:67] load("tempLoad_0.374953560049291261766502620453")
  ->  [index.html:23] <no name>
paths:
  -> file:///E:/Aptana%20Jaxer%20Apache/Jaxer/Apache2-4Build/jaxer/framework/src/ModuleLogger.js
  -> file:///E:/Aptana%20Jaxer%20Apache/Jaxer/Apache2-4Build/jaxer/framework/src/Includer.js
  -> file:///E:/Aptana%20Jaxer%20Apache/Jaxer/Apache2-4Build/jaxer/framework/src/NewElement.js
  -> http://localhost:8081/aptana/samples/rss-sample/index.html

01:10:20 12/24/2025 [ 32928] [TRACE] [JS Framework] [Includer.setRunat] Set runat='server' on function named 'NodeTestComment'
stack:
  ->  [ModuleLogger.js:98] trace("Set runat='server' on function named 'NodeTestComment'")
  ->  [Includer.js:345] setRunat("NodeTestComment",19,[object Array])
  ->  [Includer.js:336] load("http://localhost:8081/aptana/samples/rss-sample/lib/ajaxslt-0.8.1/xpath.js",[object ChromeWindow],"server",false,false,false)
  ->  [NewElement.js:67] load("tempLoad_0.374953560049291261766502620453")
  ->  [index.html:23] <no name>
paths:
  -> file:///E:/Aptana%20Jaxer%20Apache/Jaxer/Apache2-4Build/jaxer/framework/src/ModuleLogger.js
  -> file:///E:/Aptana%20Jaxer%20Apache/Jaxer/Apache2-4Build/jaxer/framework/src/Includer.js
  -> file:///E:/Aptana%20Jaxer%20Apache/Jaxer/Apache2-4Build/jaxer/framework/src/NewElement.js
  -> http://localhost:8081/aptana/samples/rss-sample/index.html

01:10:20 12/24/2025 [ 32928] [TRACE] [JS Framework] [Includer.setRunat] Set runat='server' on function named 'NodeTestPI'
stack:
  ->  [ModuleLogger.js:98] trace("Set runat='server' on function named 'NodeTestPI'")
  ->  [Includer.js:345] setRunat("NodeTestPI",20,[object Array])
  ->  [Includer.js:336] load("http://localhost:8081/aptana/samples/rss-sample/lib/ajaxslt-0.8.1/xpath.js",[object ChromeWindow],"server",false,false,false)
  ->  [NewElement.js:67] load("tempLoad_0.374953560049291261766502620453")
  ->  [index.html:23] <no name>
paths:
  -> file:///E:/Aptana%20Jaxer%20Apache/Jaxer/Apache2-4Build/jaxer/framework/src/ModuleLogger.js
  -> file:///E:/Aptana%20Jaxer%20Apache/Jaxer/Apache2-4Build/jaxer/framework/src/Includer.js
  -> file:///E:/Aptana%20Jaxer%20Apache/Jaxer/Apache2-4Build/jaxer/framework/src/NewElement.js
  -> http://localhost:8081/aptana/samples/rss-sample/index.html

01:10:20 12/24/2025 [ 32928] [TRACE] [JS Framework] [Includer.setRunat] Set runat='server' on function named 'NodeTestNC'
stack:
  ->  [ModuleLogger.js:98] trace("Set runat='server' on function named 'NodeTestNC'")
  ->  [Includer.js:345] setRunat("NodeTestNC",21,[object Array])
  ->  [Includer.js:336] load("http://localhost:8081/aptana/samples/rss-sample/lib/ajaxslt-0.8.1/xpath.js",[object ChromeWindow],"server",false,false,false)
  ->  [NewElement.js:67] load("tempLoad_0.374953560049291261766502620453")
  ->  [index.html:23] <no name>
paths:
  -> file:///E:/Aptana%20Jaxer%20Apache/Jaxer/Apache2-4Build/jaxer/framework/src/ModuleLogger.js
  -> file:///E:/Aptana%20Jaxer%20Apache/Jaxer/Apache2-4Build/jaxer/framework/src/Includer.js
  -> file:///E:/Aptana%20Jaxer%20Apache/Jaxer/Apache2-4Build/jaxer/framework/src/NewElement.js
  -> http://localhost:8081/aptana/samples/rss-sample/index.html

01:10:20 12/24/2025 [ 32928] [TRACE] [JS Framework] [Includer.setRunat] Set runat='server' on function named 'NodeTestName'
stack:
  ->  [ModuleLogger.js:98] trace("Set runat='server' on function named 'NodeTestName'")
  ->  [Includer.js:345] setRunat("NodeTestName",22,[object Array])
  ->  [Includer.js:336] load("http://localhost:8081/aptana/samples/rss-sample/lib/ajaxslt-0.8.1/xpath.js",[object ChromeWindow],"server",false,false,false)
  ->  [NewElement.js:67] load("tempLoad_0.374953560049291261766502620453")
  ->  [index.html:23] <no name>
paths:
  -> file:///E:/Aptana%20Jaxer%20Apache/Jaxer/Apache2-4Build/jaxer/framework/src/ModuleLogger.js
  -> file:///E:/Aptana%20Jaxer%20Apache/Jaxer/Apache2-4Build/jaxer/framework/src/Includer.js
  -> file:///E:/Aptana%20Jaxer%20Apache/Jaxer/Apache2-4Build/jaxer/framework/src/NewElement.js
  -> http://localhost:8081/aptana/samples/rss-sample/index.html

01:10:20 12/24/2025 [ 32928] [TRACE] [JS Framework] [Includer.setRunat] Set runat='server' on function named 'PredicateExpr'
stack:
  ->  [ModuleLogger.js:98] trace("Set runat='server' on function named 'PredicateExpr'")
  ->  [Includer.js:345] setRunat("PredicateExpr",23,[object Array])
  ->  [Includer.js:336] load("http://localhost:8081/aptana/samples/rss-sample/lib/ajaxslt-0.8.1/xpath.js",[object ChromeWindow],"server",false,false,false)
  ->  [NewElement.js:67] load("tempLoad_0.374953560049291261766502620453")
  ->  [index.html:23] <no name>
paths:
  -> file:///E:/Aptana%20Jaxer%20Apache/Jaxer/Apache2-4Build/jaxer/framework/src/ModuleLogger.js
  -> file:///E:/Aptana%20Jaxer%20Apache/Jaxer/Apache2-4Build/jaxer/framework/src/Includer.js
  -> file:///E:/Aptana%20Jaxer%20Apache/Jaxer/Apache2-4Build/jaxer/framework/src/NewElement.js
  -> http://localhost:8081/aptana/samples/rss-sample/index.html

01:10:20 12/24/2025 [ 32928] [TRACE] [JS Framework] [Includer.setRunat] Set runat='server' on function named 'FunctionCallExpr'
stack:
  ->  [ModuleLogger.js:98] trace("Set runat='server' on function named 'FunctionCallExpr'")
  ->  [Includer.js:345] setRunat("FunctionCallExpr",24,[object Array])
  ->  [Includer.js:336] load("http://localhost:8081/aptana/samples/rss-sample/lib/ajaxslt-0.8.1/xpath.js",[object ChromeWindow],"server",false,false,false)
  ->  [NewElement.js:67] load("tempLoad_0.374953560049291261766502620453")
  ->  [index.html:23] <no name>
paths:
  -> file:///E:/Aptana%20Jaxer%20Apache/Jaxer/Apache2-4Build/jaxer/framework/src/ModuleLogger.js
  -> file:///E:/Aptana%20Jaxer%20Apache/Jaxer/Apache2-4Build/jaxer/framework/src/Includer.js
  -> file:///E:/Aptana%20Jaxer%20Apache/Jaxer/Apache2-4Build/jaxer/framework/src/NewElement.js
  -> http://localhost:8081/aptana/samples/rss-sample/index.html

01:10:20 12/24/2025 [ 32928] [TRACE] [JS Framework] [Includer.setRunat] Set runat='server' on function named 'UnionExpr'
stack:
  ->  [ModuleLogger.js:98] trace("Set runat='server' on function named 'UnionExpr'")
  ->  [Includer.js:345] setRunat("UnionExpr",25,[object Array])
  ->  [Includer.js:336] load("http://localhost:8081/aptana/samples/rss-sample/lib/ajaxslt-0.8.1/xpath.js",[object ChromeWindow],"server",false,false,false)
  ->  [NewElement.js:67] load("tempLoad_0.374953560049291261766502620453")
  ->  [index.html:23] <no name>
paths:
  -> file:///E:/Aptana%20Jaxer%20Apache/Jaxer/Apache2-4Build/jaxer/framework/src/ModuleLogger.js
  -> file:///E:/Aptana%20Jaxer%20Apache/Jaxer/Apache2-4Build/jaxer/framework/src/Includer.js
  -> file:///E:/Aptana%20Jaxer%20Apache/Jaxer/Apache2-4Build/jaxer/framework/src/NewElement.js
  -> http://localhost:8081/aptana/samples/rss-sample/index.html

01:10:20 12/24/2025 [ 32928] [TRACE] [JS Framework] [Includer.setRunat] Set runat='server' on function named 'PathExpr'
stack:
  ->  [ModuleLogger.js:98] trace("Set runat='server' on function named 'PathExpr'")
  ->  [Includer.js:345] setRunat("PathExpr",26,[object Array])
  ->  [Includer.js:336] load("http://localhost:8081/aptana/samples/rss-sample/lib/ajaxslt-0.8.1/xpath.js",[object ChromeWindow],"server",false,false,false)
  ->  [NewElement.js:67] load("tempLoad_0.374953560049291261766502620453")
  ->  [index.html:23] <no name>
paths:
  -> file:///E:/Aptana%20Jaxer%20Apache/Jaxer/Apache2-4Build/jaxer/framework/src/ModuleLogger.js
  -> file:///E:/Aptana%20Jaxer%20Apache/Jaxer/Apache2-4Build/jaxer/framework/src/Includer.js
  -> file:///E:/Aptana%20Jaxer%20Apache/Jaxer/Apache2-4Build/jaxer/framework/src/NewElement.js
  -> http://localhost:8081/aptana/samples/rss-sample/index.html

01:10:20 12/24/2025 [ 32928] [TRACE] [JS Framework] [Includer.setRunat] Set runat='server' on function named 'FilterExpr'
stack:
  ->  [ModuleLogger.js:98] trace("Set runat='server' on function named 'FilterExpr'")
  ->  [Includer.js:345] setRunat("FilterExpr",27,[object Array])
  ->  [Includer.js:336] load("http://localhost:8081/aptana/samples/rss-sample/lib/ajaxslt-0.8.1/xpath.js",[object ChromeWindow],"server",false,false,false)
  ->  [NewElement.js:67] load("tempLoad_0.374953560049291261766502620453")
  ->  [index.html:23] <no name>
paths:
  -> file:///E:/Aptana%20Jaxer%20Apache/Jaxer/Apache2-4Build/jaxer/framework/src/ModuleLogger.js
  -> file:///E:/Aptana%20Jaxer%20Apache/Jaxer/Apache2-4Build/jaxer/framework/src/Includer.js
  -> file:///E:/Aptana%20Jaxer%20Apache/Jaxer/Apache2-4Build/jaxer/framework/src/NewElement.js
  -> http://localhost:8081/aptana/samples/rss-sample/index.html

01:10:20 12/24/2025 [ 32928] [TRACE] [JS Framework] [Includer.setRunat] Set runat='server' on function named 'UnaryMinusExpr'
stack:
  ->  [ModuleLogger.js:98] trace("Set runat='server' on function named 'UnaryMinusExpr'")
  ->  [Includer.js:345] setRunat("UnaryMinusExpr",28,[object Array])
  ->  [Includer.js:336] load("http://localhost:8081/aptana/samples/rss-sample/lib/ajaxslt-0.8.1/xpath.js",[object ChromeWindow],"server",false,false,false)
  ->  [NewElement.js:67] load("tempLoad_0.374953560049291261766502620453")
  ->  [index.html:23] <no name>
paths:
  -> file:///E:/Aptana%20Jaxer%20Apache/Jaxer/Apache2-4Build/jaxer/framework/src/ModuleLogger.js
  -> file:///E:/Aptana%20Jaxer%20Apache/Jaxer/Apache2-4Build/jaxer/framework/src/Includer.js
  -> file:///E:/Aptana%20Jaxer%20Apache/Jaxer/Apache2-4Build/jaxer/framework/src/NewElement.js
  -> http://localhost:8081/aptana/samples/rss-sample/index.html

01:10:20 12/24/2025 [ 32928] [TRACE] [JS Framework] [Includer.setRunat] Set runat='server' on function named 'BinaryExpr'
stack:
  ->  [ModuleLogger.js:98] trace("Set runat='server' on function named 'BinaryExpr'")
  ->  [Includer.js:345] setRunat("BinaryExpr",29,[object Array])
  ->  [Includer.js:336] load("http://localhost:8081/aptana/samples/rss-sample/lib/ajaxslt-0.8.1/xpath.js",[object ChromeWindow],"server",false,false,false)
  ->  [NewElement.js:67] load("tempLoad_0.374953560049291261766502620453")
  ->  [index.html:23] <no name>
paths:
  -> file:///E:/Aptana%20Jaxer%20Apache/Jaxer/Apache2-4Build/jaxer/framework/src/ModuleLogger.js
  -> file:///E:/Aptana%20Jaxer%20Apache/Jaxer/Apache2-4Build/jaxer/framework/src/Includer.js
  -> file:///E:/Aptana%20Jaxer%20Apache/Jaxer/Apache2-4Build/jaxer/framework/src/NewElement.js
  -> http://localhost:8081/aptana/samples/rss-sample/index.html

01:10:20 12/24/2025 [ 32928] [TRACE] [JS Framework] [Includer.setRunat] Set runat='server' on function named 'LiteralExpr'
stack:
  ->  [ModuleLogger.js:98] trace("Set runat='server' on function named 'LiteralExpr'")
  ->  [Includer.js:345] setRunat("LiteralExpr",30,[object Array])
  ->  [Includer.js:336] load("http://localhost:8081/aptana/samples/rss-sample/lib/ajaxslt-0.8.1/xpath.js",[object ChromeWindow],"server",false,false,false)
  ->  [NewElement.js:67] load("tempLoad_0.374953560049291261766502620453")
  ->  [index.html:23] <no name>
paths:
  -> file:///E:/Aptana%20Jaxer%20Apache/Jaxer/Apache2-4Build/jaxer/framework/src/ModuleLogger.js
  -> file:///E:/Aptana%20Jaxer%20Apache/Jaxer/Apache2-4Build/jaxer/framework/src/Includer.js
  -> file:///E:/Aptana%20Jaxer%20Apache/Jaxer/Apache2-4Build/jaxer/framework/src/NewElement.js
  -> http://localhost:8081/aptana/samples/rss-sample/index.html

01:10:20 12/24/2025 [ 32928] [TRACE] [JS Framework] [Includer.setRunat] Set runat='server' on function named 'NumberExpr'
stack:
  ->  [ModuleLogger.js:98] trace("Set runat='server' on function named 'NumberExpr'")
  ->  [Includer.js:345] setRunat("NumberExpr",31,[object Array])
  ->  [Includer.js:336] load("http://localhost:8081/aptana/samples/rss-sample/lib/ajaxslt-0.8.1/xpath.js",[object ChromeWindow],"server",false,false,false)
  ->  [NewElement.js:67] load("tempLoad_0.374953560049291261766502620453")
  ->  [index.html:23] <no name>
paths:
  -> file:///E:/Aptana%20Jaxer%20Apache/Jaxer/Apache2-4Build/jaxer/framework/src/ModuleLogger.js
  -> file:///E:/Aptana%20Jaxer%20Apache/Jaxer/Apache2-4Build/jaxer/framework/src/Includer.js
  -> file:///E:/Aptana%20Jaxer%20Apache/Jaxer/Apache2-4Build/jaxer/framework/src/NewElement.js
  -> http://localhost:8081/aptana/samples/rss-sample/index.html

01:10:20 12/24/2025 [ 32928] [TRACE] [JS Framework] [Includer.setRunat] Set runat='server' on function named 'VariableExpr'
stack:
  ->  [ModuleLogger.js:98] trace("Set runat='server' on function named 'VariableExpr'")
  ->  [Includer.js:345] setRunat("VariableExpr",32,[object Array])
  ->  [Includer.js:336] load("http://localhost:8081/aptana/samples/rss-sample/lib/ajaxslt-0.8.1/xpath.js",[object ChromeWindow],"server",false,false,false)
  ->  [NewElement.js:67] load("tempLoad_0.374953560049291261766502620453")
  ->  [index.html:23] <no name>
paths:
  -> file:///E:/Aptana%20Jaxer%20Apache/Jaxer/Apache2-4Build/jaxer/framework/src/ModuleLogger.js
  -> file:///E:/Aptana%20Jaxer%20Apache/Jaxer/Apache2-4Build/jaxer/framework/src/Includer.js
  -> file:///E:/Aptana%20Jaxer%20Apache/Jaxer/Apache2-4Build/jaxer/framework/src/NewElement.js
  -> http://localhost:8081/aptana/samples/rss-sample/index.html

01:10:20 12/24/2025 [ 32928] [TRACE] [JS Framework] [Includer.setRunat] Set runat='server' on function named 'makeTokenExpr'
stack:
  ->  [ModuleLogger.js:98] trace("Set runat='server' on function named 'makeTokenExpr'")
  ->  [Includer.js:345] setRunat("makeTokenExpr",33,[object Array])
  ->  [Includer.js:336] load("http://localhost:8081/aptana/samples/rss-sample/lib/ajaxslt-0.8.1/xpath.js",[object ChromeWindow],"server",false,false,false)
  ->  [NewElement.js:67] load("tempLoad_0.374953560049291261766502620453")
  ->  [index.html:23] <no name>
paths:
  -> file:///E:/Aptana%20Jaxer%20Apache/Jaxer/Apache2-4Build/jaxer/framework/src/ModuleLogger.js
  -> file:///E:/Aptana%20Jaxer%20Apache/Jaxer/Apache2-4Build/jaxer/framework/src/Includer.js
  -> file:///E:/Aptana%20Jaxer%20Apache/Jaxer/Apache2-4Build/jaxer/framework/src/NewElement.js
  -> http://localhost:8081/aptana/samples/rss-sample/index.html

01:10:20 12/24/2025 [ 32928] [TRACE] [JS Framework] [Includer.setRunat] Set runat='server' on function named 'passExpr'
stack:
  ->  [ModuleLogger.js:98] trace("Set runat='server' on function named 'passExpr'")
  ->  [Includer.js:345] setRunat("passExpr",34,[object Array])
  ->  [Includer.js:336] load("http://localhost:8081/aptana/samples/rss-sample/lib/ajaxslt-0.8.1/xpath.js",[object ChromeWindow],"server",false,false,false)
  ->  [NewElement.js:67] load("tempLoad_0.374953560049291261766502620453")
  ->  [index.html:23] <no name>
paths:
  -> file:///E:/Aptana%20Jaxer%20Apache/Jaxer/Apache2-4Build/jaxer/framework/src/ModuleLogger.js
  -> file:///E:/Aptana%20Jaxer%20Apache/Jaxer/Apache2-4Build/jaxer/framework/src/Includer.js
  -> file:///E:/Aptana%20Jaxer%20Apache/Jaxer/Apache2-4Build/jaxer/framework/src/NewElement.js
  -> http://localhost:8081/aptana/samples/rss-sample/index.html

01:10:20 12/24/2025 [ 32928] [TRACE] [JS Framework] [Includer.setRunat] Set runat='server' on function named 'makeLocationExpr1'
stack:
  ->  [ModuleLogger.js:98] trace("Set runat='server' on function named 'makeLocationExpr1'")
  ->  [Includer.js:345] setRunat("makeLocationExpr1",35,[object Array])
  ->  [Includer.js:336] load("http://localhost:8081/aptana/samples/rss-sample/lib/ajaxslt-0.8.1/xpath.js",[object ChromeWindow],"server",false,false,false)
  ->  [NewElement.js:67] load("tempLoad_0.374953560049291261766502620453")
  ->  [index.html:23] <no name>
paths:
  -> file:///E:/Aptana%20Jaxer%20Apache/Jaxer/Apache2-4Build/jaxer/framework/src/ModuleLogger.js
  -> file:///E:/Aptana%20Jaxer%20Apache/Jaxer/Apache2-4Build/jaxer/framework/src/Includer.js
  -> file:///E:/Aptana%20Jaxer%20Apache/Jaxer/Apache2-4Build/jaxer/framework/src/NewElement.js
  -> http://localhost:8081/aptana/samples/rss-sample/index.html

01:10:20 12/24/2025 [ 32928] [TRACE] [JS Framework] [Includer.setRunat] Set runat='server' on function named 'makeLocationExpr2'
stack:
  ->  [ModuleLogger.js:98] trace("Set runat='server' on function named 'makeLocationExpr2'")
  ->  [Includer.js:345] setRunat("makeLocationExpr2",36,[object Array])
  ->  [Includer.js:336] load("http://localhost:8081/aptana/samples/rss-sample/lib/ajaxslt-0.8.1/xpath.js",[object ChromeWindow],"server",false,false,false)
  ->  [NewElement.js:67] load("tempLoad_0.374953560049291261766502620453")
  ->  [index.html:23] <no name>
paths:
  -> file:///E:/Aptana%20Jaxer%20Apache/Jaxer/Apache2-4Build/jaxer/framework/src/ModuleLogger.js
  -> file:///E:/Aptana%20Jaxer%20Apache/Jaxer/Apache2-4Build/jaxer/framework/src/Includer.js
  -> file:///E:/Aptana%20Jaxer%20Apache/Jaxer/Apache2-4Build/jaxer/framework/src/NewElement.js
  -> http://localhost:8081/aptana/samples/rss-sample/index.html

01:10:20 12/24/2025 [ 32928] [TRACE] [JS Framework] [Includer.setRunat] Set runat='server' on function named 'makeLocationExpr3'
stack:
  ->  [ModuleLogger.js:98] trace("Set runat='server' on function named 'makeLocationExpr3'")
  ->  [Includer.js:345] setRunat("makeLocationExpr3",37,[object Array])
  ->  [Includer.js:336] load("http://localhost:8081/aptana/samples/rss-sample/lib/ajaxslt-0.8.1/xpath.js",[object ChromeWindow],"server",false,false,false)
  ->  [NewElement.js:67] load("tempLoad_0.374953560049291261766502620453")
  ->  [index.html:23] <no name>
paths:
  -> file:///E:/Aptana%20Jaxer%20Apache/Jaxer/Apache2-4Build/jaxer/framework/src/ModuleLogger.js
  -> file:///E:/Aptana%20Jaxer%20Apache/Jaxer/Apache2-4Build/jaxer/framework/src/Includer.js
  -> file:///E:/Aptana%20Jaxer%20Apache/Jaxer/Apache2-4Build/jaxer/framework/src/NewElement.js
  -> http://localhost:8081/aptana/samples/rss-sample/index.html

01:10:20 12/24/2025 [ 32928] [TRACE] [JS Framework] [Includer.setRunat] Set runat='server' on function named 'makeLocationExpr4'
stack:
  ->  [ModuleLogger.js:98] trace("Set runat='server' on function named 'makeLocationExpr4'")
  ->  [Includer.js:345] setRunat("makeLocationExpr4",38,[object Array])
  ->  [Includer.js:336] load("http://localhost:8081/aptana/samples/rss-sample/lib/ajaxslt-0.8.1/xpath.js",[object ChromeWindow],"server",false,false,false)
  ->  [NewElement.js:67] load("tempLoad_0.374953560049291261766502620453")
  ->  [index.html:23] <no name>
paths:
  -> file:///E:/Aptana%20Jaxer%20Apache/Jaxer/Apache2-4Build/jaxer/framework/src/ModuleLogger.js
  -> file:///E:/Aptana%20Jaxer%20Apache/Jaxer/Apache2-4Build/jaxer/framework/src/Includer.js
  -> file:///E:/Aptana%20Jaxer%20Apache/Jaxer/Apache2-4Build/jaxer/framework/src/NewElement.js
  -> http://localhost:8081/aptana/samples/rss-sample/index.html

01:10:20 12/24/2025 [ 32928] [TRACE] [JS Framework] [Includer.setRunat] Set runat='server' on function named 'makeLocationExpr5'
stack:
  ->  [ModuleLogger.js:98] trace("Set runat='server' on function named 'makeLocationExpr5'")
  ->  [Includer.js:345] setRunat("makeLocationExpr5",39,[object Array])
  ->  [Includer.js:336] load("http://localhost:8081/aptana/samples/rss-sample/lib/ajaxslt-0.8.1/xpath.js",[object ChromeWindow],"server",false,false,false)
  ->  [NewElement.js:67] load("tempLoad_0.374953560049291261766502620453")
  ->  [index.html:23] <no name>
paths:
  -> file:///E:/Aptana%20Jaxer%20Apache/Jaxer/Apache2-4Build/jaxer/framework/src/ModuleLogger.js
  -> file:///E:/Aptana%20Jaxer%20Apache/Jaxer/Apache2-4Build/jaxer/framework/src/Includer.js
  -> file:///E:/Aptana%20Jaxer%20Apache/Jaxer/Apache2-4Build/jaxer/framework/src/NewElement.js
  -> http://localhost:8081/aptana/samples/rss-sample/index.html

01:10:20 12/24/2025 [ 32928] [TRACE] [JS Framework] [Includer.setRunat] Set runat='server' on function named 'makeLocationExpr6'
stack:
  ->  [ModuleLogger.js:98] trace("Set runat='server' on function named 'makeLocationExpr6'")
  ->  [Includer.js:345] setRunat("makeLocationExpr6",40,[object Array])
  ->  [Includer.js:336] load("http://localhost:8081/aptana/samples/rss-sample/lib/ajaxslt-0.8.1/xpath.js",[object ChromeWindow],"server",false,false,false)
  ->  [NewElement.js:67] load("tempLoad_0.374953560049291261766502620453")
  ->  [index.html:23] <no name>
paths:
  -> file:///E:/Aptana%20Jaxer%20Apache/Jaxer/Apache2-4Build/jaxer/framework/src/ModuleLogger.js
  -> file:///E:/Aptana%20Jaxer%20Apache/Jaxer/Apache2-4Build/jaxer/framework/src/Includer.js
  -> file:///E:/Aptana%20Jaxer%20Apache/Jaxer/Apache2-4Build/jaxer/framework/src/NewElement.js
  -> http://localhost:8081/aptana/samples/rss-sample/index.html

01:10:20 12/24/2025 [ 32928] [TRACE] [JS Framework] [Includer.setRunat] Set runat='server' on function named 'makeLocationExpr7'
stack:
  ->  [ModuleLogger.js:98] trace("Set runat='server' on function named 'makeLocationExpr7'")
  ->  [Includer.js:345] setRunat("makeLocationExpr7",41,[object Array])
  ->  [Includer.js:336] load("http://localhost:8081/aptana/samples/rss-sample/lib/ajaxslt-0.8.1/xpath.js",[object ChromeWindow],"server",false,false,false)
  ->  [NewElement.js:67] load("tempLoad_0.374953560049291261766502620453")
  ->  [index.html:23] <no name>
paths:
  -> file:///E:/Aptana%20Jaxer%20Apache/Jaxer/Apache2-4Build/jaxer/framework/src/ModuleLogger.js
  -> file:///E:/Aptana%20Jaxer%20Apache/Jaxer/Apache2-4Build/jaxer/framework/src/Includer.js
  -> file:///E:/Aptana%20Jaxer%20Apache/Jaxer/Apache2-4Build/jaxer/framework/src/NewElement.js
  -> http://localhost:8081/aptana/samples/rss-sample/index.html

01:10:20 12/24/2025 [ 32928] [TRACE] [JS Framework] [Includer.setRunat] Set runat='server' on function named 'makeStepExpr1'
stack:
  ->  [ModuleLogger.js:98] trace("Set runat='server' on function named 'makeStepExpr1'")
  ->  [Includer.js:345] setRunat("makeStepExpr1",42,[object Array])
  ->  [Includer.js:336] load("http://localhost:8081/aptana/samples/rss-sample/lib/ajaxslt-0.8.1/xpath.js",[object ChromeWindow],"server",false,false,false)
  ->  [NewElement.js:67] load("tempLoad_0.374953560049291261766502620453")
  ->  [index.html:23] <no name>
paths:
  -> file:///E:/Aptana%20Jaxer%20Apache/Jaxer/Apache2-4Build/jaxer/framework/src/ModuleLogger.js
  -> file:///E:/Aptana%20Jaxer%20Apache/Jaxer/Apache2-4Build/jaxer/framework/src/Includer.js
  -> file:///E:/Aptana%20Jaxer%20Apache/Jaxer/Apache2-4Build/jaxer/framework/src/NewElement.js
  -> http://localhost:8081/aptana/samples/rss-sample/index.html

01:10:20 12/24/2025 [ 32928] [TRACE] [JS Framework] [Includer.setRunat] Set runat='server' on function named 'makeStepExpr2'
stack:
  ->  [ModuleLogger.js:98] trace("Set runat='server' on function named 'makeStepExpr2'")
  ->  [Includer.js:345] setRunat("makeStepExpr2",43,[object Array])
  ->  [Includer.js:336] load("http://localhost:8081/aptana/samples/rss-sample/lib/ajaxslt-0.8.1/xpath.js",[object ChromeWindow],"server",false,false,false)
  ->  [NewElement.js:67] load("tempLoad_0.374953560049291261766502620453")
  ->  [index.html:23] <no name>
paths:
  -> file:///E:/Aptana%20Jaxer%20Apache/Jaxer/Apache2-4Build/jaxer/framework/src/ModuleLogger.js
  -> file:///E:/Aptana%20Jaxer%20Apache/Jaxer/Apache2-4Build/jaxer/framework/src/Includer.js
  -> file:///E:/Aptana%20Jaxer%20Apache/Jaxer/Apache2-4Build/jaxer/framework/src/NewElement.js
  -> http://localhost:8081/aptana/samples/rss-sample/index.html

01:10:20 12/24/2025 [ 32928] [TRACE] [JS Framework] [Includer.setRunat] Set runat='server' on function named 'makeStepExpr3'
stack:
  ->  [ModuleLogger.js:98] trace("Set runat='server' on function named 'makeStepExpr3'")
  ->  [Includer.js:345] setRunat("makeStepExpr3",44,[object Array])
  ->  [Includer.js:336] load("http://localhost:8081/aptana/samples/rss-sample/lib/ajaxslt-0.8.1/xpath.js",[object ChromeWindow],"server",false,false,false)
  ->  [NewElement.js:67] load("tempLoad_0.374953560049291261766502620453")
  ->  [index.html:23] <no name>
paths:
  -> file:///E:/Aptana%20Jaxer%20Apache/Jaxer/Apache2-4Build/jaxer/framework/src/ModuleLogger.js
  -> file:///E:/Aptana%20Jaxer%20Apache/Jaxer/Apache2-4Build/jaxer/framework/src/Includer.js
  -> file:///E:/Aptana%20Jaxer%20Apache/Jaxer/Apache2-4Build/jaxer/framework/src/NewElement.js
  -> http://localhost:8081/aptana/samples/rss-sample/index.html

01:10:20 12/24/2025 [ 32928] [TRACE] [JS Framework] [Includer.setRunat] Set runat='server' on function named 'makeStepExpr4'
stack:
  ->  [ModuleLogger.js:98] trace("Set runat='server' on function named 'makeStepExpr4'")
  ->  [Includer.js:345] setRunat("makeStepExpr4",45,[object Array])
  ->  [Includer.js:336] load("http://localhost:8081/aptana/samples/rss-sample/lib/ajaxslt-0.8.1/xpath.js",[object ChromeWindow],"server",false,false,false)
  ->  [NewElement.js:67] load("tempLoad_0.374953560049291261766502620453")
  ->  [index.html:23] <no name>
paths:
  -> file:///E:/Aptana%20Jaxer%20Apache/Jaxer/Apache2-4Build/jaxer/framework/src/ModuleLogger.js
  -> file:///E:/Aptana%20Jaxer%20Apache/Jaxer/Apache2-4Build/jaxer/framework/src/Includer.js
  -> file:///E:/Aptana%20Jaxer%20Apache/Jaxer/Apache2-4Build/jaxer/framework/src/NewElement.js
  -> http://localhost:8081/aptana/samples/rss-sample/index.html

01:10:20 12/24/2025 [ 32928] [TRACE] [JS Framework] [Includer.setRunat] Set runat='server' on function named 'makeStepExpr5'
stack:
  ->  [ModuleLogger.js:98] trace("Set runat='server' on function named 'makeStepExpr5'")
  ->  [Includer.js:345] setRunat("makeStepExpr5",46,[object Array])
  ->  [Includer.js:336] load("http://localhost:8081/aptana/samples/rss-sample/lib/ajaxslt-0.8.1/xpath.js",[object ChromeWindow],"server",false,false,false)
  ->  [NewElement.js:67] load("tempLoad_0.374953560049291261766502620453")
  ->  [index.html:23] <no name>
paths:
  -> file:///E:/Aptana%20Jaxer%20Apache/Jaxer/Apache2-4Build/jaxer/framework/src/ModuleLogger.js
  -> file:///E:/Aptana%20Jaxer%20Apache/Jaxer/Apache2-4Build/jaxer/framework/src/Includer.js
  -> file:///E:/Aptana%20Jaxer%20Apache/Jaxer/Apache2-4Build/jaxer/framework/src/NewElement.js
  -> http://localhost:8081/aptana/samples/rss-sample/index.html

01:10:20 12/24/2025 [ 32928] [TRACE] [JS Framework] [Includer.setRunat] Set runat='server' on function named 'makeStepExpr6'
stack:
  ->  [ModuleLogger.js:98] trace("Set runat='server' on function named 'makeStepExpr6'")
  ->  [Includer.js:345] setRunat("makeStepExpr6",47,[object Array])
  ->  [Includer.js:336] load("http://localhost:8081/aptana/samples/rss-sample/lib/ajaxslt-0.8.1/xpath.js",[object ChromeWindow],"server",false,false,false)
  ->  [NewElement.js:67] load("tempLoad_0.374953560049291261766502620453")
  ->  [index.html:23] <no name>
paths:
  -> file:///E:/Aptana%20Jaxer%20Apache/Jaxer/Apache2-4Build/jaxer/framework/src/ModuleLogger.js
  -> file:///E:/Aptana%20Jaxer%20Apache/Jaxer/Apache2-4Build/jaxer/framework/src/Includer.js
  -> file:///E:/Aptana%20Jaxer%20Apache/Jaxer/Apache2-4Build/jaxer/framework/src/NewElement.js
  -> http://localhost:8081/aptana/samples/rss-sample/index.html

01:10:20 12/24/2025 [ 32928] [TRACE] [JS Framework] [Includer.setRunat] Set runat='server' on function named 'makeAbbrevStep'
stack:
  ->  [ModuleLogger.js:98] trace("Set runat='server' on function named 'makeAbbrevStep'")
  ->  [Includer.js:345] setRunat("makeAbbrevStep",48,[object Array])
  ->  [Includer.js:336] load("http://localhost:8081/aptana/samples/rss-sample/lib/ajaxslt-0.8.1/xpath.js",[object ChromeWindow],"server",false,false,false)
  ->  [NewElement.js:67] load("tempLoad_0.374953560049291261766502620453")
  ->  [index.html:23] <no name>
paths:
  -> file:///E:/Aptana%20Jaxer%20Apache/Jaxer/Apache2-4Build/jaxer/framework/src/ModuleLogger.js
  -> file:///E:/Aptana%20Jaxer%20Apache/Jaxer/Apache2-4Build/jaxer/framework/src/Includer.js
  -> file:///E:/Aptana%20Jaxer%20Apache/Jaxer/Apache2-4Build/jaxer/framework/src/NewElement.js
  -> http://localhost:8081/aptana/samples/rss-sample/index.html

01:10:20 12/24/2025 [ 32928] [TRACE] [JS Framework] [Includer.setRunat] Set runat='server' on function named 'makeNodeTestExpr1'
stack:
  ->  [ModuleLogger.js:98] trace("Set runat='server' on function named 'makeNodeTestExpr1'")
  ->  [Includer.js:345] setRunat("makeNodeTestExpr1",49,[object Array])
  ->  [Includer.js:336] load("http://localhost:8081/aptana/samples/rss-sample/lib/ajaxslt-0.8.1/xpath.js",[object ChromeWindow],"server",false,false,false)
  ->  [NewElement.js:67] load("tempLoad_0.374953560049291261766502620453")
  ->  [index.html:23] <no name>
paths:
  -> file:///E:/Aptana%20Jaxer%20Apache/Jaxer/Apache2-4Build/jaxer/framework/src/ModuleLogger.js
  -> file:///E:/Aptana%20Jaxer%20Apache/Jaxer/Apache2-4Build/jaxer/framework/src/Includer.js
  -> file:///E:/Aptana%20Jaxer%20Apache/Jaxer/Apache2-4Build/jaxer/framework/src/NewElement.js
  -> http://localhost:8081/aptana/samples/rss-sample/index.html

01:10:20 12/24/2025 [ 32928] [TRACE] [JS Framework] [Includer.setRunat] Set runat='server' on function named 'makeNodeTestExpr2'
stack:
  ->  [ModuleLogger.js:98] trace("Set runat='server' on function named 'makeNodeTestExpr2'")
  ->  [Includer.js:345] setRunat("makeNodeTestExpr2",50,[object Array])
  ->  [Includer.js:336] load("http://localhost:8081/aptana/samples/rss-sample/lib/ajaxslt-0.8.1/xpath.js",[object ChromeWindow],"server",false,false,false)
  ->  [NewElement.js:67] load("tempLoad_0.374953560049291261766502620453")
  ->  [index.html:23] <no name>
paths:
  -> file:///E:/Aptana%20Jaxer%20Apache/Jaxer/Apache2-4Build/jaxer/framework/src/ModuleLogger.js
  -> file:///E:/Aptana%20Jaxer%20Apache/Jaxer/Apache2-4Build/jaxer/framework/src/Includer.js
  -> file:///E:/Aptana%20Jaxer%20Apache/Jaxer/Apache2-4Build/jaxer/framework/src/NewElement.js
  -> http://localhost:8081/aptana/samples/rss-sample/index.html

01:10:20 12/24/2025 [ 32928] [TRACE] [JS Framework] [Includer.setRunat] Set runat='server' on function named 'makeNodeTestExpr3'
stack:
  ->  [ModuleLogger.js:98] trace("Set runat='server' on function named 'makeNodeTestExpr3'")
  ->  [Includer.js:345] setRunat("makeNodeTestExpr3",51,[object Array])
  ->  [Includer.js:336] load("http://localhost:8081/aptana/samples/rss-sample/lib/ajaxslt-0.8.1/xpath.js",[object ChromeWindow],"server",false,false,false)
  ->  [NewElement.js:67] load("tempLoad_0.374953560049291261766502620453")
  ->  [index.html:23] <no name>
paths:
  -> file:///E:/Aptana%20Jaxer%20Apache/Jaxer/Apache2-4Build/jaxer/framework/src/ModuleLogger.js
  -> file:///E:/Aptana%20Jaxer%20Apache/Jaxer/Apache2-4Build/jaxer/framework/src/Includer.js
  -> file:///E:/Aptana%20Jaxer%20Apache/Jaxer/Apache2-4Build/jaxer/framework/src/NewElement.js
  -> http://localhost:8081/aptana/samples/rss-sample/index.html

01:10:20 12/24/2025 [ 32928] [TRACE] [JS Framework] [Includer.setRunat] Set runat='server' on function named 'makeNodeTestExpr4'
stack:
  ->  [ModuleLogger.js:98] trace("Set runat='server' on function named 'makeNodeTestExpr4'")
  ->  [Includer.js:345] setRunat("makeNodeTestExpr4",52,[object Array])
  ->  [Includer.js:336] load("http://localhost:8081/aptana/samples/rss-sample/lib/ajaxslt-0.8.1/xpath.js",[object ChromeWindow],"server",false,false,false)
  ->  [NewElement.js:67] load("tempLoad_0.374953560049291261766502620453")
  ->  [index.html:23] <no name>
paths:
  -> file:///E:/Aptana%20Jaxer%20Apache/Jaxer/Apache2-4Build/jaxer/framework/src/ModuleLogger.js
  -> file:///E:/Aptana%20Jaxer%20Apache/Jaxer/Apache2-4Build/jaxer/framework/src/Includer.js
  -> file:///E:/Aptana%20Jaxer%20Apache/Jaxer/Apache2-4Build/jaxer/framework/src/NewElement.js
  -> http://localhost:8081/aptana/samples/rss-sample/index.html

01:10:20 12/24/2025 [ 32928] [TRACE] [JS Framework] [Includer.setRunat] Set runat='server' on function named 'makeNodeTestExpr5'
stack:
  ->  [ModuleLogger.js:98] trace("Set runat='server' on function named 'makeNodeTestExpr5'")
  ->  [Includer.js:345] setRunat("makeNodeTestExpr5",53,[object Array])
  ->  [Includer.js:336] load("http://localhost:8081/aptana/samples/rss-sample/lib/ajaxslt-0.8.1/xpath.js",[object ChromeWindow],"server",false,false,false)
  ->  [NewElement.js:67] load("tempLoad_0.374953560049291261766502620453")
  ->  [index.html:23] <no name>
paths:
  -> file:///E:/Aptana%20Jaxer%20Apache/Jaxer/Apache2-4Build/jaxer/framework/src/ModuleLogger.js
  -> file:///E:/Aptana%20Jaxer%20Apache/Jaxer/Apache2-4Build/jaxer/framework/src/Includer.js
  -> file:///E:/Aptana%20Jaxer%20Apache/Jaxer/Apache2-4Build/jaxer/framework/src/NewElement.js
  -> http://localhost:8081/aptana/samples/rss-sample/index.html

01:10:20 12/24/2025 [ 32928] [TRACE] [JS Framework] [Includer.setRunat] Set runat='server' on function named 'makePredicateExpr'
stack:
  ->  [ModuleLogger.js:98] trace("Set runat='server' on function named 'makePredicateExpr'")
  ->  [Includer.js:345] setRunat("makePredicateExpr",54,[object Array])
  ->  [Includer.js:336] load("http://localhost:8081/aptana/samples/rss-sample/lib/ajaxslt-0.8.1/xpath.js",[object ChromeWindow],"server",false,false,false)
  ->  [NewElement.js:67] load("tempLoad_0.374953560049291261766502620453")
  ->  [index.html:23] <no name>
paths:
  -> file:///E:/Aptana%20Jaxer%20Apache/Jaxer/Apache2-4Build/jaxer/framework/src/ModuleLogger.js
  -> file:///E:/Aptana%20Jaxer%20Apache/Jaxer/Apache2-4Build/jaxer/framework/src/Includer.js
  -> file:///E:/Aptana%20Jaxer%20Apache/Jaxer/Apache2-4Build/jaxer/framework/src/NewElement.js
  -> http://localhost:8081/aptana/samples/rss-sample/index.html

01:10:20 12/24/2025 [ 32928] [TRACE] [JS Framework] [Includer.setRunat] Set runat='server' on function named 'makePrimaryExpr'
stack:
  ->  [ModuleLogger.js:98] trace("Set runat='server' on function named 'makePrimaryExpr'")
  ->  [Includer.js:345] setRunat("makePrimaryExpr",55,[object Array])
  ->  [Includer.js:336] load("http://localhost:8081/aptana/samples/rss-sample/lib/ajaxslt-0.8.1/xpath.js",[object ChromeWindow],"server",false,false,false)
  ->  [NewElement.js:67] load("tempLoad_0.374953560049291261766502620453")
  ->  [index.html:23] <no name>
paths:
  -> file:///E:/Aptana%20Jaxer%20Apache/Jaxer/Apache2-4Build/jaxer/framework/src/ModuleLogger.js
  -> file:///E:/Aptana%20Jaxer%20Apache/Jaxer/Apache2-4Build/jaxer/framework/src/Includer.js
  -> file:///E:/Aptana%20Jaxer%20Apache/Jaxer/Apache2-4Build/jaxer/framework/src/NewElement.js
  -> http://localhost:8081/aptana/samples/rss-sample/index.html

01:10:20 12/24/2025 [ 32928] [TRACE] [JS Framework] [Includer.setRunat] Set runat='server' on function named 'makeFunctionCallExpr1'
stack:
  ->  [ModuleLogger.js:98] trace("Set runat='server' on function named 'makeFunctionCallExpr1'")
  ->  [Includer.js:345] setRunat("makeFunctionCallExpr1",56,[object Array])
  ->  [Includer.js:336] load("http://localhost:8081/aptana/samples/rss-sample/lib/ajaxslt-0.8.1/xpath.js",[object ChromeWindow],"server",false,false,false)
  ->  [NewElement.js:67] load("tempLoad_0.374953560049291261766502620453")
  ->  [index.html:23] <no name>
paths:
  -> file:///E:/Aptana%20Jaxer%20Apache/Jaxer/Apache2-4Build/jaxer/framework/src/ModuleLogger.js
  -> file:///E:/Aptana%20Jaxer%20Apache/Jaxer/Apache2-4Build/jaxer/framework/src/Includer.js
  -> file:///E:/Aptana%20Jaxer%20Apache/Jaxer/Apache2-4Build/jaxer/framework/src/NewElement.js
  -> http://localhost:8081/aptana/samples/rss-sample/index.html

01:10:20 12/24/2025 [ 32928] [TRACE] [JS Framework] [Includer.setRunat] Set runat='server' on function named 'makeFunctionCallExpr2'
stack:
  ->  [ModuleLogger.js:98] trace("Set runat='server' on function named 'makeFunctionCallExpr2'")
  ->  [Includer.js:345] setRunat("makeFunctionCallExpr2",57,[object Array])
  ->  [Includer.js:336] load("http://localhost:8081/aptana/samples/rss-sample/lib/ajaxslt-0.8.1/xpath.js",[object ChromeWindow],"server",false,false,false)
  ->  [NewElement.js:67] load("tempLoad_0.374953560049291261766502620453")
  ->  [index.html:23] <no name>
paths:
  -> file:///E:/Aptana%20Jaxer%20Apache/Jaxer/Apache2-4Build/jaxer/framework/src/ModuleLogger.js
  -> file:///E:/Aptana%20Jaxer%20Apache/Jaxer/Apache2-4Build/jaxer/framework/src/Includer.js
  -> file:///E:/Aptana%20Jaxer%20Apache/Jaxer/Apache2-4Build/jaxer/framework/src/NewElement.js
  -> http://localhost:8081/aptana/samples/rss-sample/index.html

01:10:20 12/24/2025 [ 32928] [TRACE] [JS Framework] [Includer.setRunat] Set runat='server' on function named 'makeArgumentExpr'
stack:
  ->  [ModuleLogger.js:98] trace("Set runat='server' on function named 'makeArgumentExpr'")
  ->  [Includer.js:345] setRunat("makeArgumentExpr",58,[object Array])
  ->  [Includer.js:336] load("http://localhost:8081/aptana/samples/rss-sample/lib/ajaxslt-0.8.1/xpath.js",[object ChromeWindow],"server",false,false,false)
  ->  [NewElement.js:67] load("tempLoad_0.374953560049291261766502620453")
  ->  [index.html:23] <no name>
paths:
  -> file:///E:/Aptana%20Jaxer%20Apache/Jaxer/Apache2-4Build/jaxer/framework/src/ModuleLogger.js
  -> file:///E:/Aptana%20Jaxer%20Apache/Jaxer/Apache2-4Build/jaxer/framework/src/Includer.js
  -> file:///E:/Aptana%20Jaxer%20Apache/Jaxer/Apache2-4Build/jaxer/framework/src/NewElement.js
  -> http://localhost:8081/aptana/samples/rss-sample/index.html

01:10:20 12/24/2025 [ 32928] [TRACE] [JS Framework] [Includer.setRunat] Set runat='server' on function named 'makeUnionExpr'
stack:
  ->  [ModuleLogger.js:98] trace("Set runat='server' on function named 'makeUnionExpr'")
  ->  [Includer.js:345] setRunat("makeUnionExpr",59,[object Array])
  ->  [Includer.js:336] load("http://localhost:8081/aptana/samples/rss-sample/lib/ajaxslt-0.8.1/xpath.js",[object ChromeWindow],"server",false,false,false)
  ->  [NewElement.js:67] load("tempLoad_0.374953560049291261766502620453")
  ->  [index.html:23] <no name>
paths:
  -> file:///E:/Aptana%20Jaxer%20Apache/Jaxer/Apache2-4Build/jaxer/framework/src/ModuleLogger.js
  -> file:///E:/Aptana%20Jaxer%20Apache/Jaxer/Apache2-4Build/jaxer/framework/src/Includer.js
  -> file:///E:/Aptana%20Jaxer%20Apache/Jaxer/Apache2-4Build/jaxer/framework/src/NewElement.js
  -> http://localhost:8081/aptana/samples/rss-sample/index.html

01:10:20 12/24/2025 [ 32928] [TRACE] [JS Framework] [Includer.setRunat] Set runat='server' on function named 'makePathExpr1'
stack:
  ->  [ModuleLogger.js:98] trace("Set runat='server' on function named 'makePathExpr1'")
  ->  [Includer.js:345] setRunat("makePathExpr1",60,[object Array])
  ->  [Includer.js:336] load("http://localhost:8081/aptana/samples/rss-sample/lib/ajaxslt-0.8.1/xpath.js",[object ChromeWindow],"server",false,false,false)
  ->  [NewElement.js:67] load("tempLoad_0.374953560049291261766502620453")
  ->  [index.html:23] <no name>
paths:
  -> file:///E:/Aptana%20Jaxer%20Apache/Jaxer/Apache2-4Build/jaxer/framework/src/ModuleLogger.js
  -> file:///E:/Aptana%20Jaxer%20Apache/Jaxer/Apache2-4Build/jaxer/framework/src/Includer.js
  -> file:///E:/Aptana%20Jaxer%20Apache/Jaxer/Apache2-4Build/jaxer/framework/src/NewElement.js
  -> http://localhost:8081/aptana/samples/rss-sample/index.html

01:10:20 12/24/2025 [ 32928] [TRACE] [JS Framework] [Includer.setRunat] Set runat='server' on function named 'makePathExpr2'
stack:
  ->  [ModuleLogger.js:98] trace("Set runat='server' on function named 'makePathExpr2'")
  ->  [Includer.js:345] setRunat("makePathExpr2",61,[object Array])
  ->  [Includer.js:336] load("http://localhost:8081/aptana/samples/rss-sample/lib/ajaxslt-0.8.1/xpath.js",[object ChromeWindow],"server",false,false,false)
  ->  [NewElement.js:67] load("tempLoad_0.374953560049291261766502620453")
  ->  [index.html:23] <no name>
paths:
  -> file:///E:/Aptana%20Jaxer%20Apache/Jaxer/Apache2-4Build/jaxer/framework/src/ModuleLogger.js
  -> file:///E:/Aptana%20Jaxer%20Apache/Jaxer/Apache2-4Build/jaxer/framework/src/Includer.js
  -> file:///E:/Aptana%20Jaxer%20Apache/Jaxer/Apache2-4Build/jaxer/framework/src/NewElement.js
  -> http://localhost:8081/aptana/samples/rss-sample/index.html

01:10:20 12/24/2025 [ 32928] [TRACE] [JS Framework] [Includer.setRunat] Set runat='server' on function named 'makeFilterExpr'
stack:
  ->  [ModuleLogger.js:98] trace("Set runat='server' on function named 'makeFilterExpr'")
  ->  [Includer.js:345] setRunat("makeFilterExpr",62,[object Array])
  ->  [Includer.js:336] load("http://localhost:8081/aptana/samples/rss-sample/lib/ajaxslt-0.8.1/xpath.js",[object ChromeWindow],"server",false,false,false)
  ->  [NewElement.js:67] load("tempLoad_0.374953560049291261766502620453")
  ->  [index.html:23] <no name>
paths:
  -> file:///E:/Aptana%20Jaxer%20Apache/Jaxer/Apache2-4Build/jaxer/framework/src/ModuleLogger.js
  -> file:///E:/Aptana%20Jaxer%20Apache/Jaxer/Apache2-4Build/jaxer/framework/src/Includer.js
  -> file:///E:/Aptana%20Jaxer%20Apache/Jaxer/Apache2-4Build/jaxer/framework/src/NewElement.js
  -> http://localhost:8081/aptana/samples/rss-sample/index.html

01:10:20 12/24/2025 [ 32928] [TRACE] [JS Framework] [Includer.setRunat] Set runat='server' on function named 'makeUnaryMinusExpr'
stack:
  ->  [ModuleLogger.js:98] trace("Set runat='server' on function named 'makeUnaryMinusExpr'")
  ->  [Includer.js:345] setRunat("makeUnaryMinusExpr",63,[object Array])
  ->  [Includer.js:336] load("http://localhost:8081/aptana/samples/rss-sample/lib/ajaxslt-0.8.1/xpath.js",[object ChromeWindow],"server",false,false,false)
  ->  [NewElement.js:67] load("tempLoad_0.374953560049291261766502620453")
  ->  [index.html:23] <no name>
paths:
  -> file:///E:/Aptana%20Jaxer%20Apache/Jaxer/Apache2-4Build/jaxer/framework/src/ModuleLogger.js
  -> file:///E:/Aptana%20Jaxer%20Apache/Jaxer/Apache2-4Build/jaxer/framework/src/Includer.js
  -> file:///E:/Aptana%20Jaxer%20Apache/Jaxer/Apache2-4Build/jaxer/framework/src/NewElement.js
  -> http://localhost:8081/aptana/samples/rss-sample/index.html

01:10:20 12/24/2025 [ 32928] [TRACE] [JS Framework] [Includer.setRunat] Set runat='server' on function named 'makeBinaryExpr'
stack:
  ->  [ModuleLogger.js:98] trace("Set runat='server' on function named 'makeBinaryExpr'")
  ->  [Includer.js:345] setRunat("makeBinaryExpr",64,[object Array])
  ->  [Includer.js:336] load("http://localhost:8081/aptana/samples/rss-sample/lib/ajaxslt-0.8.1/xpath.js",[object ChromeWindow],"server",false,false,false)
  ->  [NewElement.js:67] load("tempLoad_0.374953560049291261766502620453")
  ->  [index.html:23] <no name>
paths:
  -> file:///E:/Aptana%20Jaxer%20Apache/Jaxer/Apache2-4Build/jaxer/framework/src/ModuleLogger.js
  -> file:///E:/Aptana%20Jaxer%20Apache/Jaxer/Apache2-4Build/jaxer/framework/src/Includer.js
  -> file:///E:/Aptana%20Jaxer%20Apache/Jaxer/Apache2-4Build/jaxer/framework/src/NewElement.js
  -> http://localhost:8081/aptana/samples/rss-sample/index.html

01:10:20 12/24/2025 [ 32928] [TRACE] [JS Framework] [Includer.setRunat] Set runat='server' on function named 'makeLiteralExpr'
stack:
  ->  [ModuleLogger.js:98] trace("Set runat='server' on function named 'makeLiteralExpr'")
  ->  [Includer.js:345] setRunat("makeLiteralExpr",65,[object Array])
  ->  [Includer.js:336] load("http://localhost:8081/aptana/samples/rss-sample/lib/ajaxslt-0.8.1/xpath.js",[object ChromeWindow],"server",false,false,false)
  ->  [NewElement.js:67] load("tempLoad_0.374953560049291261766502620453")
  ->  [index.html:23] <no name>
paths:
  -> file:///E:/Aptana%20Jaxer%20Apache/Jaxer/Apache2-4Build/jaxer/framework/src/ModuleLogger.js
  -> file:///E:/Aptana%20Jaxer%20Apache/Jaxer/Apache2-4Build/jaxer/framework/src/Includer.js
  -> file:///E:/Aptana%20Jaxer%20Apache/Jaxer/Apache2-4Build/jaxer/framework/src/NewElement.js
  -> http://localhost:8081/aptana/samples/rss-sample/index.html

01:10:20 12/24/2025 [ 32928] [TRACE] [JS Framework] [Includer.setRunat] Set runat='server' on function named 'makeNumberExpr'
stack:
  ->  [ModuleLogger.js:98] trace("Set runat='server' on function named 'makeNumberExpr'")
  ->  [Includer.js:345] setRunat("makeNumberExpr",66,[object Array])
  ->  [Includer.js:336] load("http://localhost:8081/aptana/samples/rss-sample/lib/ajaxslt-0.8.1/xpath.js",[object ChromeWindow],"server",false,false,false)
  ->  [NewElement.js:67] load("tempLoad_0.374953560049291261766502620453")
  ->  [index.html:23] <no name>
paths:
  -> file:///E:/Aptana%20Jaxer%20Apache/Jaxer/Apache2-4Build/jaxer/framework/src/ModuleLogger.js
  -> file:///E:/Aptana%20Jaxer%20Apache/Jaxer/Apache2-4Build/jaxer/framework/src/Includer.js
  -> file:///E:/Aptana%20Jaxer%20Apache/Jaxer/Apache2-4Build/jaxer/framework/src/NewElement.js
  -> http://localhost:8081/aptana/samples/rss-sample/index.html

01:10:20 12/24/2025 [ 32928] [TRACE] [JS Framework] [Includer.setRunat] Set runat='server' on function named 'makeVariableReference'
stack:
  ->  [ModuleLogger.js:98] trace("Set runat='server' on function named 'makeVariableReference'")
  ->  [Includer.js:345] setRunat("makeVariableReference",67,[object Array])
  ->  [Includer.js:336] load("http://localhost:8081/aptana/samples/rss-sample/lib/ajaxslt-0.8.1/xpath.js",[object ChromeWindow],"server",false,false,false)
  ->  [NewElement.js:67] load("tempLoad_0.374953560049291261766502620453")
  ->  [index.html:23] <no name>
paths:
  -> file:///E:/Aptana%20Jaxer%20Apache/Jaxer/Apache2-4Build/jaxer/framework/src/ModuleLogger.js
  -> file:///E:/Aptana%20Jaxer%20Apache/Jaxer/Apache2-4Build/jaxer/framework/src/Includer.js
  -> file:///E:/Aptana%20Jaxer%20Apache/Jaxer/Apache2-4Build/jaxer/framework/src/NewElement.js
  -> http://localhost:8081/aptana/samples/rss-sample/index.html

01:10:20 12/24/2025 [ 32928] [TRACE] [JS Framework] [Includer.setRunat] Set runat='server' on function named 'makeSimpleExpr'
stack:
  ->  [ModuleLogger.js:98] trace("Set runat='server' on function named 'makeSimpleExpr'")
  ->  [Includer.js:345] setRunat("makeSimpleExpr",68,[object Array])
  ->  [Includer.js:336] load("http://localhost:8081/aptana/samples/rss-sample/lib/ajaxslt-0.8.1/xpath.js",[object ChromeWindow],"server",false,false,false)
  ->  [NewElement.js:67] load("tempLoad_0.374953560049291261766502620453")
  ->  [index.html:23] <no name>
paths:
  -> file:///E:/Aptana%20Jaxer%20Apache/Jaxer/Apache2-4Build/jaxer/framework/src/ModuleLogger.js
  -> file:///E:/Aptana%20Jaxer%20Apache/Jaxer/Apache2-4Build/jaxer/framework/src/Includer.js
  -> file:///E:/Aptana%20Jaxer%20Apache/Jaxer/Apache2-4Build/jaxer/framework/src/NewElement.js
  -> http://localhost:8081/aptana/samples/rss-sample/index.html

01:10:20 12/24/2025 [ 32928] [TRACE] [JS Framework] [Includer.setRunat] Set runat='server' on function named 'makeSimpleExpr2'
stack:
  ->  [ModuleLogger.js:98] trace("Set runat='server' on function named 'makeSimpleExpr2'")
  ->  [Includer.js:345] setRunat("makeSimpleExpr2",69,[object Array])
  ->  [Includer.js:336] load("http://localhost:8081/aptana/samples/rss-sample/lib/ajaxslt-0.8.1/xpath.js",[object ChromeWindow],"server",false,false,false)
  ->  [NewElement.js:67] load("tempLoad_0.374953560049291261766502620453")
  ->  [index.html:23] <no name>
paths:
  -> file:///E:/Aptana%20Jaxer%20Apache/Jaxer/Apache2-4Build/jaxer/framework/src/ModuleLogger.js
  -> file:///E:/Aptana%20Jaxer%20Apache/Jaxer/Apache2-4Build/jaxer/framework/src/Includer.js
  -> file:///E:/Aptana%20Jaxer%20Apache/Jaxer/Apache2-4Build/jaxer/framework/src/NewElement.js
  -> http://localhost:8081/aptana/samples/rss-sample/index.html

01:10:20 12/24/2025 [ 32928] [TRACE] [JS Framework] [Includer.setRunat] Set runat='server' on function named 'xpathParseInit'
stack:
  ->  [ModuleLogger.js:98] trace("Set runat='server' on function named 'xpathParseInit'")
  ->  [Includer.js:345] setRunat("xpathParseInit",70,[object Array])
  ->  [Includer.js:336] load("http://localhost:8081/aptana/samples/rss-sample/lib/ajaxslt-0.8.1/xpath.js",[object ChromeWindow],"server",false,false,false)
  ->  [NewElement.js:67] load("tempLoad_0.374953560049291261766502620453")
  ->  [index.html:23] <no name>
paths:
  -> file:///E:/Aptana%20Jaxer%20Apache/Jaxer/Apache2-4Build/jaxer/framework/src/ModuleLogger.js
  -> file:///E:/Aptana%20Jaxer%20Apache/Jaxer/Apache2-4Build/jaxer/framework/src/Includer.js
  -> file:///E:/Aptana%20Jaxer%20Apache/Jaxer/Apache2-4Build/jaxer/framework/src/NewElement.js
  -> http://localhost:8081/aptana/samples/rss-sample/index.html

01:10:20 12/24/2025 [ 32928] [TRACE] [JS Framework] [Includer.setRunat] Set runat='server' on function named 'xpathCollectDescendants'
stack:
  ->  [ModuleLogger.js:98] trace("Set runat='server' on function named 'xpathCollectDescendants'")
  ->  [Includer.js:345] setRunat("xpathCollectDescendants",71,[object Array])
  ->  [Includer.js:336] load("http://localhost:8081/aptana/samples/rss-sample/lib/ajaxslt-0.8.1/xpath.js",[object ChromeWindow],"server",false,false,false)
  ->  [NewElement.js:67] load("tempLoad_0.374953560049291261766502620453")
  ->  [index.html:23] <no name>
paths:
  -> file:///E:/Aptana%20Jaxer%20Apache/Jaxer/Apache2-4Build/jaxer/framework/src/ModuleLogger.js
  -> file:///E:/Aptana%20Jaxer%20Apache/Jaxer/Apache2-4Build/jaxer/framework/src/Includer.js
  -> file:///E:/Aptana%20Jaxer%20Apache/Jaxer/Apache2-4Build/jaxer/framework/src/NewElement.js
  -> http://localhost:8081/aptana/samples/rss-sample/index.html

01:10:20 12/24/2025 [ 32928] [TRACE] [JS Framework] [Includer.setRunat] Set runat='server' on function named 'xpathExtractTagNameFromNodeTest'
stack:
  ->  [ModuleLogger.js:98] trace("Set runat='server' on function named 'xpathExtractTagNameFromNodeTest'")
  ->  [Includer.js:345] setRunat("xpathExtractTagNameFromNodeTest",72,[object Array])
  ->  [Includer.js:336] load("http://localhost:8081/aptana/samples/rss-sample/lib/ajaxslt-0.8.1/xpath.js",[object ChromeWindow],"server",false,false,false)
  ->  [NewElement.js:67] load("tempLoad_0.374953560049291261766502620453")
  ->  [index.html:23] <no name>
paths:
  -> file:///E:/Aptana%20Jaxer%20Apache/Jaxer/Apache2-4Build/jaxer/framework/src/ModuleLogger.js
  -> file:///E:/Aptana%20Jaxer%20Apache/Jaxer/Apache2-4Build/jaxer/framework/src/Includer.js
  -> file:///E:/Aptana%20Jaxer%20Apache/Jaxer/Apache2-4Build/jaxer/framework/src/NewElement.js
  -> http://localhost:8081/aptana/samples/rss-sample/index.html

01:10:20 12/24/2025 [ 32928] [TRACE] [JS Framework] [Includer.setRunat] Set runat='server' on function named 'xpathCollectDescendantsReverse'
stack:
  ->  [ModuleLogger.js:98] trace("Set runat='server' on function named 'xpathCollectDescendantsReverse'")
  ->  [Includer.js:345] setRunat("xpathCollectDescendantsReverse",73,[object Array])
  ->  [Includer.js:336] load("http://localhost:8081/aptana/samples/rss-sample/lib/ajaxslt-0.8.1/xpath.js",[object ChromeWindow],"server",false,false,false)
  ->  [NewElement.js:67] load("tempLoad_0.374953560049291261766502620453")
  ->  [index.html:23] <no name>
paths:
  -> file:///E:/Aptana%20Jaxer%20Apache/Jaxer/Apache2-4Build/jaxer/framework/src/ModuleLogger.js
  -> file:///E:/Aptana%20Jaxer%20Apache/Jaxer/Apache2-4Build/jaxer/framework/src/Includer.js
  -> file:///E:/Aptana%20Jaxer%20Apache/Jaxer/Apache2-4Build/jaxer/framework/src/NewElement.js
  -> http://localhost:8081/aptana/samples/rss-sample/index.html

01:10:20 12/24/2025 [ 32928] [TRACE] [JS Framework] [Includer.setRunat] Set runat='server' on function named 'xpathDomEval'
stack:
  ->  [ModuleLogger.js:98] trace("Set runat='server' on function named 'xpathDomEval'")
  ->  [Includer.js:345] setRunat("xpathDomEval",74,[object Array])
  ->  [Includer.js:336] load("http://localhost:8081/aptana/samples/rss-sample/lib/ajaxslt-0.8.1/xpath.js",[object ChromeWindow],"server",false,false,false)
  ->  [NewElement.js:67] load("tempLoad_0.374953560049291261766502620453")
  ->  [index.html:23] <no name>
paths:
  -> file:///E:/Aptana%20Jaxer%20Apache/Jaxer/Apache2-4Build/jaxer/framework/src/ModuleLogger.js
  -> file:///E:/Aptana%20Jaxer%20Apache/Jaxer/Apache2-4Build/jaxer/framework/src/Includer.js
  -> file:///E:/Aptana%20Jaxer%20Apache/Jaxer/Apache2-4Build/jaxer/framework/src/NewElement.js
  -> http://localhost:8081/aptana/samples/rss-sample/index.html

01:10:20 12/24/2025 [ 32928] [TRACE] [JS Framework] [Includer.setRunat] Set runat='server' on function named 'xpathSort'
stack:
  ->  [ModuleLogger.js:98] trace("Set runat='server' on function named 'xpathSort'")
  ->  [Includer.js:345] setRunat("xpathSort",75,[object Array])
  ->  [Includer.js:336] load("http://localhost:8081/aptana/samples/rss-sample/lib/ajaxslt-0.8.1/xpath.js",[object ChromeWindow],"server",false,false,false)
  ->  [NewElement.js:67] load("tempLoad_0.374953560049291261766502620453")
  ->  [index.html:23] <no name>
paths:
  -> file:///E:/Aptana%20Jaxer%20Apache/Jaxer/Apache2-4Build/jaxer/framework/src/ModuleLogger.js
  -> file:///E:/Aptana%20Jaxer%20Apache/Jaxer/Apache2-4Build/jaxer/framework/src/Includer.js
  -> file:///E:/Aptana%20Jaxer%20Apache/Jaxer/Apache2-4Build/jaxer/framework/src/NewElement.js
  -> http://localhost:8081/aptana/samples/rss-sample/index.html

01:10:20 12/24/2025 [ 32928] [TRACE] [JS Framework] [Includer.setRunat] Set runat='server' on function named 'xpathSortByKey'
stack:
  ->  [ModuleLogger.js:98] trace("Set runat='server' on function named 'xpathSortByKey'")
  ->  [Includer.js:345] setRunat("xpathSortByKey",76,[object Array])
  ->  [Includer.js:336] load("http://localhost:8081/aptana/samples/rss-sample/lib/ajaxslt-0.8.1/xpath.js",[object ChromeWindow],"server",false,false,false)
  ->  [NewElement.js:67] load("tempLoad_0.374953560049291261766502620453")
  ->  [index.html:23] <no name>
paths:
  -> file:///E:/Aptana%20Jaxer%20Apache/Jaxer/Apache2-4Build/jaxer/framework/src/ModuleLogger.js
  -> file:///E:/Aptana%20Jaxer%20Apache/Jaxer/Apache2-4Build/jaxer/framework/src/Includer.js
  -> file:///E:/Aptana%20Jaxer%20Apache/Jaxer/Apache2-4Build/jaxer/framework/src/NewElement.js
  -> http://localhost:8081/aptana/samples/rss-sample/index.html

01:10:20 12/24/2025 [ 32928] [TRACE] [JS Framework] [Includer.setRunat] Set runat='server' on function named 'xpathEval'
stack:
  ->  [ModuleLogger.js:98] trace("Set runat='server' on function named 'xpathEval'")
  ->  [Includer.js:345] setRunat("xpathEval",77,[object Array])
  ->  [Includer.js:336] load("http://localhost:8081/aptana/samples/rss-sample/lib/ajaxslt-0.8.1/xpath.js",[object ChromeWindow],"server",false,false,false)
  ->  [NewElement.js:67] load("tempLoad_0.374953560049291261766502620453")
  ->  [index.html:23] <no name>
paths:
  -> file:///E:/Aptana%20Jaxer%20Apache/Jaxer/Apache2-4Build/jaxer/framework/src/ModuleLogger.js
  -> file:///E:/Aptana%20Jaxer%20Apache/Jaxer/Apache2-4Build/jaxer/framework/src/Includer.js
  -> file:///E:/Aptana%20Jaxer%20Apache/Jaxer/Apache2-4Build/jaxer/framework/src/NewElement.js
  -> http://localhost:8081/aptana/samples/rss-sample/index.html

01:10:20 12/24/2025 [ 32928] [DEBUG] [JS Framework] [Includer.load] Included: http://localhost:8081/aptana/samples/rss-sample/lib/ajaxslt-0.8.1/xpath.js
stack:
  ->  [ModuleLogger.js:98] debug("Included: http://localhost:8081/aptana/samples/rss-sample/lib/ajaxslt-0.8.1/xpath.js")
  ->  [Includer.js:351] load("http://localhost:8081/aptana/samples/rss-sample/lib/ajaxslt-0.8.1/xpath.js",[object ChromeWindow],"server",false,false,false)
  ->  [NewElement.js:67] load("tempLoad_0.374953560049291261766502620453")
  ->  [index.html:23] <no name>
paths:
  -> file:///E:/Aptana%20Jaxer%20Apache/Jaxer/Apache2-4Build/jaxer/framework/src/ModuleLogger.js
  -> file:///E:/Aptana%20Jaxer%20Apache/Jaxer/Apache2-4Build/jaxer/framework/src/Includer.js
  -> file:///E:/Aptana%20Jaxer%20Apache/Jaxer/Apache2-4Build/jaxer/framework/src/NewElement.js
  -> http://localhost:8081/aptana/samples/rss-sample/index.html

01:10:20 12/24/2025 [ 32928] [TRACE] [JS Framework] [CoreEvents.fire] At this time, evt.Request.isHandler=false and eventType: NEW_ELEMENT - SCRIPT
stack:
  ->  [ModuleLogger.js:98] trace("At this time, evt.Request.isHandler=false and eventType: NEW_ELEMENT - SCRIPT")
  ->  [CoreEvents.js:205] fire("NEW_ELEMENT",[object XPCWrappedNative_NoHelper],[object HTMLDocument],[object HTMLScriptElement])
  ->  [aptEventHandler.js:157] observe([object XPCWrappedNative_NoHelper],"jaxerEvent.NewHTMLElement",null)
paths:
  -> file:///E:/Aptana%20Jaxer%20Apache/Jaxer/Apache2-4Build/jaxer/framework/src/ModuleLogger.js
  -> file:///E:/Aptana%20Jaxer%20Apache/Jaxer/Apache2-4Build/jaxer/framework/src/CoreEvents.js
  -> file:///E:/Aptana%20Jaxer%20Apache/Jaxer/Apache2-4Build/jaxer/components/aptEventHandler.js

01:10:20 12/24/2025 [ 32928] [TRACE] [JS Framework] [CoreEvents.fireEvent] Firing an event for NEW_ELEMENT
stack:
  ->  [ModuleLogger.js:98] trace("Firing an event for NEW_ELEMENT")
  ->  [CoreEvents.js:282] fireEvent("NEW_ELEMENT",[object Array])
  ->  [CoreEvents.js:238] fire("NEW_ELEMENT",[object XPCWrappedNative_NoHelper],[object HTMLDocument],[object HTMLScriptElement])
  ->  [aptEventHandler.js:157] observe([object XPCWrappedNative_NoHelper],"jaxerEvent.NewHTMLElement",null)
paths:
  -> file:///E:/Aptana%20Jaxer%20Apache/Jaxer/Apache2-4Build/jaxer/framework/src/ModuleLogger.js
  -> file:///E:/Aptana%20Jaxer%20Apache/Jaxer/Apache2-4Build/jaxer/framework/src/CoreEvents.js
  -> file:///E:/Aptana%20Jaxer%20Apache/Jaxer/Apache2-4Build/jaxer/components/aptEventHandler.js

01:10:20 12/24/2025 [ 32928] [TRACE] [JS Framework] [CoreEvents.fireEvent] Calling event handler: function onNewElement(evt, doc, elt) {
    switch (elt.tagNa...
stack:
  ->  [ModuleLogger.js:98] trace("Calling event handler: function onNewElement(evt, doc, elt) {\n    switch (elt.tagNa...")
  ->  [CoreEvents.js:292] fireEvent("NEW_ELEMENT",[object Array])
  ->  [CoreEvents.js:238] fire("NEW_ELEMENT",[object XPCWrappedNative_NoHelper],[object HTMLDocument],[object HTMLScriptElement])
  ->  [aptEventHandler.js:157] observe([object XPCWrappedNative_NoHelper],"jaxerEvent.NewHTMLElement",null)
paths:
  -> file:///E:/Aptana%20Jaxer%20Apache/Jaxer/Apache2-4Build/jaxer/framework/src/ModuleLogger.js
  -> file:///E:/Aptana%20Jaxer%20Apache/Jaxer/Apache2-4Build/jaxer/framework/src/CoreEvents.js
  -> file:///E:/Aptana%20Jaxer%20Apache/Jaxer/Apache2-4Build/jaxer/components/aptEventHandler.js

01:10:20 12/24/2025 [ 32928] [TRACE] [JS Framework] [NewElement.onNewElement] Received element: SCRIPT with src='lib/ajaxslt-0.8.1/xslt.js' and runat='server'
stack:
  ->  [ModuleLogger.js:98] trace("Received element: SCRIPT with src='lib/ajaxslt-0.8.1/xslt.js' and runat='server'")
  ->  [NewElement.js:88] onNewElement([object XPCWrappedNative_NoHelper],[object HTMLDocument],[object HTMLScriptElement])
  ->  [CoreEvents.js:293] fireEvent("NEW_ELEMENT",[object Array])
  ->  [CoreEvents.js:238] fire("NEW_ELEMENT",[object XPCWrappedNative_NoHelper],[object HTMLDocument],[object HTMLScriptElement])
  ->  [aptEventHandler.js:157] observe([object XPCWrappedNative_NoHelper],"jaxerEvent.NewHTMLElement",null)
paths:
  -> file:///E:/Aptana%20Jaxer%20Apache/Jaxer/Apache2-4Build/jaxer/framework/src/ModuleLogger.js
  -> file:///E:/Aptana%20Jaxer%20Apache/Jaxer/Apache2-4Build/jaxer/framework/src/NewElement.js
  -> file:///E:/Aptana%20Jaxer%20Apache/Jaxer/Apache2-4Build/jaxer/framework/src/CoreEvents.js
  -> file:///E:/Aptana%20Jaxer%20Apache/Jaxer/Apache2-4Build/jaxer/components/aptEventHandler.js

01:10:20 12/24/2025 [ 32928] [TRACE] [JS Framework] [NewElement.load] Loading src'ed script with [src, global, useCache, forceRefreshCache] = lib/ajaxslt-0.8.1/xslt.js,[object ChromeWindow],server,false,false,false
stack:
  ->  [ModuleLogger.js:98] trace("Loading src'ed script with [src, global, useCache, forceRefreshCache] = lib/ajaxslt-0.8.1/xslt.js,[object ChromeWindow],server,false,false,false")
  ->  [NewElement.js:66] load("tempLoad_0.31657932534429381766502620595")
  ->  [index.html:24] <no name>
paths:
  -> file:///E:/Aptana%20Jaxer%20Apache/Jaxer/Apache2-4Build/jaxer/framework/src/ModuleLogger.js
  -> file:///E:/Aptana%20Jaxer%20Apache/Jaxer/Apache2-4Build/jaxer/framework/src/NewElement.js
  -> http://localhost:8081/aptana/samples/rss-sample/index.html

01:10:20 12/24/2025 [ 32928] [TRACE] [JS Framework] [Web.get] Retrieving from web URL: http://localhost:8081/aptana/samples/rss-sample/lib/ajaxslt-0.8.1/xslt.js
stack:
  ->  [ModuleLogger.js:98] trace("Retrieving from web URL: http://localhost:8081/aptana/samples/rss-sample/lib/ajaxslt-0.8.1/xslt.js")
  ->  [Web.js:240] get("http://localhost:8081/aptana/samples/rss-sample/lib/ajaxslt-0.8.1/xslt.js")
  ->  [Includer.js:288] load("http://localhost:8081/aptana/samples/rss-sample/lib/ajaxslt-0.8.1/xslt.js",[object ChromeWindow],"server",false,false,false)
  ->  [NewElement.js:67] load("tempLoad_0.31657932534429381766502620595")
  ->  [index.html:24] <no name>
paths:
  -> file:///E:/Aptana%20Jaxer%20Apache/Jaxer/Apache2-4Build/jaxer/framework/src/ModuleLogger.js
  -> file:///E:/Aptana%20Jaxer%20Apache/Jaxer/Apache2-4Build/jaxer/framework/src/Web.js
  -> file:///E:/Aptana%20Jaxer%20Apache/Jaxer/Apache2-4Build/jaxer/framework/src/Includer.js
  -> file:///E:/Aptana%20Jaxer%20Apache/Jaxer/Apache2-4Build/jaxer/framework/src/NewElement.js
  -> http://localhost:8081/aptana/samples/rss-sample/index.html

01:10:20 12/24/2025 [ 32928] [TRACE] [JS Framework] [Web.send] Parameters are: url: http://localhost:8081/aptana/samples/rss-sample/lib/ajaxslt-0.8.1/xslt.js; method: GET; data: null; options: ({})
stack:
  ->  [ModuleLogger.js:98] trace("Parameters are: url: http://localhost:8081/aptana/samples/rss-sample/lib/ajaxslt-0.8.1/xslt.js; method: GET; data: null; options: ({})")
  ->  [Web.js:190] send("http://localhost:8081/aptana/samples/rss-sample/lib/ajaxslt-0.8.1/xslt.js","GET",null,[object Object])
  ->  [Web.js:241] get("http://localhost:8081/aptana/samples/rss-sample/lib/ajaxslt-0.8.1/xslt.js")
  ->  [Includer.js:288] load("http://localhost:8081/aptana/samples/rss-sample/lib/ajaxslt-0.8.1/xslt.js",[object ChromeWindow],"server",false,false,false)
  ->  [NewElement.js:67] load("tempLoad_0.31657932534429381766502620595")
  ->  [index.html:24] <no name>
paths:
  -> file:///E:/Aptana%20Jaxer%20Apache/Jaxer/Apache2-4Build/jaxer/framework/src/ModuleLogger.js
  -> file:///E:/Aptana%20Jaxer%20Apache/Jaxer/Apache2-4Build/jaxer/framework/src/Web.js
  -> file:///E:/Aptana%20Jaxer%20Apache/Jaxer/Apache2-4Build/jaxer/framework/src/Includer.js
  -> file:///E:/Aptana%20Jaxer%20Apache/Jaxer/Apache2-4Build/jaxer/framework/src/NewElement.js
  -> http://localhost:8081/aptana/samples/rss-sample/index.html

01:10:20 12/24/2025 [ 32928] [TRACE] [JS Framework] [Web.send] Resolved URL to: http://localhost:8081/aptana/samples/rss-sample/lib/ajaxslt-0.8.1/xslt.js
stack:
  ->  [ModuleLogger.js:98] trace("Resolved URL to: http://localhost:8081/aptana/samples/rss-sample/lib/ajaxslt-0.8.1/xslt.js")
  ->  [Web.js:192] send("http://localhost:8081/aptana/samples/rss-sample/lib/ajaxslt-0.8.1/xslt.js","GET",null,[object Object])
  ->  [Web.js:241] get("http://localhost:8081/aptana/samples/rss-sample/lib/ajaxslt-0.8.1/xslt.js")
  ->  [Includer.js:288] load("http://localhost:8081/aptana/samples/rss-sample/lib/ajaxslt-0.8.1/xslt.js",[object ChromeWindow],"server",false,false,false)
  ->  [NewElement.js:67] load("tempLoad_0.31657932534429381766502620595")
  ->  [index.html:24] <no name>
paths:
  -> file:///E:/Aptana%20Jaxer%20Apache/Jaxer/Apache2-4Build/jaxer/framework/src/ModuleLogger.js
  -> file:///E:/Aptana%20Jaxer%20Apache/Jaxer/Apache2-4Build/jaxer/framework/src/Web.js
  -> file:///E:/Aptana%20Jaxer%20Apache/Jaxer/Apache2-4Build/jaxer/framework/src/Includer.js
  -> file:///E:/Aptana%20Jaxer%20Apache/Jaxer/Apache2-4Build/jaxer/framework/src/NewElement.js
  -> http://localhost:8081/aptana/samples/rss-sample/index.html

01:10:20 12/24/2025 [ 32928] [TRACE] [JS Framework] [XHR.send] Sending synchronous GET request to url http://localhost:8081/aptana/samples/rss-sample/lib/ajaxslt-0.8.1/xslt.js with no data
stack:
  ->  [ModuleLogger.js:98] trace("Sending synchronous GET request to url http://localhost:8081/aptana/samples/rss-sample/lib/ajaxslt-0.8.1/xslt.js with no data")
  ->  [XHR.js:522] send("",[object Object])
  ->  [Web.js:195] send("http://localhost:8081/aptana/samples/rss-sample/lib/ajaxslt-0.8.1/xslt.js","GET",null,[object Object])
  ->  [Web.js:241] get("http://localhost:8081/aptana/samples/rss-sample/lib/ajaxslt-0.8.1/xslt.js")
  ->  [Includer.js:288] load("http://localhost:8081/aptana/samples/rss-sample/lib/ajaxslt-0.8.1/xslt.js",[object ChromeWindow],"server",false,false,false)
  ->  [NewElement.js:67] load("tempLoad_0.31657932534429381766502620595")
  ->  [index.html:24] <no name>
paths:
  -> file:///E:/Aptana%20Jaxer%20Apache/Jaxer/Apache2-4Build/jaxer/framework/src/ModuleLogger.js
  -> file:///E:/Aptana%20Jaxer%20Apache/Jaxer/Apache2-4Build/jaxer/framework/src/XHR.js
  -> file:///E:/Aptana%20Jaxer%20Apache/Jaxer/Apache2-4Build/jaxer/framework/src/Web.js
  -> file:///E:/Aptana%20Jaxer%20Apache/Jaxer/Apache2-4Build/jaxer/framework/src/Includer.js
  -> file:///E:/Aptana%20Jaxer%20Apache/Jaxer/Apache2-4Build/jaxer/framework/src/NewElement.js
  -> http://localhost:8081/aptana/samples/rss-sample/index.html

01:10:20 12/24/2025 [ 32928] [TRACE] [JS Framework] [XHR.send] Sent
stack:
  ->  [ModuleLogger.js:98] trace("Sent")
  ->  [XHR.js:524] send("",[object Object])
  ->  [Web.js:195] send("http://localhost:8081/aptana/samples/rss-sample/lib/ajaxslt-0.8.1/xslt.js","GET",null,[object Object])
  ->  [Web.js:241] get("http://localhost:8081/aptana/samples/rss-sample/lib/ajaxslt-0.8.1/xslt.js")
  ->  [Includer.js:288] load("http://localhost:8081/aptana/samples/rss-sample/lib/ajaxslt-0.8.1/xslt.js",[object ChromeWindow],"server",false,false,false)
  ->  [NewElement.js:67] load("tempLoad_0.31657932534429381766502620595")
  ->  [index.html:24] <no name>
paths:
  -> file:///E:/Aptana%20Jaxer%20Apache/Jaxer/Apache2-4Build/jaxer/framework/src/ModuleLogger.js
  -> file:///E:/Aptana%20Jaxer%20Apache/Jaxer/Apache2-4Build/jaxer/framework/src/XHR.js
  -> file:///E:/Aptana%20Jaxer%20Apache/Jaxer/Apache2-4Build/jaxer/framework/src/Web.js
  -> file:///E:/Aptana%20Jaxer%20Apache/Jaxer/Apache2-4Build/jaxer/framework/src/Includer.js
  -> file:///E:/Aptana%20Jaxer%20Apache/Jaxer/Apache2-4Build/jaxer/framework/src/NewElement.js
  -> http://localhost:8081/aptana/samples/rss-sample/index.html

01:10:20 12/24/2025 [ 32928] [TRACE] [JS Framework] [XHR.finish] Synchronous request to url http://localhost:8081/aptana/samples/rss-sample/lib/ajaxslt-0.8.1/xslt.js received text response: // Copyright 2005 Google Inc.
// All Rights Reserved
//
//
// An XSL-T processor written in JavaScri...
stack:
  ->  [ModuleLogger.js:98] trace("Synchronous request to url http://localhost:8081/aptana/samples/rss-sample/lib/ajaxslt-0.8.1/xslt.js received text response: // Copyright 2005 Google Inc.\n// All Rights Reserved\n//\n//\n// An XSL-T processor written in JavaScri...")
  ->  [XHR.js:406] finish(false)
  ->  [XHR.js:533] send("",[object Object])
  ->  [Web.js:195] send("http://localhost:8081/aptana/samples/rss-sample/lib/ajaxslt-0.8.1/xslt.js","GET",null,[object Object])
  ->  [Web.js:241] get("http://localhost:8081/aptana/samples/rss-sample/lib/ajaxslt-0.8.1/xslt.js")
  ->  [Includer.js:288] load("http://localhost:8081/aptana/samples/rss-sample/lib/ajaxslt-0.8.1/xslt.js",[object ChromeWindow],"server",false,false,false)
  ->  [NewElement.js:67] load("tempLoad_0.31657932534429381766502620595")
  ->  [index.html:24] <no name>
paths:
  -> file:///E:/Aptana%20Jaxer%20Apache/Jaxer/Apache2-4Build/jaxer/framework/src/ModuleLogger.js
  -> file:///E:/Aptana%20Jaxer%20Apache/Jaxer/Apache2-4Build/jaxer/framework/src/XHR.js
  -> file:///E:/Aptana%20Jaxer%20Apache/Jaxer/Apache2-4Build/jaxer/framework/src/Web.js
  -> file:///E:/Aptana%20Jaxer%20Apache/Jaxer/Apache2-4Build/jaxer/framework/src/Includer.js
  -> file:///E:/Aptana%20Jaxer%20Apache/Jaxer/Apache2-4Build/jaxer/framework/src/NewElement.js
  -> http://localhost:8081/aptana/samples/rss-sample/index.html

01:10:20 12/24/2025 [ 32928] [TRACE] [JS Framework] [Web.send] Received response of type 'string' and length 18440: // Copyright 2005 Google Inc.
// All Rights Reserved
//
//
// An XSL-T processor written in JavaScri...
stack:
  ->  [ModuleLogger.js:98] trace("Received response of type 'string' and length 18440: // Copyright 2005 Google Inc.\n// All Rights Reserved\n//\n//\n// An XSL-T processor written in JavaScri...")
  ->  [Web.js:199] send("http://localhost:8081/aptana/samples/rss-sample/lib/ajaxslt-0.8.1/xslt.js","GET",null,[object Object])
  ->  [Web.js:241] get("http://localhost:8081/aptana/samples/rss-sample/lib/ajaxslt-0.8.1/xslt.js")
  ->  [Includer.js:288] load("http://localhost:8081/aptana/samples/rss-sample/lib/ajaxslt-0.8.1/xslt.js",[object ChromeWindow],"server",false,false,false)
  ->  [NewElement.js:67] load("tempLoad_0.31657932534429381766502620595")
  ->  [index.html:24] <no name>
paths:
  -> file:///E:/Aptana%20Jaxer%20Apache/Jaxer/Apache2-4Build/jaxer/framework/src/ModuleLogger.js
  -> file:///E:/Aptana%20Jaxer%20Apache/Jaxer/Apache2-4Build/jaxer/framework/src/Web.js
  -> file:///E:/Aptana%20Jaxer%20Apache/Jaxer/Apache2-4Build/jaxer/framework/src/Includer.js
  -> file:///E:/Aptana%20Jaxer%20Apache/Jaxer/Apache2-4Build/jaxer/framework/src/NewElement.js
  -> http://localhost:8081/aptana/samples/rss-sample/index.html

01:10:20 12/24/2025 [ 32928] [TRACE] [JS Framework] [Includer.load] Retrieved 18440 characters from 'http://localhost:8081/aptana/samples/rss-sample/lib/ajaxslt-0.8.1/xslt.js'
stack:
  ->  [ModuleLogger.js:98] trace("Retrieved 18440 characters from 'http://localhost:8081/aptana/samples/rss-sample/lib/ajaxslt-0.8.1/xslt.js'")
  ->  [Includer.js:290] load("http://localhost:8081/aptana/samples/rss-sample/lib/ajaxslt-0.8.1/xslt.js",[object ChromeWindow],"server",false,false,false)
  ->  [NewElement.js:67] load("tempLoad_0.31657932534429381766502620595")
  ->  [index.html:24] <no name>
paths:
  -> file:///E:/Aptana%20Jaxer%20Apache/Jaxer/Apache2-4Build/jaxer/framework/src/ModuleLogger.js
  -> file:///E:/Aptana%20Jaxer%20Apache/Jaxer/Apache2-4Build/jaxer/framework/src/Includer.js
  -> file:///E:/Aptana%20Jaxer%20Apache/Jaxer/Apache2-4Build/jaxer/framework/src/NewElement.js
  -> http://localhost:8081/aptana/samples/rss-sample/index.html

01:10:20 12/24/2025 [ 32928] [TRACE] [JS Framework] [Includer.load] Evaluating 'http://localhost:8081/aptana/samples/rss-sample/lib/ajaxslt-0.8.1/xslt.js'
stack:
  ->  [ModuleLogger.js:98] trace("Evaluating 'http://localhost:8081/aptana/samples/rss-sample/lib/ajaxslt-0.8.1/xslt.js'")
  ->  [Includer.js:328] load("http://localhost:8081/aptana/samples/rss-sample/lib/ajaxslt-0.8.1/xslt.js",[object ChromeWindow],"server",false,false,false)
  ->  [NewElement.js:67] load("tempLoad_0.31657932534429381766502620595")
  ->  [index.html:24] <no name>
paths:
  -> file:///E:/Aptana%20Jaxer%20Apache/Jaxer/Apache2-4Build/jaxer/framework/src/ModuleLogger.js
  -> file:///E:/Aptana%20Jaxer%20Apache/Jaxer/Apache2-4Build/jaxer/framework/src/Includer.js
  -> file:///E:/Aptana%20Jaxer%20Apache/Jaxer/Apache2-4Build/jaxer/framework/src/NewElement.js
  -> http://localhost:8081/aptana/samples/rss-sample/index.html

01:10:20 12/24/2025 [ 32928] [TRACE] [JS Framework] [Includer.evalOn] Evaluating using Jaxer.request.evaluateScript: contents = // Copyrig... with global = [object ChromeWindow] and effectiveUrl = http://localhost:8081/aptana/samples/rss-sample/lib/ajaxslt-0.8.1/xslt.js
stack:
  ->  [ModuleLogger.js:98] trace("Evaluating using Jaxer.request.evaluateScript: contents = // Copyrig... with global = [object ChromeWindow] and effectiveUrl = http://localhost:8081/aptana/samples/rss-sample/lib/ajaxslt-0.8.1/xslt.js")
  ->  [Includer.js:131] evalOn("// Copyright 2005 Google Inc.\n// All Rights Reserved\n//\n//\n// An XSL-T processor written in JavaScript. The implementation is NOT\n// complete; some xsl element are left out.\n//\n// References:\n//\n// [XSLT] XSL-T Specification\n// <http://www.w3.org/TR/1999/REC-xslt-19991116>.\n//\n// [ECMA] ECMAScript Language Specification\n// <http://www.ecma-international.org/publications/standards/Ecma-262.htm>.\n//\n// The XSL processor API has one entry point, the function\n// xsltProcessContext(). It receives as arguments the starting point in the\n// input document as an XPath expression context, the DOM root node of\n// the XSL-T stylesheet, and a DOM node that receives the output.\n//\n// NOTE: Actually, XSL-T processing according to the specification is\n// defined as operation on text documents, not as operation on DOM\n// trees. So, strictly speaking, this implementation is not an XSL-T\n// processor, but the processing engine that needs to be complemented\n// by an XML parser and serializer in order to be complete. Those two\n// are found in the file xml.js.\n//\n//\n// TODO(mesch): add jsdoc comments. Use more coherent naming. Finish\n// remaining XSLT features.\n//\n//\n// Author: Steffen Meschkat <mesch@google.com>\n\n\n// The exported entry point of the XSL-T processor, as explained\n// above.\n//\n// @param xmlDoc The input document root, as DOM node.\n// @param template The stylesheet document root, as DOM node.\n// @return the processed document, as XML text in a string.\n\nfunction xsltProcess(xmlDoc, stylesheet) {\n  var output = domCreateDocumentFragment(new XDocument);\n  xsltProcessContext(new ExprContext(xmlDoc), stylesheet, output);\n  var ret = xmlText(output);\n  return ret;\n}\n\n// The main entry point of the XSL-T processor, as explained above.\n//\n// @param input The input document root, as XPath ExprContext.\n// @param template The stylesheet document root, as DOM node.\n// @param the root of the generated output, as DOM node.\n\nfunction xsltProcessContext(input, template, output) {\n  var outputDocument = xmlOwnerDocument(output);\n\n  var nodename = template.nodeName.split(/:/);\n  if (nodename.length == 1 || nodename[0] != 'xsl') {\n    xsltPassThrough(input, template, output, outputDocument);\n\n  } else {\n    switch(nodename[1]) {\n    case 'apply-imports':\n      alert('not implemented: ' + nodename[1]);\n      break;\n\n    case 'apply-templates':\n      var select = xmlGetAttribute(template, 'select');\n      var nodes;\n      if (select) {\n        nodes = xpathEval(select,input).nodeSetValue();\n      } else {\n        nodes = input.node.childNodes;\n      }\n\n      var sortContext = input.clone(nodes[0], 0, nodes);\n      xsltWithParam(sortContext, template);\n      xsltSort(sortContext, template);\n\n      var mode = xmlGetAttribute(template, 'mode');\n      var top = template.ownerDocument.documentElement;\n      var templates = [];\n      for (var i = 0; i < top.childNodes.length; ++i) {\n        var c = top.childNodes[i];\n        if (c.nodeType == DOM_ELEMENT_NODE &&\n            c.nodeName == 'xsl:template' &&\n            c.getAttribute('mode') == mode) {\n          templates.push(c);\n        }\n      }\n      for (var j = 0; j < sortContext.contextSize(); ++j) {\n        var nj = sortContext.nodelist[j];\n        for (var i = 0; i < templates.length; ++i) {\n          xsltProcessContext(sortContext.clone(nj, j), templates[i], output);\n        }\n      }\n      break;\n\n    case 'attribute':\n      var nameexpr = xmlGetAttribute(template, 'name');\n      var name = xsltAttributeValue(nameexpr, input);\n      var node = domCreateDocumentFragment(outputDocument);\n      xsltChildNodes(input, template, node);\n      var value = xmlValue(node);\n      domSetAttribute(output, name, value);\n      break;\n\n    case 'attribute-set':\n      alert('not implemented: ' + nodename[1]);\n      break;\n\n    case 'call-template':\n      var name = xmlGetAttribute(template, 'name');\n      var top = template.ownerDocument.documentElement;\n\n      var paramContext = input.clone();\n      xsltWithParam(paramContext, template);\n\n      for (var i = 0; i < top.childNodes.length; ++i) {\n        var c = top.childNodes[i];\n        if (c.nodeType == DOM_ELEMENT_NODE &&\n            c.nodeName == 'xsl:template' &&\n            domGetAttribute(c, 'name') == name) {\n          xsltChildNodes(paramContext, c, output);\n          break;\n        }\n      }\n      break;\n\n    case 'choose':\n      xsltChoose(input, template, output);\n      break;\n\n    case 'comment':\n      var node = domCreateDocumentFragment(outputDocument);\n      xsltChildNodes(input, template, node);\n      var commentData = xmlValue(node);\n      var commentNode = domCreateComment(outputDocument, commentData);\n      output.appendChild(commentNode);\n      break;\n\n    case 'copy':\n      var node = xsltCopy(output, input.node, outputDocument);\n      if (node) {\n        xsltChildNodes(input, template, node);\n      }\n      break;\n\n    case 'copy-of':\n      var select = xmlGetAttribute(template, 'select');\n      var value = xpathEval(select, input);\n      if (value.type == 'node-set') {\n        var nodes = value.nodeSetValue();\n        for (var i = 0; i < nodes.length; ++i) {\n          xsltCopyOf(output, nodes[i], outputDocument);\n        }\n\n      } else {\n        var node = domCreateTextNode(outputDocument, value.stringValue());\n        domAppendChild(output, node);\n      }\n      break;\n\n    case 'decimal-format':\n      alert('not implemented: ' + nodename[1]);\n      break;\n\n    case 'element':\n      var nameexpr = xmlGetAttribute(template, 'name');\n      var name = xsltAttributeValue(nameexpr, input);\n      var node = domCreateElement(outputDocument, name);\n      domAppendChild(output, node);\n      xsltChildNodes(input, template, node);\n      break;\n\n    case 'fallback':\n      alert('not implemented: ' + nodename[1]);\n      break;\n\n    case 'for-each':\n      xsltForEach(input, template, output);\n      break;\n\n    case 'if':\n      var test = xmlGetAttribute(template, 'test');\n      if (xpathEval(test, input).booleanValue()) {\n        xsltChildNodes(input, template, output);\n      }\n      break;\n\n    case 'import':\n      alert('not implemented: ' + nodename[1]);\n      break;\n\n    case 'include':\n      alert('not implemented: ' + nodename[1]);\n      break;\n\n    case 'key':\n      alert('not implemented: ' + nodename[1]);\n      break;\n\n    case 'message':\n      alert('not implemented: ' + nodename[1]);\n      break;\n\n    case 'namespace-alias':\n      alert('not implemented: ' + nodename[1]);\n      break;\n\n    case 'number':\n      alert('not implemented: ' + nodename[1]);\n      break;\n\n    case 'otherwise':\n      alert('error if here: ' + nodename[1]);\n      break;\n\n    case 'output':\n      // Ignored. -- Since we operate on the DOM, and all further use\n      // of the output of the XSL transformation is determined by the\n      // browser that we run in, this parameter is not applicable to\n      // this implementation.\n      break;\n\n    case 'preserve-space':\n      alert('not implemented: ' + nodename[1]);\n      break;\n\n    case 'processing-instruction':\n      alert('not implemented: ' + nodename[1]);\n      break;\n\n    case 'sort':\n      // just ignore -- was handled by xsltSort()\n      break;\n\n    case 'strip-space':\n      alert('not implemented: ' + nodename[1]);\n      break;\n\n    case 'stylesheet':\n    case 'transform':\n      xsltChildNodes(input, template, output);\n      break;\n\n    case 'template':\n      var match = xmlGetAttribute(template, 'match');\n      if (match && xsltMatch(match, input)) {\n        xsltChildNodes(input, template, output);\n      }\n      break;\n\n    case 'text':\n      var text = xmlValue(template);\n      var node = domCreateTextNode(outputDocument, text);\n      output.appendChild(node);\n      break;\n\n    case 'value-of':\n      var select = xmlGetAttribute(template, 'select');\n      var value = xpathEval(select, input).stringValue();\n      var node = domCreateTextNode(outputDocument, value);\n      output.appendChild(node);\n      break;\n\n    case 'param':\n      xsltVariable(input, template, false);\n      break;\n\n    case 'variable':\n      xsltVariable(input, template, true);\n      break;\n\n    case 'when':\n      alert('error if here: ' + nodename[1]);\n      break;\n\n    case 'with-param':\n      alert('error if here: ' + nodename[1]);\n      break;\n\n    default:\n      alert('error if here: ' + nodename[1]);\n      break;\n    }\n  }\n}\n\n\n// Sets parameters defined by xsl:with-param child nodes of the\n// current template node, in the current input context. This happens\n// before the operation specified by the current template node is\n// executed.\n\nfunction xsltWithParam(input, template) {\n  for (var i = 0; i < template.childNodes.length; ++i) {\n    var c = template.childNodes[i];\n    if (c.nodeType == DOM_ELEMENT_NODE && c.nodeName == 'xsl:with-param') {\n      xsltVariable(input, c, true);\n    }\n  }\n}\n\n\n// Orders the current node list in the input context according to the\n// sort order specified by xsl:sort child nodes of the current\n// template node. This happens before the operation specified by the\n// current template node is executed.\n//\n// TODO(mesch): case-order is not implemented.\n\nfunction xsltSort(input, template) {\n  var sort = [];\n  for (var i = 0; i < template.childNodes.length; ++i) {\n    var c = template.childNodes[i];\n    if (c.nodeType == DOM_ELEMENT_NODE && c.nodeName == 'xsl:sort') {\n      var select = xmlGetAttribute(c, 'select');\n      var expr = xpathParse(select);\n      var type = xmlGetAttribute(c, 'data-type') || 'text';\n      var order = xmlGetAttribute(c, 'order') || 'ascending';\n      sort.push({ expr: expr, type: type, order: order });\n    }\n  }\n\n  xpathSort(input, sort);\n}\n\n\n// Evaluates a variable or parameter and set it in the current input\n// context. Implements xsl:variable, xsl:param, and xsl:with-param.\n//\n// @param override flag that defines if the value computed here\n// overrides the one already in the input context if that is the\n// case. I.e. decides if this is a default value or a local\n// value. xsl:variable and xsl:with-param override; xsl:param doesn't.\n\nfunction xsltVariable(input, template, override) {\n  var name = xmlGetAttribute(template, 'name');\n  var select = xmlGetAttribute(template, 'select');\n\n  var value;\n\n  if (template.childNodes.length > 0) {\n    var root = domCreateDocumentFragment(template.ownerDocument);\n    xsltChildNodes(input, template, root);\n    value = new NodeSetValue([root]);\n\n  } else if (select) {\n    value = xpathEval(select, input);\n\n  } else {\n    value = new StringValue('');\n  }\n\n  if (override || !input.getVariable(name)) {\n    input.setVariable(name, value);\n  }\n}\n\n\n// Implements xsl:chose and its child nodes xsl:when and\n// xsl:otherwise.\n\nfunction xsltChoose(input, template, output) {\n  for (var i = 0; i < template.childNodes.length; ++i) {\n    var childNode = template.childNodes[i];\n    if (childNode.nodeType != DOM_ELEMENT_NODE) {\n      continue;\n\n    } else if (childNode.nodeName == 'xsl:when') {\n      var test = xmlGetAttribute(childNode, 'test');\n      if (xpathEval(test, input).booleanValue()) {\n        xsltChildNodes(input, childNode, output);\n        break;\n      }\n\n    } else if (childNode.nodeName == 'xsl:otherwise') {\n      xsltChildNodes(input, childNode, output);\n      break;\n    }\n  }\n}\n\n\n// Implements xsl:for-each.\n\nfunction xsltForEach(input, template, output) {\n  var select = xmlGetAttribute(template, 'select');\n  var nodes = xpathEval(select, input).nodeSetValue();\n  var sortContext = input.clone(nodes[0], 0, nodes);\n  xsltSort(sortContext, template);\n  for (var i = 0; i < sortContext.contextSize(); ++i) {\n    var ni = sortContext.nodelist[i];\n    xsltChildNodes(sortContext.clone(ni, i), template, output);\n  }\n}\n\n\n// Traverses the template node tree. Calls the main processing\n// function with the current input context for every child node of the\n// current template node.\n\nfunction xsltChildNodes(input, template, output) {\n  // Clone input context to keep variables declared here local to the\n  // siblings of the children.\n  var context = input.clone();\n  for (var i = 0; i < template.childNodes.length; ++i) {\n    xsltProcessContext(context, template.childNodes[i], output);\n  }\n}\n\n\n// Passes template text to the output. The current template node does\n// not specify an XSL-T operation and therefore is appended to the\n// output with all its attributes. Then continues traversing the\n// template node tree.\n\nfunction xsltPassThrough(input, template, output, outputDocument) {\n  if (template.nodeType == DOM_TEXT_NODE) {\n    if (xsltPassText(template)) {\n      var node = domCreateTextNode(outputDocument, template.nodeValue);\n      domAppendChild(output, node);\n    }\n\n  } else if (template.nodeType == DOM_ELEMENT_NODE) {\n    var node = domCreateElement(outputDocument, template.nodeName);\n    for (var i = 0; i < template.attributes.length; ++i) {\n      var a = template.attributes[i];\n      if (a) {\n        var name = a.nodeName;\n        var value = xsltAttributeValue(a.nodeValue, input);\n        domSetAttribute(node, name, value);\n      }\n    }\n    domAppendChild(output, node);\n    xsltChildNodes(input, template, node);\n\n  } else {\n    // This applies also to the DOCUMENT_NODE of the XSL stylesheet,\n    // so we don't have to treat it specially.\n    xsltChildNodes(input, template, output);\n  }\n}\n\n// Determines if a text node in the XSLT template document is to be\n// stripped according to XSLT whitespace stipping rules.\n//\n// See [XSLT], section 3.4.\n//\n// TODO(mesch): Whitespace stripping on the input document is\n// currently not implemented.\n\nfunction xsltPassText(template) {\n  if (!template.nodeValue.match(/^\\s*$/)) {\n    return true;\n  }\n\n  var element = template.parentNode;\n  if (element.nodeName == 'xsl:text') {\n    return true;\n  }\n\n  while (element && element.nodeType == DOM_ELEMENT_NODE) {\n    var xmlspace = domGetAttribute(element, 'xml:space');\n    if (xmlspace) {\n      if (xmlspace == 'default') {\n        return false;\n      } else if (xmlspace == 'preserve') {\n        return true;\n      }\n    }\n\n    element = element.parentNode;\n  }\n\n  return false;\n}\n\n// Evaluates an XSL-T attribute value template. Attribute value\n// templates are attributes on XSL-T elements that contain XPath\n// expressions in braces {}. The XSL-T expressions are evaluated in\n// the current input context. NOTE(mesch): We are using stringSplit()\n// instead of string.split() for IE compatibility, see comment on\n// stringSplit().\n\nfunction xsltAttributeValue(value, context) {\n  var parts = stringSplit(value, '{');\n  if (parts.length == 1) {\n    return value;\n  }\n\n  var ret = '';\n  for (var i = 0; i < parts.length; ++i) {\n    var rp = stringSplit(parts[i], '}');\n    if (rp.length != 2) {\n      // first literal part of the value\n      ret += parts[i];\n      continue;\n    }\n\n    var val = xpathEval(rp[0], context).stringValue();\n    ret += val + rp[1];\n  }\n\n  return ret;\n}\n\n\n// Wrapper function to access attribute values of template element\n// nodes. Currently this calls xmlResolveEntities because in some DOM\n// implementations the return value of node.getAttributeValue()\n// contains unresolved XML entities, although the DOM spec requires\n// that entity references are resolved by te DOM.\nfunction xmlGetAttribute(node, name) {\n  // TODO(mesch): This should not be necessary if the DOM is working\n  // correctly. The DOM is responsible for resolving entities, not the\n  // application.\n  var value = domGetAttribute(node, name);\n  if (value) {\n    return xmlResolveEntities(value);\n  } else {\n    return value;\n  }\n};\n\n\n// Implements xsl:copy-of for node-set values of the select\n// expression. Recurses down the source node tree, which is part of\n// the input document.\n//\n// @param {Node} dst the node being copied to, part of output document,\n// @param {Node} src the node being copied, part in input document,\n// @param {Document} dstDocument\n\nfunction xsltCopyOf(dst, src, dstDocument) {\n  if (src.nodeType == DOM_DOCUMENT_FRAGMENT_NODE ||\n      src.nodeType == DOM_DOCUMENT_NODE) {\n    for (var i = 0; i < src.childNodes.length; ++i) {\n      arguments.callee(dst, src.childNodes[i], dstDocument);\n    }\n  } else {\n    var node = xsltCopy(dst, src, dstDocument);\n    if (node) {\n      // This was an element node -- recurse to attributes and\n      // children.\n      for (var i = 0; i < src.attributes.length; ++i) {\n        arguments.callee(node, src.attributes[i], dstDocument);\n      }\n\n      for (var i = 0; i < src.childNodes.length; ++i) {\n        arguments.callee(node, src.childNodes[i], dstDocument);\n      }\n    }\n  }\n}\n\n\n// Implements xsl:copy for all node types.\n//\n// @param {Node} dst the node being copied to, part of output document,\n// @param {Node} src the node being copied, part in input document,\n// @param {Document} dstDocument\n// @return {Node|Null} If an element node was created, the element\n// node. Otherwise null.\n\nfunction xsltCopy(dst, src, dstDocument) {\n  if (src.nodeType == DOM_ELEMENT_NODE) {\n    var node = domCreateElement(dstDocument, src.nodeName);\n    domAppendChild(dst, node);\n    return node;\n  }\n\n  if (src.nodeType == DOM_TEXT_NODE) {\n    var node = domCreateTextNode(dstDocument, src.nodeValue);\n    domAppendChild(dst, node);\n\n  } else if (src.nodeType == DOM_CDATA_SECTION_NODE) {\n    var node = domCreateCDATASection(dstDocument, src.nodeValue);\n    domAppendChild(dst, node);\n\n  } else if (src.nodeType == DOM_COMMENT_NODE) {\n    var node = domCreateComment(dstDocument, src.nodeValue);\n    domAppendChild(dst, node);\n\n  } else if (src.nodeType == DOM_ATTRIBUTE_NODE) {\n    domSetAttribute(dst, src.nodeName, src.nodeValue);\n  }\n\n  return null;\n}\n\n\n// Evaluates an XPath expression in the current input context as a\n// match (see [XSLT] section 5.2, paragraph 1).\nfunction xsltMatch(match, context) {\n  var expr = xpathParse(match);\n\n  var ret;\n  // Shortcut for the most common case.\n  if (expr.steps && !expr.absolute && expr.steps.length == 1 &&\n      expr.steps[0].axis == 'child' && expr.steps[0].predicate.length == 0) {\n    ret = expr.steps[0].nodetest.evaluate(context).booleanValue();\n\n  } else {\n\n    ret = false;\n    var node = context.node;\n\n    while (!ret && node) {\n      var result = expr.evaluate(context.clone(node,0,[node])).nodeSetValue();\n      for (var i = 0; i < result.length; ++i) {\n        if (result[i] == context.node) {\n          ret = true;\n          break;\n        }\n      }\n      node = node.parentNode;\n    }\n  }\n\n  return ret;\n}\n",[object ChromeWindow],"http://localhost:8081/aptana/samples/rss-sample/lib/ajaxslt-0.8.1/xslt.js")
  ->  [Includer.js:329] load("http://localhost:8081/aptana/samples/rss-sample/lib/ajaxslt-0.8.1/xslt.js",[object ChromeWindow],"server",false,false,false)
  ->  [NewElement.js:67] load("tempLoad_0.31657932534429381766502620595")
  ->  [index.html:24] <no name>
paths:
  -> file:///E:/Aptana%20Jaxer%20Apache/Jaxer/Apache2-4Build/jaxer/framework/src/ModuleLogger.js
  -> file:///E:/Aptana%20Jaxer%20Apache/Jaxer/Apache2-4Build/jaxer/framework/src/Includer.js
  -> file:///E:/Aptana%20Jaxer%20Apache/Jaxer/Apache2-4Build/jaxer/framework/src/NewElement.js
  -> http://localhost:8081/aptana/samples/rss-sample/index.html

01:10:20 12/24/2025 [ 32928] [TRACE] [JS Framework] [Includer.load] Jaxer.pageWindow.Jaxer.__newFunctions contains 15 items
stack:
  ->  [ModuleLogger.js:98] trace("Jaxer.pageWindow.Jaxer.__newFunctions contains 15 items")
  ->  [Includer.js:334] load("http://localhost:8081/aptana/samples/rss-sample/lib/ajaxslt-0.8.1/xslt.js",[object ChromeWindow],"server",false,false,false)
  ->  [NewElement.js:67] load("tempLoad_0.31657932534429381766502620595")
  ->  [index.html:24] <no name>
paths:
  -> file:///E:/Aptana%20Jaxer%20Apache/Jaxer/Apache2-4Build/jaxer/framework/src/ModuleLogger.js
  -> file:///E:/Aptana%20Jaxer%20Apache/Jaxer/Apache2-4Build/jaxer/framework/src/Includer.js
  -> file:///E:/Aptana%20Jaxer%20Apache/Jaxer/Apache2-4Build/jaxer/framework/src/NewElement.js
  -> http://localhost:8081/aptana/samples/rss-sample/index.html

01:10:20 12/24/2025 [ 32928] [TRACE] [JS Framework] [Includer.setRunat] Set runat='server' on function named 'xsltProcess'
stack:
  ->  [ModuleLogger.js:98] trace("Set runat='server' on function named 'xsltProcess'")
  ->  [Includer.js:345] setRunat("xsltProcess",0,[object Array])
  ->  [Includer.js:336] load("http://localhost:8081/aptana/samples/rss-sample/lib/ajaxslt-0.8.1/xslt.js",[object ChromeWindow],"server",false,false,false)
  ->  [NewElement.js:67] load("tempLoad_0.31657932534429381766502620595")
  ->  [index.html:24] <no name>
paths:
  -> file:///E:/Aptana%20Jaxer%20Apache/Jaxer/Apache2-4Build/jaxer/framework/src/ModuleLogger.js
  -> file:///E:/Aptana%20Jaxer%20Apache/Jaxer/Apache2-4Build/jaxer/framework/src/Includer.js
  -> file:///E:/Aptana%20Jaxer%20Apache/Jaxer/Apache2-4Build/jaxer/framework/src/NewElement.js
  -> http://localhost:8081/aptana/samples/rss-sample/index.html

01:10:20 12/24/2025 [ 32928] [TRACE] [JS Framework] [Includer.setRunat] Set runat='server' on function named 'xsltProcessContext'
stack:
  ->  [ModuleLogger.js:98] trace("Set runat='server' on function named 'xsltProcessContext'")
  ->  [Includer.js:345] setRunat("xsltProcessContext",1,[object Array])
  ->  [Includer.js:336] load("http://localhost:8081/aptana/samples/rss-sample/lib/ajaxslt-0.8.1/xslt.js",[object ChromeWindow],"server",false,false,false)
  ->  [NewElement.js:67] load("tempLoad_0.31657932534429381766502620595")
  ->  [index.html:24] <no name>
paths:
  -> file:///E:/Aptana%20Jaxer%20Apache/Jaxer/Apache2-4Build/jaxer/framework/src/ModuleLogger.js
  -> file:///E:/Aptana%20Jaxer%20Apache/Jaxer/Apache2-4Build/jaxer/framework/src/Includer.js
  -> file:///E:/Aptana%20Jaxer%20Apache/Jaxer/Apache2-4Build/jaxer/framework/src/NewElement.js
  -> http://localhost:8081/aptana/samples/rss-sample/index.html

01:10:20 12/24/2025 [ 32928] [TRACE] [JS Framework] [Includer.setRunat] Set runat='server' on function named 'xsltWithParam'
stack:
  ->  [ModuleLogger.js:98] trace("Set runat='server' on function named 'xsltWithParam'")
  ->  [Includer.js:345] setRunat("xsltWithParam",2,[object Array])
  ->  [Includer.js:336] load("http://localhost:8081/aptana/samples/rss-sample/lib/ajaxslt-0.8.1/xslt.js",[object ChromeWindow],"server",false,false,false)
  ->  [NewElement.js:67] load("tempLoad_0.31657932534429381766502620595")
  ->  [index.html:24] <no name>
paths:
  -> file:///E:/Aptana%20Jaxer%20Apache/Jaxer/Apache2-4Build/jaxer/framework/src/ModuleLogger.js
  -> file:///E:/Aptana%20Jaxer%20Apache/Jaxer/Apache2-4Build/jaxer/framework/src/Includer.js
  -> file:///E:/Aptana%20Jaxer%20Apache/Jaxer/Apache2-4Build/jaxer/framework/src/NewElement.js
  -> http://localhost:8081/aptana/samples/rss-sample/index.html

01:10:20 12/24/2025 [ 32928] [TRACE] [JS Framework] [Includer.setRunat] Set runat='server' on function named 'xsltSort'
stack:
  ->  [ModuleLogger.js:98] trace("Set runat='server' on function named 'xsltSort'")
  ->  [Includer.js:345] setRunat("xsltSort",3,[object Array])
  ->  [Includer.js:336] load("http://localhost:8081/aptana/samples/rss-sample/lib/ajaxslt-0.8.1/xslt.js",[object ChromeWindow],"server",false,false,false)
  ->  [NewElement.js:67] load("tempLoad_0.31657932534429381766502620595")
  ->  [index.html:24] <no name>
paths:
  -> file:///E:/Aptana%20Jaxer%20Apache/Jaxer/Apache2-4Build/jaxer/framework/src/ModuleLogger.js
  -> file:///E:/Aptana%20Jaxer%20Apache/Jaxer/Apache2-4Build/jaxer/framework/src/Includer.js
  -> file:///E:/Aptana%20Jaxer%20Apache/Jaxer/Apache2-4Build/jaxer/framework/src/NewElement.js
  -> http://localhost:8081/aptana/samples/rss-sample/index.html

01:10:20 12/24/2025 [ 32928] [TRACE] [JS Framework] [Includer.setRunat] Set runat='server' on function named 'xsltVariable'
stack:
  ->  [ModuleLogger.js:98] trace("Set runat='server' on function named 'xsltVariable'")
  ->  [Includer.js:345] setRunat("xsltVariable",4,[object Array])
  ->  [Includer.js:336] load("http://localhost:8081/aptana/samples/rss-sample/lib/ajaxslt-0.8.1/xslt.js",[object ChromeWindow],"server",false,false,false)
  ->  [NewElement.js:67] load("tempLoad_0.31657932534429381766502620595")
  ->  [index.html:24] <no name>
paths:
  -> file:///E:/Aptana%20Jaxer%20Apache/Jaxer/Apache2-4Build/jaxer/framework/src/ModuleLogger.js
  -> file:///E:/Aptana%20Jaxer%20Apache/Jaxer/Apache2-4Build/jaxer/framework/src/Includer.js
  -> file:///E:/Aptana%20Jaxer%20Apache/Jaxer/Apache2-4Build/jaxer/framework/src/NewElement.js
  -> http://localhost:8081/aptana/samples/rss-sample/index.html

01:10:20 12/24/2025 [ 32928] [TRACE] [JS Framework] [Includer.setRunat] Set runat='server' on function named 'xsltChoose'
stack:
  ->  [ModuleLogger.js:98] trace("Set runat='server' on function named 'xsltChoose'")
  ->  [Includer.js:345] setRunat("xsltChoose",5,[object Array])
  ->  [Includer.js:336] load("http://localhost:8081/aptana/samples/rss-sample/lib/ajaxslt-0.8.1/xslt.js",[object ChromeWindow],"server",false,false,false)
  ->  [NewElement.js:67] load("tempLoad_0.31657932534429381766502620595")
  ->  [index.html:24] <no name>
paths:
  -> file:///E:/Aptana%20Jaxer%20Apache/Jaxer/Apache2-4Build/jaxer/framework/src/ModuleLogger.js
  -> file:///E:/Aptana%20Jaxer%20Apache/Jaxer/Apache2-4Build/jaxer/framework/src/Includer.js
  -> file:///E:/Aptana%20Jaxer%20Apache/Jaxer/Apache2-4Build/jaxer/framework/src/NewElement.js
  -> http://localhost:8081/aptana/samples/rss-sample/index.html

01:10:20 12/24/2025 [ 32928] [TRACE] [JS Framework] [Includer.setRunat] Set runat='server' on function named 'xsltForEach'
stack:
  ->  [ModuleLogger.js:98] trace("Set runat='server' on function named 'xsltForEach'")
  ->  [Includer.js:345] setRunat("xsltForEach",6,[object Array])
  ->  [Includer.js:336] load("http://localhost:8081/aptana/samples/rss-sample/lib/ajaxslt-0.8.1/xslt.js",[object ChromeWindow],"server",false,false,false)
  ->  [NewElement.js:67] load("tempLoad_0.31657932534429381766502620595")
  ->  [index.html:24] <no name>
paths:
  -> file:///E:/Aptana%20Jaxer%20Apache/Jaxer/Apache2-4Build/jaxer/framework/src/ModuleLogger.js
  -> file:///E:/Aptana%20Jaxer%20Apache/Jaxer/Apache2-4Build/jaxer/framework/src/Includer.js
  -> file:///E:/Aptana%20Jaxer%20Apache/Jaxer/Apache2-4Build/jaxer/framework/src/NewElement.js
  -> http://localhost:8081/aptana/samples/rss-sample/index.html

01:10:20 12/24/2025 [ 32928] [TRACE] [JS Framework] [Includer.setRunat] Set runat='server' on function named 'xsltChildNodes'
stack:
  ->  [ModuleLogger.js:98] trace("Set runat='server' on function named 'xsltChildNodes'")
  ->  [Includer.js:345] setRunat("xsltChildNodes",7,[object Array])
  ->  [Includer.js:336] load("http://localhost:8081/aptana/samples/rss-sample/lib/ajaxslt-0.8.1/xslt.js",[object ChromeWindow],"server",false,false,false)
  ->  [NewElement.js:67] load("tempLoad_0.31657932534429381766502620595")
  ->  [index.html:24] <no name>
paths:
  -> file:///E:/Aptana%20Jaxer%20Apache/Jaxer/Apache2-4Build/jaxer/framework/src/ModuleLogger.js
  -> file:///E:/Aptana%20Jaxer%20Apache/Jaxer/Apache2-4Build/jaxer/framework/src/Includer.js
  -> file:///E:/Aptana%20Jaxer%20Apache/Jaxer/Apache2-4Build/jaxer/framework/src/NewElement.js
  -> http://localhost:8081/aptana/samples/rss-sample/index.html

01:10:20 12/24/2025 [ 32928] [TRACE] [JS Framework] [Includer.setRunat] Set runat='server' on function named 'xsltPassThrough'
stack:
  ->  [ModuleLogger.js:98] trace("Set runat='server' on function named 'xsltPassThrough'")
  ->  [Includer.js:345] setRunat("xsltPassThrough",8,[object Array])
  ->  [Includer.js:336] load("http://localhost:8081/aptana/samples/rss-sample/lib/ajaxslt-0.8.1/xslt.js",[object ChromeWindow],"server",false,false,false)
  ->  [NewElement.js:67] load("tempLoad_0.31657932534429381766502620595")
  ->  [index.html:24] <no name>
paths:
  -> file:///E:/Aptana%20Jaxer%20Apache/Jaxer/Apache2-4Build/jaxer/framework/src/ModuleLogger.js
  -> file:///E:/Aptana%20Jaxer%20Apache/Jaxer/Apache2-4Build/jaxer/framework/src/Includer.js
  -> file:///E:/Aptana%20Jaxer%20Apache/Jaxer/Apache2-4Build/jaxer/framework/src/NewElement.js
  -> http://localhost:8081/aptana/samples/rss-sample/index.html

01:10:20 12/24/2025 [ 32928] [TRACE] [JS Framework] [Includer.setRunat] Set runat='server' on function named 'xsltPassText'
stack:
  ->  [ModuleLogger.js:98] trace("Set runat='server' on function named 'xsltPassText'")
  ->  [Includer.js:345] setRunat("xsltPassText",9,[object Array])
  ->  [Includer.js:336] load("http://localhost:8081/aptana/samples/rss-sample/lib/ajaxslt-0.8.1/xslt.js",[object ChromeWindow],"server",false,false,false)
  ->  [NewElement.js:67] load("tempLoad_0.31657932534429381766502620595")
  ->  [index.html:24] <no name>
paths:
  -> file:///E:/Aptana%20Jaxer%20Apache/Jaxer/Apache2-4Build/jaxer/framework/src/ModuleLogger.js
  -> file:///E:/Aptana%20Jaxer%20Apache/Jaxer/Apache2-4Build/jaxer/framework/src/Includer.js
  -> file:///E:/Aptana%20Jaxer%20Apache/Jaxer/Apache2-4Build/jaxer/framework/src/NewElement.js
  -> http://localhost:8081/aptana/samples/rss-sample/index.html

01:10:20 12/24/2025 [ 32928] [TRACE] [JS Framework] [Includer.setRunat] Set runat='server' on function named 'xsltAttributeValue'
stack:
  ->  [ModuleLogger.js:98] trace("Set runat='server' on function named 'xsltAttributeValue'")
  ->  [Includer.js:345] setRunat("xsltAttributeValue",10,[object Array])
  ->  [Includer.js:336] load("http://localhost:8081/aptana/samples/rss-sample/lib/ajaxslt-0.8.1/xslt.js",[object ChromeWindow],"server",false,false,false)
  ->  [NewElement.js:67] load("tempLoad_0.31657932534429381766502620595")
  ->  [index.html:24] <no name>
paths:
  -> file:///E:/Aptana%20Jaxer%20Apache/Jaxer/Apache2-4Build/jaxer/framework/src/ModuleLogger.js
  -> file:///E:/Aptana%20Jaxer%20Apache/Jaxer/Apache2-4Build/jaxer/framework/src/Includer.js
  -> file:///E:/Aptana%20Jaxer%20Apache/Jaxer/Apache2-4Build/jaxer/framework/src/NewElement.js
  -> http://localhost:8081/aptana/samples/rss-sample/index.html

01:10:20 12/24/2025 [ 32928] [TRACE] [JS Framework] [Includer.setRunat] Set runat='server' on function named 'xmlGetAttribute'
stack:
  ->  [ModuleLogger.js:98] trace("Set runat='server' on function named 'xmlGetAttribute'")
  ->  [Includer.js:345] setRunat("xmlGetAttribute",11,[object Array])
  ->  [Includer.js:336] load("http://localhost:8081/aptana/samples/rss-sample/lib/ajaxslt-0.8.1/xslt.js",[object ChromeWindow],"server",false,false,false)
  ->  [NewElement.js:67] load("tempLoad_0.31657932534429381766502620595")
  ->  [index.html:24] <no name>
paths:
  -> file:///E:/Aptana%20Jaxer%20Apache/Jaxer/Apache2-4Build/jaxer/framework/src/ModuleLogger.js
  -> file:///E:/Aptana%20Jaxer%20Apache/Jaxer/Apache2-4Build/jaxer/framework/src/Includer.js
  -> file:///E:/Aptana%20Jaxer%20Apache/Jaxer/Apache2-4Build/jaxer/framework/src/NewElement.js
  -> http://localhost:8081/aptana/samples/rss-sample/index.html

01:10:20 12/24/2025 [ 32928] [TRACE] [JS Framework] [Includer.setRunat] Set runat='server' on function named 'xsltCopyOf'
stack:
  ->  [ModuleLogger.js:98] trace("Set runat='server' on function named 'xsltCopyOf'")
  ->  [Includer.js:345] setRunat("xsltCopyOf",12,[object Array])
  ->  [Includer.js:336] load("http://localhost:8081/aptana/samples/rss-sample/lib/ajaxslt-0.8.1/xslt.js",[object ChromeWindow],"server",false,false,false)
  ->  [NewElement.js:67] load("tempLoad_0.31657932534429381766502620595")
  ->  [index.html:24] <no name>
paths:
  -> file:///E:/Aptana%20Jaxer%20Apache/Jaxer/Apache2-4Build/jaxer/framework/src/ModuleLogger.js
  -> file:///E:/Aptana%20Jaxer%20Apache/Jaxer/Apache2-4Build/jaxer/framework/src/Includer.js
  -> file:///E:/Aptana%20Jaxer%20Apache/Jaxer/Apache2-4Build/jaxer/framework/src/NewElement.js
  -> http://localhost:8081/aptana/samples/rss-sample/index.html

01:10:20 12/24/2025 [ 32928] [TRACE] [JS Framework] [Includer.setRunat] Set runat='server' on function named 'xsltCopy'
stack:
  ->  [ModuleLogger.js:98] trace("Set runat='server' on function named 'xsltCopy'")
  ->  [Includer.js:345] setRunat("xsltCopy",13,[object Array])
  ->  [Includer.js:336] load("http://localhost:8081/aptana/samples/rss-sample/lib/ajaxslt-0.8.1/xslt.js",[object ChromeWindow],"server",false,false,false)
  ->  [NewElement.js:67] load("tempLoad_0.31657932534429381766502620595")
  ->  [index.html:24] <no name>
paths:
  -> file:///E:/Aptana%20Jaxer%20Apache/Jaxer/Apache2-4Build/jaxer/framework/src/ModuleLogger.js
  -> file:///E:/Aptana%20Jaxer%20Apache/Jaxer/Apache2-4Build/jaxer/framework/src/Includer.js
  -> file:///E:/Aptana%20Jaxer%20Apache/Jaxer/Apache2-4Build/jaxer/framework/src/NewElement.js
  -> http://localhost:8081/aptana/samples/rss-sample/index.html

01:10:20 12/24/2025 [ 32928] [TRACE] [JS Framework] [Includer.setRunat] Set runat='server' on function named 'xsltMatch'
stack:
  ->  [ModuleLogger.js:98] trace("Set runat='server' on function named 'xsltMatch'")
  ->  [Includer.js:345] setRunat("xsltMatch",14,[object Array])
  ->  [Includer.js:336] load("http://localhost:8081/aptana/samples/rss-sample/lib/ajaxslt-0.8.1/xslt.js",[object ChromeWindow],"server",false,false,false)
  ->  [NewElement.js:67] load("tempLoad_0.31657932534429381766502620595")
  ->  [index.html:24] <no name>
paths:
  -> file:///E:/Aptana%20Jaxer%20Apache/Jaxer/Apache2-4Build/jaxer/framework/src/ModuleLogger.js
  -> file:///E:/Aptana%20Jaxer%20Apache/Jaxer/Apache2-4Build/jaxer/framework/src/Includer.js
  -> file:///E:/Aptana%20Jaxer%20Apache/Jaxer/Apache2-4Build/jaxer/framework/src/NewElement.js
  -> http://localhost:8081/aptana/samples/rss-sample/index.html

01:10:20 12/24/2025 [ 32928] [DEBUG] [JS Framework] [Includer.load] Included: http://localhost:8081/aptana/samples/rss-sample/lib/ajaxslt-0.8.1/xslt.js
stack:
  ->  [ModuleLogger.js:98] debug("Included: http://localhost:8081/aptana/samples/rss-sample/lib/ajaxslt-0.8.1/xslt.js")
  ->  [Includer.js:351] load("http://localhost:8081/aptana/samples/rss-sample/lib/ajaxslt-0.8.1/xslt.js",[object ChromeWindow],"server",false,false,false)
  ->  [NewElement.js:67] load("tempLoad_0.31657932534429381766502620595")
  ->  [index.html:24] <no name>
paths:
  -> file:///E:/Aptana%20Jaxer%20Apache/Jaxer/Apache2-4Build/jaxer/framework/src/ModuleLogger.js
  -> file:///E:/Aptana%20Jaxer%20Apache/Jaxer/Apache2-4Build/jaxer/framework/src/Includer.js
  -> file:///E:/Aptana%20Jaxer%20Apache/Jaxer/Apache2-4Build/jaxer/framework/src/NewElement.js
  -> http://localhost:8081/aptana/samples/rss-sample/index.html

01:10:20 12/24/2025 [ 32928] [TRACE] [JS Framework] [CoreEvents.fire] At this time, evt.Request.isHandler=false and eventType: NEW_ELEMENT - SCRIPT
stack:
  ->  [ModuleLogger.js:98] trace("At this time, evt.Request.isHandler=false and eventType: NEW_ELEMENT - SCRIPT")
  ->  [CoreEvents.js:205] fire("NEW_ELEMENT",[object XPCWrappedNative_NoHelper],[object HTMLDocument],[object HTMLScriptElement])
  ->  [aptEventHandler.js:157] observe([object XPCWrappedNative_NoHelper],"jaxerEvent.NewHTMLElement",null)
paths:
  -> file:///E:/Aptana%20Jaxer%20Apache/Jaxer/Apache2-4Build/jaxer/framework/src/ModuleLogger.js
  -> file:///E:/Aptana%20Jaxer%20Apache/Jaxer/Apache2-4Build/jaxer/framework/src/CoreEvents.js
  -> file:///E:/Aptana%20Jaxer%20Apache/Jaxer/Apache2-4Build/jaxer/components/aptEventHandler.js

01:10:20 12/24/2025 [ 32928] [TRACE] [JS Framework] [CoreEvents.fireEvent] Firing an event for NEW_ELEMENT
stack:
  ->  [ModuleLogger.js:98] trace("Firing an event for NEW_ELEMENT")
  ->  [CoreEvents.js:282] fireEvent("NEW_ELEMENT",[object Array])
  ->  [CoreEvents.js:238] fire("NEW_ELEMENT",[object XPCWrappedNative_NoHelper],[object HTMLDocument],[object HTMLScriptElement])
  ->  [aptEventHandler.js:157] observe([object XPCWrappedNative_NoHelper],"jaxerEvent.NewHTMLElement",null)
paths:
  -> file:///E:/Aptana%20Jaxer%20Apache/Jaxer/Apache2-4Build/jaxer/framework/src/ModuleLogger.js
  -> file:///E:/Aptana%20Jaxer%20Apache/Jaxer/Apache2-4Build/jaxer/framework/src/CoreEvents.js
  -> file:///E:/Aptana%20Jaxer%20Apache/Jaxer/Apache2-4Build/jaxer/components/aptEventHandler.js

01:10:20 12/24/2025 [ 32928] [TRACE] [JS Framework] [CoreEvents.fireEvent] Calling event handler: function onNewElement(evt, doc, elt) {
    switch (elt.tagNa...
stack:
  ->  [ModuleLogger.js:98] trace("Calling event handler: function onNewElement(evt, doc, elt) {\n    switch (elt.tagNa...")
  ->  [CoreEvents.js:292] fireEvent("NEW_ELEMENT",[object Array])
  ->  [CoreEvents.js:238] fire("NEW_ELEMENT",[object XPCWrappedNative_NoHelper],[object HTMLDocument],[object HTMLScriptElement])
  ->  [aptEventHandler.js:157] observe([object XPCWrappedNative_NoHelper],"jaxerEvent.NewHTMLElement",null)
paths:
  -> file:///E:/Aptana%20Jaxer%20Apache/Jaxer/Apache2-4Build/jaxer/framework/src/ModuleLogger.js
  -> file:///E:/Aptana%20Jaxer%20Apache/Jaxer/Apache2-4Build/jaxer/framework/src/CoreEvents.js
  -> file:///E:/Aptana%20Jaxer%20Apache/Jaxer/Apache2-4Build/jaxer/components/aptEventHandler.js

01:10:20 12/24/2025 [ 32928] [TRACE] [JS Framework] [NewElement.onNewElement] Received element: SCRIPT with no src and runat='server'
stack:
  ->  [ModuleLogger.js:98] trace("Received element: SCRIPT with no src and runat='server'")
  ->  [NewElement.js:88] onNewElement([object XPCWrappedNative_NoHelper],[object HTMLDocument],[object HTMLScriptElement])
  ->  [CoreEvents.js:293] fireEvent("NEW_ELEMENT",[object Array])
  ->  [CoreEvents.js:238] fire("NEW_ELEMENT",[object XPCWrappedNative_NoHelper],[object HTMLDocument],[object HTMLScriptElement])
  ->  [aptEventHandler.js:157] observe([object XPCWrappedNative_NoHelper],"jaxerEvent.NewHTMLElement",null)
paths:
  -> file:///E:/Aptana%20Jaxer%20Apache/Jaxer/Apache2-4Build/jaxer/framework/src/ModuleLogger.js
  -> file:///E:/Aptana%20Jaxer%20Apache/Jaxer/Apache2-4Build/jaxer/framework/src/NewElement.js
  -> file:///E:/Aptana%20Jaxer%20Apache/Jaxer/Apache2-4Build/jaxer/framework/src/CoreEvents.js
  -> file:///E:/Aptana%20Jaxer%20Apache/Jaxer/Apache2-4Build/jaxer/components/aptEventHandler.js

01:10:20 12/24/2025 [ 32928] [TRACE] [JS Framework] [CoreEvents.fire] At this time, evt.Request.isHandler=false and eventType: NEW_ELEMENT - SCRIPT
stack:
  ->  [ModuleLogger.js:98] trace("At this time, evt.Request.isHandler=false and eventType: NEW_ELEMENT - SCRIPT")
  ->  [CoreEvents.js:205] fire("NEW_ELEMENT",[object XPCWrappedNative_NoHelper],[object HTMLDocument],[object HTMLScriptElement])
  ->  [aptEventHandler.js:157] observe([object XPCWrappedNative_NoHelper],"jaxerEvent.NewHTMLElement",null)
paths:
  -> file:///E:/Aptana%20Jaxer%20Apache/Jaxer/Apache2-4Build/jaxer/framework/src/ModuleLogger.js
  -> file:///E:/Aptana%20Jaxer%20Apache/Jaxer/Apache2-4Build/jaxer/framework/src/CoreEvents.js
  -> file:///E:/Aptana%20Jaxer%20Apache/Jaxer/Apache2-4Build/jaxer/components/aptEventHandler.js

01:10:20 12/24/2025 [ 32928] [TRACE] [JS Framework] [CoreEvents.fireEvent] Firing an event for NEW_ELEMENT
stack:
  ->  [ModuleLogger.js:98] trace("Firing an event for NEW_ELEMENT")
  ->  [CoreEvents.js:282] fireEvent("NEW_ELEMENT",[object Array])
  ->  [CoreEvents.js:238] fire("NEW_ELEMENT",[object XPCWrappedNative_NoHelper],[object HTMLDocument],[object HTMLScriptElement])
  ->  [aptEventHandler.js:157] observe([object XPCWrappedNative_NoHelper],"jaxerEvent.NewHTMLElement",null)
paths:
  -> file:///E:/Aptana%20Jaxer%20Apache/Jaxer/Apache2-4Build/jaxer/framework/src/ModuleLogger.js
  -> file:///E:/Aptana%20Jaxer%20Apache/Jaxer/Apache2-4Build/jaxer/framework/src/CoreEvents.js
  -> file:///E:/Aptana%20Jaxer%20Apache/Jaxer/Apache2-4Build/jaxer/components/aptEventHandler.js

01:10:20 12/24/2025 [ 32928] [TRACE] [JS Framework] [CoreEvents.fireEvent] Calling event handler: function onNewElement(evt, doc, elt) {
    switch (elt.tagNa...
stack:
  ->  [ModuleLogger.js:98] trace("Calling event handler: function onNewElement(evt, doc, elt) {\n    switch (elt.tagNa...")
  ->  [CoreEvents.js:292] fireEvent("NEW_ELEMENT",[object Array])
  ->  [CoreEvents.js:238] fire("NEW_ELEMENT",[object XPCWrappedNative_NoHelper],[object HTMLDocument],[object HTMLScriptElement])
  ->  [aptEventHandler.js:157] observe([object XPCWrappedNative_NoHelper],"jaxerEvent.NewHTMLElement",null)
paths:
  -> file:///E:/Aptana%20Jaxer%20Apache/Jaxer/Apache2-4Build/jaxer/framework/src/ModuleLogger.js
  -> file:///E:/Aptana%20Jaxer%20Apache/Jaxer/Apache2-4Build/jaxer/framework/src/CoreEvents.js
  -> file:///E:/Aptana%20Jaxer%20Apache/Jaxer/Apache2-4Build/jaxer/components/aptEventHandler.js

01:10:20 12/24/2025 [ 32928] [TRACE] [JS Framework] [NewElement.onNewElement] Received element: SCRIPT with no src and runat='server'
stack:
  ->  [ModuleLogger.js:98] trace("Received element: SCRIPT with no src and runat='server'")
  ->  [NewElement.js:88] onNewElement([object XPCWrappedNative_NoHelper],[object HTMLDocument],[object HTMLScriptElement])
  ->  [CoreEvents.js:293] fireEvent("NEW_ELEMENT",[object Array])
  ->  [CoreEvents.js:238] fire("NEW_ELEMENT",[object XPCWrappedNative_NoHelper],[object HTMLDocument],[object HTMLScriptElement])
  ->  [aptEventHandler.js:157] observe([object XPCWrappedNative_NoHelper],"jaxerEvent.NewHTMLElement",null)
paths:
  -> file:///E:/Aptana%20Jaxer%20Apache/Jaxer/Apache2-4Build/jaxer/framework/src/ModuleLogger.js
  -> file:///E:/Aptana%20Jaxer%20Apache/Jaxer/Apache2-4Build/jaxer/framework/src/NewElement.js
  -> file:///E:/Aptana%20Jaxer%20Apache/Jaxer/Apache2-4Build/jaxer/framework/src/CoreEvents.js
  -> file:///E:/Aptana%20Jaxer%20Apache/Jaxer/Apache2-4Build/jaxer/components/aptEventHandler.js

01:10:20 12/24/2025 [ 32928] [TRACE] [JS Framework] [CoreEvents.fire] At this time, evt.Request.isHandler=false and eventType: PARSE_COMPLETE
stack:
  ->  [ModuleLogger.js:98] trace("At this time, evt.Request.isHandler=false and eventType: PARSE_COMPLETE")
  ->  [CoreEvents.js:205] fire("PARSE_COMPLETE",[object XPCWrappedNative_NoHelper],[object HTMLDocument])
  ->  [aptEventHandler.js:337] observe([object XPCWrappedNative_NoHelper],"jaxerEvent.HTMLParseComplete",null)
paths:
  -> file:///E:/Aptana%20Jaxer%20Apache/Jaxer/Apache2-4Build/jaxer/framework/src/ModuleLogger.js
  -> file:///E:/Aptana%20Jaxer%20Apache/Jaxer/Apache2-4Build/jaxer/framework/src/CoreEvents.js
  -> file:///E:/Aptana%20Jaxer%20Apache/Jaxer/Apache2-4Build/jaxer/components/aptEventHandler.js

01:10:20 12/24/2025 [ 32928] [TRACE] [JS Framework] [CoreEvents.fireEvent] Firing an event for HANDLE_PAGE
stack:
  ->  [ModuleLogger.js:98] trace("Firing an event for HANDLE_PAGE")
  ->  [CoreEvents.js:282] fireEvent("HANDLE_PAGE",[object Array])
  ->  [CoreEvents.js:234] fire("PARSE_COMPLETE",[object XPCWrappedNative_NoHelper],[object HTMLDocument])
  ->  [aptEventHandler.js:337] observe([object XPCWrappedNative_NoHelper],"jaxerEvent.HTMLParseComplete",null)
paths:
  -> file:///E:/Aptana%20Jaxer%20Apache/Jaxer/Apache2-4Build/jaxer/framework/src/ModuleLogger.js
  -> file:///E:/Aptana%20Jaxer%20Apache/Jaxer/Apache2-4Build/jaxer/framework/src/CoreEvents.js
  -> file:///E:/Aptana%20Jaxer%20Apache/Jaxer/Apache2-4Build/jaxer/components/aptEventHandler.js

01:10:20 12/24/2025 [ 32928] [TRACE] [JS Framework] [CoreEvents.fireEvent] Calling event handler: function onHandlePage(evt, doc) {
    if (checkErrors(doc)) ...
stack:
  ->  [ModuleLogger.js:98] trace("Calling event handler: function onHandlePage(evt, doc) {\n    if (checkErrors(doc)) ...")
  ->  [CoreEvents.js:292] fireEvent("HANDLE_PAGE",[object Array])
  ->  [CoreEvents.js:234] fire("PARSE_COMPLETE",[object XPCWrappedNative_NoHelper],[object HTMLDocument])
  ->  [aptEventHandler.js:337] observe([object XPCWrappedNative_NoHelper],"jaxerEvent.HTMLParseComplete",null)
paths:
  -> file:///E:/Aptana%20Jaxer%20Apache/Jaxer/Apache2-4Build/jaxer/framework/src/ModuleLogger.js
  -> file:///E:/Aptana%20Jaxer%20Apache/Jaxer/Apache2-4Build/jaxer/framework/src/CoreEvents.js
  -> file:///E:/Aptana%20Jaxer%20Apache/Jaxer/Apache2-4Build/jaxer/components/aptEventHandler.js

01:10:20 12/24/2025 [ 32928] [TRACE] [JS Framework] [HandlePage.onHandlePage] Processing onserverload with doc = [object HTMLDocument]
stack:
  ->  [ModuleLogger.js:98] trace("Processing onserverload with doc = [object HTMLDocument]")
  ->  [HandlePage.js:58] onHandlePage([object XPCWrappedNative_NoHelper],[object HTMLDocument])
  ->  [CoreEvents.js:293] fireEvent("HANDLE_PAGE",[object Array])
  ->  [CoreEvents.js:234] fire("PARSE_COMPLETE",[object XPCWrappedNative_NoHelper],[object HTMLDocument])
  ->  [aptEventHandler.js:337] observe([object XPCWrappedNative_NoHelper],"jaxerEvent.HTMLParseComplete",null)
paths:
  -> file:///E:/Aptana%20Jaxer%20Apache/Jaxer/Apache2-4Build/jaxer/framework/src/ModuleLogger.js
  -> file:///E:/Aptana%20Jaxer%20Apache/Jaxer/Apache2-4Build/jaxer/framework/src/HandlePage.js
  -> file:///E:/Aptana%20Jaxer%20Apache/Jaxer/Apache2-4Build/jaxer/framework/src/CoreEvents.js
  -> file:///E:/Aptana%20Jaxer%20Apache/Jaxer/Apache2-4Build/jaxer/components/aptEventHandler.js

01:10:20 12/24/2025 [ 32928] [TRACE] [JS Framework] [HandlePage.processLoadEvent] Processing load event 'serverload' with doc = [object HTMLDocument]
stack:
  ->  [ModuleLogger.js:98] trace("Processing load event 'serverload' with doc = [object HTMLDocument]")
  ->  [HandlePage.js:258] processLoadEvent("serverload",[object HTMLDocument],true)
  ->  [HandlePage.js:222] processOnServerLoad([object HTMLDocument])
  ->  [HandlePage.js:59] onHandlePage([object XPCWrappedNative_NoHelper],[object HTMLDocument])
  ->  [CoreEvents.js:293] fireEvent("HANDLE_PAGE",[object Array])
  ->  [CoreEvents.js:234] fire("PARSE_COMPLETE",[object XPCWrappedNative_NoHelper],[object HTMLDocument])
  ->  [aptEventHandler.js:337] observe([object XPCWrappedNative_NoHelper],"jaxerEvent.HTMLParseComplete",null)
paths:
  -> file:///E:/Aptana%20Jaxer%20Apache/Jaxer/Apache2-4Build/jaxer/framework/src/ModuleLogger.js
  -> file:///E:/Aptana%20Jaxer%20Apache/Jaxer/Apache2-4Build/jaxer/framework/src/HandlePage.js
  -> file:///E:/Aptana%20Jaxer%20Apache/Jaxer/Apache2-4Build/jaxer/framework/src/CoreEvents.js
  -> file:///E:/Aptana%20Jaxer%20Apache/Jaxer/Apache2-4Build/jaxer/components/aptEventHandler.js

01:10:20 12/24/2025 [ 32928] [TRACE] [JS Framework] [Web.get] Retrieving from web URL: http://www.news.com/2547-1_3-0-20.xml?tag=pre_ft
stack:
  ->  [ModuleLogger.js:98] trace("Retrieving from web URL: http://www.news.com/2547-1_3-0-20.xml?tag=pre_ft")
  ->  [Web.js:240] get("http://www.news.com/2547-1_3-0-20.xml?tag=pre_ft")
  ->  [index.html:49] showNews()
  ->  [index.html:1] onserverload([object Event])
paths:
  -> file:///E:/Aptana%20Jaxer%20Apache/Jaxer/Apache2-4Build/jaxer/framework/src/ModuleLogger.js
  -> file:///E:/Aptana%20Jaxer%20Apache/Jaxer/Apache2-4Build/jaxer/framework/src/Web.js
  -> http://localhost:8081/aptana/samples/rss-sample/index.html

01:10:20 12/24/2025 [ 32928] [TRACE] [JS Framework] [Web.send] Parameters are: url: http://www.news.com/2547-1_3-0-20.xml?tag=pre_ft; method: GET; data: null; options: ({})
stack:
  ->  [ModuleLogger.js:98] trace("Parameters are: url: http://www.news.com/2547-1_3-0-20.xml?tag=pre_ft; method: GET; data: null; options: ({})")
  ->  [Web.js:190] send("http://www.news.com/2547-1_3-0-20.xml?tag=pre_ft","GET",null,[object Object])
  ->  [Web.js:241] get("http://www.news.com/2547-1_3-0-20.xml?tag=pre_ft")
  ->  [index.html:49] showNews()
  ->  [index.html:1] onserverload([object Event])
paths:
  -> file:///E:/Aptana%20Jaxer%20Apache/Jaxer/Apache2-4Build/jaxer/framework/src/ModuleLogger.js
  -> file:///E:/Aptana%20Jaxer%20Apache/Jaxer/Apache2-4Build/jaxer/framework/src/Web.js
  -> http://localhost:8081/aptana/samples/rss-sample/index.html

01:10:20 12/24/2025 [ 32928] [TRACE] [JS Framework] [Web.send] Resolved URL to: http://www.news.com/2547-1_3-0-20.xml?tag=pre_ft
stack:
  ->  [ModuleLogger.js:98] trace("Resolved URL to: http://www.news.com/2547-1_3-0-20.xml?tag=pre_ft")
  ->  [Web.js:192] send("http://www.news.com/2547-1_3-0-20.xml?tag=pre_ft","GET",null,[object Object])
  ->  [Web.js:241] get("http://www.news.com/2547-1_3-0-20.xml?tag=pre_ft")
  ->  [index.html:49] showNews()
  ->  [index.html:1] onserverload([object Event])
paths:
  -> file:///E:/Aptana%20Jaxer%20Apache/Jaxer/Apache2-4Build/jaxer/framework/src/ModuleLogger.js
  -> file:///E:/Aptana%20Jaxer%20Apache/Jaxer/Apache2-4Build/jaxer/framework/src/Web.js
  -> http://localhost:8081/aptana/samples/rss-sample/index.html

01:10:20 12/24/2025 [ 32928] [TRACE] [JS Framework] [XHR.send] Sending synchronous GET request to url http://www.news.com/2547-1_3-0-20.xml?tag=pre_ft with no data
stack:
  ->  [ModuleLogger.js:98] trace("Sending synchronous GET request to url http://www.news.com/2547-1_3-0-20.xml?tag=pre_ft with no data")
  ->  [XHR.js:522] send("",[object Object])
  ->  [Web.js:195] send("http://www.news.com/2547-1_3-0-20.xml?tag=pre_ft","GET",null,[object Object])
  ->  [Web.js:241] get("http://www.news.com/2547-1_3-0-20.xml?tag=pre_ft")
  ->  [index.html:49] showNews()
  ->  [index.html:1] onserverload([object Event])
paths:
  -> file:///E:/Aptana%20Jaxer%20Apache/Jaxer/Apache2-4Build/jaxer/framework/src/ModuleLogger.js
  -> file:///E:/Aptana%20Jaxer%20Apache/Jaxer/Apache2-4Build/jaxer/framework/src/XHR.js
  -> file:///E:/Aptana%20Jaxer%20Apache/Jaxer/Apache2-4Build/jaxer/framework/src/Web.js
  -> http://localhost:8081/aptana/samples/rss-sample/index.html

01:10:22 12/24/2025 [ 32928] [ERROR] [JavaScript Error: "uncaught exception: [Exception... "Component returned failure code: 0x805a2ffe [nsIXMLHttpRequest.send]"  nsresult: "0x805a2ffe (<unknown>)"  location: "JS frame :: file:///E:/Aptana%20Jaxer%20Apache/Jaxer/Apache2-4Build/jaxer/components/aptEventHandler.js -> file:///E:/Aptana%20Jaxer%20Apache/Jaxer/Apache2-4Build/jaxer/framework/src/XHR.js :: send("",[object Object]) :: line 523"  data: no]"]
01:10:22 12/24/2025 [ 32928] [TRACE] [JS Framework] [HandlePage.processLoadEvent] Processing load event 'load' with doc = [object HTMLDocument]
stack:
  ->  [ModuleLogger.js:98] trace("Processing load event 'load' with doc = [object HTMLDocument]")
  ->  [HandlePage.js:258] processLoadEvent("load",[object HTMLDocument],false)
  ->  [HandlePage.js:227] processOnServerLoad([object HTMLDocument])
  ->  [HandlePage.js:59] onHandlePage([object XPCWrappedNative_NoHelper],[object HTMLDocument])
  ->  [CoreEvents.js:293] fireEvent("HANDLE_PAGE",[object Array])
  ->  [CoreEvents.js:234] fire("PARSE_COMPLETE",[object XPCWrappedNative_NoHelper],[object HTMLDocument])
  ->  [aptEventHandler.js:337] observe([object XPCWrappedNative_NoHelper],"jaxerEvent.HTMLParseComplete",null)
paths:
  -> file:///E:/Aptana%20Jaxer%20Apache/Jaxer/Apache2-4Build/jaxer/framework/src/ModuleLogger.js
  -> file:///E:/Aptana%20Jaxer%20Apache/Jaxer/Apache2-4Build/jaxer/framework/src/HandlePage.js
  -> file:///E:/Aptana%20Jaxer%20Apache/Jaxer/Apache2-4Build/jaxer/framework/src/CoreEvents.js
  -> file:///E:/Aptana%20Jaxer%20Apache/Jaxer/Apache2-4Build/jaxer/components/aptEventHandler.js

01:10:22 12/24/2025 [ 32928] [DEBUG] [JS Framework] [HandlePage.onHandlePage] Script processing starting
stack:
  ->  [ModuleLogger.js:98] debug("Script processing starting")
  ->  [HandlePage.js:62] onHandlePage([object XPCWrappedNative_NoHelper],[object HTMLDocument])
  ->  [CoreEvents.js:293] fireEvent("HANDLE_PAGE",[object Array])
  ->  [CoreEvents.js:234] fire("PARSE_COMPLETE",[object XPCWrappedNative_NoHelper],[object HTMLDocument])
  ->  [aptEventHandler.js:337] observe([object XPCWrappedNative_NoHelper],"jaxerEvent.HTMLParseComplete",null)
paths:
  -> file:///E:/Aptana%20Jaxer%20Apache/Jaxer/Apache2-4Build/jaxer/framework/src/ModuleLogger.js
  -> file:///E:/Aptana%20Jaxer%20Apache/Jaxer/Apache2-4Build/jaxer/framework/src/HandlePage.js
  -> file:///E:/Aptana%20Jaxer%20Apache/Jaxer/Apache2-4Build/jaxer/framework/src/CoreEvents.js
  -> file:///E:/Aptana%20Jaxer%20Apache/Jaxer/Apache2-4Build/jaxer/components/aptEventHandler.js

01:10:22 12/24/2025 [ 32928] [DEBUG] [JS Framework] [CallbackManager.processScriptElements] Found 10 script blocks to conditionally post-process
stack:
  ->  [ModuleLogger.js:98] debug("Found 10 script blocks to conditionally post-process")
  ->  [CallbackManager.js:505] processScriptElements([object Object])
  ->  [CallbackManager.js:67] processCallbacks([object HTMLDocument])
  ->  [HandlePage.js:63] onHandlePage([object XPCWrappedNative_NoHelper],[object HTMLDocument])
  ->  [CoreEvents.js:293] fireEvent("HANDLE_PAGE",[object Array])
  ->  [CoreEvents.js:234] fire("PARSE_COMPLETE",[object XPCWrappedNative_NoHelper],[object HTMLDocument])
  ->  [aptEventHandler.js:337] observe([object XPCWrappedNative_NoHelper],"jaxerEvent.HTMLParseComplete",null)
paths:
  -> file:///E:/Aptana%20Jaxer%20Apache/Jaxer/Apache2-4Build/jaxer/framework/src/ModuleLogger.js
  -> file:///E:/Aptana%20Jaxer%20Apache/Jaxer/Apache2-4Build/jaxer/framework/src/CallbackManager.js
  -> file:///E:/Aptana%20Jaxer%20Apache/Jaxer/Apache2-4Build/jaxer/framework/src/HandlePage.js
  -> file:///E:/Aptana%20Jaxer%20Apache/Jaxer/Apache2-4Build/jaxer/framework/src/CoreEvents.js
  -> file:///E:/Aptana%20Jaxer%20Apache/Jaxer/Apache2-4Build/jaxer/components/aptEventHandler.js

01:10:22 12/24/2025 [ 32928] [DEBUG] [JS Framework] [ScriptProcessor.process] Post-processing script block with no src and runat='both' and contents='
			/*
			 * Easy access to a named element in the DOM
			 */
			function $(id) 
			{ 
				return do...'
stack:
  ->  [ModuleLogger.js:98] debug("Post-processing script block with no src and runat='both' and contents='\n\t\t\t/*\n\t\t\t * Easy access to a named element in the DOM\n\t\t\t */\n\t\t\tfunction $(id) \n\t\t\t{ \n\t\t\t\treturn do...'")
  ->  [ScriptProcessor.js:280] process()
  ->  [CallbackManager.js:511] processElement([object HTMLScriptElement],0,[object Array])
  ->  [CallbackManager.js:509] processScriptElements([object Object])
  ->  [CallbackManager.js:67] processCallbacks([object HTMLDocument])
  ->  [HandlePage.js:63] onHandlePage([object XPCWrappedNative_NoHelper],[object HTMLDocument])
  ->  [CoreEvents.js:293] fireEvent("HANDLE_PAGE",[object Array])
  ->  [CoreEvents.js:234] fire("PARSE_COMPLETE",[object XPCWrappedNative_NoHelper],[object HTMLDocument])
  ->  [aptEventHandler.js:337] observe([object XPCWrappedNative_NoHelper],"jaxerEvent.HTMLParseComplete",null)
paths:
  -> file:///E:/Aptana%20Jaxer%20Apache/Jaxer/Apache2-4Build/jaxer/framework/src/ModuleLogger.js
  -> file:///E:/Aptana%20Jaxer%20Apache/Jaxer/Apache2-4Build/jaxer/framework/src/ScriptProcessor.js
  -> file:///E:/Aptana%20Jaxer%20Apache/Jaxer/Apache2-4Build/jaxer/framework/src/CallbackManager.js
  -> file:///E:/Aptana%20Jaxer%20Apache/Jaxer/Apache2-4Build/jaxer/framework/src/HandlePage.js
  -> file:///E:/Aptana%20Jaxer%20Apache/Jaxer/Apache2-4Build/jaxer/framework/src/CoreEvents.js
  -> file:///E:/Aptana%20Jaxer%20Apache/Jaxer/Apache2-4Build/jaxer/components/aptEventHandler.js

01:10:22 12/24/2025 [ 32928] [DEBUG] [JS Framework] [ScriptProcessor.process] Found 1 functions to process
stack:
  ->  [ModuleLogger.js:98] debug("Found 1 functions to process")
  ->  [ScriptProcessor.js:284] process()
  ->  [CallbackManager.js:511] processElement([object HTMLScriptElement],0,[object Array])
  ->  [CallbackManager.js:509] processScriptElements([object Object])
  ->  [CallbackManager.js:67] processCallbacks([object HTMLDocument])
  ->  [HandlePage.js:63] onHandlePage([object XPCWrappedNative_NoHelper],[object HTMLDocument])
  ->  [CoreEvents.js:293] fireEvent("HANDLE_PAGE",[object Array])
  ->  [CoreEvents.js:234] fire("PARSE_COMPLETE",[object XPCWrappedNative_NoHelper],[object HTMLDocument])
  ->  [aptEventHandler.js:337] observe([object XPCWrappedNative_NoHelper],"jaxerEvent.HTMLParseComplete",null)
paths:
  -> file:///E:/Aptana%20Jaxer%20Apache/Jaxer/Apache2-4Build/jaxer/framework/src/ModuleLogger.js
  -> file:///E:/Aptana%20Jaxer%20Apache/Jaxer/Apache2-4Build/jaxer/framework/src/ScriptProcessor.js
  -> file:///E:/Aptana%20Jaxer%20Apache/Jaxer/Apache2-4Build/jaxer/framework/src/CallbackManager.js
  -> file:///E:/Aptana%20Jaxer%20Apache/Jaxer/Apache2-4Build/jaxer/framework/src/HandlePage.js
  -> file:///E:/Aptana%20Jaxer%20Apache/Jaxer/Apache2-4Build/jaxer/framework/src/CoreEvents.js
  -> file:///E:/Aptana%20Jaxer%20Apache/Jaxer/Apache2-4Build/jaxer/components/aptEventHandler.js

01:10:22 12/24/2025 [ 32928] [TRACE] [JS Framework] [ScriptProcessor.process] Processing function '$' with runat=both, proxy=false, effectiveRunat=both
stack:
  ->  [ModuleLogger.js:98] trace("Processing function '$' with runat=both, proxy=false, effectiveRunat=both")
  ->  [ScriptProcessor.js:307] process()
  ->  [CallbackManager.js:511] processElement([object HTMLScriptElement],0,[object Array])
  ->  [CallbackManager.js:509] processScriptElements([object Object])
  ->  [CallbackManager.js:67] processCallbacks([object HTMLDocument])
  ->  [HandlePage.js:63] onHandlePage([object XPCWrappedNative_NoHelper],[object HTMLDocument])
  ->  [CoreEvents.js:293] fireEvent("HANDLE_PAGE",[object Array])
  ->  [CoreEvents.js:234] fire("PARSE_COMPLETE",[object XPCWrappedNative_NoHelper],[object HTMLDocument])
  ->  [aptEventHandler.js:337] observe([object XPCWrappedNative_NoHelper],"jaxerEvent.HTMLParseComplete",null)
paths:
  -> file:///E:/Aptana%20Jaxer%20Apache/Jaxer/Apache2-4Build/jaxer/framework/src/ModuleLogger.js
  -> file:///E:/Aptana%20Jaxer%20Apache/Jaxer/Apache2-4Build/jaxer/framework/src/ScriptProcessor.js
  -> file:///E:/Aptana%20Jaxer%20Apache/Jaxer/Apache2-4Build/jaxer/framework/src/CallbackManager.js
  -> file:///E:/Aptana%20Jaxer%20Apache/Jaxer/Apache2-4Build/jaxer/framework/src/HandlePage.js
  -> file:///E:/Aptana%20Jaxer%20Apache/Jaxer/Apache2-4Build/jaxer/framework/src/CoreEvents.js
  -> file:///E:/Aptana%20Jaxer%20Apache/Jaxer/Apache2-4Build/jaxer/components/aptEventHandler.js

01:10:22 12/24/2025 [ 32928] [DEBUG] [JS Framework] [ScriptProcessor.process] Post-processing script block with src='lib/ajaxslt-0.8.1/util.js' and runat='server' and contents=''
stack:
  ->  [ModuleLogger.js:98] debug("Post-processing script block with src='lib/ajaxslt-0.8.1/util.js' and runat='server' and contents=''")
  ->  [ScriptProcessor.js:280] process()
  ->  [CallbackManager.js:511] processElement([object HTMLScriptElement],1,[object Array])
  ->  [CallbackManager.js:509] processScriptElements([object Object])
  ->  [CallbackManager.js:67] processCallbacks([object HTMLDocument])
  ->  [HandlePage.js:63] onHandlePage([object XPCWrappedNative_NoHelper],[object HTMLDocument])
  ->  [CoreEvents.js:293] fireEvent("HANDLE_PAGE",[object Array])
  ->  [CoreEvents.js:234] fire("PARSE_COMPLETE",[object XPCWrappedNative_NoHelper],[object HTMLDocument])
  ->  [aptEventHandler.js:337] observe([object XPCWrappedNative_NoHelper],"jaxerEvent.HTMLParseComplete",null)
paths:
  -> file:///E:/Aptana%20Jaxer%20Apache/Jaxer/Apache2-4Build/jaxer/framework/src/ModuleLogger.js
  -> file:///E:/Aptana%20Jaxer%20Apache/Jaxer/Apache2-4Build/jaxer/framework/src/ScriptProcessor.js
  -> file:///E:/Aptana%20Jaxer%20Apache/Jaxer/Apache2-4Build/jaxer/framework/src/CallbackManager.js
  -> file:///E:/Aptana%20Jaxer%20Apache/Jaxer/Apache2-4Build/jaxer/framework/src/HandlePage.js
  -> file:///E:/Aptana%20Jaxer%20Apache/Jaxer/Apache2-4Build/jaxer/framework/src/CoreEvents.js
  -> file:///E:/Aptana%20Jaxer%20Apache/Jaxer/Apache2-4Build/jaxer/components/aptEventHandler.js

01:10:22 12/24/2025 [ 32928] [DEBUG] [JS Framework] [ScriptProcessor.process] Found 0 functions to process
stack:
  ->  [ModuleLogger.js:98] debug("Found 0 functions to process")
  ->  [ScriptProcessor.js:284] process()
  ->  [CallbackManager.js:511] processElement([object HTMLScriptElement],1,[object Array])
  ->  [CallbackManager.js:509] processScriptElements([object Object])
  ->  [CallbackManager.js:67] processCallbacks([object HTMLDocument])
  ->  [HandlePage.js:63] onHandlePage([object XPCWrappedNative_NoHelper],[object HTMLDocument])
  ->  [CoreEvents.js:293] fireEvent("HANDLE_PAGE",[object Array])
  ->  [CoreEvents.js:234] fire("PARSE_COMPLETE",[object XPCWrappedNative_NoHelper],[object HTMLDocument])
  ->  [aptEventHandler.js:337] observe([object XPCWrappedNative_NoHelper],"jaxerEvent.HTMLParseComplete",null)
paths:
  -> file:///E:/Aptana%20Jaxer%20Apache/Jaxer/Apache2-4Build/jaxer/framework/src/ModuleLogger.js
  -> file:///E:/Aptana%20Jaxer%20Apache/Jaxer/Apache2-4Build/jaxer/framework/src/ScriptProcessor.js
  -> file:///E:/Aptana%20Jaxer%20Apache/Jaxer/Apache2-4Build/jaxer/framework/src/CallbackManager.js
  -> file:///E:/Aptana%20Jaxer%20Apache/Jaxer/Apache2-4Build/jaxer/framework/src/HandlePage.js
  -> file:///E:/Aptana%20Jaxer%20Apache/Jaxer/Apache2-4Build/jaxer/framework/src/CoreEvents.js
  -> file:///E:/Aptana%20Jaxer%20Apache/Jaxer/Apache2-4Build/jaxer/components/aptEventHandler.js

01:10:22 12/24/2025 [ 32928] [DEBUG] [JS Framework] [ScriptProcessor.process] Post-processing script block with src='lib/ajaxslt-0.8.1/xmltoken.js' and runat='server' and contents=''
stack:
  ->  [ModuleLogger.js:98] debug("Post-processing script block with src='lib/ajaxslt-0.8.1/xmltoken.js' and runat='server' and contents=''")
  ->  [ScriptProcessor.js:280] process()
  ->  [CallbackManager.js:511] processElement([object HTMLScriptElement],2,[object Array])
  ->  [CallbackManager.js:509] processScriptElements([object Object])
  ->  [CallbackManager.js:67] processCallbacks([object HTMLDocument])
  ->  [HandlePage.js:63] onHandlePage([object XPCWrappedNative_NoHelper],[object HTMLDocument])
  ->  [CoreEvents.js:293] fireEvent("HANDLE_PAGE",[object Array])
  ->  [CoreEvents.js:234] fire("PARSE_COMPLETE",[object XPCWrappedNative_NoHelper],[object HTMLDocument])
  ->  [aptEventHandler.js:337] observe([object XPCWrappedNative_NoHelper],"jaxerEvent.HTMLParseComplete",null)
paths:
  -> file:///E:/Aptana%20Jaxer%20Apache/Jaxer/Apache2-4Build/jaxer/framework/src/ModuleLogger.js
  -> file:///E:/Aptana%20Jaxer%20Apache/Jaxer/Apache2-4Build/jaxer/framework/src/ScriptProcessor.js
  -> file:///E:/Aptana%20Jaxer%20Apache/Jaxer/Apache2-4Build/jaxer/framework/src/CallbackManager.js
  -> file:///E:/Aptana%20Jaxer%20Apache/Jaxer/Apache2-4Build/jaxer/framework/src/HandlePage.js
  -> file:///E:/Aptana%20Jaxer%20Apache/Jaxer/Apache2-4Build/jaxer/framework/src/CoreEvents.js
  -> file:///E:/Aptana%20Jaxer%20Apache/Jaxer/Apache2-4Build/jaxer/components/aptEventHandler.js

01:10:22 12/24/2025 [ 32928] [DEBUG] [JS Framework] [ScriptProcessor.process] Found 0 functions to process
stack:
  ->  [ModuleLogger.js:98] debug("Found 0 functions to process")
  ->  [ScriptProcessor.js:284] process()
  ->  [CallbackManager.js:511] processElement([object HTMLScriptElement],2,[object Array])
  ->  [CallbackManager.js:509] processScriptElements([object Object])
  ->  [CallbackManager.js:67] processCallbacks([object HTMLDocument])
  ->  [HandlePage.js:63] onHandlePage([object XPCWrappedNative_NoHelper],[object HTMLDocument])
  ->  [CoreEvents.js:293] fireEvent("HANDLE_PAGE",[object Array])
  ->  [CoreEvents.js:234] fire("PARSE_COMPLETE",[object XPCWrappedNative_NoHelper],[object HTMLDocument])
  ->  [aptEventHandler.js:337] observe([object XPCWrappedNative_NoHelper],"jaxerEvent.HTMLParseComplete",null)
paths:
  -> file:///E:/Aptana%20Jaxer%20Apache/Jaxer/Apache2-4Build/jaxer/framework/src/ModuleLogger.js
  -> file:///E:/Aptana%20Jaxer%20Apache/Jaxer/Apache2-4Build/jaxer/framework/src/ScriptProcessor.js
  -> file:///E:/Aptana%20Jaxer%20Apache/Jaxer/Apache2-4Build/jaxer/framework/src/CallbackManager.js
  -> file:///E:/Aptana%20Jaxer%20Apache/Jaxer/Apache2-4Build/jaxer/framework/src/HandlePage.js
  -> file:///E:/Aptana%20Jaxer%20Apache/Jaxer/Apache2-4Build/jaxer/framework/src/CoreEvents.js
  -> file:///E:/Aptana%20Jaxer%20Apache/Jaxer/Apache2-4Build/jaxer/components/aptEventHandler.js

01:10:22 12/24/2025 [ 32928] [DEBUG] [JS Framework] [ScriptProcessor.process] Post-processing script block with src='lib/ajaxslt-0.8.1/dom.js' and runat='server' and contents=''
stack:
  ->  [ModuleLogger.js:98] debug("Post-processing script block with src='lib/ajaxslt-0.8.1/dom.js' and runat='server' and contents=''")
  ->  [ScriptProcessor.js:280] process()
  ->  [CallbackManager.js:511] processElement([object HTMLScriptElement],3,[object Array])
  ->  [CallbackManager.js:509] processScriptElements([object Object])
  ->  [CallbackManager.js:67] processCallbacks([object HTMLDocument])
  ->  [HandlePage.js:63] onHandlePage([object XPCWrappedNative_NoHelper],[object HTMLDocument])
  ->  [CoreEvents.js:293] fireEvent("HANDLE_PAGE",[object Array])
  ->  [CoreEvents.js:234] fire("PARSE_COMPLETE",[object XPCWrappedNative_NoHelper],[object HTMLDocument])
  ->  [aptEventHandler.js:337] observe([object XPCWrappedNative_NoHelper],"jaxerEvent.HTMLParseComplete",null)
paths:
  -> file:///E:/Aptana%20Jaxer%20Apache/Jaxer/Apache2-4Build/jaxer/framework/src/ModuleLogger.js
  -> file:///E:/Aptana%20Jaxer%20Apache/Jaxer/Apache2-4Build/jaxer/framework/src/ScriptProcessor.js
  -> file:///E:/Aptana%20Jaxer%20Apache/Jaxer/Apache2-4Build/jaxer/framework/src/CallbackManager.js
  -> file:///E:/Aptana%20Jaxer%20Apache/Jaxer/Apache2-4Build/jaxer/framework/src/HandlePage.js
  -> file:///E:/Aptana%20Jaxer%20Apache/Jaxer/Apache2-4Build/jaxer/framework/src/CoreEvents.js
  -> file:///E:/Aptana%20Jaxer%20Apache/Jaxer/Apache2-4Build/jaxer/components/aptEventHandler.js

01:10:22 12/24/2025 [ 32928] [DEBUG] [JS Framework] [ScriptProcessor.process] Found 0 functions to process
stack:
  ->  [ModuleLogger.js:98] debug("Found 0 functions to process")
  ->  [ScriptProcessor.js:284] process()
  ->  [CallbackManager.js:511] processElement([object HTMLScriptElement],3,[object Array])
  ->  [CallbackManager.js:509] processScriptElements([object Object])
  ->  [CallbackManager.js:67] processCallbacks([object HTMLDocument])
  ->  [HandlePage.js:63] onHandlePage([object XPCWrappedNative_NoHelper],[object HTMLDocument])
  ->  [CoreEvents.js:293] fireEvent("HANDLE_PAGE",[object Array])
  ->  [CoreEvents.js:234] fire("PARSE_COMPLETE",[object XPCWrappedNative_NoHelper],[object HTMLDocument])
  ->  [aptEventHandler.js:337] observe([object XPCWrappedNative_NoHelper],"jaxerEvent.HTMLParseComplete",null)
paths:
  -> file:///E:/Aptana%20Jaxer%20Apache/Jaxer/Apache2-4Build/jaxer/framework/src/ModuleLogger.js
  -> file:///E:/Aptana%20Jaxer%20Apache/Jaxer/Apache2-4Build/jaxer/framework/src/ScriptProcessor.js
  -> file:///E:/Aptana%20Jaxer%20Apache/Jaxer/Apache2-4Build/jaxer/framework/src/CallbackManager.js
  -> file:///E:/Aptana%20Jaxer%20Apache/Jaxer/Apache2-4Build/jaxer/framework/src/HandlePage.js
  -> file:///E:/Aptana%20Jaxer%20Apache/Jaxer/Apache2-4Build/jaxer/framework/src/CoreEvents.js
  -> file:///E:/Aptana%20Jaxer%20Apache/Jaxer/Apache2-4Build/jaxer/components/aptEventHandler.js

01:10:22 12/24/2025 [ 32928] [DEBUG] [JS Framework] [ScriptProcessor.process] Post-processing script block with src='lib/ajaxslt-0.8.1/xpath.js' and runat='server' and contents=''
stack:
  ->  [ModuleLogger.js:98] debug("Post-processing script block with src='lib/ajaxslt-0.8.1/xpath.js' and runat='server' and contents=''")
  ->  [ScriptProcessor.js:280] process()
  ->  [CallbackManager.js:511] processElement([object HTMLScriptElement],4,[object Array])
  ->  [CallbackManager.js:509] processScriptElements([object Object])
  ->  [CallbackManager.js:67] processCallbacks([object HTMLDocument])
  ->  [HandlePage.js:63] onHandlePage([object XPCWrappedNative_NoHelper],[object HTMLDocument])
  ->  [CoreEvents.js:293] fireEvent("HANDLE_PAGE",[object Array])
  ->  [CoreEvents.js:234] fire("PARSE_COMPLETE",[object XPCWrappedNative_NoHelper],[object HTMLDocument])
  ->  [aptEventHandler.js:337] observe([object XPCWrappedNative_NoHelper],"jaxerEvent.HTMLParseComplete",null)
paths:
  -> file:///E:/Aptana%20Jaxer%20Apache/Jaxer/Apache2-4Build/jaxer/framework/src/ModuleLogger.js
  -> file:///E:/Aptana%20Jaxer%20Apache/Jaxer/Apache2-4Build/jaxer/framework/src/ScriptProcessor.js
  -> file:///E:/Aptana%20Jaxer%20Apache/Jaxer/Apache2-4Build/jaxer/framework/src/CallbackManager.js
  -> file:///E:/Aptana%20Jaxer%20Apache/Jaxer/Apache2-4Build/jaxer/framework/src/HandlePage.js
  -> file:///E:/Aptana%20Jaxer%20Apache/Jaxer/Apache2-4Build/jaxer/framework/src/CoreEvents.js
  -> file:///E:/Aptana%20Jaxer%20Apache/Jaxer/Apache2-4Build/jaxer/components/aptEventHandler.js

01:10:22 12/24/2025 [ 32928] [DEBUG] [JS Framework] [ScriptProcessor.process] Found 0 functions to process
stack:
  ->  [ModuleLogger.js:98] debug("Found 0 functions to process")
  ->  [ScriptProcessor.js:284] process()
  ->  [CallbackManager.js:511] processElement([object HTMLScriptElement],4,[object Array])
  ->  [CallbackManager.js:509] processScriptElements([object Object])
  ->  [CallbackManager.js:67] processCallbacks([object HTMLDocument])
  ->  [HandlePage.js:63] onHandlePage([object XPCWrappedNative_NoHelper],[object HTMLDocument])
  ->  [CoreEvents.js:293] fireEvent("HANDLE_PAGE",[object Array])
  ->  [CoreEvents.js:234] fire("PARSE_COMPLETE",[object XPCWrappedNative_NoHelper],[object HTMLDocument])
  ->  [aptEventHandler.js:337] observe([object XPCWrappedNative_NoHelper],"jaxerEvent.HTMLParseComplete",null)
paths:
  -> file:///E:/Aptana%20Jaxer%20Apache/Jaxer/Apache2-4Build/jaxer/framework/src/ModuleLogger.js
  -> file:///E:/Aptana%20Jaxer%20Apache/Jaxer/Apache2-4Build/jaxer/framework/src/ScriptProcessor.js
  -> file:///E:/Aptana%20Jaxer%20Apache/Jaxer/Apache2-4Build/jaxer/framework/src/CallbackManager.js
  -> file:///E:/Aptana%20Jaxer%20Apache/Jaxer/Apache2-4Build/jaxer/framework/src/HandlePage.js
  -> file:///E:/Aptana%20Jaxer%20Apache/Jaxer/Apache2-4Build/jaxer/framework/src/CoreEvents.js
  -> file:///E:/Aptana%20Jaxer%20Apache/Jaxer/Apache2-4Build/jaxer/components/aptEventHandler.js

01:10:22 12/24/2025 [ 32928] [DEBUG] [JS Framework] [ScriptProcessor.process] Post-processing script block with src='lib/ajaxslt-0.8.1/xslt.js' and runat='server' and contents=''
stack:
  ->  [ModuleLogger.js:98] debug("Post-processing script block with src='lib/ajaxslt-0.8.1/xslt.js' and runat='server' and contents=''")
  ->  [ScriptProcessor.js:280] process()
  ->  [CallbackManager.js:511] processElement([object HTMLScriptElement],5,[object Array])
  ->  [CallbackManager.js:509] processScriptElements([object Object])
  ->  [CallbackManager.js:67] processCallbacks([object HTMLDocument])
  ->  [HandlePage.js:63] onHandlePage([object XPCWrappedNative_NoHelper],[object HTMLDocument])
  ->  [CoreEvents.js:293] fireEvent("HANDLE_PAGE",[object Array])
  ->  [CoreEvents.js:234] fire("PARSE_COMPLETE",[object XPCWrappedNative_NoHelper],[object HTMLDocument])
  ->  [aptEventHandler.js:337] observe([object XPCWrappedNative_NoHelper],"jaxerEvent.HTMLParseComplete",null)
paths:
  -> file:///E:/Aptana%20Jaxer%20Apache/Jaxer/Apache2-4Build/jaxer/framework/src/ModuleLogger.js
  -> file:///E:/Aptana%20Jaxer%20Apache/Jaxer/Apache2-4Build/jaxer/framework/src/ScriptProcessor.js
  -> file:///E:/Aptana%20Jaxer%20Apache/Jaxer/Apache2-4Build/jaxer/framework/src/CallbackManager.js
  -> file:///E:/Aptana%20Jaxer%20Apache/Jaxer/Apache2-4Build/jaxer/framework/src/HandlePage.js
  -> file:///E:/Aptana%20Jaxer%20Apache/Jaxer/Apache2-4Build/jaxer/framework/src/CoreEvents.js
  -> file:///E:/Aptana%20Jaxer%20Apache/Jaxer/Apache2-4Build/jaxer/components/aptEventHandler.js

01:10:22 12/24/2025 [ 32928] [DEBUG] [JS Framework] [ScriptProcessor.process] Found 0 functions to process
stack:
  ->  [ModuleLogger.js:98] debug("Found 0 functions to process")
  ->  [ScriptProcessor.js:284] process()
  ->  [CallbackManager.js:511] processElement([object HTMLScriptElement],5,[object Array])
  ->  [CallbackManager.js:509] processScriptElements([object Object])
  ->  [CallbackManager.js:67] processCallbacks([object HTMLDocument])
  ->  [HandlePage.js:63] onHandlePage([object XPCWrappedNative_NoHelper],[object HTMLDocument])
  ->  [CoreEvents.js:293] fireEvent("HANDLE_PAGE",[object Array])
  ->  [CoreEvents.js:234] fire("PARSE_COMPLETE",[object XPCWrappedNative_NoHelper],[object HTMLDocument])
  ->  [aptEventHandler.js:337] observe([object XPCWrappedNative_NoHelper],"jaxerEvent.HTMLParseComplete",null)
paths:
  -> file:///E:/Aptana%20Jaxer%20Apache/Jaxer/Apache2-4Build/jaxer/framework/src/ModuleLogger.js
  -> file:///E:/Aptana%20Jaxer%20Apache/Jaxer/Apache2-4Build/jaxer/framework/src/ScriptProcessor.js
  -> file:///E:/Aptana%20Jaxer%20Apache/Jaxer/Apache2-4Build/jaxer/framework/src/CallbackManager.js
  -> file:///E:/Aptana%20Jaxer%20Apache/Jaxer/Apache2-4Build/jaxer/framework/src/HandlePage.js
  -> file:///E:/Aptana%20Jaxer%20Apache/Jaxer/Apache2-4Build/jaxer/framework/src/CoreEvents.js
  -> file:///E:/Aptana%20Jaxer%20Apache/Jaxer/Apache2-4Build/jaxer/components/aptEventHandler.js

01:10:22 12/24/2025 [ 32928] [DEBUG] [JS Framework] [ScriptProcessor.process] Post-processing script block with no src and runat='server' and contents='
		    
			/*
			 * The stylesheet to apply to the XML news feed we'll fetch remotely.
			 */
			var...'
stack:
  ->  [ModuleLogger.js:98] debug("Post-processing script block with no src and runat='server' and contents='\n\t\t    \n\t\t\t/*\n\t\t\t * The stylesheet to apply to the XML news feed we'll fetch remotely.\n\t\t\t */\n\t\t\tvar...'")
  ->  [ScriptProcessor.js:280] process()
  ->  [CallbackManager.js:511] processElement([object HTMLScriptElement],6,[object Array])
  ->  [CallbackManager.js:509] processScriptElements([object Object])
  ->  [CallbackManager.js:67] processCallbacks([object HTMLDocument])
  ->  [HandlePage.js:63] onHandlePage([object XPCWrappedNative_NoHelper],[object HTMLDocument])
  ->  [CoreEvents.js:293] fireEvent("HANDLE_PAGE",[object Array])
  ->  [CoreEvents.js:234] fire("PARSE_COMPLETE",[object XPCWrappedNative_NoHelper],[object HTMLDocument])
  ->  [aptEventHandler.js:337] observe([object XPCWrappedNative_NoHelper],"jaxerEvent.HTMLParseComplete",null)
paths:
  -> file:///E:/Aptana%20Jaxer%20Apache/Jaxer/Apache2-4Build/jaxer/framework/src/ModuleLogger.js
  -> file:///E:/Aptana%20Jaxer%20Apache/Jaxer/Apache2-4Build/jaxer/framework/src/ScriptProcessor.js
  -> file:///E:/Aptana%20Jaxer%20Apache/Jaxer/Apache2-4Build/jaxer/framework/src/CallbackManager.js
  -> file:///E:/Aptana%20Jaxer%20Apache/Jaxer/Apache2-4Build/jaxer/framework/src/HandlePage.js
  -> file:///E:/Aptana%20Jaxer%20Apache/Jaxer/Apache2-4Build/jaxer/framework/src/CoreEvents.js
  -> file:///E:/Aptana%20Jaxer%20Apache/Jaxer/Apache2-4Build/jaxer/components/aptEventHandler.js

01:10:22 12/24/2025 [ 32928] [DEBUG] [JS Framework] [ScriptProcessor.process] Found 2 functions to process
stack:
  ->  [ModuleLogger.js:98] debug("Found 2 functions to process")
  ->  [ScriptProcessor.js:284] process()
  ->  [CallbackManager.js:511] processElement([object HTMLScriptElement],6,[object Array])
  ->  [CallbackManager.js:509] processScriptElements([object Object])
  ->  [CallbackManager.js:67] processCallbacks([object HTMLDocument])
  ->  [HandlePage.js:63] onHandlePage([object XPCWrappedNative_NoHelper],[object HTMLDocument])
  ->  [CoreEvents.js:293] fireEvent("HANDLE_PAGE",[object Array])
  ->  [CoreEvents.js:234] fire("PARSE_COMPLETE",[object XPCWrappedNative_NoHelper],[object HTMLDocument])
  ->  [aptEventHandler.js:337] observe([object XPCWrappedNative_NoHelper],"jaxerEvent.HTMLParseComplete",null)
paths:
  -> file:///E:/Aptana%20Jaxer%20Apache/Jaxer/Apache2-4Build/jaxer/framework/src/ModuleLogger.js
  -> file:///E:/Aptana%20Jaxer%20Apache/Jaxer/Apache2-4Build/jaxer/framework/src/ScriptProcessor.js
  -> file:///E:/Aptana%20Jaxer%20Apache/Jaxer/Apache2-4Build/jaxer/framework/src/CallbackManager.js
  -> file:///E:/Aptana%20Jaxer%20Apache/Jaxer/Apache2-4Build/jaxer/framework/src/HandlePage.js
  -> file:///E:/Aptana%20Jaxer%20Apache/Jaxer/Apache2-4Build/jaxer/framework/src/CoreEvents.js
  -> file:///E:/Aptana%20Jaxer%20Apache/Jaxer/Apache2-4Build/jaxer/components/aptEventHandler.js

01:10:22 12/24/2025 [ 32928] [TRACE] [JS Framework] [ScriptProcessor.process] Processing function 'showNews' with runat=server, proxy=false, effectiveRunat=server
stack:
  ->  [ModuleLogger.js:98] trace("Processing function 'showNews' with runat=server, proxy=false, effectiveRunat=server")
  ->  [ScriptProcessor.js:307] process()
  ->  [CallbackManager.js:511] processElement([object HTMLScriptElement],6,[object Array])
  ->  [CallbackManager.js:509] processScriptElements([object Object])
  ->  [CallbackManager.js:67] processCallbacks([object HTMLDocument])
  ->  [HandlePage.js:63] onHandlePage([object XPCWrappedNative_NoHelper],[object HTMLDocument])
  ->  [CoreEvents.js:293] fireEvent("HANDLE_PAGE",[object Array])
  ->  [CoreEvents.js:234] fire("PARSE_COMPLETE",[object XPCWrappedNative_NoHelper],[object HTMLDocument])
  ->  [aptEventHandler.js:337] observe([object XPCWrappedNative_NoHelper],"jaxerEvent.HTMLParseComplete",null)
paths:
  -> file:///E:/Aptana%20Jaxer%20Apache/Jaxer/Apache2-4Build/jaxer/framework/src/ModuleLogger.js
  -> file:///E:/Aptana%20Jaxer%20Apache/Jaxer/Apache2-4Build/jaxer/framework/src/ScriptProcessor.js
  -> file:///E:/Aptana%20Jaxer%20Apache/Jaxer/Apache2-4Build/jaxer/framework/src/CallbackManager.js
  -> file:///E:/Aptana%20Jaxer%20Apache/Jaxer/Apache2-4Build/jaxer/framework/src/HandlePage.js
  -> file:///E:/Aptana%20Jaxer%20Apache/Jaxer/Apache2-4Build/jaxer/framework/src/CoreEvents.js
  -> file:///E:/Aptana%20Jaxer%20Apache/Jaxer/Apache2-4Build/jaxer/components/aptEventHandler.js

01:10:22 12/24/2025 [ 32928] [TRACE] [JS Framework] [ScriptProcessor.process] Processing function 'applyXSLToFeed' with runat=server, proxy=false, effectiveRunat=server
stack:
  ->  [ModuleLogger.js:98] trace("Processing function 'applyXSLToFeed' with runat=server, proxy=false, effectiveRunat=server")
  ->  [ScriptProcessor.js:307] process()
  ->  [CallbackManager.js:511] processElement([object HTMLScriptElement],6,[object Array])
  ->  [CallbackManager.js:509] processScriptElements([object Object])
  ->  [CallbackManager.js:67] processCallbacks([object HTMLDocument])
  ->  [HandlePage.js:63] onHandlePage([object XPCWrappedNative_NoHelper],[object HTMLDocument])
  ->  [CoreEvents.js:293] fireEvent("HANDLE_PAGE",[object Array])
  ->  [CoreEvents.js:234] fire("PARSE_COMPLETE",[object XPCWrappedNative_NoHelper],[object HTMLDocument])
  ->  [aptEventHandler.js:337] observe([object XPCWrappedNative_NoHelper],"jaxerEvent.HTMLParseComplete",null)
paths:
  -> file:///E:/Aptana%20Jaxer%20Apache/Jaxer/Apache2-4Build/jaxer/framework/src/ModuleLogger.js
  -> file:///E:/Aptana%20Jaxer%20Apache/Jaxer/Apache2-4Build/jaxer/framework/src/ScriptProcessor.js
  -> file:///E:/Aptana%20Jaxer%20Apache/Jaxer/Apache2-4Build/jaxer/framework/src/CallbackManager.js
  -> file:///E:/Aptana%20Jaxer%20Apache/Jaxer/Apache2-4Build/jaxer/framework/src/HandlePage.js
  -> file:///E:/Aptana%20Jaxer%20Apache/Jaxer/Apache2-4Build/jaxer/framework/src/CoreEvents.js
  -> file:///E:/Aptana%20Jaxer%20Apache/Jaxer/Apache2-4Build/jaxer/components/aptEventHandler.js

01:10:22 12/24/2025 [ 32928] [DEBUG] [JS Framework] [ScriptProcessor.process] Post-processing script block with no src and runat='server' and contents='
			if (Jaxer.System.executableFolder.match('com.aptana.ide.framework.jaxer')) {
				document.getEle...'
stack:
  ->  [ModuleLogger.js:98] debug("Post-processing script block with no src and runat='server' and contents='\n\t\t\tif (Jaxer.System.executableFolder.match('com.aptana.ide.framework.jaxer')) {\n\t\t\t\tdocument.getEle...'")
  ->  [ScriptProcessor.js:280] process()
  ->  [CallbackManager.js:511] processElement([object HTMLScriptElement],9,[object Array])
  ->  [CallbackManager.js:509] processScriptElements([object Object])
  ->  [CallbackManager.js:67] processCallbacks([object HTMLDocument])
  ->  [HandlePage.js:63] onHandlePage([object XPCWrappedNative_NoHelper],[object HTMLDocument])
  ->  [CoreEvents.js:293] fireEvent("HANDLE_PAGE",[object Array])
  ->  [CoreEvents.js:234] fire("PARSE_COMPLETE",[object XPCWrappedNative_NoHelper],[object HTMLDocument])
  ->  [aptEventHandler.js:337] observe([object XPCWrappedNative_NoHelper],"jaxerEvent.HTMLParseComplete",null)
paths:
  -> file:///E:/Aptana%20Jaxer%20Apache/Jaxer/Apache2-4Build/jaxer/framework/src/ModuleLogger.js
  -> file:///E:/Aptana%20Jaxer%20Apache/Jaxer/Apache2-4Build/jaxer/framework/src/ScriptProcessor.js
  -> file:///E:/Aptana%20Jaxer%20Apache/Jaxer/Apache2-4Build/jaxer/framework/src/CallbackManager.js
  -> file:///E:/Aptana%20Jaxer%20Apache/Jaxer/Apache2-4Build/jaxer/framework/src/HandlePage.js
  -> file:///E:/Aptana%20Jaxer%20Apache/Jaxer/Apache2-4Build/jaxer/framework/src/CoreEvents.js
  -> file:///E:/Aptana%20Jaxer%20Apache/Jaxer/Apache2-4Build/jaxer/components/aptEventHandler.js

01:10:22 12/24/2025 [ 32928] [DEBUG] [JS Framework] [ScriptProcessor.process] Found 0 functions to process
stack:
  ->  [ModuleLogger.js:98] debug("Found 0 functions to process")
  ->  [ScriptProcessor.js:284] process()
  ->  [CallbackManager.js:511] processElement([object HTMLScriptElement],9,[object Array])
  ->  [CallbackManager.js:509] processScriptElements([object Object])
  ->  [CallbackManager.js:67] processCallbacks([object HTMLDocument])
  ->  [HandlePage.js:63] onHandlePage([object XPCWrappedNative_NoHelper],[object HTMLDocument])
  ->  [CoreEvents.js:293] fireEvent("HANDLE_PAGE",[object Array])
  ->  [CoreEvents.js:234] fire("PARSE_COMPLETE",[object XPCWrappedNative_NoHelper],[object HTMLDocument])
  ->  [aptEventHandler.js:337] observe([object XPCWrappedNative_NoHelper],"jaxerEvent.HTMLParseComplete",null)
paths:
  -> file:///E:/Aptana%20Jaxer%20Apache/Jaxer/Apache2-4Build/jaxer/framework/src/ModuleLogger.js
  -> file:///E:/Aptana%20Jaxer%20Apache/Jaxer/Apache2-4Build/jaxer/framework/src/ScriptProcessor.js
  -> file:///E:/Aptana%20Jaxer%20Apache/Jaxer/Apache2-4Build/jaxer/framework/src/CallbackManager.js
  -> file:///E:/Aptana%20Jaxer%20Apache/Jaxer/Apache2-4Build/jaxer/framework/src/HandlePage.js
  -> file:///E:/Aptana%20Jaxer%20Apache/Jaxer/Apache2-4Build/jaxer/framework/src/CoreEvents.js
  -> file:///E:/Aptana%20Jaxer%20Apache/Jaxer/Apache2-4Build/jaxer/components/aptEventHandler.js

01:10:22 12/24/2025 [ 32928] [DEBUG] [JS Framework] [ScriptProcessor.apply] This script block will be sent to the browser
stack:
  ->  [ModuleLogger.js:98] debug("This script block will be sent to the browser")
  ->  [ScriptProcessor.js:342] apply()
  ->  [CallbackManager.js:537] postProcess([object Object],0,[object Array])
  ->  [CallbackManager.js:519] processScriptElements([object Object])
  ->  [CallbackManager.js:67] processCallbacks([object HTMLDocument])
  ->  [HandlePage.js:63] onHandlePage([object XPCWrappedNative_NoHelper],[object HTMLDocument])
  ->  [CoreEvents.js:293] fireEvent("HANDLE_PAGE",[object Array])
  ->  [CoreEvents.js:234] fire("PARSE_COMPLETE",[object XPCWrappedNative_NoHelper],[object HTMLDocument])
  ->  [aptEventHandler.js:337] observe([object XPCWrappedNative_NoHelper],"jaxerEvent.HTMLParseComplete",null)
paths:
  -> file:///E:/Aptana%20Jaxer%20Apache/Jaxer/Apache2-4Build/jaxer/framework/src/ModuleLogger.js
  -> file:///E:/Aptana%20Jaxer%20Apache/Jaxer/Apache2-4Build/jaxer/framework/src/ScriptProcessor.js
  -> file:///E:/Aptana%20Jaxer%20Apache/Jaxer/Apache2-4Build/jaxer/framework/src/CallbackManager.js
  -> file:///E:/Aptana%20Jaxer%20Apache/Jaxer/Apache2-4Build/jaxer/framework/src/HandlePage.js
  -> file:///E:/Aptana%20Jaxer%20Apache/Jaxer/Apache2-4Build/jaxer/framework/src/CoreEvents.js
  -> file:///E:/Aptana%20Jaxer%20Apache/Jaxer/Apache2-4Build/jaxer/components/aptEventHandler.js

01:10:22 12/24/2025 [ 32928] [DEBUG] [JS Framework] [ScriptProcessor.apply] Removed script block from DOM
stack:
  ->  [ModuleLogger.js:98] debug("Removed script block from DOM")
  ->  [ScriptProcessor.js:356] apply()
  ->  [CallbackManager.js:537] postProcess([object Object],1,[object Array])
  ->  [CallbackManager.js:519] processScriptElements([object Object])
  ->  [CallbackManager.js:67] processCallbacks([object HTMLDocument])
  ->  [HandlePage.js:63] onHandlePage([object XPCWrappedNative_NoHelper],[object HTMLDocument])
  ->  [CoreEvents.js:293] fireEvent("HANDLE_PAGE",[object Array])
  ->  [CoreEvents.js:234] fire("PARSE_COMPLETE",[object XPCWrappedNative_NoHelper],[object HTMLDocument])
  ->  [aptEventHandler.js:337] observe([object XPCWrappedNative_NoHelper],"jaxerEvent.HTMLParseComplete",null)
paths:
  -> file:///E:/Aptana%20Jaxer%20Apache/Jaxer/Apache2-4Build/jaxer/framework/src/ModuleLogger.js
  -> file:///E:/Aptana%20Jaxer%20Apache/Jaxer/Apache2-4Build/jaxer/framework/src/ScriptProcessor.js
  -> file:///E:/Aptana%20Jaxer%20Apache/Jaxer/Apache2-4Build/jaxer/framework/src/CallbackManager.js
  -> file:///E:/Aptana%20Jaxer%20Apache/Jaxer/Apache2-4Build/jaxer/framework/src/HandlePage.js
  -> file:///E:/Aptana%20Jaxer%20Apache/Jaxer/Apache2-4Build/jaxer/framework/src/CoreEvents.js
  -> file:///E:/Aptana%20Jaxer%20Apache/Jaxer/Apache2-4Build/jaxer/components/aptEventHandler.js

01:10:22 12/24/2025 [ 32928] [DEBUG] [JS Framework] [ScriptProcessor.apply] Removed script block from DOM
stack:
  ->  [ModuleLogger.js:98] debug("Removed script block from DOM")
  ->  [ScriptProcessor.js:356] apply()
  ->  [CallbackManager.js:537] postProcess([object Object],2,[object Array])
  ->  [CallbackManager.js:519] processScriptElements([object Object])
  ->  [CallbackManager.js:67] processCallbacks([object HTMLDocument])
  ->  [HandlePage.js:63] onHandlePage([object XPCWrappedNative_NoHelper],[object HTMLDocument])
  ->  [CoreEvents.js:293] fireEvent("HANDLE_PAGE",[object Array])
  ->  [CoreEvents.js:234] fire("PARSE_COMPLETE",[object XPCWrappedNative_NoHelper],[object HTMLDocument])
  ->  [aptEventHandler.js:337] observe([object XPCWrappedNative_NoHelper],"jaxerEvent.HTMLParseComplete",null)
paths:
  -> file:///E:/Aptana%20Jaxer%20Apache/Jaxer/Apache2-4Build/jaxer/framework/src/ModuleLogger.js
  -> file:///E:/Aptana%20Jaxer%20Apache/Jaxer/Apache2-4Build/jaxer/framework/src/ScriptProcessor.js
  -> file:///E:/Aptana%20Jaxer%20Apache/Jaxer/Apache2-4Build/jaxer/framework/src/CallbackManager.js
  -> file:///E:/Aptana%20Jaxer%20Apache/Jaxer/Apache2-4Build/jaxer/framework/src/HandlePage.js
  -> file:///E:/Aptana%20Jaxer%20Apache/Jaxer/Apache2-4Build/jaxer/framework/src/CoreEvents.js
  -> file:///E:/Aptana%20Jaxer%20Apache/Jaxer/Apache2-4Build/jaxer/components/aptEventHandler.js

01:10:22 12/24/2025 [ 32928] [DEBUG] [JS Framework] [ScriptProcessor.apply] Removed script block from DOM
stack:
  ->  [ModuleLogger.js:98] debug("Removed script block from DOM")
  ->  [ScriptProcessor.js:356] apply()
  ->  [CallbackManager.js:537] postProcess([object Object],3,[object Array])
  ->  [CallbackManager.js:519] processScriptElements([object Object])
  ->  [CallbackManager.js:67] processCallbacks([object HTMLDocument])
  ->  [HandlePage.js:63] onHandlePage([object XPCWrappedNative_NoHelper],[object HTMLDocument])
  ->  [CoreEvents.js:293] fireEvent("HANDLE_PAGE",[object Array])
  ->  [CoreEvents.js:234] fire("PARSE_COMPLETE",[object XPCWrappedNative_NoHelper],[object HTMLDocument])
  ->  [aptEventHandler.js:337] observe([object XPCWrappedNative_NoHelper],"jaxerEvent.HTMLParseComplete",null)
paths:
  -> file:///E:/Aptana%20Jaxer%20Apache/Jaxer/Apache2-4Build/jaxer/framework/src/ModuleLogger.js
  -> file:///E:/Aptana%20Jaxer%20Apache/Jaxer/Apache2-4Build/jaxer/framework/src/ScriptProcessor.js
  -> file:///E:/Aptana%20Jaxer%20Apache/Jaxer/Apache2-4Build/jaxer/framework/src/CallbackManager.js
  -> file:///E:/Aptana%20Jaxer%20Apache/Jaxer/Apache2-4Build/jaxer/framework/src/HandlePage.js
  -> file:///E:/Aptana%20Jaxer%20Apache/Jaxer/Apache2-4Build/jaxer/framework/src/CoreEvents.js
  -> file:///E:/Aptana%20Jaxer%20Apache/Jaxer/Apache2-4Build/jaxer/components/aptEventHandler.js

01:10:22 12/24/2025 [ 32928] [DEBUG] [JS Framework] [ScriptProcessor.apply] Removed script block from DOM
stack:
  ->  [ModuleLogger.js:98] debug("Removed script block from DOM")
  ->  [ScriptProcessor.js:356] apply()
  ->  [CallbackManager.js:537] postProcess([object Object],4,[object Array])
  ->  [CallbackManager.js:519] processScriptElements([object Object])
  ->  [CallbackManager.js:67] processCallbacks([object HTMLDocument])
  ->  [HandlePage.js:63] onHandlePage([object XPCWrappedNative_NoHelper],[object HTMLDocument])
  ->  [CoreEvents.js:293] fireEvent("HANDLE_PAGE",[object Array])
  ->  [CoreEvents.js:234] fire("PARSE_COMPLETE",[object XPCWrappedNative_NoHelper],[object HTMLDocument])
  ->  [aptEventHandler.js:337] observe([object XPCWrappedNative_NoHelper],"jaxerEvent.HTMLParseComplete",null)
paths:
  -> file:///E:/Aptana%20Jaxer%20Apache/Jaxer/Apache2-4Build/jaxer/framework/src/ModuleLogger.js
  -> file:///E:/Aptana%20Jaxer%20Apache/Jaxer/Apache2-4Build/jaxer/framework/src/ScriptProcessor.js
  -> file:///E:/Aptana%20Jaxer%20Apache/Jaxer/Apache2-4Build/jaxer/framework/src/CallbackManager.js
  -> file:///E:/Aptana%20Jaxer%20Apache/Jaxer/Apache2-4Build/jaxer/framework/src/HandlePage.js
  -> file:///E:/Aptana%20Jaxer%20Apache/Jaxer/Apache2-4Build/jaxer/framework/src/CoreEvents.js
  -> file:///E:/Aptana%20Jaxer%20Apache/Jaxer/Apache2-4Build/jaxer/components/aptEventHandler.js

01:10:22 12/24/2025 [ 32928] [DEBUG] [JS Framework] [ScriptProcessor.apply] Removed script block from DOM
stack:
  ->  [ModuleLogger.js:98] debug("Removed script block from DOM")
  ->  [ScriptProcessor.js:356] apply()
  ->  [CallbackManager.js:537] postProcess([object Object],5,[object Array])
  ->  [CallbackManager.js:519] processScriptElements([object Object])
  ->  [CallbackManager.js:67] processCallbacks([object HTMLDocument])
  ->  [HandlePage.js:63] onHandlePage([object XPCWrappedNative_NoHelper],[object HTMLDocument])
  ->  [CoreEvents.js:293] fireEvent("HANDLE_PAGE",[object Array])
  ->  [CoreEvents.js:234] fire("PARSE_COMPLETE",[object XPCWrappedNative_NoHelper],[object HTMLDocument])
  ->  [aptEventHandler.js:337] observe([object XPCWrappedNative_NoHelper],"jaxerEvent.HTMLParseComplete",null)
paths:
  -> file:///E:/Aptana%20Jaxer%20Apache/Jaxer/Apache2-4Build/jaxer/framework/src/ModuleLogger.js
  -> file:///E:/Aptana%20Jaxer%20Apache/Jaxer/Apache2-4Build/jaxer/framework/src/ScriptProcessor.js
  -> file:///E:/Aptana%20Jaxer%20Apache/Jaxer/Apache2-4Build/jaxer/framework/src/CallbackManager.js
  -> file:///E:/Aptana%20Jaxer%20Apache/Jaxer/Apache2-4Build/jaxer/framework/src/HandlePage.js
  -> file:///E:/Aptana%20Jaxer%20Apache/Jaxer/Apache2-4Build/jaxer/framework/src/CoreEvents.js
  -> file:///E:/Aptana%20Jaxer%20Apache/Jaxer/Apache2-4Build/jaxer/components/aptEventHandler.js

01:10:22 12/24/2025 [ 32928] [DEBUG] [JS Framework] [ScriptProcessor.apply] Removed script block from DOM
stack:
  ->  [ModuleLogger.js:98] debug("Removed script block from DOM")
  ->  [ScriptProcessor.js:356] apply()
  ->  [CallbackManager.js:537] postProcess([object Object],6,[object Array])
  ->  [CallbackManager.js:519] processScriptElements([object Object])
  ->  [CallbackManager.js:67] processCallbacks([object HTMLDocument])
  ->  [HandlePage.js:63] onHandlePage([object XPCWrappedNative_NoHelper],[object HTMLDocument])
  ->  [CoreEvents.js:293] fireEvent("HANDLE_PAGE",[object Array])
  ->  [CoreEvents.js:234] fire("PARSE_COMPLETE",[object XPCWrappedNative_NoHelper],[object HTMLDocument])
  ->  [aptEventHandler.js:337] observe([object XPCWrappedNative_NoHelper],"jaxerEvent.HTMLParseComplete",null)
paths:
  -> file:///E:/Aptana%20Jaxer%20Apache/Jaxer/Apache2-4Build/jaxer/framework/src/ModuleLogger.js
  -> file:///E:/Aptana%20Jaxer%20Apache/Jaxer/Apache2-4Build/jaxer/framework/src/ScriptProcessor.js
  -> file:///E:/Aptana%20Jaxer%20Apache/Jaxer/Apache2-4Build/jaxer/framework/src/CallbackManager.js
  -> file:///E:/Aptana%20Jaxer%20Apache/Jaxer/Apache2-4Build/jaxer/framework/src/HandlePage.js
  -> file:///E:/Aptana%20Jaxer%20Apache/Jaxer/Apache2-4Build/jaxer/framework/src/CoreEvents.js
  -> file:///E:/Aptana%20Jaxer%20Apache/Jaxer/Apache2-4Build/jaxer/components/aptEventHandler.js

01:10:22 12/24/2025 [ 32928] [DEBUG] [JS Framework] [ScriptProcessor.apply] Removed script block from DOM
stack:
  ->  [ModuleLogger.js:98] debug("Removed script block from DOM")
  ->  [ScriptProcessor.js:356] apply()
  ->  [CallbackManager.js:537] postProcess([object Object],9,[object Array])
  ->  [CallbackManager.js:519] processScriptElements([object Object])
  ->  [CallbackManager.js:67] processCallbacks([object HTMLDocument])
  ->  [HandlePage.js:63] onHandlePage([object XPCWrappedNative_NoHelper],[object HTMLDocument])
  ->  [CoreEvents.js:293] fireEvent("HANDLE_PAGE",[object Array])
  ->  [CoreEvents.js:234] fire("PARSE_COMPLETE",[object XPCWrappedNative_NoHelper],[object HTMLDocument])
  ->  [aptEventHandler.js:337] observe([object XPCWrappedNative_NoHelper],"jaxerEvent.HTMLParseComplete",null)
paths:
  -> file:///E:/Aptana%20Jaxer%20Apache/Jaxer/Apache2-4Build/jaxer/framework/src/ModuleLogger.js
  -> file:///E:/Aptana%20Jaxer%20Apache/Jaxer/Apache2-4Build/jaxer/framework/src/ScriptProcessor.js
  -> file:///E:/Aptana%20Jaxer%20Apache/Jaxer/Apache2-4Build/jaxer/framework/src/CallbackManager.js
  -> file:///E:/Aptana%20Jaxer%20Apache/Jaxer/Apache2-4Build/jaxer/framework/src/HandlePage.js
  -> file:///E:/Aptana%20Jaxer%20Apache/Jaxer/Apache2-4Build/jaxer/framework/src/CoreEvents.js
  -> file:///E:/Aptana%20Jaxer%20Apache/Jaxer/Apache2-4Build/jaxer/components/aptEventHandler.js

01:10:22 12/24/2025 [ 32928] [TRACE] [JS Framework] [CallbackManager.processGlobalFunctions] For runatFunctions member xpathLog: handledInScripts.hasOwnProperty=false; typeof candidate: function
stack:
  ->  [ModuleLogger.js:98] trace("For runatFunctions member xpathLog: handledInScripts.hasOwnProperty=false; typeof candidate: function")
  ->  [CallbackManager.js:410] processGlobalFunctions([object Object])
  ->  [CallbackManager.js:70] processCallbacks([object HTMLDocument])
  ->  [HandlePage.js:63] onHandlePage([object XPCWrappedNative_NoHelper],[object HTMLDocument])
  ->  [CoreEvents.js:293] fireEvent("HANDLE_PAGE",[object Array])
  ->  [CoreEvents.js:234] fire("PARSE_COMPLETE",[object XPCWrappedNative_NoHelper],[object HTMLDocument])
  ->  [aptEventHandler.js:337] observe([object XPCWrappedNative_NoHelper],"jaxerEvent.HTMLParseComplete",null)
paths:
  -> file:///E:/Aptana%20Jaxer%20Apache/Jaxer/Apache2-4Build/jaxer/framework/src/ModuleLogger.js
  -> file:///E:/Aptana%20Jaxer%20Apache/Jaxer/Apache2-4Build/jaxer/framework/src/CallbackManager.js
  -> file:///E:/Aptana%20Jaxer%20Apache/Jaxer/Apache2-4Build/jaxer/framework/src/HandlePage.js
  -> file:///E:/Aptana%20Jaxer%20Apache/Jaxer/Apache2-4Build/jaxer/framework/src/CoreEvents.js
  -> file:///E:/Aptana%20Jaxer%20Apache/Jaxer/Apache2-4Build/jaxer/components/aptEventHandler.js

01:10:22 12/24/2025 [ 32928] [TRACE] [JS Framework] [CallbackManager.processGlobalFunctions] source before: function xpathLog(msg) {
}
stack:
  ->  [ModuleLogger.js:98] trace("source before: function xpathLog(msg) {\n}")
  ->  [CallbackManager.js:422] processGlobalFunctions([object Object])
  ->  [CallbackManager.js:70] processCallbacks([object HTMLDocument])
  ->  [HandlePage.js:63] onHandlePage([object XPCWrappedNative_NoHelper],[object HTMLDocument])
  ->  [CoreEvents.js:293] fireEvent("HANDLE_PAGE",[object Array])
  ->  [CoreEvents.js:234] fire("PARSE_COMPLETE",[object XPCWrappedNative_NoHelper],[object HTMLDocument])
  ->  [aptEventHandler.js:337] observe([object XPCWrappedNative_NoHelper],"jaxerEvent.HTMLParseComplete",null)
paths:
  -> file:///E:/Aptana%20Jaxer%20Apache/Jaxer/Apache2-4Build/jaxer/framework/src/ModuleLogger.js
  -> file:///E:/Aptana%20Jaxer%20Apache/Jaxer/Apache2-4Build/jaxer/framework/src/CallbackManager.js
  -> file:///E:/Aptana%20Jaxer%20Apache/Jaxer/Apache2-4Build/jaxer/framework/src/HandlePage.js
  -> file:///E:/Aptana%20Jaxer%20Apache/Jaxer/Apache2-4Build/jaxer/framework/src/CoreEvents.js
  -> file:///E:/Aptana%20Jaxer%20Apache/Jaxer/Apache2-4Build/jaxer/components/aptEventHandler.js

01:10:22 12/24/2025 [ 32928] [TRACE] [JS Framework] [CallbackManager.processGlobalFunctions] source after: function xpathLog(msg) {
}
stack:
  ->  [ModuleLogger.js:98] trace("source after: function xpathLog(msg) {\n}")
  ->  [CallbackManager.js:431] processGlobalFunctions([object Object])
  ->  [CallbackManager.js:70] processCallbacks([object HTMLDocument])
  ->  [HandlePage.js:63] onHandlePage([object XPCWrappedNative_NoHelper],[object HTMLDocument])
  ->  [CoreEvents.js:293] fireEvent("HANDLE_PAGE",[object Array])
  ->  [CoreEvents.js:234] fire("PARSE_COMPLETE",[object XPCWrappedNative_NoHelper],[object HTMLDocument])
  ->  [aptEventHandler.js:337] observe([object XPCWrappedNative_NoHelper],"jaxerEvent.HTMLParseComplete",null)
paths:
  -> file:///E:/Aptana%20Jaxer%20Apache/Jaxer/Apache2-4Build/jaxer/framework/src/ModuleLogger.js
  -> file:///E:/Aptana%20Jaxer%20Apache/Jaxer/Apache2-4Build/jaxer/framework/src/CallbackManager.js
  -> file:///E:/Aptana%20Jaxer%20Apache/Jaxer/Apache2-4Build/jaxer/framework/src/HandlePage.js
  -> file:///E:/Aptana%20Jaxer%20Apache/Jaxer/Apache2-4Build/jaxer/framework/src/CoreEvents.js
  -> file:///E:/Aptana%20Jaxer%20Apache/Jaxer/Apache2-4Build/jaxer/components/aptEventHandler.js

01:10:22 12/24/2025 [ 32928] [DEBUG] [JS Framework] [CallbackManager.processGlobalFunctions] Processing global function 'xpathLog' with runat=server, proxy=false, effectiveRunat=server
stack:
  ->  [ModuleLogger.js:98] debug("Processing global function 'xpathLog' with runat=server, proxy=false, effectiveRunat=server")
  ->  [CallbackManager.js:452] processGlobalFunctions([object Object])
  ->  [CallbackManager.js:70] processCallbacks([object HTMLDocument])
  ->  [HandlePage.js:63] onHandlePage([object XPCWrappedNative_NoHelper],[object HTMLDocument])
  ->  [CoreEvents.js:293] fireEvent("HANDLE_PAGE",[object Array])
  ->  [CoreEvents.js:234] fire("PARSE_COMPLETE",[object XPCWrappedNative_NoHelper],[object HTMLDocument])
  ->  [aptEventHandler.js:337] observe([object XPCWrappedNative_NoHelper],"jaxerEvent.HTMLParseComplete",null)
paths:
  -> file:///E:/Aptana%20Jaxer%20Apache/Jaxer/Apache2-4Build/jaxer/framework/src/ModuleLogger.js
  -> file:///E:/Aptana%20Jaxer%20Apache/Jaxer/Apache2-4Build/jaxer/framework/src/CallbackManager.js
  -> file:///E:/Aptana%20Jaxer%20Apache/Jaxer/Apache2-4Build/jaxer/framework/src/HandlePage.js
  -> file:///E:/Aptana%20Jaxer%20Apache/Jaxer/Apache2-4Build/jaxer/framework/src/CoreEvents.js
  -> file:///E:/Aptana%20Jaxer%20Apache/Jaxer/Apache2-4Build/jaxer/components/aptEventHandler.js

01:10:22 12/24/2025 [ 32928] [TRACE] [JS Framework] [CallbackManager.processGlobalFunctions] For runatFunctions member xsltLog: handledInScripts.hasOwnProperty=false; typeof candidate: function
stack:
  ->  [ModuleLogger.js:98] trace("For runatFunctions member xsltLog: handledInScripts.hasOwnProperty=false; typeof candidate: function")
  ->  [CallbackManager.js:410] processGlobalFunctions([object Object])
  ->  [CallbackManager.js:70] processCallbacks([object HTMLDocument])
  ->  [HandlePage.js:63] onHandlePage([object XPCWrappedNative_NoHelper],[object HTMLDocument])
  ->  [CoreEvents.js:293] fireEvent("HANDLE_PAGE",[object Array])
  ->  [CoreEvents.js:234] fire("PARSE_COMPLETE",[object XPCWrappedNative_NoHelper],[object HTMLDocument])
  ->  [aptEventHandler.js:337] observe([object XPCWrappedNative_NoHelper],"jaxerEvent.HTMLParseComplete",null)
paths:
  -> file:///E:/Aptana%20Jaxer%20Apache/Jaxer/Apache2-4Build/jaxer/framework/src/ModuleLogger.js
  -> file:///E:/Aptana%20Jaxer%20Apache/Jaxer/Apache2-4Build/jaxer/framework/src/CallbackManager.js
  -> file:///E:/Aptana%20Jaxer%20Apache/Jaxer/Apache2-4Build/jaxer/framework/src/HandlePage.js
  -> file:///E:/Aptana%20Jaxer%20Apache/Jaxer/Apache2-4Build/jaxer/framework/src/CoreEvents.js
  -> file:///E:/Aptana%20Jaxer%20Apache/Jaxer/Apache2-4Build/jaxer/components/aptEventHandler.js

01:10:22 12/24/2025 [ 32928] [TRACE] [JS Framework] [CallbackManager.processGlobalFunctions] source before: function xsltLog(msg) {
}
stack:
  ->  [ModuleLogger.js:98] trace("source before: function xsltLog(msg) {\n}")
  ->  [CallbackManager.js:422] processGlobalFunctions([object Object])
  ->  [CallbackManager.js:70] processCallbacks([object HTMLDocument])
  ->  [HandlePage.js:63] onHandlePage([object XPCWrappedNative_NoHelper],[object HTMLDocument])
  ->  [CoreEvents.js:293] fireEvent("HANDLE_PAGE",[object Array])
  ->  [CoreEvents.js:234] fire("PARSE_COMPLETE",[object XPCWrappedNative_NoHelper],[object HTMLDocument])
  ->  [aptEventHandler.js:337] observe([object XPCWrappedNative_NoHelper],"jaxerEvent.HTMLParseComplete",null)
paths:
  -> file:///E:/Aptana%20Jaxer%20Apache/Jaxer/Apache2-4Build/jaxer/framework/src/ModuleLogger.js
  -> file:///E:/Aptana%20Jaxer%20Apache/Jaxer/Apache2-4Build/jaxer/framework/src/CallbackManager.js
  -> file:///E:/Aptana%20Jaxer%20Apache/Jaxer/Apache2-4Build/jaxer/framework/src/HandlePage.js
  -> file:///E:/Aptana%20Jaxer%20Apache/Jaxer/Apache2-4Build/jaxer/framework/src/CoreEvents.js
  -> file:///E:/Aptana%20Jaxer%20Apache/Jaxer/Apache2-4Build/jaxer/components/aptEventHandler.js

01:10:22 12/24/2025 [ 32928] [TRACE] [JS Framework] [CallbackManager.processGlobalFunctions] source after: function xsltLog(msg) {
}
stack:
  ->  [ModuleLogger.js:98] trace("source after: function xsltLog(msg) {\n}")
  ->  [CallbackManager.js:431] processGlobalFunctions([object Object])
  ->  [CallbackManager.js:70] processCallbacks([object HTMLDocument])
  ->  [HandlePage.js:63] onHandlePage([object XPCWrappedNative_NoHelper],[object HTMLDocument])
  ->  [CoreEvents.js:293] fireEvent("HANDLE_PAGE",[object Array])
  ->  [CoreEvents.js:234] fire("PARSE_COMPLETE",[object XPCWrappedNative_NoHelper],[object HTMLDocument])
  ->  [aptEventHandler.js:337] observe([object XPCWrappedNative_NoHelper],"jaxerEvent.HTMLParseComplete",null)
paths:
  -> file:///E:/Aptana%20Jaxer%20Apache/Jaxer/Apache2-4Build/jaxer/framework/src/ModuleLogger.js
  -> file:///E:/Aptana%20Jaxer%20Apache/Jaxer/Apache2-4Build/jaxer/framework/src/CallbackManager.js
  -> file:///E:/Aptana%20Jaxer%20Apache/Jaxer/Apache2-4Build/jaxer/framework/src/HandlePage.js
  -> file:///E:/Aptana%20Jaxer%20Apache/Jaxer/Apache2-4Build/jaxer/framework/src/CoreEvents.js
  -> file:///E:/Aptana%20Jaxer%20Apache/Jaxer/Apache2-4Build/jaxer/components/aptEventHandler.js

01:10:22 12/24/2025 [ 32928] [DEBUG] [JS Framework] [CallbackManager.processGlobalFunctions] Processing global function 'xsltLog' with runat=server, proxy=false, effectiveRunat=server
stack:
  ->  [ModuleLogger.js:98] debug("Processing global function 'xsltLog' with runat=server, proxy=false, effectiveRunat=server")
  ->  [CallbackManager.js:452] processGlobalFunctions([object Object])
  ->  [CallbackManager.js:70] processCallbacks([object HTMLDocument])
  ->  [HandlePage.js:63] onHandlePage([object XPCWrappedNative_NoHelper],[object HTMLDocument])
  ->  [CoreEvents.js:293] fireEvent("HANDLE_PAGE",[object Array])
  ->  [CoreEvents.js:234] fire("PARSE_COMPLETE",[object XPCWrappedNative_NoHelper],[object HTMLDocument])
  ->  [aptEventHandler.js:337] observe([object XPCWrappedNative_NoHelper],"jaxerEvent.HTMLParseComplete",null)
paths:
  -> file:///E:/Aptana%20Jaxer%20Apache/Jaxer/Apache2-4Build/jaxer/framework/src/ModuleLogger.js
  -> file:///E:/Aptana%20Jaxer%20Apache/Jaxer/Apache2-4Build/jaxer/framework/src/CallbackManager.js
  -> file:///E:/Aptana%20Jaxer%20Apache/Jaxer/Apache2-4Build/jaxer/framework/src/HandlePage.js
  -> file:///E:/Aptana%20Jaxer%20Apache/Jaxer/Apache2-4Build/jaxer/framework/src/CoreEvents.js
  -> file:///E:/Aptana%20Jaxer%20Apache/Jaxer/Apache2-4Build/jaxer/components/aptEventHandler.js

01:10:22 12/24/2025 [ 32928] [TRACE] [JS Framework] [CallbackManager.processGlobalFunctions] For runatFunctions member xsltLogXml: handledInScripts.hasOwnProperty=false; typeof candidate: function
stack:
  ->  [ModuleLogger.js:98] trace("For runatFunctions member xsltLogXml: handledInScripts.hasOwnProperty=false; typeof candidate: function")
  ->  [CallbackManager.js:410] processGlobalFunctions([object Object])
  ->  [CallbackManager.js:70] processCallbacks([object HTMLDocument])
  ->  [HandlePage.js:63] onHandlePage([object XPCWrappedNative_NoHelper],[object HTMLDocument])
  ->  [CoreEvents.js:293] fireEvent("HANDLE_PAGE",[object Array])
  ->  [CoreEvents.js:234] fire("PARSE_COMPLETE",[object XPCWrappedNative_NoHelper],[object HTMLDocument])
  ->  [aptEventHandler.js:337] observe([object XPCWrappedNative_NoHelper],"jaxerEvent.HTMLParseComplete",null)
paths:
  -> file:///E:/Aptana%20Jaxer%20Apache/Jaxer/Apache2-4Build/jaxer/framework/src/ModuleLogger.js
  -> file:///E:/Aptana%20Jaxer%20Apache/Jaxer/Apache2-4Build/jaxer/framework/src/CallbackManager.js
  -> file:///E:/Aptana%20Jaxer%20Apache/Jaxer/Apache2-4Build/jaxer/framework/src/HandlePage.js
  -> file:///E:/Aptana%20Jaxer%20Apache/Jaxer/Apache2-4Build/jaxer/framework/src/CoreEvents.js
  -> file:///E:/Aptana%20Jaxer%20Apache/Jaxer/Apache2-4Build/jaxer/components/aptEventHandler.js

01:10:22 12/24/2025 [ 32928] [TRACE] [JS Framework] [CallbackManager.processGlobalFunctions] source before: function xsltLogXml(msg) {
}
stack:
  ->  [ModuleLogger.js:98] trace("source before: function xsltLogXml(msg) {\n}")
  ->  [CallbackManager.js:422] processGlobalFunctions([object Object])
  ->  [CallbackManager.js:70] processCallbacks([object HTMLDocument])
  ->  [HandlePage.js:63] onHandlePage([object XPCWrappedNative_NoHelper],[object HTMLDocument])
  ->  [CoreEvents.js:293] fireEvent("HANDLE_PAGE",[object Array])
  ->  [CoreEvents.js:234] fire("PARSE_COMPLETE",[object XPCWrappedNative_NoHelper],[object HTMLDocument])
  ->  [aptEventHandler.js:337] observe([object XPCWrappedNative_NoHelper],"jaxerEvent.HTMLParseComplete",null)
paths:
  -> file:///E:/Aptana%20Jaxer%20Apache/Jaxer/Apache2-4Build/jaxer/framework/src/ModuleLogger.js
  -> file:///E:/Aptana%20Jaxer%20Apache/Jaxer/Apache2-4Build/jaxer/framework/src/CallbackManager.js
  -> file:///E:/Aptana%20Jaxer%20Apache/Jaxer/Apache2-4Build/jaxer/framework/src/HandlePage.js
  -> file:///E:/Aptana%20Jaxer%20Apache/Jaxer/Apache2-4Build/jaxer/framework/src/CoreEvents.js
  -> file:///E:/Aptana%20Jaxer%20Apache/Jaxer/Apache2-4Build/jaxer/components/aptEventHandler.js

01:10:22 12/24/2025 [ 32928] [TRACE] [JS Framework] [CallbackManager.processGlobalFunctions] source after: function xsltLogXml(msg) {
}
stack:
  ->  [ModuleLogger.js:98] trace("source after: function xsltLogXml(msg) {\n}")
  ->  [CallbackManager.js:431] processGlobalFunctions([object Object])
  ->  [CallbackManager.js:70] processCallbacks([object HTMLDocument])
  ->  [HandlePage.js:63] onHandlePage([object XPCWrappedNative_NoHelper],[object HTMLDocument])
  ->  [CoreEvents.js:293] fireEvent("HANDLE_PAGE",[object Array])
  ->  [CoreEvents.js:234] fire("PARSE_COMPLETE",[object XPCWrappedNative_NoHelper],[object HTMLDocument])
  ->  [aptEventHandler.js:337] observe([object XPCWrappedNative_NoHelper],"jaxerEvent.HTMLParseComplete",null)
paths:
  -> file:///E:/Aptana%20Jaxer%20Apache/Jaxer/Apache2-4Build/jaxer/framework/src/ModuleLogger.js
  -> file:///E:/Aptana%20Jaxer%20Apache/Jaxer/Apache2-4Build/jaxer/framework/src/CallbackManager.js
  -> file:///E:/Aptana%20Jaxer%20Apache/Jaxer/Apache2-4Build/jaxer/framework/src/HandlePage.js
  -> file:///E:/Aptana%20Jaxer%20Apache/Jaxer/Apache2-4Build/jaxer/framework/src/CoreEvents.js
  -> file:///E:/Aptana%20Jaxer%20Apache/Jaxer/Apache2-4Build/jaxer/components/aptEventHandler.js

01:10:22 12/24/2025 [ 32928] [DEBUG] [JS Framework] [CallbackManager.processGlobalFunctions] Processing global function 'xsltLogXml' with runat=server, proxy=false, effectiveRunat=server
stack:
  ->  [ModuleLogger.js:98] debug("Processing global function 'xsltLogXml' with runat=server, proxy=false, effectiveRunat=server")
  ->  [CallbackManager.js:452] processGlobalFunctions([object Object])
  ->  [CallbackManager.js:70] processCallbacks([object HTMLDocument])
  ->  [HandlePage.js:63] onHandlePage([object XPCWrappedNative_NoHelper],[object HTMLDocument])
  ->  [CoreEvents.js:293] fireEvent("HANDLE_PAGE",[object Array])
  ->  [CoreEvents.js:234] fire("PARSE_COMPLETE",[object XPCWrappedNative_NoHelper],[object HTMLDocument])
  ->  [aptEventHandler.js:337] observe([object XPCWrappedNative_NoHelper],"jaxerEvent.HTMLParseComplete",null)
paths:
  -> file:///E:/Aptana%20Jaxer%20Apache/Jaxer/Apache2-4Build/jaxer/framework/src/ModuleLogger.js
  -> file:///E:/Aptana%20Jaxer%20Apache/Jaxer/Apache2-4Build/jaxer/framework/src/CallbackManager.js
  -> file:///E:/Aptana%20Jaxer%20Apache/Jaxer/Apache2-4Build/jaxer/framework/src/HandlePage.js
  -> file:///E:/Aptana%20Jaxer%20Apache/Jaxer/Apache2-4Build/jaxer/framework/src/CoreEvents.js
  -> file:///E:/Aptana%20Jaxer%20Apache/Jaxer/Apache2-4Build/jaxer/components/aptEventHandler.js

01:10:22 12/24/2025 [ 32928] [TRACE] [JS Framework] [CallbackManager.processGlobalFunctions] For runatFunctions member assert: handledInScripts.hasOwnProperty=false; typeof candidate: function
stack:
  ->  [ModuleLogger.js:98] trace("For runatFunctions member assert: handledInScripts.hasOwnProperty=false; typeof candidate: function")
  ->  [CallbackManager.js:410] processGlobalFunctions([object Object])
  ->  [CallbackManager.js:70] processCallbacks([object HTMLDocument])
  ->  [HandlePage.js:63] onHandlePage([object XPCWrappedNative_NoHelper],[object HTMLDocument])
  ->  [CoreEvents.js:293] fireEvent("HANDLE_PAGE",[object Array])
  ->  [CoreEvents.js:234] fire("PARSE_COMPLETE",[object XPCWrappedNative_NoHelper],[object HTMLDocument])
  ->  [aptEventHandler.js:337] observe([object XPCWrappedNative_NoHelper],"jaxerEvent.HTMLParseComplete",null)
paths:
  -> file:///E:/Aptana%20Jaxer%20Apache/Jaxer/Apache2-4Build/jaxer/framework/src/ModuleLogger.js
  -> file:///E:/Aptana%20Jaxer%20Apache/Jaxer/Apache2-4Build/jaxer/framework/src/CallbackManager.js
  -> file:///E:/Aptana%20Jaxer%20Apache/Jaxer/Apache2-4Build/jaxer/framework/src/HandlePage.js
  -> file:///E:/Aptana%20Jaxer%20Apache/Jaxer/Apache2-4Build/jaxer/framework/src/CoreEvents.js
  -> file:///E:/Aptana%20Jaxer%20Apache/Jaxer/Apache2-4Build/jaxer/components/aptEventHandler.js

01:10:22 12/24/2025 [ 32928] [TRACE] [JS Framework] [CallbackManager.processGlobalFunctions] source before: function assert(b) {
    if (!b) {
        throw "Assertion failed";
    }
}
stack:
  ->  [ModuleLogger.js:98] trace("source before: function assert(b) {\n    if (!b) {\n        throw \"Assertion failed\";\n    }\n}")
  ->  [CallbackManager.js:422] processGlobalFunctions([object Object])
  ->  [CallbackManager.js:70] processCallbacks([object HTMLDocument])
  ->  [HandlePage.js:63] onHandlePage([object XPCWrappedNative_NoHelper],[object HTMLDocument])
  ->  [CoreEvents.js:293] fireEvent("HANDLE_PAGE",[object Array])
  ->  [CoreEvents.js:234] fire("PARSE_COMPLETE",[object XPCWrappedNative_NoHelper],[object HTMLDocument])
  ->  [aptEventHandler.js:337] observe([object XPCWrappedNative_NoHelper],"jaxerEvent.HTMLParseComplete",null)
paths:
  -> file:///E:/Aptana%20Jaxer%20Apache/Jaxer/Apache2-4Build/jaxer/framework/src/ModuleLogger.js
  -> file:///E:/Aptana%20Jaxer%20Apache/Jaxer/Apache2-4Build/jaxer/framework/src/CallbackManager.js
  -> file:///E:/Aptana%20Jaxer%20Apache/Jaxer/Apache2-4Build/jaxer/framework/src/HandlePage.js
  -> file:///E:/Aptana%20Jaxer%20Apache/Jaxer/Apache2-4Build/jaxer/framework/src/CoreEvents.js
  -> file:///E:/Aptana%20Jaxer%20Apache/Jaxer/Apache2-4Build/jaxer/components/aptEventHandler.js

01:10:22 12/24/2025 [ 32928] [TRACE] [JS Framework] [CallbackManager.processGlobalFunctions] source after: function assert(b) {
    if (!b) {
        throw "Assertion failed";
    }
}
stack:
  ->  [ModuleLogger.js:98] trace("source after: function assert(b) {\n    if (!b) {\n        throw \"Assertion failed\";\n    }\n}")
  ->  [CallbackManager.js:431] processGlobalFunctions([object Object])
  ->  [CallbackManager.js:70] processCallbacks([object HTMLDocument])
  ->  [HandlePage.js:63] onHandlePage([object XPCWrappedNative_NoHelper],[object HTMLDocument])
  ->  [CoreEvents.js:293] fireEvent("HANDLE_PAGE",[object Array])
  ->  [CoreEvents.js:234] fire("PARSE_COMPLETE",[object XPCWrappedNative_NoHelper],[object HTMLDocument])
  ->  [aptEventHandler.js:337] observe([object XPCWrappedNative_NoHelper],"jaxerEvent.HTMLParseComplete",null)
paths:
  -> file:///E:/Aptana%20Jaxer%20Apache/Jaxer/Apache2-4Build/jaxer/framework/src/ModuleLogger.js
  -> file:///E:/Aptana%20Jaxer%20Apache/Jaxer/Apache2-4Build/jaxer/framework/src/CallbackManager.js
  -> file:///E:/Aptana%20Jaxer%20Apache/Jaxer/Apache2-4Build/jaxer/framework/src/HandlePage.js
  -> file:///E:/Aptana%20Jaxer%20Apache/Jaxer/Apache2-4Build/jaxer/framework/src/CoreEvents.js
  -> file:///E:/Aptana%20Jaxer%20Apache/Jaxer/Apache2-4Build/jaxer/components/aptEventHandler.js

01:10:22 12/24/2025 [ 32928] [DEBUG] [JS Framework] [CallbackManager.processGlobalFunctions] Processing global function 'assert' with runat=server, proxy=false, effectiveRunat=server
stack:
  ->  [ModuleLogger.js:98] debug("Processing global function 'assert' with runat=server, proxy=false, effectiveRunat=server")
  ->  [CallbackManager.js:452] processGlobalFunctions([object Object])
  ->  [CallbackManager.js:70] processCallbacks([object HTMLDocument])
  ->  [HandlePage.js:63] onHandlePage([object XPCWrappedNative_NoHelper],[object HTMLDocument])
  ->  [CoreEvents.js:293] fireEvent("HANDLE_PAGE",[object Array])
  ->  [CoreEvents.js:234] fire("PARSE_COMPLETE",[object XPCWrappedNative_NoHelper],[object HTMLDocument])
  ->  [aptEventHandler.js:337] observe([object XPCWrappedNative_NoHelper],"jaxerEvent.HTMLParseComplete",null)
paths:
  -> file:///E:/Aptana%20Jaxer%20Apache/Jaxer/Apache2-4Build/jaxer/framework/src/ModuleLogger.js
  -> file:///E:/Aptana%20Jaxer%20Apache/Jaxer/Apache2-4Build/jaxer/framework/src/CallbackManager.js
  -> file:///E:/Aptana%20Jaxer%20Apache/Jaxer/Apache2-4Build/jaxer/framework/src/HandlePage.js
  -> file:///E:/Aptana%20Jaxer%20Apache/Jaxer/Apache2-4Build/jaxer/framework/src/CoreEvents.js
  -> file:///E:/Aptana%20Jaxer%20Apache/Jaxer/Apache2-4Build/jaxer/components/aptEventHandler.js

01:10:22 12/24/2025 [ 32928] [TRACE] [JS Framework] [CallbackManager.processGlobalFunctions] For runatFunctions member stringSplit: handledInScripts.hasOwnProperty=false; typeof candidate: function
stack:
  ->  [ModuleLogger.js:98] trace("For runatFunctions member stringSplit: handledInScripts.hasOwnProperty=false; typeof candidate: function")
  ->  [CallbackManager.js:410] processGlobalFunctions([object Object])
  ->  [CallbackManager.js:70] processCallbacks([object HTMLDocument])
  ->  [HandlePage.js:63] onHandlePage([object XPCWrappedNative_NoHelper],[object HTMLDocument])
  ->  [CoreEvents.js:293] fireEvent("HANDLE_PAGE",[object Array])
  ->  [CoreEvents.js:234] fire("PARSE_COMPLETE",[object XPCWrappedNative_NoHelper],[object HTMLDocument])
  ->  [aptEventHandler.js:337] observe([object XPCWrappedNative_NoHelper],"jaxerEvent.HTMLParseComplete",null)
paths:
  -> file:///E:/Aptana%20Jaxer%20Apache/Jaxer/Apache2-4Build/jaxer/framework/src/ModuleLogger.js
  -> file:///E:/Aptana%20Jaxer%20Apache/Jaxer/Apache2-4Build/jaxer/framework/src/CallbackManager.js
  -> file:///E:/Aptana%20Jaxer%20Apache/Jaxer/Apache2-4Build/jaxer/framework/src/HandlePage.js
  -> file:///E:/Aptana%20Jaxer%20Apache/Jaxer/Apache2-4Build/jaxer/framework/src/CoreEvents.js
  -> file:///E:/Aptana%20Jaxer%20Apache/Jaxer/Apache2-4Build/jaxer/components/aptEventHandler.js

01:10:22 12/24/2025 [ 32928] [TRACE] [JS Framework] [CallbackManager.processGlobalFunctions] source before: function stringSplit(s, c) {
    var a = s.indexOf(c);
    if (a == -1) {
        return [s];
    }
    var parts = [];
    parts.push(s.substr(0, a));
    while (a != -1) {
        var a1 = s.indexOf(c, a + 1);
        if (a1 != -1) {
            parts.push(s.substr(a + 1, a1 - a - 1));
        } else {
            parts.push(s.substr(a + 1));
        }
        a = a1;
    }
    return parts;
}
stack:
  ->  [ModuleLogger.js:98] trace("source before: function stringSplit(s, c) {\n    var a = s.indexOf(c);\n    if (a == -1) {\n        return [s];\n    }\n    var parts = [];\n    parts.push(s.substr(0, a));\n    while (a != -1) {\n        var a1 = s.indexOf(c, a + 1);\n        if (a1 != -1) {\n            parts.push(s.substr(a + 1, a1 - a - 1));\n        } else {\n            parts.push(s.substr(a + 1));\n        }\n        a = a1;\n    }\n    return parts;\n}")
  ->  [CallbackManager.js:422] processGlobalFunctions([object Object])
  ->  [CallbackManager.js:70] processCallbacks([object HTMLDocument])
  ->  [HandlePage.js:63] onHandlePage([object XPCWrappedNative_NoHelper],[object HTMLDocument])
  ->  [CoreEvents.js:293] fireEvent("HANDLE_PAGE",[object Array])
  ->  [CoreEvents.js:234] fire("PARSE_COMPLETE",[object XPCWrappedNative_NoHelper],[object HTMLDocument])
  ->  [aptEventHandler.js:337] observe([object XPCWrappedNative_NoHelper],"jaxerEvent.HTMLParseComplete",null)
paths:
  -> file:///E:/Aptana%20Jaxer%20Apache/Jaxer/Apache2-4Build/jaxer/framework/src/ModuleLogger.js
  -> file:///E:/Aptana%20Jaxer%20Apache/Jaxer/Apache2-4Build/jaxer/framework/src/CallbackManager.js
  -> file:///E:/Aptana%20Jaxer%20Apache/Jaxer/Apache2-4Build/jaxer/framework/src/HandlePage.js
  -> file:///E:/Aptana%20Jaxer%20Apache/Jaxer/Apache2-4Build/jaxer/framework/src/CoreEvents.js
  -> file:///E:/Aptana%20Jaxer%20Apache/Jaxer/Apache2-4Build/jaxer/components/aptEventHandler.js

01:10:22 12/24/2025 [ 32928] [TRACE] [JS Framework] [CallbackManager.processGlobalFunctions] source after: function stringSplit(s, c) {
    var a = s.indexOf(c);
    if (a == -1) {
        return [s];
    }
    var parts = [];
    parts.push(s.substr(0, a));
    while (a != -1) {
        var a1 = s.indexOf(c, a + 1);
        if (a1 != -1) {
            parts.push(s.substr(a + 1, a1 - a - 1));
        } else {
            parts.push(s.substr(a + 1));
        }
        a = a1;
    }
    return parts;
}
stack:
  ->  [ModuleLogger.js:98] trace("source after: function stringSplit(s, c) {\n    var a = s.indexOf(c);\n    if (a == -1) {\n        return [s];\n    }\n    var parts = [];\n    parts.push(s.substr(0, a));\n    while (a != -1) {\n        var a1 = s.indexOf(c, a + 1);\n        if (a1 != -1) {\n            parts.push(s.substr(a + 1, a1 - a - 1));\n        } else {\n            parts.push(s.substr(a + 1));\n        }\n        a = a1;\n    }\n    return parts;\n}")
  ->  [CallbackManager.js:431] processGlobalFunctions([object Object])
  ->  [CallbackManager.js:70] processCallbacks([object HTMLDocument])
  ->  [HandlePage.js:63] onHandlePage([object XPCWrappedNative_NoHelper],[object HTMLDocument])
  ->  [CoreEvents.js:293] fireEvent("HANDLE_PAGE",[object Array])
  ->  [CoreEvents.js:234] fire("PARSE_COMPLETE",[object XPCWrappedNative_NoHelper],[object HTMLDocument])
  ->  [aptEventHandler.js:337] observe([object XPCWrappedNative_NoHelper],"jaxerEvent.HTMLParseComplete",null)
paths:
  -> file:///E:/Aptana%20Jaxer%20Apache/Jaxer/Apache2-4Build/jaxer/framework/src/ModuleLogger.js
  -> file:///E:/Aptana%20Jaxer%20Apache/Jaxer/Apache2-4Build/jaxer/framework/src/CallbackManager.js
  -> file:///E:/Aptana%20Jaxer%20Apache/Jaxer/Apache2-4Build/jaxer/framework/src/HandlePage.js
  -> file:///E:/Aptana%20Jaxer%20Apache/Jaxer/Apache2-4Build/jaxer/framework/src/CoreEvents.js
  -> file:///E:/Aptana%20Jaxer%20Apache/Jaxer/Apache2-4Build/jaxer/components/aptEventHandler.js

01:10:22 12/24/2025 [ 32928] [DEBUG] [JS Framework] [CallbackManager.processGlobalFunctions] Processing global function 'stringSplit' with runat=server, proxy=false, effectiveRunat=server
stack:
  ->  [ModuleLogger.js:98] debug("Processing global function 'stringSplit' with runat=server, proxy=false, effectiveRunat=server")
  ->  [CallbackManager.js:452] processGlobalFunctions([object Object])
  ->  [CallbackManager.js:70] processCallbacks([object HTMLDocument])
  ->  [HandlePage.js:63] onHandlePage([object XPCWrappedNative_NoHelper],[object HTMLDocument])
  ->  [CoreEvents.js:293] fireEvent("HANDLE_PAGE",[object Array])
  ->  [CoreEvents.js:234] fire("PARSE_COMPLETE",[object XPCWrappedNative_NoHelper],[object HTMLDocument])
  ->  [aptEventHandler.js:337] observe([object XPCWrappedNative_NoHelper],"jaxerEvent.HTMLParseComplete",null)
paths:
  -> file:///E:/Aptana%20Jaxer%20Apache/Jaxer/Apache2-4Build/jaxer/framework/src/ModuleLogger.js
  -> file:///E:/Aptana%20Jaxer%20Apache/Jaxer/Apache2-4Build/jaxer/framework/src/CallbackManager.js
  -> file:///E:/Aptana%20Jaxer%20Apache/Jaxer/Apache2-4Build/jaxer/framework/src/HandlePage.js
  -> file:///E:/Aptana%20Jaxer%20Apache/Jaxer/Apache2-4Build/jaxer/framework/src/CoreEvents.js
  -> file:///E:/Aptana%20Jaxer%20Apache/Jaxer/Apache2-4Build/jaxer/components/aptEventHandler.js

01:10:22 12/24/2025 [ 32928] [TRACE] [JS Framework] [CallbackManager.processGlobalFunctions] For runatFunctions member xmlImportNode: handledInScripts.hasOwnProperty=false; typeof candidate: function
stack:
  ->  [ModuleLogger.js:98] trace("For runatFunctions member xmlImportNode: handledInScripts.hasOwnProperty=false; typeof candidate: function")
  ->  [CallbackManager.js:410] processGlobalFunctions([object Object])
  ->  [CallbackManager.js:70] processCallbacks([object HTMLDocument])
  ->  [HandlePage.js:63] onHandlePage([object XPCWrappedNative_NoHelper],[object HTMLDocument])
  ->  [CoreEvents.js:293] fireEvent("HANDLE_PAGE",[object Array])
  ->  [CoreEvents.js:234] fire("PARSE_COMPLETE",[object XPCWrappedNative_NoHelper],[object HTMLDocument])
  ->  [aptEventHandler.js:337] observe([object XPCWrappedNative_NoHelper],"jaxerEvent.HTMLParseComplete",null)
paths:
  -> file:///E:/Aptana%20Jaxer%20Apache/Jaxer/Apache2-4Build/jaxer/framework/src/ModuleLogger.js
  -> file:///E:/Aptana%20Jaxer%20Apache/Jaxer/Apache2-4Build/jaxer/framework/src/CallbackManager.js
  -> file:///E:/Aptana%20Jaxer%20Apache/Jaxer/Apache2-4Build/jaxer/framework/src/HandlePage.js
  -> file:///E:/Aptana%20Jaxer%20Apache/Jaxer/Apache2-4Build/jaxer/framework/src/CoreEvents.js
  -> file:///E:/Aptana%20Jaxer%20Apache/Jaxer/Apache2-4Build/jaxer/components/aptEventHandler.js

01:10:22 12/24/2025 [ 32928] [TRACE] [JS Framework] [CallbackManager.processGlobalFunctions] source before: function xmlImportNode(doc, node) {
    if (node.nodeType == DOM_TEXT_NODE) {
        return domCreateTextNode(doc, node.nodeValue);
    } else if (node.nodeType == DOM_CDATA_SECTION_NODE) {
        return domCreateCDATASection(doc, node.nodeValue);
    } else if (node.nodeType == DOM_ELEMENT_NODE) {
        var newNode = domCreateElement(doc, node.nodeName);
        for (var i = 0; i < node.attributes.length; ++i) {
            var an = node.attributes[i];
            var name = an.nodeName;
            var value = an.nodeValue;
            domSetAttribute(newNode, name, value);
        }
        for (var c = node.firstChild; c; c = c.nextSibling) {
            var cn = arguments.callee(doc, c);
            domAppendChild(newNode, cn);
        }
        return newNode;
    } else {
        return domCreateComment(doc, node.nodeName);
    }
}
stack:
  ->  [ModuleLogger.js:98] trace("source before: function xmlImportNode(doc, node) {\n    if (node.nodeType == DOM_TEXT_NODE) {\n        return domCreateTextNode(doc, node.nodeValue);\n    } else if (node.nodeType == DOM_CDATA_SECTION_NODE) {\n        return domCreateCDATASection(doc, node.nodeValue);\n    } else if (node.nodeType == DOM_ELEMENT_NODE) {\n        var newNode = domCreateElement(doc, node.nodeName);\n        for (var i = 0; i < node.attributes.length; ++i) {\n            var an = node.attributes[i];\n            var name = an.nodeName;\n            var value = an.nodeValue;\n            domSetAttribute(newNode, name, value);\n        }\n        for (var c = node.firstChild; c; c = c.nextSibling) {\n            var cn = arguments.callee(doc, c);\n            domAppendChild(newNode, cn);\n        }\n        return newNode;\n    } else {\n        return domCreateComment(doc, node.nodeName);\n    }\n}")
  ->  [CallbackManager.js:422] processGlobalFunctions([object Object])
  ->  [CallbackManager.js:70] processCallbacks([object HTMLDocument])
  ->  [HandlePage.js:63] onHandlePage([object XPCWrappedNative_NoHelper],[object HTMLDocument])
  ->  [CoreEvents.js:293] fireEvent("HANDLE_PAGE",[object Array])
  ->  [CoreEvents.js:234] fire("PARSE_COMPLETE",[object XPCWrappedNative_NoHelper],[object HTMLDocument])
  ->  [aptEventHandler.js:337] observe([object XPCWrappedNative_NoHelper],"jaxerEvent.HTMLParseComplete",null)
paths:
  -> file:///E:/Aptana%20Jaxer%20Apache/Jaxer/Apache2-4Build/jaxer/framework/src/ModuleLogger.js
  -> file:///E:/Aptana%20Jaxer%20Apache/Jaxer/Apache2-4Build/jaxer/framework/src/CallbackManager.js
  -> file:///E:/Aptana%20Jaxer%20Apache/Jaxer/Apache2-4Build/jaxer/framework/src/HandlePage.js
  -> file:///E:/Aptana%20Jaxer%20Apache/Jaxer/Apache2-4Build/jaxer/framework/src/CoreEvents.js
  -> file:///E:/Aptana%20Jaxer%20Apache/Jaxer/Apache2-4Build/jaxer/components/aptEventHandler.js

01:10:22 12/24/2025 [ 32928] [TRACE] [JS Framework] [CallbackManager.processGlobalFunctions] source after: function xmlImportNode(doc, node) {
    if (node.nodeType == DOM_TEXT_NODE) {
        return domCreateTextNode(doc, node.nodeValue);
    } else if (node.nodeType == DOM_CDATA_SECTION_NODE) {
        return domCreateCDATASection(doc, node.nodeValue);
    } else if (node.nodeType == DOM_ELEMENT_NODE) {
        var newNode = domCreateElement(doc, node.nodeName);
        for (var i = 0; i < node.attributes.length; ++i) {
            var an = node.attributes[i];
            var name = an.nodeName;
            var value = an.nodeValue;
            domSetAttribute(newNode, name, value);
        }
        for (var c = node.firstChild; c; c = c.nextSibling) {
            var cn = arguments.callee(doc, c);
            domAppendChild(newNode, cn);
        }
        return newNode;
    } else {
        return domCreateComment(doc, node.nodeName);
    }
}
stack:
  ->  [ModuleLogger.js:98] trace("source after: function xmlImportNode(doc, node) {\n    if (node.nodeType == DOM_TEXT_NODE) {\n        return domCreateTextNode(doc, node.nodeValue);\n    } else if (node.nodeType == DOM_CDATA_SECTION_NODE) {\n        return domCreateCDATASection(doc, node.nodeValue);\n    } else if (node.nodeType == DOM_ELEMENT_NODE) {\n        var newNode = domCreateElement(doc, node.nodeName);\n        for (var i = 0; i < node.attributes.length; ++i) {\n            var an = node.attributes[i];\n            var name = an.nodeName;\n            var value = an.nodeValue;\n            domSetAttribute(newNode, name, value);\n        }\n        for (var c = node.firstChild; c; c = c.nextSibling) {\n            var cn = arguments.callee(doc, c);\n            domAppendChild(newNode, cn);\n        }\n        return newNode;\n    } else {\n        return domCreateComment(doc, node.nodeName);\n    }\n}")
  ->  [CallbackManager.js:431] processGlobalFunctions([object Object])
  ->  [CallbackManager.js:70] processCallbacks([object HTMLDocument])
  ->  [HandlePage.js:63] onHandlePage([object XPCWrappedNative_NoHelper],[object HTMLDocument])
  ->  [CoreEvents.js:293] fireEvent("HANDLE_PAGE",[object Array])
  ->  [CoreEvents.js:234] fire("PARSE_COMPLETE",[object XPCWrappedNative_NoHelper],[object HTMLDocument])
  ->  [aptEventHandler.js:337] observe([object XPCWrappedNative_NoHelper],"jaxerEvent.HTMLParseComplete",null)
paths:
  -> file:///E:/Aptana%20Jaxer%20Apache/Jaxer/Apache2-4Build/jaxer/framework/src/ModuleLogger.js
  -> file:///E:/Aptana%20Jaxer%20Apache/Jaxer/Apache2-4Build/jaxer/framework/src/CallbackManager.js
  -> file:///E:/Aptana%20Jaxer%20Apache/Jaxer/Apache2-4Build/jaxer/framework/src/HandlePage.js
  -> file:///E:/Aptana%20Jaxer%20Apache/Jaxer/Apache2-4Build/jaxer/framework/src/CoreEvents.js
  -> file:///E:/Aptana%20Jaxer%20Apache/Jaxer/Apache2-4Build/jaxer/components/aptEventHandler.js

01:10:22 12/24/2025 [ 32928] [DEBUG] [JS Framework] [CallbackManager.processGlobalFunctions] Processing global function 'xmlImportNode' with runat=server, proxy=false, effectiveRunat=server
stack:
  ->  [ModuleLogger.js:98] debug("Processing global function 'xmlImportNode' with runat=server, proxy=false, effectiveRunat=server")
  ->  [CallbackManager.js:452] processGlobalFunctions([object Object])
  ->  [CallbackManager.js:70] processCallbacks([object HTMLDocument])
  ->  [HandlePage.js:63] onHandlePage([object XPCWrappedNative_NoHelper],[object HTMLDocument])
  ->  [CoreEvents.js:293] fireEvent("HANDLE_PAGE",[object Array])
  ->  [CoreEvents.js:234] fire("PARSE_COMPLETE",[object XPCWrappedNative_NoHelper],[object HTMLDocument])
  ->  [aptEventHandler.js:337] observe([object XPCWrappedNative_NoHelper],"jaxerEvent.HTMLParseComplete",null)
paths:
  -> file:///E:/Aptana%20Jaxer%20Apache/Jaxer/Apache2-4Build/jaxer/framework/src/ModuleLogger.js
  -> file:///E:/Aptana%20Jaxer%20Apache/Jaxer/Apache2-4Build/jaxer/framework/src/CallbackManager.js
  -> file:///E:/Aptana%20Jaxer%20Apache/Jaxer/Apache2-4Build/jaxer/framework/src/HandlePage.js
  -> file:///E:/Aptana%20Jaxer%20Apache/Jaxer/Apache2-4Build/jaxer/framework/src/CoreEvents.js
  -> file:///E:/Aptana%20Jaxer%20Apache/Jaxer/Apache2-4Build/jaxer/components/aptEventHandler.js

01:10:22 12/24/2025 [ 32928] [TRACE] [JS Framework] [CallbackManager.processGlobalFunctions] For runatFunctions member Set: handledInScripts.hasOwnProperty=false; typeof candidate: function
stack:
  ->  [ModuleLogger.js:98] trace("For runatFunctions member Set: handledInScripts.hasOwnProperty=false; typeof candidate: function")
  ->  [CallbackManager.js:410] processGlobalFunctions([object Object])
  ->  [CallbackManager.js:70] processCallbacks([object HTMLDocument])
  ->  [HandlePage.js:63] onHandlePage([object XPCWrappedNative_NoHelper],[object HTMLDocument])
  ->  [CoreEvents.js:293] fireEvent("HANDLE_PAGE",[object Array])
  ->  [CoreEvents.js:234] fire("PARSE_COMPLETE",[object XPCWrappedNative_NoHelper],[object HTMLDocument])
  ->  [aptEventHandler.js:337] observe([object XPCWrappedNative_NoHelper],"jaxerEvent.HTMLParseComplete",null)
paths:
  -> file:///E:/Aptana%20Jaxer%20Apache/Jaxer/Apache2-4Build/jaxer/framework/src/ModuleLogger.js
  -> file:///E:/Aptana%20Jaxer%20Apache/Jaxer/Apache2-4Build/jaxer/framework/src/CallbackManager.js
  -> file:///E:/Aptana%20Jaxer%20Apache/Jaxer/Apache2-4Build/jaxer/framework/src/HandlePage.js
  -> file:///E:/Aptana%20Jaxer%20Apache/Jaxer/Apache2-4Build/jaxer/framework/src/CoreEvents.js
  -> file:///E:/Aptana%20Jaxer%20Apache/Jaxer/Apache2-4Build/jaxer/components/aptEventHandler.js

01:10:22 12/24/2025 [ 32928] [TRACE] [JS Framework] [CallbackManager.processGlobalFunctions] source before: function Set() {
    this.keys = [];
}
stack:
  ->  [ModuleLogger.js:98] trace("source before: function Set() {\n    this.keys = [];\n}")
  ->  [CallbackManager.js:422] processGlobalFunctions([object Object])
  ->  [CallbackManager.js:70] processCallbacks([object HTMLDocument])
  ->  [HandlePage.js:63] onHandlePage([object XPCWrappedNative_NoHelper],[object HTMLDocument])
  ->  [CoreEvents.js:293] fireEvent("HANDLE_PAGE",[object Array])
  ->  [CoreEvents.js:234] fire("PARSE_COMPLETE",[object XPCWrappedNative_NoHelper],[object HTMLDocument])
  ->  [aptEventHandler.js:337] observe([object XPCWrappedNative_NoHelper],"jaxerEvent.HTMLParseComplete",null)
paths:
  -> file:///E:/Aptana%20Jaxer%20Apache/Jaxer/Apache2-4Build/jaxer/framework/src/ModuleLogger.js
  -> file:///E:/Aptana%20Jaxer%20Apache/Jaxer/Apache2-4Build/jaxer/framework/src/CallbackManager.js
  -> file:///E:/Aptana%20Jaxer%20Apache/Jaxer/Apache2-4Build/jaxer/framework/src/HandlePage.js
  -> file:///E:/Aptana%20Jaxer%20Apache/Jaxer/Apache2-4Build/jaxer/framework/src/CoreEvents.js
  -> file:///E:/Aptana%20Jaxer%20Apache/Jaxer/Apache2-4Build/jaxer/components/aptEventHandler.js

01:10:22 12/24/2025 [ 32928] [TRACE] [JS Framework] [CallbackManager.processGlobalFunctions] source after: function Set() {
    this.keys = [];
}
stack:
  ->  [ModuleLogger.js:98] trace("source after: function Set() {\n    this.keys = [];\n}")
  ->  [CallbackManager.js:431] processGlobalFunctions([object Object])
  ->  [CallbackManager.js:70] processCallbacks([object HTMLDocument])
  ->  [HandlePage.js:63] onHandlePage([object XPCWrappedNative_NoHelper],[object HTMLDocument])
  ->  [CoreEvents.js:293] fireEvent("HANDLE_PAGE",[object Array])
  ->  [CoreEvents.js:234] fire("PARSE_COMPLETE",[object XPCWrappedNative_NoHelper],[object HTMLDocument])
  ->  [aptEventHandler.js:337] observe([object XPCWrappedNative_NoHelper],"jaxerEvent.HTMLParseComplete",null)
paths:
  -> file:///E:/Aptana%20Jaxer%20Apache/Jaxer/Apache2-4Build/jaxer/framework/src/ModuleLogger.js
  -> file:///E:/Aptana%20Jaxer%20Apache/Jaxer/Apache2-4Build/jaxer/framework/src/CallbackManager.js
  -> file:///E:/Aptana%20Jaxer%20Apache/Jaxer/Apache2-4Build/jaxer/framework/src/HandlePage.js
  -> file:///E:/Aptana%20Jaxer%20Apache/Jaxer/Apache2-4Build/jaxer/framework/src/CoreEvents.js
  -> file:///E:/Aptana%20Jaxer%20Apache/Jaxer/Apache2-4Build/jaxer/components/aptEventHandler.js

01:10:22 12/24/2025 [ 32928] [DEBUG] [JS Framework] [CallbackManager.processGlobalFunctions] Processing global function 'Set' with runat=server, proxy=false, effectiveRunat=server
stack:
  ->  [ModuleLogger.js:98] debug("Processing global function 'Set' with runat=server, proxy=false, effectiveRunat=server")
  ->  [CallbackManager.js:452] processGlobalFunctions([object Object])
  ->  [CallbackManager.js:70] processCallbacks([object HTMLDocument])
  ->  [HandlePage.js:63] onHandlePage([object XPCWrappedNative_NoHelper],[object HTMLDocument])
  ->  [CoreEvents.js:293] fireEvent("HANDLE_PAGE",[object Array])
  ->  [CoreEvents.js:234] fire("PARSE_COMPLETE",[object XPCWrappedNative_NoHelper],[object HTMLDocument])
  ->  [aptEventHandler.js:337] observe([object XPCWrappedNative_NoHelper],"jaxerEvent.HTMLParseComplete",null)
paths:
  -> file:///E:/Aptana%20Jaxer%20Apache/Jaxer/Apache2-4Build/jaxer/framework/src/ModuleLogger.js
  -> file:///E:/Aptana%20Jaxer%20Apache/Jaxer/Apache2-4Build/jaxer/framework/src/CallbackManager.js
  -> file:///E:/Aptana%20Jaxer%20Apache/Jaxer/Apache2-4Build/jaxer/framework/src/HandlePage.js
  -> file:///E:/Aptana%20Jaxer%20Apache/Jaxer/Apache2-4Build/jaxer/framework/src/CoreEvents.js
  -> file:///E:/Aptana%20Jaxer%20Apache/Jaxer/Apache2-4Build/jaxer/components/aptEventHandler.js

01:10:22 12/24/2025 [ 32928] [TRACE] [JS Framework] [CallbackManager.processGlobalFunctions] For runatFunctions member mapExec: handledInScripts.hasOwnProperty=false; typeof candidate: function
stack:
  ->  [ModuleLogger.js:98] trace("For runatFunctions member mapExec: handledInScripts.hasOwnProperty=false; typeof candidate: function")
  ->  [CallbackManager.js:410] processGlobalFunctions([object Object])
  ->  [CallbackManager.js:70] processCallbacks([object HTMLDocument])
  ->  [HandlePage.js:63] onHandlePage([object XPCWrappedNative_NoHelper],[object HTMLDocument])
  ->  [CoreEvents.js:293] fireEvent("HANDLE_PAGE",[object Array])
  ->  [CoreEvents.js:234] fire("PARSE_COMPLETE",[object XPCWrappedNative_NoHelper],[object HTMLDocument])
  ->  [aptEventHandler.js:337] observe([object XPCWrappedNative_NoHelper],"jaxerEvent.HTMLParseComplete",null)
paths:
  -> file:///E:/Aptana%20Jaxer%20Apache/Jaxer/Apache2-4Build/jaxer/framework/src/ModuleLogger.js
  -> file:///E:/Aptana%20Jaxer%20Apache/Jaxer/Apache2-4Build/jaxer/framework/src/CallbackManager.js
  -> file:///E:/Aptana%20Jaxer%20Apache/Jaxer/Apache2-4Build/jaxer/framework/src/HandlePage.js
  -> file:///E:/Aptana%20Jaxer%20Apache/Jaxer/Apache2-4Build/jaxer/framework/src/CoreEvents.js
  -> file:///E:/Aptana%20Jaxer%20Apache/Jaxer/Apache2-4Build/jaxer/components/aptEventHandler.js

01:10:22 12/24/2025 [ 32928] [TRACE] [JS Framework] [CallbackManager.processGlobalFunctions] source before: function mapExec(array, func) {
    for (var i = 0; i < array.length; ++i) {
        func.call(this, array[i], i);
    }
}
stack:
  ->  [ModuleLogger.js:98] trace("source before: function mapExec(array, func) {\n    for (var i = 0; i < array.length; ++i) {\n        func.call(this, array[i], i);\n    }\n}")
  ->  [CallbackManager.js:422] processGlobalFunctions([object Object])
  ->  [CallbackManager.js:70] processCallbacks([object HTMLDocument])
  ->  [HandlePage.js:63] onHandlePage([object XPCWrappedNative_NoHelper],[object HTMLDocument])
  ->  [CoreEvents.js:293] fireEvent("HANDLE_PAGE",[object Array])
  ->  [CoreEvents.js:234] fire("PARSE_COMPLETE",[object XPCWrappedNative_NoHelper],[object HTMLDocument])
  ->  [aptEventHandler.js:337] observe([object XPCWrappedNative_NoHelper],"jaxerEvent.HTMLParseComplete",null)
paths:
  -> file:///E:/Aptana%20Jaxer%20Apache/Jaxer/Apache2-4Build/jaxer/framework/src/ModuleLogger.js
  -> file:///E:/Aptana%20Jaxer%20Apache/Jaxer/Apache2-4Build/jaxer/framework/src/CallbackManager.js
  -> file:///E:/Aptana%20Jaxer%20Apache/Jaxer/Apache2-4Build/jaxer/framework/src/HandlePage.js
  -> file:///E:/Aptana%20Jaxer%20Apache/Jaxer/Apache2-4Build/jaxer/framework/src/CoreEvents.js
  -> file:///E:/Aptana%20Jaxer%20Apache/Jaxer/Apache2-4Build/jaxer/components/aptEventHandler.js

01:10:22 12/24/2025 [ 32928] [TRACE] [JS Framework] [CallbackManager.processGlobalFunctions] source after: function mapExec(array, func) {
    for (var i = 0; i < array.length; ++i) {
        func.call(this, array[i], i);
    }
}
stack:
  ->  [ModuleLogger.js:98] trace("source after: function mapExec(array, func) {\n    for (var i = 0; i < array.length; ++i) {\n        func.call(this, array[i], i);\n    }\n}")
  ->  [CallbackManager.js:431] processGlobalFunctions([object Object])
  ->  [CallbackManager.js:70] processCallbacks([object HTMLDocument])
  ->  [HandlePage.js:63] onHandlePage([object XPCWrappedNative_NoHelper],[object HTMLDocument])
  ->  [CoreEvents.js:293] fireEvent("HANDLE_PAGE",[object Array])
  ->  [CoreEvents.js:234] fire("PARSE_COMPLETE",[object XPCWrappedNative_NoHelper],[object HTMLDocument])
  ->  [aptEventHandler.js:337] observe([object XPCWrappedNative_NoHelper],"jaxerEvent.HTMLParseComplete",null)
paths:
  -> file:///E:/Aptana%20Jaxer%20Apache/Jaxer/Apache2-4Build/jaxer/framework/src/ModuleLogger.js
  -> file:///E:/Aptana%20Jaxer%20Apache/Jaxer/Apache2-4Build/jaxer/framework/src/CallbackManager.js
  -> file:///E:/Aptana%20Jaxer%20Apache/Jaxer/Apache2-4Build/jaxer/framework/src/HandlePage.js
  -> file:///E:/Aptana%20Jaxer%20Apache/Jaxer/Apache2-4Build/jaxer/framework/src/CoreEvents.js
  -> file:///E:/Aptana%20Jaxer%20Apache/Jaxer/Apache2-4Build/jaxer/components/aptEventHandler.js

01:10:22 12/24/2025 [ 32928] [DEBUG] [JS Framework] [CallbackManager.processGlobalFunctions] Processing global function 'mapExec' with runat=server, proxy=false, effectiveRunat=server
stack:
  ->  [ModuleLogger.js:98] debug("Processing global function 'mapExec' with runat=server, proxy=false, effectiveRunat=server")
  ->  [CallbackManager.js:452] processGlobalFunctions([object Object])
  ->  [CallbackManager.js:70] processCallbacks([object HTMLDocument])
  ->  [HandlePage.js:63] onHandlePage([object XPCWrappedNative_NoHelper],[object HTMLDocument])
  ->  [CoreEvents.js:293] fireEvent("HANDLE_PAGE",[object Array])
  ->  [CoreEvents.js:234] fire("PARSE_COMPLETE",[object XPCWrappedNative_NoHelper],[object HTMLDocument])
  ->  [aptEventHandler.js:337] observe([object XPCWrappedNative_NoHelper],"jaxerEvent.HTMLParseComplete",null)
paths:
  -> file:///E:/Aptana%20Jaxer%20Apache/Jaxer/Apache2-4Build/jaxer/framework/src/ModuleLogger.js
  -> file:///E:/Aptana%20Jaxer%20Apache/Jaxer/Apache2-4Build/jaxer/framework/src/CallbackManager.js
  -> file:///E:/Aptana%20Jaxer%20Apache/Jaxer/Apache2-4Build/jaxer/framework/src/HandlePage.js
  -> file:///E:/Aptana%20Jaxer%20Apache/Jaxer/Apache2-4Build/jaxer/framework/src/CoreEvents.js
  -> file:///E:/Aptana%20Jaxer%20Apache/Jaxer/Apache2-4Build/jaxer/components/aptEventHandler.js

01:10:22 12/24/2025 [ 32928] [TRACE] [JS Framework] [CallbackManager.processGlobalFunctions] For runatFunctions member mapExpr: handledInScripts.hasOwnProperty=false; typeof candidate: function
stack:
  ->  [ModuleLogger.js:98] trace("For runatFunctions member mapExpr: handledInScripts.hasOwnProperty=false; typeof candidate: function")
  ->  [CallbackManager.js:410] processGlobalFunctions([object Object])
  ->  [CallbackManager.js:70] processCallbacks([object HTMLDocument])
  ->  [HandlePage.js:63] onHandlePage([object XPCWrappedNative_NoHelper],[object HTMLDocument])
  ->  [CoreEvents.js:293] fireEvent("HANDLE_PAGE",[object Array])
  ->  [CoreEvents.js:234] fire("PARSE_COMPLETE",[object XPCWrappedNative_NoHelper],[object HTMLDocument])
  ->  [aptEventHandler.js:337] observe([object XPCWrappedNative_NoHelper],"jaxerEvent.HTMLParseComplete",null)
paths:
  -> file:///E:/Aptana%20Jaxer%20Apache/Jaxer/Apache2-4Build/jaxer/framework/src/ModuleLogger.js
  -> file:///E:/Aptana%20Jaxer%20Apache/Jaxer/Apache2-4Build/jaxer/framework/src/CallbackManager.js
  -> file:///E:/Aptana%20Jaxer%20Apache/Jaxer/Apache2-4Build/jaxer/framework/src/HandlePage.js
  -> file:///E:/Aptana%20Jaxer%20Apache/Jaxer/Apache2-4Build/jaxer/framework/src/CoreEvents.js
  -> file:///E:/Aptana%20Jaxer%20Apache/Jaxer/Apache2-4Build/jaxer/components/aptEventHandler.js

01:10:22 12/24/2025 [ 32928] [TRACE] [JS Framework] [CallbackManager.processGlobalFunctions] source before: function mapExpr(array, func) {
    var ret = [];
    for (var i = 0; i < array.length; ++i) {
        ret.push(func(array[i]));
    }
    return ret;
}
stack:
  ->  [ModuleLogger.js:98] trace("source before: function mapExpr(array, func) {\n    var ret = [];\n    for (var i = 0; i < array.length; ++i) {\n        ret.push(func(array[i]));\n    }\n    return ret;\n}")
  ->  [CallbackManager.js:422] processGlobalFunctions([object Object])
  ->  [CallbackManager.js:70] processCallbacks([object HTMLDocument])
  ->  [HandlePage.js:63] onHandlePage([object XPCWrappedNative_NoHelper],[object HTMLDocument])
  ->  [CoreEvents.js:293] fireEvent("HANDLE_PAGE",[object Array])
  ->  [CoreEvents.js:234] fire("PARSE_COMPLETE",[object XPCWrappedNative_NoHelper],[object HTMLDocument])
  ->  [aptEventHandler.js:337] observe([object XPCWrappedNative_NoHelper],"jaxerEvent.HTMLParseComplete",null)
paths:
  -> file:///E:/Aptana%20Jaxer%20Apache/Jaxer/Apache2-4Build/jaxer/framework/src/ModuleLogger.js
  -> file:///E:/Aptana%20Jaxer%20Apache/Jaxer/Apache2-4Build/jaxer/framework/src/CallbackManager.js
  -> file:///E:/Aptana%20Jaxer%20Apache/Jaxer/Apache2-4Build/jaxer/framework/src/HandlePage.js
  -> file:///E:/Aptana%20Jaxer%20Apache/Jaxer/Apache2-4Build/jaxer/framework/src/CoreEvents.js
  -> file:///E:/Aptana%20Jaxer%20Apache/Jaxer/Apache2-4Build/jaxer/components/aptEventHandler.js

01:10:22 12/24/2025 [ 32928] [TRACE] [JS Framework] [CallbackManager.processGlobalFunctions] source after: function mapExpr(array, func) {
    var ret = [];
    for (var i = 0; i < array.length; ++i) {
        ret.push(func(array[i]));
    }
    return ret;
}
stack:
  ->  [ModuleLogger.js:98] trace("source after: function mapExpr(array, func) {\n    var ret = [];\n    for (var i = 0; i < array.length; ++i) {\n        ret.push(func(array[i]));\n    }\n    return ret;\n}")
  ->  [CallbackManager.js:431] processGlobalFunctions([object Object])
  ->  [CallbackManager.js:70] processCallbacks([object HTMLDocument])
  ->  [HandlePage.js:63] onHandlePage([object XPCWrappedNative_NoHelper],[object HTMLDocument])
  ->  [CoreEvents.js:293] fireEvent("HANDLE_PAGE",[object Array])
  ->  [CoreEvents.js:234] fire("PARSE_COMPLETE",[object XPCWrappedNative_NoHelper],[object HTMLDocument])
  ->  [aptEventHandler.js:337] observe([object XPCWrappedNative_NoHelper],"jaxerEvent.HTMLParseComplete",null)
paths:
  -> file:///E:/Aptana%20Jaxer%20Apache/Jaxer/Apache2-4Build/jaxer/framework/src/ModuleLogger.js
  -> file:///E:/Aptana%20Jaxer%20Apache/Jaxer/Apache2-4Build/jaxer/framework/src/CallbackManager.js
  -> file:///E:/Aptana%20Jaxer%20Apache/Jaxer/Apache2-4Build/jaxer/framework/src/HandlePage.js
  -> file:///E:/Aptana%20Jaxer%20Apache/Jaxer/Apache2-4Build/jaxer/framework/src/CoreEvents.js
  -> file:///E:/Aptana%20Jaxer%20Apache/Jaxer/Apache2-4Build/jaxer/components/aptEventHandler.js

01:10:22 12/24/2025 [ 32928] [DEBUG] [JS Framework] [CallbackManager.processGlobalFunctions] Processing global function 'mapExpr' with runat=server, proxy=false, effectiveRunat=server
stack:
  ->  [ModuleLogger.js:98] debug("Processing global function 'mapExpr' with runat=server, proxy=false, effectiveRunat=server")
  ->  [CallbackManager.js:452] processGlobalFunctions([object Object])
  ->  [CallbackManager.js:70] processCallbacks([object HTMLDocument])
  ->  [HandlePage.js:63] onHandlePage([object XPCWrappedNative_NoHelper],[object HTMLDocument])
  ->  [CoreEvents.js:293] fireEvent("HANDLE_PAGE",[object Array])
  ->  [CoreEvents.js:234] fire("PARSE_COMPLETE",[object XPCWrappedNative_NoHelper],[object HTMLDocument])
  ->  [aptEventHandler.js:337] observe([object XPCWrappedNative_NoHelper],"jaxerEvent.HTMLParseComplete",null)
paths:
  -> file:///E:/Aptana%20Jaxer%20Apache/Jaxer/Apache2-4Build/jaxer/framework/src/ModuleLogger.js
  -> file:///E:/Aptana%20Jaxer%20Apache/Jaxer/Apache2-4Build/jaxer/framework/src/CallbackManager.js
  -> file:///E:/Aptana%20Jaxer%20Apache/Jaxer/Apache2-4Build/jaxer/framework/src/HandlePage.js
  -> file:///E:/Aptana%20Jaxer%20Apache/Jaxer/Apache2-4Build/jaxer/framework/src/CoreEvents.js
  -> file:///E:/Aptana%20Jaxer%20Apache/Jaxer/Apache2-4Build/jaxer/components/aptEventHandler.js

01:10:22 12/24/2025 [ 32928] [TRACE] [JS Framework] [CallbackManager.processGlobalFunctions] For runatFunctions member reverseInplace: handledInScripts.hasOwnProperty=false; typeof candidate: function
stack:
  ->  [ModuleLogger.js:98] trace("For runatFunctions member reverseInplace: handledInScripts.hasOwnProperty=false; typeof candidate: function")
  ->  [CallbackManager.js:410] processGlobalFunctions([object Object])
  ->  [CallbackManager.js:70] processCallbacks([object HTMLDocument])
  ->  [HandlePage.js:63] onHandlePage([object XPCWrappedNative_NoHelper],[object HTMLDocument])
  ->  [CoreEvents.js:293] fireEvent("HANDLE_PAGE",[object Array])
  ->  [CoreEvents.js:234] fire("PARSE_COMPLETE",[object XPCWrappedNative_NoHelper],[object HTMLDocument])
  ->  [aptEventHandler.js:337] observe([object XPCWrappedNative_NoHelper],"jaxerEvent.HTMLParseComplete",null)
paths:
  -> file:///E:/Aptana%20Jaxer%20Apache/Jaxer/Apache2-4Build/jaxer/framework/src/ModuleLogger.js
  -> file:///E:/Aptana%20Jaxer%20Apache/Jaxer/Apache2-4Build/jaxer/framework/src/CallbackManager.js
  -> file:///E:/Aptana%20Jaxer%20Apache/Jaxer/Apache2-4Build/jaxer/framework/src/HandlePage.js
  -> file:///E:/Aptana%20Jaxer%20Apache/Jaxer/Apache2-4Build/jaxer/framework/src/CoreEvents.js
  -> file:///E:/Aptana%20Jaxer%20Apache/Jaxer/Apache2-4Build/jaxer/components/aptEventHandler.js

01:10:22 12/24/2025 [ 32928] [TRACE] [JS Framework] [CallbackManager.processGlobalFunctions] source before: function reverseInplace(array) {
    for (var i = 0; i < array.length / 2; ++i) {
        var h = array[i];
        var ii = array.length - i - 1;
        array[i] = array[ii];
        array[ii] = h;
    }
}
stack:
  ->  [ModuleLogger.js:98] trace("source before: function reverseInplace(array) {\n    for (var i = 0; i < array.length / 2; ++i) {\n        var h = array[i];\n        var ii = array.length - i - 1;\n        array[i] = array[ii];\n        array[ii] = h;\n    }\n}")
  ->  [CallbackManager.js:422] processGlobalFunctions([object Object])
  ->  [CallbackManager.js:70] processCallbacks([object HTMLDocument])
  ->  [HandlePage.js:63] onHandlePage([object XPCWrappedNative_NoHelper],[object HTMLDocument])
  ->  [CoreEvents.js:293] fireEvent("HANDLE_PAGE",[object Array])
  ->  [CoreEvents.js:234] fire("PARSE_COMPLETE",[object XPCWrappedNative_NoHelper],[object HTMLDocument])
  ->  [aptEventHandler.js:337] observe([object XPCWrappedNative_NoHelper],"jaxerEvent.HTMLParseComplete",null)
paths:
  -> file:///E:/Aptana%20Jaxer%20Apache/Jaxer/Apache2-4Build/jaxer/framework/src/ModuleLogger.js
  -> file:///E:/Aptana%20Jaxer%20Apache/Jaxer/Apache2-4Build/jaxer/framework/src/CallbackManager.js
  -> file:///E:/Aptana%20Jaxer%20Apache/Jaxer/Apache2-4Build/jaxer/framework/src/HandlePage.js
  -> file:///E:/Aptana%20Jaxer%20Apache/Jaxer/Apache2-4Build/jaxer/framework/src/CoreEvents.js
  -> file:///E:/Aptana%20Jaxer%20Apache/Jaxer/Apache2-4Build/jaxer/components/aptEventHandler.js

01:10:22 12/24/2025 [ 32928] [TRACE] [JS Framework] [CallbackManager.processGlobalFunctions] source after: function reverseInplace(array) {
    for (var i = 0; i < array.length / 2; ++i) {
        var h = array[i];
        var ii = array.length - i - 1;
        array[i] = array[ii];
        array[ii] = h;
    }
}
stack:
  ->  [ModuleLogger.js:98] trace("source after: function reverseInplace(array) {\n    for (var i = 0; i < array.length / 2; ++i) {\n        var h = array[i];\n        var ii = array.length - i - 1;\n        array[i] = array[ii];\n        array[ii] = h;\n    }\n}")
  ->  [CallbackManager.js:431] processGlobalFunctions([object Object])
  ->  [CallbackManager.js:70] processCallbacks([object HTMLDocument])
  ->  [HandlePage.js:63] onHandlePage([object XPCWrappedNative_NoHelper],[object HTMLDocument])
  ->  [CoreEvents.js:293] fireEvent("HANDLE_PAGE",[object Array])
  ->  [CoreEvents.js:234] fire("PARSE_COMPLETE",[object XPCWrappedNative_NoHelper],[object HTMLDocument])
  ->  [aptEventHandler.js:337] observe([object XPCWrappedNative_NoHelper],"jaxerEvent.HTMLParseComplete",null)
paths:
  -> file:///E:/Aptana%20Jaxer%20Apache/Jaxer/Apache2-4Build/jaxer/framework/src/ModuleLogger.js
  -> file:///E:/Aptana%20Jaxer%20Apache/Jaxer/Apache2-4Build/jaxer/framework/src/CallbackManager.js
  -> file:///E:/Aptana%20Jaxer%20Apache/Jaxer/Apache2-4Build/jaxer/framework/src/HandlePage.js
  -> file:///E:/Aptana%20Jaxer%20Apache/Jaxer/Apache2-4Build/jaxer/framework/src/CoreEvents.js
  -> file:///E:/Aptana%20Jaxer%20Apache/Jaxer/Apache2-4Build/jaxer/components/aptEventHandler.js

01:10:22 12/24/2025 [ 32928] [DEBUG] [JS Framework] [CallbackManager.processGlobalFunctions] Processing global function 'reverseInplace' with runat=server, proxy=false, effectiveRunat=server
stack:
  ->  [ModuleLogger.js:98] debug("Processing global function 'reverseInplace' with runat=server, proxy=false, effectiveRunat=server")
  ->  [CallbackManager.js:452] processGlobalFunctions([object Object])
  ->  [CallbackManager.js:70] processCallbacks([object HTMLDocument])
  ->  [HandlePage.js:63] onHandlePage([object XPCWrappedNative_NoHelper],[object HTMLDocument])
  ->  [CoreEvents.js:293] fireEvent("HANDLE_PAGE",[object Array])
  ->  [CoreEvents.js:234] fire("PARSE_COMPLETE",[object XPCWrappedNative_NoHelper],[object HTMLDocument])
  ->  [aptEventHandler.js:337] observe([object XPCWrappedNative_NoHelper],"jaxerEvent.HTMLParseComplete",null)
paths:
  -> file:///E:/Aptana%20Jaxer%20Apache/Jaxer/Apache2-4Build/jaxer/framework/src/ModuleLogger.js
  -> file:///E:/Aptana%20Jaxer%20Apache/Jaxer/Apache2-4Build/jaxer/framework/src/CallbackManager.js
  -> file:///E:/Aptana%20Jaxer%20Apache/Jaxer/Apache2-4Build/jaxer/framework/src/HandlePage.js
  -> file:///E:/Aptana%20Jaxer%20Apache/Jaxer/Apache2-4Build/jaxer/framework/src/CoreEvents.js
  -> file:///E:/Aptana%20Jaxer%20Apache/Jaxer/Apache2-4Build/jaxer/components/aptEventHandler.js

01:10:22 12/24/2025 [ 32928] [TRACE] [JS Framework] [CallbackManager.processGlobalFunctions] For runatFunctions member removeFromArray: handledInScripts.hasOwnProperty=false; typeof candidate: function
stack:
  ->  [ModuleLogger.js:98] trace("For runatFunctions member removeFromArray: handledInScripts.hasOwnProperty=false; typeof candidate: function")
  ->  [CallbackManager.js:410] processGlobalFunctions([object Object])
  ->  [CallbackManager.js:70] processCallbacks([object HTMLDocument])
  ->  [HandlePage.js:63] onHandlePage([object XPCWrappedNative_NoHelper],[object HTMLDocument])
  ->  [CoreEvents.js:293] fireEvent("HANDLE_PAGE",[object Array])
  ->  [CoreEvents.js:234] fire("PARSE_COMPLETE",[object XPCWrappedNative_NoHelper],[object HTMLDocument])
  ->  [aptEventHandler.js:337] observe([object XPCWrappedNative_NoHelper],"jaxerEvent.HTMLParseComplete",null)
paths:
  -> file:///E:/Aptana%20Jaxer%20Apache/Jaxer/Apache2-4Build/jaxer/framework/src/ModuleLogger.js
  -> file:///E:/Aptana%20Jaxer%20Apache/Jaxer/Apache2-4Build/jaxer/framework/src/CallbackManager.js
  -> file:///E:/Aptana%20Jaxer%20Apache/Jaxer/Apache2-4Build/jaxer/framework/src/HandlePage.js
  -> file:///E:/Aptana%20Jaxer%20Apache/Jaxer/Apache2-4Build/jaxer/framework/src/CoreEvents.js
  -> file:///E:/Aptana%20Jaxer%20Apache/Jaxer/Apache2-4Build/jaxer/components/aptEventHandler.js

01:10:22 12/24/2025 [ 32928] [TRACE] [JS Framework] [CallbackManager.processGlobalFunctions] source before: function removeFromArray(array, value, opt_notype) {
    var shift = 0;
    for (var i = 0; i < array.length; ++i) {
        if (array[i] === value || (opt_notype && array[i] == value)) {
            array.splice(i--, 1);
            shift++;
        }
    }
    return shift;
}
stack:
  ->  [ModuleLogger.js:98] trace("source before: function removeFromArray(array, value, opt_notype) {\n    var shift = 0;\n    for (var i = 0; i < array.length; ++i) {\n        if (array[i] === value || (opt_notype && array[i] == value)) {\n            array.splice(i--, 1);\n            shift++;\n        }\n    }\n    return shift;\n}")
  ->  [CallbackManager.js:422] processGlobalFunctions([object Object])
  ->  [CallbackManager.js:70] processCallbacks([object HTMLDocument])
  ->  [HandlePage.js:63] onHandlePage([object XPCWrappedNative_NoHelper],[object HTMLDocument])
  ->  [CoreEvents.js:293] fireEvent("HANDLE_PAGE",[object Array])
  ->  [CoreEvents.js:234] fire("PARSE_COMPLETE",[object XPCWrappedNative_NoHelper],[object HTMLDocument])
  ->  [aptEventHandler.js:337] observe([object XPCWrappedNative_NoHelper],"jaxerEvent.HTMLParseComplete",null)
paths:
  -> file:///E:/Aptana%20Jaxer%20Apache/Jaxer/Apache2-4Build/jaxer/framework/src/ModuleLogger.js
  -> file:///E:/Aptana%20Jaxer%20Apache/Jaxer/Apache2-4Build/jaxer/framework/src/CallbackManager.js
  -> file:///E:/Aptana%20Jaxer%20Apache/Jaxer/Apache2-4Build/jaxer/framework/src/HandlePage.js
  -> file:///E:/Aptana%20Jaxer%20Apache/Jaxer/Apache2-4Build/jaxer/framework/src/CoreEvents.js
  -> file:///E:/Aptana%20Jaxer%20Apache/Jaxer/Apache2-4Build/jaxer/components/aptEventHandler.js

01:10:22 12/24/2025 [ 32928] [TRACE] [JS Framework] [CallbackManager.processGlobalFunctions] source after: function removeFromArray(array, value, opt_notype) {
    var shift = 0;
    for (var i = 0; i < array.length; ++i) {
        if (array[i] === value || (opt_notype && array[i] == value)) {
            array.splice(i--, 1);
            shift++;
        }
    }
    return shift;
}
stack:
  ->  [ModuleLogger.js:98] trace("source after: function removeFromArray(array, value, opt_notype) {\n    var shift = 0;\n    for (var i = 0; i < array.length; ++i) {\n        if (array[i] === value || (opt_notype && array[i] == value)) {\n            array.splice(i--, 1);\n            shift++;\n        }\n    }\n    return shift;\n}")
  ->  [CallbackManager.js:431] processGlobalFunctions([object Object])
  ->  [CallbackManager.js:70] processCallbacks([object HTMLDocument])
  ->  [HandlePage.js:63] onHandlePage([object XPCWrappedNative_NoHelper],[object HTMLDocument])
  ->  [CoreEvents.js:293] fireEvent("HANDLE_PAGE",[object Array])
  ->  [CoreEvents.js:234] fire("PARSE_COMPLETE",[object XPCWrappedNative_NoHelper],[object HTMLDocument])
  ->  [aptEventHandler.js:337] observe([object XPCWrappedNative_NoHelper],"jaxerEvent.HTMLParseComplete",null)
paths:
  -> file:///E:/Aptana%20Jaxer%20Apache/Jaxer/Apache2-4Build/jaxer/framework/src/ModuleLogger.js
  -> file:///E:/Aptana%20Jaxer%20Apache/Jaxer/Apache2-4Build/jaxer/framework/src/CallbackManager.js
  -> file:///E:/Aptana%20Jaxer%20Apache/Jaxer/Apache2-4Build/jaxer/framework/src/HandlePage.js
  -> file:///E:/Aptana%20Jaxer%20Apache/Jaxer/Apache2-4Build/jaxer/framework/src/CoreEvents.js
  -> file:///E:/Aptana%20Jaxer%20Apache/Jaxer/Apache2-4Build/jaxer/components/aptEventHandler.js

01:10:22 12/24/2025 [ 32928] [DEBUG] [JS Framework] [CallbackManager.processGlobalFunctions] Processing global function 'removeFromArray' with runat=server, proxy=false, effectiveRunat=server
stack:
  ->  [ModuleLogger.js:98] debug("Processing global function 'removeFromArray' with runat=server, proxy=false, effectiveRunat=server")
  ->  [CallbackManager.js:452] processGlobalFunctions([object Object])
  ->  [CallbackManager.js:70] processCallbacks([object HTMLDocument])
  ->  [HandlePage.js:63] onHandlePage([object XPCWrappedNative_NoHelper],[object HTMLDocument])
  ->  [CoreEvents.js:293] fireEvent("HANDLE_PAGE",[object Array])
  ->  [CoreEvents.js:234] fire("PARSE_COMPLETE",[object XPCWrappedNative_NoHelper],[object HTMLDocument])
  ->  [aptEventHandler.js:337] observe([object XPCWrappedNative_NoHelper],"jaxerEvent.HTMLParseComplete",null)
paths:
  -> file:///E:/Aptana%20Jaxer%20Apache/Jaxer/Apache2-4Build/jaxer/framework/src/ModuleLogger.js
  -> file:///E:/Aptana%20Jaxer%20Apache/Jaxer/Apache2-4Build/jaxer/framework/src/CallbackManager.js
  -> file:///E:/Aptana%20Jaxer%20Apache/Jaxer/Apache2-4Build/jaxer/framework/src/HandlePage.js
  -> file:///E:/Aptana%20Jaxer%20Apache/Jaxer/Apache2-4Build/jaxer/framework/src/CoreEvents.js
  -> file:///E:/Aptana%20Jaxer%20Apache/Jaxer/Apache2-4Build/jaxer/components/aptEventHandler.js

01:10:22 12/24/2025 [ 32928] [TRACE] [JS Framework] [CallbackManager.processGlobalFunctions] For runatFunctions member copyArray: handledInScripts.hasOwnProperty=false; typeof candidate: function
stack:
  ->  [ModuleLogger.js:98] trace("For runatFunctions member copyArray: handledInScripts.hasOwnProperty=false; typeof candidate: function")
  ->  [CallbackManager.js:410] processGlobalFunctions([object Object])
  ->  [CallbackManager.js:70] processCallbacks([object HTMLDocument])
  ->  [HandlePage.js:63] onHandlePage([object XPCWrappedNative_NoHelper],[object HTMLDocument])
  ->  [CoreEvents.js:293] fireEvent("HANDLE_PAGE",[object Array])
  ->  [CoreEvents.js:234] fire("PARSE_COMPLETE",[object XPCWrappedNative_NoHelper],[object HTMLDocument])
  ->  [aptEventHandler.js:337] observe([object XPCWrappedNative_NoHelper],"jaxerEvent.HTMLParseComplete",null)
paths:
  -> file:///E:/Aptana%20Jaxer%20Apache/Jaxer/Apache2-4Build/jaxer/framework/src/ModuleLogger.js
  -> file:///E:/Aptana%20Jaxer%20Apache/Jaxer/Apache2-4Build/jaxer/framework/src/CallbackManager.js
  -> file:///E:/Aptana%20Jaxer%20Apache/Jaxer/Apache2-4Build/jaxer/framework/src/HandlePage.js
  -> file:///E:/Aptana%20Jaxer%20Apache/Jaxer/Apache2-4Build/jaxer/framework/src/CoreEvents.js
  -> file:///E:/Aptana%20Jaxer%20Apache/Jaxer/Apache2-4Build/jaxer/components/aptEventHandler.js

01:10:22 12/24/2025 [ 32928] [TRACE] [JS Framework] [CallbackManager.processGlobalFunctions] source before: function copyArray(dst, src) {
    if (!src) {
        return;
    }
    var dstLength = dst.length;
    for (var i = src.length - 1; i >= 0; --i) {
        dst[i + dstLength] = src[i];
    }
}
stack:
  ->  [ModuleLogger.js:98] trace("source before: function copyArray(dst, src) {\n    if (!src) {\n        return;\n    }\n    var dstLength = dst.length;\n    for (var i = src.length - 1; i >= 0; --i) {\n        dst[i + dstLength] = src[i];\n    }\n}")
  ->  [CallbackManager.js:422] processGlobalFunctions([object Object])
  ->  [CallbackManager.js:70] processCallbacks([object HTMLDocument])
  ->  [HandlePage.js:63] onHandlePage([object XPCWrappedNative_NoHelper],[object HTMLDocument])
  ->  [CoreEvents.js:293] fireEvent("HANDLE_PAGE",[object Array])
  ->  [CoreEvents.js:234] fire("PARSE_COMPLETE",[object XPCWrappedNative_NoHelper],[object HTMLDocument])
  ->  [aptEventHandler.js:337] observe([object XPCWrappedNative_NoHelper],"jaxerEvent.HTMLParseComplete",null)
paths:
  -> file:///E:/Aptana%20Jaxer%20Apache/Jaxer/Apache2-4Build/jaxer/framework/src/ModuleLogger.js
  -> file:///E:/Aptana%20Jaxer%20Apache/Jaxer/Apache2-4Build/jaxer/framework/src/CallbackManager.js
  -> file:///E:/Aptana%20Jaxer%20Apache/Jaxer/Apache2-4Build/jaxer/framework/src/HandlePage.js
  -> file:///E:/Aptana%20Jaxer%20Apache/Jaxer/Apache2-4Build/jaxer/framework/src/CoreEvents.js
  -> file:///E:/Aptana%20Jaxer%20Apache/Jaxer/Apache2-4Build/jaxer/components/aptEventHandler.js

01:10:22 12/24/2025 [ 32928] [TRACE] [JS Framework] [CallbackManager.processGlobalFunctions] source after: function copyArray(dst, src) {
    if (!src) {
        return;
    }
    var dstLength = dst.length;
    for (var i = src.length - 1; i >= 0; --i) {
        dst[i + dstLength] = src[i];
    }
}
stack:
  ->  [ModuleLogger.js:98] trace("source after: function copyArray(dst, src) {\n    if (!src) {\n        return;\n    }\n    var dstLength = dst.length;\n    for (var i = src.length - 1; i >= 0; --i) {\n        dst[i + dstLength] = src[i];\n    }\n}")
  ->  [CallbackManager.js:431] processGlobalFunctions([object Object])
  ->  [CallbackManager.js:70] processCallbacks([object HTMLDocument])
  ->  [HandlePage.js:63] onHandlePage([object XPCWrappedNative_NoHelper],[object HTMLDocument])
  ->  [CoreEvents.js:293] fireEvent("HANDLE_PAGE",[object Array])
  ->  [CoreEvents.js:234] fire("PARSE_COMPLETE",[object XPCWrappedNative_NoHelper],[object HTMLDocument])
  ->  [aptEventHandler.js:337] observe([object XPCWrappedNative_NoHelper],"jaxerEvent.HTMLParseComplete",null)
paths:
  -> file:///E:/Aptana%20Jaxer%20Apache/Jaxer/Apache2-4Build/jaxer/framework/src/ModuleLogger.js
  -> file:///E:/Aptana%20Jaxer%20Apache/Jaxer/Apache2-4Build/jaxer/framework/src/CallbackManager.js
  -> file:///E:/Aptana%20Jaxer%20Apache/Jaxer/Apache2-4Build/jaxer/framework/src/HandlePage.js
  -> file:///E:/Aptana%20Jaxer%20Apache/Jaxer/Apache2-4Build/jaxer/framework/src/CoreEvents.js
  -> file:///E:/Aptana%20Jaxer%20Apache/Jaxer/Apache2-4Build/jaxer/components/aptEventHandler.js

01:10:22 12/24/2025 [ 32928] [DEBUG] [JS Framework] [CallbackManager.processGlobalFunctions] Processing global function 'copyArray' with runat=server, proxy=false, effectiveRunat=server
stack:
  ->  [ModuleLogger.js:98] debug("Processing global function 'copyArray' with runat=server, proxy=false, effectiveRunat=server")
  ->  [CallbackManager.js:452] processGlobalFunctions([object Object])
  ->  [CallbackManager.js:70] processCallbacks([object HTMLDocument])
  ->  [HandlePage.js:63] onHandlePage([object XPCWrappedNative_NoHelper],[object HTMLDocument])
  ->  [CoreEvents.js:293] fireEvent("HANDLE_PAGE",[object Array])
  ->  [CoreEvents.js:234] fire("PARSE_COMPLETE",[object XPCWrappedNative_NoHelper],[object HTMLDocument])
  ->  [aptEventHandler.js:337] observe([object XPCWrappedNative_NoHelper],"jaxerEvent.HTMLParseComplete",null)
paths:
  -> file:///E:/Aptana%20Jaxer%20Apache/Jaxer/Apache2-4Build/jaxer/framework/src/ModuleLogger.js
  -> file:///E:/Aptana%20Jaxer%20Apache/Jaxer/Apache2-4Build/jaxer/framework/src/CallbackManager.js
  -> file:///E:/Aptana%20Jaxer%20Apache/Jaxer/Apache2-4Build/jaxer/framework/src/HandlePage.js
  -> file:///E:/Aptana%20Jaxer%20Apache/Jaxer/Apache2-4Build/jaxer/framework/src/CoreEvents.js
  -> file:///E:/Aptana%20Jaxer%20Apache/Jaxer/Apache2-4Build/jaxer/components/aptEventHandler.js

01:10:22 12/24/2025 [ 32928] [TRACE] [JS Framework] [CallbackManager.processGlobalFunctions] For runatFunctions member copyArrayIgnoringAttributesWithoutValue: handledInScripts.hasOwnProperty=false; typeof candidate: function
stack:
  ->  [ModuleLogger.js:98] trace("For runatFunctions member copyArrayIgnoringAttributesWithoutValue: handledInScripts.hasOwnProperty=false; typeof candidate: function")
  ->  [CallbackManager.js:410] processGlobalFunctions([object Object])
  ->  [CallbackManager.js:70] processCallbacks([object HTMLDocument])
  ->  [HandlePage.js:63] onHandlePage([object XPCWrappedNative_NoHelper],[object HTMLDocument])
  ->  [CoreEvents.js:293] fireEvent("HANDLE_PAGE",[object Array])
  ->  [CoreEvents.js:234] fire("PARSE_COMPLETE",[object XPCWrappedNative_NoHelper],[object HTMLDocument])
  ->  [aptEventHandler.js:337] observe([object XPCWrappedNative_NoHelper],"jaxerEvent.HTMLParseComplete",null)
paths:
  -> file:///E:/Aptana%20Jaxer%20Apache/Jaxer/Apache2-4Build/jaxer/framework/src/ModuleLogger.js
  -> file:///E:/Aptana%20Jaxer%20Apache/Jaxer/Apache2-4Build/jaxer/framework/src/CallbackManager.js
  -> file:///E:/Aptana%20Jaxer%20Apache/Jaxer/Apache2-4Build/jaxer/framework/src/HandlePage.js
  -> file:///E:/Aptana%20Jaxer%20Apache/Jaxer/Apache2-4Build/jaxer/framework/src/CoreEvents.js
  -> file:///E:/Aptana%20Jaxer%20Apache/Jaxer/Apache2-4Build/jaxer/components/aptEventHandler.js

01:10:22 12/24/2025 [ 32928] [TRACE] [JS Framework] [CallbackManager.processGlobalFunctions] source before: function copyArrayIgnoringAttributesWithoutValue(dst, src) {
    if (!src) {
        return;
    }
    for (var i = src.length - 1; i >= 0; --i) {
        if (src[i].nodeValue) {
            dst.push(src[i]);
        }
    }
}
stack:
  ->  [ModuleLogger.js:98] trace("source before: function copyArrayIgnoringAttributesWithoutValue(dst, src) {\n    if (!src) {\n        return;\n    }\n    for (var i = src.length - 1; i >= 0; --i) {\n        if (src[i].nodeValue) {\n            dst.push(src[i]);\n        }\n    }\n}")
  ->  [CallbackManager.js:422] processGlobalFunctions([object Object])
  ->  [CallbackManager.js:70] processCallbacks([object HTMLDocument])
  ->  [HandlePage.js:63] onHandlePage([object XPCWrappedNative_NoHelper],[object HTMLDocument])
  ->  [CoreEvents.js:293] fireEvent("HANDLE_PAGE",[object Array])
  ->  [CoreEvents.js:234] fire("PARSE_COMPLETE",[object XPCWrappedNative_NoHelper],[object HTMLDocument])
  ->  [aptEventHandler.js:337] observe([object XPCWrappedNative_NoHelper],"jaxerEvent.HTMLParseComplete",null)
paths:
  -> file:///E:/Aptana%20Jaxer%20Apache/Jaxer/Apache2-4Build/jaxer/framework/src/ModuleLogger.js
  -> file:///E:/Aptana%20Jaxer%20Apache/Jaxer/Apache2-4Build/jaxer/framework/src/CallbackManager.js
  -> file:///E:/Aptana%20Jaxer%20Apache/Jaxer/Apache2-4Build/jaxer/framework/src/HandlePage.js
  -> file:///E:/Aptana%20Jaxer%20Apache/Jaxer/Apache2-4Build/jaxer/framework/src/CoreEvents.js
  -> file:///E:/Aptana%20Jaxer%20Apache/Jaxer/Apache2-4Build/jaxer/components/aptEventHandler.js

01:10:22 12/24/2025 [ 32928] [TRACE] [JS Framework] [CallbackManager.processGlobalFunctions] source after: function copyArrayIgnoringAttributesWithoutValue(dst, src) {
    if (!src) {
        return;
    }
    for (var i = src.length - 1; i >= 0; --i) {
        if (src[i].nodeValue) {
            dst.push(src[i]);
        }
    }
}
stack:
  ->  [ModuleLogger.js:98] trace("source after: function copyArrayIgnoringAttributesWithoutValue(dst, src) {\n    if (!src) {\n        return;\n    }\n    for (var i = src.length - 1; i >= 0; --i) {\n        if (src[i].nodeValue) {\n            dst.push(src[i]);\n        }\n    }\n}")
  ->  [CallbackManager.js:431] processGlobalFunctions([object Object])
  ->  [CallbackManager.js:70] processCallbacks([object HTMLDocument])
  ->  [HandlePage.js:63] onHandlePage([object XPCWrappedNative_NoHelper],[object HTMLDocument])
  ->  [CoreEvents.js:293] fireEvent("HANDLE_PAGE",[object Array])
  ->  [CoreEvents.js:234] fire("PARSE_COMPLETE",[object XPCWrappedNative_NoHelper],[object HTMLDocument])
  ->  [aptEventHandler.js:337] observe([object XPCWrappedNative_NoHelper],"jaxerEvent.HTMLParseComplete",null)
paths:
  -> file:///E:/Aptana%20Jaxer%20Apache/Jaxer/Apache2-4Build/jaxer/framework/src/ModuleLogger.js
  -> file:///E:/Aptana%20Jaxer%20Apache/Jaxer/Apache2-4Build/jaxer/framework/src/CallbackManager.js
  -> file:///E:/Aptana%20Jaxer%20Apache/Jaxer/Apache2-4Build/jaxer/framework/src/HandlePage.js
  -> file:///E:/Aptana%20Jaxer%20Apache/Jaxer/Apache2-4Build/jaxer/framework/src/CoreEvents.js
  -> file:///E:/Aptana%20Jaxer%20Apache/Jaxer/Apache2-4Build/jaxer/components/aptEventHandler.js

01:10:22 12/24/2025 [ 32928] [DEBUG] [JS Framework] [CallbackManager.processGlobalFunctions] Processing global function 'copyArrayIgnoringAttributesWithoutValue' with runat=server, proxy=false, effectiveRunat=server
stack:
  ->  [ModuleLogger.js:98] debug("Processing global function 'copyArrayIgnoringAttributesWithoutValue' with runat=server, proxy=false, effectiveRunat=server")
  ->  [CallbackManager.js:452] processGlobalFunctions([object Object])
  ->  [CallbackManager.js:70] processCallbacks([object HTMLDocument])
  ->  [HandlePage.js:63] onHandlePage([object XPCWrappedNative_NoHelper],[object HTMLDocument])
  ->  [CoreEvents.js:293] fireEvent("HANDLE_PAGE",[object Array])
  ->  [CoreEvents.js:234] fire("PARSE_COMPLETE",[object XPCWrappedNative_NoHelper],[object HTMLDocument])
  ->  [aptEventHandler.js:337] observe([object XPCWrappedNative_NoHelper],"jaxerEvent.HTMLParseComplete",null)
paths:
  -> file:///E:/Aptana%20Jaxer%20Apache/Jaxer/Apache2-4Build/jaxer/framework/src/ModuleLogger.js
  -> file:///E:/Aptana%20Jaxer%20Apache/Jaxer/Apache2-4Build/jaxer/framework/src/CallbackManager.js
  -> file:///E:/Aptana%20Jaxer%20Apache/Jaxer/Apache2-4Build/jaxer/framework/src/HandlePage.js
  -> file:///E:/Aptana%20Jaxer%20Apache/Jaxer/Apache2-4Build/jaxer/framework/src/CoreEvents.js
  -> file:///E:/Aptana%20Jaxer%20Apache/Jaxer/Apache2-4Build/jaxer/components/aptEventHandler.js

01:10:22 12/24/2025 [ 32928] [TRACE] [JS Framework] [CallbackManager.processGlobalFunctions] For runatFunctions member xmlValue: handledInScripts.hasOwnProperty=false; typeof candidate: function
stack:
  ->  [ModuleLogger.js:98] trace("For runatFunctions member xmlValue: handledInScripts.hasOwnProperty=false; typeof candidate: function")
  ->  [CallbackManager.js:410] processGlobalFunctions([object Object])
  ->  [CallbackManager.js:70] processCallbacks([object HTMLDocument])
  ->  [HandlePage.js:63] onHandlePage([object XPCWrappedNative_NoHelper],[object HTMLDocument])
  ->  [CoreEvents.js:293] fireEvent("HANDLE_PAGE",[object Array])
  ->  [CoreEvents.js:234] fire("PARSE_COMPLETE",[object XPCWrappedNative_NoHelper],[object HTMLDocument])
  ->  [aptEventHandler.js:337] observe([object XPCWrappedNative_NoHelper],"jaxerEvent.HTMLParseComplete",null)
paths:
  -> file:///E:/Aptana%20Jaxer%20Apache/Jaxer/Apache2-4Build/jaxer/framework/src/ModuleLogger.js
  -> file:///E:/Aptana%20Jaxer%20Apache/Jaxer/Apache2-4Build/jaxer/framework/src/CallbackManager.js
  -> file:///E:/Aptana%20Jaxer%20Apache/Jaxer/Apache2-4Build/jaxer/framework/src/HandlePage.js
  -> file:///E:/Aptana%20Jaxer%20Apache/Jaxer/Apache2-4Build/jaxer/framework/src/CoreEvents.js
  -> file:///E:/Aptana%20Jaxer%20Apache/Jaxer/Apache2-4Build/jaxer/components/aptEventHandler.js

01:10:22 12/24/2025 [ 32928] [TRACE] [JS Framework] [CallbackManager.processGlobalFunctions] source before: function xmlValue(node) {
    if (!node) {
        return "";
    }
    var ret = "";
    if (node.nodeType == DOM_TEXT_NODE ||
        node.nodeType == DOM_CDATA_SECTION_NODE) {
        ret += node.nodeValue;
    } else if (node.nodeType == DOM_ATTRIBUTE_NODE) {
        if (ajaxsltIsIE6) {
            ret += xmlValueIE6Hack(node);
        } else {
            ret += node.nodeValue;
        }
    } else if (node.nodeType == DOM_ELEMENT_NODE ||
        node.nodeType == DOM_DOCUMENT_NODE ||
        node.nodeType == DOM_DOCUMENT_FRAGMENT_NODE) {
        for (var i = 0; i < node.childNodes.length; ++i) {
            ret += arguments.callee(node.childNodes[i]);
        }
    }
    return ret;
}
stack:
  ->  [ModuleLogger.js:98] trace("source before: function xmlValue(node) {\n    if (!node) {\n        return \"\";\n    }\n    var ret = \"\";\n    if (node.nodeType == DOM_TEXT_NODE ||\n        node.nodeType == DOM_CDATA_SECTION_NODE) {\n        ret += node.nodeValue;\n    } else if (node.nodeType == DOM_ATTRIBUTE_NODE) {\n        if (ajaxsltIsIE6) {\n            ret += xmlValueIE6Hack(node);\n        } else {\n            ret += node.nodeValue;\n        }\n    } else if (node.nodeType == DOM_ELEMENT_NODE ||\n        node.nodeType == DOM_DOCUMENT_NODE ||\n        node.nodeType == DOM_DOCUMENT_FRAGMENT_NODE) {\n        for (var i = 0; i < node.childNodes.length; ++i) {\n            ret += arguments.callee(node.childNodes[i]);\n        }\n    }\n    return ret;\n}")
  ->  [CallbackManager.js:422] processGlobalFunctions([object Object])
  ->  [CallbackManager.js:70] processCallbacks([object HTMLDocument])
  ->  [HandlePage.js:63] onHandlePage([object XPCWrappedNative_NoHelper],[object HTMLDocument])
  ->  [CoreEvents.js:293] fireEvent("HANDLE_PAGE",[object Array])
  ->  [CoreEvents.js:234] fire("PARSE_COMPLETE",[object XPCWrappedNative_NoHelper],[object HTMLDocument])
  ->  [aptEventHandler.js:337] observe([object XPCWrappedNative_NoHelper],"jaxerEvent.HTMLParseComplete",null)
paths:
  -> file:///E:/Aptana%20Jaxer%20Apache/Jaxer/Apache2-4Build/jaxer/framework/src/ModuleLogger.js
  -> file:///E:/Aptana%20Jaxer%20Apache/Jaxer/Apache2-4Build/jaxer/framework/src/CallbackManager.js
  -> file:///E:/Aptana%20Jaxer%20Apache/Jaxer/Apache2-4Build/jaxer/framework/src/HandlePage.js
  -> file:///E:/Aptana%20Jaxer%20Apache/Jaxer/Apache2-4Build/jaxer/framework/src/CoreEvents.js
  -> file:///E:/Aptana%20Jaxer%20Apache/Jaxer/Apache2-4Build/jaxer/components/aptEventHandler.js

01:10:22 12/24/2025 [ 32928] [TRACE] [JS Framework] [CallbackManager.processGlobalFunctions] source after: function xmlValue(node) {
    if (!node) {
        return "";
    }
    var ret = "";
    if (node.nodeType == DOM_TEXT_NODE ||
        node.nodeType == DOM_CDATA_SECTION_NODE) {
        ret += node.nodeValue;
    } else if (node.nodeType == DOM_ATTRIBUTE_NODE) {
        if (ajaxsltIsIE6) {
            ret += xmlValueIE6Hack(node);
        } else {
            ret += node.nodeValue;
        }
    } else if (node.nodeType == DOM_ELEMENT_NODE ||
        node.nodeType == DOM_DOCUMENT_NODE ||
        node.nodeType == DOM_DOCUMENT_FRAGMENT_NODE) {
        for (var i = 0; i < node.childNodes.length; ++i) {
            ret += arguments.callee(node.childNodes[i]);
        }
    }
    return ret;
}
stack:
  ->  [ModuleLogger.js:98] trace("source after: function xmlValue(node) {\n    if (!node) {\n        return \"\";\n    }\n    var ret = \"\";\n    if (node.nodeType == DOM_TEXT_NODE ||\n        node.nodeType == DOM_CDATA_SECTION_NODE) {\n        ret += node.nodeValue;\n    } else if (node.nodeType == DOM_ATTRIBUTE_NODE) {\n        if (ajaxsltIsIE6) {\n            ret += xmlValueIE6Hack(node);\n        } else {\n            ret += node.nodeValue;\n        }\n    } else if (node.nodeType == DOM_ELEMENT_NODE ||\n        node.nodeType == DOM_DOCUMENT_NODE ||\n        node.nodeType == DOM_DOCUMENT_FRAGMENT_NODE) {\n        for (var i = 0; i < node.childNodes.length; ++i) {\n            ret += arguments.callee(node.childNodes[i]);\n        }\n    }\n    return ret;\n}")
  ->  [CallbackManager.js:431] processGlobalFunctions([object Object])
  ->  [CallbackManager.js:70] processCallbacks([object HTMLDocument])
  ->  [HandlePage.js:63] onHandlePage([object XPCWrappedNative_NoHelper],[object HTMLDocument])
  ->  [CoreEvents.js:293] fireEvent("HANDLE_PAGE",[object Array])
  ->  [CoreEvents.js:234] fire("PARSE_COMPLETE",[object XPCWrappedNative_NoHelper],[object HTMLDocument])
  ->  [aptEventHandler.js:337] observe([object XPCWrappedNative_NoHelper],"jaxerEvent.HTMLParseComplete",null)
paths:
  -> file:///E:/Aptana%20Jaxer%20Apache/Jaxer/Apache2-4Build/jaxer/framework/src/ModuleLogger.js
  -> file:///E:/Aptana%20Jaxer%20Apache/Jaxer/Apache2-4Build/jaxer/framework/src/CallbackManager.js
  -> file:///E:/Aptana%20Jaxer%20Apache/Jaxer/Apache2-4Build/jaxer/framework/src/HandlePage.js
  -> file:///E:/Aptana%20Jaxer%20Apache/Jaxer/Apache2-4Build/jaxer/framework/src/CoreEvents.js
  -> file:///E:/Aptana%20Jaxer%20Apache/Jaxer/Apache2-4Build/jaxer/components/aptEventHandler.js

01:10:22 12/24/2025 [ 32928] [DEBUG] [JS Framework] [CallbackManager.processGlobalFunctions] Processing global function 'xmlValue' with runat=server, proxy=false, effectiveRunat=server
stack:
  ->  [ModuleLogger.js:98] debug("Processing global function 'xmlValue' with runat=server, proxy=false, effectiveRunat=server")
  ->  [CallbackManager.js:452] processGlobalFunctions([object Object])
  ->  [CallbackManager.js:70] processCallbacks([object HTMLDocument])
  ->  [HandlePage.js:63] onHandlePage([object XPCWrappedNative_NoHelper],[object HTMLDocument])
  ->  [CoreEvents.js:293] fireEvent("HANDLE_PAGE",[object Array])
  ->  [CoreEvents.js:234] fire("PARSE_COMPLETE",[object XPCWrappedNative_NoHelper],[object HTMLDocument])
  ->  [aptEventHandler.js:337] observe([object XPCWrappedNative_NoHelper],"jaxerEvent.HTMLParseComplete",null)
paths:
  -> file:///E:/Aptana%20Jaxer%20Apache/Jaxer/Apache2-4Build/jaxer/framework/src/ModuleLogger.js
  -> file:///E:/Aptana%20Jaxer%20Apache/Jaxer/Apache2-4Build/jaxer/framework/src/CallbackManager.js
  -> file:///E:/Aptana%20Jaxer%20Apache/Jaxer/Apache2-4Build/jaxer/framework/src/HandlePage.js
  -> file:///E:/Aptana%20Jaxer%20Apache/Jaxer/Apache2-4Build/jaxer/framework/src/CoreEvents.js
  -> file:///E:/Aptana%20Jaxer%20Apache/Jaxer/Apache2-4Build/jaxer/components/aptEventHandler.js

01:10:22 12/24/2025 [ 32928] [TRACE] [JS Framework] [CallbackManager.processGlobalFunctions] For runatFunctions member xmlValueIE6Hack: handledInScripts.hasOwnProperty=false; typeof candidate: function
stack:
  ->  [ModuleLogger.js:98] trace("For runatFunctions member xmlValueIE6Hack: handledInScripts.hasOwnProperty=false; typeof candidate: function")
  ->  [CallbackManager.js:410] processGlobalFunctions([object Object])
  ->  [CallbackManager.js:70] processCallbacks([object HTMLDocument])
  ->  [HandlePage.js:63] onHandlePage([object XPCWrappedNative_NoHelper],[object HTMLDocument])
  ->  [CoreEvents.js:293] fireEvent("HANDLE_PAGE",[object Array])
  ->  [CoreEvents.js:234] fire("PARSE_COMPLETE",[object XPCWrappedNative_NoHelper],[object HTMLDocument])
  ->  [aptEventHandler.js:337] observe([object XPCWrappedNative_NoHelper],"jaxerEvent.HTMLParseComplete",null)
paths:
  -> file:///E:/Aptana%20Jaxer%20Apache/Jaxer/Apache2-4Build/jaxer/framework/src/ModuleLogger.js
  -> file:///E:/Aptana%20Jaxer%20Apache/Jaxer/Apache2-4Build/jaxer/framework/src/CallbackManager.js
  -> file:///E:/Aptana%20Jaxer%20Apache/Jaxer/Apache2-4Build/jaxer/framework/src/HandlePage.js
  -> file:///E:/Aptana%20Jaxer%20Apache/Jaxer/Apache2-4Build/jaxer/framework/src/CoreEvents.js
  -> file:///E:/Aptana%20Jaxer%20Apache/Jaxer/Apache2-4Build/jaxer/components/aptEventHandler.js

01:10:22 12/24/2025 [ 32928] [TRACE] [JS Framework] [CallbackManager.processGlobalFunctions] source before: function xmlValueIE6Hack(node) {
    var nodeName = node.nodeName;
    var nodeValue = node.nodeValue;
    if (nodeName.length != 4) {
        return nodeValue;
    }
    if (!/^href$/i.test(nodeName)) {
        return nodeValue;
    }
    if (!/^javascript:/.test(nodeValue)) {
        return nodeValue;
    }
    return unescape(nodeValue);
}
stack:
  ->  [ModuleLogger.js:98] trace("source before: function xmlValueIE6Hack(node) {\n    var nodeName = node.nodeName;\n    var nodeValue = node.nodeValue;\n    if (nodeName.length != 4) {\n        return nodeValue;\n    }\n    if (!/^href$/i.test(nodeName)) {\n        return nodeValue;\n    }\n    if (!/^javascript:/.test(nodeValue)) {\n        return nodeValue;\n    }\n    return unescape(nodeValue);\n}")
  ->  [CallbackManager.js:422] processGlobalFunctions([object Object])
  ->  [CallbackManager.js:70] processCallbacks([object HTMLDocument])
  ->  [HandlePage.js:63] onHandlePage([object XPCWrappedNative_NoHelper],[object HTMLDocument])
  ->  [CoreEvents.js:293] fireEvent("HANDLE_PAGE",[object Array])
  ->  [CoreEvents.js:234] fire("PARSE_COMPLETE",[object XPCWrappedNative_NoHelper],[object HTMLDocument])
  ->  [aptEventHandler.js:337] observe([object XPCWrappedNative_NoHelper],"jaxerEvent.HTMLParseComplete",null)
paths:
  -> file:///E:/Aptana%20Jaxer%20Apache/Jaxer/Apache2-4Build/jaxer/framework/src/ModuleLogger.js
  -> file:///E:/Aptana%20Jaxer%20Apache/Jaxer/Apache2-4Build/jaxer/framework/src/CallbackManager.js
  -> file:///E:/Aptana%20Jaxer%20Apache/Jaxer/Apache2-4Build/jaxer/framework/src/HandlePage.js
  -> file:///E:/Aptana%20Jaxer%20Apache/Jaxer/Apache2-4Build/jaxer/framework/src/CoreEvents.js
  -> file:///E:/Aptana%20Jaxer%20Apache/Jaxer/Apache2-4Build/jaxer/components/aptEventHandler.js

01:10:22 12/24/2025 [ 32928] [TRACE] [JS Framework] [CallbackManager.processGlobalFunctions] source after: function xmlValueIE6Hack(node) {
    var nodeName = node.nodeName;
    var nodeValue = node.nodeValue;
    if (nodeName.length != 4) {
        return nodeValue;
    }
    if (!/^href$/i.test(nodeName)) {
        return nodeValue;
    }
    if (!/^javascript:/.test(nodeValue)) {
        return nodeValue;
    }
    return unescape(nodeValue);
}
stack:
  ->  [ModuleLogger.js:98] trace("source after: function xmlValueIE6Hack(node) {\n    var nodeName = node.nodeName;\n    var nodeValue = node.nodeValue;\n    if (nodeName.length != 4) {\n        return nodeValue;\n    }\n    if (!/^href$/i.test(nodeName)) {\n        return nodeValue;\n    }\n    if (!/^javascript:/.test(nodeValue)) {\n        return nodeValue;\n    }\n    return unescape(nodeValue);\n}")
  ->  [CallbackManager.js:431] processGlobalFunctions([object Object])
  ->  [CallbackManager.js:70] processCallbacks([object HTMLDocument])
  ->  [HandlePage.js:63] onHandlePage([object XPCWrappedNative_NoHelper],[object HTMLDocument])
  ->  [CoreEvents.js:293] fireEvent("HANDLE_PAGE",[object Array])
  ->  [CoreEvents.js:234] fire("PARSE_COMPLETE",[object XPCWrappedNative_NoHelper],[object HTMLDocument])
  ->  [aptEventHandler.js:337] observe([object XPCWrappedNative_NoHelper],"jaxerEvent.HTMLParseComplete",null)
paths:
  -> file:///E:/Aptana%20Jaxer%20Apache/Jaxer/Apache2-4Build/jaxer/framework/src/ModuleLogger.js
  -> file:///E:/Aptana%20Jaxer%20Apache/Jaxer/Apache2-4Build/jaxer/framework/src/CallbackManager.js
  -> file:///E:/Aptana%20Jaxer%20Apache/Jaxer/Apache2-4Build/jaxer/framework/src/HandlePage.js
  -> file:///E:/Aptana%20Jaxer%20Apache/Jaxer/Apache2-4Build/jaxer/framework/src/CoreEvents.js
  -> file:///E:/Aptana%20Jaxer%20Apache/Jaxer/Apache2-4Build/jaxer/components/aptEventHandler.js

01:10:22 12/24/2025 [ 32928] [DEBUG] [JS Framework] [CallbackManager.processGlobalFunctions] Processing global function 'xmlValueIE6Hack' with runat=server, proxy=false, effectiveRunat=server
stack:
  ->  [ModuleLogger.js:98] debug("Processing global function 'xmlValueIE6Hack' with runat=server, proxy=false, effectiveRunat=server")
  ->  [CallbackManager.js:452] processGlobalFunctions([object Object])
  ->  [CallbackManager.js:70] processCallbacks([object HTMLDocument])
  ->  [HandlePage.js:63] onHandlePage([object XPCWrappedNative_NoHelper],[object HTMLDocument])
  ->  [CoreEvents.js:293] fireEvent("HANDLE_PAGE",[object Array])
  ->  [CoreEvents.js:234] fire("PARSE_COMPLETE",[object XPCWrappedNative_NoHelper],[object HTMLDocument])
  ->  [aptEventHandler.js:337] observe([object XPCWrappedNative_NoHelper],"jaxerEvent.HTMLParseComplete",null)
paths:
  -> file:///E:/Aptana%20Jaxer%20Apache/Jaxer/Apache2-4Build/jaxer/framework/src/ModuleLogger.js
  -> file:///E:/Aptana%20Jaxer%20Apache/Jaxer/Apache2-4Build/jaxer/framework/src/CallbackManager.js
  -> file:///E:/Aptana%20Jaxer%20Apache/Jaxer/Apache2-4Build/jaxer/framework/src/HandlePage.js
  -> file:///E:/Aptana%20Jaxer%20Apache/Jaxer/Apache2-4Build/jaxer/framework/src/CoreEvents.js
  -> file:///E:/Aptana%20Jaxer%20Apache/Jaxer/Apache2-4Build/jaxer/components/aptEventHandler.js

01:10:22 12/24/2025 [ 32928] [TRACE] [JS Framework] [CallbackManager.processGlobalFunctions] For runatFunctions member xmlText: handledInScripts.hasOwnProperty=false; typeof candidate: function
stack:
  ->  [ModuleLogger.js:98] trace("For runatFunctions member xmlText: handledInScripts.hasOwnProperty=false; typeof candidate: function")
  ->  [CallbackManager.js:410] processGlobalFunctions([object Object])
  ->  [CallbackManager.js:70] processCallbacks([object HTMLDocument])
  ->  [HandlePage.js:63] onHandlePage([object XPCWrappedNative_NoHelper],[object HTMLDocument])
  ->  [CoreEvents.js:293] fireEvent("HANDLE_PAGE",[object Array])
  ->  [CoreEvents.js:234] fire("PARSE_COMPLETE",[object XPCWrappedNative_NoHelper],[object HTMLDocument])
  ->  [aptEventHandler.js:337] observe([object XPCWrappedNative_NoHelper],"jaxerEvent.HTMLParseComplete",null)
paths:
  -> file:///E:/Aptana%20Jaxer%20Apache/Jaxer/Apache2-4Build/jaxer/framework/src/ModuleLogger.js
  -> file:///E:/Aptana%20Jaxer%20Apache/Jaxer/Apache2-4Build/jaxer/framework/src/CallbackManager.js
  -> file:///E:/Aptana%20Jaxer%20Apache/Jaxer/Apache2-4Build/jaxer/framework/src/HandlePage.js
  -> file:///E:/Aptana%20Jaxer%20Apache/Jaxer/Apache2-4Build/jaxer/framework/src/CoreEvents.js
  -> file:///E:/Aptana%20Jaxer%20Apache/Jaxer/Apache2-4Build/jaxer/components/aptEventHandler.js

01:10:22 12/24/2025 [ 32928] [TRACE] [JS Framework] [CallbackManager.processGlobalFunctions] source before: function xmlText(node, opt_cdata) {
    var buf = [];
    xmlTextR(node, buf, opt_cdata);
    return buf.join("");
}
stack:
  ->  [ModuleLogger.js:98] trace("source before: function xmlText(node, opt_cdata) {\n    var buf = [];\n    xmlTextR(node, buf, opt_cdata);\n    return buf.join(\"\");\n}")
  ->  [CallbackManager.js:422] processGlobalFunctions([object Object])
  ->  [CallbackManager.js:70] processCallbacks([object HTMLDocument])
  ->  [HandlePage.js:63] onHandlePage([object XPCWrappedNative_NoHelper],[object HTMLDocument])
  ->  [CoreEvents.js:293] fireEvent("HANDLE_PAGE",[object Array])
  ->  [CoreEvents.js:234] fire("PARSE_COMPLETE",[object XPCWrappedNative_NoHelper],[object HTMLDocument])
  ->  [aptEventHandler.js:337] observe([object XPCWrappedNative_NoHelper],"jaxerEvent.HTMLParseComplete",null)
paths:
  -> file:///E:/Aptana%20Jaxer%20Apache/Jaxer/Apache2-4Build/jaxer/framework/src/ModuleLogger.js
  -> file:///E:/Aptana%20Jaxer%20Apache/Jaxer/Apache2-4Build/jaxer/framework/src/CallbackManager.js
  -> file:///E:/Aptana%20Jaxer%20Apache/Jaxer/Apache2-4Build/jaxer/framework/src/HandlePage.js
  -> file:///E:/Aptana%20Jaxer%20Apache/Jaxer/Apache2-4Build/jaxer/framework/src/CoreEvents.js
  -> file:///E:/Aptana%20Jaxer%20Apache/Jaxer/Apache2-4Build/jaxer/components/aptEventHandler.js

01:10:22 12/24/2025 [ 32928] [TRACE] [JS Framework] [CallbackManager.processGlobalFunctions] source after: function xmlText(node, opt_cdata) {
    var buf = [];
    xmlTextR(node, buf, opt_cdata);
    return buf.join("");
}
stack:
  ->  [ModuleLogger.js:98] trace("source after: function xmlText(node, opt_cdata) {\n    var buf = [];\n    xmlTextR(node, buf, opt_cdata);\n    return buf.join(\"\");\n}")
  ->  [CallbackManager.js:431] processGlobalFunctions([object Object])
  ->  [CallbackManager.js:70] processCallbacks([object HTMLDocument])
  ->  [HandlePage.js:63] onHandlePage([object XPCWrappedNative_NoHelper],[object HTMLDocument])
  ->  [CoreEvents.js:293] fireEvent("HANDLE_PAGE",[object Array])
  ->  [CoreEvents.js:234] fire("PARSE_COMPLETE",[object XPCWrappedNative_NoHelper],[object HTMLDocument])
  ->  [aptEventHandler.js:337] observe([object XPCWrappedNative_NoHelper],"jaxerEvent.HTMLParseComplete",null)
paths:
  -> file:///E:/Aptana%20Jaxer%20Apache/Jaxer/Apache2-4Build/jaxer/framework/src/ModuleLogger.js
  -> file:///E:/Aptana%20Jaxer%20Apache/Jaxer/Apache2-4Build/jaxer/framework/src/CallbackManager.js
  -> file:///E:/Aptana%20Jaxer%20Apache/Jaxer/Apache2-4Build/jaxer/framework/src/HandlePage.js
  -> file:///E:/Aptana%20Jaxer%20Apache/Jaxer/Apache2-4Build/jaxer/framework/src/CoreEvents.js
  -> file:///E:/Aptana%20Jaxer%20Apache/Jaxer/Apache2-4Build/jaxer/components/aptEventHandler.js

01:10:22 12/24/2025 [ 32928] [DEBUG] [JS Framework] [CallbackManager.processGlobalFunctions] Processing global function 'xmlText' with runat=server, proxy=false, effectiveRunat=server
stack:
  ->  [ModuleLogger.js:98] debug("Processing global function 'xmlText' with runat=server, proxy=false, effectiveRunat=server")
  ->  [CallbackManager.js:452] processGlobalFunctions([object Object])
  ->  [CallbackManager.js:70] processCallbacks([object HTMLDocument])
  ->  [HandlePage.js:63] onHandlePage([object XPCWrappedNative_NoHelper],[object HTMLDocument])
  ->  [CoreEvents.js:293] fireEvent("HANDLE_PAGE",[object Array])
  ->  [CoreEvents.js:234] fire("PARSE_COMPLETE",[object XPCWrappedNative_NoHelper],[object HTMLDocument])
  ->  [aptEventHandler.js:337] observe([object XPCWrappedNative_NoHelper],"jaxerEvent.HTMLParseComplete",null)
paths:
  -> file:///E:/Aptana%20Jaxer%20Apache/Jaxer/Apache2-4Build/jaxer/framework/src/ModuleLogger.js
  -> file:///E:/Aptana%20Jaxer%20Apache/Jaxer/Apache2-4Build/jaxer/framework/src/CallbackManager.js
  -> file:///E:/Aptana%20Jaxer%20Apache/Jaxer/Apache2-4Build/jaxer/framework/src/HandlePage.js
  -> file:///E:/Aptana%20Jaxer%20Apache/Jaxer/Apache2-4Build/jaxer/framework/src/CoreEvents.js
  -> file:///E:/Aptana%20Jaxer%20Apache/Jaxer/Apache2-4Build/jaxer/components/aptEventHandler.js

01:10:22 12/24/2025 [ 32928] [TRACE] [JS Framework] [CallbackManager.processGlobalFunctions] For runatFunctions member xmlTextR: handledInScripts.hasOwnProperty=false; typeof candidate: function
stack:
  ->  [ModuleLogger.js:98] trace("For runatFunctions member xmlTextR: handledInScripts.hasOwnProperty=false; typeof candidate: function")
  ->  [CallbackManager.js:410] processGlobalFunctions([object Object])
  ->  [CallbackManager.js:70] processCallbacks([object HTMLDocument])
  ->  [HandlePage.js:63] onHandlePage([object XPCWrappedNative_NoHelper],[object HTMLDocument])
  ->  [CoreEvents.js:293] fireEvent("HANDLE_PAGE",[object Array])
  ->  [CoreEvents.js:234] fire("PARSE_COMPLETE",[object XPCWrappedNative_NoHelper],[object HTMLDocument])
  ->  [aptEventHandler.js:337] observe([object XPCWrappedNative_NoHelper],"jaxerEvent.HTMLParseComplete",null)
paths:
  -> file:///E:/Aptana%20Jaxer%20Apache/Jaxer/Apache2-4Build/jaxer/framework/src/ModuleLogger.js
  -> file:///E:/Aptana%20Jaxer%20Apache/Jaxer/Apache2-4Build/jaxer/framework/src/CallbackManager.js
  -> file:///E:/Aptana%20Jaxer%20Apache/Jaxer/Apache2-4Build/jaxer/framework/src/HandlePage.js
  -> file:///E:/Aptana%20Jaxer%20Apache/Jaxer/Apache2-4Build/jaxer/framework/src/CoreEvents.js
  -> file:///E:/Aptana%20Jaxer%20Apache/Jaxer/Apache2-4Build/jaxer/components/aptEventHandler.js

01:10:22 12/24/2025 [ 32928] [TRACE] [JS Framework] [CallbackManager.processGlobalFunctions] source before: function xmlTextR(node, buf, cdata) {
    if (node.nodeType == DOM_TEXT_NODE) {
        buf.push(xmlEscapeText(node.nodeValue));
    } else if (node.nodeType == DOM_CDATA_SECTION_NODE) {
        if (cdata) {
            buf.push(node.nodeValue);
        } else {
            buf.push("<![CDATA[" + node.nodeValue + "]]>");
        }
    } else if (node.nodeType == DOM_COMMENT_NODE) {
        buf.push("<!--" + node.nodeValue + "-->");
    } else if (node.nodeType == DOM_ELEMENT_NODE) {
        buf.push("<" + xmlFullNodeName(node));
        for (var i = 0; i < node.attributes.length; ++i) {
            var a = node.attributes[i];
            if (a && a.nodeName && a.nodeValue) {
                buf.push(" " + xmlFullNodeName(a) + "=\"" + xmlEscapeAttr(a.nodeValue) + "\"");
            }
        }
        if (node.childNodes.length == 0) {
            buf.push("/>");
        } else {
            buf.push(">");
            for (var i = 0; i < node.childNodes.length; ++i) {
                arguments.callee(node.childNodes[i], buf, cdata);
            }
            buf.push("</" + xmlFullNodeName(node) + ">");
        }
    } else if (node.nodeType == DOM_DOCUMENT_NODE ||
        node.nodeType == DOM_DOCUMENT_FRAGMENT_NODE) {
        for (var i = 0; i < node.childNodes.length; ++i) {
            arguments.callee(node.childNodes[i], buf, cdata);
        }
    }
}
stack:
  ->  [ModuleLogger.js:98] trace("source before: function xmlTextR(node, buf, cdata) {\n    if (node.nodeType == DOM_TEXT_NODE) {\n        buf.push(xmlEscapeText(node.nodeValue));\n    } else if (node.nodeType == DOM_CDATA_SECTION_NODE) {\n        if (cdata) {\n            buf.push(node.nodeValue);\n        } else {\n            buf.push(\"<![CDATA[\" + node.nodeValue + \"]]>\");\n        }\n    } else if (node.nodeType == DOM_COMMENT_NODE) {\n        buf.push(\"<!--\" + node.nodeValue + \"-->\");\n    } else if (node.nodeType == DOM_ELEMENT_NODE) {\n        buf.push(\"<\" + xmlFullNodeName(node));\n        for (var i = 0; i < node.attributes.length; ++i) {\n            var a = node.attributes[i];\n            if (a && a.nodeName && a.nodeValue) {\n                buf.push(\" \" + xmlFullNodeName(a) + \"=\\\"\" + xmlEscapeAttr(a.nodeValue) + \"\\\"\");\n            }\n        }\n        if (node.childNodes.length == 0) {\n            buf.push(\"/>\");\n        } else {\n            buf.push(\">\");\n            for (var i = 0; i < node.childNodes.length; ++i) {\n                arguments.callee(node.childNodes[i], buf, cdata);\n            }\n            buf.push(\"</\" + xmlFullNodeName(node) + \">\");\n        }\n    } else if (node.nodeType == DOM_DOCUMENT_NODE ||\n        node.nodeType == DOM_DOCUMENT_FRAGMENT_NODE) {\n        for (var i = 0; i < node.childNodes.length; ++i) {\n            arguments.callee(node.childNodes[i], buf, cdata);\n        }\n    }\n}")
  ->  [CallbackManager.js:422] processGlobalFunctions([object Object])
  ->  [CallbackManager.js:70] processCallbacks([object HTMLDocument])
  ->  [HandlePage.js:63] onHandlePage([object XPCWrappedNative_NoHelper],[object HTMLDocument])
  ->  [CoreEvents.js:293] fireEvent("HANDLE_PAGE",[object Array])
  ->  [CoreEvents.js:234] fire("PARSE_COMPLETE",[object XPCWrappedNative_NoHelper],[object HTMLDocument])
  ->  [aptEventHandler.js:337] observe([object XPCWrappedNative_NoHelper],"jaxerEvent.HTMLParseComplete",null)
paths:
  -> file:///E:/Aptana%20Jaxer%20Apache/Jaxer/Apache2-4Build/jaxer/framework/src/ModuleLogger.js
  -> file:///E:/Aptana%20Jaxer%20Apache/Jaxer/Apache2-4Build/jaxer/framework/src/CallbackManager.js
  -> file:///E:/Aptana%20Jaxer%20Apache/Jaxer/Apache2-4Build/jaxer/framework/src/HandlePage.js
  -> file:///E:/Aptana%20Jaxer%20Apache/Jaxer/Apache2-4Build/jaxer/framework/src/CoreEvents.js
  -> file:///E:/Aptana%20Jaxer%20Apache/Jaxer/Apache2-4Build/jaxer/components/aptEventHandler.js

01:10:22 12/24/2025 [ 32928] [TRACE] [JS Framework] [CallbackManager.processGlobalFunctions] source after: function xmlTextR(node, buf, cdata) {
    if (node.nodeType == DOM_TEXT_NODE) {
        buf.push(xmlEscapeText(node.nodeValue));
    } else if (node.nodeType == DOM_CDATA_SECTION_NODE) {
        if (cdata) {
            buf.push(node.nodeValue);
        } else {
            buf.push("<![CDATA[" + node.nodeValue + "]]>");
        }
    } else if (node.nodeType == DOM_COMMENT_NODE) {
        buf.push("<!--" + node.nodeValue + "-->");
    } else if (node.nodeType == DOM_ELEMENT_NODE) {
        buf.push("<" + xmlFullNodeName(node));
        for (var i = 0; i < node.attributes.length; ++i) {
            var a = node.attributes[i];
            if (a && a.nodeName && a.nodeValue) {
                buf.push(" " + xmlFullNodeName(a) + "=\"" + xmlEscapeAttr(a.nodeValue) + "\"");
            }
        }
        if (node.childNodes.length == 0) {
            buf.push("/>");
        } else {
            buf.push(">");
            for (var i = 0; i < node.childNodes.length; ++i) {
                arguments.callee(node.childNodes[i], buf, cdata);
            }
            buf.push("</" + xmlFullNodeName(node) + ">");
        }
    } else if (node.nodeType == DOM_DOCUMENT_NODE ||
        node.nodeType == DOM_DOCUMENT_FRAGMENT_NODE) {
        for (var i = 0; i < node.childNodes.length; ++i) {
            arguments.callee(node.childNodes[i], buf, cdata);
        }
    }
}
stack:
  ->  [ModuleLogger.js:98] trace("source after: function xmlTextR(node, buf, cdata) {\n    if (node.nodeType == DOM_TEXT_NODE) {\n        buf.push(xmlEscapeText(node.nodeValue));\n    } else if (node.nodeType == DOM_CDATA_SECTION_NODE) {\n        if (cdata) {\n            buf.push(node.nodeValue);\n        } else {\n            buf.push(\"<![CDATA[\" + node.nodeValue + \"]]>\");\n        }\n    } else if (node.nodeType == DOM_COMMENT_NODE) {\n        buf.push(\"<!--\" + node.nodeValue + \"-->\");\n    } else if (node.nodeType == DOM_ELEMENT_NODE) {\n        buf.push(\"<\" + xmlFullNodeName(node));\n        for (var i = 0; i < node.attributes.length; ++i) {\n            var a = node.attributes[i];\n            if (a && a.nodeName && a.nodeValue) {\n                buf.push(\" \" + xmlFullNodeName(a) + \"=\\\"\" + xmlEscapeAttr(a.nodeValue) + \"\\\"\");\n            }\n        }\n        if (node.childNodes.length == 0) {\n            buf.push(\"/>\");\n        } else {\n            buf.push(\">\");\n            for (var i = 0; i < node.childNodes.length; ++i) {\n                arguments.callee(node.childNodes[i], buf, cdata);\n            }\n            buf.push(\"</\" + xmlFullNodeName(node) + \">\");\n        }\n    } else if (node.nodeType == DOM_DOCUMENT_NODE ||\n        node.nodeType == DOM_DOCUMENT_FRAGMENT_NODE) {\n        for (var i = 0; i < node.childNodes.length; ++i) {\n            arguments.callee(node.childNodes[i], buf, cdata);\n        }\n    }\n}")
  ->  [CallbackManager.js:431] processGlobalFunctions([object Object])
  ->  [CallbackManager.js:70] processCallbacks([object HTMLDocument])
  ->  [HandlePage.js:63] onHandlePage([object XPCWrappedNative_NoHelper],[object HTMLDocument])
  ->  [CoreEvents.js:293] fireEvent("HANDLE_PAGE",[object Array])
  ->  [CoreEvents.js:234] fire("PARSE_COMPLETE",[object XPCWrappedNative_NoHelper],[object HTMLDocument])
  ->  [aptEventHandler.js:337] observe([object XPCWrappedNative_NoHelper],"jaxerEvent.HTMLParseComplete",null)
paths:
  -> file:///E:/Aptana%20Jaxer%20Apache/Jaxer/Apache2-4Build/jaxer/framework/src/ModuleLogger.js
  -> file:///E:/Aptana%20Jaxer%20Apache/Jaxer/Apache2-4Build/jaxer/framework/src/CallbackManager.js
  -> file:///E:/Aptana%20Jaxer%20Apache/Jaxer/Apache2-4Build/jaxer/framework/src/HandlePage.js
  -> file:///E:/Aptana%20Jaxer%20Apache/Jaxer/Apache2-4Build/jaxer/framework/src/CoreEvents.js
  -> file:///E:/Aptana%20Jaxer%20Apache/Jaxer/Apache2-4Build/jaxer/components/aptEventHandler.js

01:10:22 12/24/2025 [ 32928] [DEBUG] [JS Framework] [CallbackManager.processGlobalFunctions] Processing global function 'xmlTextR' with runat=server, proxy=false, effectiveRunat=server
stack:
  ->  [ModuleLogger.js:98] debug("Processing global function 'xmlTextR' with runat=server, proxy=false, effectiveRunat=server")
  ->  [CallbackManager.js:452] processGlobalFunctions([object Object])
  ->  [CallbackManager.js:70] processCallbacks([object HTMLDocument])
  ->  [HandlePage.js:63] onHandlePage([object XPCWrappedNative_NoHelper],[object HTMLDocument])
  ->  [CoreEvents.js:293] fireEvent("HANDLE_PAGE",[object Array])
  ->  [CoreEvents.js:234] fire("PARSE_COMPLETE",[object XPCWrappedNative_NoHelper],[object HTMLDocument])
  ->  [aptEventHandler.js:337] observe([object XPCWrappedNative_NoHelper],"jaxerEvent.HTMLParseComplete",null)
paths:
  -> file:///E:/Aptana%20Jaxer%20Apache/Jaxer/Apache2-4Build/jaxer/framework/src/ModuleLogger.js
  -> file:///E:/Aptana%20Jaxer%20Apache/Jaxer/Apache2-4Build/jaxer/framework/src/CallbackManager.js
  -> file:///E:/Aptana%20Jaxer%20Apache/Jaxer/Apache2-4Build/jaxer/framework/src/HandlePage.js
  -> file:///E:/Aptana%20Jaxer%20Apache/Jaxer/Apache2-4Build/jaxer/framework/src/CoreEvents.js
  -> file:///E:/Aptana%20Jaxer%20Apache/Jaxer/Apache2-4Build/jaxer/components/aptEventHandler.js

01:10:22 12/24/2025 [ 32928] [TRACE] [JS Framework] [CallbackManager.processGlobalFunctions] For runatFunctions member xmlFullNodeName: handledInScripts.hasOwnProperty=false; typeof candidate: function
stack:
  ->  [ModuleLogger.js:98] trace("For runatFunctions member xmlFullNodeName: handledInScripts.hasOwnProperty=false; typeof candidate: function")
  ->  [CallbackManager.js:410] processGlobalFunctions([object Object])
  ->  [CallbackManager.js:70] processCallbacks([object HTMLDocument])
  ->  [HandlePage.js:63] onHandlePage([object XPCWrappedNative_NoHelper],[object HTMLDocument])
  ->  [CoreEvents.js:293] fireEvent("HANDLE_PAGE",[object Array])
  ->  [CoreEvents.js:234] fire("PARSE_COMPLETE",[object XPCWrappedNative_NoHelper],[object HTMLDocument])
  ->  [aptEventHandler.js:337] observe([object XPCWrappedNative_NoHelper],"jaxerEvent.HTMLParseComplete",null)
paths:
  -> file:///E:/Aptana%20Jaxer%20Apache/Jaxer/Apache2-4Build/jaxer/framework/src/ModuleLogger.js
  -> file:///E:/Aptana%20Jaxer%20Apache/Jaxer/Apache2-4Build/jaxer/framework/src/CallbackManager.js
  -> file:///E:/Aptana%20Jaxer%20Apache/Jaxer/Apache2-4Build/jaxer/framework/src/HandlePage.js
  -> file:///E:/Aptana%20Jaxer%20Apache/Jaxer/Apache2-4Build/jaxer/framework/src/CoreEvents.js
  -> file:///E:/Aptana%20Jaxer%20Apache/Jaxer/Apache2-4Build/jaxer/components/aptEventHandler.js

01:10:22 12/24/2025 [ 32928] [TRACE] [JS Framework] [CallbackManager.processGlobalFunctions] source before: function xmlFullNodeName(n) {
    if (n.prefix && n.nodeName.indexOf(n.prefix + ":") != 0) {
        return n.prefix + ":" + n.nodeName;
    } else {
        return n.nodeName;
    }
}
stack:
  ->  [ModuleLogger.js:98] trace("source before: function xmlFullNodeName(n) {\n    if (n.prefix && n.nodeName.indexOf(n.prefix + \":\") != 0) {\n        return n.prefix + \":\" + n.nodeName;\n    } else {\n        return n.nodeName;\n    }\n}")
  ->  [CallbackManager.js:422] processGlobalFunctions([object Object])
  ->  [CallbackManager.js:70] processCallbacks([object HTMLDocument])
  ->  [HandlePage.js:63] onHandlePage([object XPCWrappedNative_NoHelper],[object HTMLDocument])
  ->  [CoreEvents.js:293] fireEvent("HANDLE_PAGE",[object Array])
  ->  [CoreEvents.js:234] fire("PARSE_COMPLETE",[object XPCWrappedNative_NoHelper],[object HTMLDocument])
  ->  [aptEventHandler.js:337] observe([object XPCWrappedNative_NoHelper],"jaxerEvent.HTMLParseComplete",null)
paths:
  -> file:///E:/Aptana%20Jaxer%20Apache/Jaxer/Apache2-4Build/jaxer/framework/src/ModuleLogger.js
  -> file:///E:/Aptana%20Jaxer%20Apache/Jaxer/Apache2-4Build/jaxer/framework/src/CallbackManager.js
  -> file:///E:/Aptana%20Jaxer%20Apache/Jaxer/Apache2-4Build/jaxer/framework/src/HandlePage.js
  -> file:///E:/Aptana%20Jaxer%20Apache/Jaxer/Apache2-4Build/jaxer/framework/src/CoreEvents.js
  -> file:///E:/Aptana%20Jaxer%20Apache/Jaxer/Apache2-4Build/jaxer/components/aptEventHandler.js

01:10:22 12/24/2025 [ 32928] [TRACE] [JS Framework] [CallbackManager.processGlobalFunctions] source after: function xmlFullNodeName(n) {
    if (n.prefix && n.nodeName.indexOf(n.prefix + ":") != 0) {
        return n.prefix + ":" + n.nodeName;
    } else {
        return n.nodeName;
    }
}
stack:
  ->  [ModuleLogger.js:98] trace("source after: function xmlFullNodeName(n) {\n    if (n.prefix && n.nodeName.indexOf(n.prefix + \":\") != 0) {\n        return n.prefix + \":\" + n.nodeName;\n    } else {\n        return n.nodeName;\n    }\n}")
  ->  [CallbackManager.js:431] processGlobalFunctions([object Object])
  ->  [CallbackManager.js:70] processCallbacks([object HTMLDocument])
  ->  [HandlePage.js:63] onHandlePage([object XPCWrappedNative_NoHelper],[object HTMLDocument])
  ->  [CoreEvents.js:293] fireEvent("HANDLE_PAGE",[object Array])
  ->  [CoreEvents.js:234] fire("PARSE_COMPLETE",[object XPCWrappedNative_NoHelper],[object HTMLDocument])
  ->  [aptEventHandler.js:337] observe([object XPCWrappedNative_NoHelper],"jaxerEvent.HTMLParseComplete",null)
paths:
  -> file:///E:/Aptana%20Jaxer%20Apache/Jaxer/Apache2-4Build/jaxer/framework/src/ModuleLogger.js
  -> file:///E:/Aptana%20Jaxer%20Apache/Jaxer/Apache2-4Build/jaxer/framework/src/CallbackManager.js
  -> file:///E:/Aptana%20Jaxer%20Apache/Jaxer/Apache2-4Build/jaxer/framework/src/HandlePage.js
  -> file:///E:/Aptana%20Jaxer%20Apache/Jaxer/Apache2-4Build/jaxer/framework/src/CoreEvents.js
  -> file:///E:/Aptana%20Jaxer%20Apache/Jaxer/Apache2-4Build/jaxer/components/aptEventHandler.js

01:10:22 12/24/2025 [ 32928] [DEBUG] [JS Framework] [CallbackManager.processGlobalFunctions] Processing global function 'xmlFullNodeName' with runat=server, proxy=false, effectiveRunat=server
stack:
  ->  [ModuleLogger.js:98] debug("Processing global function 'xmlFullNodeName' with runat=server, proxy=false, effectiveRunat=server")
  ->  [CallbackManager.js:452] processGlobalFunctions([object Object])
  ->  [CallbackManager.js:70] processCallbacks([object HTMLDocument])
  ->  [HandlePage.js:63] onHandlePage([object XPCWrappedNative_NoHelper],[object HTMLDocument])
  ->  [CoreEvents.js:293] fireEvent("HANDLE_PAGE",[object Array])
  ->  [CoreEvents.js:234] fire("PARSE_COMPLETE",[object XPCWrappedNative_NoHelper],[object HTMLDocument])
  ->  [aptEventHandler.js:337] observe([object XPCWrappedNative_NoHelper],"jaxerEvent.HTMLParseComplete",null)
paths:
  -> file:///E:/Aptana%20Jaxer%20Apache/Jaxer/Apache2-4Build/jaxer/framework/src/ModuleLogger.js
  -> file:///E:/Aptana%20Jaxer%20Apache/Jaxer/Apache2-4Build/jaxer/framework/src/CallbackManager.js
  -> file:///E:/Aptana%20Jaxer%20Apache/Jaxer/Apache2-4Build/jaxer/framework/src/HandlePage.js
  -> file:///E:/Aptana%20Jaxer%20Apache/Jaxer/Apache2-4Build/jaxer/framework/src/CoreEvents.js
  -> file:///E:/Aptana%20Jaxer%20Apache/Jaxer/Apache2-4Build/jaxer/components/aptEventHandler.js

01:10:22 12/24/2025 [ 32928] [TRACE] [JS Framework] [CallbackManager.processGlobalFunctions] For runatFunctions member xmlEscapeText: handledInScripts.hasOwnProperty=false; typeof candidate: function
stack:
  ->  [ModuleLogger.js:98] trace("For runatFunctions member xmlEscapeText: handledInScripts.hasOwnProperty=false; typeof candidate: function")
  ->  [CallbackManager.js:410] processGlobalFunctions([object Object])
  ->  [CallbackManager.js:70] processCallbacks([object HTMLDocument])
  ->  [HandlePage.js:63] onHandlePage([object XPCWrappedNative_NoHelper],[object HTMLDocument])
  ->  [CoreEvents.js:293] fireEvent("HANDLE_PAGE",[object Array])
  ->  [CoreEvents.js:234] fire("PARSE_COMPLETE",[object XPCWrappedNative_NoHelper],[object HTMLDocument])
  ->  [aptEventHandler.js:337] observe([object XPCWrappedNative_NoHelper],"jaxerEvent.HTMLParseComplete",null)
paths:
  -> file:///E:/Aptana%20Jaxer%20Apache/Jaxer/Apache2-4Build/jaxer/framework/src/ModuleLogger.js
  -> file:///E:/Aptana%20Jaxer%20Apache/Jaxer/Apache2-4Build/jaxer/framework/src/CallbackManager.js
  -> file:///E:/Aptana%20Jaxer%20Apache/Jaxer/Apache2-4Build/jaxer/framework/src/HandlePage.js
  -> file:///E:/Aptana%20Jaxer%20Apache/Jaxer/Apache2-4Build/jaxer/framework/src/CoreEvents.js
  -> file:///E:/Aptana%20Jaxer%20Apache/Jaxer/Apache2-4Build/jaxer/components/aptEventHandler.js

01:10:22 12/24/2025 [ 32928] [TRACE] [JS Framework] [CallbackManager.processGlobalFunctions] source before: function xmlEscapeText(s) {
    return ("" + s).replace(/&/g, "&amp;").replace(/</g, "&lt;").replace(/>/g, "&gt;");
}
stack:
  ->  [ModuleLogger.js:98] trace("source before: function xmlEscapeText(s) {\n    return (\"\" + s).replace(/&/g, \"&amp;\").replace(/</g, \"&lt;\").replace(/>/g, \"&gt;\");\n}")
  ->  [CallbackManager.js:422] processGlobalFunctions([object Object])
  ->  [CallbackManager.js:70] processCallbacks([object HTMLDocument])
  ->  [HandlePage.js:63] onHandlePage([object XPCWrappedNative_NoHelper],[object HTMLDocument])
  ->  [CoreEvents.js:293] fireEvent("HANDLE_PAGE",[object Array])
  ->  [CoreEvents.js:234] fire("PARSE_COMPLETE",[object XPCWrappedNative_NoHelper],[object HTMLDocument])
  ->  [aptEventHandler.js:337] observe([object XPCWrappedNative_NoHelper],"jaxerEvent.HTMLParseComplete",null)
paths:
  -> file:///E:/Aptana%20Jaxer%20Apache/Jaxer/Apache2-4Build/jaxer/framework/src/ModuleLogger.js
  -> file:///E:/Aptana%20Jaxer%20Apache/Jaxer/Apache2-4Build/jaxer/framework/src/CallbackManager.js
  -> file:///E:/Aptana%20Jaxer%20Apache/Jaxer/Apache2-4Build/jaxer/framework/src/HandlePage.js
  -> file:///E:/Aptana%20Jaxer%20Apache/Jaxer/Apache2-4Build/jaxer/framework/src/CoreEvents.js
  -> file:///E:/Aptana%20Jaxer%20Apache/Jaxer/Apache2-4Build/jaxer/components/aptEventHandler.js

01:10:22 12/24/2025 [ 32928] [TRACE] [JS Framework] [CallbackManager.processGlobalFunctions] source after: function xmlEscapeText(s) {
    return ("" + s).replace(/&/g, "&amp;").replace(/</g, "&lt;").replace(/>/g, "&gt;");
}
stack:
  ->  [ModuleLogger.js:98] trace("source after: function xmlEscapeText(s) {\n    return (\"\" + s).replace(/&/g, \"&amp;\").replace(/</g, \"&lt;\").replace(/>/g, \"&gt;\");\n}")
  ->  [CallbackManager.js:431] processGlobalFunctions([object Object])
  ->  [CallbackManager.js:70] processCallbacks([object HTMLDocument])
  ->  [HandlePage.js:63] onHandlePage([object XPCWrappedNative_NoHelper],[object HTMLDocument])
  ->  [CoreEvents.js:293] fireEvent("HANDLE_PAGE",[object Array])
  ->  [CoreEvents.js:234] fire("PARSE_COMPLETE",[object XPCWrappedNative_NoHelper],[object HTMLDocument])
  ->  [aptEventHandler.js:337] observe([object XPCWrappedNative_NoHelper],"jaxerEvent.HTMLParseComplete",null)
paths:
  -> file:///E:/Aptana%20Jaxer%20Apache/Jaxer/Apache2-4Build/jaxer/framework/src/ModuleLogger.js
  -> file:///E:/Aptana%20Jaxer%20Apache/Jaxer/Apache2-4Build/jaxer/framework/src/CallbackManager.js
  -> file:///E:/Aptana%20Jaxer%20Apache/Jaxer/Apache2-4Build/jaxer/framework/src/HandlePage.js
  -> file:///E:/Aptana%20Jaxer%20Apache/Jaxer/Apache2-4Build/jaxer/framework/src/CoreEvents.js
  -> file:///E:/Aptana%20Jaxer%20Apache/Jaxer/Apache2-4Build/jaxer/components/aptEventHandler.js

01:10:22 12/24/2025 [ 32928] [DEBUG] [JS Framework] [CallbackManager.processGlobalFunctions] Processing global function 'xmlEscapeText' with runat=server, proxy=false, effectiveRunat=server
stack:
  ->  [ModuleLogger.js:98] debug("Processing global function 'xmlEscapeText' with runat=server, proxy=false, effectiveRunat=server")
  ->  [CallbackManager.js:452] processGlobalFunctions([object Object])
  ->  [CallbackManager.js:70] processCallbacks([object HTMLDocument])
  ->  [HandlePage.js:63] onHandlePage([object XPCWrappedNative_NoHelper],[object HTMLDocument])
  ->  [CoreEvents.js:293] fireEvent("HANDLE_PAGE",[object Array])
  ->  [CoreEvents.js:234] fire("PARSE_COMPLETE",[object XPCWrappedNative_NoHelper],[object HTMLDocument])
  ->  [aptEventHandler.js:337] observe([object XPCWrappedNative_NoHelper],"jaxerEvent.HTMLParseComplete",null)
paths:
  -> file:///E:/Aptana%20Jaxer%20Apache/Jaxer/Apache2-4Build/jaxer/framework/src/ModuleLogger.js
  -> file:///E:/Aptana%20Jaxer%20Apache/Jaxer/Apache2-4Build/jaxer/framework/src/CallbackManager.js
  -> file:///E:/Aptana%20Jaxer%20Apache/Jaxer/Apache2-4Build/jaxer/framework/src/HandlePage.js
  -> file:///E:/Aptana%20Jaxer%20Apache/Jaxer/Apache2-4Build/jaxer/framework/src/CoreEvents.js
  -> file:///E:/Aptana%20Jaxer%20Apache/Jaxer/Apache2-4Build/jaxer/components/aptEventHandler.js

01:10:22 12/24/2025 [ 32928] [TRACE] [JS Framework] [CallbackManager.processGlobalFunctions] For runatFunctions member xmlEscapeAttr: handledInScripts.hasOwnProperty=false; typeof candidate: function
stack:
  ->  [ModuleLogger.js:98] trace("For runatFunctions member xmlEscapeAttr: handledInScripts.hasOwnProperty=false; typeof candidate: function")
  ->  [CallbackManager.js:410] processGlobalFunctions([object Object])
  ->  [CallbackManager.js:70] processCallbacks([object HTMLDocument])
  ->  [HandlePage.js:63] onHandlePage([object XPCWrappedNative_NoHelper],[object HTMLDocument])
  ->  [CoreEvents.js:293] fireEvent("HANDLE_PAGE",[object Array])
  ->  [CoreEvents.js:234] fire("PARSE_COMPLETE",[object XPCWrappedNative_NoHelper],[object HTMLDocument])
  ->  [aptEventHandler.js:337] observe([object XPCWrappedNative_NoHelper],"jaxerEvent.HTMLParseComplete",null)
paths:
  -> file:///E:/Aptana%20Jaxer%20Apache/Jaxer/Apache2-4Build/jaxer/framework/src/ModuleLogger.js
  -> file:///E:/Aptana%20Jaxer%20Apache/Jaxer/Apache2-4Build/jaxer/framework/src/CallbackManager.js
  -> file:///E:/Aptana%20Jaxer%20Apache/Jaxer/Apache2-4Build/jaxer/framework/src/HandlePage.js
  -> file:///E:/Aptana%20Jaxer%20Apache/Jaxer/Apache2-4Build/jaxer/framework/src/CoreEvents.js
  -> file:///E:/Aptana%20Jaxer%20Apache/Jaxer/Apache2-4Build/jaxer/components/aptEventHandler.js

01:10:22 12/24/2025 [ 32928] [TRACE] [JS Framework] [CallbackManager.processGlobalFunctions] source before: function xmlEscapeAttr(s) {
    return xmlEscapeText(s).replace(/\"/g, "&quot;");
}
stack:
  ->  [ModuleLogger.js:98] trace("source before: function xmlEscapeAttr(s) {\n    return xmlEscapeText(s).replace(/\\\"/g, \"&quot;\");\n}")
  ->  [CallbackManager.js:422] processGlobalFunctions([object Object])
  ->  [CallbackManager.js:70] processCallbacks([object HTMLDocument])
  ->  [HandlePage.js:63] onHandlePage([object XPCWrappedNative_NoHelper],[object HTMLDocument])
  ->  [CoreEvents.js:293] fireEvent("HANDLE_PAGE",[object Array])
  ->  [CoreEvents.js:234] fire("PARSE_COMPLETE",[object XPCWrappedNative_NoHelper],[object HTMLDocument])
  ->  [aptEventHandler.js:337] observe([object XPCWrappedNative_NoHelper],"jaxerEvent.HTMLParseComplete",null)
paths:
  -> file:///E:/Aptana%20Jaxer%20Apache/Jaxer/Apache2-4Build/jaxer/framework/src/ModuleLogger.js
  -> file:///E:/Aptana%20Jaxer%20Apache/Jaxer/Apache2-4Build/jaxer/framework/src/CallbackManager.js
  -> file:///E:/Aptana%20Jaxer%20Apache/Jaxer/Apache2-4Build/jaxer/framework/src/HandlePage.js
  -> file:///E:/Aptana%20Jaxer%20Apache/Jaxer/Apache2-4Build/jaxer/framework/src/CoreEvents.js
  -> file:///E:/Aptana%20Jaxer%20Apache/Jaxer/Apache2-4Build/jaxer/components/aptEventHandler.js

01:10:22 12/24/2025 [ 32928] [TRACE] [JS Framework] [CallbackManager.processGlobalFunctions] source after: function xmlEscapeAttr(s) {
    return xmlEscapeText(s).replace(/\"/g, "&quot;");
}
stack:
  ->  [ModuleLogger.js:98] trace("source after: function xmlEscapeAttr(s) {\n    return xmlEscapeText(s).replace(/\\\"/g, \"&quot;\");\n}")
  ->  [CallbackManager.js:431] processGlobalFunctions([object Object])
  ->  [CallbackManager.js:70] processCallbacks([object HTMLDocument])
  ->  [HandlePage.js:63] onHandlePage([object XPCWrappedNative_NoHelper],[object HTMLDocument])
  ->  [CoreEvents.js:293] fireEvent("HANDLE_PAGE",[object Array])
  ->  [CoreEvents.js:234] fire("PARSE_COMPLETE",[object XPCWrappedNative_NoHelper],[object HTMLDocument])
  ->  [aptEventHandler.js:337] observe([object XPCWrappedNative_NoHelper],"jaxerEvent.HTMLParseComplete",null)
paths:
  -> file:///E:/Aptana%20Jaxer%20Apache/Jaxer/Apache2-4Build/jaxer/framework/src/ModuleLogger.js
  -> file:///E:/Aptana%20Jaxer%20Apache/Jaxer/Apache2-4Build/jaxer/framework/src/CallbackManager.js
  -> file:///E:/Aptana%20Jaxer%20Apache/Jaxer/Apache2-4Build/jaxer/framework/src/HandlePage.js
  -> file:///E:/Aptana%20Jaxer%20Apache/Jaxer/Apache2-4Build/jaxer/framework/src/CoreEvents.js
  -> file:///E:/Aptana%20Jaxer%20Apache/Jaxer/Apache2-4Build/jaxer/components/aptEventHandler.js

01:10:22 12/24/2025 [ 32928] [DEBUG] [JS Framework] [CallbackManager.processGlobalFunctions] Processing global function 'xmlEscapeAttr' with runat=server, proxy=false, effectiveRunat=server
stack:
  ->  [ModuleLogger.js:98] debug("Processing global function 'xmlEscapeAttr' with runat=server, proxy=false, effectiveRunat=server")
  ->  [CallbackManager.js:452] processGlobalFunctions([object Object])
  ->  [CallbackManager.js:70] processCallbacks([object HTMLDocument])
  ->  [HandlePage.js:63] onHandlePage([object XPCWrappedNative_NoHelper],[object HTMLDocument])
  ->  [CoreEvents.js:293] fireEvent("HANDLE_PAGE",[object Array])
  ->  [CoreEvents.js:234] fire("PARSE_COMPLETE",[object XPCWrappedNative_NoHelper],[object HTMLDocument])
  ->  [aptEventHandler.js:337] observe([object XPCWrappedNative_NoHelper],"jaxerEvent.HTMLParseComplete",null)
paths:
  -> file:///E:/Aptana%20Jaxer%20Apache/Jaxer/Apache2-4Build/jaxer/framework/src/ModuleLogger.js
  -> file:///E:/Aptana%20Jaxer%20Apache/Jaxer/Apache2-4Build/jaxer/framework/src/CallbackManager.js
  -> file:///E:/Aptana%20Jaxer%20Apache/Jaxer/Apache2-4Build/jaxer/framework/src/HandlePage.js
  -> file:///E:/Aptana%20Jaxer%20Apache/Jaxer/Apache2-4Build/jaxer/framework/src/CoreEvents.js
  -> file:///E:/Aptana%20Jaxer%20Apache/Jaxer/Apache2-4Build/jaxer/components/aptEventHandler.js

01:10:22 12/24/2025 [ 32928] [TRACE] [JS Framework] [CallbackManager.processGlobalFunctions] For runatFunctions member xmlEscapeTags: handledInScripts.hasOwnProperty=false; typeof candidate: function
stack:
  ->  [ModuleLogger.js:98] trace("For runatFunctions member xmlEscapeTags: handledInScripts.hasOwnProperty=false; typeof candidate: function")
  ->  [CallbackManager.js:410] processGlobalFunctions([object Object])
  ->  [CallbackManager.js:70] processCallbacks([object HTMLDocument])
  ->  [HandlePage.js:63] onHandlePage([object XPCWrappedNative_NoHelper],[object HTMLDocument])
  ->  [CoreEvents.js:293] fireEvent("HANDLE_PAGE",[object Array])
  ->  [CoreEvents.js:234] fire("PARSE_COMPLETE",[object XPCWrappedNative_NoHelper],[object HTMLDocument])
  ->  [aptEventHandler.js:337] observe([object XPCWrappedNative_NoHelper],"jaxerEvent.HTMLParseComplete",null)
paths:
  -> file:///E:/Aptana%20Jaxer%20Apache/Jaxer/Apache2-4Build/jaxer/framework/src/ModuleLogger.js
  -> file:///E:/Aptana%20Jaxer%20Apache/Jaxer/Apache2-4Build/jaxer/framework/src/CallbackManager.js
  -> file:///E:/Aptana%20Jaxer%20Apache/Jaxer/Apache2-4Build/jaxer/framework/src/HandlePage.js
  -> file:///E:/Aptana%20Jaxer%20Apache/Jaxer/Apache2-4Build/jaxer/framework/src/CoreEvents.js
  -> file:///E:/Aptana%20Jaxer%20Apache/Jaxer/Apache2-4Build/jaxer/components/aptEventHandler.js

01:10:22 12/24/2025 [ 32928] [TRACE] [JS Framework] [CallbackManager.processGlobalFunctions] source before: function xmlEscapeTags(s) {
    return s.replace(/</g, "&lt;").replace(/>/g, "&gt;");
}
stack:
  ->  [ModuleLogger.js:98] trace("source before: function xmlEscapeTags(s) {\n    return s.replace(/</g, \"&lt;\").replace(/>/g, \"&gt;\");\n}")
  ->  [CallbackManager.js:422] processGlobalFunctions([object Object])
  ->  [CallbackManager.js:70] processCallbacks([object HTMLDocument])
  ->  [HandlePage.js:63] onHandlePage([object XPCWrappedNative_NoHelper],[object HTMLDocument])
  ->  [CoreEvents.js:293] fireEvent("HANDLE_PAGE",[object Array])
  ->  [CoreEvents.js:234] fire("PARSE_COMPLETE",[object XPCWrappedNative_NoHelper],[object HTMLDocument])
  ->  [aptEventHandler.js:337] observe([object XPCWrappedNative_NoHelper],"jaxerEvent.HTMLParseComplete",null)
paths:
  -> file:///E:/Aptana%20Jaxer%20Apache/Jaxer/Apache2-4Build/jaxer/framework/src/ModuleLogger.js
  -> file:///E:/Aptana%20Jaxer%20Apache/Jaxer/Apache2-4Build/jaxer/framework/src/CallbackManager.js
  -> file:///E:/Aptana%20Jaxer%20Apache/Jaxer/Apache2-4Build/jaxer/framework/src/HandlePage.js
  -> file:///E:/Aptana%20Jaxer%20Apache/Jaxer/Apache2-4Build/jaxer/framework/src/CoreEvents.js
  -> file:///E:/Aptana%20Jaxer%20Apache/Jaxer/Apache2-4Build/jaxer/components/aptEventHandler.js

01:10:22 12/24/2025 [ 32928] [TRACE] [JS Framework] [CallbackManager.processGlobalFunctions] source after: function xmlEscapeTags(s) {
    return s.replace(/</g, "&lt;").replace(/>/g, "&gt;");
}
stack:
  ->  [ModuleLogger.js:98] trace("source after: function xmlEscapeTags(s) {\n    return s.replace(/</g, \"&lt;\").replace(/>/g, \"&gt;\");\n}")
  ->  [CallbackManager.js:431] processGlobalFunctions([object Object])
  ->  [CallbackManager.js:70] processCallbacks([object HTMLDocument])
  ->  [HandlePage.js:63] onHandlePage([object XPCWrappedNative_NoHelper],[object HTMLDocument])
  ->  [CoreEvents.js:293] fireEvent("HANDLE_PAGE",[object Array])
  ->  [CoreEvents.js:234] fire("PARSE_COMPLETE",[object XPCWrappedNative_NoHelper],[object HTMLDocument])
  ->  [aptEventHandler.js:337] observe([object XPCWrappedNative_NoHelper],"jaxerEvent.HTMLParseComplete",null)
paths:
  -> file:///E:/Aptana%20Jaxer%20Apache/Jaxer/Apache2-4Build/jaxer/framework/src/ModuleLogger.js
  -> file:///E:/Aptana%20Jaxer%20Apache/Jaxer/Apache2-4Build/jaxer/framework/src/CallbackManager.js
  -> file:///E:/Aptana%20Jaxer%20Apache/Jaxer/Apache2-4Build/jaxer/framework/src/HandlePage.js
  -> file:///E:/Aptana%20Jaxer%20Apache/Jaxer/Apache2-4Build/jaxer/framework/src/CoreEvents.js
  -> file:///E:/Aptana%20Jaxer%20Apache/Jaxer/Apache2-4Build/jaxer/components/aptEventHandler.js

01:10:22 12/24/2025 [ 32928] [DEBUG] [JS Framework] [CallbackManager.processGlobalFunctions] Processing global function 'xmlEscapeTags' with runat=server, proxy=false, effectiveRunat=server
stack:
  ->  [ModuleLogger.js:98] debug("Processing global function 'xmlEscapeTags' with runat=server, proxy=false, effectiveRunat=server")
  ->  [CallbackManager.js:452] processGlobalFunctions([object Object])
  ->  [CallbackManager.js:70] processCallbacks([object HTMLDocument])
  ->  [HandlePage.js:63] onHandlePage([object XPCWrappedNative_NoHelper],[object HTMLDocument])
  ->  [CoreEvents.js:293] fireEvent("HANDLE_PAGE",[object Array])
  ->  [CoreEvents.js:234] fire("PARSE_COMPLETE",[object XPCWrappedNative_NoHelper],[object HTMLDocument])
  ->  [aptEventHandler.js:337] observe([object XPCWrappedNative_NoHelper],"jaxerEvent.HTMLParseComplete",null)
paths:
  -> file:///E:/Aptana%20Jaxer%20Apache/Jaxer/Apache2-4Build/jaxer/framework/src/ModuleLogger.js
  -> file:///E:/Aptana%20Jaxer%20Apache/Jaxer/Apache2-4Build/jaxer/framework/src/CallbackManager.js
  -> file:///E:/Aptana%20Jaxer%20Apache/Jaxer/Apache2-4Build/jaxer/framework/src/HandlePage.js
  -> file:///E:/Aptana%20Jaxer%20Apache/Jaxer/Apache2-4Build/jaxer/framework/src/CoreEvents.js
  -> file:///E:/Aptana%20Jaxer%20Apache/Jaxer/Apache2-4Build/jaxer/components/aptEventHandler.js

01:10:22 12/24/2025 [ 32928] [TRACE] [JS Framework] [CallbackManager.processGlobalFunctions] For runatFunctions member xmlOwnerDocument: handledInScripts.hasOwnProperty=false; typeof candidate: function
stack:
  ->  [ModuleLogger.js:98] trace("For runatFunctions member xmlOwnerDocument: handledInScripts.hasOwnProperty=false; typeof candidate: function")
  ->  [CallbackManager.js:410] processGlobalFunctions([object Object])
  ->  [CallbackManager.js:70] processCallbacks([object HTMLDocument])
  ->  [HandlePage.js:63] onHandlePage([object XPCWrappedNative_NoHelper],[object HTMLDocument])
  ->  [CoreEvents.js:293] fireEvent("HANDLE_PAGE",[object Array])
  ->  [CoreEvents.js:234] fire("PARSE_COMPLETE",[object XPCWrappedNative_NoHelper],[object HTMLDocument])
  ->  [aptEventHandler.js:337] observe([object XPCWrappedNative_NoHelper],"jaxerEvent.HTMLParseComplete",null)
paths:
  -> file:///E:/Aptana%20Jaxer%20Apache/Jaxer/Apache2-4Build/jaxer/framework/src/ModuleLogger.js
  -> file:///E:/Aptana%20Jaxer%20Apache/Jaxer/Apache2-4Build/jaxer/framework/src/CallbackManager.js
  -> file:///E:/Aptana%20Jaxer%20Apache/Jaxer/Apache2-4Build/jaxer/framework/src/HandlePage.js
  -> file:///E:/Aptana%20Jaxer%20Apache/Jaxer/Apache2-4Build/jaxer/framework/src/CoreEvents.js
  -> file:///E:/Aptana%20Jaxer%20Apache/Jaxer/Apache2-4Build/jaxer/components/aptEventHandler.js

01:10:22 12/24/2025 [ 32928] [TRACE] [JS Framework] [CallbackManager.processGlobalFunctions] source before: function xmlOwnerDocument(node) {
    if (node.nodeType == DOM_DOCUMENT_NODE) {
        return node;
    } else {
        return node.ownerDocument;
    }
}
stack:
  ->  [ModuleLogger.js:98] trace("source before: function xmlOwnerDocument(node) {\n    if (node.nodeType == DOM_DOCUMENT_NODE) {\n        return node;\n    } else {\n        return node.ownerDocument;\n    }\n}")
  ->  [CallbackManager.js:422] processGlobalFunctions([object Object])
  ->  [CallbackManager.js:70] processCallbacks([object HTMLDocument])
  ->  [HandlePage.js:63] onHandlePage([object XPCWrappedNative_NoHelper],[object HTMLDocument])
  ->  [CoreEvents.js:293] fireEvent("HANDLE_PAGE",[object Array])
  ->  [CoreEvents.js:234] fire("PARSE_COMPLETE",[object XPCWrappedNative_NoHelper],[object HTMLDocument])
  ->  [aptEventHandler.js:337] observe([object XPCWrappedNative_NoHelper],"jaxerEvent.HTMLParseComplete",null)
paths:
  -> file:///E:/Aptana%20Jaxer%20Apache/Jaxer/Apache2-4Build/jaxer/framework/src/ModuleLogger.js
  -> file:///E:/Aptana%20Jaxer%20Apache/Jaxer/Apache2-4Build/jaxer/framework/src/CallbackManager.js
  -> file:///E:/Aptana%20Jaxer%20Apache/Jaxer/Apache2-4Build/jaxer/framework/src/HandlePage.js
  -> file:///E:/Aptana%20Jaxer%20Apache/Jaxer/Apache2-4Build/jaxer/framework/src/CoreEvents.js
  -> file:///E:/Aptana%20Jaxer%20Apache/Jaxer/Apache2-4Build/jaxer/components/aptEventHandler.js

01:10:22 12/24/2025 [ 32928] [TRACE] [JS Framework] [CallbackManager.processGlobalFunctions] source after: function xmlOwnerDocument(node) {
    if (node.nodeType == DOM_DOCUMENT_NODE) {
        return node;
    } else {
        return node.ownerDocument;
    }
}
stack:
  ->  [ModuleLogger.js:98] trace("source after: function xmlOwnerDocument(node) {\n    if (node.nodeType == DOM_DOCUMENT_NODE) {\n        return node;\n    } else {\n        return node.ownerDocument;\n    }\n}")
  ->  [CallbackManager.js:431] processGlobalFunctions([object Object])
  ->  [CallbackManager.js:70] processCallbacks([object HTMLDocument])
  ->  [HandlePage.js:63] onHandlePage([object XPCWrappedNative_NoHelper],[object HTMLDocument])
  ->  [CoreEvents.js:293] fireEvent("HANDLE_PAGE",[object Array])
  ->  [CoreEvents.js:234] fire("PARSE_COMPLETE",[object XPCWrappedNative_NoHelper],[object HTMLDocument])
  ->  [aptEventHandler.js:337] observe([object XPCWrappedNative_NoHelper],"jaxerEvent.HTMLParseComplete",null)
paths:
  -> file:///E:/Aptana%20Jaxer%20Apache/Jaxer/Apache2-4Build/jaxer/framework/src/ModuleLogger.js
  -> file:///E:/Aptana%20Jaxer%20Apache/Jaxer/Apache2-4Build/jaxer/framework/src/CallbackManager.js
  -> file:///E:/Aptana%20Jaxer%20Apache/Jaxer/Apache2-4Build/jaxer/framework/src/HandlePage.js
  -> file:///E:/Aptana%20Jaxer%20Apache/Jaxer/Apache2-4Build/jaxer/framework/src/CoreEvents.js
  -> file:///E:/Aptana%20Jaxer%20Apache/Jaxer/Apache2-4Build/jaxer/components/aptEventHandler.js

01:10:22 12/24/2025 [ 32928] [DEBUG] [JS Framework] [CallbackManager.processGlobalFunctions] Processing global function 'xmlOwnerDocument' with runat=server, proxy=false, effectiveRunat=server
stack:
  ->  [ModuleLogger.js:98] debug("Processing global function 'xmlOwnerDocument' with runat=server, proxy=false, effectiveRunat=server")
  ->  [CallbackManager.js:452] processGlobalFunctions([object Object])
  ->  [CallbackManager.js:70] processCallbacks([object HTMLDocument])
  ->  [HandlePage.js:63] onHandlePage([object XPCWrappedNative_NoHelper],[object HTMLDocument])
  ->  [CoreEvents.js:293] fireEvent("HANDLE_PAGE",[object Array])
  ->  [CoreEvents.js:234] fire("PARSE_COMPLETE",[object XPCWrappedNative_NoHelper],[object HTMLDocument])
  ->  [aptEventHandler.js:337] observe([object XPCWrappedNative_NoHelper],"jaxerEvent.HTMLParseComplete",null)
paths:
  -> file:///E:/Aptana%20Jaxer%20Apache/Jaxer/Apache2-4Build/jaxer/framework/src/ModuleLogger.js
  -> file:///E:/Aptana%20Jaxer%20Apache/Jaxer/Apache2-4Build/jaxer/framework/src/CallbackManager.js
  -> file:///E:/Aptana%20Jaxer%20Apache/Jaxer/Apache2-4Build/jaxer/framework/src/HandlePage.js
  -> file:///E:/Aptana%20Jaxer%20Apache/Jaxer/Apache2-4Build/jaxer/framework/src/CoreEvents.js
  -> file:///E:/Aptana%20Jaxer%20Apache/Jaxer/Apache2-4Build/jaxer/components/aptEventHandler.js

01:10:22 12/24/2025 [ 32928] [TRACE] [JS Framework] [CallbackManager.processGlobalFunctions] For runatFunctions member domGetAttribute: handledInScripts.hasOwnProperty=false; typeof candidate: function
stack:
  ->  [ModuleLogger.js:98] trace("For runatFunctions member domGetAttribute: handledInScripts.hasOwnProperty=false; typeof candidate: function")
  ->  [CallbackManager.js:410] processGlobalFunctions([object Object])
  ->  [CallbackManager.js:70] processCallbacks([object HTMLDocument])
  ->  [HandlePage.js:63] onHandlePage([object XPCWrappedNative_NoHelper],[object HTMLDocument])
  ->  [CoreEvents.js:293] fireEvent("HANDLE_PAGE",[object Array])
  ->  [CoreEvents.js:234] fire("PARSE_COMPLETE",[object XPCWrappedNative_NoHelper],[object HTMLDocument])
  ->  [aptEventHandler.js:337] observe([object XPCWrappedNative_NoHelper],"jaxerEvent.HTMLParseComplete",null)
paths:
  -> file:///E:/Aptana%20Jaxer%20Apache/Jaxer/Apache2-4Build/jaxer/framework/src/ModuleLogger.js
  -> file:///E:/Aptana%20Jaxer%20Apache/Jaxer/Apache2-4Build/jaxer/framework/src/CallbackManager.js
  -> file:///E:/Aptana%20Jaxer%20Apache/Jaxer/Apache2-4Build/jaxer/framework/src/HandlePage.js
  -> file:///E:/Aptana%20Jaxer%20Apache/Jaxer/Apache2-4Build/jaxer/framework/src/CoreEvents.js
  -> file:///E:/Aptana%20Jaxer%20Apache/Jaxer/Apache2-4Build/jaxer/components/aptEventHandler.js

01:10:22 12/24/2025 [ 32928] [TRACE] [JS Framework] [CallbackManager.processGlobalFunctions] source before: function domGetAttribute(node, name) {
    return node.getAttribute(name);
}
stack:
  ->  [ModuleLogger.js:98] trace("source before: function domGetAttribute(node, name) {\n    return node.getAttribute(name);\n}")
  ->  [CallbackManager.js:422] processGlobalFunctions([object Object])
  ->  [CallbackManager.js:70] processCallbacks([object HTMLDocument])
  ->  [HandlePage.js:63] onHandlePage([object XPCWrappedNative_NoHelper],[object HTMLDocument])
  ->  [CoreEvents.js:293] fireEvent("HANDLE_PAGE",[object Array])
  ->  [CoreEvents.js:234] fire("PARSE_COMPLETE",[object XPCWrappedNative_NoHelper],[object HTMLDocument])
  ->  [aptEventHandler.js:337] observe([object XPCWrappedNative_NoHelper],"jaxerEvent.HTMLParseComplete",null)
paths:
  -> file:///E:/Aptana%20Jaxer%20Apache/Jaxer/Apache2-4Build/jaxer/framework/src/ModuleLogger.js
  -> file:///E:/Aptana%20Jaxer%20Apache/Jaxer/Apache2-4Build/jaxer/framework/src/CallbackManager.js
  -> file:///E:/Aptana%20Jaxer%20Apache/Jaxer/Apache2-4Build/jaxer/framework/src/HandlePage.js
  -> file:///E:/Aptana%20Jaxer%20Apache/Jaxer/Apache2-4Build/jaxer/framework/src/CoreEvents.js
  -> file:///E:/Aptana%20Jaxer%20Apache/Jaxer/Apache2-4Build/jaxer/components/aptEventHandler.js

