01:10:41 12/24/2025 [ 32928] [TRACE] [JS Framework] [DB.SQLite.executeWithStatement] Closing statement
stack:
  ->  [ModuleLogger.js:98] trace("Closing statement")
  ->  [DB_SQLite.js:484] executeWithStatement([object Object],"UPDATE callback_page SET access_datetime=?, access_count=? WHERE name=? AND crc32=?",[object Array],[object Object])
  ->  [DB_SQLite.js:312] execute("UPDATE callback_page SET access_datetime=?, access_count=? WHERE name=? AND crc32=?",[object Array])
  ->  [DB.js:181] anonymous("UPDATE callback_page SET access_datetime=?, access_count=? WHERE name=? AND crc32=?",[object Array])
  ->  [HandleCallback.js:202] onHandleCallback([object XPCWrappedNative_NoHelper],[object HTMLDocument])
  ->  [CoreEvents.js:293] fireEvent("HANDLE_CALLBACK",[object Array])
  ->  [CoreEvents.js:220] fire("PARSE_COMPLETE",[object XPCWrappedNative_NoHelper],[object HTMLDocument])
  ->  [aptEventHandler.js:337] observe([object XPCWrappedNative_NoHelper],"jaxerEvent.HTMLParseComplete",null)
paths:
  -> file:///E:/Aptana%20Jaxer%20Apache/Jaxer/Apache2-4Build/jaxer/framework/src/ModuleLogger.js
  -> file:///E:/Aptana%20Jaxer%20Apache/Jaxer/Apache2-4Build/jaxer/framework/src/DB_SQLite.js
  -> file:///E:/Aptana%20Jaxer%20Apache/Jaxer/Apache2-4Build/jaxer/framework/src/DB.js
  -> file:///E:/Aptana%20Jaxer%20Apache/Jaxer/Apache2-4Build/jaxer/framework/src/HandleCallback.js
  -> file:///E:/Aptana%20Jaxer%20Apache/Jaxer/Apache2-4Build/jaxer/framework/src/CoreEvents.js
  -> file:///E:/Aptana%20Jaxer%20Apache/Jaxer/Apache2-4Build/jaxer/components/aptEventHandler.js

01:10:41 12/24/2025 [ 32928] [TRACE] [JS Framework] [DB.SQLite.executeWithStatement] Resetting and finalizing statement
stack:
  ->  [ModuleLogger.js:98] trace("Resetting and finalizing statement")
  ->  [DB_SQLite.js:487] executeWithStatement([object Object],"UPDATE callback_page SET access_datetime=?, access_count=? WHERE name=? AND crc32=?",[object Array],[object Object])
  ->  [DB_SQLite.js:312] execute("UPDATE callback_page SET access_datetime=?, access_count=? WHERE name=? AND crc32=?",[object Array])
  ->  [DB.js:181] anonymous("UPDATE callback_page SET access_datetime=?, access_count=? WHERE name=? AND crc32=?",[object Array])
  ->  [HandleCallback.js:202] onHandleCallback([object XPCWrappedNative_NoHelper],[object HTMLDocument])
  ->  [CoreEvents.js:293] fireEvent("HANDLE_CALLBACK",[object Array])
  ->  [CoreEvents.js:220] fire("PARSE_COMPLETE",[object XPCWrappedNative_NoHelper],[object HTMLDocument])
  ->  [aptEventHandler.js:337] observe([object XPCWrappedNative_NoHelper],"jaxerEvent.HTMLParseComplete",null)
paths:
  -> file:///E:/Aptana%20Jaxer%20Apache/Jaxer/Apache2-4Build/jaxer/framework/src/ModuleLogger.js
  -> file:///E:/Aptana%20Jaxer%20Apache/Jaxer/Apache2-4Build/jaxer/framework/src/DB_SQLite.js
  -> file:///E:/Aptana%20Jaxer%20Apache/Jaxer/Apache2-4Build/jaxer/framework/src/DB.js
  -> file:///E:/Aptana%20Jaxer%20Apache/Jaxer/Apache2-4Build/jaxer/framework/src/HandleCallback.js
  -> file:///E:/Aptana%20Jaxer%20Apache/Jaxer/Apache2-4Build/jaxer/framework/src/CoreEvents.js
  -> file:///E:/Aptana%20Jaxer%20Apache/Jaxer/Apache2-4Build/jaxer/components/aptEventHandler.js

01:10:41 12/24/2025 [ 32928] [TRACE] [JS Framework] [DB.SQLite.execute] Finished executing
stack:
  ->  [ModuleLogger.js:98] trace("Finished executing")
  ->  [DB_SQLite.js:338] execute("UPDATE callback_page SET access_datetime=?, access_count=? WHERE name=? AND crc32=?",[object Array])
  ->  [DB.js:181] anonymous("UPDATE callback_page SET access_datetime=?, access_count=? WHERE name=? AND crc32=?",[object Array])
  ->  [HandleCallback.js:202] onHandleCallback([object XPCWrappedNative_NoHelper],[object HTMLDocument])
  ->  [CoreEvents.js:293] fireEvent("HANDLE_CALLBACK",[object Array])
  ->  [CoreEvents.js:220] fire("PARSE_COMPLETE",[object XPCWrappedNative_NoHelper],[object HTMLDocument])
  ->  [aptEventHandler.js:337] observe([object XPCWrappedNative_NoHelper],"jaxerEvent.HTMLParseComplete",null)
paths:
  -> file:///E:/Aptana%20Jaxer%20Apache/Jaxer/Apache2-4Build/jaxer/framework/src/ModuleLogger.js
  -> file:///E:/Aptana%20Jaxer%20Apache/Jaxer/Apache2-4Build/jaxer/framework/src/DB_SQLite.js
  -> file:///E:/Aptana%20Jaxer%20Apache/Jaxer/Apache2-4Build/jaxer/framework/src/DB.js
  -> file:///E:/Aptana%20Jaxer%20Apache/Jaxer/Apache2-4Build/jaxer/framework/src/HandleCallback.js
  -> file:///E:/Aptana%20Jaxer%20Apache/Jaxer/Apache2-4Build/jaxer/framework/src/CoreEvents.js
  -> file:///E:/Aptana%20Jaxer%20Apache/Jaxer/Apache2-4Build/jaxer/components/aptEventHandler.js

01:10:41 12/24/2025 [ 32928] [DEBUG] [JS Framework] [HandleCallback.onHandleCallback] About to execute: proxyLog with 2 arguments
stack:
  ->  [ModuleLogger.js:98] debug("About to execute: proxyLog with 2 arguments")
  ->  [HandleCallback.js:231] onHandleCallback([object XPCWrappedNative_NoHelper],[object HTMLDocument])
  ->  [CoreEvents.js:293] fireEvent("HANDLE_CALLBACK",[object Array])
  ->  [CoreEvents.js:220] fire("PARSE_COMPLETE",[object XPCWrappedNative_NoHelper],[object HTMLDocument])
  ->  [aptEventHandler.js:337] observe([object XPCWrappedNative_NoHelper],"jaxerEvent.HTMLParseComplete",null)
paths:
  -> file:///E:/Aptana%20Jaxer%20Apache/Jaxer/Apache2-4Build/jaxer/framework/src/ModuleLogger.js
  -> file:///E:/Aptana%20Jaxer%20Apache/Jaxer/Apache2-4Build/jaxer/framework/src/HandleCallback.js
  -> file:///E:/Aptana%20Jaxer%20Apache/Jaxer/Apache2-4Build/jaxer/framework/src/CoreEvents.js
  -> file:///E:/Aptana%20Jaxer%20Apache/Jaxer/Apache2-4Build/jaxer/components/aptEventHandler.js

01:10:41 12/24/2025 [ 32928] [TRACE] [JS Framework] [HandleCallback.onHandleCallback] Arguments: ["info", "a proxied 'info' log statement"]
stack:
  ->  [ModuleLogger.js:98] trace("Arguments: [\"info\", \"a proxied 'info' log statement\"]")
  ->  [HandleCallback.js:232] onHandleCallback([object XPCWrappedNative_NoHelper],[object HTMLDocument])
  ->  [CoreEvents.js:293] fireEvent("HANDLE_CALLBACK",[object Array])
  ->  [CoreEvents.js:220] fire("PARSE_COMPLETE",[object XPCWrappedNative_NoHelper],[object HTMLDocument])
  ->  [aptEventHandler.js:337] observe([object XPCWrappedNative_NoHelper],"jaxerEvent.HTMLParseComplete",null)
paths:
  -> file:///E:/Aptana%20Jaxer%20Apache/Jaxer/Apache2-4Build/jaxer/framework/src/ModuleLogger.js
  -> file:///E:/Aptana%20Jaxer%20Apache/Jaxer/Apache2-4Build/jaxer/framework/src/HandleCallback.js
  -> file:///E:/Aptana%20Jaxer%20Apache/Jaxer/Apache2-4Build/jaxer/framework/src/CoreEvents.js
  -> file:///E:/Aptana%20Jaxer%20Apache/Jaxer/Apache2-4Build/jaxer/components/aptEventHandler.js

01:10:41 12/24/2025 [ 32928] [INFO] [JS Framework] [proxyLogger.proxyLog] a proxied 'info' log statement
stack:
  ->  [ModuleLogger.js:98] info("a proxied 'info' log statement")
  ->  [\nJaxer._autoload([]);\n$ = this.$ = function...:8] proxyLog("info","a proxied 'info' log statement")
  ->  [HandleCallback.js:233] onHandleCallback([object XPCWrappedNative_NoHelper],[object HTMLDocument])
  ->  [CoreEvents.js:293] fireEvent("HANDLE_CALLBACK",[object Array])
  ->  [CoreEvents.js:220] fire("PARSE_COMPLETE",[object XPCWrappedNative_NoHelper],[object HTMLDocument])
  ->  [aptEventHandler.js:337] observe([object XPCWrappedNative_NoHelper],"jaxerEvent.HTMLParseComplete",null)
paths:
  -> file:///E:/Aptana%20Jaxer%20Apache/Jaxer/Apache2-4Build/jaxer/framework/src/ModuleLogger.js
  -> javascript:/* callback.js */\nJaxer._autoload([]);\n$ = this.$ = function...
  -> file:///E:/Aptana%20Jaxer%20Apache/Jaxer/Apache2-4Build/jaxer/framework/src/HandleCallback.js
  -> file:///E:/Aptana%20Jaxer%20Apache/Jaxer/Apache2-4Build/jaxer/framework/src/CoreEvents.js
  -> file:///E:/Aptana%20Jaxer%20Apache/Jaxer/Apache2-4Build/jaxer/components/aptEventHandler.js

01:10:41 12/24/2025 [ 32928] [TRACE] [JS Framework] [HandleCallback.onHandleCallback] result = undefined
stack:
  ->  [ModuleLogger.js:98] trace("result = undefined")
  ->  [HandleCallback.js:289] onHandleCallback([object XPCWrappedNative_NoHelper],[object HTMLDocument])
  ->  [CoreEvents.js:293] fireEvent("HANDLE_CALLBACK",[object Array])
  ->  [CoreEvents.js:220] fire("PARSE_COMPLETE",[object XPCWrappedNative_NoHelper],[object HTMLDocument])
  ->  [aptEventHandler.js:337] observe([object XPCWrappedNative_NoHelper],"jaxerEvent.HTMLParseComplete",null)
paths:
  -> file:///E:/Aptana%20Jaxer%20Apache/Jaxer/Apache2-4Build/jaxer/framework/src/ModuleLogger.js
  -> file:///E:/Aptana%20Jaxer%20Apache/Jaxer/Apache2-4Build/jaxer/framework/src/HandleCallback.js
  -> file:///E:/Aptana%20Jaxer%20Apache/Jaxer/Apache2-4Build/jaxer/framework/src/CoreEvents.js
  -> file:///E:/Aptana%20Jaxer%20Apache/Jaxer/Apache2-4Build/jaxer/components/aptEventHandler.js

01:10:41 12/24/2025 [ 32928] [TRACE] [JS Framework] [HandleCallback.onHandleCallback] Jaxer.response.contents = undefined
stack:
  ->  [ModuleLogger.js:98] trace("Jaxer.response.contents = undefined")
  ->  [HandleCallback.js:314] onHandleCallback([object XPCWrappedNative_NoHelper],[object HTMLDocument])
  ->  [CoreEvents.js:293] fireEvent("HANDLE_CALLBACK",[object Array])
  ->  [CoreEvents.js:220] fire("PARSE_COMPLETE",[object XPCWrappedNative_NoHelper],[object HTMLDocument])
  ->  [aptEventHandler.js:337] observe([object XPCWrappedNative_NoHelper],"jaxerEvent.HTMLParseComplete",null)
paths:
  -> file:///E:/Aptana%20Jaxer%20Apache/Jaxer/Apache2-4Build/jaxer/framework/src/ModuleLogger.js
  -> file:///E:/Aptana%20Jaxer%20Apache/Jaxer/Apache2-4Build/jaxer/framework/src/HandleCallback.js
  -> file:///E:/Aptana%20Jaxer%20Apache/Jaxer/Apache2-4Build/jaxer/framework/src/CoreEvents.js
  -> file:///E:/Aptana%20Jaxer%20Apache/Jaxer/Apache2-4Build/jaxer/components/aptEventHandler.js

01:10:41 12/24/2025 [ 32928] [DEBUG] [JS Framework] [SessionManager.keyToResponse] Saving session key to the client via cookie JaxerSessionId$$logging: 176650264152708165463317747484
stack:
  ->  [ModuleLogger.js:98] debug("Saving session key to the client via cookie JaxerSessionId$$logging: 176650264152708165463317747484")
  ->  [SessionManager.js:82] keyToResponse("logging","176650264152708165463317747484")
  ->  [Container.js:614] persistAll()
  ->  [HandleCallback.js:320] onHandleCallback([object XPCWrappedNative_NoHelper],[object HTMLDocument])
  ->  [CoreEvents.js:293] fireEvent("HANDLE_CALLBACK",[object Array])
  ->  [CoreEvents.js:220] fire("PARSE_COMPLETE",[object XPCWrappedNative_NoHelper],[object HTMLDocument])
  ->  [aptEventHandler.js:337] observe([object XPCWrappedNative_NoHelper],"jaxerEvent.HTMLParseComplete",null)
paths:
  -> file:///E:/Aptana%20Jaxer%20Apache/Jaxer/Apache2-4Build/jaxer/framework/src/ModuleLogger.js
  -> file:///E:/Aptana%20Jaxer%20Apache/Jaxer/Apache2-4Build/jaxer/framework/src/SessionManager.js
  -> file:///E:/Aptana%20Jaxer%20Apache/Jaxer/Apache2-4Build/jaxer/framework/src/Container.js
  -> file:///E:/Aptana%20Jaxer%20Apache/Jaxer/Apache2-4Build/jaxer/framework/src/HandleCallback.js
  -> file:///E:/Aptana%20Jaxer%20Apache/Jaxer/Apache2-4Build/jaxer/framework/src/CoreEvents.js
  -> file:///E:/Aptana%20Jaxer%20Apache/Jaxer/Apache2-4Build/jaxer/components/aptEventHandler.js

01:10:41 12/24/2025 [ 32928] [TRACE] [JS Framework] [Container.persist] For container APPLICATION:logging: Persisting
stack:
  ->  [ModuleLogger.js:98] trace("For container APPLICATION:logging: Persisting")
  ->  [Container.js:313] persist()
  ->  [Container.js:620] persistAll()
  ->  [HandleCallback.js:320] onHandleCallback([object XPCWrappedNative_NoHelper],[object HTMLDocument])
  ->  [CoreEvents.js:293] fireEvent("HANDLE_CALLBACK",[object Array])
  ->  [CoreEvents.js:220] fire("PARSE_COMPLETE",[object XPCWrappedNative_NoHelper],[object HTMLDocument])
  ->  [aptEventHandler.js:337] observe([object XPCWrappedNative_NoHelper],"jaxerEvent.HTMLParseComplete",null)
paths:
  -> file:///E:/Aptana%20Jaxer%20Apache/Jaxer/Apache2-4Build/jaxer/framework/src/ModuleLogger.js
  -> file:///E:/Aptana%20Jaxer%20Apache/Jaxer/Apache2-4Build/jaxer/framework/src/Container.js
  -> file:///E:/Aptana%20Jaxer%20Apache/Jaxer/Apache2-4Build/jaxer/framework/src/HandleCallback.js
  -> file:///E:/Aptana%20Jaxer%20Apache/Jaxer/Apache2-4Build/jaxer/framework/src/CoreEvents.js
  -> file:///E:/Aptana%20Jaxer%20Apache/Jaxer/Apache2-4Build/jaxer/components/aptEventHandler.js

01:10:41 12/24/2025 [ 32928] [TRACE] [JS Framework] [Container.persist] For container PAGE:localhost:8081/aptana/samples/logging/index.html: Persisting
stack:
  ->  [ModuleLogger.js:98] trace("For container PAGE:localhost:8081/aptana/samples/logging/index.html: Persisting")
  ->  [Container.js:313] persist()
  ->  [Container.js:620] persistAll()
  ->  [HandleCallback.js:320] onHandleCallback([object XPCWrappedNative_NoHelper],[object HTMLDocument])
  ->  [CoreEvents.js:293] fireEvent("HANDLE_CALLBACK",[object Array])
  ->  [CoreEvents.js:220] fire("PARSE_COMPLETE",[object XPCWrappedNative_NoHelper],[object HTMLDocument])
  ->  [aptEventHandler.js:337] observe([object XPCWrappedNative_NoHelper],"jaxerEvent.HTMLParseComplete",null)
paths:
  -> file:///E:/Aptana%20Jaxer%20Apache/Jaxer/Apache2-4Build/jaxer/framework/src/ModuleLogger.js
  -> file:///E:/Aptana%20Jaxer%20Apache/Jaxer/Apache2-4Build/jaxer/framework/src/Container.js
  -> file:///E:/Aptana%20Jaxer%20Apache/Jaxer/Apache2-4Build/jaxer/framework/src/HandleCallback.js
  -> file:///E:/Aptana%20Jaxer%20Apache/Jaxer/Apache2-4Build/jaxer/framework/src/CoreEvents.js
  -> file:///E:/Aptana%20Jaxer%20Apache/Jaxer/Apache2-4Build/jaxer/components/aptEventHandler.js

01:10:41 12/24/2025 [ 32928] [TRACE] [JS Framework] [Container.persist] For container SESSION:176650264152708165463317747484: Persisting
stack:
  ->  [ModuleLogger.js:98] trace("For container SESSION:176650264152708165463317747484: Persisting")
  ->  [Container.js:313] persist()
  ->  [Container.js:620] persistAll()
  ->  [HandleCallback.js:320] onHandleCallback([object XPCWrappedNative_NoHelper],[object HTMLDocument])
  ->  [CoreEvents.js:293] fireEvent("HANDLE_CALLBACK",[object Array])
  ->  [CoreEvents.js:220] fire("PARSE_COMPLETE",[object XPCWrappedNative_NoHelper],[object HTMLDocument])
  ->  [aptEventHandler.js:337] observe([object XPCWrappedNative_NoHelper],"jaxerEvent.HTMLParseComplete",null)
paths:
  -> file:///E:/Aptana%20Jaxer%20Apache/Jaxer/Apache2-4Build/jaxer/framework/src/ModuleLogger.js
  -> file:///E:/Aptana%20Jaxer%20Apache/Jaxer/Apache2-4Build/jaxer/framework/src/Container.js
  -> file:///E:/Aptana%20Jaxer%20Apache/Jaxer/Apache2-4Build/jaxer/framework/src/HandleCallback.js
  -> file:///E:/Aptana%20Jaxer%20Apache/Jaxer/Apache2-4Build/jaxer/framework/src/CoreEvents.js
  -> file:///E:/Aptana%20Jaxer%20Apache/Jaxer/Apache2-4Build/jaxer/components/aptEventHandler.js

01:10:41 12/24/2025 [ 32928] [TRACE] [JS Framework] [Container.persist] For container SESSION_PAGE:176650264152708165463317747484$$localhost:8081/aptana/samples/logging/index.html: Persisting
stack:
  ->  [ModuleLogger.js:98] trace("For container SESSION_PAGE:176650264152708165463317747484$$localhost:8081/aptana/samples/logging/index.html: Persisting")
  ->  [Container.js:313] persist()
  ->  [Container.js:620] persistAll()
  ->  [HandleCallback.js:320] onHandleCallback([object XPCWrappedNative_NoHelper],[object HTMLDocument])
  ->  [CoreEvents.js:293] fireEvent("HANDLE_CALLBACK",[object Array])
  ->  [CoreEvents.js:220] fire("PARSE_COMPLETE",[object XPCWrappedNative_NoHelper],[object HTMLDocument])
  ->  [aptEventHandler.js:337] observe([object XPCWrappedNative_NoHelper],"jaxerEvent.HTMLParseComplete",null)
paths:
  -> file:///E:/Aptana%20Jaxer%20Apache/Jaxer/Apache2-4Build/jaxer/framework/src/ModuleLogger.js
  -> file:///E:/Aptana%20Jaxer%20Apache/Jaxer/Apache2-4Build/jaxer/framework/src/Container.js
  -> file:///E:/Aptana%20Jaxer%20Apache/Jaxer/Apache2-4Build/jaxer/framework/src/HandleCallback.js
  -> file:///E:/Aptana%20Jaxer%20Apache/Jaxer/Apache2-4Build/jaxer/framework/src/CoreEvents.js
  -> file:///E:/Aptana%20Jaxer%20Apache/Jaxer/Apache2-4Build/jaxer/components/aptEventHandler.js

01:10:41 12/24/2025 [ 32928] [DEBUG] [JS Framework] [HandleCallback.onHandleCallback] Containers persisted
stack:
  ->  [ModuleLogger.js:98] debug("Containers persisted")
  ->  [HandleCallback.js:321] onHandleCallback([object XPCWrappedNative_NoHelper],[object HTMLDocument])
  ->  [CoreEvents.js:293] fireEvent("HANDLE_CALLBACK",[object Array])
  ->  [CoreEvents.js:220] fire("PARSE_COMPLETE",[object XPCWrappedNative_NoHelper],[object HTMLDocument])
  ->  [aptEventHandler.js:337] observe([object XPCWrappedNative_NoHelper],"jaxerEvent.HTMLParseComplete",null)
paths:
  -> file:///E:/Aptana%20Jaxer%20Apache/Jaxer/Apache2-4Build/jaxer/framework/src/ModuleLogger.js
  -> file:///E:/Aptana%20Jaxer%20Apache/Jaxer/Apache2-4Build/jaxer/framework/src/HandleCallback.js
  -> file:///E:/Aptana%20Jaxer%20Apache/Jaxer/Apache2-4Build/jaxer/framework/src/CoreEvents.js
  -> file:///E:/Aptana%20Jaxer%20Apache/Jaxer/Apache2-4Build/jaxer/components/aptEventHandler.js

01:10:41 12/24/2025 [ 32928] [TRACE] [JS Framework] [DB.SQLite.close] Closing the connection
stack:
  ->  [ModuleLogger.js:98] trace("Closing the connection")
  ->  [DB_SQLite.js:739] close()
  ->  [DB.js:437] closeAllConnections(true)
  ->  [HandleCallback.js:323] onHandleCallback([object XPCWrappedNative_NoHelper],[object HTMLDocument])
  ->  [CoreEvents.js:293] fireEvent("HANDLE_CALLBACK",[object Array])
  ->  [CoreEvents.js:220] fire("PARSE_COMPLETE",[object XPCWrappedNative_NoHelper],[object HTMLDocument])
  ->  [aptEventHandler.js:337] observe([object XPCWrappedNative_NoHelper],"jaxerEvent.HTMLParseComplete",null)
paths:
  -> file:///E:/Aptana%20Jaxer%20Apache/Jaxer/Apache2-4Build/jaxer/framework/src/ModuleLogger.js
  -> file:///E:/Aptana%20Jaxer%20Apache/Jaxer/Apache2-4Build/jaxer/framework/src/DB_SQLite.js
  -> file:///E:/Aptana%20Jaxer%20Apache/Jaxer/Apache2-4Build/jaxer/framework/src/DB.js
  -> file:///E:/Aptana%20Jaxer%20Apache/Jaxer/Apache2-4Build/jaxer/framework/src/HandleCallback.js
  -> file:///E:/Aptana%20Jaxer%20Apache/Jaxer/Apache2-4Build/jaxer/framework/src/CoreEvents.js
  -> file:///E:/Aptana%20Jaxer%20Apache/Jaxer/Apache2-4Build/jaxer/components/aptEventHandler.js

01:10:41 12/24/2025 [ 32928] [TRACE] [JS Framework] [HandleCallback.onHandleCallback] === Callback processing complete
stack:
  ->  [ModuleLogger.js:98] trace("=== Callback processing complete")
  ->  [HandleCallback.js:326] onHandleCallback([object XPCWrappedNative_NoHelper],[object HTMLDocument])
  ->  [CoreEvents.js:293] fireEvent("HANDLE_CALLBACK",[object Array])
  ->  [CoreEvents.js:220] fire("PARSE_COMPLETE",[object XPCWrappedNative_NoHelper],[object HTMLDocument])
  ->  [aptEventHandler.js:337] observe([object XPCWrappedNative_NoHelper],"jaxerEvent.HTMLParseComplete",null)
paths:
  -> file:///E:/Aptana%20Jaxer%20Apache/Jaxer/Apache2-4Build/jaxer/framework/src/ModuleLogger.js
  -> file:///E:/Aptana%20Jaxer%20Apache/Jaxer/Apache2-4Build/jaxer/framework/src/HandleCallback.js
  -> file:///E:/Aptana%20Jaxer%20Apache/Jaxer/Apache2-4Build/jaxer/framework/src/CoreEvents.js
  -> file:///E:/Aptana%20Jaxer%20Apache/Jaxer/Apache2-4Build/jaxer/components/aptEventHandler.js

01:10:41 12/24/2025 [ 32928] [TRACE] [JS Framework] [CoreEvents.fireEvent] Firing an event for PARSE_COMPLETE
stack:
  ->  [ModuleLogger.js:98] trace("Firing an event for PARSE_COMPLETE")
  ->  [CoreEvents.js:282] fireEvent("PARSE_COMPLETE",[object Array])
  ->  [CoreEvents.js:238] fire("PARSE_COMPLETE",[object XPCWrappedNative_NoHelper],[object HTMLDocument])
  ->  [aptEventHandler.js:337] observe([object XPCWrappedNative_NoHelper],"jaxerEvent.HTMLParseComplete",null)
paths:
  -> file:///E:/Aptana%20Jaxer%20Apache/Jaxer/Apache2-4Build/jaxer/framework/src/ModuleLogger.js
  -> file:///E:/Aptana%20Jaxer%20Apache/Jaxer/Apache2-4Build/jaxer/framework/src/CoreEvents.js
  -> file:///E:/Aptana%20Jaxer%20Apache/Jaxer/Apache2-4Build/jaxer/components/aptEventHandler.js

01:10:41 12/24/2025 [ 32928] [TRACE] [JS Framework] [CoreEvents.fireEvent] Calling event handler: function onParseComplete(evt, doc) {
    Jaxer.__tempLoad.cl...
stack:
  ->  [ModuleLogger.js:98] trace("Calling event handler: function onParseComplete(evt, doc) {\n    Jaxer.__tempLoad.cl...")
  ->  [CoreEvents.js:292] fireEvent("PARSE_COMPLETE",[object Array])
  ->  [CoreEvents.js:238] fire("PARSE_COMPLETE",[object XPCWrappedNative_NoHelper],[object HTMLDocument])
  ->  [aptEventHandler.js:337] observe([object XPCWrappedNative_NoHelper],"jaxerEvent.HTMLParseComplete",null)
paths:
  -> file:///E:/Aptana%20Jaxer%20Apache/Jaxer/Apache2-4Build/jaxer/framework/src/ModuleLogger.js
  -> file:///E:/Aptana%20Jaxer%20Apache/Jaxer/Apache2-4Build/jaxer/framework/src/CoreEvents.js
  -> file:///E:/Aptana%20Jaxer%20Apache/Jaxer/Apache2-4Build/jaxer/components/aptEventHandler.js

01:10:41 12/24/2025 [ 32928] [TRACE] [JS Framework] [CoreEvents.fire] At this time, evt.Request.isHandler=true and eventType: REQUEST_COMPLETE
stack:
  ->  [ModuleLogger.js:98] trace("At this time, evt.Request.isHandler=true and eventType: REQUEST_COMPLETE")
  ->  [CoreEvents.js:205] fire("REQUEST_COMPLETE",[object XPCWrappedNative_NoHelper])
  ->  [aptEventHandler.js:351] observe([object XPCWrappedNative_NoHelper],"jaxerEvent.RequestComplete",null)
paths:
  -> file:///E:/Aptana%20Jaxer%20Apache/Jaxer/Apache2-4Build/jaxer/framework/src/ModuleLogger.js
  -> file:///E:/Aptana%20Jaxer%20Apache/Jaxer/Apache2-4Build/jaxer/framework/src/CoreEvents.js
  -> file:///E:/Aptana%20Jaxer%20Apache/Jaxer/Apache2-4Build/jaxer/components/aptEventHandler.js

01:10:41 12/24/2025 [ 32928] [TRACE] [JS Framework] [CoreEvents.fireEvent] Firing an event for REQUEST_COMPLETE
stack:
  ->  [ModuleLogger.js:98] trace("Firing an event for REQUEST_COMPLETE")
  ->  [CoreEvents.js:282] fireEvent("REQUEST_COMPLETE",[object Array])
  ->  [CoreEvents.js:238] fire("REQUEST_COMPLETE",[object XPCWrappedNative_NoHelper])
  ->  [aptEventHandler.js:351] observe([object XPCWrappedNative_NoHelper],"jaxerEvent.RequestComplete",null)
paths:
  -> file:///E:/Aptana%20Jaxer%20Apache/Jaxer/Apache2-4Build/jaxer/framework/src/ModuleLogger.js
  -> file:///E:/Aptana%20Jaxer%20Apache/Jaxer/Apache2-4Build/jaxer/framework/src/CoreEvents.js
  -> file:///E:/Aptana%20Jaxer%20Apache/Jaxer/Apache2-4Build/jaxer/components/aptEventHandler.js

01:10:41 12/24/2025 [ 32928] [TRACE] [JS Framework] [CoreEvents.fireEvent] Calling event handler: function onRequestComplete(evt) {
}...
stack:
  ->  [ModuleLogger.js:98] trace("Calling event handler: function onRequestComplete(evt) {\n}...")
  ->  [CoreEvents.js:292] fireEvent("REQUEST_COMPLETE",[object Array])
  ->  [CoreEvents.js:238] fire("REQUEST_COMPLETE",[object XPCWrappedNative_NoHelper])
  ->  [aptEventHandler.js:351] observe([object XPCWrappedNative_NoHelper],"jaxerEvent.RequestComplete",null)
paths:
  -> file:///E:/Aptana%20Jaxer%20Apache/Jaxer/Apache2-4Build/jaxer/framework/src/ModuleLogger.js
  -> file:///E:/Aptana%20Jaxer%20Apache/Jaxer/Apache2-4Build/jaxer/framework/src/CoreEvents.js
  -> file:///E:/Aptana%20Jaxer%20Apache/Jaxer/Apache2-4Build/jaxer/components/aptEventHandler.js

01:10:41 12/24/2025 [ 15324] [TRACE] [JS Framework] [CoreEvents.fire] At this time, evt.Request.isHandler=true and eventType: REQUEST_START
stack:
  ->  [ModuleLogger.js:98] trace("At this time, evt.Request.isHandler=true and eventType: REQUEST_START")
  ->  [CoreEvents.js:205] fire("REQUEST_START",[object XPCWrappedNative_NoHelper])
  ->  [aptEventHandler.js:292] observe([object XPCWrappedNative_NoHelper],"jaxerEvent.RequestStart",null)
paths:
  -> file:///E:/Aptana%20Jaxer%20Apache/Jaxer/Apache2-4Build/jaxer/framework/src/ModuleLogger.js
  -> file:///E:/Aptana%20Jaxer%20Apache/Jaxer/Apache2-4Build/jaxer/framework/src/CoreEvents.js
  -> file:///E:/Aptana%20Jaxer%20Apache/Jaxer/Apache2-4Build/jaxer/components/aptEventHandler.js

01:10:41 12/24/2025 [ 15324] [TRACE] [JS Framework] [CoreEvents.fireEvent] Firing an event for REQUEST_START
stack:
  ->  [ModuleLogger.js:98] trace("Firing an event for REQUEST_START")
  ->  [CoreEvents.js:282] fireEvent("REQUEST_START",[object Array])
  ->  [CoreEvents.js:238] fire("REQUEST_START",[object XPCWrappedNative_NoHelper])
  ->  [aptEventHandler.js:292] observe([object XPCWrappedNative_NoHelper],"jaxerEvent.RequestStart",null)
paths:
  -> file:///E:/Aptana%20Jaxer%20Apache/Jaxer/Apache2-4Build/jaxer/framework/src/ModuleLogger.js
  -> file:///E:/Aptana%20Jaxer%20Apache/Jaxer/Apache2-4Build/jaxer/framework/src/CoreEvents.js
  -> file:///E:/Aptana%20Jaxer%20Apache/Jaxer/Apache2-4Build/jaxer/components/aptEventHandler.js

01:10:41 12/24/2025 [ 15324] [TRACE] [JS Framework] [CoreEvents.fireEvent] Calling event handler: function onRequestStart(evt) {
}...
stack:
  ->  [ModuleLogger.js:98] trace("Calling event handler: function onRequestStart(evt) {\n}...")
  ->  [CoreEvents.js:292] fireEvent("REQUEST_START",[object Array])
  ->  [CoreEvents.js:238] fire("REQUEST_START",[object XPCWrappedNative_NoHelper])
  ->  [aptEventHandler.js:292] observe([object XPCWrappedNative_NoHelper],"jaxerEvent.RequestStart",null)
paths:
  -> file:///E:/Aptana%20Jaxer%20Apache/Jaxer/Apache2-4Build/jaxer/framework/src/ModuleLogger.js
  -> file:///E:/Aptana%20Jaxer%20Apache/Jaxer/Apache2-4Build/jaxer/framework/src/CoreEvents.js
  -> file:///E:/Aptana%20Jaxer%20Apache/Jaxer/Apache2-4Build/jaxer/components/aptEventHandler.js

01:10:41 12/24/2025 [ 15324] [TRACE] [JS Framework] [CoreEvents.fire] At this time, evt.Request.isHandler=true and eventType: PARSE_START
stack:
  ->  [ModuleLogger.js:98] trace("At this time, evt.Request.isHandler=true and eventType: PARSE_START")
  ->  [CoreEvents.js:205] fire("PARSE_START",[object XPCWrappedNative_NoHelper])
  ->  [aptEventHandler.js:306] observe([object XPCWrappedNative_NoHelper],"jaxerEvent.HTMLParseStart",null)
paths:
  -> file:///E:/Aptana%20Jaxer%20Apache/Jaxer/Apache2-4Build/jaxer/framework/src/ModuleLogger.js
  -> file:///E:/Aptana%20Jaxer%20Apache/Jaxer/Apache2-4Build/jaxer/framework/src/CoreEvents.js
  -> file:///E:/Aptana%20Jaxer%20Apache/Jaxer/Apache2-4Build/jaxer/components/aptEventHandler.js

01:10:41 12/24/2025 [ 15324] [TRACE] [JS Framework] [CoreEvents.fireEvent] Firing an event for PARSE_START
stack:
  ->  [ModuleLogger.js:98] trace("Firing an event for PARSE_START")
  ->  [CoreEvents.js:282] fireEvent("PARSE_START",[object Array])
  ->  [CoreEvents.js:238] fire("PARSE_START",[object XPCWrappedNative_NoHelper])
  ->  [aptEventHandler.js:306] observe([object XPCWrappedNative_NoHelper],"jaxerEvent.HTMLParseStart",null)
paths:
  -> file:///E:/Aptana%20Jaxer%20Apache/Jaxer/Apache2-4Build/jaxer/framework/src/ModuleLogger.js
  -> file:///E:/Aptana%20Jaxer%20Apache/Jaxer/Apache2-4Build/jaxer/framework/src/CoreEvents.js
  -> file:///E:/Aptana%20Jaxer%20Apache/Jaxer/Apache2-4Build/jaxer/components/aptEventHandler.js

01:10:41 12/24/2025 [ 15324] [TRACE] [JS Framework] [CoreEvents.fireEvent] Calling event handler: function onParseStart(evt) {
    Jaxer.request = frameworkGl...
stack:
  ->  [ModuleLogger.js:98] trace("Calling event handler: function onParseStart(evt) {\n    Jaxer.request = frameworkGl...")
  ->  [CoreEvents.js:292] fireEvent("PARSE_START",[object Array])
  ->  [CoreEvents.js:238] fire("PARSE_START",[object XPCWrappedNative_NoHelper])
  ->  [aptEventHandler.js:306] observe([object XPCWrappedNative_NoHelper],"jaxerEvent.HTMLParseStart",null)
paths:
  -> file:///E:/Aptana%20Jaxer%20Apache/Jaxer/Apache2-4Build/jaxer/framework/src/ModuleLogger.js
  -> file:///E:/Aptana%20Jaxer%20Apache/Jaxer/Apache2-4Build/jaxer/framework/src/CoreEvents.js
  -> file:///E:/Aptana%20Jaxer%20Apache/Jaxer/Apache2-4Build/jaxer/components/aptEventHandler.js

01:10:41 12/24/2025 [ 15324] [TRACE] [JS Framework] [Request.Request] Constructing request from: ({constructorErrors:[], _request:{}, method:"POST", isHandler:true, uri:"/jaxer-callback", protocol:"HTTP/1.1", remoteUser:"", remoteHost:"desktop-lpv0ncp", remoteAddr:"::1", pageFile:"E:/Aptana Jaxer Apache/Jaxer/Apache2-4Build/public/jaxer-callback", documentRoot:"E:/Aptana Jaxer Apache/Jaxer/Apache2-4Build/public", OS:"WINNT", isJaxerServer:true, isHTTPS:false, queryString:"", logFileNativePath:"", action:"POST", headers:{Host:"localhost:8081", Connection:"keep-alive", 'Content-Length':"292", 'sec-ch-ua-platform':"\"Windows\"", 'X-Requested-With':"XMLHttpRequest", 'User-Agent':"Mozilla/5.0 (Windows NT 10.0; Win64; x64) AppleWebKit/537.36 (KHTML, like Gecko) Chrome/140.0.0.0 Safari/537.36 OPR/124.0.0.0", 'sec-ch-ua':"\"Chromium\";v=\"140\", \"Not=A?Brand\";v=\"24\", \"Opera\";v=\"124\"", 'Content-Type':"application/x-www-form-urlencoded", 'sec-ch-ua-mobile':"?0", Accept:"*/*", Origin:"http://localhost:8081", 'Sec-Fetch-Site':"same-origin", 'Sec-Fetch-Mode':"cors", 'Sec-Fetch-Dest':"empty", Referer:"http://localhost:8081/aptana/samples/logging/index.html", 'Accept-Encoding':"gzip, deflate, br, zstd", 'Accept-Language':"en-US,en;q=0.9", Cookie:"JaxerSessionId%24%24localhost%3A8081=176589175647709027719934159097; JaxerSessionId%24%24diagnostics=1766389857171006019406608883027; JaxerSessionId%24%24chat=176650225815408013378880202926; JaxerSessionId%24%24smtp-email=1766502615487048247814800171795; JaxerSessionId%24%24rss-sample=1766502620172023884340692192807; JaxerSessionId%24%24tasks=176650262827103192941976629359; JaxerSessionId%24%24wikilite=1766502633159009874746526267386; JaxerSessionId%24%24logging=176650264152708165463317747484"}})
stack:
  ->  [ModuleLogger.js:98] trace("Constructing request from: ({constructorErrors:[], _request:{}, method:\"POST\", isHandler:true, uri:\"/jaxer-callback\", protocol:\"HTTP/1.1\", remoteUser:\"\", remoteHost:\"desktop-lpv0ncp\", remoteAddr:\"::1\", pageFile:\"E:/Aptana Jaxer Apache/Jaxer/Apache2-4Build/public/jaxer-callback\", documentRoot:\"E:/Aptana Jaxer Apache/Jaxer/Apache2-4Build/public\", OS:\"WINNT\", isJaxerServer:true, isHTTPS:false, queryString:\"\", logFileNativePath:\"\", action:\"POST\", headers:{Host:\"localhost:8081\", Connection:\"keep-alive\", 'Content-Length':\"292\", 'sec-ch-ua-platform':\"\\\"Windows\\\"\", 'X-Requested-With':\"XMLHttpRequest\", 'User-Agent':\"Mozilla/5.0 (Windows NT 10.0; Win64; x64) AppleWebKit/537.36 (KHTML, like Gecko) Chrome/140.0.0.0 Safari/537.36 OPR/124.0.0.0\", 'sec-ch-ua':\"\\\"Chromium\\\";v=\\\"140\\\", \\\"Not=A?Brand\\\";v=\\\"24\\\", \\\"Opera\\\";v=\\\"124\\\"\", 'Content-Type':\"application/x-www-form-urlencoded\", 'sec-ch-ua-mobile':\"?0\", Accept:\"*/*\", Origin:\"http://localhost:8081\", 'Sec-Fetch-Site':\"same-origin\", 'Sec-Fetch-Mode':\"cors\", 'Sec-Fetch-Dest':\"empty\", Referer:\"http://localhost:8081/aptana/samples/logging/index.html\", 'Accept-Encoding':\"gzip, deflate, br, zstd\", 'Accept-Language':\"en-US,en;q=0.9\", Cookie:\"JaxerSessionId%24%24localhost%3A8081=176589175647709027719934159097; JaxerSessionId%24%24diagnostics=1766389857171006019406608883027; JaxerSessionId%24%24chat=176650225815408013378880202926; JaxerSessionId%24%24smtp-email=1766502615487048247814800171795; JaxerSessionId%24%24rss-sample=1766502620172023884340692192807; JaxerSessionId%24%24tasks=176650262827103192941976629359; JaxerSessionId%24%24wikilite=1766502633159009874746526267386; JaxerSessionId%24%24logging=176650264152708165463317747484\"}})")
  ->  [Request.js:202] Request([object XPCWrappedNative_NoHelper])
  ->  [ParseStart.js:49] onParseStart([object XPCWrappedNative_NoHelper])
  ->  [CoreEvents.js:293] fireEvent("PARSE_START",[object Array])
  ->  [CoreEvents.js:238] fire("PARSE_START",[object XPCWrappedNative_NoHelper])
  ->  [aptEventHandler.js:306] observe([object XPCWrappedNative_NoHelper],"jaxerEvent.HTMLParseStart",null)
paths:
  -> file:///E:/Aptana%20Jaxer%20Apache/Jaxer/Apache2-4Build/jaxer/framework/src/ModuleLogger.js
  -> file:///E:/Aptana%20Jaxer%20Apache/Jaxer/Apache2-4Build/jaxer/framework/src/Request.js
  -> file:///E:/Aptana%20Jaxer%20Apache/Jaxer/Apache2-4Build/jaxer/framework/src/ParseStart.js
  -> file:///E:/Aptana%20Jaxer%20Apache/Jaxer/Apache2-4Build/jaxer/framework/src/CoreEvents.js
  -> file:///E:/Aptana%20Jaxer%20Apache/Jaxer/Apache2-4Build/jaxer/components/aptEventHandler.js

01:10:41 12/24/2025 [ 15324] [TRACE] [JS Framework] [ParseStart.onParseStart] Matching app using parsedUrl='({url:"http://localhost:8081/aptana/samples/logging/index.html", scheme:"http", protocol:"http", authority:"localhost:8081", path:"/aptana/samples/logging/index.html", query:"", fragment:"", userInfo:"", host:"localhost", port:"8081", hostAndPort:"localhost:8081", base:"http://localhost:8081", subdomain:"", domain:"localhost", pathParts:["aptana", "samples", "logging", "index.html"], leaf:"index.html", queryParts:{}})'
stack:
  ->  [ModuleLogger.js:98] trace("Matching app using parsedUrl='({url:\"http://localhost:8081/aptana/samples/logging/index.html\", scheme:\"http\", protocol:\"http\", authority:\"localhost:8081\", path:\"/aptana/samples/logging/index.html\", query:\"\", fragment:\"\", userInfo:\"\", host:\"localhost\", port:\"8081\", hostAndPort:\"localhost:8081\", base:\"http://localhost:8081\", subdomain:\"\", domain:\"localhost\", pathParts:[\"aptana\", \"samples\", \"logging\", \"index.html\"], leaf:\"index.html\", queryParts:{}})'")
  ->  [ParseStart.js:81] onParseStart([object XPCWrappedNative_NoHelper])
  ->  [CoreEvents.js:293] fireEvent("PARSE_START",[object Array])
  ->  [CoreEvents.js:238] fire("PARSE_START",[object XPCWrappedNative_NoHelper])
  ->  [aptEventHandler.js:306] observe([object XPCWrappedNative_NoHelper],"jaxerEvent.HTMLParseStart",null)
paths:
  -> file:///E:/Aptana%20Jaxer%20Apache/Jaxer/Apache2-4Build/jaxer/framework/src/ModuleLogger.js
  -> file:///E:/Aptana%20Jaxer%20Apache/Jaxer/Apache2-4Build/jaxer/framework/src/ParseStart.js
  -> file:///E:/Aptana%20Jaxer%20Apache/Jaxer/Apache2-4Build/jaxer/framework/src/CoreEvents.js
  -> file:///E:/Aptana%20Jaxer%20Apache/Jaxer/Apache2-4Build/jaxer/components/aptEventHandler.js

01:10:41 12/24/2025 [ 15324] [TRACE] [JS Framework] [App.init] Initializing app 'DEFAULT' (urlTest: /.*/)
stack:
  ->  [ModuleLogger.js:98] trace("Initializing app 'DEFAULT' (urlTest: /.*/)")
  ->  [App.js:184] init()
  ->  [ParseStart.js:110] onParseStart([object XPCWrappedNative_NoHelper])
  ->  [CoreEvents.js:293] fireEvent("PARSE_START",[object Array])
  ->  [CoreEvents.js:238] fire("PARSE_START",[object XPCWrappedNative_NoHelper])
  ->  [aptEventHandler.js:306] observe([object XPCWrappedNative_NoHelper],"jaxerEvent.HTMLParseStart",null)
paths:
  -> file:///E:/Aptana%20Jaxer%20Apache/Jaxer/Apache2-4Build/jaxer/framework/src/ModuleLogger.js
  -> file:///E:/Aptana%20Jaxer%20Apache/Jaxer/Apache2-4Build/jaxer/framework/src/App.js
  -> file:///E:/Aptana%20Jaxer%20Apache/Jaxer/Apache2-4Build/jaxer/framework/src/ParseStart.js
  -> file:///E:/Aptana%20Jaxer%20Apache/Jaxer/Apache2-4Build/jaxer/framework/src/CoreEvents.js
  -> file:///E:/Aptana%20Jaxer%20Apache/Jaxer/Apache2-4Build/jaxer/components/aptEventHandler.js

01:10:41 12/24/2025 [ 15324] [TRACE] [JS Framework] [App.init] APP_KEY for app 'DEFAULT': localhost:8081
stack:
  ->  [ModuleLogger.js:98] trace("APP_KEY for app 'DEFAULT': localhost:8081")
  ->  [App.js:196] init()
  ->  [ParseStart.js:110] onParseStart([object XPCWrappedNative_NoHelper])
  ->  [CoreEvents.js:293] fireEvent("PARSE_START",[object Array])
  ->  [CoreEvents.js:238] fire("PARSE_START",[object XPCWrappedNative_NoHelper])
  ->  [aptEventHandler.js:306] observe([object XPCWrappedNative_NoHelper],"jaxerEvent.HTMLParseStart",null)
paths:
  -> file:///E:/Aptana%20Jaxer%20Apache/Jaxer/Apache2-4Build/jaxer/framework/src/ModuleLogger.js
  -> file:///E:/Aptana%20Jaxer%20Apache/Jaxer/Apache2-4Build/jaxer/framework/src/App.js
  -> file:///E:/Aptana%20Jaxer%20Apache/Jaxer/Apache2-4Build/jaxer/framework/src/ParseStart.js
  -> file:///E:/Aptana%20Jaxer%20Apache/Jaxer/Apache2-4Build/jaxer/framework/src/CoreEvents.js
  -> file:///E:/Aptana%20Jaxer%20Apache/Jaxer/Apache2-4Build/jaxer/components/aptEventHandler.js

01:10:41 12/24/2025 [ 15324] [TRACE] [JS Framework] [App.init] PAGE_KEY for app 'DEFAULT': localhost:8081/aptana/samples/logging/index.html
stack:
  ->  [ModuleLogger.js:98] trace("PAGE_KEY for app 'DEFAULT': localhost:8081/aptana/samples/logging/index.html")
  ->  [App.js:208] init()
  ->  [ParseStart.js:110] onParseStart([object XPCWrappedNative_NoHelper])
  ->  [CoreEvents.js:293] fireEvent("PARSE_START",[object Array])
  ->  [CoreEvents.js:238] fire("PARSE_START",[object XPCWrappedNative_NoHelper])
  ->  [aptEventHandler.js:306] observe([object XPCWrappedNative_NoHelper],"jaxerEvent.HTMLParseStart",null)
paths:
  -> file:///E:/Aptana%20Jaxer%20Apache/Jaxer/Apache2-4Build/jaxer/framework/src/ModuleLogger.js
  -> file:///E:/Aptana%20Jaxer%20Apache/Jaxer/Apache2-4Build/jaxer/framework/src/App.js
  -> file:///E:/Aptana%20Jaxer%20Apache/Jaxer/Apache2-4Build/jaxer/framework/src/ParseStart.js
  -> file:///E:/Aptana%20Jaxer%20Apache/Jaxer/Apache2-4Build/jaxer/framework/src/CoreEvents.js
  -> file:///E:/Aptana%20Jaxer%20Apache/Jaxer/Apache2-4Build/jaxer/components/aptEventHandler.js

01:10:41 12/24/2025 [ 15324] [TRACE] [JS Framework] [App.init] PATH for app 'DEFAULT': resource:///../local_jaxer/data/DEFAULT
stack:
  ->  [ModuleLogger.js:98] trace("PATH for app 'DEFAULT': resource:///../local_jaxer/data/DEFAULT")
  ->  [App.js:231] init()
  ->  [ParseStart.js:110] onParseStart([object XPCWrappedNative_NoHelper])
  ->  [CoreEvents.js:293] fireEvent("PARSE_START",[object Array])
  ->  [CoreEvents.js:238] fire("PARSE_START",[object XPCWrappedNative_NoHelper])
  ->  [aptEventHandler.js:306] observe([object XPCWrappedNative_NoHelper],"jaxerEvent.HTMLParseStart",null)
paths:
  -> file:///E:/Aptana%20Jaxer%20Apache/Jaxer/Apache2-4Build/jaxer/framework/src/ModuleLogger.js
  -> file:///E:/Aptana%20Jaxer%20Apache/Jaxer/Apache2-4Build/jaxer/framework/src/App.js
  -> file:///E:/Aptana%20Jaxer%20Apache/Jaxer/Apache2-4Build/jaxer/framework/src/ParseStart.js
  -> file:///E:/Aptana%20Jaxer%20Apache/Jaxer/Apache2-4Build/jaxer/framework/src/CoreEvents.js
  -> file:///E:/Aptana%20Jaxer%20Apache/Jaxer/Apache2-4Build/jaxer/components/aptEventHandler.js

01:10:41 12/24/2025 [ 15324] [TRACE] [JS Framework] [App.App] Constructing App from props: ({urlTest:(function (parsedUrl) {return parsedUrl.pathParts.length > 2 && parsedUrl.pathParts[0] == "aptana" && parsedUrl.pathParts[1] == "samples";}), name:(function (parsedUrl) {return parsedUrl.pathParts[2];}), path:(function (resolvedName, parsedUrl) {return Dir.combine(Config.DEFAULT_PATH_BASE, "samples", resolvedName);}), db:(function (resolvedName, parsedUrl) {switch (Config.DEFAULT_DB.IMPLEMENTATION) {case "SQLite":return Util.extend(Config.DEFAULT_DB, {PATH: Dir.combine(Config.DEFAULT_PATH_BASE, "samples", resolvedName, resolvedName + ".sqlite")});case "MySQL":return Util.extend(Config.DEFAULT_DB, {NAME: resolvedName});default:throw new Exception("Unrecognized database implementation: " + Config.DEFAULT_DB.IMPLEMENTATION);}})}) and a default app of: ({urlTest:/.*/, name:"DEFAULT", appKey:(function (parsedUrl) {return parsedUrl.hostAndPort;}), pageKey:(function (parsedUrl) {return parsedUrl.hostAndPort + parsedUrl.path;}), db:function smartDB(resolvedName, parsedUrl) {switch (Config.DEFAULT_DB.IMPLEMENTATION) {case "SQLite":return Util.extend(Config.DEFAULT_DB, {PATH: Dir.combine(Config.DEFAULT_PATH_BASE, resolvedName, "appdata.sqlite")});case "MySQL":return Util.extend(Config.DEFAULT_DB, {NAME: resolvedName});default:throw new Exception("Unrecognized database implementation: " + Config.DEFAULT_DB.IMPLEMENTATION);}}, path:(function (resolvedName, parsedUrl) {return Dir.combine(Config.DEFAULT_PATH_BASE, resolvedName);}), handler:(void 0), get NAME () {return _NAME;}, get APP_KEY () {return _APP_KEY;}, get PAGE_KEY () {return _PAGE_KEY;}, get DB () {return _DB;}, get PATH () {return _PATH;}})
stack:
  ->  [ModuleLogger.js:98] trace("Constructing App from props: ({urlTest:(function (parsedUrl) {return parsedUrl.pathParts.length > 2 && parsedUrl.pathParts[0] == \"aptana\" && parsedUrl.pathParts[1] == \"samples\";}), name:(function (parsedUrl) {return parsedUrl.pathParts[2];}), path:(function (resolvedName, parsedUrl) {return Dir.combine(Config.DEFAULT_PATH_BASE, \"samples\", resolvedName);}), db:(function (resolvedName, parsedUrl) {switch (Config.DEFAULT_DB.IMPLEMENTATION) {case \"SQLite\":return Util.extend(Config.DEFAULT_DB, {PATH: Dir.combine(Config.DEFAULT_PATH_BASE, \"samples\", resolvedName, resolvedName + \".sqlite\")});case \"MySQL\":return Util.extend(Config.DEFAULT_DB, {NAME: resolvedName});default:throw new Exception(\"Unrecognized database implementation: \" + Config.DEFAULT_DB.IMPLEMENTATION);}})}) and a default app of: ({urlTest:/.*/, name:\"DEFAULT\", appKey:(function (parsedUrl) {return parsedUrl.hostAndPort;}), pageKey:(function (parsedUrl) {return parsedUrl.hostAndPort + parsedUrl.path;}), db:function smartDB(resolvedName, parsedUrl) {switch (Config.DEFAULT_DB.IMPLEMENTATION) {case \"SQLite\":return Util.extend(Config.DEFAULT_DB, {PATH: Dir.combine(Config.DEFAULT_PATH_BASE, resolvedName, \"appdata.sqlite\")});case \"MySQL\":return Util.extend(Config.DEFAULT_DB, {NAME: resolvedName});default:throw new Exception(\"Unrecognized database implementation: \" + Config.DEFAULT_DB.IMPLEMENTATION);}}, path:(function (resolvedName, parsedUrl) {return Dir.combine(Config.DEFAULT_PATH_BASE, resolvedName);}), handler:(void 0), get NAME () {return _NAME;}, get APP_KEY () {return _APP_KEY;}, get PAGE_KEY () {return _PAGE_KEY;}, get DB () {return _DB;}, get PATH () {return _PATH;}})")
  ->  [App.js:56] App([object Object])
  ->  [ParseStart.js:111] onParseStart([object XPCWrappedNative_NoHelper])
  ->  [CoreEvents.js:293] fireEvent("PARSE_START",[object Array])
  ->  [CoreEvents.js:238] fire("PARSE_START",[object XPCWrappedNative_NoHelper])
  ->  [aptEventHandler.js:306] observe([object XPCWrappedNative_NoHelper],"jaxerEvent.HTMLParseStart",null)
paths:
  -> file:///E:/Aptana%20Jaxer%20Apache/Jaxer/Apache2-4Build/jaxer/framework/src/ModuleLogger.js
  -> file:///E:/Aptana%20Jaxer%20Apache/Jaxer/Apache2-4Build/jaxer/framework/src/App.js
  -> file:///E:/Aptana%20Jaxer%20Apache/Jaxer/Apache2-4Build/jaxer/framework/src/ParseStart.js
  -> file:///E:/Aptana%20Jaxer%20Apache/Jaxer/Apache2-4Build/jaxer/framework/src/CoreEvents.js
  -> file:///E:/Aptana%20Jaxer%20Apache/Jaxer/Apache2-4Build/jaxer/components/aptEventHandler.js

01:10:41 12/24/2025 [ 15324] [TRACE] [JS Framework] [App.init] Initializing app 'logging' (urlTest: function (parsedUrl) {
    return parsedUrl.pathParts.length > 2 &&
        parsedUrl.pathParts[0] == "aptana" &&
        parsedUrl.pathParts[1] == "samples";
})
stack:
  ->  [ModuleLogger.js:98] trace("Initializing app 'logging' (urlTest: function (parsedUrl) {\n    return parsedUrl.pathParts.length > 2 &&\n        parsedUrl.pathParts[0] == \"aptana\" &&\n        parsedUrl.pathParts[1] == \"samples\";\n})")
  ->  [App.js:184] init()
  ->  [App.js:151] App([object Object])
  ->  [ParseStart.js:111] onParseStart([object XPCWrappedNative_NoHelper])
  ->  [CoreEvents.js:293] fireEvent("PARSE_START",[object Array])
  ->  [CoreEvents.js:238] fire("PARSE_START",[object XPCWrappedNative_NoHelper])
  ->  [aptEventHandler.js:306] observe([object XPCWrappedNative_NoHelper],"jaxerEvent.HTMLParseStart",null)
paths:
  -> file:///E:/Aptana%20Jaxer%20Apache/Jaxer/Apache2-4Build/jaxer/framework/src/ModuleLogger.js
  -> file:///E:/Aptana%20Jaxer%20Apache/Jaxer/Apache2-4Build/jaxer/framework/src/App.js
  -> file:///E:/Aptana%20Jaxer%20Apache/Jaxer/Apache2-4Build/jaxer/framework/src/ParseStart.js
  -> file:///E:/Aptana%20Jaxer%20Apache/Jaxer/Apache2-4Build/jaxer/framework/src/CoreEvents.js
  -> file:///E:/Aptana%20Jaxer%20Apache/Jaxer/Apache2-4Build/jaxer/components/aptEventHandler.js

01:10:41 12/24/2025 [ 15324] [TRACE] [JS Framework] [App.init] APP_KEY for app 'logging': logging
stack:
  ->  [ModuleLogger.js:98] trace("APP_KEY for app 'logging': logging")
  ->  [App.js:196] init()
  ->  [App.js:151] App([object Object])
  ->  [ParseStart.js:111] onParseStart([object XPCWrappedNative_NoHelper])
  ->  [CoreEvents.js:293] fireEvent("PARSE_START",[object Array])
  ->  [CoreEvents.js:238] fire("PARSE_START",[object XPCWrappedNative_NoHelper])
  ->  [aptEventHandler.js:306] observe([object XPCWrappedNative_NoHelper],"jaxerEvent.HTMLParseStart",null)
paths:
  -> file:///E:/Aptana%20Jaxer%20Apache/Jaxer/Apache2-4Build/jaxer/framework/src/ModuleLogger.js
  -> file:///E:/Aptana%20Jaxer%20Apache/Jaxer/Apache2-4Build/jaxer/framework/src/App.js
  -> file:///E:/Aptana%20Jaxer%20Apache/Jaxer/Apache2-4Build/jaxer/framework/src/ParseStart.js
  -> file:///E:/Aptana%20Jaxer%20Apache/Jaxer/Apache2-4Build/jaxer/framework/src/CoreEvents.js
  -> file:///E:/Aptana%20Jaxer%20Apache/Jaxer/Apache2-4Build/jaxer/components/aptEventHandler.js

01:10:41 12/24/2025 [ 15324] [TRACE] [JS Framework] [App.init] PAGE_KEY for app 'logging': localhost:8081/aptana/samples/logging/index.html
stack:
  ->  [ModuleLogger.js:98] trace("PAGE_KEY for app 'logging': localhost:8081/aptana/samples/logging/index.html")
  ->  [App.js:208] init()
  ->  [App.js:151] App([object Object])
  ->  [ParseStart.js:111] onParseStart([object XPCWrappedNative_NoHelper])
  ->  [CoreEvents.js:293] fireEvent("PARSE_START",[object Array])
  ->  [CoreEvents.js:238] fire("PARSE_START",[object XPCWrappedNative_NoHelper])
  ->  [aptEventHandler.js:306] observe([object XPCWrappedNative_NoHelper],"jaxerEvent.HTMLParseStart",null)
paths:
  -> file:///E:/Aptana%20Jaxer%20Apache/Jaxer/Apache2-4Build/jaxer/framework/src/ModuleLogger.js
  -> file:///E:/Aptana%20Jaxer%20Apache/Jaxer/Apache2-4Build/jaxer/framework/src/App.js
  -> file:///E:/Aptana%20Jaxer%20Apache/Jaxer/Apache2-4Build/jaxer/framework/src/ParseStart.js
  -> file:///E:/Aptana%20Jaxer%20Apache/Jaxer/Apache2-4Build/jaxer/framework/src/CoreEvents.js
  -> file:///E:/Aptana%20Jaxer%20Apache/Jaxer/Apache2-4Build/jaxer/components/aptEventHandler.js

01:10:41 12/24/2025 [ 15324] [TRACE] [JS Framework] [App.init] PATH for app 'logging': resource:///../local_jaxer/data/samples/logging
stack:
  ->  [ModuleLogger.js:98] trace("PATH for app 'logging': resource:///../local_jaxer/data/samples/logging")
  ->  [App.js:231] init()
  ->  [App.js:151] App([object Object])
  ->  [ParseStart.js:111] onParseStart([object XPCWrappedNative_NoHelper])
  ->  [CoreEvents.js:293] fireEvent("PARSE_START",[object Array])
  ->  [CoreEvents.js:238] fire("PARSE_START",[object XPCWrappedNative_NoHelper])
  ->  [aptEventHandler.js:306] observe([object XPCWrappedNative_NoHelper],"jaxerEvent.HTMLParseStart",null)
paths:
  -> file:///E:/Aptana%20Jaxer%20Apache/Jaxer/Apache2-4Build/jaxer/framework/src/ModuleLogger.js
  -> file:///E:/Aptana%20Jaxer%20Apache/Jaxer/Apache2-4Build/jaxer/framework/src/App.js
  -> file:///E:/Aptana%20Jaxer%20Apache/Jaxer/Apache2-4Build/jaxer/framework/src/ParseStart.js
  -> file:///E:/Aptana%20Jaxer%20Apache/Jaxer/Apache2-4Build/jaxer/framework/src/CoreEvents.js
  -> file:///E:/Aptana%20Jaxer%20Apache/Jaxer/Apache2-4Build/jaxer/components/aptEventHandler.js

01:10:41 12/24/2025 [ 15324] [TRACE] [JS Framework] [ParseStart.onParseStart] Using app 'logging': urlTest = function (parsedUrl) {
    return parsedUrl.pathParts.length > 2 &&
        parsedUrl.pathParts[0] == "aptana" &&
        parsedUrl.pathParts[1] == "samples";
}
stack:
  ->  [ModuleLogger.js:98] trace("Using app 'logging': urlTest = function (parsedUrl) {\n    return parsedUrl.pathParts.length > 2 &&\n        parsedUrl.pathParts[0] == \"aptana\" &&\n        parsedUrl.pathParts[1] == \"samples\";\n}")
  ->  [ParseStart.js:113] onParseStart([object XPCWrappedNative_NoHelper])
  ->  [CoreEvents.js:293] fireEvent("PARSE_START",[object Array])
  ->  [CoreEvents.js:238] fire("PARSE_START",[object XPCWrappedNative_NoHelper])
  ->  [aptEventHandler.js:306] observe([object XPCWrappedNative_NoHelper],"jaxerEvent.HTMLParseStart",null)
paths:
  -> file:///E:/Aptana%20Jaxer%20Apache/Jaxer/Apache2-4Build/jaxer/framework/src/ModuleLogger.js
  -> file:///E:/Aptana%20Jaxer%20Apache/Jaxer/Apache2-4Build/jaxer/framework/src/ParseStart.js
  -> file:///E:/Aptana%20Jaxer%20Apache/Jaxer/Apache2-4Build/jaxer/framework/src/CoreEvents.js
  -> file:///E:/Aptana%20Jaxer%20Apache/Jaxer/Apache2-4Build/jaxer/components/aptEventHandler.js

01:10:41 12/24/2025 [ 15324] [DEBUG] [JS Framework] [SessionManager.keyFromRequest] Getting session key from the client via cookie JaxerSessionId$$logging: 176650264152708165463317747484
stack:
  ->  [ModuleLogger.js:98] debug("Getting session key from the client via cookie JaxerSessionId$$logging: 176650264152708165463317747484")
  ->  [SessionManager.js:59] keyFromRequest("logging")
  ->  [Container.js:474] init("logging","localhost:8081/aptana/samples/logging/index.html")
  ->  [ParseStart.js:122] onParseStart([object XPCWrappedNative_NoHelper])
  ->  [CoreEvents.js:293] fireEvent("PARSE_START",[object Array])
  ->  [CoreEvents.js:238] fire("PARSE_START",[object XPCWrappedNative_NoHelper])
  ->  [aptEventHandler.js:306] observe([object XPCWrappedNative_NoHelper],"jaxerEvent.HTMLParseStart",null)
paths:
  -> file:///E:/Aptana%20Jaxer%20Apache/Jaxer/Apache2-4Build/jaxer/framework/src/ModuleLogger.js
  -> file:///E:/Aptana%20Jaxer%20Apache/Jaxer/Apache2-4Build/jaxer/framework/src/SessionManager.js
  -> file:///E:/Aptana%20Jaxer%20Apache/Jaxer/Apache2-4Build/jaxer/framework/src/Container.js
  -> file:///E:/Aptana%20Jaxer%20Apache/Jaxer/Apache2-4Build/jaxer/framework/src/ParseStart.js
  -> file:///E:/Aptana%20Jaxer%20Apache/Jaxer/Apache2-4Build/jaxer/framework/src/CoreEvents.js
  -> file:///E:/Aptana%20Jaxer%20Apache/Jaxer/Apache2-4Build/jaxer/components/aptEventHandler.js

01:10:41 12/24/2025 [ 15324] [DEBUG] [JS Framework] [Container.init] Created APPLICATION container as Jaxer.application with key logging
stack:
  ->  [ModuleLogger.js:98] debug("Created APPLICATION container as Jaxer.application with key logging")
  ->  [Container.js:485] init("logging","localhost:8081/aptana/samples/logging/index.html")
  ->  [ParseStart.js:122] onParseStart([object XPCWrappedNative_NoHelper])
  ->  [CoreEvents.js:293] fireEvent("PARSE_START",[object Array])
  ->  [CoreEvents.js:238] fire("PARSE_START",[object XPCWrappedNative_NoHelper])
  ->  [aptEventHandler.js:306] observe([object XPCWrappedNative_NoHelper],"jaxerEvent.HTMLParseStart",null)
paths:
  -> file:///E:/Aptana%20Jaxer%20Apache/Jaxer/Apache2-4Build/jaxer/framework/src/ModuleLogger.js
  -> file:///E:/Aptana%20Jaxer%20Apache/Jaxer/Apache2-4Build/jaxer/framework/src/Container.js
  -> file:///E:/Aptana%20Jaxer%20Apache/Jaxer/Apache2-4Build/jaxer/framework/src/ParseStart.js
  -> file:///E:/Aptana%20Jaxer%20Apache/Jaxer/Apache2-4Build/jaxer/framework/src/CoreEvents.js
  -> file:///E:/Aptana%20Jaxer%20Apache/Jaxer/Apache2-4Build/jaxer/components/aptEventHandler.js

01:10:41 12/24/2025 [ 15324] [DEBUG] [JS Framework] [Container.init] Created PAGE container as Jaxer.page with key localhost:8081/aptana/samples/logging/index.html
stack:
  ->  [ModuleLogger.js:98] debug("Created PAGE container as Jaxer.page with key localhost:8081/aptana/samples/logging/index.html")
  ->  [Container.js:485] init("logging","localhost:8081/aptana/samples/logging/index.html")
  ->  [ParseStart.js:122] onParseStart([object XPCWrappedNative_NoHelper])
  ->  [CoreEvents.js:293] fireEvent("PARSE_START",[object Array])
  ->  [CoreEvents.js:238] fire("PARSE_START",[object XPCWrappedNative_NoHelper])
  ->  [aptEventHandler.js:306] observe([object XPCWrappedNative_NoHelper],"jaxerEvent.HTMLParseStart",null)
paths:
  -> file:///E:/Aptana%20Jaxer%20Apache/Jaxer/Apache2-4Build/jaxer/framework/src/ModuleLogger.js
  -> file:///E:/Aptana%20Jaxer%20Apache/Jaxer/Apache2-4Build/jaxer/framework/src/Container.js
  -> file:///E:/Aptana%20Jaxer%20Apache/Jaxer/Apache2-4Build/jaxer/framework/src/ParseStart.js
  -> file:///E:/Aptana%20Jaxer%20Apache/Jaxer/Apache2-4Build/jaxer/framework/src/CoreEvents.js
  -> file:///E:/Aptana%20Jaxer%20Apache/Jaxer/Apache2-4Build/jaxer/components/aptEventHandler.js

01:10:41 12/24/2025 [ 15324] [DEBUG] [JS Framework] [Container.init] Created SESSION container as Jaxer.session with key 176650264152708165463317747484
stack:
  ->  [ModuleLogger.js:98] debug("Created SESSION container as Jaxer.session with key 176650264152708165463317747484")
  ->  [Container.js:485] init("logging","localhost:8081/aptana/samples/logging/index.html")
  ->  [ParseStart.js:122] onParseStart([object XPCWrappedNative_NoHelper])
  ->  [CoreEvents.js:293] fireEvent("PARSE_START",[object Array])
  ->  [CoreEvents.js:238] fire("PARSE_START",[object XPCWrappedNative_NoHelper])
  ->  [aptEventHandler.js:306] observe([object XPCWrappedNative_NoHelper],"jaxerEvent.HTMLParseStart",null)
paths:
  -> file:///E:/Aptana%20Jaxer%20Apache/Jaxer/Apache2-4Build/jaxer/framework/src/ModuleLogger.js
  -> file:///E:/Aptana%20Jaxer%20Apache/Jaxer/Apache2-4Build/jaxer/framework/src/Container.js
  -> file:///E:/Aptana%20Jaxer%20Apache/Jaxer/Apache2-4Build/jaxer/framework/src/ParseStart.js
  -> file:///E:/Aptana%20Jaxer%20Apache/Jaxer/Apache2-4Build/jaxer/framework/src/CoreEvents.js
  -> file:///E:/Aptana%20Jaxer%20Apache/Jaxer/Apache2-4Build/jaxer/components/aptEventHandler.js

01:10:41 12/24/2025 [ 15324] [DEBUG] [JS Framework] [Container.init] Created SESSION_PAGE container as Jaxer.sessionPage with key 176650264152708165463317747484$$localhost:8081/aptana/samples/logging/index.html
stack:
  ->  [ModuleLogger.js:98] debug("Created SESSION_PAGE container as Jaxer.sessionPage with key 176650264152708165463317747484$$localhost:8081/aptana/samples/logging/index.html")
  ->  [Container.js:485] init("logging","localhost:8081/aptana/samples/logging/index.html")
  ->  [ParseStart.js:122] onParseStart([object XPCWrappedNative_NoHelper])
  ->  [CoreEvents.js:293] fireEvent("PARSE_START",[object Array])
  ->  [CoreEvents.js:238] fire("PARSE_START",[object XPCWrappedNative_NoHelper])
  ->  [aptEventHandler.js:306] observe([object XPCWrappedNative_NoHelper],"jaxerEvent.HTMLParseStart",null)
paths:
  -> file:///E:/Aptana%20Jaxer%20Apache/Jaxer/Apache2-4Build/jaxer/framework/src/ModuleLogger.js
  -> file:///E:/Aptana%20Jaxer%20Apache/Jaxer/Apache2-4Build/jaxer/framework/src/Container.js
  -> file:///E:/Aptana%20Jaxer%20Apache/Jaxer/Apache2-4Build/jaxer/framework/src/ParseStart.js
  -> file:///E:/Aptana%20Jaxer%20Apache/Jaxer/Apache2-4Build/jaxer/framework/src/CoreEvents.js
  -> file:///E:/Aptana%20Jaxer%20Apache/Jaxer/Apache2-4Build/jaxer/components/aptEventHandler.js

01:10:41 12/24/2025 [ 15324] [TRACE] [JS Framework] [DB.setDefault] Setting default connection for app: logging
stack:
  ->  [ModuleLogger.js:98] trace("Setting default connection for app: logging")
  ->  [DB.js:162] setDefault("logging",[object Object])
  ->  [ParseStart.js:123] onParseStart([object XPCWrappedNative_NoHelper])
  ->  [CoreEvents.js:293] fireEvent("PARSE_START",[object Array])
  ->  [CoreEvents.js:238] fire("PARSE_START",[object XPCWrappedNative_NoHelper])
  ->  [aptEventHandler.js:306] observe([object XPCWrappedNative_NoHelper],"jaxerEvent.HTMLParseStart",null)
paths:
  -> file:///E:/Aptana%20Jaxer%20Apache/Jaxer/Apache2-4Build/jaxer/framework/src/ModuleLogger.js
  -> file:///E:/Aptana%20Jaxer%20Apache/Jaxer/Apache2-4Build/jaxer/framework/src/DB.js
  -> file:///E:/Aptana%20Jaxer%20Apache/Jaxer/Apache2-4Build/jaxer/framework/src/ParseStart.js
  -> file:///E:/Aptana%20Jaxer%20Apache/Jaxer/Apache2-4Build/jaxer/framework/src/CoreEvents.js
  -> file:///E:/Aptana%20Jaxer%20Apache/Jaxer/Apache2-4Build/jaxer/components/aptEventHandler.js

01:10:41 12/24/2025 [ 15324] [TRACE] [JS Framework] [DB.initDefault] Creating database (if necessary) for app: logging
stack:
  ->  [ModuleLogger.js:98] trace("Creating database (if necessary) for app: logging")
  ->  [DB.js:136] initDefault("logging",[object Object])
  ->  [DB.js:174] setDefault("logging",[object Object])
  ->  [ParseStart.js:123] onParseStart([object XPCWrappedNative_NoHelper])
  ->  [CoreEvents.js:293] fireEvent("PARSE_START",[object Array])
  ->  [CoreEvents.js:238] fire("PARSE_START",[object XPCWrappedNative_NoHelper])
  ->  [aptEventHandler.js:306] observe([object XPCWrappedNative_NoHelper],"jaxerEvent.HTMLParseStart",null)
paths:
  -> file:///E:/Aptana%20Jaxer%20Apache/Jaxer/Apache2-4Build/jaxer/framework/src/ModuleLogger.js
  -> file:///E:/Aptana%20Jaxer%20Apache/Jaxer/Apache2-4Build/jaxer/framework/src/DB.js
  -> file:///E:/Aptana%20Jaxer%20Apache/Jaxer/Apache2-4Build/jaxer/framework/src/ParseStart.js
  -> file:///E:/Aptana%20Jaxer%20Apache/Jaxer/Apache2-4Build/jaxer/framework/src/CoreEvents.js
  -> file:///E:/Aptana%20Jaxer%20Apache/Jaxer/Apache2-4Build/jaxer/components/aptEventHandler.js

01:10:41 12/24/2025 [ 15324] [TRACE] [JS Framework] [DB.SQLite.validateConnectionParameters] Connection parameters OK :({IMPLEMENTATION:"SQLite", PATH:"resource:///../local_jaxer/data/samples/logging/logging.sqlite", CLOSE_AFTER_EXECUTE:false, CLOSE_AFTER_REQUEST:true, MAX_NUM_TRIES:100, MILLIS_BETWEEN_TRIES:37})
stack:
  ->  [ModuleLogger.js:98] trace("Connection parameters OK :({IMPLEMENTATION:\"SQLite\", PATH:\"resource:///../local_jaxer/data/samples/logging/logging.sqlite\", CLOSE_AFTER_EXECUTE:false, CLOSE_AFTER_REQUEST:true, MAX_NUM_TRIES:100, MILLIS_BETWEEN_TRIES:37})")
  ->  [DB_SQLite.js:83] validateConnectionParameters([object Object])
  ->  [DB_SQLite.js:148] Connection([object Object])
  ->  [DB_SQLite.js:104] createDB([object Object])
  ->  [DB.js:137] initDefault("logging",[object Object])
  ->  [DB.js:174] setDefault("logging",[object Object])
  ->  [ParseStart.js:123] onParseStart([object XPCWrappedNative_NoHelper])
  ->  [CoreEvents.js:293] fireEvent("PARSE_START",[object Array])
  ->  [CoreEvents.js:238] fire("PARSE_START",[object XPCWrappedNative_NoHelper])
  ->  [aptEventHandler.js:306] observe([object XPCWrappedNative_NoHelper],"jaxerEvent.HTMLParseStart",null)
paths:
  -> file:///E:/Aptana%20Jaxer%20Apache/Jaxer/Apache2-4Build/jaxer/framework/src/ModuleLogger.js
  -> file:///E:/Aptana%20Jaxer%20Apache/Jaxer/Apache2-4Build/jaxer/framework/src/DB_SQLite.js
  -> file:///E:/Aptana%20Jaxer%20Apache/Jaxer/Apache2-4Build/jaxer/framework/src/DB.js
  -> file:///E:/Aptana%20Jaxer%20Apache/Jaxer/Apache2-4Build/jaxer/framework/src/ParseStart.js
  -> file:///E:/Aptana%20Jaxer%20Apache/Jaxer/Apache2-4Build/jaxer/framework/src/CoreEvents.js
  -> file:///E:/Aptana%20Jaxer%20Apache/Jaxer/Apache2-4Build/jaxer/components/aptEventHandler.js

01:10:41 12/24/2025 [ 15324] [DEBUG] [JS Framework] [DB.SQLite.createDB] Creating/verifying connection to database file at E:\Aptana Jaxer Apache\Jaxer\Apache2-4Build\jaxer\..\local_jaxer\data\samples\logging\logging.sqlite
stack:
  ->  [ModuleLogger.js:98] debug("Creating/verifying connection to database file at E:\\Aptana Jaxer Apache\\Jaxer\\Apache2-4Build\\jaxer\\..\\local_jaxer\\data\\samples\\logging\\logging.sqlite")
  ->  [DB_SQLite.js:105] createDB([object Object])
  ->  [DB.js:137] initDefault("logging",[object Object])
  ->  [DB.js:174] setDefault("logging",[object Object])
  ->  [ParseStart.js:123] onParseStart([object XPCWrappedNative_NoHelper])
  ->  [CoreEvents.js:293] fireEvent("PARSE_START",[object Array])
  ->  [CoreEvents.js:238] fire("PARSE_START",[object XPCWrappedNative_NoHelper])
  ->  [aptEventHandler.js:306] observe([object XPCWrappedNative_NoHelper],"jaxerEvent.HTMLParseStart",null)
paths:
  -> file:///E:/Aptana%20Jaxer%20Apache/Jaxer/Apache2-4Build/jaxer/framework/src/ModuleLogger.js
  -> file:///E:/Aptana%20Jaxer%20Apache/Jaxer/Apache2-4Build/jaxer/framework/src/DB_SQLite.js
  -> file:///E:/Aptana%20Jaxer%20Apache/Jaxer/Apache2-4Build/jaxer/framework/src/DB.js
  -> file:///E:/Aptana%20Jaxer%20Apache/Jaxer/Apache2-4Build/jaxer/framework/src/ParseStart.js
  -> file:///E:/Aptana%20Jaxer%20Apache/Jaxer/Apache2-4Build/jaxer/framework/src/CoreEvents.js
  -> file:///E:/Aptana%20Jaxer%20Apache/Jaxer/Apache2-4Build/jaxer/components/aptEventHandler.js

01:10:41 12/24/2025 [ 15324] [DEBUG] [JS Framework] [DB.SQLite.open] Opening connection to database: E:\Aptana Jaxer Apache\Jaxer\Apache2-4Build\jaxer\..\local_jaxer\data\samples\logging\logging.sqlite
stack:
  ->  [ModuleLogger.js:98] debug("Opening connection to database: E:\\Aptana Jaxer Apache\\Jaxer\\Apache2-4Build\\jaxer\\..\\local_jaxer\\data\\samples\\logging\\logging.sqlite")
  ->  [DB_SQLite.js:212] open()
  ->  [DB_SQLite.js:109] createDB([object Object])
  ->  [DB.js:137] initDefault("logging",[object Object])
  ->  [DB.js:174] setDefault("logging",[object Object])
  ->  [ParseStart.js:123] onParseStart([object XPCWrappedNative_NoHelper])
  ->  [CoreEvents.js:293] fireEvent("PARSE_START",[object Array])
  ->  [CoreEvents.js:238] fire("PARSE_START",[object XPCWrappedNative_NoHelper])
  ->  [aptEventHandler.js:306] observe([object XPCWrappedNative_NoHelper],"jaxerEvent.HTMLParseStart",null)
paths:
  -> file:///E:/Aptana%20Jaxer%20Apache/Jaxer/Apache2-4Build/jaxer/framework/src/ModuleLogger.js
  -> file:///E:/Aptana%20Jaxer%20Apache/Jaxer/Apache2-4Build/jaxer/framework/src/DB_SQLite.js
  -> file:///E:/Aptana%20Jaxer%20Apache/Jaxer/Apache2-4Build/jaxer/framework/src/DB.js
  -> file:///E:/Aptana%20Jaxer%20Apache/Jaxer/Apache2-4Build/jaxer/framework/src/ParseStart.js
  -> file:///E:/Aptana%20Jaxer%20Apache/Jaxer/Apache2-4Build/jaxer/framework/src/CoreEvents.js
  -> file:///E:/Aptana%20Jaxer%20Apache/Jaxer/Apache2-4Build/jaxer/components/aptEventHandler.js

01:10:41 12/24/2025 [ 15324] [TRACE] [JS Framework] [DB.SQLite.open] Tried 1 time(s) in 1 ms to open connection to SQLite database file E:\Aptana Jaxer Apache\Jaxer\Apache2-4Build\jaxer\..\local_jaxer\data\samples\logging\logging.sqlite
stack:
  ->  [ModuleLogger.js:98] trace("Tried 1 time(s) in 1 ms to open connection to SQLite database file E:\\Aptana Jaxer Apache\\Jaxer\\Apache2-4Build\\jaxer\\..\\local_jaxer\\data\\samples\\logging\\logging.sqlite")
  ->  [DB_SQLite.js:266] open()
  ->  [DB_SQLite.js:109] createDB([object Object])
  ->  [DB.js:137] initDefault("logging",[object Object])
  ->  [DB.js:174] setDefault("logging",[object Object])
  ->  [ParseStart.js:123] onParseStart([object XPCWrappedNative_NoHelper])
  ->  [CoreEvents.js:293] fireEvent("PARSE_START",[object Array])
  ->  [CoreEvents.js:238] fire("PARSE_START",[object XPCWrappedNative_NoHelper])
  ->  [aptEventHandler.js:306] observe([object XPCWrappedNative_NoHelper],"jaxerEvent.HTMLParseStart",null)
paths:
  -> file:///E:/Aptana%20Jaxer%20Apache/Jaxer/Apache2-4Build/jaxer/framework/src/ModuleLogger.js
  -> file:///E:/Aptana%20Jaxer%20Apache/Jaxer/Apache2-4Build/jaxer/framework/src/DB_SQLite.js
  -> file:///E:/Aptana%20Jaxer%20Apache/Jaxer/Apache2-4Build/jaxer/framework/src/DB.js
  -> file:///E:/Aptana%20Jaxer%20Apache/Jaxer/Apache2-4Build/jaxer/framework/src/ParseStart.js
  -> file:///E:/Aptana%20Jaxer%20Apache/Jaxer/Apache2-4Build/jaxer/framework/src/CoreEvents.js
  -> file:///E:/Aptana%20Jaxer%20Apache/Jaxer/Apache2-4Build/jaxer/components/aptEventHandler.js

01:10:41 12/24/2025 [ 15324] [DEBUG] [JS Framework] [DB.SQLite.open] Opened
stack:
  ->  [ModuleLogger.js:98] debug("Opened")
  ->  [DB_SQLite.js:268] open()
  ->  [DB_SQLite.js:109] createDB([object Object])
  ->  [DB.js:137] initDefault("logging",[object Object])
  ->  [DB.js:174] setDefault("logging",[object Object])
  ->  [ParseStart.js:123] onParseStart([object XPCWrappedNative_NoHelper])
  ->  [CoreEvents.js:293] fireEvent("PARSE_START",[object Array])
  ->  [CoreEvents.js:238] fire("PARSE_START",[object XPCWrappedNative_NoHelper])
  ->  [aptEventHandler.js:306] observe([object XPCWrappedNative_NoHelper],"jaxerEvent.HTMLParseStart",null)
paths:
  -> file:///E:/Aptana%20Jaxer%20Apache/Jaxer/Apache2-4Build/jaxer/framework/src/ModuleLogger.js
  -> file:///E:/Aptana%20Jaxer%20Apache/Jaxer/Apache2-4Build/jaxer/framework/src/DB_SQLite.js
  -> file:///E:/Aptana%20Jaxer%20Apache/Jaxer/Apache2-4Build/jaxer/framework/src/DB.js
  -> file:///E:/Aptana%20Jaxer%20Apache/Jaxer/Apache2-4Build/jaxer/framework/src/ParseStart.js
  -> file:///E:/Aptana%20Jaxer%20Apache/Jaxer/Apache2-4Build/jaxer/framework/src/CoreEvents.js
  -> file:///E:/Aptana%20Jaxer%20Apache/Jaxer/Apache2-4Build/jaxer/components/aptEventHandler.js

01:10:41 12/24/2025 [ 15324] [TRACE] [JS Framework] [DB.SQLite.close] Closing the connection
stack:
  ->  [ModuleLogger.js:98] trace("Closing the connection")
  ->  [DB_SQLite.js:739] close()
  ->  [DB_SQLite.js:110] createDB([object Object])
  ->  [DB.js:137] initDefault("logging",[object Object])
  ->  [DB.js:174] setDefault("logging",[object Object])
  ->  [ParseStart.js:123] onParseStart([object XPCWrappedNative_NoHelper])
  ->  [CoreEvents.js:293] fireEvent("PARSE_START",[object Array])
  ->  [CoreEvents.js:238] fire("PARSE_START",[object XPCWrappedNative_NoHelper])
  ->  [aptEventHandler.js:306] observe([object XPCWrappedNative_NoHelper],"jaxerEvent.HTMLParseStart",null)
paths:
  -> file:///E:/Aptana%20Jaxer%20Apache/Jaxer/Apache2-4Build/jaxer/framework/src/ModuleLogger.js
  -> file:///E:/Aptana%20Jaxer%20Apache/Jaxer/Apache2-4Build/jaxer/framework/src/DB_SQLite.js
  -> file:///E:/Aptana%20Jaxer%20Apache/Jaxer/Apache2-4Build/jaxer/framework/src/DB.js
  -> file:///E:/Aptana%20Jaxer%20Apache/Jaxer/Apache2-4Build/jaxer/framework/src/ParseStart.js
  -> file:///E:/Aptana%20Jaxer%20Apache/Jaxer/Apache2-4Build/jaxer/framework/src/CoreEvents.js
  -> file:///E:/Aptana%20Jaxer%20Apache/Jaxer/Apache2-4Build/jaxer/components/aptEventHandler.js

01:10:41 12/24/2025 [ 15324] [TRACE] [JS Framework] [DB.SQLite.validateConnectionParameters] Connection parameters OK :({IMPLEMENTATION:"SQLite", PATH:"resource:///../local_jaxer/data/samples/logging/logging.sqlite", CLOSE_AFTER_EXECUTE:false, CLOSE_AFTER_REQUEST:true, MAX_NUM_TRIES:100, MILLIS_BETWEEN_TRIES:37})
stack:
  ->  [ModuleLogger.js:98] trace("Connection parameters OK :({IMPLEMENTATION:\"SQLite\", PATH:\"resource:///../local_jaxer/data/samples/logging/logging.sqlite\", CLOSE_AFTER_EXECUTE:false, CLOSE_AFTER_REQUEST:true, MAX_NUM_TRIES:100, MILLIS_BETWEEN_TRIES:37})")
  ->  [DB_SQLite.js:83] validateConnectionParameters([object Object])
  ->  [DB_SQLite.js:148] Connection([object Object])
  ->  [DB_SQLite.js:111] createDB([object Object])
  ->  [DB.js:137] initDefault("logging",[object Object])
  ->  [DB.js:174] setDefault("logging",[object Object])
  ->  [ParseStart.js:123] onParseStart([object XPCWrappedNative_NoHelper])
  ->  [CoreEvents.js:293] fireEvent("PARSE_START",[object Array])
  ->  [CoreEvents.js:238] fire("PARSE_START",[object XPCWrappedNative_NoHelper])
  ->  [aptEventHandler.js:306] observe([object XPCWrappedNative_NoHelper],"jaxerEvent.HTMLParseStart",null)
paths:
  -> file:///E:/Aptana%20Jaxer%20Apache/Jaxer/Apache2-4Build/jaxer/framework/src/ModuleLogger.js
  -> file:///E:/Aptana%20Jaxer%20Apache/Jaxer/Apache2-4Build/jaxer/framework/src/DB_SQLite.js
  -> file:///E:/Aptana%20Jaxer%20Apache/Jaxer/Apache2-4Build/jaxer/framework/src/DB.js
  -> file:///E:/Aptana%20Jaxer%20Apache/Jaxer/Apache2-4Build/jaxer/framework/src/ParseStart.js
  -> file:///E:/Aptana%20Jaxer%20Apache/Jaxer/Apache2-4Build/jaxer/framework/src/CoreEvents.js
  -> file:///E:/Aptana%20Jaxer%20Apache/Jaxer/Apache2-4Build/jaxer/components/aptEventHandler.js

01:10:41 12/24/2025 [ 15324] [TRACE] [JS Framework] [DB.SQLite.validateConnectionParameters] Connection parameters OK :({IMPLEMENTATION:"SQLite", PATH:"resource:///../local_jaxer/data/samples/logging/logging.sqlite", CLOSE_AFTER_EXECUTE:false, CLOSE_AFTER_REQUEST:true, MAX_NUM_TRIES:100, MILLIS_BETWEEN_TRIES:37})
stack:
  ->  [ModuleLogger.js:98] trace("Connection parameters OK :({IMPLEMENTATION:\"SQLite\", PATH:\"resource:///../local_jaxer/data/samples/logging/logging.sqlite\", CLOSE_AFTER_EXECUTE:false, CLOSE_AFTER_REQUEST:true, MAX_NUM_TRIES:100, MILLIS_BETWEEN_TRIES:37})")
  ->  [DB_SQLite.js:83] validateConnectionParameters([object Object])
  ->  [DB_SQLite.js:148] Connection([object Object])
  ->  [DB.js:139] initDefault("logging",[object Object])
  ->  [DB.js:174] setDefault("logging",[object Object])
  ->  [ParseStart.js:123] onParseStart([object XPCWrappedNative_NoHelper])
  ->  [CoreEvents.js:293] fireEvent("PARSE_START",[object Array])
  ->  [CoreEvents.js:238] fire("PARSE_START",[object XPCWrappedNative_NoHelper])
  ->  [aptEventHandler.js:306] observe([object XPCWrappedNative_NoHelper],"jaxerEvent.HTMLParseStart",null)
paths:
  -> file:///E:/Aptana%20Jaxer%20Apache/Jaxer/Apache2-4Build/jaxer/framework/src/ModuleLogger.js
  -> file:///E:/Aptana%20Jaxer%20Apache/Jaxer/Apache2-4Build/jaxer/framework/src/DB_SQLite.js
  -> file:///E:/Aptana%20Jaxer%20Apache/Jaxer/Apache2-4Build/jaxer/framework/src/DB.js
  -> file:///E:/Aptana%20Jaxer%20Apache/Jaxer/Apache2-4Build/jaxer/framework/src/ParseStart.js
  -> file:///E:/Aptana%20Jaxer%20Apache/Jaxer/Apache2-4Build/jaxer/framework/src/CoreEvents.js
  -> file:///E:/Aptana%20Jaxer%20Apache/Jaxer/Apache2-4Build/jaxer/components/aptEventHandler.js

01:10:41 12/24/2025 [ 15324] [TRACE] [JS Framework] [CoreEvents.fire] At this time, evt.Request.isHandler=true and eventType: NEW_ELEMENT - HTML
stack:
  ->  [ModuleLogger.js:98] trace("At this time, evt.Request.isHandler=true and eventType: NEW_ELEMENT - HTML")
  ->  [CoreEvents.js:205] fire("NEW_ELEMENT",[object XPCWrappedNative_NoHelper],[object HTMLDocument],[object HTMLHtmlElement])
  ->  [aptEventHandler.js:157] observe([object XPCWrappedNative_NoHelper],"jaxerEvent.NewHTMLElement",null)
paths:
  -> file:///E:/Aptana%20Jaxer%20Apache/Jaxer/Apache2-4Build/jaxer/framework/src/ModuleLogger.js
  -> file:///E:/Aptana%20Jaxer%20Apache/Jaxer/Apache2-4Build/jaxer/framework/src/CoreEvents.js
  -> file:///E:/Aptana%20Jaxer%20Apache/Jaxer/Apache2-4Build/jaxer/components/aptEventHandler.js

01:10:41 12/24/2025 [ 15324] [TRACE] [JS Framework] [CoreEvents.fireEvent] Firing an event for NEW_ELEMENT
stack:
  ->  [ModuleLogger.js:98] trace("Firing an event for NEW_ELEMENT")
  ->  [CoreEvents.js:282] fireEvent("NEW_ELEMENT",[object Array])
  ->  [CoreEvents.js:238] fire("NEW_ELEMENT",[object XPCWrappedNative_NoHelper],[object HTMLDocument],[object HTMLHtmlElement])
  ->  [aptEventHandler.js:157] observe([object XPCWrappedNative_NoHelper],"jaxerEvent.NewHTMLElement",null)
paths:
  -> file:///E:/Aptana%20Jaxer%20Apache/Jaxer/Apache2-4Build/jaxer/framework/src/ModuleLogger.js
  -> file:///E:/Aptana%20Jaxer%20Apache/Jaxer/Apache2-4Build/jaxer/framework/src/CoreEvents.js
  -> file:///E:/Aptana%20Jaxer%20Apache/Jaxer/Apache2-4Build/jaxer/components/aptEventHandler.js

01:10:41 12/24/2025 [ 15324] [TRACE] [JS Framework] [CoreEvents.fireEvent] Calling event handler: function onNewElement(evt, doc, elt) {
    switch (elt.tagNa...
stack:
  ->  [ModuleLogger.js:98] trace("Calling event handler: function onNewElement(evt, doc, elt) {\n    switch (elt.tagNa...")
  ->  [CoreEvents.js:292] fireEvent("NEW_ELEMENT",[object Array])
  ->  [CoreEvents.js:238] fire("NEW_ELEMENT",[object XPCWrappedNative_NoHelper],[object HTMLDocument],[object HTMLHtmlElement])
  ->  [aptEventHandler.js:157] observe([object XPCWrappedNative_NoHelper],"jaxerEvent.NewHTMLElement",null)
paths:
  -> file:///E:/Aptana%20Jaxer%20Apache/Jaxer/Apache2-4Build/jaxer/framework/src/ModuleLogger.js
  -> file:///E:/Aptana%20Jaxer%20Apache/Jaxer/Apache2-4Build/jaxer/framework/src/CoreEvents.js
  -> file:///E:/Aptana%20Jaxer%20Apache/Jaxer/Apache2-4Build/jaxer/components/aptEventHandler.js

01:10:41 12/24/2025 [ 15324] [TRACE] [JS Framework] [CoreEvents.fire] At this time, evt.Request.isHandler=true and eventType: NEW_ELEMENT - HEAD
stack:
  ->  [ModuleLogger.js:98] trace("At this time, evt.Request.isHandler=true and eventType: NEW_ELEMENT - HEAD")
  ->  [CoreEvents.js:205] fire("NEW_ELEMENT",[object XPCWrappedNative_NoHelper],[object HTMLDocument],[object HTMLHeadElement])
  ->  [aptEventHandler.js:157] observe([object XPCWrappedNative_NoHelper],"jaxerEvent.NewHTMLElement",null)
paths:
  -> file:///E:/Aptana%20Jaxer%20Apache/Jaxer/Apache2-4Build/jaxer/framework/src/ModuleLogger.js
  -> file:///E:/Aptana%20Jaxer%20Apache/Jaxer/Apache2-4Build/jaxer/framework/src/CoreEvents.js
  -> file:///E:/Aptana%20Jaxer%20Apache/Jaxer/Apache2-4Build/jaxer/components/aptEventHandler.js

01:10:41 12/24/2025 [ 15324] [TRACE] [JS Framework] [CoreEvents.fireEvent] Firing an event for NEW_ELEMENT
stack:
  ->  [ModuleLogger.js:98] trace("Firing an event for NEW_ELEMENT")
  ->  [CoreEvents.js:282] fireEvent("NEW_ELEMENT",[object Array])
  ->  [CoreEvents.js:238] fire("NEW_ELEMENT",[object XPCWrappedNative_NoHelper],[object HTMLDocument],[object HTMLHeadElement])
  ->  [aptEventHandler.js:157] observe([object XPCWrappedNative_NoHelper],"jaxerEvent.NewHTMLElement",null)
paths:
  -> file:///E:/Aptana%20Jaxer%20Apache/Jaxer/Apache2-4Build/jaxer/framework/src/ModuleLogger.js
  -> file:///E:/Aptana%20Jaxer%20Apache/Jaxer/Apache2-4Build/jaxer/framework/src/CoreEvents.js
  -> file:///E:/Aptana%20Jaxer%20Apache/Jaxer/Apache2-4Build/jaxer/components/aptEventHandler.js

01:10:41 12/24/2025 [ 15324] [TRACE] [JS Framework] [CoreEvents.fireEvent] Calling event handler: function onNewElement(evt, doc, elt) {
    switch (elt.tagNa...
stack:
  ->  [ModuleLogger.js:98] trace("Calling event handler: function onNewElement(evt, doc, elt) {\n    switch (elt.tagNa...")
  ->  [CoreEvents.js:292] fireEvent("NEW_ELEMENT",[object Array])
  ->  [CoreEvents.js:238] fire("NEW_ELEMENT",[object XPCWrappedNative_NoHelper],[object HTMLDocument],[object HTMLHeadElement])
  ->  [aptEventHandler.js:157] observe([object XPCWrappedNative_NoHelper],"jaxerEvent.NewHTMLElement",null)
paths:
  -> file:///E:/Aptana%20Jaxer%20Apache/Jaxer/Apache2-4Build/jaxer/framework/src/ModuleLogger.js
  -> file:///E:/Aptana%20Jaxer%20Apache/Jaxer/Apache2-4Build/jaxer/framework/src/CoreEvents.js
  -> file:///E:/Aptana%20Jaxer%20Apache/Jaxer/Apache2-4Build/jaxer/components/aptEventHandler.js

01:10:41 12/24/2025 [ 15324] [TRACE] [JS Framework] [CoreEvents.fire] At this time, evt.Request.isHandler=true and eventType: INIT_HEAD
stack:
  ->  [ModuleLogger.js:98] trace("At this time, evt.Request.isHandler=true and eventType: INIT_HEAD")
  ->  [CoreEvents.js:205] fire("INIT_HEAD",[object XPCWrappedNative_NoHelper],[object HTMLDocument])
  ->  [aptEventHandler.js:139] observe([object XPCWrappedNative_NoHelper],"jaxerEvent.NewHTMLElement",null)
paths:
  -> file:///E:/Aptana%20Jaxer%20Apache/Jaxer/Apache2-4Build/jaxer/framework/src/ModuleLogger.js
  -> file:///E:/Aptana%20Jaxer%20Apache/Jaxer/Apache2-4Build/jaxer/framework/src/CoreEvents.js
  -> file:///E:/Aptana%20Jaxer%20Apache/Jaxer/Apache2-4Build/jaxer/components/aptEventHandler.js

01:10:41 12/24/2025 [ 15324] [TRACE] [JS Framework] [CoreEvents.fireEvent] Firing an event for INIT_HEAD
stack:
  ->  [ModuleLogger.js:98] trace("Firing an event for INIT_HEAD")
  ->  [CoreEvents.js:282] fireEvent("INIT_HEAD",[object Array])
  ->  [CoreEvents.js:238] fire("INIT_HEAD",[object XPCWrappedNative_NoHelper],[object HTMLDocument])
  ->  [aptEventHandler.js:139] observe([object XPCWrappedNative_NoHelper],"jaxerEvent.NewHTMLElement",null)
paths:
  -> file:///E:/Aptana%20Jaxer%20Apache/Jaxer/Apache2-4Build/jaxer/framework/src/ModuleLogger.js
  -> file:///E:/Aptana%20Jaxer%20Apache/Jaxer/Apache2-4Build/jaxer/framework/src/CoreEvents.js
  -> file:///E:/Aptana%20Jaxer%20Apache/Jaxer/Apache2-4Build/jaxer/components/aptEventHandler.js

01:10:41 12/24/2025 [ 15324] [TRACE] [JS Framework] [CoreEvents.fireEvent] Calling event handler: function onInitHead(evt, doc) {
    Jaxer.load = function lo...
stack:
  ->  [ModuleLogger.js:98] trace("Calling event handler: function onInitHead(evt, doc) {\n    Jaxer.load = function lo...")
  ->  [CoreEvents.js:292] fireEvent("INIT_HEAD",[object Array])
  ->  [CoreEvents.js:238] fire("INIT_HEAD",[object XPCWrappedNative_NoHelper],[object HTMLDocument])
  ->  [aptEventHandler.js:139] observe([object XPCWrappedNative_NoHelper],"jaxerEvent.NewHTMLElement",null)
paths:
  -> file:///E:/Aptana%20Jaxer%20Apache/Jaxer/Apache2-4Build/jaxer/framework/src/ModuleLogger.js
  -> file:///E:/Aptana%20Jaxer%20Apache/Jaxer/Apache2-4Build/jaxer/framework/src/CoreEvents.js
  -> file:///E:/Aptana%20Jaxer%20Apache/Jaxer/Apache2-4Build/jaxer/components/aptEventHandler.js

01:10:41 12/24/2025 [ 15324] [TRACE] [JS Framework] [Includer.evalOn] Evaluating using Jaxer.request.evaluateScript: contents = (function ... with global = [object ChromeWindow] and effectiveUrl = undefined
stack:
  ->  [ModuleLogger.js:98] trace("Evaluating using Jaxer.request.evaluateScript: contents = (function ... with global = [object ChromeWindow] and effectiveUrl = undefined")
  ->  [Includer.js:131] evalOn("(function extendDomSetters(global) {if (global.HTMLInputElement) {var inputValueSetter = global.HTMLInputElement.prototype.__lookupSetter__(\"value\");global.HTMLInputElement.prototype.__defineSetter__(\"value\", function (val) {inputValueSetter.call(this, val);this.setAttribute(\"value\", val);});var inputCheckedSetter = global.HTMLInputElement.prototype.__lookupSetter__(\"checked\");global.HTMLInputElement.prototype.__defineSetter__(\"checked\", function (val) {inputCheckedSetter.call(this, val);if (val) {this.setAttribute(\"checked\", null);} else {this.removeAttribute(\"checked\");}});}if (global.HTMLTextAreaElement) {var textAreaValueSetter = global.HTMLTextAreaElement.prototype.__lookupSetter__(\"value\");global.HTMLTextAreaElement.prototype.__defineSetter__(\"value\", function (val) {textAreaValueSetter.call(this, val);this.textContent = val;});}if (global.HTMLSelectElement) {var selectSelectedIndexSetter = global.HTMLSelectElement.prototype.__lookupSetter__(\"selectedIndex\");global.HTMLSelectElement.prototype.__defineSetter__(\"selectedIndex\", function (index) {selectSelectedIndexSetter.call(this, index);var option = this.options[index];if (option) {for (var i = 0, len = this.options.length; i < len; i++) {if (i == index) {this.options[i].setAttribute(\"selected\", null);} else {this.options[i].removeAttribute(\"selected\");}}}});}if (global.HTMLOptionElement) {var optionSelectedSetter = global.HTMLOptionElement.prototype.__lookupSetter__(\"selected\");global.HTMLOptionElement.prototype.__defineSetter__(\"selected\", function (val) {optionSelectedSetter.call(this, val);if (val) {this.setAttribute(\"selected\", null);} else {this.removeAttribute(\"selected\");}});}})(document.defaultView)",[object ChromeWindow])
  ->  [Overrides.js:370] applyAll([object ChromeWindow])
  ->  [InitHead.js:78] onInitHead([object XPCWrappedNative_NoHelper],[object HTMLDocument])
  ->  [CoreEvents.js:293] fireEvent("INIT_HEAD",[object Array])
  ->  [CoreEvents.js:238] fire("INIT_HEAD",[object XPCWrappedNative_NoHelper],[object HTMLDocument])
  ->  [aptEventHandler.js:139] observe([object XPCWrappedNative_NoHelper],"jaxerEvent.NewHTMLElement",null)
paths:
  -> file:///E:/Aptana%20Jaxer%20Apache/Jaxer/Apache2-4Build/jaxer/framework/src/ModuleLogger.js
  -> file:///E:/Aptana%20Jaxer%20Apache/Jaxer/Apache2-4Build/jaxer/framework/src/Includer.js
  -> file:///E:/Aptana%20Jaxer%20Apache/Jaxer/Apache2-4Build/jaxer/framework/src/Overrides.js
  -> file:///E:/Aptana%20Jaxer%20Apache/Jaxer/Apache2-4Build/jaxer/framework/src/InitHead.js
  -> file:///E:/Aptana%20Jaxer%20Apache/Jaxer/Apache2-4Build/jaxer/framework/src/CoreEvents.js
  -> file:///E:/Aptana%20Jaxer%20Apache/Jaxer/Apache2-4Build/jaxer/components/aptEventHandler.js

01:10:41 12/24/2025 [ 15324] [TRACE] [JS Framework] [CoreEvents.fire] At this time, evt.Request.isHandler=true and eventType: NEW_ELEMENT - TITLE
stack:
  ->  [ModuleLogger.js:98] trace("At this time, evt.Request.isHandler=true and eventType: NEW_ELEMENT - TITLE")
  ->  [CoreEvents.js:205] fire("NEW_ELEMENT",[object XPCWrappedNative_NoHelper],[object HTMLDocument],[object HTMLTitleElement])
  ->  [aptEventHandler.js:157] observe([object XPCWrappedNative_NoHelper],"jaxerEvent.NewHTMLElement",null)
paths:
  -> file:///E:/Aptana%20Jaxer%20Apache/Jaxer/Apache2-4Build/jaxer/framework/src/ModuleLogger.js
  -> file:///E:/Aptana%20Jaxer%20Apache/Jaxer/Apache2-4Build/jaxer/framework/src/CoreEvents.js
  -> file:///E:/Aptana%20Jaxer%20Apache/Jaxer/Apache2-4Build/jaxer/components/aptEventHandler.js

01:10:41 12/24/2025 [ 15324] [TRACE] [JS Framework] [CoreEvents.fireEvent] Firing an event for NEW_ELEMENT
stack:
  ->  [ModuleLogger.js:98] trace("Firing an event for NEW_ELEMENT")
  ->  [CoreEvents.js:282] fireEvent("NEW_ELEMENT",[object Array])
  ->  [CoreEvents.js:238] fire("NEW_ELEMENT",[object XPCWrappedNative_NoHelper],[object HTMLDocument],[object HTMLTitleElement])
  ->  [aptEventHandler.js:157] observe([object XPCWrappedNative_NoHelper],"jaxerEvent.NewHTMLElement",null)
paths:
  -> file:///E:/Aptana%20Jaxer%20Apache/Jaxer/Apache2-4Build/jaxer/framework/src/ModuleLogger.js
  -> file:///E:/Aptana%20Jaxer%20Apache/Jaxer/Apache2-4Build/jaxer/framework/src/CoreEvents.js
  -> file:///E:/Aptana%20Jaxer%20Apache/Jaxer/Apache2-4Build/jaxer/components/aptEventHandler.js

01:10:41 12/24/2025 [ 15324] [TRACE] [JS Framework] [CoreEvents.fireEvent] Calling event handler: function onNewElement(evt, doc, elt) {
    switch (elt.tagNa...
stack:
  ->  [ModuleLogger.js:98] trace("Calling event handler: function onNewElement(evt, doc, elt) {\n    switch (elt.tagNa...")
  ->  [CoreEvents.js:292] fireEvent("NEW_ELEMENT",[object Array])
  ->  [CoreEvents.js:238] fire("NEW_ELEMENT",[object XPCWrappedNative_NoHelper],[object HTMLDocument],[object HTMLTitleElement])
  ->  [aptEventHandler.js:157] observe([object XPCWrappedNative_NoHelper],"jaxerEvent.NewHTMLElement",null)
paths:
  -> file:///E:/Aptana%20Jaxer%20Apache/Jaxer/Apache2-4Build/jaxer/framework/src/ModuleLogger.js
  -> file:///E:/Aptana%20Jaxer%20Apache/Jaxer/Apache2-4Build/jaxer/framework/src/CoreEvents.js
  -> file:///E:/Aptana%20Jaxer%20Apache/Jaxer/Apache2-4Build/jaxer/components/aptEventHandler.js

01:10:41 12/24/2025 [ 15324] [TRACE] [JS Framework] [CoreEvents.fire] At this time, evt.Request.isHandler=true and eventType: PARSE_COMPLETE
stack:
  ->  [ModuleLogger.js:98] trace("At this time, evt.Request.isHandler=true and eventType: PARSE_COMPLETE")
  ->  [CoreEvents.js:205] fire("PARSE_COMPLETE",[object XPCWrappedNative_NoHelper],[object HTMLDocument])
  ->  [aptEventHandler.js:337] observe([object XPCWrappedNative_NoHelper],"jaxerEvent.HTMLParseComplete",null)
paths:
  -> file:///E:/Aptana%20Jaxer%20Apache/Jaxer/Apache2-4Build/jaxer/framework/src/ModuleLogger.js
  -> file:///E:/Aptana%20Jaxer%20Apache/Jaxer/Apache2-4Build/jaxer/framework/src/CoreEvents.js
  -> file:///E:/Aptana%20Jaxer%20Apache/Jaxer/Apache2-4Build/jaxer/components/aptEventHandler.js

01:10:41 12/24/2025 [ 15324] [TRACE] [JS Framework] [CoreEvents.fireEvent] Firing an event for HANDLE_CALLBACK
stack:
  ->  [ModuleLogger.js:98] trace("Firing an event for HANDLE_CALLBACK")
  ->  [CoreEvents.js:282] fireEvent("HANDLE_CALLBACK",[object Array])
  ->  [CoreEvents.js:220] fire("PARSE_COMPLETE",[object XPCWrappedNative_NoHelper],[object HTMLDocument])
  ->  [aptEventHandler.js:337] observe([object XPCWrappedNative_NoHelper],"jaxerEvent.HTMLParseComplete",null)
paths:
  -> file:///E:/Aptana%20Jaxer%20Apache/Jaxer/Apache2-4Build/jaxer/framework/src/ModuleLogger.js
  -> file:///E:/Aptana%20Jaxer%20Apache/Jaxer/Apache2-4Build/jaxer/framework/src/CoreEvents.js
  -> file:///E:/Aptana%20Jaxer%20Apache/Jaxer/Apache2-4Build/jaxer/components/aptEventHandler.js

01:10:41 12/24/2025 [ 15324] [TRACE] [JS Framework] [CoreEvents.fireEvent] Calling event handler: function onHandleCallback(evt, doc) {
    log.trace("=== Cal...
stack:
  ->  [ModuleLogger.js:98] trace("Calling event handler: function onHandleCallback(evt, doc) {\n    log.trace(\"=== Cal...")
  ->  [CoreEvents.js:292] fireEvent("HANDLE_CALLBACK",[object Array])
  ->  [CoreEvents.js:220] fire("PARSE_COMPLETE",[object XPCWrappedNative_NoHelper],[object HTMLDocument])
  ->  [aptEventHandler.js:337] observe([object XPCWrappedNative_NoHelper],"jaxerEvent.HTMLParseComplete",null)
paths:
  -> file:///E:/Aptana%20Jaxer%20Apache/Jaxer/Apache2-4Build/jaxer/framework/src/ModuleLogger.js
  -> file:///E:/Aptana%20Jaxer%20Apache/Jaxer/Apache2-4Build/jaxer/framework/src/CoreEvents.js
  -> file:///E:/Aptana%20Jaxer%20Apache/Jaxer/Apache2-4Build/jaxer/components/aptEventHandler.js

01:10:41 12/24/2025 [ 15324] [TRACE] [JS Framework] [HandleCallback.onHandleCallback] === Callback processing initializing
stack:
  ->  [ModuleLogger.js:98] trace("=== Callback processing initializing")
  ->  [HandleCallback.js:60] onHandleCallback([object XPCWrappedNative_NoHelper],[object HTMLDocument])
  ->  [CoreEvents.js:293] fireEvent("HANDLE_CALLBACK",[object Array])
  ->  [CoreEvents.js:220] fire("PARSE_COMPLETE",[object XPCWrappedNative_NoHelper],[object HTMLDocument])
  ->  [aptEventHandler.js:337] observe([object XPCWrappedNative_NoHelper],"jaxerEvent.HTMLParseComplete",null)
paths:
  -> file:///E:/Aptana%20Jaxer%20Apache/Jaxer/Apache2-4Build/jaxer/framework/src/ModuleLogger.js
  -> file:///E:/Aptana%20Jaxer%20Apache/Jaxer/Apache2-4Build/jaxer/framework/src/HandleCallback.js
  -> file:///E:/Aptana%20Jaxer%20Apache/Jaxer/Apache2-4Build/jaxer/framework/src/CoreEvents.js
  -> file:///E:/Aptana%20Jaxer%20Apache/Jaxer/Apache2-4Build/jaxer/components/aptEventHandler.js

01:10:41 12/24/2025 [ 15324] [TRACE] [JS Framework] [Response.setNoCacheHeaders] Setting no-cache headers
stack:
  ->  [ModuleLogger.js:98] trace("Setting no-cache headers")
  ->  [Response.js:772] setNoCacheHeaders()
  ->  [HandleCallback.js:63] onHandleCallback([object XPCWrappedNative_NoHelper],[object HTMLDocument])
  ->  [CoreEvents.js:293] fireEvent("HANDLE_CALLBACK",[object Array])
  ->  [CoreEvents.js:220] fire("PARSE_COMPLETE",[object XPCWrappedNative_NoHelper],[object HTMLDocument])
  ->  [aptEventHandler.js:337] observe([object XPCWrappedNative_NoHelper],"jaxerEvent.HTMLParseComplete",null)
paths:
  -> file:///E:/Aptana%20Jaxer%20Apache/Jaxer/Apache2-4Build/jaxer/framework/src/ModuleLogger.js
  -> file:///E:/Aptana%20Jaxer%20Apache/Jaxer/Apache2-4Build/jaxer/framework/src/Response.js
  -> file:///E:/Aptana%20Jaxer%20Apache/Jaxer/Apache2-4Build/jaxer/framework/src/HandleCallback.js
  -> file:///E:/Aptana%20Jaxer%20Apache/Jaxer/Apache2-4Build/jaxer/framework/src/CoreEvents.js
  -> file:///E:/Aptana%20Jaxer%20Apache/Jaxer/Apache2-4Build/jaxer/components/aptEventHandler.js

01:10:41 12/24/2025 [ 15324] [TRACE] [JS Framework] [HandleCallback.onHandleCallback] Main callback processing starting
stack:
  ->  [ModuleLogger.js:98] trace("Main callback processing starting")
  ->  [HandleCallback.js:72] onHandleCallback([object XPCWrappedNative_NoHelper],[object HTMLDocument])
  ->  [CoreEvents.js:293] fireEvent("HANDLE_CALLBACK",[object Array])
  ->  [CoreEvents.js:220] fire("PARSE_COMPLETE",[object XPCWrappedNative_NoHelper],[object HTMLDocument])
  ->  [aptEventHandler.js:337] observe([object XPCWrappedNative_NoHelper],"jaxerEvent.HTMLParseComplete",null)
paths:
  -> file:///E:/Aptana%20Jaxer%20Apache/Jaxer/Apache2-4Build/jaxer/framework/src/ModuleLogger.js
  -> file:///E:/Aptana%20Jaxer%20Apache/Jaxer/Apache2-4Build/jaxer/framework/src/HandleCallback.js
  -> file:///E:/Aptana%20Jaxer%20Apache/Jaxer/Apache2-4Build/jaxer/framework/src/CoreEvents.js
  -> file:///E:/Aptana%20Jaxer%20Apache/Jaxer/Apache2-4Build/jaxer/components/aptEventHandler.js

01:10:41 12/24/2025 [ 15324] [TRACE] [JS Framework] [HandleCallback.onHandleCallback] Received Jaxer.request: ({constructorErrors:[], _request:{}, method:"POST", isHandler:true, uri:"/jaxer-callback", protocol:"HTTP/1.1", remoteUser:"", remoteHost:"desktop-lpv0ncp", remoteAddr:"::1", pageFile:"", documentRoot:"", OS:"WINNT", isJaxerServer:true, isHTTPS:false, queryString:"", logFileNativePath:"", action:"POST", headers:{Host:"localhost:8081", Connection:"keep-alive", 'Content-Length':"292", 'sec-ch-ua-platform':"\"Windows\"", 'X-Requested-With':"XMLHttpRequest", 'User-Agent':"Mozilla/5.0 (Windows NT 10.0; Win64; x64) AppleWebKit/537.36 (KHTML, like Gecko) Chrome/140.0.0.0 Safari/537.36 OPR/124.0.0.0", 'sec-ch-ua':"\"Chromium\";v=\"140\", \"Not=A?Brand\";v=\"24\", \"Opera\";v=\"124\"", 'Content-Type':"application/x-www-form-urlencoded", 'sec-ch-ua-mobile':"?0", Accept:"*/*", Origin:"http://localhost:8081", 'Sec-Fetch-Site':"same-origin", 'Sec-Fetch-Mode':"cors", 'Sec-Fetch-Dest':"empty", Referer:"http://localhost:8081/aptana/samples/logging/index.html", 'Accept-Encoding':"gzip, deflate, br, zstd", 'Accept-Language':"en-US,en;q=0.9", Cookie:"JaxerSessionId%24%24localhost%3A8081=176589175647709027719934159097; JaxerSessionId%24%24diagnostics=1766389857171006019406608883027; JaxerSessionId%24%24chat=176650225815408013378880202926; JaxerSessionId%24%24smtp-email=1766502615487048247814800171795; JaxerSessionId%24%24rss-sample=1766502620172023884340692192807; JaxerSessionId%24%24tasks=176650262827103192941976629359; JaxerSessionId%24%24wikilite=1766502633159009874746526267386; JaxerSessionId%24%24logging=176650264152708165463317747484"}, env:{CALLBACK_URI:"/aptanaRPC", HTTP_HOST:"localhost:8081", HTTP_CONNECTION:"keep-alive", CONTENT_LENGTH:"292", HTTP_SEC_CH_UA_PLATFORM:"\"Windows\"", HTTP_X_REQUESTED_WITH:"XMLHttpRequest", HTTP_USER_AGENT:"Mozilla/5.0 (Windows NT 10.0; Win64; x64) AppleWebKit/537.36 (KHTML, like Gecko) Chrome/140.0.0.0 Safari/537.36 OPR/124.0.0.0", HTTP_SEC_CH_UA:"\"Chromium\";v=\"140\", \"Not=A?Brand\";v=\"24\", \"Opera\";v=\"124\"", HTTP_SEC_CH_UA_MOBILE:"?0", HTTP_ACCEPT:"*/*", HTTP_ORIGIN:"http://localhost:8081", HTTP_SEC_FETCH_SITE:"same-origin", HTTP_SEC_FETCH_MODE:"cors", HTTP_SEC_FETCH_DEST:"empty", HTTP_REFERER:"http://localhost:8081/aptana/samples/logging/index.html", HTTP_ACCEPT_ENCODING:"gzip, deflate, br, zstd", HTTP_ACCEPT_LANGUAGE:"en-US,en;q=0.9", HTTP_COOKIE:"JaxerSessionId%24%24localhost%3A8081=176589175647709027719934159097; JaxerSessionId%24%24diagnostics=1766389857171006019406608883027; JaxerSessionId%24%24chat=176650225815408013378880202926; JaxerSessionId%24%24smtp-email=1766502615487048247814800171795; JaxerSessionId%24%24rss-sample=1766502620172023884340692192807; JaxerSessionId%24%24tasks=176650262827103192941976629359; JaxerSessionId%24%24wikilite=1766502633159009874746526267386; JaxerSessionId%24%24logging=176650264152708165463317747484", PATH:"C:\\ProgramData\\Oracle\\Java\\javapath;C:\\Windows\\system32;C:\\Windows;C:\\Windows\\System32\\Wbem;C:\\Windows\\System32\\WindowsPowerShell\\v1.0\\;C:\\Windows\\System32\\OpenSSH\\;C:\\Users\\USER\\AppData\\Local\\nvm;C:\\nvm4w\\nodejs;C:\\Program Files\\nodejs\\;C:\\php-8.4.6;C:\\ProgramData\\ComposerSetup\\bin;C:\\Program Files (x86)\\Microsoft SQL Server\\90\\Tools\\binn\\;C:\\Program Files (x86)\\Microsoft Visual Studio 9.0\\VC;C:\\Users\\USER\\AppData\\Local\\Microsoft\\WindowsApps;C:\\Users\\USER\\AppData\\Local\\Programs\\Microsoft VS Code\\bin;C:\\Users\\USER\\AppData\\Local\\nvm;C:\\nvm4w\\nodejs;C:\\Users\\USER\\AppData\\Local\\nvm;C:\\Users\\USER\\AppData\\Roaming\\npm;C:\\Program Files\\nodejs;C:\\Program Files (x86)\\Java\\jre7\\bin;C:\\Users\\USER\\AppData\\Roaming\\Composer\\vendor\\bin;E:\\Downloaded Programs\\Java\\jdk-24\\bin;", SystemRoot:"C:\\Windows", COMSPEC:"C:\\Windows\\system32\\cmd.exe", PATHEXT:".COM;.EXE;.BAT;.CMD;.VBS;.VBE;.JS;.JSE;.WSF;.WSH;.MSC", WINDIR:"C:\\Windows", SERVER_SIGNATURE:"", SERVER_SOFTWARE:"Apache/2.4.66 (Win32) ModJaxer/1.0.3.4547", SERVER_NAME:"localhost", SERVER_ADDR:"::1", SERVER_PORT:"8081", REQUEST_SCHEME:"http", CONTEXT_PREFIX:"", CONTEXT_DOCUMENT_ROOT:"E:/Aptana Jaxer Apache/Jaxer/Apache2-4Build/public", SERVER_ADMIN:"you@example.com", SCRIPT_NAME:"/jaxer-callback", JAXER_REQ_TYPE:"1"}, current:{url:"http://localhost:8081/jaxer-callback", scheme:"http", protocol:"http", authority:"localhost:8081", path:"/jaxer-callback", query:"", fragment:"", userInfo:"", host:"localhost", port:"8081", hostAndPort:"localhost:8081", base:"http://localhost:8081", subdomain:"", domain:"localhost", pathParts:["jaxer-callback"], leaf:"jaxer-callback", queryParts:{}}, currentFolder:"E:/Aptana Jaxer Apache/Jaxer/Apache2-4Build/public", get bodyAsString () {if (_bodyAsString == undefined) {if (_request.GetRawPostDataLength() > 0) {_bodyAsString = _request.GetRawPostDataAsString();} else {_bodyAsString = "";}}return _bodyAsString;}, get contentType () {return this._request.GetRawPostDataContentType();}, get userAgent () {return this.headers['User-Agent'] || "Unknown";}, get contentLength () {return this._request.GetRawPostDataLength();}, get body () {if (_body == undefined) {_body = null;if (Config.REQUEST_BODY_AS && (typeof Config.REQUEST_BODY_AS == "object")) {var contentType = this.contentType.toLowerCase();var values = Config.REQUEST_BODY_AS;for (var mimeTypePrefix in values) {var value = values[mimeTypePrefix];if (typeof value != "string") {continue;}if (contentType.indexOf(mimeTypePrefix.toLowerCase()) == 0) {var matched;switch (value.toLowerCase()) {case "string":_body = this.bodyAsString;matched = true;break;case "bytearray":_body = this.bodyAsByteArray;matched = true;break;case "stream":_body = this.bodyAsStream;matched = true;break;default:;}if (matched) {break;}}}}}return _body;}, get bodyAsByteArray () {if (_bodyAsByteArray == undefined) {if (_request.GetRawPostDataLength() > 0) {var baval = {};_request.GetRawPostDataAsByteArray({}, baval);_bodyAsByteArray = baval.value;} else {_bodyAsByteArray = [];}}return _bodyAsByteArray;}, get bodyAsStream () {if (_bodyAsString == undefined) {if (_request.GetRawPostDataLength() > 0) {_bodyAsStream = _request.GetRawPostDataAsInputStream();} else {_bodyAsStream = "";}}return _bodyAsStream;}, data:{pageSignature:"-911974268", pageName:"localhost:8081/aptana/samples/logging/index.html", callingPage:"http://localhost:8081/aptana/samples/logging/index.html", methodName:"proxyLog", params:"[\"warn\",\"a proxied 'warn' log statement\"]", uid:"1766502641916_779957"}, files:[], paramIsBody:false, app:{urlTest:(function (parsedUrl) {return parsedUrl.pathParts.length > 2 && parsedUrl.pathParts[0] == "aptana" && parsedUrl.pathParts[1] == "samples";}), name:#4=(function (parsedUrl) {return parsedUrl.pathParts[2];}), appKey:#4#, pageKey:(function (parsedUrl) {return parsedUrl.hostAndPort + parsedUrl.path;}), db:(function (resolvedName, parsedUrl) {switch (Config.DEFAULT_DB.IMPLEMENTATION) {case "SQLite":return Util.extend(Config.DEFAULT_DB, {PATH: Dir.combine(Config.DEFAULT_PATH_BASE, "samples", resolvedName, resolvedName + ".sqlite")});case "MySQL":return Util.extend(Config.DEFAULT_DB, {NAME: resolvedName});default:throw new Exception("Unrecognized database implementation: " + Config.DEFAULT_DB.IMPLEMENTATION);}}), path:(function (resolvedName, parsedUrl) {return Dir.combine(Config.DEFAULT_PATH_BASE, "samples", resolvedName);}), handler:(void 0), get NAME () {return _NAME;}, get APP_KEY () {return _APP_KEY;}, get PAGE_KEY () {return _PAGE_KEY;}, get DB () {return _DB;}, get PATH () {return _PATH;}}, appKey:"logging", pageKey:"localhost:8081/aptana/samples/logging/index.html", isCallback:true, referer:#5={url:"http://localhost:8081/aptana/samples/logging/index.html", scheme:"http", protocol:"http", authority:"localhost:8081", path:"/aptana/samples/logging/index.html", query:"", fragment:"", userInfo:"", host:"localhost", port:"8081", hostAndPort:"localhost:8081", base:"http://localhost:8081", subdomain:"", domain:"localhost", pathParts:["aptana", "samples", "logging", "index.html"], leaf:"index.html", queryParts:{}}, parsedUrl:#5#, parsedUrlError:"", evaluateScript:(function evaluateScript(contents, global, effectiveUrl) {if (typeof contents != "string") {try {contents = String(contents);} catch (e) {throw new Exception("Non-string contents passed to Jaxer.Request.evaluateScript()");}}if (effectiveUrl == undefined) {effectiveUrl = "javascript:" + contents.substr(0, 60).replace(/\n/g, "\\n") + (contents.length > 60 ? "..." : "");}return _request.ExecuteJavascript(contents, effectiveUrl, global);}), compileScript:(function compileScript(contents, global, effectiveUrl) {if (typeof contents != "string") {try {contents = String(contents);} catch (e) {throw new Exception("Non-string contents passed to Jaxer.Request.compileScript()");}}if (effectiveUrl == undefined) {effectiveUrl = "javascript:" + contents.substr(0, 60).replace(/\n/g, "\\n") + (contents.length > 60 ? "..." : "");}return _request.CompileScript(contents, effectiveUrl, global);}), evaluateCompiledScript:(function evaluateCompiledScript(compiledContents, global) {if (typeof compiledContents != "string") {try {compiledContents = String(compiledContents);} catch (e) {throw new Exception("Non-string contents passed to Jaxer.Request.evaluateCompiledScript()", log);}}return _request.RunScript(compiledContents, global);})})
stack:
  ->  [ModuleLogger.js:98] trace("Received Jaxer.request: ({constructorErrors:[], _request:{}, method:\"POST\", isHandler:true, uri:\"/jaxer-callback\", protocol:\"HTTP/1.1\", remoteUser:\"\", remoteHost:\"desktop-lpv0ncp\", remoteAddr:\"::1\", pageFile:\"\", documentRoot:\"\", OS:\"WINNT\", isJaxerServer:true, isHTTPS:false, queryString:\"\", logFileNativePath:\"\", action:\"POST\", headers:{Host:\"localhost:8081\", Connection:\"keep-alive\", 'Content-Length':\"292\", 'sec-ch-ua-platform':\"\\\"Windows\\\"\", 'X-Requested-With':\"XMLHttpRequest\", 'User-Agent':\"Mozilla/5.0 (Windows NT 10.0; Win64; x64) AppleWebKit/537.36 (KHTML, like Gecko) Chrome/140.0.0.0 Safari/537.36 OPR/124.0.0.0\", 'sec-ch-ua':\"\\\"Chromium\\\";v=\\\"140\\\", \\\"Not=A?Brand\\\";v=\\\"24\\\", \\\"Opera\\\";v=\\\"124\\\"\", 'Content-Type':\"application/x-www-form-urlencoded\", 'sec-ch-ua-mobile':\"?0\", Accept:\"*/*\", Origin:\"http://localhost:8081\", 'Sec-Fetch-Site':\"same-origin\", 'Sec-Fetch-Mode':\"cors\", 'Sec-Fetch-Dest':\"empty\", Referer:\"http://localhost:8081/aptana/samples/logging/index.html\", 'Accept-Encoding':\"gzip, deflate, br, zstd\", 'Accept-Language':\"en-US,en;q=0.9\", Cookie:\"JaxerSessionId%24%24localhost%3A8081=176589175647709027719934159097; JaxerSessionId%24%24diagnostics=1766389857171006019406608883027; JaxerSessionId%24%24chat=176650225815408013378880202926; JaxerSessionId%24%24smtp-email=1766502615487048247814800171795; JaxerSessionId%24%24rss-sample=1766502620172023884340692192807; JaxerSessionId%24%24tasks=176650262827103192941976629359; JaxerSessionId%24%24wikilite=1766502633159009874746526267386; JaxerSessionId%24%24logging=176650264152708165463317747484\"}, env:{CALLBACK_URI:\"/aptanaRPC\", HTTP_HOST:\"localhost:8081\", HTTP_CONNECTION:\"keep-alive\", CONTENT_LENGTH:\"292\", HTTP_SEC_CH_UA_PLATFORM:\"\\\"Windows\\\"\", HTTP_X_REQUESTED_WITH:\"XMLHttpRequest\", HTTP_USER_AGENT:\"Mozilla/5.0 (Windows NT 10.0; Win64; x64) AppleWebKit/537.36 (KHTML, like Gecko) Chrome/140.0.0.0 Safari/537.36 OPR/124.0.0.0\", HTTP_SEC_CH_UA:\"\\\"Chromium\\\";v=\\\"140\\\", \\\"Not=A?Brand\\\";v=\\\"24\\\", \\\"Opera\\\";v=\\\"124\\\"\", HTTP_SEC_CH_UA_MOBILE:\"?0\", HTTP_ACCEPT:\"*/*\", HTTP_ORIGIN:\"http://localhost:8081\", HTTP_SEC_FETCH_SITE:\"same-origin\", HTTP_SEC_FETCH_MODE:\"cors\", HTTP_SEC_FETCH_DEST:\"empty\", HTTP_REFERER:\"http://localhost:8081/aptana/samples/logging/index.html\", HTTP_ACCEPT_ENCODING:\"gzip, deflate, br, zstd\", HTTP_ACCEPT_LANGUAGE:\"en-US,en;q=0.9\", HTTP_COOKIE:\"JaxerSessionId%24%24localhost%3A8081=176589175647709027719934159097; JaxerSessionId%24%24diagnostics=1766389857171006019406608883027; JaxerSessionId%24%24chat=176650225815408013378880202926; JaxerSessionId%24%24smtp-email=1766502615487048247814800171795; JaxerSessionId%24%24rss-sample=1766502620172023884340692192807; JaxerSessionId%24%24tasks=176650262827103192941976629359; JaxerSessionId%24%24wikilite=1766502633159009874746526267386; JaxerSessionId%24%24logging=176650264152708165463317747484\", PATH:\"C:\\\\ProgramData\\\\Oracle\\\\Java\\\\javapath;C:\\\\Windows\\\\system32;C:\\\\Windows;C:\\\\Windows\\\\System32\\\\Wbem;C:\\\\Windows\\\\System32\\\\WindowsPowerShell\\\\v1.0\\\\;C:\\\\Windows\\\\System32\\\\OpenSSH\\\\;C:\\\\Users\\\\USER\\\\AppData\\\\Local\\\\nvm;C:\\\\nvm4w\\\\nodejs;C:\\\\Program Files\\\\nodejs\\\\;C:\\\\php-8.4.6;C:\\\\ProgramData\\\\ComposerSetup\\\\bin;C:\\\\Program Files (x86)\\\\Microsoft SQL Server\\\\90\\\\Tools\\\\binn\\\\;C:\\\\Program Files (x86)\\\\Microsoft Visual Studio 9.0\\\\VC;C:\\\\Users\\\\USER\\\\AppData\\\\Local\\\\Microsoft\\\\WindowsApps;C:\\\\Users\\\\USER\\\\AppData\\\\Local\\\\Programs\\\\Microsoft VS Code\\\\bin;C:\\\\Users\\\\USER\\\\AppData\\\\Local\\\\nvm;C:\\\\nvm4w\\\\nodejs;C:\\\\Users\\\\USER\\\\AppData\\\\Local\\\\nvm;C:\\\\Users\\\\USER\\\\AppData\\\\Roaming\\\\npm;C:\\\\Program Files\\\\nodejs;C:\\\\Program Files (x86)\\\\Java\\\\jre7\\\\bin;C:\\\\Users\\\\USER\\\\AppData\\\\Roaming\\\\Composer\\\\vendor\\\\bin;E:\\\\Downloaded Programs\\\\Java\\\\jdk-24\\\\bin;\", SystemRoot:\"C:\\\\Windows\", COMSPEC:\"C:\\\\Windows\\\\system32\\\\cmd.exe\", PATHEXT:\".COM;.EXE;.BAT;.CMD;.VBS;.VBE;.JS;.JSE;.WSF;.WSH;.MSC\", WINDIR:\"C:\\\\Windows\", SERVER_SIGNATURE:\"\", SERVER_SOFTWARE:\"Apache/2.4.66 (Win32) ModJaxer/1.0.3.4547\", SERVER_NAME:\"localhost\", SERVER_ADDR:\"::1\", SERVER_PORT:\"8081\", REQUEST_SCHEME:\"http\", CONTEXT_PREFIX:\"\", CONTEXT_DOCUMENT_ROOT:\"E:/Aptana Jaxer Apache/Jaxer/Apache2-4Build/public\", SERVER_ADMIN:\"you@example.com\", SCRIPT_NAME:\"/jaxer-callback\", JAXER_REQ_TYPE:\"1\"}, current:{url:\"http://localhost:8081/jaxer-callback\", scheme:\"http\", protocol:\"http\", authority:\"localhost:8081\", path:\"/jaxer-callback\", query:\"\", fragment:\"\", userInfo:\"\", host:\"localhost\", port:\"8081\", hostAndPort:\"localhost:8081\", base:\"http://localhost:8081\", subdomain:\"\", domain:\"localhost\", pathParts:[\"jaxer-callback\"], leaf:\"jaxer-callback\", queryParts:{}}, currentFolder:\"E:/Aptana Jaxer Apache/Jaxer/Apache2-4Build/public\", get bodyAsString () {if (_bodyAsString == undefined) {if (_request.GetRawPostDataLength() > 0) {_bodyAsString = _request.GetRawPostDataAsString();} else {_bodyAsString = \"\";}}return _bodyAsString;}, get contentType () {return this._request.GetRawPostDataContentType();}, get userAgent () {return this.headers['User-Agent'] || \"Unknown\";}, get contentLength () {return this._request.GetRawPostDataLength();}, get body () {if (_body == undefined) {_body = null;if (Config.REQUEST_BODY_AS && (typeof Config.REQUEST_BODY_AS == \"object\")) {var contentType = this.contentType.toLowerCase();var values = Config.REQUEST_BODY_AS;for (var mimeTypePrefix in values) {var value = values[mimeTypePrefix];if (typeof value != \"string\") {continue;}if (contentType.indexOf(mimeTypePrefix.toLowerCase()) == 0) {var matched;switch (value.toLowerCase()) {case \"string\":_body = this.bodyAsString;matched = true;break;case \"bytearray\":_body = this.bodyAsByteArray;matched = true;break;case \"stream\":_body = this.bodyAsStream;matched = true;break;default:;}if (matched) {break;}}}}}return _body;}, get bodyAsByteArray () {if (_bodyAsByteArray == undefined) {if (_request.GetRawPostDataLength() > 0) {var baval = {};_request.GetRawPostDataAsByteArray({}, baval);_bodyAsByteArray = baval.value;} else {_bodyAsByteArray = [];}}return _bodyAsByteArray;}, get bodyAsStream () {if (_bodyAsString == undefined) {if (_request.GetRawPostDataLength() > 0) {_bodyAsStream = _request.GetRawPostDataAsInputStream();} else {_bodyAsStream = \"\";}}return _bodyAsStream;}, data:{pageSignature:\"-911974268\", pageName:\"localhost:8081/aptana/samples/logging/index.html\", callingPage:\"http://localhost:8081/aptana/samples/logging/index.html\", methodName:\"proxyLog\", params:\"[\\\"warn\\\",\\\"a proxied 'warn' log statement\\\"]\", uid:\"1766502641916_779957\"}, files:[], paramIsBody:false, app:{urlTest:(function (parsedUrl) {return parsedUrl.pathParts.length > 2 && parsedUrl.pathParts[0] == \"aptana\" && parsedUrl.pathParts[1] == \"samples\";}), name:#4=(function (parsedUrl) {return parsedUrl.pathParts[2];}), appKey:#4#, pageKey:(function (parsedUrl) {return parsedUrl.hostAndPort + parsedUrl.path;}), db:(function (resolvedName, parsedUrl) {switch (Config.DEFAULT_DB.IMPLEMENTATION) {case \"SQLite\":return Util.extend(Config.DEFAULT_DB, {PATH: Dir.combine(Config.DEFAULT_PATH_BASE, \"samples\", resolvedName, resolvedName + \".sqlite\")});case \"MySQL\":return Util.extend(Config.DEFAULT_DB, {NAME: resolvedName});default:throw new Exception(\"Unrecognized database implementation: \" + Config.DEFAULT_DB.IMPLEMENTATION);}}), path:(function (resolvedName, parsedUrl) {return Dir.combine(Config.DEFAULT_PATH_BASE, \"samples\", resolvedName);}), handler:(void 0), get NAME () {return _NAME;}, get APP_KEY () {return _APP_KEY;}, get PAGE_KEY () {return _PAGE_KEY;}, get DB () {return _DB;}, get PATH () {return _PATH;}}, appKey:\"logging\", pageKey:\"localhost:8081/aptana/samples/logging/index.html\", isCallback:true, referer:#5={url:\"http://localhost:8081/aptana/samples/logging/index.html\", scheme:\"http\", protocol:\"http\", authority:\"localhost:8081\", path:\"/aptana/samples/logging/index.html\", query:\"\", fragment:\"\", userInfo:\"\", host:\"localhost\", port:\"8081\", hostAndPort:\"localhost:8081\", base:\"http://localhost:8081\", subdomain:\"\", domain:\"localhost\", pathParts:[\"aptana\", \"samples\", \"logging\", \"index.html\"], leaf:\"index.html\", queryParts:{}}, parsedUrl:#5#, parsedUrlError:\"\", evaluateScript:(function evaluateScript(contents, global, effectiveUrl) {if (typeof contents != \"string\") {try {contents = String(contents);} catch (e) {throw new Exception(\"Non-string contents passed to Jaxer.Request.evaluateScript()\");}}if (effectiveUrl == undefined) {effectiveUrl = \"javascript:\" + contents.substr(0, 60).replace(/\\n/g, \"\\\\n\") + (contents.length > 60 ? \"...\" : \"\");}return _request.ExecuteJavascript(contents, effectiveUrl, global);}), compileScript:(function compileScript(contents, global, effectiveUrl) {if (typeof contents != \"string\") {try {contents = String(contents);} catch (e) {throw new Exception(\"Non-string contents passed to Jaxer.Request.compileScript()\");}}if (effectiveUrl == undefined) {effectiveUrl = \"javascript:\" + contents.substr(0, 60).replace(/\\n/g, \"\\\\n\") + (contents.length > 60 ? \"...\" : \"\");}return _request.CompileScript(contents, effectiveUrl, global);}), evaluateCompiledScript:(function evaluateCompiledScript(compiledContents, global) {if (typeof compiledContents != \"string\") {try {compiledContents = String(compiledContents);} catch (e) {throw new Exception(\"Non-string contents passed to Jaxer.Request.evaluateCompiledScript()\", log);}}return _request.RunScript(compiledContents, global);})})")
  ->  [HandleCallback.js:85] onHandleCallback([object XPCWrappedNative_NoHelper],[object HTMLDocument])
  ->  [CoreEvents.js:293] fireEvent("HANDLE_CALLBACK",[object Array])
  ->  [CoreEvents.js:220] fire("PARSE_COMPLETE",[object XPCWrappedNative_NoHelper],[object HTMLDocument])
  ->  [aptEventHandler.js:337] observe([object XPCWrappedNative_NoHelper],"jaxerEvent.HTMLParseComplete",null)
paths:
  -> file:///E:/Aptana%20Jaxer%20Apache/Jaxer/Apache2-4Build/jaxer/framework/src/ModuleLogger.js
  -> file:///E:/Aptana%20Jaxer%20Apache/Jaxer/Apache2-4Build/jaxer/framework/src/HandleCallback.js
  -> file:///E:/Aptana%20Jaxer%20Apache/Jaxer/Apache2-4Build/jaxer/framework/src/CoreEvents.js
  -> file:///E:/Aptana%20Jaxer%20Apache/Jaxer/Apache2-4Build/jaxer/components/aptEventHandler.js

01:10:41 12/24/2025 [ 15324] [TRACE] [JS Framework] [DB.SQLite.execute] Starting execute
stack:
  ->  [ModuleLogger.js:98] trace("Starting execute")
  ->  [DB_SQLite.js:302] execute("SELECT value, document_root, page_file, access_count FROM callback_page WHERE name=? AND crc32=?",[object Array])
  ->  [DB.js:181] anonymous("SELECT value, document_root, page_file, access_count FROM callback_page WHERE name=? AND crc32=?",[object Array])
  ->  [HandleCallback.js:151] onHandleCallback([object XPCWrappedNative_NoHelper],[object HTMLDocument])
  ->  [CoreEvents.js:293] fireEvent("HANDLE_CALLBACK",[object Array])
  ->  [CoreEvents.js:220] fire("PARSE_COMPLETE",[object XPCWrappedNative_NoHelper],[object HTMLDocument])
  ->  [aptEventHandler.js:337] observe([object XPCWrappedNative_NoHelper],"jaxerEvent.HTMLParseComplete",null)
paths:
  -> file:///E:/Aptana%20Jaxer%20Apache/Jaxer/Apache2-4Build/jaxer/framework/src/ModuleLogger.js
  -> file:///E:/Aptana%20Jaxer%20Apache/Jaxer/Apache2-4Build/jaxer/framework/src/DB_SQLite.js
  -> file:///E:/Aptana%20Jaxer%20Apache/Jaxer/Apache2-4Build/jaxer/framework/src/DB.js
  -> file:///E:/Aptana%20Jaxer%20Apache/Jaxer/Apache2-4Build/jaxer/framework/src/HandleCallback.js
  -> file:///E:/Aptana%20Jaxer%20Apache/Jaxer/Apache2-4Build/jaxer/framework/src/CoreEvents.js
  -> file:///E:/Aptana%20Jaxer%20Apache/Jaxer/Apache2-4Build/jaxer/components/aptEventHandler.js

01:10:41 12/24/2025 [ 15324] [DEBUG] [JS Framework] [DB.SQLite.open] Opening connection to database: E:\Aptana Jaxer Apache\Jaxer\Apache2-4Build\jaxer\..\local_jaxer\conf\..\data\frameworkdata.sqlite
stack:
  ->  [ModuleLogger.js:98] debug("Opening connection to database: E:\\Aptana Jaxer Apache\\Jaxer\\Apache2-4Build\\jaxer\\..\\local_jaxer\\conf\\..\\data\\frameworkdata.sqlite")
  ->  [DB_SQLite.js:212] open()
  ->  [DB_SQLite.js:306] execute("SELECT value, document_root, page_file, access_count FROM callback_page WHERE name=? AND crc32=?",[object Array])
  ->  [DB.js:181] anonymous("SELECT value, document_root, page_file, access_count FROM callback_page WHERE name=? AND crc32=?",[object Array])
  ->  [HandleCallback.js:151] onHandleCallback([object XPCWrappedNative_NoHelper],[object HTMLDocument])
  ->  [CoreEvents.js:293] fireEvent("HANDLE_CALLBACK",[object Array])
  ->  [CoreEvents.js:220] fire("PARSE_COMPLETE",[object XPCWrappedNative_NoHelper],[object HTMLDocument])
  ->  [aptEventHandler.js:337] observe([object XPCWrappedNative_NoHelper],"jaxerEvent.HTMLParseComplete",null)
paths:
  -> file:///E:/Aptana%20Jaxer%20Apache/Jaxer/Apache2-4Build/jaxer/framework/src/ModuleLogger.js
  -> file:///E:/Aptana%20Jaxer%20Apache/Jaxer/Apache2-4Build/jaxer/framework/src/DB_SQLite.js
  -> file:///E:/Aptana%20Jaxer%20Apache/Jaxer/Apache2-4Build/jaxer/framework/src/DB.js
  -> file:///E:/Aptana%20Jaxer%20Apache/Jaxer/Apache2-4Build/jaxer/framework/src/HandleCallback.js
  -> file:///E:/Aptana%20Jaxer%20Apache/Jaxer/Apache2-4Build/jaxer/framework/src/CoreEvents.js
  -> file:///E:/Aptana%20Jaxer%20Apache/Jaxer/Apache2-4Build/jaxer/components/aptEventHandler.js

01:10:41 12/24/2025 [ 15324] [TRACE] [JS Framework] [DB.SQLite.open] Tried 1 time(s) in 1 ms to open connection to SQLite database file E:\Aptana Jaxer Apache\Jaxer\Apache2-4Build\jaxer\..\local_jaxer\conf\..\data\frameworkdata.sqlite
stack:
  ->  [ModuleLogger.js:98] trace("Tried 1 time(s) in 1 ms to open connection to SQLite database file E:\\Aptana Jaxer Apache\\Jaxer\\Apache2-4Build\\jaxer\\..\\local_jaxer\\conf\\..\\data\\frameworkdata.sqlite")
  ->  [DB_SQLite.js:266] open()
  ->  [DB_SQLite.js:306] execute("SELECT value, document_root, page_file, access_count FROM callback_page WHERE name=? AND crc32=?",[object Array])
  ->  [DB.js:181] anonymous("SELECT value, document_root, page_file, access_count FROM callback_page WHERE name=? AND crc32=?",[object Array])
  ->  [HandleCallback.js:151] onHandleCallback([object XPCWrappedNative_NoHelper],[object HTMLDocument])
  ->  [CoreEvents.js:293] fireEvent("HANDLE_CALLBACK",[object Array])
  ->  [CoreEvents.js:220] fire("PARSE_COMPLETE",[object XPCWrappedNative_NoHelper],[object HTMLDocument])
  ->  [aptEventHandler.js:337] observe([object XPCWrappedNative_NoHelper],"jaxerEvent.HTMLParseComplete",null)
paths:
  -> file:///E:/Aptana%20Jaxer%20Apache/Jaxer/Apache2-4Build/jaxer/framework/src/ModuleLogger.js
  -> file:///E:/Aptana%20Jaxer%20Apache/Jaxer/Apache2-4Build/jaxer/framework/src/DB_SQLite.js
  -> file:///E:/Aptana%20Jaxer%20Apache/Jaxer/Apache2-4Build/jaxer/framework/src/DB.js
  -> file:///E:/Aptana%20Jaxer%20Apache/Jaxer/Apache2-4Build/jaxer/framework/src/HandleCallback.js
  -> file:///E:/Aptana%20Jaxer%20Apache/Jaxer/Apache2-4Build/jaxer/framework/src/CoreEvents.js
  -> file:///E:/Aptana%20Jaxer%20Apache/Jaxer/Apache2-4Build/jaxer/components/aptEventHandler.js

01:10:41 12/24/2025 [ 15324] [DEBUG] [JS Framework] [DB.SQLite.open] Opened
stack:
  ->  [ModuleLogger.js:98] debug("Opened")
  ->  [DB_SQLite.js:268] open()
  ->  [DB_SQLite.js:306] execute("SELECT value, document_root, page_file, access_count FROM callback_page WHERE name=? AND crc32=?",[object Array])
  ->  [DB.js:181] anonymous("SELECT value, document_root, page_file, access_count FROM callback_page WHERE name=? AND crc32=?",[object Array])
  ->  [HandleCallback.js:151] onHandleCallback([object XPCWrappedNative_NoHelper],[object HTMLDocument])
  ->  [CoreEvents.js:293] fireEvent("HANDLE_CALLBACK",[object Array])
  ->  [CoreEvents.js:220] fire("PARSE_COMPLETE",[object XPCWrappedNative_NoHelper],[object HTMLDocument])
  ->  [aptEventHandler.js:337] observe([object XPCWrappedNative_NoHelper],"jaxerEvent.HTMLParseComplete",null)
paths:
  -> file:///E:/Aptana%20Jaxer%20Apache/Jaxer/Apache2-4Build/jaxer/framework/src/ModuleLogger.js
  -> file:///E:/Aptana%20Jaxer%20Apache/Jaxer/Apache2-4Build/jaxer/framework/src/DB_SQLite.js
  -> file:///E:/Aptana%20Jaxer%20Apache/Jaxer/Apache2-4Build/jaxer/framework/src/DB.js
  -> file:///E:/Aptana%20Jaxer%20Apache/Jaxer/Apache2-4Build/jaxer/framework/src/HandleCallback.js
  -> file:///E:/Aptana%20Jaxer%20Apache/Jaxer/Apache2-4Build/jaxer/framework/src/CoreEvents.js
  -> file:///E:/Aptana%20Jaxer%20Apache/Jaxer/Apache2-4Build/jaxer/components/aptEventHandler.js

01:10:41 12/24/2025 [ 15324] [TRACE] [JS Framework] [DB.SQLite.bindAndExecute] Binding statement SELECT value, document_root, page_file, access_count FROM callback_page WHERE name=? AND crc32=?
with params: localhost:8081/aptana/samples/logging/index.html,-911974268
stack:
  ->  [ModuleLogger.js:98] trace("Binding statement SELECT value, document_root, page_file, access_count FROM callback_page WHERE name=? AND crc32=?\nwith params: localhost:8081/aptana/samples/logging/index.html,-911974268")
  ->  [DB_SQLite.js:512] bindAndExecute([object Object],[object XPCWrappedNative_NoHelper],"SELECT value, document_root, page_file, access_count FROM callback_page WHERE name=? AND crc32=?",[object Array],null,[object Object])
  ->  [DB_SQLite.js:464] executeOneWithStatement([object Array],0,[object Array])
  ->  [DB_SQLite.js:456] executeWithStatement([object Object],"SELECT value, document_root, page_file, access_count FROM callback_page WHERE name=? AND crc32=?",[object Array],[object Object])
  ->  [DB_SQLite.js:312] execute("SELECT value, document_root, page_file, access_count FROM callback_page WHERE name=? AND crc32=?",[object Array])
  ->  [DB.js:181] anonymous("SELECT value, document_root, page_file, access_count FROM callback_page WHERE name=? AND crc32=?",[object Array])
  ->  [HandleCallback.js:151] onHandleCallback([object XPCWrappedNative_NoHelper],[object HTMLDocument])
  ->  [CoreEvents.js:293] fireEvent("HANDLE_CALLBACK",[object Array])
  ->  [CoreEvents.js:220] fire("PARSE_COMPLETE",[object XPCWrappedNative_NoHelper],[object HTMLDocument])
  ->  [aptEventHandler.js:337] observe([object XPCWrappedNative_NoHelper],"jaxerEvent.HTMLParseComplete",null)
paths:
  -> file:///E:/Aptana%20Jaxer%20Apache/Jaxer/Apache2-4Build/jaxer/framework/src/ModuleLogger.js
  -> file:///E:/Aptana%20Jaxer%20Apache/Jaxer/Apache2-4Build/jaxer/framework/src/DB_SQLite.js
  -> file:///E:/Aptana%20Jaxer%20Apache/Jaxer/Apache2-4Build/jaxer/framework/src/DB.js
  -> file:///E:/Aptana%20Jaxer%20Apache/Jaxer/Apache2-4Build/jaxer/framework/src/HandleCallback.js
  -> file:///E:/Aptana%20Jaxer%20Apache/Jaxer/Apache2-4Build/jaxer/framework/src/CoreEvents.js
  -> file:///E:/Aptana%20Jaxer%20Apache/Jaxer/Apache2-4Build/jaxer/components/aptEventHandler.js

01:10:41 12/24/2025 [ 15324] [TRACE] [JS Framework] [DB.SQLite.bindAndExecute] Tried 1 time(s) in 0 ms to execute statement on SQLite database file E:\Aptana Jaxer Apache\Jaxer\Apache2-4Build\jaxer\..\local_jaxer\conf\..\data\frameworkdata.sqlite
stack:
  ->  [ModuleLogger.js:98] trace("Tried 1 time(s) in 0 ms to execute statement on SQLite database file E:\\Aptana Jaxer Apache\\Jaxer\\Apache2-4Build\\jaxer\\..\\local_jaxer\\conf\\..\\data\\frameworkdata.sqlite")
  ->  [DB_SQLite.js:606] bindAndExecute([object Object],[object XPCWrappedNative_NoHelper],"SELECT value, document_root, page_file, access_count FROM callback_page WHERE name=? AND crc32=?",[object Array],null,[object Object])
  ->  [DB_SQLite.js:464] executeOneWithStatement([object Array],0,[object Array])
  ->  [DB_SQLite.js:456] executeWithStatement([object Object],"SELECT value, document_root, page_file, access_count FROM callback_page WHERE name=? AND crc32=?",[object Array],[object Object])
  ->  [DB_SQLite.js:312] execute("SELECT value, document_root, page_file, access_count FROM callback_page WHERE name=? AND crc32=?",[object Array])
  ->  [DB.js:181] anonymous("SELECT value, document_root, page_file, access_count FROM callback_page WHERE name=? AND crc32=?",[object Array])
  ->  [HandleCallback.js:151] onHandleCallback([object XPCWrappedNative_NoHelper],[object HTMLDocument])
  ->  [CoreEvents.js:293] fireEvent("HANDLE_CALLBACK",[object Array])
  ->  [CoreEvents.js:220] fire("PARSE_COMPLETE",[object XPCWrappedNative_NoHelper],[object HTMLDocument])
  ->  [aptEventHandler.js:337] observe([object XPCWrappedNative_NoHelper],"jaxerEvent.HTMLParseComplete",null)
paths:
  -> file:///E:/Aptana%20Jaxer%20Apache/Jaxer/Apache2-4Build/jaxer/framework/src/ModuleLogger.js
  -> file:///E:/Aptana%20Jaxer%20Apache/Jaxer/Apache2-4Build/jaxer/framework/src/DB_SQLite.js
  -> file:///E:/Aptana%20Jaxer%20Apache/Jaxer/Apache2-4Build/jaxer/framework/src/DB.js
  -> file:///E:/Aptana%20Jaxer%20Apache/Jaxer/Apache2-4Build/jaxer/framework/src/HandleCallback.js
  -> file:///E:/Aptana%20Jaxer%20Apache/Jaxer/Apache2-4Build/jaxer/framework/src/CoreEvents.js
  -> file:///E:/Aptana%20Jaxer%20Apache/Jaxer/Apache2-4Build/jaxer/components/aptEventHandler.js

01:10:41 12/24/2025 [ 15324] [TRACE] [JS Framework] [DB.SQLite.bindAndExecute] Populating resultSet
stack:
  ->  [ModuleLogger.js:98] trace("Populating resultSet")
  ->  [DB_SQLite.js:624] bindAndExecute([object Object],[object XPCWrappedNative_NoHelper],"SELECT value, document_root, page_file, access_count FROM callback_page WHERE name=? AND crc32=?",[object Array],[object Object],[object Object])
  ->  [DB_SQLite.js:464] executeOneWithStatement([object Array],0,[object Array])
  ->  [DB_SQLite.js:456] executeWithStatement([object Object],"SELECT value, document_root, page_file, access_count FROM callback_page WHERE name=? AND crc32=?",[object Array],[object Object])
  ->  [DB_SQLite.js:312] execute("SELECT value, document_root, page_file, access_count FROM callback_page WHERE name=? AND crc32=?",[object Array])
  ->  [DB.js:181] anonymous("SELECT value, document_root, page_file, access_count FROM callback_page WHERE name=? AND crc32=?",[object Array])
  ->  [HandleCallback.js:151] onHandleCallback([object XPCWrappedNative_NoHelper],[object HTMLDocument])
  ->  [CoreEvents.js:293] fireEvent("HANDLE_CALLBACK",[object Array])
  ->  [CoreEvents.js:220] fire("PARSE_COMPLETE",[object XPCWrappedNative_NoHelper],[object HTMLDocument])
  ->  [aptEventHandler.js:337] observe([object XPCWrappedNative_NoHelper],"jaxerEvent.HTMLParseComplete",null)
paths:
  -> file:///E:/Aptana%20Jaxer%20Apache/Jaxer/Apache2-4Build/jaxer/framework/src/ModuleLogger.js
  -> file:///E:/Aptana%20Jaxer%20Apache/Jaxer/Apache2-4Build/jaxer/framework/src/DB_SQLite.js
  -> file:///E:/Aptana%20Jaxer%20Apache/Jaxer/Apache2-4Build/jaxer/framework/src/DB.js
  -> file:///E:/Aptana%20Jaxer%20Apache/Jaxer/Apache2-4Build/jaxer/framework/src/HandleCallback.js
  -> file:///E:/Aptana%20Jaxer%20Apache/Jaxer/Apache2-4Build/jaxer/framework/src/CoreEvents.js
  -> file:///E:/Aptana%20Jaxer%20Apache/Jaxer/Apache2-4Build/jaxer/components/aptEventHandler.js

01:10:41 12/24/2025 [ 15324] [TRACE] [JS Framework] [DB.SQLite.bindAndExecute] Column 0: value
stack:
  ->  [ModuleLogger.js:98] trace("Column 0: value")
  ->  [DB_SQLite.js:627] bindAndExecute([object Object],[object XPCWrappedNative_NoHelper],"SELECT value, document_root, page_file, access_count FROM callback_page WHERE name=? AND crc32=?",[object Array],[object Object],[object Object])
  ->  [DB_SQLite.js:464] executeOneWithStatement([object Array],0,[object Array])
  ->  [DB_SQLite.js:456] executeWithStatement([object Object],"SELECT value, document_root, page_file, access_count FROM callback_page WHERE name=? AND crc32=?",[object Array],[object Object])
  ->  [DB_SQLite.js:312] execute("SELECT value, document_root, page_file, access_count FROM callback_page WHERE name=? AND crc32=?",[object Array])
  ->  [DB.js:181] anonymous("SELECT value, document_root, page_file, access_count FROM callback_page WHERE name=? AND crc32=?",[object Array])
  ->  [HandleCallback.js:151] onHandleCallback([object XPCWrappedNative_NoHelper],[object HTMLDocument])
  ->  [CoreEvents.js:293] fireEvent("HANDLE_CALLBACK",[object Array])
  ->  [CoreEvents.js:220] fire("PARSE_COMPLETE",[object XPCWrappedNative_NoHelper],[object HTMLDocument])
  ->  [aptEventHandler.js:337] observe([object XPCWrappedNative_NoHelper],"jaxerEvent.HTMLParseComplete",null)
paths:
  -> file:///E:/Aptana%20Jaxer%20Apache/Jaxer/Apache2-4Build/jaxer/framework/src/ModuleLogger.js
  -> file:///E:/Aptana%20Jaxer%20Apache/Jaxer/Apache2-4Build/jaxer/framework/src/DB_SQLite.js
  -> file:///E:/Aptana%20Jaxer%20Apache/Jaxer/Apache2-4Build/jaxer/framework/src/DB.js
  -> file:///E:/Aptana%20Jaxer%20Apache/Jaxer/Apache2-4Build/jaxer/framework/src/HandleCallback.js
  -> file:///E:/Aptana%20Jaxer%20Apache/Jaxer/Apache2-4Build/jaxer/framework/src/CoreEvents.js
  -> file:///E:/Aptana%20Jaxer%20Apache/Jaxer/Apache2-4Build/jaxer/components/aptEventHandler.js

01:10:41 12/24/2025 [ 15324] [TRACE] [JS Framework] [DB.SQLite.bindAndExecute] Column 1: document_root
stack:
  ->  [ModuleLogger.js:98] trace("Column 1: document_root")
  ->  [DB_SQLite.js:627] bindAndExecute([object Object],[object XPCWrappedNative_NoHelper],"SELECT value, document_root, page_file, access_count FROM callback_page WHERE name=? AND crc32=?",[object Array],[object Object],[object Object])
  ->  [DB_SQLite.js:464] executeOneWithStatement([object Array],0,[object Array])
  ->  [DB_SQLite.js:456] executeWithStatement([object Object],"SELECT value, document_root, page_file, access_count FROM callback_page WHERE name=? AND crc32=?",[object Array],[object Object])
  ->  [DB_SQLite.js:312] execute("SELECT value, document_root, page_file, access_count FROM callback_page WHERE name=? AND crc32=?",[object Array])
  ->  [DB.js:181] anonymous("SELECT value, document_root, page_file, access_count FROM callback_page WHERE name=? AND crc32=?",[object Array])
  ->  [HandleCallback.js:151] onHandleCallback([object XPCWrappedNative_NoHelper],[object HTMLDocument])
  ->  [CoreEvents.js:293] fireEvent("HANDLE_CALLBACK",[object Array])
  ->  [CoreEvents.js:220] fire("PARSE_COMPLETE",[object XPCWrappedNative_NoHelper],[object HTMLDocument])
  ->  [aptEventHandler.js:337] observe([object XPCWrappedNative_NoHelper],"jaxerEvent.HTMLParseComplete",null)
paths:
  -> file:///E:/Aptana%20Jaxer%20Apache/Jaxer/Apache2-4Build/jaxer/framework/src/ModuleLogger.js
  -> file:///E:/Aptana%20Jaxer%20Apache/Jaxer/Apache2-4Build/jaxer/framework/src/DB_SQLite.js
  -> file:///E:/Aptana%20Jaxer%20Apache/Jaxer/Apache2-4Build/jaxer/framework/src/DB.js
  -> file:///E:/Aptana%20Jaxer%20Apache/Jaxer/Apache2-4Build/jaxer/framework/src/HandleCallback.js
  -> file:///E:/Aptana%20Jaxer%20Apache/Jaxer/Apache2-4Build/jaxer/framework/src/CoreEvents.js
  -> file:///E:/Aptana%20Jaxer%20Apache/Jaxer/Apache2-4Build/jaxer/components/aptEventHandler.js

01:10:41 12/24/2025 [ 15324] [TRACE] [JS Framework] [DB.SQLite.bindAndExecute] Column 2: page_file
stack:
  ->  [ModuleLogger.js:98] trace("Column 2: page_file")
  ->  [DB_SQLite.js:627] bindAndExecute([object Object],[object XPCWrappedNative_NoHelper],"SELECT value, document_root, page_file, access_count FROM callback_page WHERE name=? AND crc32=?",[object Array],[object Object],[object Object])
  ->  [DB_SQLite.js:464] executeOneWithStatement([object Array],0,[object Array])
  ->  [DB_SQLite.js:456] executeWithStatement([object Object],"SELECT value, document_root, page_file, access_count FROM callback_page WHERE name=? AND crc32=?",[object Array],[object Object])
  ->  [DB_SQLite.js:312] execute("SELECT value, document_root, page_file, access_count FROM callback_page WHERE name=? AND crc32=?",[object Array])
  ->  [DB.js:181] anonymous("SELECT value, document_root, page_file, access_count FROM callback_page WHERE name=? AND crc32=?",[object Array])
  ->  [HandleCallback.js:151] onHandleCallback([object XPCWrappedNative_NoHelper],[object HTMLDocument])
  ->  [CoreEvents.js:293] fireEvent("HANDLE_CALLBACK",[object Array])
  ->  [CoreEvents.js:220] fire("PARSE_COMPLETE",[object XPCWrappedNative_NoHelper],[object HTMLDocument])
  ->  [aptEventHandler.js:337] observe([object XPCWrappedNative_NoHelper],"jaxerEvent.HTMLParseComplete",null)
paths:
  -> file:///E:/Aptana%20Jaxer%20Apache/Jaxer/Apache2-4Build/jaxer/framework/src/ModuleLogger.js
  -> file:///E:/Aptana%20Jaxer%20Apache/Jaxer/Apache2-4Build/jaxer/framework/src/DB_SQLite.js
  -> file:///E:/Aptana%20Jaxer%20Apache/Jaxer/Apache2-4Build/jaxer/framework/src/DB.js
  -> file:///E:/Aptana%20Jaxer%20Apache/Jaxer/Apache2-4Build/jaxer/framework/src/HandleCallback.js
  -> file:///E:/Aptana%20Jaxer%20Apache/Jaxer/Apache2-4Build/jaxer/framework/src/CoreEvents.js
  -> file:///E:/Aptana%20Jaxer%20Apache/Jaxer/Apache2-4Build/jaxer/components/aptEventHandler.js

01:10:41 12/24/2025 [ 15324] [TRACE] [JS Framework] [DB.SQLite.bindAndExecute] Column 3: access_count
stack:
  ->  [ModuleLogger.js:98] trace("Column 3: access_count")
  ->  [DB_SQLite.js:627] bindAndExecute([object Object],[object XPCWrappedNative_NoHelper],"SELECT value, document_root, page_file, access_count FROM callback_page WHERE name=? AND crc32=?",[object Array],[object Object],[object Object])
  ->  [DB_SQLite.js:464] executeOneWithStatement([object Array],0,[object Array])
  ->  [DB_SQLite.js:456] executeWithStatement([object Object],"SELECT value, document_root, page_file, access_count FROM callback_page WHERE name=? AND crc32=?",[object Array],[object Object])
  ->  [DB_SQLite.js:312] execute("SELECT value, document_root, page_file, access_count FROM callback_page WHERE name=? AND crc32=?",[object Array])
  ->  [DB.js:181] anonymous("SELECT value, document_root, page_file, access_count FROM callback_page WHERE name=? AND crc32=?",[object Array])
  ->  [HandleCallback.js:151] onHandleCallback([object XPCWrappedNative_NoHelper],[object HTMLDocument])
  ->  [CoreEvents.js:293] fireEvent("HANDLE_CALLBACK",[object Array])
  ->  [CoreEvents.js:220] fire("PARSE_COMPLETE",[object XPCWrappedNative_NoHelper],[object HTMLDocument])
  ->  [aptEventHandler.js:337] observe([object XPCWrappedNative_NoHelper],"jaxerEvent.HTMLParseComplete",null)
paths:
  -> file:///E:/Aptana%20Jaxer%20Apache/Jaxer/Apache2-4Build/jaxer/framework/src/ModuleLogger.js
  -> file:///E:/Aptana%20Jaxer%20Apache/Jaxer/Apache2-4Build/jaxer/framework/src/DB_SQLite.js
  -> file:///E:/Aptana%20Jaxer%20Apache/Jaxer/Apache2-4Build/jaxer/framework/src/DB.js
  -> file:///E:/Aptana%20Jaxer%20Apache/Jaxer/Apache2-4Build/jaxer/framework/src/HandleCallback.js
  -> file:///E:/Aptana%20Jaxer%20Apache/Jaxer/Apache2-4Build/jaxer/framework/src/CoreEvents.js
  -> file:///E:/Aptana%20Jaxer%20Apache/Jaxer/Apache2-4Build/jaxer/components/aptEventHandler.js

01:10:41 12/24/2025 [ 15324] [TRACE] [JS Framework] [DB.SQLite.bindAndExecute] Tried 1 time(s) in 5 ms to execute statement on SQLite database file E:\Aptana Jaxer Apache\Jaxer\Apache2-4Build\jaxer\..\local_jaxer\conf\..\data\frameworkdata.sqlite
stack:
  ->  [ModuleLogger.js:98] trace("Tried 1 time(s) in 5 ms to execute statement on SQLite database file E:\\Aptana Jaxer Apache\\Jaxer\\Apache2-4Build\\jaxer\\..\\local_jaxer\\conf\\..\\data\\frameworkdata.sqlite")
  ->  [DB_SQLite.js:606] bindAndExecute([object Object],[object XPCWrappedNative_NoHelper],"SELECT value, document_root, page_file, access_count FROM callback_page WHERE name=? AND crc32=?",[object Array],[object Object],[object Object])
  ->  [DB_SQLite.js:464] executeOneWithStatement([object Array],0,[object Array])
  ->  [DB_SQLite.js:456] executeWithStatement([object Object],"SELECT value, document_root, page_file, access_count FROM callback_page WHERE name=? AND crc32=?",[object Array],[object Object])
  ->  [DB_SQLite.js:312] execute("SELECT value, document_root, page_file, access_count FROM callback_page WHERE name=? AND crc32=?",[object Array])
  ->  [DB.js:181] anonymous("SELECT value, document_root, page_file, access_count FROM callback_page WHERE name=? AND crc32=?",[object Array])
  ->  [HandleCallback.js:151] onHandleCallback([object XPCWrappedNative_NoHelper],[object HTMLDocument])
  ->  [CoreEvents.js:293] fireEvent("HANDLE_CALLBACK",[object Array])
  ->  [CoreEvents.js:220] fire("PARSE_COMPLETE",[object XPCWrappedNative_NoHelper],[object HTMLDocument])
  ->  [aptEventHandler.js:337] observe([object XPCWrappedNative_NoHelper],"jaxerEvent.HTMLParseComplete",null)
paths:
  -> file:///E:/Aptana%20Jaxer%20Apache/Jaxer/Apache2-4Build/jaxer/framework/src/ModuleLogger.js
  -> file:///E:/Aptana%20Jaxer%20Apache/Jaxer/Apache2-4Build/jaxer/framework/src/DB_SQLite.js
  -> file:///E:/Aptana%20Jaxer%20Apache/Jaxer/Apache2-4Build/jaxer/framework/src/DB.js
  -> file:///E:/Aptana%20Jaxer%20Apache/Jaxer/Apache2-4Build/jaxer/framework/src/HandleCallback.js
  -> file:///E:/Aptana%20Jaxer%20Apache/Jaxer/Apache2-4Build/jaxer/framework/src/CoreEvents.js
  -> file:///E:/Aptana%20Jaxer%20Apache/Jaxer/Apache2-4Build/jaxer/components/aptEventHandler.js

01:10:41 12/24/2025 [ 15324] [TRACE] [JS Framework] [DB.SQLite.executeWithStatement] Closing statement
stack:
  ->  [ModuleLogger.js:98] trace("Closing statement")
  ->  [DB_SQLite.js:484] executeWithStatement([object Object],"SELECT value, document_root, page_file, access_count FROM callback_page WHERE name=? AND crc32=?",[object Array],[object Object])
  ->  [DB_SQLite.js:312] execute("SELECT value, document_root, page_file, access_count FROM callback_page WHERE name=? AND crc32=?",[object Array])
  ->  [DB.js:181] anonymous("SELECT value, document_root, page_file, access_count FROM callback_page WHERE name=? AND crc32=?",[object Array])
  ->  [HandleCallback.js:151] onHandleCallback([object XPCWrappedNative_NoHelper],[object HTMLDocument])
  ->  [CoreEvents.js:293] fireEvent("HANDLE_CALLBACK",[object Array])
  ->  [CoreEvents.js:220] fire("PARSE_COMPLETE",[object XPCWrappedNative_NoHelper],[object HTMLDocument])
  ->  [aptEventHandler.js:337] observe([object XPCWrappedNative_NoHelper],"jaxerEvent.HTMLParseComplete",null)
paths:
  -> file:///E:/Aptana%20Jaxer%20Apache/Jaxer/Apache2-4Build/jaxer/framework/src/ModuleLogger.js
  -> file:///E:/Aptana%20Jaxer%20Apache/Jaxer/Apache2-4Build/jaxer/framework/src/DB_SQLite.js
  -> file:///E:/Aptana%20Jaxer%20Apache/Jaxer/Apache2-4Build/jaxer/framework/src/DB.js
  -> file:///E:/Aptana%20Jaxer%20Apache/Jaxer/Apache2-4Build/jaxer/framework/src/HandleCallback.js
  -> file:///E:/Aptana%20Jaxer%20Apache/Jaxer/Apache2-4Build/jaxer/framework/src/CoreEvents.js
  -> file:///E:/Aptana%20Jaxer%20Apache/Jaxer/Apache2-4Build/jaxer/components/aptEventHandler.js

01:10:41 12/24/2025 [ 15324] [TRACE] [JS Framework] [DB.SQLite.executeWithStatement] Resetting and finalizing statement
stack:
  ->  [ModuleLogger.js:98] trace("Resetting and finalizing statement")
  ->  [DB_SQLite.js:487] executeWithStatement([object Object],"SELECT value, document_root, page_file, access_count FROM callback_page WHERE name=? AND crc32=?",[object Array],[object Object])
  ->  [DB_SQLite.js:312] execute("SELECT value, document_root, page_file, access_count FROM callback_page WHERE name=? AND crc32=?",[object Array])
  ->  [DB.js:181] anonymous("SELECT value, document_root, page_file, access_count FROM callback_page WHERE name=? AND crc32=?",[object Array])
  ->  [HandleCallback.js:151] onHandleCallback([object XPCWrappedNative_NoHelper],[object HTMLDocument])
  ->  [CoreEvents.js:293] fireEvent("HANDLE_CALLBACK",[object Array])
  ->  [CoreEvents.js:220] fire("PARSE_COMPLETE",[object XPCWrappedNative_NoHelper],[object HTMLDocument])
  ->  [aptEventHandler.js:337] observe([object XPCWrappedNative_NoHelper],"jaxerEvent.HTMLParseComplete",null)
paths:
  -> file:///E:/Aptana%20Jaxer%20Apache/Jaxer/Apache2-4Build/jaxer/framework/src/ModuleLogger.js
  -> file:///E:/Aptana%20Jaxer%20Apache/Jaxer/Apache2-4Build/jaxer/framework/src/DB_SQLite.js
  -> file:///E:/Aptana%20Jaxer%20Apache/Jaxer/Apache2-4Build/jaxer/framework/src/DB.js
  -> file:///E:/Aptana%20Jaxer%20Apache/Jaxer/Apache2-4Build/jaxer/framework/src/HandleCallback.js
  -> file:///E:/Aptana%20Jaxer%20Apache/Jaxer/Apache2-4Build/jaxer/framework/src/CoreEvents.js
  -> file:///E:/Aptana%20Jaxer%20Apache/Jaxer/Apache2-4Build/jaxer/components/aptEventHandler.js

01:10:41 12/24/2025 [ 15324] [TRACE] [JS Framework] [DB.SQLite.execute] Populated resultSet with 1 rows of 4 columns
stack:
  ->  [ModuleLogger.js:98] trace("Populated resultSet with 1 rows of 4 columns")
  ->  [DB_SQLite.js:315] execute("SELECT value, document_root, page_file, access_count FROM callback_page WHERE name=? AND crc32=?",[object Array])
  ->  [DB.js:181] anonymous("SELECT value, document_root, page_file, access_count FROM callback_page WHERE name=? AND crc32=?",[object Array])
  ->  [HandleCallback.js:151] onHandleCallback([object XPCWrappedNative_NoHelper],[object HTMLDocument])
  ->  [CoreEvents.js:293] fireEvent("HANDLE_CALLBACK",[object Array])
  ->  [CoreEvents.js:220] fire("PARSE_COMPLETE",[object XPCWrappedNative_NoHelper],[object HTMLDocument])
  ->  [aptEventHandler.js:337] observe([object XPCWrappedNative_NoHelper],"jaxerEvent.HTMLParseComplete",null)
paths:
  -> file:///E:/Aptana%20Jaxer%20Apache/Jaxer/Apache2-4Build/jaxer/framework/src/ModuleLogger.js
  -> file:///E:/Aptana%20Jaxer%20Apache/Jaxer/Apache2-4Build/jaxer/framework/src/DB_SQLite.js
  -> file:///E:/Aptana%20Jaxer%20Apache/Jaxer/Apache2-4Build/jaxer/framework/src/DB.js
  -> file:///E:/Aptana%20Jaxer%20Apache/Jaxer/Apache2-4Build/jaxer/framework/src/HandleCallback.js
  -> file:///E:/Aptana%20Jaxer%20Apache/Jaxer/Apache2-4Build/jaxer/framework/src/CoreEvents.js
  -> file:///E:/Aptana%20Jaxer%20Apache/Jaxer/Apache2-4Build/jaxer/components/aptEventHandler.js

01:10:41 12/24/2025 [ 15324] [TRACE] [JS Framework] [DB.SQLite.execute] Finished executing
stack:
  ->  [ModuleLogger.js:98] trace("Finished executing")
  ->  [DB_SQLite.js:338] execute("SELECT value, document_root, page_file, access_count FROM callback_page WHERE name=? AND crc32=?",[object Array])
  ->  [DB.js:181] anonymous("SELECT value, document_root, page_file, access_count FROM callback_page WHERE name=? AND crc32=?",[object Array])
  ->  [HandleCallback.js:151] onHandleCallback([object XPCWrappedNative_NoHelper],[object HTMLDocument])
  ->  [CoreEvents.js:293] fireEvent("HANDLE_CALLBACK",[object Array])
  ->  [CoreEvents.js:220] fire("PARSE_COMPLETE",[object XPCWrappedNative_NoHelper],[object HTMLDocument])
  ->  [aptEventHandler.js:337] observe([object XPCWrappedNative_NoHelper],"jaxerEvent.HTMLParseComplete",null)
paths:
  -> file:///E:/Aptana%20Jaxer%20Apache/Jaxer/Apache2-4Build/jaxer/framework/src/ModuleLogger.js
  -> file:///E:/Aptana%20Jaxer%20Apache/Jaxer/Apache2-4Build/jaxer/framework/src/DB_SQLite.js
  -> file:///E:/Aptana%20Jaxer%20Apache/Jaxer/Apache2-4Build/jaxer/framework/src/DB.js
  -> file:///E:/Aptana%20Jaxer%20Apache/Jaxer/Apache2-4Build/jaxer/framework/src/HandleCallback.js
  -> file:///E:/Aptana%20Jaxer%20Apache/Jaxer/Apache2-4Build/jaxer/framework/src/CoreEvents.js
  -> file:///E:/Aptana%20Jaxer%20Apache/Jaxer/Apache2-4Build/jaxer/components/aptEventHandler.js

01:10:41 12/24/2025 [ 15324] [DEBUG] [JS Framework] [HandleCallback.onHandleCallback] Setting [Jaxer.request.documentRoot, Jaxer.request.pageFile] = E:/Aptana Jaxer/public,E:/Aptana Jaxer/jaxer/aptana/samples/logging/index.html
stack:
  ->  [ModuleLogger.js:98] debug("Setting [Jaxer.request.documentRoot, Jaxer.request.pageFile] = E:/Aptana Jaxer/public,E:/Aptana Jaxer/jaxer/aptana/samples/logging/index.html")
  ->  [HandleCallback.js:158] onHandleCallback([object XPCWrappedNative_NoHelper],[object HTMLDocument])
  ->  [CoreEvents.js:293] fireEvent("HANDLE_CALLBACK",[object Array])
  ->  [CoreEvents.js:220] fire("PARSE_COMPLETE",[object XPCWrappedNative_NoHelper],[object HTMLDocument])
  ->  [aptEventHandler.js:337] observe([object XPCWrappedNative_NoHelper],"jaxerEvent.HTMLParseComplete",null)
paths:
  -> file:///E:/Aptana%20Jaxer%20Apache/Jaxer/Apache2-4Build/jaxer/framework/src/ModuleLogger.js
  -> file:///E:/Aptana%20Jaxer%20Apache/Jaxer/Apache2-4Build/jaxer/framework/src/HandleCallback.js
  -> file:///E:/Aptana%20Jaxer%20Apache/Jaxer/Apache2-4Build/jaxer/framework/src/CoreEvents.js
  -> file:///E:/Aptana%20Jaxer%20Apache/Jaxer/Apache2-4Build/jaxer/components/aptEventHandler.js

01:10:42 12/24/2025 [ 15324] [DEBUG] [JS Framework] [HandleCallback.onHandleCallback] Callbacks found in DB but not in cache, restoring to cache using pageName=localhost:8081/aptana/samples/logging/index.html and crc32=-911974268
stack:
  ->  [ModuleLogger.js:98] debug("Callbacks found in DB but not in cache, restoring to cache using pageName=localhost:8081/aptana/samples/logging/index.html and crc32=-911974268")
  ->  [HandleCallback.js:181] onHandleCallback([object XPCWrappedNative_NoHelper],[object HTMLDocument])
  ->  [CoreEvents.js:293] fireEvent("HANDLE_CALLBACK",[object Array])
  ->  [CoreEvents.js:220] fire("PARSE_COMPLETE",[object XPCWrappedNative_NoHelper],[object HTMLDocument])
  ->  [aptEventHandler.js:337] observe([object XPCWrappedNative_NoHelper],"jaxerEvent.HTMLParseComplete",null)
paths:
  -> file:///E:/Aptana%20Jaxer%20Apache/Jaxer/Apache2-4Build/jaxer/framework/src/ModuleLogger.js
  -> file:///E:/Aptana%20Jaxer%20Apache/Jaxer/Apache2-4Build/jaxer/framework/src/HandleCallback.js
  -> file:///E:/Aptana%20Jaxer%20Apache/Jaxer/Apache2-4Build/jaxer/framework/src/CoreEvents.js
  -> file:///E:/Aptana%20Jaxer%20Apache/Jaxer/Apache2-4Build/jaxer/components/aptEventHandler.js

01:10:42 12/24/2025 [ 15324] [DEBUG] [JS Framework] [CallbackManager.cacheCallbackPage] Caching this page under key = -911974268::localhost:8081/aptana/samples/logging/index.html
stack:
  ->  [ModuleLogger.js:98] debug("Caching this page under key = -911974268::localhost:8081/aptana/samples/logging/index.html")
  ->  [CallbackManager.js:281] cacheCallbackPage("localhost:8081/aptana/samples/logging/index.html","-911974268","/* callback.js */\nJaxer._autoload([]);\n$ = this.$ = function $(id) {\n    return document.getElementById(id);\n};\nproxyLog = this.proxyLog = function proxyLog(level, msg) {\n    log = Jaxer.Log.forModule(\"proxyLogger\");\n    log[level](msg);\n};\nproxyLog.proxy = true;")
  ->  [HandleCallback.js:182] onHandleCallback([object XPCWrappedNative_NoHelper],[object HTMLDocument])
  ->  [CoreEvents.js:293] fireEvent("HANDLE_CALLBACK",[object Array])
  ->  [CoreEvents.js:220] fire("PARSE_COMPLETE",[object XPCWrappedNative_NoHelper],[object HTMLDocument])
  ->  [aptEventHandler.js:337] observe([object XPCWrappedNative_NoHelper],"jaxerEvent.HTMLParseComplete",null)
paths:
  -> file:///E:/Aptana%20Jaxer%20Apache/Jaxer/Apache2-4Build/jaxer/framework/src/ModuleLogger.js
  -> file:///E:/Aptana%20Jaxer%20Apache/Jaxer/Apache2-4Build/jaxer/framework/src/CallbackManager.js
  -> file:///E:/Aptana%20Jaxer%20Apache/Jaxer/Apache2-4Build/jaxer/framework/src/HandleCallback.js
  -> file:///E:/Aptana%20Jaxer%20Apache/Jaxer/Apache2-4Build/jaxer/framework/src/CoreEvents.js
  -> file:///E:/Aptana%20Jaxer%20Apache/Jaxer/Apache2-4Build/jaxer/components/aptEventHandler.js

01:10:42 12/24/2025 [ 15324] [DEBUG] [JS Framework] [CallbackManager.getCachedCallbackPage] Retrieving cached page using key = -911974268::localhost:8081/aptana/samples/logging/index.html
stack:
  ->  [ModuleLogger.js:98] debug("Retrieving cached page using key = -911974268::localhost:8081/aptana/samples/logging/index.html")
  ->  [CallbackManager.js:301] getCachedCallbackPage("localhost:8081/aptana/samples/logging/index.html","-911974268")
  ->  [HandleCallback.js:184] onHandleCallback([object XPCWrappedNative_NoHelper],[object HTMLDocument])
  ->  [CoreEvents.js:293] fireEvent("HANDLE_CALLBACK",[object Array])
  ->  [CoreEvents.js:220] fire("PARSE_COMPLETE",[object XPCWrappedNative_NoHelper],[object HTMLDocument])
  ->  [aptEventHandler.js:337] observe([object XPCWrappedNative_NoHelper],"jaxerEvent.HTMLParseComplete",null)
paths:
  -> file:///E:/Aptana%20Jaxer%20Apache/Jaxer/Apache2-4Build/jaxer/framework/src/ModuleLogger.js
  -> file:///E:/Aptana%20Jaxer%20Apache/Jaxer/Apache2-4Build/jaxer/framework/src/CallbackManager.js
  -> file:///E:/Aptana%20Jaxer%20Apache/Jaxer/Apache2-4Build/jaxer/framework/src/HandleCallback.js
  -> file:///E:/Aptana%20Jaxer%20Apache/Jaxer/Apache2-4Build/jaxer/framework/src/CoreEvents.js
  -> file:///E:/Aptana%20Jaxer%20Apache/Jaxer/Apache2-4Build/jaxer/components/aptEventHandler.js

01:10:42 12/24/2025 [ 15324] [TRACE] [JS Framework] [HandleCallback.onHandleCallback] Evaluating: /* callback.js */
Jaxer._autoload([]);
$ = this.$ = function $(id) {
    return document.getElementById(id);
};
proxyLog = this.proxyLog = function proxyLog(level, msg) {
    log = Jaxer.Log.forModule("proxyLogger");
    log[level](msg);
};
proxyLog.proxy = true;
stack:
  ->  [ModuleLogger.js:98] trace("Evaluating: /* callback.js */\nJaxer._autoload([]);\n$ = this.$ = function $(id) {\n    return document.getElementById(id);\n};\nproxyLog = this.proxyLog = function proxyLog(level, msg) {\n    log = Jaxer.Log.forModule(\"proxyLogger\");\n    log[level](msg);\n};\nproxyLog.proxy = true;")
  ->  [HandleCallback.js:187] onHandleCallback([object XPCWrappedNative_NoHelper],[object HTMLDocument])
  ->  [CoreEvents.js:293] fireEvent("HANDLE_CALLBACK",[object Array])
  ->  [CoreEvents.js:220] fire("PARSE_COMPLETE",[object XPCWrappedNative_NoHelper],[object HTMLDocument])
  ->  [aptEventHandler.js:337] observe([object XPCWrappedNative_NoHelper],"jaxerEvent.HTMLParseComplete",null)
paths:
  -> file:///E:/Aptana%20Jaxer%20Apache/Jaxer/Apache2-4Build/jaxer/framework/src/ModuleLogger.js
  -> file:///E:/Aptana%20Jaxer%20Apache/Jaxer/Apache2-4Build/jaxer/framework/src/HandleCallback.js
  -> file:///E:/Aptana%20Jaxer%20Apache/Jaxer/Apache2-4Build/jaxer/framework/src/CoreEvents.js
  -> file:///E:/Aptana%20Jaxer%20Apache/Jaxer/Apache2-4Build/jaxer/components/aptEventHandler.js

01:10:42 12/24/2025 [ 15324] [TRACE] [JS Framework] [Includer.evalOn] Evaluating using Jaxer.request.evaluateScript: contents = /* callbac... with global = [object ChromeWindow] and effectiveUrl = undefined
stack:
  ->  [ModuleLogger.js:98] trace("Evaluating using Jaxer.request.evaluateScript: contents = /* callbac... with global = [object ChromeWindow] and effectiveUrl = undefined")
  ->  [Includer.js:131] evalOn("/* callback.js */\nJaxer._autoload([]);\n$ = this.$ = function $(id) {\n    return document.getElementById(id);\n};\nproxyLog = this.proxyLog = function proxyLog(level, msg) {\n    log = Jaxer.Log.forModule(\"proxyLogger\");\n    log[level](msg);\n};\nproxyLog.proxy = true;",[object ChromeWindow])
  ->  [HandleCallback.js:188] onHandleCallback([object XPCWrappedNative_NoHelper],[object HTMLDocument])
  ->  [CoreEvents.js:293] fireEvent("HANDLE_CALLBACK",[object Array])
  ->  [CoreEvents.js:220] fire("PARSE_COMPLETE",[object XPCWrappedNative_NoHelper],[object HTMLDocument])
  ->  [aptEventHandler.js:337] observe([object XPCWrappedNative_NoHelper],"jaxerEvent.HTMLParseComplete",null)
paths:
  -> file:///E:/Aptana%20Jaxer%20Apache/Jaxer/Apache2-4Build/jaxer/framework/src/ModuleLogger.js
  -> file:///E:/Aptana%20Jaxer%20Apache/Jaxer/Apache2-4Build/jaxer/framework/src/Includer.js
  -> file:///E:/Aptana%20Jaxer%20Apache/Jaxer/Apache2-4Build/jaxer/framework/src/HandleCallback.js
  -> file:///E:/Aptana%20Jaxer%20Apache/Jaxer/Apache2-4Build/jaxer/framework/src/CoreEvents.js
  -> file:///E:/Aptana%20Jaxer%20Apache/Jaxer/Apache2-4Build/jaxer/components/aptEventHandler.js

01:10:42 12/24/2025 [ 15324] [DEBUG] [JS Framework] [HandleCallback._autoload] Restoring autoloads: 
stack:
  ->  [ModuleLogger.js:98] debug("Restoring autoloads: ")
  ->  [HandleCallback.js:162] _autoload([object Array])
  ->  [\nJaxer._autoload([]);\n$ = this.$ = function...:2] <no name>
paths:
  -> file:///E:/Aptana%20Jaxer%20Apache/Jaxer/Apache2-4Build/jaxer/framework/src/ModuleLogger.js
  -> file:///E:/Aptana%20Jaxer%20Apache/Jaxer/Apache2-4Build/jaxer/framework/src/HandleCallback.js
  -> javascript:/* callback.js */\nJaxer._autoload([]);\n$ = this.$ = function...

01:10:42 12/24/2025 [ 15324] [TRACE] [JS Framework] [HandleCallback.onHandleCallback] Updating access count to 26
stack:
  ->  [ModuleLogger.js:98] trace("Updating access count to 26")
  ->  [HandleCallback.js:197] onHandleCallback([object XPCWrappedNative_NoHelper],[object HTMLDocument])
  ->  [CoreEvents.js:293] fireEvent("HANDLE_CALLBACK",[object Array])
  ->  [CoreEvents.js:220] fire("PARSE_COMPLETE",[object XPCWrappedNative_NoHelper],[object HTMLDocument])
  ->  [aptEventHandler.js:337] observe([object XPCWrappedNative_NoHelper],"jaxerEvent.HTMLParseComplete",null)
paths:
  -> file:///E:/Aptana%20Jaxer%20Apache/Jaxer/Apache2-4Build/jaxer/framework/src/ModuleLogger.js
  -> file:///E:/Aptana%20Jaxer%20Apache/Jaxer/Apache2-4Build/jaxer/framework/src/HandleCallback.js
  -> file:///E:/Aptana%20Jaxer%20Apache/Jaxer/Apache2-4Build/jaxer/framework/src/CoreEvents.js
  -> file:///E:/Aptana%20Jaxer%20Apache/Jaxer/Apache2-4Build/jaxer/components/aptEventHandler.js

01:10:42 12/24/2025 [ 15324] [TRACE] [JS Framework] [DB.SQLite.execute] Starting execute
stack:
  ->  [ModuleLogger.js:98] trace("Starting execute")
  ->  [DB_SQLite.js:302] execute("UPDATE callback_page SET access_datetime=?, access_count=? WHERE name=? AND crc32=?",[object Array])
  ->  [DB.js:181] anonymous("UPDATE callback_page SET access_datetime=?, access_count=? WHERE name=? AND crc32=?",[object Array])
  ->  [HandleCallback.js:202] onHandleCallback([object XPCWrappedNative_NoHelper],[object HTMLDocument])
  ->  [CoreEvents.js:293] fireEvent("HANDLE_CALLBACK",[object Array])
  ->  [CoreEvents.js:220] fire("PARSE_COMPLETE",[object XPCWrappedNative_NoHelper],[object HTMLDocument])
  ->  [aptEventHandler.js:337] observe([object XPCWrappedNative_NoHelper],"jaxerEvent.HTMLParseComplete",null)
paths:
  -> file:///E:/Aptana%20Jaxer%20Apache/Jaxer/Apache2-4Build/jaxer/framework/src/ModuleLogger.js
  -> file:///E:/Aptana%20Jaxer%20Apache/Jaxer/Apache2-4Build/jaxer/framework/src/DB_SQLite.js
  -> file:///E:/Aptana%20Jaxer%20Apache/Jaxer/Apache2-4Build/jaxer/framework/src/DB.js
  -> file:///E:/Aptana%20Jaxer%20Apache/Jaxer/Apache2-4Build/jaxer/framework/src/HandleCallback.js
  -> file:///E:/Aptana%20Jaxer%20Apache/Jaxer/Apache2-4Build/jaxer/framework/src/CoreEvents.js
  -> file:///E:/Aptana%20Jaxer%20Apache/Jaxer/Apache2-4Build/jaxer/components/aptEventHandler.js

01:10:42 12/24/2025 [ 15324] [TRACE] [JS Framework] [DB.SQLite.bindAndExecute] Binding statement UPDATE callback_page SET access_datetime=?, access_count=? WHERE name=? AND crc32=?
with params: Wed Dec 24 2025 01:10:42 GMT+1000,26,localhost:8081/aptana/samples/logging/index.html,-911974268
stack:
  ->  [ModuleLogger.js:98] trace("Binding statement UPDATE callback_page SET access_datetime=?, access_count=? WHERE name=? AND crc32=?\nwith params: Wed Dec 24 2025 01:10:42 GMT+1000,26,localhost:8081/aptana/samples/logging/index.html,-911974268")
  ->  [DB_SQLite.js:512] bindAndExecute([object Object],[object XPCWrappedNative_NoHelper],"UPDATE callback_page SET access_datetime=?, access_count=? WHERE name=? AND crc32=?",[object Array],null,[object Object])
  ->  [DB_SQLite.js:464] executeOneWithStatement([object Array],0,[object Array])
  ->  [DB_SQLite.js:456] executeWithStatement([object Object],"UPDATE callback_page SET access_datetime=?, access_count=? WHERE name=? AND crc32=?",[object Array],[object Object])
  ->  [DB_SQLite.js:312] execute("UPDATE callback_page SET access_datetime=?, access_count=? WHERE name=? AND crc32=?",[object Array])
  ->  [DB.js:181] anonymous("UPDATE callback_page SET access_datetime=?, access_count=? WHERE name=? AND crc32=?",[object Array])
  ->  [HandleCallback.js:202] onHandleCallback([object XPCWrappedNative_NoHelper],[object HTMLDocument])
  ->  [CoreEvents.js:293] fireEvent("HANDLE_CALLBACK",[object Array])
  ->  [CoreEvents.js:220] fire("PARSE_COMPLETE",[object XPCWrappedNative_NoHelper],[object HTMLDocument])
  ->  [aptEventHandler.js:337] observe([object XPCWrappedNative_NoHelper],"jaxerEvent.HTMLParseComplete",null)
paths:
  -> file:///E:/Aptana%20Jaxer%20Apache/Jaxer/Apache2-4Build/jaxer/framework/src/ModuleLogger.js
  -> file:///E:/Aptana%20Jaxer%20Apache/Jaxer/Apache2-4Build/jaxer/framework/src/DB_SQLite.js
  -> file:///E:/Aptana%20Jaxer%20Apache/Jaxer/Apache2-4Build/jaxer/framework/src/DB.js
  -> file:///E:/Aptana%20Jaxer%20Apache/Jaxer/Apache2-4Build/jaxer/framework/src/HandleCallback.js
  -> file:///E:/Aptana%20Jaxer%20Apache/Jaxer/Apache2-4Build/jaxer/framework/src/CoreEvents.js
  -> file:///E:/Aptana%20Jaxer%20Apache/Jaxer/Apache2-4Build/jaxer/components/aptEventHandler.js

01:10:42 12/24/2025 [ 15324] [TRACE] [JS Framework] [DB.SQLite.bindAndExecute] Tried 1 time(s) in 8 ms to execute statement on SQLite database file E:\Aptana Jaxer Apache\Jaxer\Apache2-4Build\jaxer\..\local_jaxer\conf\..\data\frameworkdata.sqlite
stack:
  ->  [ModuleLogger.js:98] trace("Tried 1 time(s) in 8 ms to execute statement on SQLite database file E:\\Aptana Jaxer Apache\\Jaxer\\Apache2-4Build\\jaxer\\..\\local_jaxer\\conf\\..\\data\\frameworkdata.sqlite")
  ->  [DB_SQLite.js:606] bindAndExecute([object Object],[object XPCWrappedNative_NoHelper],"UPDATE callback_page SET access_datetime=?, access_count=? WHERE name=? AND crc32=?",[object Array],null,[object Object])
  ->  [DB_SQLite.js:464] executeOneWithStatement([object Array],0,[object Array])
  ->  [DB_SQLite.js:456] executeWithStatement([object Object],"UPDATE callback_page SET access_datetime=?, access_count=? WHERE name=? AND crc32=?",[object Array],[object Object])
  ->  [DB_SQLite.js:312] execute("UPDATE callback_page SET access_datetime=?, access_count=? WHERE name=? AND crc32=?",[object Array])
  ->  [DB.js:181] anonymous("UPDATE callback_page SET access_datetime=?, access_count=? WHERE name=? AND crc32=?",[object Array])
  ->  [HandleCallback.js:202] onHandleCallback([object XPCWrappedNative_NoHelper],[object HTMLDocument])
  ->  [CoreEvents.js:293] fireEvent("HANDLE_CALLBACK",[object Array])
  ->  [CoreEvents.js:220] fire("PARSE_COMPLETE",[object XPCWrappedNative_NoHelper],[object HTMLDocument])
  ->  [aptEventHandler.js:337] observe([object XPCWrappedNative_NoHelper],"jaxerEvent.HTMLParseComplete",null)
paths:
  -> file:///E:/Aptana%20Jaxer%20Apache/Jaxer/Apache2-4Build/jaxer/framework/src/ModuleLogger.js
  -> file:///E:/Aptana%20Jaxer%20Apache/Jaxer/Apache2-4Build/jaxer/framework/src/DB_SQLite.js
  -> file:///E:/Aptana%20Jaxer%20Apache/Jaxer/Apache2-4Build/jaxer/framework/src/DB.js
  -> file:///E:/Aptana%20Jaxer%20Apache/Jaxer/Apache2-4Build/jaxer/framework/src/HandleCallback.js
  -> file:///E:/Aptana%20Jaxer%20Apache/Jaxer/Apache2-4Build/jaxer/framework/src/CoreEvents.js
  -> file:///E:/Aptana%20Jaxer%20Apache/Jaxer/Apache2-4Build/jaxer/components/aptEventHandler.js

01:10:42 12/24/2025 [ 15324] [TRACE] [JS Framework] [DB.SQLite.executeWithStatement] Closing statement
stack:
  ->  [ModuleLogger.js:98] trace("Closing statement")
  ->  [DB_SQLite.js:484] executeWithStatement([object Object],"UPDATE callback_page SET access_datetime=?, access_count=? WHERE name=? AND crc32=?",[object Array],[object Object])
  ->  [DB_SQLite.js:312] execute("UPDATE callback_page SET access_datetime=?, access_count=? WHERE name=? AND crc32=?",[object Array])
  ->  [DB.js:181] anonymous("UPDATE callback_page SET access_datetime=?, access_count=? WHERE name=? AND crc32=?",[object Array])
  ->  [HandleCallback.js:202] onHandleCallback([object XPCWrappedNative_NoHelper],[object HTMLDocument])
  ->  [CoreEvents.js:293] fireEvent("HANDLE_CALLBACK",[object Array])
  ->  [CoreEvents.js:220] fire("PARSE_COMPLETE",[object XPCWrappedNative_NoHelper],[object HTMLDocument])
  ->  [aptEventHandler.js:337] observe([object XPCWrappedNative_NoHelper],"jaxerEvent.HTMLParseComplete",null)
paths:
  -> file:///E:/Aptana%20Jaxer%20Apache/Jaxer/Apache2-4Build/jaxer/framework/src/ModuleLogger.js
  -> file:///E:/Aptana%20Jaxer%20Apache/Jaxer/Apache2-4Build/jaxer/framework/src/DB_SQLite.js
  -> file:///E:/Aptana%20Jaxer%20Apache/Jaxer/Apache2-4Build/jaxer/framework/src/DB.js
  -> file:///E:/Aptana%20Jaxer%20Apache/Jaxer/Apache2-4Build/jaxer/framework/src/HandleCallback.js
  -> file:///E:/Aptana%20Jaxer%20Apache/Jaxer/Apache2-4Build/jaxer/framework/src/CoreEvents.js
  -> file:///E:/Aptana%20Jaxer%20Apache/Jaxer/Apache2-4Build/jaxer/components/aptEventHandler.js

01:10:42 12/24/2025 [ 15324] [TRACE] [JS Framework] [DB.SQLite.executeWithStatement] Resetting and finalizing statement
stack:
  ->  [ModuleLogger.js:98] trace("Resetting and finalizing statement")
  ->  [DB_SQLite.js:487] executeWithStatement([object Object],"UPDATE callback_page SET access_datetime=?, access_count=? WHERE name=? AND crc32=?",[object Array],[object Object])
  ->  [DB_SQLite.js:312] execute("UPDATE callback_page SET access_datetime=?, access_count=? WHERE name=? AND crc32=?",[object Array])
  ->  [DB.js:181] anonymous("UPDATE callback_page SET access_datetime=?, access_count=? WHERE name=? AND crc32=?",[object Array])
  ->  [HandleCallback.js:202] onHandleCallback([object XPCWrappedNative_NoHelper],[object HTMLDocument])
  ->  [CoreEvents.js:293] fireEvent("HANDLE_CALLBACK",[object Array])
  ->  [CoreEvents.js:220] fire("PARSE_COMPLETE",[object XPCWrappedNative_NoHelper],[object HTMLDocument])
  ->  [aptEventHandler.js:337] observe([object XPCWrappedNative_NoHelper],"jaxerEvent.HTMLParseComplete",null)
paths:
  -> file:///E:/Aptana%20Jaxer%20Apache/Jaxer/Apache2-4Build/jaxer/framework/src/ModuleLogger.js
  -> file:///E:/Aptana%20Jaxer%20Apache/Jaxer/Apache2-4Build/jaxer/framework/src/DB_SQLite.js
  -> file:///E:/Aptana%20Jaxer%20Apache/Jaxer/Apache2-4Build/jaxer/framework/src/DB.js
  -> file:///E:/Aptana%20Jaxer%20Apache/Jaxer/Apache2-4Build/jaxer/framework/src/HandleCallback.js
  -> file:///E:/Aptana%20Jaxer%20Apache/Jaxer/Apache2-4Build/jaxer/framework/src/CoreEvents.js
  -> file:///E:/Aptana%20Jaxer%20Apache/Jaxer/Apache2-4Build/jaxer/components/aptEventHandler.js

01:10:42 12/24/2025 [ 15324] [TRACE] [JS Framework] [DB.SQLite.execute] Finished executing
stack:
  ->  [ModuleLogger.js:98] trace("Finished executing")
  ->  [DB_SQLite.js:338] execute("UPDATE callback_page SET access_datetime=?, access_count=? WHERE name=? AND crc32=?",[object Array])
  ->  [DB.js:181] anonymous("UPDATE callback_page SET access_datetime=?, access_count=? WHERE name=? AND crc32=?",[object Array])
  ->  [HandleCallback.js:202] onHandleCallback([object XPCWrappedNative_NoHelper],[object HTMLDocument])
  ->  [CoreEvents.js:293] fireEvent("HANDLE_CALLBACK",[object Array])
  ->  [CoreEvents.js:220] fire("PARSE_COMPLETE",[object XPCWrappedNative_NoHelper],[object HTMLDocument])
  ->  [aptEventHandler.js:337] observe([object XPCWrappedNative_NoHelper],"jaxerEvent.HTMLParseComplete",null)
paths:
  -> file:///E:/Aptana%20Jaxer%20Apache/Jaxer/Apache2-4Build/jaxer/framework/src/ModuleLogger.js
  -> file:///E:/Aptana%20Jaxer%20Apache/Jaxer/Apache2-4Build/jaxer/framework/src/DB_SQLite.js
  -> file:///E:/Aptana%20Jaxer%20Apache/Jaxer/Apache2-4Build/jaxer/framework/src/DB.js
  -> file:///E:/Aptana%20Jaxer%20Apache/Jaxer/Apache2-4Build/jaxer/framework/src/HandleCallback.js
  -> file:///E:/Aptana%20Jaxer%20Apache/Jaxer/Apache2-4Build/jaxer/framework/src/CoreEvents.js
  -> file:///E:/Aptana%20Jaxer%20Apache/Jaxer/Apache2-4Build/jaxer/components/aptEventHandler.js

01:10:42 12/24/2025 [ 15324] [DEBUG] [JS Framework] [HandleCallback.onHandleCallback] About to execute: proxyLog with 2 arguments
stack:
  ->  [ModuleLogger.js:98] debug("About to execute: proxyLog with 2 arguments")
  ->  [HandleCallback.js:231] onHandleCallback([object XPCWrappedNative_NoHelper],[object HTMLDocument])
  ->  [CoreEvents.js:293] fireEvent("HANDLE_CALLBACK",[object Array])
  ->  [CoreEvents.js:220] fire("PARSE_COMPLETE",[object XPCWrappedNative_NoHelper],[object HTMLDocument])
  ->  [aptEventHandler.js:337] observe([object XPCWrappedNative_NoHelper],"jaxerEvent.HTMLParseComplete",null)
paths:
  -> file:///E:/Aptana%20Jaxer%20Apache/Jaxer/Apache2-4Build/jaxer/framework/src/ModuleLogger.js
  -> file:///E:/Aptana%20Jaxer%20Apache/Jaxer/Apache2-4Build/jaxer/framework/src/HandleCallback.js
  -> file:///E:/Aptana%20Jaxer%20Apache/Jaxer/Apache2-4Build/jaxer/framework/src/CoreEvents.js
  -> file:///E:/Aptana%20Jaxer%20Apache/Jaxer/Apache2-4Build/jaxer/components/aptEventHandler.js

01:10:42 12/24/2025 [ 15324] [TRACE] [JS Framework] [HandleCallback.onHandleCallback] Arguments: ["warn", "a proxied 'warn' log statement"]
stack:
  ->  [ModuleLogger.js:98] trace("Arguments: [\"warn\", \"a proxied 'warn' log statement\"]")
  ->  [HandleCallback.js:232] onHandleCallback([object XPCWrappedNative_NoHelper],[object HTMLDocument])
  ->  [CoreEvents.js:293] fireEvent("HANDLE_CALLBACK",[object Array])
  ->  [CoreEvents.js:220] fire("PARSE_COMPLETE",[object XPCWrappedNative_NoHelper],[object HTMLDocument])
  ->  [aptEventHandler.js:337] observe([object XPCWrappedNative_NoHelper],"jaxerEvent.HTMLParseComplete",null)
paths:
  -> file:///E:/Aptana%20Jaxer%20Apache/Jaxer/Apache2-4Build/jaxer/framework/src/ModuleLogger.js
  -> file:///E:/Aptana%20Jaxer%20Apache/Jaxer/Apache2-4Build/jaxer/framework/src/HandleCallback.js
  -> file:///E:/Aptana%20Jaxer%20Apache/Jaxer/Apache2-4Build/jaxer/framework/src/CoreEvents.js
  -> file:///E:/Aptana%20Jaxer%20Apache/Jaxer/Apache2-4Build/jaxer/components/aptEventHandler.js

01:10:42 12/24/2025 [ 15324] [WARN] [JS Framework] [proxyLogger.proxyLog] a proxied 'warn' log statement
stack:
  ->  [ModuleLogger.js:98] warn("a proxied 'warn' log statement")
  ->  [\nJaxer._autoload([]);\n$ = this.$ = function...:8] proxyLog("warn","a proxied 'warn' log statement")
  ->  [HandleCallback.js:233] onHandleCallback([object XPCWrappedNative_NoHelper],[object HTMLDocument])
  ->  [CoreEvents.js:293] fireEvent("HANDLE_CALLBACK",[object Array])
  ->  [CoreEvents.js:220] fire("PARSE_COMPLETE",[object XPCWrappedNative_NoHelper],[object HTMLDocument])
  ->  [aptEventHandler.js:337] observe([object XPCWrappedNative_NoHelper],"jaxerEvent.HTMLParseComplete",null)
paths:
  -> file:///E:/Aptana%20Jaxer%20Apache/Jaxer/Apache2-4Build/jaxer/framework/src/ModuleLogger.js
  -> javascript:/* callback.js */\nJaxer._autoload([]);\n$ = this.$ = function...
  -> file:///E:/Aptana%20Jaxer%20Apache/Jaxer/Apache2-4Build/jaxer/framework/src/HandleCallback.js
  -> file:///E:/Aptana%20Jaxer%20Apache/Jaxer/Apache2-4Build/jaxer/framework/src/CoreEvents.js
  -> file:///E:/Aptana%20Jaxer%20Apache/Jaxer/Apache2-4Build/jaxer/components/aptEventHandler.js

01:10:42 12/24/2025 [ 15324] [TRACE] [JS Framework] [HandleCallback.onHandleCallback] result = undefined
stack:
  ->  [ModuleLogger.js:98] trace("result = undefined")
  ->  [HandleCallback.js:289] onHandleCallback([object XPCWrappedNative_NoHelper],[object HTMLDocument])
  ->  [CoreEvents.js:293] fireEvent("HANDLE_CALLBACK",[object Array])
  ->  [CoreEvents.js:220] fire("PARSE_COMPLETE",[object XPCWrappedNative_NoHelper],[object HTMLDocument])
  ->  [aptEventHandler.js:337] observe([object XPCWrappedNative_NoHelper],"jaxerEvent.HTMLParseComplete",null)
paths:
  -> file:///E:/Aptana%20Jaxer%20Apache/Jaxer/Apache2-4Build/jaxer/framework/src/ModuleLogger.js
  -> file:///E:/Aptana%20Jaxer%20Apache/Jaxer/Apache2-4Build/jaxer/framework/src/HandleCallback.js
  -> file:///E:/Aptana%20Jaxer%20Apache/Jaxer/Apache2-4Build/jaxer/framework/src/CoreEvents.js
  -> file:///E:/Aptana%20Jaxer%20Apache/Jaxer/Apache2-4Build/jaxer/components/aptEventHandler.js

01:10:42 12/24/2025 [ 15324] [TRACE] [JS Framework] [HandleCallback.onHandleCallback] Jaxer.response.contents = undefined
stack:
  ->  [ModuleLogger.js:98] trace("Jaxer.response.contents = undefined")
  ->  [HandleCallback.js:314] onHandleCallback([object XPCWrappedNative_NoHelper],[object HTMLDocument])
  ->  [CoreEvents.js:293] fireEvent("HANDLE_CALLBACK",[object Array])
  ->  [CoreEvents.js:220] fire("PARSE_COMPLETE",[object XPCWrappedNative_NoHelper],[object HTMLDocument])
  ->  [aptEventHandler.js:337] observe([object XPCWrappedNative_NoHelper],"jaxerEvent.HTMLParseComplete",null)
paths:
  -> file:///E:/Aptana%20Jaxer%20Apache/Jaxer/Apache2-4Build/jaxer/framework/src/ModuleLogger.js
  -> file:///E:/Aptana%20Jaxer%20Apache/Jaxer/Apache2-4Build/jaxer/framework/src/HandleCallback.js
  -> file:///E:/Aptana%20Jaxer%20Apache/Jaxer/Apache2-4Build/jaxer/framework/src/CoreEvents.js
  -> file:///E:/Aptana%20Jaxer%20Apache/Jaxer/Apache2-4Build/jaxer/components/aptEventHandler.js

01:10:42 12/24/2025 [ 15324] [DEBUG] [JS Framework] [SessionManager.keyToResponse] Saving session key to the client via cookie JaxerSessionId$$logging: 176650264152708165463317747484
stack:
  ->  [ModuleLogger.js:98] debug("Saving session key to the client via cookie JaxerSessionId$$logging: 176650264152708165463317747484")
  ->  [SessionManager.js:82] keyToResponse("logging","176650264152708165463317747484")
  ->  [Container.js:614] persistAll()
  ->  [HandleCallback.js:320] onHandleCallback([object XPCWrappedNative_NoHelper],[object HTMLDocument])
  ->  [CoreEvents.js:293] fireEvent("HANDLE_CALLBACK",[object Array])
  ->  [CoreEvents.js:220] fire("PARSE_COMPLETE",[object XPCWrappedNative_NoHelper],[object HTMLDocument])
  ->  [aptEventHandler.js:337] observe([object XPCWrappedNative_NoHelper],"jaxerEvent.HTMLParseComplete",null)
paths:
  -> file:///E:/Aptana%20Jaxer%20Apache/Jaxer/Apache2-4Build/jaxer/framework/src/ModuleLogger.js
  -> file:///E:/Aptana%20Jaxer%20Apache/Jaxer/Apache2-4Build/jaxer/framework/src/SessionManager.js
  -> file:///E:/Aptana%20Jaxer%20Apache/Jaxer/Apache2-4Build/jaxer/framework/src/Container.js
  -> file:///E:/Aptana%20Jaxer%20Apache/Jaxer/Apache2-4Build/jaxer/framework/src/HandleCallback.js
  -> file:///E:/Aptana%20Jaxer%20Apache/Jaxer/Apache2-4Build/jaxer/framework/src/CoreEvents.js
  -> file:///E:/Aptana%20Jaxer%20Apache/Jaxer/Apache2-4Build/jaxer/components/aptEventHandler.js

01:10:42 12/24/2025 [ 15324] [TRACE] [JS Framework] [Container.persist] For container APPLICATION:logging: Persisting
stack:
  ->  [ModuleLogger.js:98] trace("For container APPLICATION:logging: Persisting")
  ->  [Container.js:313] persist()
  ->  [Container.js:620] persistAll()
  ->  [HandleCallback.js:320] onHandleCallback([object XPCWrappedNative_NoHelper],[object HTMLDocument])
  ->  [CoreEvents.js:293] fireEvent("HANDLE_CALLBACK",[object Array])
  ->  [CoreEvents.js:220] fire("PARSE_COMPLETE",[object XPCWrappedNative_NoHelper],[object HTMLDocument])
  ->  [aptEventHandler.js:337] observe([object XPCWrappedNative_NoHelper],"jaxerEvent.HTMLParseComplete",null)
paths:
  -> file:///E:/Aptana%20Jaxer%20Apache/Jaxer/Apache2-4Build/jaxer/framework/src/ModuleLogger.js
  -> file:///E:/Aptana%20Jaxer%20Apache/Jaxer/Apache2-4Build/jaxer/framework/src/Container.js
  -> file:///E:/Aptana%20Jaxer%20Apache/Jaxer/Apache2-4Build/jaxer/framework/src/HandleCallback.js
  -> file:///E:/Aptana%20Jaxer%20Apache/Jaxer/Apache2-4Build/jaxer/framework/src/CoreEvents.js
  -> file:///E:/Aptana%20Jaxer%20Apache/Jaxer/Apache2-4Build/jaxer/components/aptEventHandler.js

01:10:42 12/24/2025 [ 15324] [TRACE] [JS Framework] [Container.persist] For container PAGE:localhost:8081/aptana/samples/logging/index.html: Persisting
stack:
  ->  [ModuleLogger.js:98] trace("For container PAGE:localhost:8081/aptana/samples/logging/index.html: Persisting")
  ->  [Container.js:313] persist()
  ->  [Container.js:620] persistAll()
  ->  [HandleCallback.js:320] onHandleCallback([object XPCWrappedNative_NoHelper],[object HTMLDocument])
  ->  [CoreEvents.js:293] fireEvent("HANDLE_CALLBACK",[object Array])
  ->  [CoreEvents.js:220] fire("PARSE_COMPLETE",[object XPCWrappedNative_NoHelper],[object HTMLDocument])
  ->  [aptEventHandler.js:337] observe([object XPCWrappedNative_NoHelper],"jaxerEvent.HTMLParseComplete",null)
paths:
  -> file:///E:/Aptana%20Jaxer%20Apache/Jaxer/Apache2-4Build/jaxer/framework/src/ModuleLogger.js
  -> file:///E:/Aptana%20Jaxer%20Apache/Jaxer/Apache2-4Build/jaxer/framework/src/Container.js
  -> file:///E:/Aptana%20Jaxer%20Apache/Jaxer/Apache2-4Build/jaxer/framework/src/HandleCallback.js
  -> file:///E:/Aptana%20Jaxer%20Apache/Jaxer/Apache2-4Build/jaxer/framework/src/CoreEvents.js
  -> file:///E:/Aptana%20Jaxer%20Apache/Jaxer/Apache2-4Build/jaxer/components/aptEventHandler.js

01:10:42 12/24/2025 [ 15324] [TRACE] [JS Framework] [Container.persist] For container SESSION:176650264152708165463317747484: Persisting
stack:
  ->  [ModuleLogger.js:98] trace("For container SESSION:176650264152708165463317747484: Persisting")
  ->  [Container.js:313] persist()
  ->  [Container.js:620] persistAll()
  ->  [HandleCallback.js:320] onHandleCallback([object XPCWrappedNative_NoHelper],[object HTMLDocument])
  ->  [CoreEvents.js:293] fireEvent("HANDLE_CALLBACK",[object Array])
  ->  [CoreEvents.js:220] fire("PARSE_COMPLETE",[object XPCWrappedNative_NoHelper],[object HTMLDocument])
  ->  [aptEventHandler.js:337] observe([object XPCWrappedNative_NoHelper],"jaxerEvent.HTMLParseComplete",null)
paths:
  -> file:///E:/Aptana%20Jaxer%20Apache/Jaxer/Apache2-4Build/jaxer/framework/src/ModuleLogger.js
  -> file:///E:/Aptana%20Jaxer%20Apache/Jaxer/Apache2-4Build/jaxer/framework/src/Container.js
  -> file:///E:/Aptana%20Jaxer%20Apache/Jaxer/Apache2-4Build/jaxer/framework/src/HandleCallback.js
  -> file:///E:/Aptana%20Jaxer%20Apache/Jaxer/Apache2-4Build/jaxer/framework/src/CoreEvents.js
  -> file:///E:/Aptana%20Jaxer%20Apache/Jaxer/Apache2-4Build/jaxer/components/aptEventHandler.js

01:10:42 12/24/2025 [ 15324] [TRACE] [JS Framework] [Container.persist] For container SESSION_PAGE:176650264152708165463317747484$$localhost:8081/aptana/samples/logging/index.html: Persisting
stack:
  ->  [ModuleLogger.js:98] trace("For container SESSION_PAGE:176650264152708165463317747484$$localhost:8081/aptana/samples/logging/index.html: Persisting")
  ->  [Container.js:313] persist()
  ->  [Container.js:620] persistAll()
  ->  [HandleCallback.js:320] onHandleCallback([object XPCWrappedNative_NoHelper],[object HTMLDocument])
  ->  [CoreEvents.js:293] fireEvent("HANDLE_CALLBACK",[object Array])
  ->  [CoreEvents.js:220] fire("PARSE_COMPLETE",[object XPCWrappedNative_NoHelper],[object HTMLDocument])
  ->  [aptEventHandler.js:337] observe([object XPCWrappedNative_NoHelper],"jaxerEvent.HTMLParseComplete",null)
paths:
  -> file:///E:/Aptana%20Jaxer%20Apache/Jaxer/Apache2-4Build/jaxer/framework/src/ModuleLogger.js
  -> file:///E:/Aptana%20Jaxer%20Apache/Jaxer/Apache2-4Build/jaxer/framework/src/Container.js
  -> file:///E:/Aptana%20Jaxer%20Apache/Jaxer/Apache2-4Build/jaxer/framework/src/HandleCallback.js
  -> file:///E:/Aptana%20Jaxer%20Apache/Jaxer/Apache2-4Build/jaxer/framework/src/CoreEvents.js
  -> file:///E:/Aptana%20Jaxer%20Apache/Jaxer/Apache2-4Build/jaxer/components/aptEventHandler.js

01:10:42 12/24/2025 [ 15324] [DEBUG] [JS Framework] [HandleCallback.onHandleCallback] Containers persisted
stack:
  ->  [ModuleLogger.js:98] debug("Containers persisted")
  ->  [HandleCallback.js:321] onHandleCallback([object XPCWrappedNative_NoHelper],[object HTMLDocument])
  ->  [CoreEvents.js:293] fireEvent("HANDLE_CALLBACK",[object Array])
  ->  [CoreEvents.js:220] fire("PARSE_COMPLETE",[object XPCWrappedNative_NoHelper],[object HTMLDocument])
  ->  [aptEventHandler.js:337] observe([object XPCWrappedNative_NoHelper],"jaxerEvent.HTMLParseComplete",null)
paths:
  -> file:///E:/Aptana%20Jaxer%20Apache/Jaxer/Apache2-4Build/jaxer/framework/src/ModuleLogger.js
  -> file:///E:/Aptana%20Jaxer%20Apache/Jaxer/Apache2-4Build/jaxer/framework/src/HandleCallback.js
  -> file:///E:/Aptana%20Jaxer%20Apache/Jaxer/Apache2-4Build/jaxer/framework/src/CoreEvents.js
  -> file:///E:/Aptana%20Jaxer%20Apache/Jaxer/Apache2-4Build/jaxer/components/aptEventHandler.js

01:10:42 12/24/2025 [ 15324] [TRACE] [JS Framework] [DB.SQLite.close] Closing the connection
stack:
  ->  [ModuleLogger.js:98] trace("Closing the connection")
  ->  [DB_SQLite.js:739] close()
  ->  [DB.js:437] closeAllConnections(true)
  ->  [HandleCallback.js:323] onHandleCallback([object XPCWrappedNative_NoHelper],[object HTMLDocument])
  ->  [CoreEvents.js:293] fireEvent("HANDLE_CALLBACK",[object Array])
  ->  [CoreEvents.js:220] fire("PARSE_COMPLETE",[object XPCWrappedNative_NoHelper],[object HTMLDocument])
  ->  [aptEventHandler.js:337] observe([object XPCWrappedNative_NoHelper],"jaxerEvent.HTMLParseComplete",null)
paths:
  -> file:///E:/Aptana%20Jaxer%20Apache/Jaxer/Apache2-4Build/jaxer/framework/src/ModuleLogger.js
  -> file:///E:/Aptana%20Jaxer%20Apache/Jaxer/Apache2-4Build/jaxer/framework/src/DB_SQLite.js
  -> file:///E:/Aptana%20Jaxer%20Apache/Jaxer/Apache2-4Build/jaxer/framework/src/DB.js
  -> file:///E:/Aptana%20Jaxer%20Apache/Jaxer/Apache2-4Build/jaxer/framework/src/HandleCallback.js
  -> file:///E:/Aptana%20Jaxer%20Apache/Jaxer/Apache2-4Build/jaxer/framework/src/CoreEvents.js
  -> file:///E:/Aptana%20Jaxer%20Apache/Jaxer/Apache2-4Build/jaxer/components/aptEventHandler.js

01:10:42 12/24/2025 [ 15324] [TRACE] [JS Framework] [HandleCallback.onHandleCallback] === Callback processing complete
stack:
  ->  [ModuleLogger.js:98] trace("=== Callback processing complete")
  ->  [HandleCallback.js:326] onHandleCallback([object XPCWrappedNative_NoHelper],[object HTMLDocument])
  ->  [CoreEvents.js:293] fireEvent("HANDLE_CALLBACK",[object Array])
  ->  [CoreEvents.js:220] fire("PARSE_COMPLETE",[object XPCWrappedNative_NoHelper],[object HTMLDocument])
  ->  [aptEventHandler.js:337] observe([object XPCWrappedNative_NoHelper],"jaxerEvent.HTMLParseComplete",null)
paths:
  -> file:///E:/Aptana%20Jaxer%20Apache/Jaxer/Apache2-4Build/jaxer/framework/src/ModuleLogger.js
  -> file:///E:/Aptana%20Jaxer%20Apache/Jaxer/Apache2-4Build/jaxer/framework/src/HandleCallback.js
  -> file:///E:/Aptana%20Jaxer%20Apache/Jaxer/Apache2-4Build/jaxer/framework/src/CoreEvents.js
  -> file:///E:/Aptana%20Jaxer%20Apache/Jaxer/Apache2-4Build/jaxer/components/aptEventHandler.js

01:10:42 12/24/2025 [ 15324] [TRACE] [JS Framework] [CoreEvents.fireEvent] Firing an event for PARSE_COMPLETE
stack:
  ->  [ModuleLogger.js:98] trace("Firing an event for PARSE_COMPLETE")
  ->  [CoreEvents.js:282] fireEvent("PARSE_COMPLETE",[object Array])
  ->  [CoreEvents.js:238] fire("PARSE_COMPLETE",[object XPCWrappedNative_NoHelper],[object HTMLDocument])
  ->  [aptEventHandler.js:337] observe([object XPCWrappedNative_NoHelper],"jaxerEvent.HTMLParseComplete",null)
paths:
  -> file:///E:/Aptana%20Jaxer%20Apache/Jaxer/Apache2-4Build/jaxer/framework/src/ModuleLogger.js
  -> file:///E:/Aptana%20Jaxer%20Apache/Jaxer/Apache2-4Build/jaxer/framework/src/CoreEvents.js
  -> file:///E:/Aptana%20Jaxer%20Apache/Jaxer/Apache2-4Build/jaxer/components/aptEventHandler.js

01:10:42 12/24/2025 [ 15324] [TRACE] [JS Framework] [CoreEvents.fireEvent] Calling event handler: function onParseComplete(evt, doc) {
    Jaxer.__tempLoad.cl...
stack:
  ->  [ModuleLogger.js:98] trace("Calling event handler: function onParseComplete(evt, doc) {\n    Jaxer.__tempLoad.cl...")
  ->  [CoreEvents.js:292] fireEvent("PARSE_COMPLETE",[object Array])
  ->  [CoreEvents.js:238] fire("PARSE_COMPLETE",[object XPCWrappedNative_NoHelper],[object HTMLDocument])
  ->  [aptEventHandler.js:337] observe([object XPCWrappedNative_NoHelper],"jaxerEvent.HTMLParseComplete",null)
paths:
  -> file:///E:/Aptana%20Jaxer%20Apache/Jaxer/Apache2-4Build/jaxer/framework/src/ModuleLogger.js
  -> file:///E:/Aptana%20Jaxer%20Apache/Jaxer/Apache2-4Build/jaxer/framework/src/CoreEvents.js
  -> file:///E:/Aptana%20Jaxer%20Apache/Jaxer/Apache2-4Build/jaxer/components/aptEventHandler.js

01:10:42 12/24/2025 [ 15324] [TRACE] [JS Framework] [CoreEvents.fire] At this time, evt.Request.isHandler=true and eventType: REQUEST_COMPLETE
stack:
  ->  [ModuleLogger.js:98] trace("At this time, evt.Request.isHandler=true and eventType: REQUEST_COMPLETE")
  ->  [CoreEvents.js:205] fire("REQUEST_COMPLETE",[object XPCWrappedNative_NoHelper])
  ->  [aptEventHandler.js:351] observe([object XPCWrappedNative_NoHelper],"jaxerEvent.RequestComplete",null)
paths:
  -> file:///E:/Aptana%20Jaxer%20Apache/Jaxer/Apache2-4Build/jaxer/framework/src/ModuleLogger.js
  -> file:///E:/Aptana%20Jaxer%20Apache/Jaxer/Apache2-4Build/jaxer/framework/src/CoreEvents.js
  -> file:///E:/Aptana%20Jaxer%20Apache/Jaxer/Apache2-4Build/jaxer/components/aptEventHandler.js

01:10:42 12/24/2025 [ 15324] [TRACE] [JS Framework] [CoreEvents.fireEvent] Firing an event for REQUEST_COMPLETE
stack:
  ->  [ModuleLogger.js:98] trace("Firing an event for REQUEST_COMPLETE")
  ->  [CoreEvents.js:282] fireEvent("REQUEST_COMPLETE",[object Array])
  ->  [CoreEvents.js:238] fire("REQUEST_COMPLETE",[object XPCWrappedNative_NoHelper])
  ->  [aptEventHandler.js:351] observe([object XPCWrappedNative_NoHelper],"jaxerEvent.RequestComplete",null)
paths:
  -> file:///E:/Aptana%20Jaxer%20Apache/Jaxer/Apache2-4Build/jaxer/framework/src/ModuleLogger.js
  -> file:///E:/Aptana%20Jaxer%20Apache/Jaxer/Apache2-4Build/jaxer/framework/src/CoreEvents.js
  -> file:///E:/Aptana%20Jaxer%20Apache/Jaxer/Apache2-4Build/jaxer/components/aptEventHandler.js

01:10:42 12/24/2025 [ 15324] [TRACE] [JS Framework] [CoreEvents.fireEvent] Calling event handler: function onRequestComplete(evt) {
}...
stack:
  ->  [ModuleLogger.js:98] trace("Calling event handler: function onRequestComplete(evt) {\n}...")
  ->  [CoreEvents.js:292] fireEvent("REQUEST_COMPLETE",[object Array])
  ->  [CoreEvents.js:238] fire("REQUEST_COMPLETE",[object XPCWrappedNative_NoHelper])
  ->  [aptEventHandler.js:351] observe([object XPCWrappedNative_NoHelper],"jaxerEvent.RequestComplete",null)
paths:
  -> file:///E:/Aptana%20Jaxer%20Apache/Jaxer/Apache2-4Build/jaxer/framework/src/ModuleLogger.js
  -> file:///E:/Aptana%20Jaxer%20Apache/Jaxer/Apache2-4Build/jaxer/framework/src/CoreEvents.js
  -> file:///E:/Aptana%20Jaxer%20Apache/Jaxer/Apache2-4Build/jaxer/components/aptEventHandler.js

01:10:42 12/24/2025 [ 22864] [TRACE] [JS Framework] [CoreEvents.fire] At this time, evt.Request.isHandler=true and eventType: REQUEST_START
stack:
  ->  [ModuleLogger.js:98] trace("At this time, evt.Request.isHandler=true and eventType: REQUEST_START")
  ->  [CoreEvents.js:205] fire("REQUEST_START",[object XPCWrappedNative_NoHelper])
  ->  [aptEventHandler.js:292] observe([object XPCWrappedNative_NoHelper],"jaxerEvent.RequestStart",null)
paths:
  -> file:///E:/Aptana%20Jaxer%20Apache/Jaxer/Apache2-4Build/jaxer/framework/src/ModuleLogger.js
  -> file:///E:/Aptana%20Jaxer%20Apache/Jaxer/Apache2-4Build/jaxer/framework/src/CoreEvents.js
  -> file:///E:/Aptana%20Jaxer%20Apache/Jaxer/Apache2-4Build/jaxer/components/aptEventHandler.js

01:10:42 12/24/2025 [ 22864] [TRACE] [JS Framework] [CoreEvents.fireEvent] Firing an event for REQUEST_START
stack:
  ->  [ModuleLogger.js:98] trace("Firing an event for REQUEST_START")
  ->  [CoreEvents.js:282] fireEvent("REQUEST_START",[object Array])
  ->  [CoreEvents.js:238] fire("REQUEST_START",[object XPCWrappedNative_NoHelper])
  ->  [aptEventHandler.js:292] observe([object XPCWrappedNative_NoHelper],"jaxerEvent.RequestStart",null)
paths:
  -> file:///E:/Aptana%20Jaxer%20Apache/Jaxer/Apache2-4Build/jaxer/framework/src/ModuleLogger.js
  -> file:///E:/Aptana%20Jaxer%20Apache/Jaxer/Apache2-4Build/jaxer/framework/src/CoreEvents.js
  -> file:///E:/Aptana%20Jaxer%20Apache/Jaxer/Apache2-4Build/jaxer/components/aptEventHandler.js

01:10:42 12/24/2025 [ 22864] [TRACE] [JS Framework] [CoreEvents.fireEvent] Calling event handler: function onRequestStart(evt) {
}...
stack:
  ->  [ModuleLogger.js:98] trace("Calling event handler: function onRequestStart(evt) {\n}...")
  ->  [CoreEvents.js:292] fireEvent("REQUEST_START",[object Array])
  ->  [CoreEvents.js:238] fire("REQUEST_START",[object XPCWrappedNative_NoHelper])
  ->  [aptEventHandler.js:292] observe([object XPCWrappedNative_NoHelper],"jaxerEvent.RequestStart",null)
paths:
  -> file:///E:/Aptana%20Jaxer%20Apache/Jaxer/Apache2-4Build/jaxer/framework/src/ModuleLogger.js
  -> file:///E:/Aptana%20Jaxer%20Apache/Jaxer/Apache2-4Build/jaxer/framework/src/CoreEvents.js
  -> file:///E:/Aptana%20Jaxer%20Apache/Jaxer/Apache2-4Build/jaxer/components/aptEventHandler.js

01:10:42 12/24/2025 [ 22864] [TRACE] [JS Framework] [CoreEvents.fire] At this time, evt.Request.isHandler=true and eventType: PARSE_START
stack:
  ->  [ModuleLogger.js:98] trace("At this time, evt.Request.isHandler=true and eventType: PARSE_START")
  ->  [CoreEvents.js:205] fire("PARSE_START",[object XPCWrappedNative_NoHelper])
  ->  [aptEventHandler.js:306] observe([object XPCWrappedNative_NoHelper],"jaxerEvent.HTMLParseStart",null)
paths:
  -> file:///E:/Aptana%20Jaxer%20Apache/Jaxer/Apache2-4Build/jaxer/framework/src/ModuleLogger.js
  -> file:///E:/Aptana%20Jaxer%20Apache/Jaxer/Apache2-4Build/jaxer/framework/src/CoreEvents.js
  -> file:///E:/Aptana%20Jaxer%20Apache/Jaxer/Apache2-4Build/jaxer/components/aptEventHandler.js

01:10:42 12/24/2025 [ 22864] [TRACE] [JS Framework] [CoreEvents.fireEvent] Firing an event for PARSE_START
stack:
  ->  [ModuleLogger.js:98] trace("Firing an event for PARSE_START")
  ->  [CoreEvents.js:282] fireEvent("PARSE_START",[object Array])
  ->  [CoreEvents.js:238] fire("PARSE_START",[object XPCWrappedNative_NoHelper])
  ->  [aptEventHandler.js:306] observe([object XPCWrappedNative_NoHelper],"jaxerEvent.HTMLParseStart",null)
paths:
  -> file:///E:/Aptana%20Jaxer%20Apache/Jaxer/Apache2-4Build/jaxer/framework/src/ModuleLogger.js
  -> file:///E:/Aptana%20Jaxer%20Apache/Jaxer/Apache2-4Build/jaxer/framework/src/CoreEvents.js
  -> file:///E:/Aptana%20Jaxer%20Apache/Jaxer/Apache2-4Build/jaxer/components/aptEventHandler.js

01:10:42 12/24/2025 [ 22864] [TRACE] [JS Framework] [CoreEvents.fireEvent] Calling event handler: function onParseStart(evt) {
    Jaxer.request = frameworkGl...
stack:
  ->  [ModuleLogger.js:98] trace("Calling event handler: function onParseStart(evt) {\n    Jaxer.request = frameworkGl...")
  ->  [CoreEvents.js:292] fireEvent("PARSE_START",[object Array])
  ->  [CoreEvents.js:238] fire("PARSE_START",[object XPCWrappedNative_NoHelper])
  ->  [aptEventHandler.js:306] observe([object XPCWrappedNative_NoHelper],"jaxerEvent.HTMLParseStart",null)
paths:
  -> file:///E:/Aptana%20Jaxer%20Apache/Jaxer/Apache2-4Build/jaxer/framework/src/ModuleLogger.js
  -> file:///E:/Aptana%20Jaxer%20Apache/Jaxer/Apache2-4Build/jaxer/framework/src/CoreEvents.js
  -> file:///E:/Aptana%20Jaxer%20Apache/Jaxer/Apache2-4Build/jaxer/components/aptEventHandler.js

01:10:42 12/24/2025 [ 22864] [TRACE] [JS Framework] [Request.Request] Constructing request from: ({constructorErrors:[], _request:{}, method:"POST", isHandler:true, uri:"/jaxer-callback", protocol:"HTTP/1.1", remoteUser:"", remoteHost:"desktop-lpv0ncp", remoteAddr:"::1", pageFile:"E:/Aptana Jaxer Apache/Jaxer/Apache2-4Build/public/jaxer-callback", documentRoot:"E:/Aptana Jaxer Apache/Jaxer/Apache2-4Build/public", OS:"WINNT", isJaxerServer:true, isHTTPS:false, queryString:"", logFileNativePath:"", action:"POST", headers:{Host:"localhost:8081", Connection:"keep-alive", 'Content-Length':"294", 'sec-ch-ua-platform':"\"Windows\"", 'X-Requested-With':"XMLHttpRequest", 'User-Agent':"Mozilla/5.0 (Windows NT 10.0; Win64; x64) AppleWebKit/537.36 (KHTML, like Gecko) Chrome/140.0.0.0 Safari/537.36 OPR/124.0.0.0", 'sec-ch-ua':"\"Chromium\";v=\"140\", \"Not=A?Brand\";v=\"24\", \"Opera\";v=\"124\"", 'Content-Type':"application/x-www-form-urlencoded", 'sec-ch-ua-mobile':"?0", Accept:"*/*", Origin:"http://localhost:8081", 'Sec-Fetch-Site':"same-origin", 'Sec-Fetch-Mode':"cors", 'Sec-Fetch-Dest':"empty", Referer:"http://localhost:8081/aptana/samples/logging/index.html", 'Accept-Encoding':"gzip, deflate, br, zstd", 'Accept-Language':"en-US,en;q=0.9", Cookie:"JaxerSessionId%24%24localhost%3A8081=176589175647709027719934159097; JaxerSessionId%24%24diagnostics=1766389857171006019406608883027; JaxerSessionId%24%24chat=176650225815408013378880202926; JaxerSessionId%24%24smtp-email=1766502615487048247814800171795; JaxerSessionId%24%24rss-sample=1766502620172023884340692192807; JaxerSessionId%24%24tasks=176650262827103192941976629359; JaxerSessionId%24%24wikilite=1766502633159009874746526267386; JaxerSessionId%24%24logging=176650264152708165463317747484"}})
stack:
  ->  [ModuleLogger.js:98] trace("Constructing request from: ({constructorErrors:[], _request:{}, method:\"POST\", isHandler:true, uri:\"/jaxer-callback\", protocol:\"HTTP/1.1\", remoteUser:\"\", remoteHost:\"desktop-lpv0ncp\", remoteAddr:\"::1\", pageFile:\"E:/Aptana Jaxer Apache/Jaxer/Apache2-4Build/public/jaxer-callback\", documentRoot:\"E:/Aptana Jaxer Apache/Jaxer/Apache2-4Build/public\", OS:\"WINNT\", isJaxerServer:true, isHTTPS:false, queryString:\"\", logFileNativePath:\"\", action:\"POST\", headers:{Host:\"localhost:8081\", Connection:\"keep-alive\", 'Content-Length':\"294\", 'sec-ch-ua-platform':\"\\\"Windows\\\"\", 'X-Requested-With':\"XMLHttpRequest\", 'User-Agent':\"Mozilla/5.0 (Windows NT 10.0; Win64; x64) AppleWebKit/537.36 (KHTML, like Gecko) Chrome/140.0.0.0 Safari/537.36 OPR/124.0.0.0\", 'sec-ch-ua':\"\\\"Chromium\\\";v=\\\"140\\\", \\\"Not=A?Brand\\\";v=\\\"24\\\", \\\"Opera\\\";v=\\\"124\\\"\", 'Content-Type':\"application/x-www-form-urlencoded\", 'sec-ch-ua-mobile':\"?0\", Accept:\"*/*\", Origin:\"http://localhost:8081\", 'Sec-Fetch-Site':\"same-origin\", 'Sec-Fetch-Mode':\"cors\", 'Sec-Fetch-Dest':\"empty\", Referer:\"http://localhost:8081/aptana/samples/logging/index.html\", 'Accept-Encoding':\"gzip, deflate, br, zstd\", 'Accept-Language':\"en-US,en;q=0.9\", Cookie:\"JaxerSessionId%24%24localhost%3A8081=176589175647709027719934159097; JaxerSessionId%24%24diagnostics=1766389857171006019406608883027; JaxerSessionId%24%24chat=176650225815408013378880202926; JaxerSessionId%24%24smtp-email=1766502615487048247814800171795; JaxerSessionId%24%24rss-sample=1766502620172023884340692192807; JaxerSessionId%24%24tasks=176650262827103192941976629359; JaxerSessionId%24%24wikilite=1766502633159009874746526267386; JaxerSessionId%24%24logging=176650264152708165463317747484\"}})")
  ->  [Request.js:202] Request([object XPCWrappedNative_NoHelper])
  ->  [ParseStart.js:49] onParseStart([object XPCWrappedNative_NoHelper])
  ->  [CoreEvents.js:293] fireEvent("PARSE_START",[object Array])
  ->  [CoreEvents.js:238] fire("PARSE_START",[object XPCWrappedNative_NoHelper])
  ->  [aptEventHandler.js:306] observe([object XPCWrappedNative_NoHelper],"jaxerEvent.HTMLParseStart",null)
paths:
  -> file:///E:/Aptana%20Jaxer%20Apache/Jaxer/Apache2-4Build/jaxer/framework/src/ModuleLogger.js
  -> file:///E:/Aptana%20Jaxer%20Apache/Jaxer/Apache2-4Build/jaxer/framework/src/Request.js
  -> file:///E:/Aptana%20Jaxer%20Apache/Jaxer/Apache2-4Build/jaxer/framework/src/ParseStart.js
  -> file:///E:/Aptana%20Jaxer%20Apache/Jaxer/Apache2-4Build/jaxer/framework/src/CoreEvents.js
  -> file:///E:/Aptana%20Jaxer%20Apache/Jaxer/Apache2-4Build/jaxer/components/aptEventHandler.js

01:10:42 12/24/2025 [ 22864] [TRACE] [JS Framework] [ParseStart.onParseStart] Matching app using parsedUrl='({url:"http://localhost:8081/aptana/samples/logging/index.html", scheme:"http", protocol:"http", authority:"localhost:8081", path:"/aptana/samples/logging/index.html", query:"", fragment:"", userInfo:"", host:"localhost", port:"8081", hostAndPort:"localhost:8081", base:"http://localhost:8081", subdomain:"", domain:"localhost", pathParts:["aptana", "samples", "logging", "index.html"], leaf:"index.html", queryParts:{}})'
stack:
  ->  [ModuleLogger.js:98] trace("Matching app using parsedUrl='({url:\"http://localhost:8081/aptana/samples/logging/index.html\", scheme:\"http\", protocol:\"http\", authority:\"localhost:8081\", path:\"/aptana/samples/logging/index.html\", query:\"\", fragment:\"\", userInfo:\"\", host:\"localhost\", port:\"8081\", hostAndPort:\"localhost:8081\", base:\"http://localhost:8081\", subdomain:\"\", domain:\"localhost\", pathParts:[\"aptana\", \"samples\", \"logging\", \"index.html\"], leaf:\"index.html\", queryParts:{}})'")
  ->  [ParseStart.js:81] onParseStart([object XPCWrappedNative_NoHelper])
  ->  [CoreEvents.js:293] fireEvent("PARSE_START",[object Array])
  ->  [CoreEvents.js:238] fire("PARSE_START",[object XPCWrappedNative_NoHelper])
  ->  [aptEventHandler.js:306] observe([object XPCWrappedNative_NoHelper],"jaxerEvent.HTMLParseStart",null)
paths:
  -> file:///E:/Aptana%20Jaxer%20Apache/Jaxer/Apache2-4Build/jaxer/framework/src/ModuleLogger.js
  -> file:///E:/Aptana%20Jaxer%20Apache/Jaxer/Apache2-4Build/jaxer/framework/src/ParseStart.js
  -> file:///E:/Aptana%20Jaxer%20Apache/Jaxer/Apache2-4Build/jaxer/framework/src/CoreEvents.js
  -> file:///E:/Aptana%20Jaxer%20Apache/Jaxer/Apache2-4Build/jaxer/components/aptEventHandler.js

01:10:42 12/24/2025 [ 22864] [TRACE] [JS Framework] [App.init] Initializing app 'DEFAULT' (urlTest: /.*/)
stack:
  ->  [ModuleLogger.js:98] trace("Initializing app 'DEFAULT' (urlTest: /.*/)")
  ->  [App.js:184] init()
  ->  [ParseStart.js:110] onParseStart([object XPCWrappedNative_NoHelper])
  ->  [CoreEvents.js:293] fireEvent("PARSE_START",[object Array])
  ->  [CoreEvents.js:238] fire("PARSE_START",[object XPCWrappedNative_NoHelper])
  ->  [aptEventHandler.js:306] observe([object XPCWrappedNative_NoHelper],"jaxerEvent.HTMLParseStart",null)
paths:
  -> file:///E:/Aptana%20Jaxer%20Apache/Jaxer/Apache2-4Build/jaxer/framework/src/ModuleLogger.js
  -> file:///E:/Aptana%20Jaxer%20Apache/Jaxer/Apache2-4Build/jaxer/framework/src/App.js
  -> file:///E:/Aptana%20Jaxer%20Apache/Jaxer/Apache2-4Build/jaxer/framework/src/ParseStart.js
  -> file:///E:/Aptana%20Jaxer%20Apache/Jaxer/Apache2-4Build/jaxer/framework/src/CoreEvents.js
  -> file:///E:/Aptana%20Jaxer%20Apache/Jaxer/Apache2-4Build/jaxer/components/aptEventHandler.js

01:10:42 12/24/2025 [ 22864] [TRACE] [JS Framework] [App.init] APP_KEY for app 'DEFAULT': localhost:8081
stack:
  ->  [ModuleLogger.js:98] trace("APP_KEY for app 'DEFAULT': localhost:8081")
  ->  [App.js:196] init()
  ->  [ParseStart.js:110] onParseStart([object XPCWrappedNative_NoHelper])
  ->  [CoreEvents.js:293] fireEvent("PARSE_START",[object Array])
  ->  [CoreEvents.js:238] fire("PARSE_START",[object XPCWrappedNative_NoHelper])
  ->  [aptEventHandler.js:306] observe([object XPCWrappedNative_NoHelper],"jaxerEvent.HTMLParseStart",null)
paths:
  -> file:///E:/Aptana%20Jaxer%20Apache/Jaxer/Apache2-4Build/jaxer/framework/src/ModuleLogger.js
  -> file:///E:/Aptana%20Jaxer%20Apache/Jaxer/Apache2-4Build/jaxer/framework/src/App.js
  -> file:///E:/Aptana%20Jaxer%20Apache/Jaxer/Apache2-4Build/jaxer/framework/src/ParseStart.js
  -> file:///E:/Aptana%20Jaxer%20Apache/Jaxer/Apache2-4Build/jaxer/framework/src/CoreEvents.js
  -> file:///E:/Aptana%20Jaxer%20Apache/Jaxer/Apache2-4Build/jaxer/components/aptEventHandler.js

01:10:42 12/24/2025 [ 22864] [TRACE] [JS Framework] [App.init] PAGE_KEY for app 'DEFAULT': localhost:8081/aptana/samples/logging/index.html
stack:
  ->  [ModuleLogger.js:98] trace("PAGE_KEY for app 'DEFAULT': localhost:8081/aptana/samples/logging/index.html")
  ->  [App.js:208] init()
  ->  [ParseStart.js:110] onParseStart([object XPCWrappedNative_NoHelper])
  ->  [CoreEvents.js:293] fireEvent("PARSE_START",[object Array])
  ->  [CoreEvents.js:238] fire("PARSE_START",[object XPCWrappedNative_NoHelper])
  ->  [aptEventHandler.js:306] observe([object XPCWrappedNative_NoHelper],"jaxerEvent.HTMLParseStart",null)
paths:
  -> file:///E:/Aptana%20Jaxer%20Apache/Jaxer/Apache2-4Build/jaxer/framework/src/ModuleLogger.js
  -> file:///E:/Aptana%20Jaxer%20Apache/Jaxer/Apache2-4Build/jaxer/framework/src/App.js
  -> file:///E:/Aptana%20Jaxer%20Apache/Jaxer/Apache2-4Build/jaxer/framework/src/ParseStart.js
  -> file:///E:/Aptana%20Jaxer%20Apache/Jaxer/Apache2-4Build/jaxer/framework/src/CoreEvents.js
  -> file:///E:/Aptana%20Jaxer%20Apache/Jaxer/Apache2-4Build/jaxer/components/aptEventHandler.js

01:10:42 12/24/2025 [ 22864] [TRACE] [JS Framework] [App.init] PATH for app 'DEFAULT': resource:///../local_jaxer/data/DEFAULT
stack:
  ->  [ModuleLogger.js:98] trace("PATH for app 'DEFAULT': resource:///../local_jaxer/data/DEFAULT")
  ->  [App.js:231] init()
  ->  [ParseStart.js:110] onParseStart([object XPCWrappedNative_NoHelper])
  ->  [CoreEvents.js:293] fireEvent("PARSE_START",[object Array])
  ->  [CoreEvents.js:238] fire("PARSE_START",[object XPCWrappedNative_NoHelper])
  ->  [aptEventHandler.js:306] observe([object XPCWrappedNative_NoHelper],"jaxerEvent.HTMLParseStart",null)
paths:
  -> file:///E:/Aptana%20Jaxer%20Apache/Jaxer/Apache2-4Build/jaxer/framework/src/ModuleLogger.js
  -> file:///E:/Aptana%20Jaxer%20Apache/Jaxer/Apache2-4Build/jaxer/framework/src/App.js
  -> file:///E:/Aptana%20Jaxer%20Apache/Jaxer/Apache2-4Build/jaxer/framework/src/ParseStart.js
  -> file:///E:/Aptana%20Jaxer%20Apache/Jaxer/Apache2-4Build/jaxer/framework/src/CoreEvents.js
  -> file:///E:/Aptana%20Jaxer%20Apache/Jaxer/Apache2-4Build/jaxer/components/aptEventHandler.js

01:10:42 12/24/2025 [ 22864] [TRACE] [JS Framework] [App.App] Constructing App from props: ({urlTest:(function (parsedUrl) {return parsedUrl.pathParts.length > 2 && parsedUrl.pathParts[0] == "aptana" && parsedUrl.pathParts[1] == "samples";}), name:(function (parsedUrl) {return parsedUrl.pathParts[2];}), path:(function (resolvedName, parsedUrl) {return Dir.combine(Config.DEFAULT_PATH_BASE, "samples", resolvedName);}), db:(function (resolvedName, parsedUrl) {switch (Config.DEFAULT_DB.IMPLEMENTATION) {case "SQLite":return Util.extend(Config.DEFAULT_DB, {PATH: Dir.combine(Config.DEFAULT_PATH_BASE, "samples", resolvedName, resolvedName + ".sqlite")});case "MySQL":return Util.extend(Config.DEFAULT_DB, {NAME: resolvedName});default:throw new Exception("Unrecognized database implementation: " + Config.DEFAULT_DB.IMPLEMENTATION);}})}) and a default app of: ({urlTest:/.*/, name:"DEFAULT", appKey:(function (parsedUrl) {return parsedUrl.hostAndPort;}), pageKey:(function (parsedUrl) {return parsedUrl.hostAndPort + parsedUrl.path;}), db:function smartDB(resolvedName, parsedUrl) {switch (Config.DEFAULT_DB.IMPLEMENTATION) {case "SQLite":return Util.extend(Config.DEFAULT_DB, {PATH: Dir.combine(Config.DEFAULT_PATH_BASE, resolvedName, "appdata.sqlite")});case "MySQL":return Util.extend(Config.DEFAULT_DB, {NAME: resolvedName});default:throw new Exception("Unrecognized database implementation: " + Config.DEFAULT_DB.IMPLEMENTATION);}}, path:(function (resolvedName, parsedUrl) {return Dir.combine(Config.DEFAULT_PATH_BASE, resolvedName);}), handler:(void 0), get NAME () {return _NAME;}, get APP_KEY () {return _APP_KEY;}, get PAGE_KEY () {return _PAGE_KEY;}, get DB () {return _DB;}, get PATH () {return _PATH;}})
stack:
  ->  [ModuleLogger.js:98] trace("Constructing App from props: ({urlTest:(function (parsedUrl) {return parsedUrl.pathParts.length > 2 && parsedUrl.pathParts[0] == \"aptana\" && parsedUrl.pathParts[1] == \"samples\";}), name:(function (parsedUrl) {return parsedUrl.pathParts[2];}), path:(function (resolvedName, parsedUrl) {return Dir.combine(Config.DEFAULT_PATH_BASE, \"samples\", resolvedName);}), db:(function (resolvedName, parsedUrl) {switch (Config.DEFAULT_DB.IMPLEMENTATION) {case \"SQLite\":return Util.extend(Config.DEFAULT_DB, {PATH: Dir.combine(Config.DEFAULT_PATH_BASE, \"samples\", resolvedName, resolvedName + \".sqlite\")});case \"MySQL\":return Util.extend(Config.DEFAULT_DB, {NAME: resolvedName});default:throw new Exception(\"Unrecognized database implementation: \" + Config.DEFAULT_DB.IMPLEMENTATION);}})}) and a default app of: ({urlTest:/.*/, name:\"DEFAULT\", appKey:(function (parsedUrl) {return parsedUrl.hostAndPort;}), pageKey:(function (parsedUrl) {return parsedUrl.hostAndPort + parsedUrl.path;}), db:function smartDB(resolvedName, parsedUrl) {switch (Config.DEFAULT_DB.IMPLEMENTATION) {case \"SQLite\":return Util.extend(Config.DEFAULT_DB, {PATH: Dir.combine(Config.DEFAULT_PATH_BASE, resolvedName, \"appdata.sqlite\")});case \"MySQL\":return Util.extend(Config.DEFAULT_DB, {NAME: resolvedName});default:throw new Exception(\"Unrecognized database implementation: \" + Config.DEFAULT_DB.IMPLEMENTATION);}}, path:(function (resolvedName, parsedUrl) {return Dir.combine(Config.DEFAULT_PATH_BASE, resolvedName);}), handler:(void 0), get NAME () {return _NAME;}, get APP_KEY () {return _APP_KEY;}, get PAGE_KEY () {return _PAGE_KEY;}, get DB () {return _DB;}, get PATH () {return _PATH;}})")
  ->  [App.js:56] App([object Object])
  ->  [ParseStart.js:111] onParseStart([object XPCWrappedNative_NoHelper])
  ->  [CoreEvents.js:293] fireEvent("PARSE_START",[object Array])
  ->  [CoreEvents.js:238] fire("PARSE_START",[object XPCWrappedNative_NoHelper])
  ->  [aptEventHandler.js:306] observe([object XPCWrappedNative_NoHelper],"jaxerEvent.HTMLParseStart",null)
paths:
  -> file:///E:/Aptana%20Jaxer%20Apache/Jaxer/Apache2-4Build/jaxer/framework/src/ModuleLogger.js
  -> file:///E:/Aptana%20Jaxer%20Apache/Jaxer/Apache2-4Build/jaxer/framework/src/App.js
  -> file:///E:/Aptana%20Jaxer%20Apache/Jaxer/Apache2-4Build/jaxer/framework/src/ParseStart.js
  -> file:///E:/Aptana%20Jaxer%20Apache/Jaxer/Apache2-4Build/jaxer/framework/src/CoreEvents.js
  -> file:///E:/Aptana%20Jaxer%20Apache/Jaxer/Apache2-4Build/jaxer/components/aptEventHandler.js

01:10:42 12/24/2025 [ 22864] [TRACE] [JS Framework] [App.init] Initializing app 'logging' (urlTest: function (parsedUrl) {
    return parsedUrl.pathParts.length > 2 &&
        parsedUrl.pathParts[0] == "aptana" &&
        parsedUrl.pathParts[1] == "samples";
})
stack:
  ->  [ModuleLogger.js:98] trace("Initializing app 'logging' (urlTest: function (parsedUrl) {\n    return parsedUrl.pathParts.length > 2 &&\n        parsedUrl.pathParts[0] == \"aptana\" &&\n        parsedUrl.pathParts[1] == \"samples\";\n})")
  ->  [App.js:184] init()
  ->  [App.js:151] App([object Object])
  ->  [ParseStart.js:111] onParseStart([object XPCWrappedNative_NoHelper])
  ->  [CoreEvents.js:293] fireEvent("PARSE_START",[object Array])
  ->  [CoreEvents.js:238] fire("PARSE_START",[object XPCWrappedNative_NoHelper])
  ->  [aptEventHandler.js:306] observe([object XPCWrappedNative_NoHelper],"jaxerEvent.HTMLParseStart",null)
paths:
  -> file:///E:/Aptana%20Jaxer%20Apache/Jaxer/Apache2-4Build/jaxer/framework/src/ModuleLogger.js
  -> file:///E:/Aptana%20Jaxer%20Apache/Jaxer/Apache2-4Build/jaxer/framework/src/App.js
  -> file:///E:/Aptana%20Jaxer%20Apache/Jaxer/Apache2-4Build/jaxer/framework/src/ParseStart.js
  -> file:///E:/Aptana%20Jaxer%20Apache/Jaxer/Apache2-4Build/jaxer/framework/src/CoreEvents.js
  -> file:///E:/Aptana%20Jaxer%20Apache/Jaxer/Apache2-4Build/jaxer/components/aptEventHandler.js

01:10:42 12/24/2025 [ 22864] [TRACE] [JS Framework] [App.init] APP_KEY for app 'logging': logging
stack:
  ->  [ModuleLogger.js:98] trace("APP_KEY for app 'logging': logging")
  ->  [App.js:196] init()
  ->  [App.js:151] App([object Object])
  ->  [ParseStart.js:111] onParseStart([object XPCWrappedNative_NoHelper])
  ->  [CoreEvents.js:293] fireEvent("PARSE_START",[object Array])
  ->  [CoreEvents.js:238] fire("PARSE_START",[object XPCWrappedNative_NoHelper])
  ->  [aptEventHandler.js:306] observe([object XPCWrappedNative_NoHelper],"jaxerEvent.HTMLParseStart",null)
paths:
  -> file:///E:/Aptana%20Jaxer%20Apache/Jaxer/Apache2-4Build/jaxer/framework/src/ModuleLogger.js
  -> file:///E:/Aptana%20Jaxer%20Apache/Jaxer/Apache2-4Build/jaxer/framework/src/App.js
  -> file:///E:/Aptana%20Jaxer%20Apache/Jaxer/Apache2-4Build/jaxer/framework/src/ParseStart.js
  -> file:///E:/Aptana%20Jaxer%20Apache/Jaxer/Apache2-4Build/jaxer/framework/src/CoreEvents.js
  -> file:///E:/Aptana%20Jaxer%20Apache/Jaxer/Apache2-4Build/jaxer/components/aptEventHandler.js

01:10:42 12/24/2025 [ 22864] [TRACE] [JS Framework] [App.init] PAGE_KEY for app 'logging': localhost:8081/aptana/samples/logging/index.html
stack:
  ->  [ModuleLogger.js:98] trace("PAGE_KEY for app 'logging': localhost:8081/aptana/samples/logging/index.html")
  ->  [App.js:208] init()
  ->  [App.js:151] App([object Object])
  ->  [ParseStart.js:111] onParseStart([object XPCWrappedNative_NoHelper])
  ->  [CoreEvents.js:293] fireEvent("PARSE_START",[object Array])
  ->  [CoreEvents.js:238] fire("PARSE_START",[object XPCWrappedNative_NoHelper])
  ->  [aptEventHandler.js:306] observe([object XPCWrappedNative_NoHelper],"jaxerEvent.HTMLParseStart",null)
paths:
  -> file:///E:/Aptana%20Jaxer%20Apache/Jaxer/Apache2-4Build/jaxer/framework/src/ModuleLogger.js
  -> file:///E:/Aptana%20Jaxer%20Apache/Jaxer/Apache2-4Build/jaxer/framework/src/App.js
  -> file:///E:/Aptana%20Jaxer%20Apache/Jaxer/Apache2-4Build/jaxer/framework/src/ParseStart.js
  -> file:///E:/Aptana%20Jaxer%20Apache/Jaxer/Apache2-4Build/jaxer/framework/src/CoreEvents.js
  -> file:///E:/Aptana%20Jaxer%20Apache/Jaxer/Apache2-4Build/jaxer/components/aptEventHandler.js

01:10:42 12/24/2025 [ 22864] [TRACE] [JS Framework] [App.init] PATH for app 'logging': resource:///../local_jaxer/data/samples/logging
stack:
  ->  [ModuleLogger.js:98] trace("PATH for app 'logging': resource:///../local_jaxer/data/samples/logging")
  ->  [App.js:231] init()
  ->  [App.js:151] App([object Object])
  ->  [ParseStart.js:111] onParseStart([object XPCWrappedNative_NoHelper])
  ->  [CoreEvents.js:293] fireEvent("PARSE_START",[object Array])
  ->  [CoreEvents.js:238] fire("PARSE_START",[object XPCWrappedNative_NoHelper])
  ->  [aptEventHandler.js:306] observe([object XPCWrappedNative_NoHelper],"jaxerEvent.HTMLParseStart",null)
paths:
  -> file:///E:/Aptana%20Jaxer%20Apache/Jaxer/Apache2-4Build/jaxer/framework/src/ModuleLogger.js
  -> file:///E:/Aptana%20Jaxer%20Apache/Jaxer/Apache2-4Build/jaxer/framework/src/App.js
  -> file:///E:/Aptana%20Jaxer%20Apache/Jaxer/Apache2-4Build/jaxer/framework/src/ParseStart.js
  -> file:///E:/Aptana%20Jaxer%20Apache/Jaxer/Apache2-4Build/jaxer/framework/src/CoreEvents.js
  -> file:///E:/Aptana%20Jaxer%20Apache/Jaxer/Apache2-4Build/jaxer/components/aptEventHandler.js

01:10:42 12/24/2025 [ 22864] [TRACE] [JS Framework] [ParseStart.onParseStart] Using app 'logging': urlTest = function (parsedUrl) {
    return parsedUrl.pathParts.length > 2 &&
        parsedUrl.pathParts[0] == "aptana" &&
        parsedUrl.pathParts[1] == "samples";
}
stack:
  ->  [ModuleLogger.js:98] trace("Using app 'logging': urlTest = function (parsedUrl) {\n    return parsedUrl.pathParts.length > 2 &&\n        parsedUrl.pathParts[0] == \"aptana\" &&\n        parsedUrl.pathParts[1] == \"samples\";\n}")
  ->  [ParseStart.js:113] onParseStart([object XPCWrappedNative_NoHelper])
  ->  [CoreEvents.js:293] fireEvent("PARSE_START",[object Array])
  ->  [CoreEvents.js:238] fire("PARSE_START",[object XPCWrappedNative_NoHelper])
  ->  [aptEventHandler.js:306] observe([object XPCWrappedNative_NoHelper],"jaxerEvent.HTMLParseStart",null)
paths:
  -> file:///E:/Aptana%20Jaxer%20Apache/Jaxer/Apache2-4Build/jaxer/framework/src/ModuleLogger.js
  -> file:///E:/Aptana%20Jaxer%20Apache/Jaxer/Apache2-4Build/jaxer/framework/src/ParseStart.js
  -> file:///E:/Aptana%20Jaxer%20Apache/Jaxer/Apache2-4Build/jaxer/framework/src/CoreEvents.js
  -> file:///E:/Aptana%20Jaxer%20Apache/Jaxer/Apache2-4Build/jaxer/components/aptEventHandler.js

01:10:42 12/24/2025 [ 22864] [DEBUG] [JS Framework] [SessionManager.keyFromRequest] Getting session key from the client via cookie JaxerSessionId$$logging: 176650264152708165463317747484
stack:
  ->  [ModuleLogger.js:98] debug("Getting session key from the client via cookie JaxerSessionId$$logging: 176650264152708165463317747484")
  ->  [SessionManager.js:59] keyFromRequest("logging")
  ->  [Container.js:474] init("logging","localhost:8081/aptana/samples/logging/index.html")
  ->  [ParseStart.js:122] onParseStart([object XPCWrappedNative_NoHelper])
  ->  [CoreEvents.js:293] fireEvent("PARSE_START",[object Array])
  ->  [CoreEvents.js:238] fire("PARSE_START",[object XPCWrappedNative_NoHelper])
  ->  [aptEventHandler.js:306] observe([object XPCWrappedNative_NoHelper],"jaxerEvent.HTMLParseStart",null)
paths:
  -> file:///E:/Aptana%20Jaxer%20Apache/Jaxer/Apache2-4Build/jaxer/framework/src/ModuleLogger.js
  -> file:///E:/Aptana%20Jaxer%20Apache/Jaxer/Apache2-4Build/jaxer/framework/src/SessionManager.js
  -> file:///E:/Aptana%20Jaxer%20Apache/Jaxer/Apache2-4Build/jaxer/framework/src/Container.js
  -> file:///E:/Aptana%20Jaxer%20Apache/Jaxer/Apache2-4Build/jaxer/framework/src/ParseStart.js
  -> file:///E:/Aptana%20Jaxer%20Apache/Jaxer/Apache2-4Build/jaxer/framework/src/CoreEvents.js
  -> file:///E:/Aptana%20Jaxer%20Apache/Jaxer/Apache2-4Build/jaxer/components/aptEventHandler.js

01:10:42 12/24/2025 [ 22864] [DEBUG] [JS Framework] [Container.init] Created APPLICATION container as Jaxer.application with key logging
stack:
  ->  [ModuleLogger.js:98] debug("Created APPLICATION container as Jaxer.application with key logging")
  ->  [Container.js:485] init("logging","localhost:8081/aptana/samples/logging/index.html")
  ->  [ParseStart.js:122] onParseStart([object XPCWrappedNative_NoHelper])
  ->  [CoreEvents.js:293] fireEvent("PARSE_START",[object Array])
  ->  [CoreEvents.js:238] fire("PARSE_START",[object XPCWrappedNative_NoHelper])
  ->  [aptEventHandler.js:306] observe([object XPCWrappedNative_NoHelper],"jaxerEvent.HTMLParseStart",null)
paths:
  -> file:///E:/Aptana%20Jaxer%20Apache/Jaxer/Apache2-4Build/jaxer/framework/src/ModuleLogger.js
  -> file:///E:/Aptana%20Jaxer%20Apache/Jaxer/Apache2-4Build/jaxer/framework/src/Container.js
  -> file:///E:/Aptana%20Jaxer%20Apache/Jaxer/Apache2-4Build/jaxer/framework/src/ParseStart.js
  -> file:///E:/Aptana%20Jaxer%20Apache/Jaxer/Apache2-4Build/jaxer/framework/src/CoreEvents.js
  -> file:///E:/Aptana%20Jaxer%20Apache/Jaxer/Apache2-4Build/jaxer/components/aptEventHandler.js

01:10:42 12/24/2025 [ 22864] [DEBUG] [JS Framework] [Container.init] Created PAGE container as Jaxer.page with key localhost:8081/aptana/samples/logging/index.html
stack:
  ->  [ModuleLogger.js:98] debug("Created PAGE container as Jaxer.page with key localhost:8081/aptana/samples/logging/index.html")
  ->  [Container.js:485] init("logging","localhost:8081/aptana/samples/logging/index.html")
  ->  [ParseStart.js:122] onParseStart([object XPCWrappedNative_NoHelper])
  ->  [CoreEvents.js:293] fireEvent("PARSE_START",[object Array])
  ->  [CoreEvents.js:238] fire("PARSE_START",[object XPCWrappedNative_NoHelper])
  ->  [aptEventHandler.js:306] observe([object XPCWrappedNative_NoHelper],"jaxerEvent.HTMLParseStart",null)
paths:
  -> file:///E:/Aptana%20Jaxer%20Apache/Jaxer/Apache2-4Build/jaxer/framework/src/ModuleLogger.js
  -> file:///E:/Aptana%20Jaxer%20Apache/Jaxer/Apache2-4Build/jaxer/framework/src/Container.js
  -> file:///E:/Aptana%20Jaxer%20Apache/Jaxer/Apache2-4Build/jaxer/framework/src/ParseStart.js
  -> file:///E:/Aptana%20Jaxer%20Apache/Jaxer/Apache2-4Build/jaxer/framework/src/CoreEvents.js
  -> file:///E:/Aptana%20Jaxer%20Apache/Jaxer/Apache2-4Build/jaxer/components/aptEventHandler.js

01:10:42 12/24/2025 [ 22864] [DEBUG] [JS Framework] [Container.init] Created SESSION container as Jaxer.session with key 176650264152708165463317747484
stack:
  ->  [ModuleLogger.js:98] debug("Created SESSION container as Jaxer.session with key 176650264152708165463317747484")
  ->  [Container.js:485] init("logging","localhost:8081/aptana/samples/logging/index.html")
  ->  [ParseStart.js:122] onParseStart([object XPCWrappedNative_NoHelper])
  ->  [CoreEvents.js:293] fireEvent("PARSE_START",[object Array])
  ->  [CoreEvents.js:238] fire("PARSE_START",[object XPCWrappedNative_NoHelper])
  ->  [aptEventHandler.js:306] observe([object XPCWrappedNative_NoHelper],"jaxerEvent.HTMLParseStart",null)
paths:
  -> file:///E:/Aptana%20Jaxer%20Apache/Jaxer/Apache2-4Build/jaxer/framework/src/ModuleLogger.js
  -> file:///E:/Aptana%20Jaxer%20Apache/Jaxer/Apache2-4Build/jaxer/framework/src/Container.js
  -> file:///E:/Aptana%20Jaxer%20Apache/Jaxer/Apache2-4Build/jaxer/framework/src/ParseStart.js
  -> file:///E:/Aptana%20Jaxer%20Apache/Jaxer/Apache2-4Build/jaxer/framework/src/CoreEvents.js
  -> file:///E:/Aptana%20Jaxer%20Apache/Jaxer/Apache2-4Build/jaxer/components/aptEventHandler.js

01:10:42 12/24/2025 [ 22864] [DEBUG] [JS Framework] [Container.init] Created SESSION_PAGE container as Jaxer.sessionPage with key 176650264152708165463317747484$$localhost:8081/aptana/samples/logging/index.html
stack:
  ->  [ModuleLogger.js:98] debug("Created SESSION_PAGE container as Jaxer.sessionPage with key 176650264152708165463317747484$$localhost:8081/aptana/samples/logging/index.html")
  ->  [Container.js:485] init("logging","localhost:8081/aptana/samples/logging/index.html")
  ->  [ParseStart.js:122] onParseStart([object XPCWrappedNative_NoHelper])
  ->  [CoreEvents.js:293] fireEvent("PARSE_START",[object Array])
  ->  [CoreEvents.js:238] fire("PARSE_START",[object XPCWrappedNative_NoHelper])
  ->  [aptEventHandler.js:306] observe([object XPCWrappedNative_NoHelper],"jaxerEvent.HTMLParseStart",null)
paths:
  -> file:///E:/Aptana%20Jaxer%20Apache/Jaxer/Apache2-4Build/jaxer/framework/src/ModuleLogger.js
  -> file:///E:/Aptana%20Jaxer%20Apache/Jaxer/Apache2-4Build/jaxer/framework/src/Container.js
  -> file:///E:/Aptana%20Jaxer%20Apache/Jaxer/Apache2-4Build/jaxer/framework/src/ParseStart.js
  -> file:///E:/Aptana%20Jaxer%20Apache/Jaxer/Apache2-4Build/jaxer/framework/src/CoreEvents.js
  -> file:///E:/Aptana%20Jaxer%20Apache/Jaxer/Apache2-4Build/jaxer/components/aptEventHandler.js

01:10:42 12/24/2025 [ 22864] [TRACE] [JS Framework] [DB.setDefault] Setting default connection for app: logging
stack:
  ->  [ModuleLogger.js:98] trace("Setting default connection for app: logging")
  ->  [DB.js:162] setDefault("logging",[object Object])
  ->  [ParseStart.js:123] onParseStart([object XPCWrappedNative_NoHelper])
  ->  [CoreEvents.js:293] fireEvent("PARSE_START",[object Array])
  ->  [CoreEvents.js:238] fire("PARSE_START",[object XPCWrappedNative_NoHelper])
  ->  [aptEventHandler.js:306] observe([object XPCWrappedNative_NoHelper],"jaxerEvent.HTMLParseStart",null)
paths:
  -> file:///E:/Aptana%20Jaxer%20Apache/Jaxer/Apache2-4Build/jaxer/framework/src/ModuleLogger.js
  -> file:///E:/Aptana%20Jaxer%20Apache/Jaxer/Apache2-4Build/jaxer/framework/src/DB.js
  -> file:///E:/Aptana%20Jaxer%20Apache/Jaxer/Apache2-4Build/jaxer/framework/src/ParseStart.js
  -> file:///E:/Aptana%20Jaxer%20Apache/Jaxer/Apache2-4Build/jaxer/framework/src/CoreEvents.js
  -> file:///E:/Aptana%20Jaxer%20Apache/Jaxer/Apache2-4Build/jaxer/components/aptEventHandler.js

01:10:42 12/24/2025 [ 22864] [TRACE] [JS Framework] [CoreEvents.fire] At this time, evt.Request.isHandler=true and eventType: NEW_ELEMENT - HTML
stack:
  ->  [ModuleLogger.js:98] trace("At this time, evt.Request.isHandler=true and eventType: NEW_ELEMENT - HTML")
  ->  [CoreEvents.js:205] fire("NEW_ELEMENT",[object XPCWrappedNative_NoHelper],[object HTMLDocument],[object HTMLHtmlElement])
  ->  [aptEventHandler.js:157] observe([object XPCWrappedNative_NoHelper],"jaxerEvent.NewHTMLElement",null)
paths:
  -> file:///E:/Aptana%20Jaxer%20Apache/Jaxer/Apache2-4Build/jaxer/framework/src/ModuleLogger.js
  -> file:///E:/Aptana%20Jaxer%20Apache/Jaxer/Apache2-4Build/jaxer/framework/src/CoreEvents.js
  -> file:///E:/Aptana%20Jaxer%20Apache/Jaxer/Apache2-4Build/jaxer/components/aptEventHandler.js

01:10:42 12/24/2025 [ 22864] [TRACE] [JS Framework] [CoreEvents.fireEvent] Firing an event for NEW_ELEMENT
stack:
  ->  [ModuleLogger.js:98] trace("Firing an event for NEW_ELEMENT")
  ->  [CoreEvents.js:282] fireEvent("NEW_ELEMENT",[object Array])
  ->  [CoreEvents.js:238] fire("NEW_ELEMENT",[object XPCWrappedNative_NoHelper],[object HTMLDocument],[object HTMLHtmlElement])
  ->  [aptEventHandler.js:157] observe([object XPCWrappedNative_NoHelper],"jaxerEvent.NewHTMLElement",null)
paths:
  -> file:///E:/Aptana%20Jaxer%20Apache/Jaxer/Apache2-4Build/jaxer/framework/src/ModuleLogger.js
  -> file:///E:/Aptana%20Jaxer%20Apache/Jaxer/Apache2-4Build/jaxer/framework/src/CoreEvents.js
  -> file:///E:/Aptana%20Jaxer%20Apache/Jaxer/Apache2-4Build/jaxer/components/aptEventHandler.js

01:10:42 12/24/2025 [ 22864] [TRACE] [JS Framework] [CoreEvents.fireEvent] Calling event handler: function onNewElement(evt, doc, elt) {
    switch (elt.tagNa...
stack:
  ->  [ModuleLogger.js:98] trace("Calling event handler: function onNewElement(evt, doc, elt) {\n    switch (elt.tagNa...")
  ->  [CoreEvents.js:292] fireEvent("NEW_ELEMENT",[object Array])
  ->  [CoreEvents.js:238] fire("NEW_ELEMENT",[object XPCWrappedNative_NoHelper],[object HTMLDocument],[object HTMLHtmlElement])
  ->  [aptEventHandler.js:157] observe([object XPCWrappedNative_NoHelper],"jaxerEvent.NewHTMLElement",null)
paths:
  -> file:///E:/Aptana%20Jaxer%20Apache/Jaxer/Apache2-4Build/jaxer/framework/src/ModuleLogger.js
  -> file:///E:/Aptana%20Jaxer%20Apache/Jaxer/Apache2-4Build/jaxer/framework/src/CoreEvents.js
  -> file:///E:/Aptana%20Jaxer%20Apache/Jaxer/Apache2-4Build/jaxer/components/aptEventHandler.js

01:10:42 12/24/2025 [ 22864] [TRACE] [JS Framework] [CoreEvents.fire] At this time, evt.Request.isHandler=true and eventType: NEW_ELEMENT - HEAD
stack:
  ->  [ModuleLogger.js:98] trace("At this time, evt.Request.isHandler=true and eventType: NEW_ELEMENT - HEAD")
  ->  [CoreEvents.js:205] fire("NEW_ELEMENT",[object XPCWrappedNative_NoHelper],[object HTMLDocument],[object HTMLHeadElement])
  ->  [aptEventHandler.js:157] observe([object XPCWrappedNative_NoHelper],"jaxerEvent.NewHTMLElement",null)
paths:
  -> file:///E:/Aptana%20Jaxer%20Apache/Jaxer/Apache2-4Build/jaxer/framework/src/ModuleLogger.js
  -> file:///E:/Aptana%20Jaxer%20Apache/Jaxer/Apache2-4Build/jaxer/framework/src/CoreEvents.js
  -> file:///E:/Aptana%20Jaxer%20Apache/Jaxer/Apache2-4Build/jaxer/components/aptEventHandler.js

01:10:42 12/24/2025 [ 22864] [TRACE] [JS Framework] [CoreEvents.fireEvent] Firing an event for NEW_ELEMENT
stack:
  ->  [ModuleLogger.js:98] trace("Firing an event for NEW_ELEMENT")
  ->  [CoreEvents.js:282] fireEvent("NEW_ELEMENT",[object Array])
  ->  [CoreEvents.js:238] fire("NEW_ELEMENT",[object XPCWrappedNative_NoHelper],[object HTMLDocument],[object HTMLHeadElement])
  ->  [aptEventHandler.js:157] observe([object XPCWrappedNative_NoHelper],"jaxerEvent.NewHTMLElement",null)
paths:
  -> file:///E:/Aptana%20Jaxer%20Apache/Jaxer/Apache2-4Build/jaxer/framework/src/ModuleLogger.js
  -> file:///E:/Aptana%20Jaxer%20Apache/Jaxer/Apache2-4Build/jaxer/framework/src/CoreEvents.js
  -> file:///E:/Aptana%20Jaxer%20Apache/Jaxer/Apache2-4Build/jaxer/components/aptEventHandler.js

01:10:42 12/24/2025 [ 22864] [TRACE] [JS Framework] [CoreEvents.fireEvent] Calling event handler: function onNewElement(evt, doc, elt) {
    switch (elt.tagNa...
stack:
  ->  [ModuleLogger.js:98] trace("Calling event handler: function onNewElement(evt, doc, elt) {\n    switch (elt.tagNa...")
  ->  [CoreEvents.js:292] fireEvent("NEW_ELEMENT",[object Array])
  ->  [CoreEvents.js:238] fire("NEW_ELEMENT",[object XPCWrappedNative_NoHelper],[object HTMLDocument],[object HTMLHeadElement])
  ->  [aptEventHandler.js:157] observe([object XPCWrappedNative_NoHelper],"jaxerEvent.NewHTMLElement",null)
paths:
  -> file:///E:/Aptana%20Jaxer%20Apache/Jaxer/Apache2-4Build/jaxer/framework/src/ModuleLogger.js
  -> file:///E:/Aptana%20Jaxer%20Apache/Jaxer/Apache2-4Build/jaxer/framework/src/CoreEvents.js
  -> file:///E:/Aptana%20Jaxer%20Apache/Jaxer/Apache2-4Build/jaxer/components/aptEventHandler.js

01:10:42 12/24/2025 [ 22864] [TRACE] [JS Framework] [CoreEvents.fire] At this time, evt.Request.isHandler=true and eventType: INIT_HEAD
stack:
  ->  [ModuleLogger.js:98] trace("At this time, evt.Request.isHandler=true and eventType: INIT_HEAD")
  ->  [CoreEvents.js:205] fire("INIT_HEAD",[object XPCWrappedNative_NoHelper],[object HTMLDocument])
  ->  [aptEventHandler.js:139] observe([object XPCWrappedNative_NoHelper],"jaxerEvent.NewHTMLElement",null)
paths:
  -> file:///E:/Aptana%20Jaxer%20Apache/Jaxer/Apache2-4Build/jaxer/framework/src/ModuleLogger.js
  -> file:///E:/Aptana%20Jaxer%20Apache/Jaxer/Apache2-4Build/jaxer/framework/src/CoreEvents.js
  -> file:///E:/Aptana%20Jaxer%20Apache/Jaxer/Apache2-4Build/jaxer/components/aptEventHandler.js

01:10:42 12/24/2025 [ 22864] [TRACE] [JS Framework] [CoreEvents.fireEvent] Firing an event for INIT_HEAD
stack:
  ->  [ModuleLogger.js:98] trace("Firing an event for INIT_HEAD")
  ->  [CoreEvents.js:282] fireEvent("INIT_HEAD",[object Array])
  ->  [CoreEvents.js:238] fire("INIT_HEAD",[object XPCWrappedNative_NoHelper],[object HTMLDocument])
  ->  [aptEventHandler.js:139] observe([object XPCWrappedNative_NoHelper],"jaxerEvent.NewHTMLElement",null)
paths:
  -> file:///E:/Aptana%20Jaxer%20Apache/Jaxer/Apache2-4Build/jaxer/framework/src/ModuleLogger.js
  -> file:///E:/Aptana%20Jaxer%20Apache/Jaxer/Apache2-4Build/jaxer/framework/src/CoreEvents.js
  -> file:///E:/Aptana%20Jaxer%20Apache/Jaxer/Apache2-4Build/jaxer/components/aptEventHandler.js

01:10:42 12/24/2025 [ 22864] [TRACE] [JS Framework] [CoreEvents.fireEvent] Calling event handler: function onInitHead(evt, doc) {
    Jaxer.load = function lo...
stack:
  ->  [ModuleLogger.js:98] trace("Calling event handler: function onInitHead(evt, doc) {\n    Jaxer.load = function lo...")
  ->  [CoreEvents.js:292] fireEvent("INIT_HEAD",[object Array])
  ->  [CoreEvents.js:238] fire("INIT_HEAD",[object XPCWrappedNative_NoHelper],[object HTMLDocument])
  ->  [aptEventHandler.js:139] observe([object XPCWrappedNative_NoHelper],"jaxerEvent.NewHTMLElement",null)
paths:
  -> file:///E:/Aptana%20Jaxer%20Apache/Jaxer/Apache2-4Build/jaxer/framework/src/ModuleLogger.js
  -> file:///E:/Aptana%20Jaxer%20Apache/Jaxer/Apache2-4Build/jaxer/framework/src/CoreEvents.js
  -> file:///E:/Aptana%20Jaxer%20Apache/Jaxer/Apache2-4Build/jaxer/components/aptEventHandler.js

01:10:42 12/24/2025 [ 22864] [TRACE] [JS Framework] [Includer.evalOn] Evaluating using Jaxer.request.evaluateScript: contents = (function ... with global = [object ChromeWindow] and effectiveUrl = undefined
stack:
  ->  [ModuleLogger.js:98] trace("Evaluating using Jaxer.request.evaluateScript: contents = (function ... with global = [object ChromeWindow] and effectiveUrl = undefined")
  ->  [Includer.js:131] evalOn("(function extendDomSetters(global) {if (global.HTMLInputElement) {var inputValueSetter = global.HTMLInputElement.prototype.__lookupSetter__(\"value\");global.HTMLInputElement.prototype.__defineSetter__(\"value\", function (val) {inputValueSetter.call(this, val);this.setAttribute(\"value\", val);});var inputCheckedSetter = global.HTMLInputElement.prototype.__lookupSetter__(\"checked\");global.HTMLInputElement.prototype.__defineSetter__(\"checked\", function (val) {inputCheckedSetter.call(this, val);if (val) {this.setAttribute(\"checked\", null);} else {this.removeAttribute(\"checked\");}});}if (global.HTMLTextAreaElement) {var textAreaValueSetter = global.HTMLTextAreaElement.prototype.__lookupSetter__(\"value\");global.HTMLTextAreaElement.prototype.__defineSetter__(\"value\", function (val) {textAreaValueSetter.call(this, val);this.textContent = val;});}if (global.HTMLSelectElement) {var selectSelectedIndexSetter = global.HTMLSelectElement.prototype.__lookupSetter__(\"selectedIndex\");global.HTMLSelectElement.prototype.__defineSetter__(\"selectedIndex\", function (index) {selectSelectedIndexSetter.call(this, index);var option = this.options[index];if (option) {for (var i = 0, len = this.options.length; i < len; i++) {if (i == index) {this.options[i].setAttribute(\"selected\", null);} else {this.options[i].removeAttribute(\"selected\");}}}});}if (global.HTMLOptionElement) {var optionSelectedSetter = global.HTMLOptionElement.prototype.__lookupSetter__(\"selected\");global.HTMLOptionElement.prototype.__defineSetter__(\"selected\", function (val) {optionSelectedSetter.call(this, val);if (val) {this.setAttribute(\"selected\", null);} else {this.removeAttribute(\"selected\");}});}})(document.defaultView)",[object ChromeWindow])
  ->  [Overrides.js:370] applyAll([object ChromeWindow])
  ->  [InitHead.js:78] onInitHead([object XPCWrappedNative_NoHelper],[object HTMLDocument])
  ->  [CoreEvents.js:293] fireEvent("INIT_HEAD",[object Array])
  ->  [CoreEvents.js:238] fire("INIT_HEAD",[object XPCWrappedNative_NoHelper],[object HTMLDocument])
  ->  [aptEventHandler.js:139] observe([object XPCWrappedNative_NoHelper],"jaxerEvent.NewHTMLElement",null)
paths:
  -> file:///E:/Aptana%20Jaxer%20Apache/Jaxer/Apache2-4Build/jaxer/framework/src/ModuleLogger.js
  -> file:///E:/Aptana%20Jaxer%20Apache/Jaxer/Apache2-4Build/jaxer/framework/src/Includer.js
  -> file:///E:/Aptana%20Jaxer%20Apache/Jaxer/Apache2-4Build/jaxer/framework/src/Overrides.js
  -> file:///E:/Aptana%20Jaxer%20Apache/Jaxer/Apache2-4Build/jaxer/framework/src/InitHead.js
  -> file:///E:/Aptana%20Jaxer%20Apache/Jaxer/Apache2-4Build/jaxer/framework/src/CoreEvents.js
  -> file:///E:/Aptana%20Jaxer%20Apache/Jaxer/Apache2-4Build/jaxer/components/aptEventHandler.js

01:10:42 12/24/2025 [ 22864] [TRACE] [JS Framework] [CoreEvents.fire] At this time, evt.Request.isHandler=true and eventType: NEW_ELEMENT - TITLE
stack:
  ->  [ModuleLogger.js:98] trace("At this time, evt.Request.isHandler=true and eventType: NEW_ELEMENT - TITLE")
  ->  [CoreEvents.js:205] fire("NEW_ELEMENT",[object XPCWrappedNative_NoHelper],[object HTMLDocument],[object HTMLTitleElement])
  ->  [aptEventHandler.js:157] observe([object XPCWrappedNative_NoHelper],"jaxerEvent.NewHTMLElement",null)
paths:
  -> file:///E:/Aptana%20Jaxer%20Apache/Jaxer/Apache2-4Build/jaxer/framework/src/ModuleLogger.js
  -> file:///E:/Aptana%20Jaxer%20Apache/Jaxer/Apache2-4Build/jaxer/framework/src/CoreEvents.js
  -> file:///E:/Aptana%20Jaxer%20Apache/Jaxer/Apache2-4Build/jaxer/components/aptEventHandler.js

01:10:42 12/24/2025 [ 22864] [TRACE] [JS Framework] [CoreEvents.fireEvent] Firing an event for NEW_ELEMENT
stack:
  ->  [ModuleLogger.js:98] trace("Firing an event for NEW_ELEMENT")
  ->  [CoreEvents.js:282] fireEvent("NEW_ELEMENT",[object Array])
  ->  [CoreEvents.js:238] fire("NEW_ELEMENT",[object XPCWrappedNative_NoHelper],[object HTMLDocument],[object HTMLTitleElement])
  ->  [aptEventHandler.js:157] observe([object XPCWrappedNative_NoHelper],"jaxerEvent.NewHTMLElement",null)
paths:
  -> file:///E:/Aptana%20Jaxer%20Apache/Jaxer/Apache2-4Build/jaxer/framework/src/ModuleLogger.js
  -> file:///E:/Aptana%20Jaxer%20Apache/Jaxer/Apache2-4Build/jaxer/framework/src/CoreEvents.js
  -> file:///E:/Aptana%20Jaxer%20Apache/Jaxer/Apache2-4Build/jaxer/components/aptEventHandler.js

01:10:42 12/24/2025 [ 22864] [TRACE] [JS Framework] [CoreEvents.fireEvent] Calling event handler: function onNewElement(evt, doc, elt) {
    switch (elt.tagNa...
stack:
  ->  [ModuleLogger.js:98] trace("Calling event handler: function onNewElement(evt, doc, elt) {\n    switch (elt.tagNa...")
  ->  [CoreEvents.js:292] fireEvent("NEW_ELEMENT",[object Array])
  ->  [CoreEvents.js:238] fire("NEW_ELEMENT",[object XPCWrappedNative_NoHelper],[object HTMLDocument],[object HTMLTitleElement])
  ->  [aptEventHandler.js:157] observe([object XPCWrappedNative_NoHelper],"jaxerEvent.NewHTMLElement",null)
paths:
  -> file:///E:/Aptana%20Jaxer%20Apache/Jaxer/Apache2-4Build/jaxer/framework/src/ModuleLogger.js
  -> file:///E:/Aptana%20Jaxer%20Apache/Jaxer/Apache2-4Build/jaxer/framework/src/CoreEvents.js
  -> file:///E:/Aptana%20Jaxer%20Apache/Jaxer/Apache2-4Build/jaxer/components/aptEventHandler.js

01:10:42 12/24/2025 [ 22864] [TRACE] [JS Framework] [CoreEvents.fire] At this time, evt.Request.isHandler=true and eventType: PARSE_COMPLETE
stack:
  ->  [ModuleLogger.js:98] trace("At this time, evt.Request.isHandler=true and eventType: PARSE_COMPLETE")
  ->  [CoreEvents.js:205] fire("PARSE_COMPLETE",[object XPCWrappedNative_NoHelper],[object HTMLDocument])
  ->  [aptEventHandler.js:337] observe([object XPCWrappedNative_NoHelper],"jaxerEvent.HTMLParseComplete",null)
paths:
  -> file:///E:/Aptana%20Jaxer%20Apache/Jaxer/Apache2-4Build/jaxer/framework/src/ModuleLogger.js
  -> file:///E:/Aptana%20Jaxer%20Apache/Jaxer/Apache2-4Build/jaxer/framework/src/CoreEvents.js
  -> file:///E:/Aptana%20Jaxer%20Apache/Jaxer/Apache2-4Build/jaxer/components/aptEventHandler.js

01:10:42 12/24/2025 [ 22864] [TRACE] [JS Framework] [CoreEvents.fireEvent] Firing an event for HANDLE_CALLBACK
stack:
  ->  [ModuleLogger.js:98] trace("Firing an event for HANDLE_CALLBACK")
  ->  [CoreEvents.js:282] fireEvent("HANDLE_CALLBACK",[object Array])
  ->  [CoreEvents.js:220] fire("PARSE_COMPLETE",[object XPCWrappedNative_NoHelper],[object HTMLDocument])
  ->  [aptEventHandler.js:337] observe([object XPCWrappedNative_NoHelper],"jaxerEvent.HTMLParseComplete",null)
paths:
  -> file:///E:/Aptana%20Jaxer%20Apache/Jaxer/Apache2-4Build/jaxer/framework/src/ModuleLogger.js
  -> file:///E:/Aptana%20Jaxer%20Apache/Jaxer/Apache2-4Build/jaxer/framework/src/CoreEvents.js
  -> file:///E:/Aptana%20Jaxer%20Apache/Jaxer/Apache2-4Build/jaxer/components/aptEventHandler.js

01:10:42 12/24/2025 [ 22864] [TRACE] [JS Framework] [CoreEvents.fireEvent] Calling event handler: function onHandleCallback(evt, doc) {
    log.trace("=== Cal...
stack:
  ->  [ModuleLogger.js:98] trace("Calling event handler: function onHandleCallback(evt, doc) {\n    log.trace(\"=== Cal...")
  ->  [CoreEvents.js:292] fireEvent("HANDLE_CALLBACK",[object Array])
  ->  [CoreEvents.js:220] fire("PARSE_COMPLETE",[object XPCWrappedNative_NoHelper],[object HTMLDocument])
  ->  [aptEventHandler.js:337] observe([object XPCWrappedNative_NoHelper],"jaxerEvent.HTMLParseComplete",null)
paths:
  -> file:///E:/Aptana%20Jaxer%20Apache/Jaxer/Apache2-4Build/jaxer/framework/src/ModuleLogger.js
  -> file:///E:/Aptana%20Jaxer%20Apache/Jaxer/Apache2-4Build/jaxer/framework/src/CoreEvents.js
  -> file:///E:/Aptana%20Jaxer%20Apache/Jaxer/Apache2-4Build/jaxer/components/aptEventHandler.js

01:10:42 12/24/2025 [ 22864] [TRACE] [JS Framework] [HandleCallback.onHandleCallback] === Callback processing initializing
stack:
  ->  [ModuleLogger.js:98] trace("=== Callback processing initializing")
  ->  [HandleCallback.js:60] onHandleCallback([object XPCWrappedNative_NoHelper],[object HTMLDocument])
  ->  [CoreEvents.js:293] fireEvent("HANDLE_CALLBACK",[object Array])
  ->  [CoreEvents.js:220] fire("PARSE_COMPLETE",[object XPCWrappedNative_NoHelper],[object HTMLDocument])
  ->  [aptEventHandler.js:337] observe([object XPCWrappedNative_NoHelper],"jaxerEvent.HTMLParseComplete",null)
paths:
  -> file:///E:/Aptana%20Jaxer%20Apache/Jaxer/Apache2-4Build/jaxer/framework/src/ModuleLogger.js
  -> file:///E:/Aptana%20Jaxer%20Apache/Jaxer/Apache2-4Build/jaxer/framework/src/HandleCallback.js
  -> file:///E:/Aptana%20Jaxer%20Apache/Jaxer/Apache2-4Build/jaxer/framework/src/CoreEvents.js
  -> file:///E:/Aptana%20Jaxer%20Apache/Jaxer/Apache2-4Build/jaxer/components/aptEventHandler.js

01:10:42 12/24/2025 [ 22864] [TRACE] [JS Framework] [Response.setNoCacheHeaders] Setting no-cache headers
stack:
  ->  [ModuleLogger.js:98] trace("Setting no-cache headers")
  ->  [Response.js:772] setNoCacheHeaders()
  ->  [HandleCallback.js:63] onHandleCallback([object XPCWrappedNative_NoHelper],[object HTMLDocument])
  ->  [CoreEvents.js:293] fireEvent("HANDLE_CALLBACK",[object Array])
  ->  [CoreEvents.js:220] fire("PARSE_COMPLETE",[object XPCWrappedNative_NoHelper],[object HTMLDocument])
  ->  [aptEventHandler.js:337] observe([object XPCWrappedNative_NoHelper],"jaxerEvent.HTMLParseComplete",null)
paths:
  -> file:///E:/Aptana%20Jaxer%20Apache/Jaxer/Apache2-4Build/jaxer/framework/src/ModuleLogger.js
  -> file:///E:/Aptana%20Jaxer%20Apache/Jaxer/Apache2-4Build/jaxer/framework/src/Response.js
  -> file:///E:/Aptana%20Jaxer%20Apache/Jaxer/Apache2-4Build/jaxer/framework/src/HandleCallback.js
  -> file:///E:/Aptana%20Jaxer%20Apache/Jaxer/Apache2-4Build/jaxer/framework/src/CoreEvents.js
  -> file:///E:/Aptana%20Jaxer%20Apache/Jaxer/Apache2-4Build/jaxer/components/aptEventHandler.js

01:10:42 12/24/2025 [ 22864] [TRACE] [JS Framework] [HandleCallback.onHandleCallback] Main callback processing starting
stack:
  ->  [ModuleLogger.js:98] trace("Main callback processing starting")
  ->  [HandleCallback.js:72] onHandleCallback([object XPCWrappedNative_NoHelper],[object HTMLDocument])
  ->  [CoreEvents.js:293] fireEvent("HANDLE_CALLBACK",[object Array])
  ->  [CoreEvents.js:220] fire("PARSE_COMPLETE",[object XPCWrappedNative_NoHelper],[object HTMLDocument])
  ->  [aptEventHandler.js:337] observe([object XPCWrappedNative_NoHelper],"jaxerEvent.HTMLParseComplete",null)
paths:
  -> file:///E:/Aptana%20Jaxer%20Apache/Jaxer/Apache2-4Build/jaxer/framework/src/ModuleLogger.js
  -> file:///E:/Aptana%20Jaxer%20Apache/Jaxer/Apache2-4Build/jaxer/framework/src/HandleCallback.js
  -> file:///E:/Aptana%20Jaxer%20Apache/Jaxer/Apache2-4Build/jaxer/framework/src/CoreEvents.js
  -> file:///E:/Aptana%20Jaxer%20Apache/Jaxer/Apache2-4Build/jaxer/components/aptEventHandler.js

01:10:42 12/24/2025 [ 22864] [TRACE] [JS Framework] [HandleCallback.onHandleCallback] Received Jaxer.request: ({constructorErrors:[], _request:{}, method:"POST", isHandler:true, uri:"/jaxer-callback", protocol:"HTTP/1.1", remoteUser:"", remoteHost:"desktop-lpv0ncp", remoteAddr:"::1", pageFile:"", documentRoot:"", OS:"WINNT", isJaxerServer:true, isHTTPS:false, queryString:"", logFileNativePath:"", action:"POST", headers:{Host:"localhost:8081", Connection:"keep-alive", 'Content-Length':"294", 'sec-ch-ua-platform':"\"Windows\"", 'X-Requested-With':"XMLHttpRequest", 'User-Agent':"Mozilla/5.0 (Windows NT 10.0; Win64; x64) AppleWebKit/537.36 (KHTML, like Gecko) Chrome/140.0.0.0 Safari/537.36 OPR/124.0.0.0", 'sec-ch-ua':"\"Chromium\";v=\"140\", \"Not=A?Brand\";v=\"24\", \"Opera\";v=\"124\"", 'Content-Type':"application/x-www-form-urlencoded", 'sec-ch-ua-mobile':"?0", Accept:"*/*", Origin:"http://localhost:8081", 'Sec-Fetch-Site':"same-origin", 'Sec-Fetch-Mode':"cors", 'Sec-Fetch-Dest':"empty", Referer:"http://localhost:8081/aptana/samples/logging/index.html", 'Accept-Encoding':"gzip, deflate, br, zstd", 'Accept-Language':"en-US,en;q=0.9", Cookie:"JaxerSessionId%24%24localhost%3A8081=176589175647709027719934159097; JaxerSessionId%24%24diagnostics=1766389857171006019406608883027; JaxerSessionId%24%24chat=176650225815408013378880202926; JaxerSessionId%24%24smtp-email=1766502615487048247814800171795; JaxerSessionId%24%24rss-sample=1766502620172023884340692192807; JaxerSessionId%24%24tasks=176650262827103192941976629359; JaxerSessionId%24%24wikilite=1766502633159009874746526267386; JaxerSessionId%24%24logging=176650264152708165463317747484"}, env:{CALLBACK_URI:"/aptanaRPC", HTTP_HOST:"localhost:8081", HTTP_CONNECTION:"keep-alive", CONTENT_LENGTH:"294", HTTP_SEC_CH_UA_PLATFORM:"\"Windows\"", HTTP_X_REQUESTED_WITH:"XMLHttpRequest", HTTP_USER_AGENT:"Mozilla/5.0 (Windows NT 10.0; Win64; x64) AppleWebKit/537.36 (KHTML, like Gecko) Chrome/140.0.0.0 Safari/537.36 OPR/124.0.0.0", HTTP_SEC_CH_UA:"\"Chromium\";v=\"140\", \"Not=A?Brand\";v=\"24\", \"Opera\";v=\"124\"", HTTP_SEC_CH_UA_MOBILE:"?0", HTTP_ACCEPT:"*/*", HTTP_ORIGIN:"http://localhost:8081", HTTP_SEC_FETCH_SITE:"same-origin", HTTP_SEC_FETCH_MODE:"cors", HTTP_SEC_FETCH_DEST:"empty", HTTP_REFERER:"http://localhost:8081/aptana/samples/logging/index.html", HTTP_ACCEPT_ENCODING:"gzip, deflate, br, zstd", HTTP_ACCEPT_LANGUAGE:"en-US,en;q=0.9", HTTP_COOKIE:"JaxerSessionId%24%24localhost%3A8081=176589175647709027719934159097; JaxerSessionId%24%24diagnostics=1766389857171006019406608883027; JaxerSessionId%24%24chat=176650225815408013378880202926; JaxerSessionId%24%24smtp-email=1766502615487048247814800171795; JaxerSessionId%24%24rss-sample=1766502620172023884340692192807; JaxerSessionId%24%24tasks=176650262827103192941976629359; JaxerSessionId%24%24wikilite=1766502633159009874746526267386; JaxerSessionId%24%24logging=176650264152708165463317747484", PATH:"C:\\ProgramData\\Oracle\\Java\\javapath;C:\\Windows\\system32;C:\\Windows;C:\\Windows\\System32\\Wbem;C:\\Windows\\System32\\WindowsPowerShell\\v1.0\\;C:\\Windows\\System32\\OpenSSH\\;C:\\Users\\USER\\AppData\\Local\\nvm;C:\\nvm4w\\nodejs;C:\\Program Files\\nodejs\\;C:\\php-8.4.6;C:\\ProgramData\\ComposerSetup\\bin;C:\\Program Files (x86)\\Microsoft SQL Server\\90\\Tools\\binn\\;C:\\Program Files (x86)\\Microsoft Visual Studio 9.0\\VC;C:\\Users\\USER\\AppData\\Local\\Microsoft\\WindowsApps;C:\\Users\\USER\\AppData\\Local\\Programs\\Microsoft VS Code\\bin;C:\\Users\\USER\\AppData\\Local\\nvm;C:\\nvm4w\\nodejs;C:\\Users\\USER\\AppData\\Local\\nvm;C:\\Users\\USER\\AppData\\Roaming\\npm;C:\\Program Files\\nodejs;C:\\Program Files (x86)\\Java\\jre7\\bin;C:\\Users\\USER\\AppData\\Roaming\\Composer\\vendor\\bin;E:\\Downloaded Programs\\Java\\jdk-24\\bin;", SystemRoot:"C:\\Windows", COMSPEC:"C:\\Windows\\system32\\cmd.exe", PATHEXT:".COM;.EXE;.BAT;.CMD;.VBS;.VBE;.JS;.JSE;.WSF;.WSH;.MSC", WINDIR:"C:\\Windows", SERVER_SIGNATURE:"", SERVER_SOFTWARE:"Apache/2.4.66 (Win32) ModJaxer/1.0.3.4547", SERVER_NAME:"localhost", SERVER_ADDR:"::1", SERVER_PORT:"8081", REQUEST_SCHEME:"http", CONTEXT_PREFIX:"", CONTEXT_DOCUMENT_ROOT:"E:/Aptana Jaxer Apache/Jaxer/Apache2-4Build/public", SERVER_ADMIN:"you@example.com", SCRIPT_NAME:"/jaxer-callback", JAXER_REQ_TYPE:"1"}, current:{url:"http://localhost:8081/jaxer-callback", scheme:"http", protocol:"http", authority:"localhost:8081", path:"/jaxer-callback", query:"", fragment:"", userInfo:"", host:"localhost", port:"8081", hostAndPort:"localhost:8081", base:"http://localhost:8081", subdomain:"", domain:"localhost", pathParts:["jaxer-callback"], leaf:"jaxer-callback", queryParts:{}}, currentFolder:"E:/Aptana Jaxer Apache/Jaxer/Apache2-4Build/public", get bodyAsString () {if (_bodyAsString == undefined) {if (_request.GetRawPostDataLength() > 0) {_bodyAsString = _request.GetRawPostDataAsString();} else {_bodyAsString = "";}}return _bodyAsString;}, get contentType () {return this._request.GetRawPostDataContentType();}, get userAgent () {return this.headers['User-Agent'] || "Unknown";}, get contentLength () {return this._request.GetRawPostDataLength();}, get body () {if (_body == undefined) {_body = null;if (Config.REQUEST_BODY_AS && (typeof Config.REQUEST_BODY_AS == "object")) {var contentType = this.contentType.toLowerCase();var values = Config.REQUEST_BODY_AS;for (var mimeTypePrefix in values) {var value = values[mimeTypePrefix];if (typeof value != "string") {continue;}if (contentType.indexOf(mimeTypePrefix.toLowerCase()) == 0) {var matched;switch (value.toLowerCase()) {case "string":_body = this.bodyAsString;matched = true;break;case "bytearray":_body = this.bodyAsByteArray;matched = true;break;case "stream":_body = this.bodyAsStream;matched = true;break;default:;}if (matched) {break;}}}}}return _body;}, get bodyAsByteArray () {if (_bodyAsByteArray == undefined) {if (_request.GetRawPostDataLength() > 0) {var baval = {};_request.GetRawPostDataAsByteArray({}, baval);_bodyAsByteArray = baval.value;} else {_bodyAsByteArray = [];}}return _bodyAsByteArray;}, get bodyAsStream () {if (_bodyAsString == undefined) {if (_request.GetRawPostDataLength() > 0) {_bodyAsStream = _request.GetRawPostDataAsInputStream();} else {_bodyAsStream = "";}}return _bodyAsStream;}, data:{pageSignature:"-911974268", pageName:"localhost:8081/aptana/samples/logging/index.html", callingPage:"http://localhost:8081/aptana/samples/logging/index.html", methodName:"proxyLog", params:"[\"error\",\"a proxied 'error' log statement\"]", uid:"1766502642041_873180"}, files:[], paramIsBody:false, app:{urlTest:(function (parsedUrl) {return parsedUrl.pathParts.length > 2 && parsedUrl.pathParts[0] == "aptana" && parsedUrl.pathParts[1] == "samples";}), name:#4=(function (parsedUrl) {return parsedUrl.pathParts[2];}), appKey:#4#, pageKey:(function (parsedUrl) {return parsedUrl.hostAndPort + parsedUrl.path;}), db:(function (resolvedName, parsedUrl) {switch (Config.DEFAULT_DB.IMPLEMENTATION) {case "SQLite":return Util.extend(Config.DEFAULT_DB, {PATH: Dir.combine(Config.DEFAULT_PATH_BASE, "samples", resolvedName, resolvedName + ".sqlite")});case "MySQL":return Util.extend(Config.DEFAULT_DB, {NAME: resolvedName});default:throw new Exception("Unrecognized database implementation: " + Config.DEFAULT_DB.IMPLEMENTATION);}}), path:(function (resolvedName, parsedUrl) {return Dir.combine(Config.DEFAULT_PATH_BASE, "samples", resolvedName);}), handler:(void 0), get NAME () {return _NAME;}, get APP_KEY () {return _APP_KEY;}, get PAGE_KEY () {return _PAGE_KEY;}, get DB () {return _DB;}, get PATH () {return _PATH;}}, appKey:"logging", pageKey:"localhost:8081/aptana/samples/logging/index.html", isCallback:true, referer:#5={url:"http://localhost:8081/aptana/samples/logging/index.html", scheme:"http", protocol:"http", authority:"localhost:8081", path:"/aptana/samples/logging/index.html", query:"", fragment:"", userInfo:"", host:"localhost", port:"8081", hostAndPort:"localhost:8081", base:"http://localhost:8081", subdomain:"", domain:"localhost", pathParts:["aptana", "samples", "logging", "index.html"], leaf:"index.html", queryParts:{}}, parsedUrl:#5#, parsedUrlError:"", evaluateScript:(function evaluateScript(contents, global, effectiveUrl) {if (typeof contents != "string") {try {contents = String(contents);} catch (e) {throw new Exception("Non-string contents passed to Jaxer.Request.evaluateScript()");}}if (effectiveUrl == undefined) {effectiveUrl = "javascript:" + contents.substr(0, 60).replace(/\n/g, "\\n") + (contents.length > 60 ? "..." : "");}return _request.ExecuteJavascript(contents, effectiveUrl, global);}), compileScript:(function compileScript(contents, global, effectiveUrl) {if (typeof contents != "string") {try {contents = String(contents);} catch (e) {throw new Exception("Non-string contents passed to Jaxer.Request.compileScript()");}}if (effectiveUrl == undefined) {effectiveUrl = "javascript:" + contents.substr(0, 60).replace(/\n/g, "\\n") + (contents.length > 60 ? "..." : "");}return _request.CompileScript(contents, effectiveUrl, global);}), evaluateCompiledScript:(function evaluateCompiledScript(compiledContents, global) {if (typeof compiledContents != "string") {try {compiledContents = String(compiledContents);} catch (e) {throw new Exception("Non-string contents passed to Jaxer.Request.evaluateCompiledScript()", log);}}return _request.RunScript(compiledContents, global);})})
stack:
  ->  [ModuleLogger.js:98] trace("Received Jaxer.request: ({constructorErrors:[], _request:{}, method:\"POST\", isHandler:true, uri:\"/jaxer-callback\", protocol:\"HTTP/1.1\", remoteUser:\"\", remoteHost:\"desktop-lpv0ncp\", remoteAddr:\"::1\", pageFile:\"\", documentRoot:\"\", OS:\"WINNT\", isJaxerServer:true, isHTTPS:false, queryString:\"\", logFileNativePath:\"\", action:\"POST\", headers:{Host:\"localhost:8081\", Connection:\"keep-alive\", 'Content-Length':\"294\", 'sec-ch-ua-platform':\"\\\"Windows\\\"\", 'X-Requested-With':\"XMLHttpRequest\", 'User-Agent':\"Mozilla/5.0 (Windows NT 10.0; Win64; x64) AppleWebKit/537.36 (KHTML, like Gecko) Chrome/140.0.0.0 Safari/537.36 OPR/124.0.0.0\", 'sec-ch-ua':\"\\\"Chromium\\\";v=\\\"140\\\", \\\"Not=A?Brand\\\";v=\\\"24\\\", \\\"Opera\\\";v=\\\"124\\\"\", 'Content-Type':\"application/x-www-form-urlencoded\", 'sec-ch-ua-mobile':\"?0\", Accept:\"*/*\", Origin:\"http://localhost:8081\", 'Sec-Fetch-Site':\"same-origin\", 'Sec-Fetch-Mode':\"cors\", 'Sec-Fetch-Dest':\"empty\", Referer:\"http://localhost:8081/aptana/samples/logging/index.html\", 'Accept-Encoding':\"gzip, deflate, br, zstd\", 'Accept-Language':\"en-US,en;q=0.9\", Cookie:\"JaxerSessionId%24%24localhost%3A8081=176589175647709027719934159097; JaxerSessionId%24%24diagnostics=1766389857171006019406608883027; JaxerSessionId%24%24chat=176650225815408013378880202926; JaxerSessionId%24%24smtp-email=1766502615487048247814800171795; JaxerSessionId%24%24rss-sample=1766502620172023884340692192807; JaxerSessionId%24%24tasks=176650262827103192941976629359; JaxerSessionId%24%24wikilite=1766502633159009874746526267386; JaxerSessionId%24%24logging=176650264152708165463317747484\"}, env:{CALLBACK_URI:\"/aptanaRPC\", HTTP_HOST:\"localhost:8081\", HTTP_CONNECTION:\"keep-alive\", CONTENT_LENGTH:\"294\", HTTP_SEC_CH_UA_PLATFORM:\"\\\"Windows\\\"\", HTTP_X_REQUESTED_WITH:\"XMLHttpRequest\", HTTP_USER_AGENT:\"Mozilla/5.0 (Windows NT 10.0; Win64; x64) AppleWebKit/537.36 (KHTML, like Gecko) Chrome/140.0.0.0 Safari/537.36 OPR/124.0.0.0\", HTTP_SEC_CH_UA:\"\\\"Chromium\\\";v=\\\"140\\\", \\\"Not=A?Brand\\\";v=\\\"24\\\", \\\"Opera\\\";v=\\\"124\\\"\", HTTP_SEC_CH_UA_MOBILE:\"?0\", HTTP_ACCEPT:\"*/*\", HTTP_ORIGIN:\"http://localhost:8081\", HTTP_SEC_FETCH_SITE:\"same-origin\", HTTP_SEC_FETCH_MODE:\"cors\", HTTP_SEC_FETCH_DEST:\"empty\", HTTP_REFERER:\"http://localhost:8081/aptana/samples/logging/index.html\", HTTP_ACCEPT_ENCODING:\"gzip, deflate, br, zstd\", HTTP_ACCEPT_LANGUAGE:\"en-US,en;q=0.9\", HTTP_COOKIE:\"JaxerSessionId%24%24localhost%3A8081=176589175647709027719934159097; JaxerSessionId%24%24diagnostics=1766389857171006019406608883027; JaxerSessionId%24%24chat=176650225815408013378880202926; JaxerSessionId%24%24smtp-email=1766502615487048247814800171795; JaxerSessionId%24%24rss-sample=1766502620172023884340692192807; JaxerSessionId%24%24tasks=176650262827103192941976629359; JaxerSessionId%24%24wikilite=1766502633159009874746526267386; JaxerSessionId%24%24logging=176650264152708165463317747484\", PATH:\"C:\\\\ProgramData\\\\Oracle\\\\Java\\\\javapath;C:\\\\Windows\\\\system32;C:\\\\Windows;C:\\\\Windows\\\\System32\\\\Wbem;C:\\\\Windows\\\\System32\\\\WindowsPowerShell\\\\v1.0\\\\;C:\\\\Windows\\\\System32\\\\OpenSSH\\\\;C:\\\\Users\\\\USER\\\\AppData\\\\Local\\\\nvm;C:\\\\nvm4w\\\\nodejs;C:\\\\Program Files\\\\nodejs\\\\;C:\\\\php-8.4.6;C:\\\\ProgramData\\\\ComposerSetup\\\\bin;C:\\\\Program Files (x86)\\\\Microsoft SQL Server\\\\90\\\\Tools\\\\binn\\\\;C:\\\\Program Files (x86)\\\\Microsoft Visual Studio 9.0\\\\VC;C:\\\\Users\\\\USER\\\\AppData\\\\Local\\\\Microsoft\\\\WindowsApps;C:\\\\Users\\\\USER\\\\AppData\\\\Local\\\\Programs\\\\Microsoft VS Code\\\\bin;C:\\\\Users\\\\USER\\\\AppData\\\\Local\\\\nvm;C:\\\\nvm4w\\\\nodejs;C:\\\\Users\\\\USER\\\\AppData\\\\Local\\\\nvm;C:\\\\Users\\\\USER\\\\AppData\\\\Roaming\\\\npm;C:\\\\Program Files\\\\nodejs;C:\\\\Program Files (x86)\\\\Java\\\\jre7\\\\bin;C:\\\\Users\\\\USER\\\\AppData\\\\Roaming\\\\Composer\\\\vendor\\\\bin;E:\\\\Downloaded Programs\\\\Java\\\\jdk-24\\\\bin;\", SystemRoot:\"C:\\\\Windows\", COMSPEC:\"C:\\\\Windows\\\\system32\\\\cmd.exe\", PATHEXT:\".COM;.EXE;.BAT;.CMD;.VBS;.VBE;.JS;.JSE;.WSF;.WSH;.MSC\", WINDIR:\"C:\\\\Windows\", SERVER_SIGNATURE:\"\", SERVER_SOFTWARE:\"Apache/2.4.66 (Win32) ModJaxer/1.0.3.4547\", SERVER_NAME:\"localhost\", SERVER_ADDR:\"::1\", SERVER_PORT:\"8081\", REQUEST_SCHEME:\"http\", CONTEXT_PREFIX:\"\", CONTEXT_DOCUMENT_ROOT:\"E:/Aptana Jaxer Apache/Jaxer/Apache2-4Build/public\", SERVER_ADMIN:\"you@example.com\", SCRIPT_NAME:\"/jaxer-callback\", JAXER_REQ_TYPE:\"1\"}, current:{url:\"http://localhost:8081/jaxer-callback\", scheme:\"http\", protocol:\"http\", authority:\"localhost:8081\", path:\"/jaxer-callback\", query:\"\", fragment:\"\", userInfo:\"\", host:\"localhost\", port:\"8081\", hostAndPort:\"localhost:8081\", base:\"http://localhost:8081\", subdomain:\"\", domain:\"localhost\", pathParts:[\"jaxer-callback\"], leaf:\"jaxer-callback\", queryParts:{}}, currentFolder:\"E:/Aptana Jaxer Apache/Jaxer/Apache2-4Build/public\", get bodyAsString () {if (_bodyAsString == undefined) {if (_request.GetRawPostDataLength() > 0) {_bodyAsString = _request.GetRawPostDataAsString();} else {_bodyAsString = \"\";}}return _bodyAsString;}, get contentType () {return this._request.GetRawPostDataContentType();}, get userAgent () {return this.headers['User-Agent'] || \"Unknown\";}, get contentLength () {return this._request.GetRawPostDataLength();}, get body () {if (_body == undefined) {_body = null;if (Config.REQUEST_BODY_AS && (typeof Config.REQUEST_BODY_AS == \"object\")) {var contentType = this.contentType.toLowerCase();var values = Config.REQUEST_BODY_AS;for (var mimeTypePrefix in values) {var value = values[mimeTypePrefix];if (typeof value != \"string\") {continue;}if (contentType.indexOf(mimeTypePrefix.toLowerCase()) == 0) {var matched;switch (value.toLowerCase()) {case \"string\":_body = this.bodyAsString;matched = true;break;case \"bytearray\":_body = this.bodyAsByteArray;matched = true;break;case \"stream\":_body = this.bodyAsStream;matched = true;break;default:;}if (matched) {break;}}}}}return _body;}, get bodyAsByteArray () {if (_bodyAsByteArray == undefined) {if (_request.GetRawPostDataLength() > 0) {var baval = {};_request.GetRawPostDataAsByteArray({}, baval);_bodyAsByteArray = baval.value;} else {_bodyAsByteArray = [];}}return _bodyAsByteArray;}, get bodyAsStream () {if (_bodyAsString == undefined) {if (_request.GetRawPostDataLength() > 0) {_bodyAsStream = _request.GetRawPostDataAsInputStream();} else {_bodyAsStream = \"\";}}return _bodyAsStream;}, data:{pageSignature:\"-911974268\", pageName:\"localhost:8081/aptana/samples/logging/index.html\", callingPage:\"http://localhost:8081/aptana/samples/logging/index.html\", methodName:\"proxyLog\", params:\"[\\\"error\\\",\\\"a proxied 'error' log statement\\\"]\", uid:\"1766502642041_873180\"}, files:[], paramIsBody:false, app:{urlTest:(function (parsedUrl) {return parsedUrl.pathParts.length > 2 && parsedUrl.pathParts[0] == \"aptana\" && parsedUrl.pathParts[1] == \"samples\";}), name:#4=(function (parsedUrl) {return parsedUrl.pathParts[2];}), appKey:#4#, pageKey:(function (parsedUrl) {return parsedUrl.hostAndPort + parsedUrl.path;}), db:(function (resolvedName, parsedUrl) {switch (Config.DEFAULT_DB.IMPLEMENTATION) {case \"SQLite\":return Util.extend(Config.DEFAULT_DB, {PATH: Dir.combine(Config.DEFAULT_PATH_BASE, \"samples\", resolvedName, resolvedName + \".sqlite\")});case \"MySQL\":return Util.extend(Config.DEFAULT_DB, {NAME: resolvedName});default:throw new Exception(\"Unrecognized database implementation: \" + Config.DEFAULT_DB.IMPLEMENTATION);}}), path:(function (resolvedName, parsedUrl) {return Dir.combine(Config.DEFAULT_PATH_BASE, \"samples\", resolvedName);}), handler:(void 0), get NAME () {return _NAME;}, get APP_KEY () {return _APP_KEY;}, get PAGE_KEY () {return _PAGE_KEY;}, get DB () {return _DB;}, get PATH () {return _PATH;}}, appKey:\"logging\", pageKey:\"localhost:8081/aptana/samples/logging/index.html\", isCallback:true, referer:#5={url:\"http://localhost:8081/aptana/samples/logging/index.html\", scheme:\"http\", protocol:\"http\", authority:\"localhost:8081\", path:\"/aptana/samples/logging/index.html\", query:\"\", fragment:\"\", userInfo:\"\", host:\"localhost\", port:\"8081\", hostAndPort:\"localhost:8081\", base:\"http://localhost:8081\", subdomain:\"\", domain:\"localhost\", pathParts:[\"aptana\", \"samples\", \"logging\", \"index.html\"], leaf:\"index.html\", queryParts:{}}, parsedUrl:#5#, parsedUrlError:\"\", evaluateScript:(function evaluateScript(contents, global, effectiveUrl) {if (typeof contents != \"string\") {try {contents = String(contents);} catch (e) {throw new Exception(\"Non-string contents passed to Jaxer.Request.evaluateScript()\");}}if (effectiveUrl == undefined) {effectiveUrl = \"javascript:\" + contents.substr(0, 60).replace(/\\n/g, \"\\\\n\") + (contents.length > 60 ? \"...\" : \"\");}return _request.ExecuteJavascript(contents, effectiveUrl, global);}), compileScript:(function compileScript(contents, global, effectiveUrl) {if (typeof contents != \"string\") {try {contents = String(contents);} catch (e) {throw new Exception(\"Non-string contents passed to Jaxer.Request.compileScript()\");}}if (effectiveUrl == undefined) {effectiveUrl = \"javascript:\" + contents.substr(0, 60).replace(/\\n/g, \"\\\\n\") + (contents.length > 60 ? \"...\" : \"\");}return _request.CompileScript(contents, effectiveUrl, global);}), evaluateCompiledScript:(function evaluateCompiledScript(compiledContents, global) {if (typeof compiledContents != \"string\") {try {compiledContents = String(compiledContents);} catch (e) {throw new Exception(\"Non-string contents passed to Jaxer.Request.evaluateCompiledScript()\", log);}}return _request.RunScript(compiledContents, global);})})")
  ->  [HandleCallback.js:85] onHandleCallback([object XPCWrappedNative_NoHelper],[object HTMLDocument])
  ->  [CoreEvents.js:293] fireEvent("HANDLE_CALLBACK",[object Array])
  ->  [CoreEvents.js:220] fire("PARSE_COMPLETE",[object XPCWrappedNative_NoHelper],[object HTMLDocument])
  ->  [aptEventHandler.js:337] observe([object XPCWrappedNative_NoHelper],"jaxerEvent.HTMLParseComplete",null)
paths:
  -> file:///E:/Aptana%20Jaxer%20Apache/Jaxer/Apache2-4Build/jaxer/framework/src/ModuleLogger.js
  -> file:///E:/Aptana%20Jaxer%20Apache/Jaxer/Apache2-4Build/jaxer/framework/src/HandleCallback.js
  -> file:///E:/Aptana%20Jaxer%20Apache/Jaxer/Apache2-4Build/jaxer/framework/src/CoreEvents.js
  -> file:///E:/Aptana%20Jaxer%20Apache/Jaxer/Apache2-4Build/jaxer/components/aptEventHandler.js

01:10:42 12/24/2025 [ 22864] [TRACE] [JS Framework] [DB.SQLite.execute] Starting execute
stack:
  ->  [ModuleLogger.js:98] trace("Starting execute")
  ->  [DB_SQLite.js:302] execute("SELECT document_root, page_file, access_count FROM callback_page WHERE name=? AND crc32=?",[object Array])
  ->  [DB.js:181] anonymous("SELECT document_root, page_file, access_count FROM callback_page WHERE name=? AND crc32=?",[object Array])
  ->  [HandleCallback.js:151] onHandleCallback([object XPCWrappedNative_NoHelper],[object HTMLDocument])
  ->  [CoreEvents.js:293] fireEvent("HANDLE_CALLBACK",[object Array])
  ->  [CoreEvents.js:220] fire("PARSE_COMPLETE",[object XPCWrappedNative_NoHelper],[object HTMLDocument])
  ->  [aptEventHandler.js:337] observe([object XPCWrappedNative_NoHelper],"jaxerEvent.HTMLParseComplete",null)
paths:
  -> file:///E:/Aptana%20Jaxer%20Apache/Jaxer/Apache2-4Build/jaxer/framework/src/ModuleLogger.js
  -> file:///E:/Aptana%20Jaxer%20Apache/Jaxer/Apache2-4Build/jaxer/framework/src/DB_SQLite.js
  -> file:///E:/Aptana%20Jaxer%20Apache/Jaxer/Apache2-4Build/jaxer/framework/src/DB.js
  -> file:///E:/Aptana%20Jaxer%20Apache/Jaxer/Apache2-4Build/jaxer/framework/src/HandleCallback.js
  -> file:///E:/Aptana%20Jaxer%20Apache/Jaxer/Apache2-4Build/jaxer/framework/src/CoreEvents.js
  -> file:///E:/Aptana%20Jaxer%20Apache/Jaxer/Apache2-4Build/jaxer/components/aptEventHandler.js

01:10:42 12/24/2025 [ 22864] [DEBUG] [JS Framework] [DB.SQLite.open] Opening connection to database: E:\Aptana Jaxer Apache\Jaxer\Apache2-4Build\jaxer\..\local_jaxer\conf\..\data\frameworkdata.sqlite
stack:
  ->  [ModuleLogger.js:98] debug("Opening connection to database: E:\\Aptana Jaxer Apache\\Jaxer\\Apache2-4Build\\jaxer\\..\\local_jaxer\\conf\\..\\data\\frameworkdata.sqlite")
  ->  [DB_SQLite.js:212] open()
  ->  [DB_SQLite.js:306] execute("SELECT document_root, page_file, access_count FROM callback_page WHERE name=? AND crc32=?",[object Array])
  ->  [DB.js:181] anonymous("SELECT document_root, page_file, access_count FROM callback_page WHERE name=? AND crc32=?",[object Array])
  ->  [HandleCallback.js:151] onHandleCallback([object XPCWrappedNative_NoHelper],[object HTMLDocument])
  ->  [CoreEvents.js:293] fireEvent("HANDLE_CALLBACK",[object Array])
  ->  [CoreEvents.js:220] fire("PARSE_COMPLETE",[object XPCWrappedNative_NoHelper],[object HTMLDocument])
  ->  [aptEventHandler.js:337] observe([object XPCWrappedNative_NoHelper],"jaxerEvent.HTMLParseComplete",null)
paths:
  -> file:///E:/Aptana%20Jaxer%20Apache/Jaxer/Apache2-4Build/jaxer/framework/src/ModuleLogger.js
  -> file:///E:/Aptana%20Jaxer%20Apache/Jaxer/Apache2-4Build/jaxer/framework/src/DB_SQLite.js
  -> file:///E:/Aptana%20Jaxer%20Apache/Jaxer/Apache2-4Build/jaxer/framework/src/DB.js
  -> file:///E:/Aptana%20Jaxer%20Apache/Jaxer/Apache2-4Build/jaxer/framework/src/HandleCallback.js
  -> file:///E:/Aptana%20Jaxer%20Apache/Jaxer/Apache2-4Build/jaxer/framework/src/CoreEvents.js
  -> file:///E:/Aptana%20Jaxer%20Apache/Jaxer/Apache2-4Build/jaxer/components/aptEventHandler.js

01:10:42 12/24/2025 [ 22864] [TRACE] [JS Framework] [DB.SQLite.open] Tried 1 time(s) in 1 ms to open connection to SQLite database file E:\Aptana Jaxer Apache\Jaxer\Apache2-4Build\jaxer\..\local_jaxer\conf\..\data\frameworkdata.sqlite
stack:
  ->  [ModuleLogger.js:98] trace("Tried 1 time(s) in 1 ms to open connection to SQLite database file E:\\Aptana Jaxer Apache\\Jaxer\\Apache2-4Build\\jaxer\\..\\local_jaxer\\conf\\..\\data\\frameworkdata.sqlite")
  ->  [DB_SQLite.js:266] open()
  ->  [DB_SQLite.js:306] execute("SELECT document_root, page_file, access_count FROM callback_page WHERE name=? AND crc32=?",[object Array])
  ->  [DB.js:181] anonymous("SELECT document_root, page_file, access_count FROM callback_page WHERE name=? AND crc32=?",[object Array])
  ->  [HandleCallback.js:151] onHandleCallback([object XPCWrappedNative_NoHelper],[object HTMLDocument])
  ->  [CoreEvents.js:293] fireEvent("HANDLE_CALLBACK",[object Array])
  ->  [CoreEvents.js:220] fire("PARSE_COMPLETE",[object XPCWrappedNative_NoHelper],[object HTMLDocument])
  ->  [aptEventHandler.js:337] observe([object XPCWrappedNative_NoHelper],"jaxerEvent.HTMLParseComplete",null)
paths:
  -> file:///E:/Aptana%20Jaxer%20Apache/Jaxer/Apache2-4Build/jaxer/framework/src/ModuleLogger.js
  -> file:///E:/Aptana%20Jaxer%20Apache/Jaxer/Apache2-4Build/jaxer/framework/src/DB_SQLite.js
  -> file:///E:/Aptana%20Jaxer%20Apache/Jaxer/Apache2-4Build/jaxer/framework/src/DB.js
  -> file:///E:/Aptana%20Jaxer%20Apache/Jaxer/Apache2-4Build/jaxer/framework/src/HandleCallback.js
  -> file:///E:/Aptana%20Jaxer%20Apache/Jaxer/Apache2-4Build/jaxer/framework/src/CoreEvents.js
  -> file:///E:/Aptana%20Jaxer%20Apache/Jaxer/Apache2-4Build/jaxer/components/aptEventHandler.js

01:10:42 12/24/2025 [ 22864] [DEBUG] [JS Framework] [DB.SQLite.open] Opened
stack:
  ->  [ModuleLogger.js:98] debug("Opened")
  ->  [DB_SQLite.js:268] open()
  ->  [DB_SQLite.js:306] execute("SELECT document_root, page_file, access_count FROM callback_page WHERE name=? AND crc32=?",[object Array])
  ->  [DB.js:181] anonymous("SELECT document_root, page_file, access_count FROM callback_page WHERE name=? AND crc32=?",[object Array])
  ->  [HandleCallback.js:151] onHandleCallback([object XPCWrappedNative_NoHelper],[object HTMLDocument])
  ->  [CoreEvents.js:293] fireEvent("HANDLE_CALLBACK",[object Array])
  ->  [CoreEvents.js:220] fire("PARSE_COMPLETE",[object XPCWrappedNative_NoHelper],[object HTMLDocument])
  ->  [aptEventHandler.js:337] observe([object XPCWrappedNative_NoHelper],"jaxerEvent.HTMLParseComplete",null)
paths:
  -> file:///E:/Aptana%20Jaxer%20Apache/Jaxer/Apache2-4Build/jaxer/framework/src/ModuleLogger.js
  -> file:///E:/Aptana%20Jaxer%20Apache/Jaxer/Apache2-4Build/jaxer/framework/src/DB_SQLite.js
  -> file:///E:/Aptana%20Jaxer%20Apache/Jaxer/Apache2-4Build/jaxer/framework/src/DB.js
  -> file:///E:/Aptana%20Jaxer%20Apache/Jaxer/Apache2-4Build/jaxer/framework/src/HandleCallback.js
  -> file:///E:/Aptana%20Jaxer%20Apache/Jaxer/Apache2-4Build/jaxer/framework/src/CoreEvents.js
  -> file:///E:/Aptana%20Jaxer%20Apache/Jaxer/Apache2-4Build/jaxer/components/aptEventHandler.js

01:10:42 12/24/2025 [ 22864] [TRACE] [JS Framework] [DB.SQLite.bindAndExecute] Binding statement SELECT document_root, page_file, access_count FROM callback_page WHERE name=? AND crc32=?
with params: localhost:8081/aptana/samples/logging/index.html,-911974268
stack:
  ->  [ModuleLogger.js:98] trace("Binding statement SELECT document_root, page_file, access_count FROM callback_page WHERE name=? AND crc32=?\nwith params: localhost:8081/aptana/samples/logging/index.html,-911974268")
  ->  [DB_SQLite.js:512] bindAndExecute([object Object],[object XPCWrappedNative_NoHelper],"SELECT document_root, page_file, access_count FROM callback_page WHERE name=? AND crc32=?",[object Array],null,[object Object])
  ->  [DB_SQLite.js:464] executeOneWithStatement([object Array],0,[object Array])
  ->  [DB_SQLite.js:456] executeWithStatement([object Object],"SELECT document_root, page_file, access_count FROM callback_page WHERE name=? AND crc32=?",[object Array],[object Object])
  ->  [DB_SQLite.js:312] execute("SELECT document_root, page_file, access_count FROM callback_page WHERE name=? AND crc32=?",[object Array])
  ->  [DB.js:181] anonymous("SELECT document_root, page_file, access_count FROM callback_page WHERE name=? AND crc32=?",[object Array])
  ->  [HandleCallback.js:151] onHandleCallback([object XPCWrappedNative_NoHelper],[object HTMLDocument])
  ->  [CoreEvents.js:293] fireEvent("HANDLE_CALLBACK",[object Array])
  ->  [CoreEvents.js:220] fire("PARSE_COMPLETE",[object XPCWrappedNative_NoHelper],[object HTMLDocument])
  ->  [aptEventHandler.js:337] observe([object XPCWrappedNative_NoHelper],"jaxerEvent.HTMLParseComplete",null)
paths:
  -> file:///E:/Aptana%20Jaxer%20Apache/Jaxer/Apache2-4Build/jaxer/framework/src/ModuleLogger.js
  -> file:///E:/Aptana%20Jaxer%20Apache/Jaxer/Apache2-4Build/jaxer/framework/src/DB_SQLite.js
  -> file:///E:/Aptana%20Jaxer%20Apache/Jaxer/Apache2-4Build/jaxer/framework/src/DB.js
  -> file:///E:/Aptana%20Jaxer%20Apache/Jaxer/Apache2-4Build/jaxer/framework/src/HandleCallback.js
  -> file:///E:/Aptana%20Jaxer%20Apache/Jaxer/Apache2-4Build/jaxer/framework/src/CoreEvents.js
  -> file:///E:/Aptana%20Jaxer%20Apache/Jaxer/Apache2-4Build/jaxer/components/aptEventHandler.js

01:10:42 12/24/2025 [ 22864] [TRACE] [JS Framework] [DB.SQLite.bindAndExecute] Tried 1 time(s) in 0 ms to execute statement on SQLite database file E:\Aptana Jaxer Apache\Jaxer\Apache2-4Build\jaxer\..\local_jaxer\conf\..\data\frameworkdata.sqlite
stack:
  ->  [ModuleLogger.js:98] trace("Tried 1 time(s) in 0 ms to execute statement on SQLite database file E:\\Aptana Jaxer Apache\\Jaxer\\Apache2-4Build\\jaxer\\..\\local_jaxer\\conf\\..\\data\\frameworkdata.sqlite")
  ->  [DB_SQLite.js:606] bindAndExecute([object Object],[object XPCWrappedNative_NoHelper],"SELECT document_root, page_file, access_count FROM callback_page WHERE name=? AND crc32=?",[object Array],null,[object Object])
  ->  [DB_SQLite.js:464] executeOneWithStatement([object Array],0,[object Array])
  ->  [DB_SQLite.js:456] executeWithStatement([object Object],"SELECT document_root, page_file, access_count FROM callback_page WHERE name=? AND crc32=?",[object Array],[object Object])
  ->  [DB_SQLite.js:312] execute("SELECT document_root, page_file, access_count FROM callback_page WHERE name=? AND crc32=?",[object Array])
  ->  [DB.js:181] anonymous("SELECT document_root, page_file, access_count FROM callback_page WHERE name=? AND crc32=?",[object Array])
  ->  [HandleCallback.js:151] onHandleCallback([object XPCWrappedNative_NoHelper],[object HTMLDocument])
  ->  [CoreEvents.js:293] fireEvent("HANDLE_CALLBACK",[object Array])
  ->  [CoreEvents.js:220] fire("PARSE_COMPLETE",[object XPCWrappedNative_NoHelper],[object HTMLDocument])
  ->  [aptEventHandler.js:337] observe([object XPCWrappedNative_NoHelper],"jaxerEvent.HTMLParseComplete",null)
paths:
  -> file:///E:/Aptana%20Jaxer%20Apache/Jaxer/Apache2-4Build/jaxer/framework/src/ModuleLogger.js
  -> file:///E:/Aptana%20Jaxer%20Apache/Jaxer/Apache2-4Build/jaxer/framework/src/DB_SQLite.js
  -> file:///E:/Aptana%20Jaxer%20Apache/Jaxer/Apache2-4Build/jaxer/framework/src/DB.js
  -> file:///E:/Aptana%20Jaxer%20Apache/Jaxer/Apache2-4Build/jaxer/framework/src/HandleCallback.js
  -> file:///E:/Aptana%20Jaxer%20Apache/Jaxer/Apache2-4Build/jaxer/framework/src/CoreEvents.js
  -> file:///E:/Aptana%20Jaxer%20Apache/Jaxer/Apache2-4Build/jaxer/components/aptEventHandler.js

01:10:42 12/24/2025 [ 22864] [TRACE] [JS Framework] [DB.SQLite.bindAndExecute] Populating resultSet
stack:
  ->  [ModuleLogger.js:98] trace("Populating resultSet")
  ->  [DB_SQLite.js:624] bindAndExecute([object Object],[object XPCWrappedNative_NoHelper],"SELECT document_root, page_file, access_count FROM callback_page WHERE name=? AND crc32=?",[object Array],[object Object],[object Object])
  ->  [DB_SQLite.js:464] executeOneWithStatement([object Array],0,[object Array])
  ->  [DB_SQLite.js:456] executeWithStatement([object Object],"SELECT document_root, page_file, access_count FROM callback_page WHERE name=? AND crc32=?",[object Array],[object Object])
  ->  [DB_SQLite.js:312] execute("SELECT document_root, page_file, access_count FROM callback_page WHERE name=? AND crc32=?",[object Array])
  ->  [DB.js:181] anonymous("SELECT document_root, page_file, access_count FROM callback_page WHERE name=? AND crc32=?",[object Array])
  ->  [HandleCallback.js:151] onHandleCallback([object XPCWrappedNative_NoHelper],[object HTMLDocument])
  ->  [CoreEvents.js:293] fireEvent("HANDLE_CALLBACK",[object Array])
  ->  [CoreEvents.js:220] fire("PARSE_COMPLETE",[object XPCWrappedNative_NoHelper],[object HTMLDocument])
  ->  [aptEventHandler.js:337] observe([object XPCWrappedNative_NoHelper],"jaxerEvent.HTMLParseComplete",null)
paths:
  -> file:///E:/Aptana%20Jaxer%20Apache/Jaxer/Apache2-4Build/jaxer/framework/src/ModuleLogger.js
  -> file:///E:/Aptana%20Jaxer%20Apache/Jaxer/Apache2-4Build/jaxer/framework/src/DB_SQLite.js
  -> file:///E:/Aptana%20Jaxer%20Apache/Jaxer/Apache2-4Build/jaxer/framework/src/DB.js
  -> file:///E:/Aptana%20Jaxer%20Apache/Jaxer/Apache2-4Build/jaxer/framework/src/HandleCallback.js
  -> file:///E:/Aptana%20Jaxer%20Apache/Jaxer/Apache2-4Build/jaxer/framework/src/CoreEvents.js
  -> file:///E:/Aptana%20Jaxer%20Apache/Jaxer/Apache2-4Build/jaxer/components/aptEventHandler.js

01:10:42 12/24/2025 [ 22864] [TRACE] [JS Framework] [DB.SQLite.bindAndExecute] Column 0: document_root
stack:
  ->  [ModuleLogger.js:98] trace("Column 0: document_root")
  ->  [DB_SQLite.js:627] bindAndExecute([object Object],[object XPCWrappedNative_NoHelper],"SELECT document_root, page_file, access_count FROM callback_page WHERE name=? AND crc32=?",[object Array],[object Object],[object Object])
  ->  [DB_SQLite.js:464] executeOneWithStatement([object Array],0,[object Array])
  ->  [DB_SQLite.js:456] executeWithStatement([object Object],"SELECT document_root, page_file, access_count FROM callback_page WHERE name=? AND crc32=?",[object Array],[object Object])
  ->  [DB_SQLite.js:312] execute("SELECT document_root, page_file, access_count FROM callback_page WHERE name=? AND crc32=?",[object Array])
  ->  [DB.js:181] anonymous("SELECT document_root, page_file, access_count FROM callback_page WHERE name=? AND crc32=?",[object Array])
  ->  [HandleCallback.js:151] onHandleCallback([object XPCWrappedNative_NoHelper],[object HTMLDocument])
  ->  [CoreEvents.js:293] fireEvent("HANDLE_CALLBACK",[object Array])
  ->  [CoreEvents.js:220] fire("PARSE_COMPLETE",[object XPCWrappedNative_NoHelper],[object HTMLDocument])
  ->  [aptEventHandler.js:337] observe([object XPCWrappedNative_NoHelper],"jaxerEvent.HTMLParseComplete",null)
paths:
  -> file:///E:/Aptana%20Jaxer%20Apache/Jaxer/Apache2-4Build/jaxer/framework/src/ModuleLogger.js
  -> file:///E:/Aptana%20Jaxer%20Apache/Jaxer/Apache2-4Build/jaxer/framework/src/DB_SQLite.js
  -> file:///E:/Aptana%20Jaxer%20Apache/Jaxer/Apache2-4Build/jaxer/framework/src/DB.js
  -> file:///E:/Aptana%20Jaxer%20Apache/Jaxer/Apache2-4Build/jaxer/framework/src/HandleCallback.js
  -> file:///E:/Aptana%20Jaxer%20Apache/Jaxer/Apache2-4Build/jaxer/framework/src/CoreEvents.js
  -> file:///E:/Aptana%20Jaxer%20Apache/Jaxer/Apache2-4Build/jaxer/components/aptEventHandler.js

01:10:42 12/24/2025 [ 22864] [TRACE] [JS Framework] [DB.SQLite.bindAndExecute] Column 1: page_file
stack:
  ->  [ModuleLogger.js:98] trace("Column 1: page_file")
  ->  [DB_SQLite.js:627] bindAndExecute([object Object],[object XPCWrappedNative_NoHelper],"SELECT document_root, page_file, access_count FROM callback_page WHERE name=? AND crc32=?",[object Array],[object Object],[object Object])
  ->  [DB_SQLite.js:464] executeOneWithStatement([object Array],0,[object Array])
  ->  [DB_SQLite.js:456] executeWithStatement([object Object],"SELECT document_root, page_file, access_count FROM callback_page WHERE name=? AND crc32=?",[object Array],[object Object])
  ->  [DB_SQLite.js:312] execute("SELECT document_root, page_file, access_count FROM callback_page WHERE name=? AND crc32=?",[object Array])
  ->  [DB.js:181] anonymous("SELECT document_root, page_file, access_count FROM callback_page WHERE name=? AND crc32=?",[object Array])
  ->  [HandleCallback.js:151] onHandleCallback([object XPCWrappedNative_NoHelper],[object HTMLDocument])
  ->  [CoreEvents.js:293] fireEvent("HANDLE_CALLBACK",[object Array])
  ->  [CoreEvents.js:220] fire("PARSE_COMPLETE",[object XPCWrappedNative_NoHelper],[object HTMLDocument])
  ->  [aptEventHandler.js:337] observe([object XPCWrappedNative_NoHelper],"jaxerEvent.HTMLParseComplete",null)
paths:
  -> file:///E:/Aptana%20Jaxer%20Apache/Jaxer/Apache2-4Build/jaxer/framework/src/ModuleLogger.js
  -> file:///E:/Aptana%20Jaxer%20Apache/Jaxer/Apache2-4Build/jaxer/framework/src/DB_SQLite.js
  -> file:///E:/Aptana%20Jaxer%20Apache/Jaxer/Apache2-4Build/jaxer/framework/src/DB.js
  -> file:///E:/Aptana%20Jaxer%20Apache/Jaxer/Apache2-4Build/jaxer/framework/src/HandleCallback.js
  -> file:///E:/Aptana%20Jaxer%20Apache/Jaxer/Apache2-4Build/jaxer/framework/src/CoreEvents.js
  -> file:///E:/Aptana%20Jaxer%20Apache/Jaxer/Apache2-4Build/jaxer/components/aptEventHandler.js

01:10:42 12/24/2025 [ 22864] [TRACE] [JS Framework] [DB.SQLite.bindAndExecute] Column 2: access_count
stack:
  ->  [ModuleLogger.js:98] trace("Column 2: access_count")
  ->  [DB_SQLite.js:627] bindAndExecute([object Object],[object XPCWrappedNative_NoHelper],"SELECT document_root, page_file, access_count FROM callback_page WHERE name=? AND crc32=?",[object Array],[object Object],[object Object])
  ->  [DB_SQLite.js:464] executeOneWithStatement([object Array],0,[object Array])
  ->  [DB_SQLite.js:456] executeWithStatement([object Object],"SELECT document_root, page_file, access_count FROM callback_page WHERE name=? AND crc32=?",[object Array],[object Object])
  ->  [DB_SQLite.js:312] execute("SELECT document_root, page_file, access_count FROM callback_page WHERE name=? AND crc32=?",[object Array])
  ->  [DB.js:181] anonymous("SELECT document_root, page_file, access_count FROM callback_page WHERE name=? AND crc32=?",[object Array])
  ->  [HandleCallback.js:151] onHandleCallback([object XPCWrappedNative_NoHelper],[object HTMLDocument])
  ->  [CoreEvents.js:293] fireEvent("HANDLE_CALLBACK",[object Array])
  ->  [CoreEvents.js:220] fire("PARSE_COMPLETE",[object XPCWrappedNative_NoHelper],[object HTMLDocument])
  ->  [aptEventHandler.js:337] observe([object XPCWrappedNative_NoHelper],"jaxerEvent.HTMLParseComplete",null)
paths:
  -> file:///E:/Aptana%20Jaxer%20Apache/Jaxer/Apache2-4Build/jaxer/framework/src/ModuleLogger.js
  -> file:///E:/Aptana%20Jaxer%20Apache/Jaxer/Apache2-4Build/jaxer/framework/src/DB_SQLite.js
  -> file:///E:/Aptana%20Jaxer%20Apache/Jaxer/Apache2-4Build/jaxer/framework/src/DB.js
  -> file:///E:/Aptana%20Jaxer%20Apache/Jaxer/Apache2-4Build/jaxer/framework/src/HandleCallback.js
  -> file:///E:/Aptana%20Jaxer%20Apache/Jaxer/Apache2-4Build/jaxer/framework/src/CoreEvents.js
  -> file:///E:/Aptana%20Jaxer%20Apache/Jaxer/Apache2-4Build/jaxer/components/aptEventHandler.js

01:10:42 12/24/2025 [ 22864] [TRACE] [JS Framework] [DB.SQLite.bindAndExecute] Tried 1 time(s) in 5 ms to execute statement on SQLite database file E:\Aptana Jaxer Apache\Jaxer\Apache2-4Build\jaxer\..\local_jaxer\conf\..\data\frameworkdata.sqlite
stack:
  ->  [ModuleLogger.js:98] trace("Tried 1 time(s) in 5 ms to execute statement on SQLite database file E:\\Aptana Jaxer Apache\\Jaxer\\Apache2-4Build\\jaxer\\..\\local_jaxer\\conf\\..\\data\\frameworkdata.sqlite")
  ->  [DB_SQLite.js:606] bindAndExecute([object Object],[object XPCWrappedNative_NoHelper],"SELECT document_root, page_file, access_count FROM callback_page WHERE name=? AND crc32=?",[object Array],[object Object],[object Object])
  ->  [DB_SQLite.js:464] executeOneWithStatement([object Array],0,[object Array])
  ->  [DB_SQLite.js:456] executeWithStatement([object Object],"SELECT document_root, page_file, access_count FROM callback_page WHERE name=? AND crc32=?",[object Array],[object Object])
  ->  [DB_SQLite.js:312] execute("SELECT document_root, page_file, access_count FROM callback_page WHERE name=? AND crc32=?",[object Array])
  ->  [DB.js:181] anonymous("SELECT document_root, page_file, access_count FROM callback_page WHERE name=? AND crc32=?",[object Array])
  ->  [HandleCallback.js:151] onHandleCallback([object XPCWrappedNative_NoHelper],[object HTMLDocument])
  ->  [CoreEvents.js:293] fireEvent("HANDLE_CALLBACK",[object Array])
  ->  [CoreEvents.js:220] fire("PARSE_COMPLETE",[object XPCWrappedNative_NoHelper],[object HTMLDocument])
  ->  [aptEventHandler.js:337] observe([object XPCWrappedNative_NoHelper],"jaxerEvent.HTMLParseComplete",null)
paths:
  -> file:///E:/Aptana%20Jaxer%20Apache/Jaxer/Apache2-4Build/jaxer/framework/src/ModuleLogger.js
  -> file:///E:/Aptana%20Jaxer%20Apache/Jaxer/Apache2-4Build/jaxer/framework/src/DB_SQLite.js
  -> file:///E:/Aptana%20Jaxer%20Apache/Jaxer/Apache2-4Build/jaxer/framework/src/DB.js
  -> file:///E:/Aptana%20Jaxer%20Apache/Jaxer/Apache2-4Build/jaxer/framework/src/HandleCallback.js
  -> file:///E:/Aptana%20Jaxer%20Apache/Jaxer/Apache2-4Build/jaxer/framework/src/CoreEvents.js
  -> file:///E:/Aptana%20Jaxer%20Apache/Jaxer/Apache2-4Build/jaxer/components/aptEventHandler.js

01:10:42 12/24/2025 [ 22864] [TRACE] [JS Framework] [DB.SQLite.executeWithStatement] Closing statement
stack:
  ->  [ModuleLogger.js:98] trace("Closing statement")
  ->  [DB_SQLite.js:484] executeWithStatement([object Object],"SELECT document_root, page_file, access_count FROM callback_page WHERE name=? AND crc32=?",[object Array],[object Object])
  ->  [DB_SQLite.js:312] execute("SELECT document_root, page_file, access_count FROM callback_page WHERE name=? AND crc32=?",[object Array])
  ->  [DB.js:181] anonymous("SELECT document_root, page_file, access_count FROM callback_page WHERE name=? AND crc32=?",[object Array])
  ->  [HandleCallback.js:151] onHandleCallback([object XPCWrappedNative_NoHelper],[object HTMLDocument])
  ->  [CoreEvents.js:293] fireEvent("HANDLE_CALLBACK",[object Array])
  ->  [CoreEvents.js:220] fire("PARSE_COMPLETE",[object XPCWrappedNative_NoHelper],[object HTMLDocument])
  ->  [aptEventHandler.js:337] observe([object XPCWrappedNative_NoHelper],"jaxerEvent.HTMLParseComplete",null)
paths:
  -> file:///E:/Aptana%20Jaxer%20Apache/Jaxer/Apache2-4Build/jaxer/framework/src/ModuleLogger.js
  -> file:///E:/Aptana%20Jaxer%20Apache/Jaxer/Apache2-4Build/jaxer/framework/src/DB_SQLite.js
  -> file:///E:/Aptana%20Jaxer%20Apache/Jaxer/Apache2-4Build/jaxer/framework/src/DB.js
  -> file:///E:/Aptana%20Jaxer%20Apache/Jaxer/Apache2-4Build/jaxer/framework/src/HandleCallback.js
  -> file:///E:/Aptana%20Jaxer%20Apache/Jaxer/Apache2-4Build/jaxer/framework/src/CoreEvents.js
  -> file:///E:/Aptana%20Jaxer%20Apache/Jaxer/Apache2-4Build/jaxer/components/aptEventHandler.js

01:10:42 12/24/2025 [ 22864] [TRACE] [JS Framework] [DB.SQLite.executeWithStatement] Resetting and finalizing statement
stack:
  ->  [ModuleLogger.js:98] trace("Resetting and finalizing statement")
  ->  [DB_SQLite.js:487] executeWithStatement([object Object],"SELECT document_root, page_file, access_count FROM callback_page WHERE name=? AND crc32=?",[object Array],[object Object])
  ->  [DB_SQLite.js:312] execute("SELECT document_root, page_file, access_count FROM callback_page WHERE name=? AND crc32=?",[object Array])
  ->  [DB.js:181] anonymous("SELECT document_root, page_file, access_count FROM callback_page WHERE name=? AND crc32=?",[object Array])
  ->  [HandleCallback.js:151] onHandleCallback([object XPCWrappedNative_NoHelper],[object HTMLDocument])
  ->  [CoreEvents.js:293] fireEvent("HANDLE_CALLBACK",[object Array])
  ->  [CoreEvents.js:220] fire("PARSE_COMPLETE",[object XPCWrappedNative_NoHelper],[object HTMLDocument])
  ->  [aptEventHandler.js:337] observe([object XPCWrappedNative_NoHelper],"jaxerEvent.HTMLParseComplete",null)
paths:
  -> file:///E:/Aptana%20Jaxer%20Apache/Jaxer/Apache2-4Build/jaxer/framework/src/ModuleLogger.js
  -> file:///E:/Aptana%20Jaxer%20Apache/Jaxer/Apache2-4Build/jaxer/framework/src/DB_SQLite.js
  -> file:///E:/Aptana%20Jaxer%20Apache/Jaxer/Apache2-4Build/jaxer/framework/src/DB.js
  -> file:///E:/Aptana%20Jaxer%20Apache/Jaxer/Apache2-4Build/jaxer/framework/src/HandleCallback.js
  -> file:///E:/Aptana%20Jaxer%20Apache/Jaxer/Apache2-4Build/jaxer/framework/src/CoreEvents.js
  -> file:///E:/Aptana%20Jaxer%20Apache/Jaxer/Apache2-4Build/jaxer/components/aptEventHandler.js

01:10:42 12/24/2025 [ 22864] [TRACE] [JS Framework] [DB.SQLite.execute] Populated resultSet with 1 rows of 3 columns
stack:
  ->  [ModuleLogger.js:98] trace("Populated resultSet with 1 rows of 3 columns")
  ->  [DB_SQLite.js:315] execute("SELECT document_root, page_file, access_count FROM callback_page WHERE name=? AND crc32=?",[object Array])
  ->  [DB.js:181] anonymous("SELECT document_root, page_file, access_count FROM callback_page WHERE name=? AND crc32=?",[object Array])
  ->  [HandleCallback.js:151] onHandleCallback([object XPCWrappedNative_NoHelper],[object HTMLDocument])
  ->  [CoreEvents.js:293] fireEvent("HANDLE_CALLBACK",[object Array])
  ->  [CoreEvents.js:220] fire("PARSE_COMPLETE",[object XPCWrappedNative_NoHelper],[object HTMLDocument])
  ->  [aptEventHandler.js:337] observe([object XPCWrappedNative_NoHelper],"jaxerEvent.HTMLParseComplete",null)
paths:
  -> file:///E:/Aptana%20Jaxer%20Apache/Jaxer/Apache2-4Build/jaxer/framework/src/ModuleLogger.js
  -> file:///E:/Aptana%20Jaxer%20Apache/Jaxer/Apache2-4Build/jaxer/framework/src/DB_SQLite.js
  -> file:///E:/Aptana%20Jaxer%20Apache/Jaxer/Apache2-4Build/jaxer/framework/src/DB.js
  -> file:///E:/Aptana%20Jaxer%20Apache/Jaxer/Apache2-4Build/jaxer/framework/src/HandleCallback.js
  -> file:///E:/Aptana%20Jaxer%20Apache/Jaxer/Apache2-4Build/jaxer/framework/src/CoreEvents.js
  -> file:///E:/Aptana%20Jaxer%20Apache/Jaxer/Apache2-4Build/jaxer/components/aptEventHandler.js

01:10:42 12/24/2025 [ 22864] [TRACE] [JS Framework] [DB.SQLite.execute] Finished executing
stack:
  ->  [ModuleLogger.js:98] trace("Finished executing")
  ->  [DB_SQLite.js:338] execute("SELECT document_root, page_file, access_count FROM callback_page WHERE name=? AND crc32=?",[object Array])
  ->  [DB.js:181] anonymous("SELECT document_root, page_file, access_count FROM callback_page WHERE name=? AND crc32=?",[object Array])
  ->  [HandleCallback.js:151] onHandleCallback([object XPCWrappedNative_NoHelper],[object HTMLDocument])
  ->  [CoreEvents.js:293] fireEvent("HANDLE_CALLBACK",[object Array])
  ->  [CoreEvents.js:220] fire("PARSE_COMPLETE",[object XPCWrappedNative_NoHelper],[object HTMLDocument])
  ->  [aptEventHandler.js:337] observe([object XPCWrappedNative_NoHelper],"jaxerEvent.HTMLParseComplete",null)
paths:
  -> file:///E:/Aptana%20Jaxer%20Apache/Jaxer/Apache2-4Build/jaxer/framework/src/ModuleLogger.js
  -> file:///E:/Aptana%20Jaxer%20Apache/Jaxer/Apache2-4Build/jaxer/framework/src/DB_SQLite.js
  -> file:///E:/Aptana%20Jaxer%20Apache/Jaxer/Apache2-4Build/jaxer/framework/src/DB.js
  -> file:///E:/Aptana%20Jaxer%20Apache/Jaxer/Apache2-4Build/jaxer/framework/src/HandleCallback.js
  -> file:///E:/Aptana%20Jaxer%20Apache/Jaxer/Apache2-4Build/jaxer/framework/src/CoreEvents.js
  -> file:///E:/Aptana%20Jaxer%20Apache/Jaxer/Apache2-4Build/jaxer/components/aptEventHandler.js

01:10:42 12/24/2025 [ 22864] [DEBUG] [JS Framework] [HandleCallback.onHandleCallback] Setting [Jaxer.request.documentRoot, Jaxer.request.pageFile] = E:/Aptana Jaxer/public,E:/Aptana Jaxer/jaxer/aptana/samples/logging/index.html
stack:
  ->  [ModuleLogger.js:98] debug("Setting [Jaxer.request.documentRoot, Jaxer.request.pageFile] = E:/Aptana Jaxer/public,E:/Aptana Jaxer/jaxer/aptana/samples/logging/index.html")
  ->  [HandleCallback.js:158] onHandleCallback([object XPCWrappedNative_NoHelper],[object HTMLDocument])
  ->  [CoreEvents.js:293] fireEvent("HANDLE_CALLBACK",[object Array])
  ->  [CoreEvents.js:220] fire("PARSE_COMPLETE",[object XPCWrappedNative_NoHelper],[object HTMLDocument])
  ->  [aptEventHandler.js:337] observe([object XPCWrappedNative_NoHelper],"jaxerEvent.HTMLParseComplete",null)
paths:
  -> file:///E:/Aptana%20Jaxer%20Apache/Jaxer/Apache2-4Build/jaxer/framework/src/ModuleLogger.js
  -> file:///E:/Aptana%20Jaxer%20Apache/Jaxer/Apache2-4Build/jaxer/framework/src/HandleCallback.js
  -> file:///E:/Aptana%20Jaxer%20Apache/Jaxer/Apache2-4Build/jaxer/framework/src/CoreEvents.js
  -> file:///E:/Aptana%20Jaxer%20Apache/Jaxer/Apache2-4Build/jaxer/components/aptEventHandler.js

01:10:42 12/24/2025 [ 22864] [DEBUG] [JS Framework] [CallbackManager.getCachedCallbackPage] Retrieving cached page using key = -911974268::localhost:8081/aptana/samples/logging/index.html
stack:
  ->  [ModuleLogger.js:98] debug("Retrieving cached page using key = -911974268::localhost:8081/aptana/samples/logging/index.html")
  ->  [CallbackManager.js:301] getCachedCallbackPage("localhost:8081/aptana/samples/logging/index.html","-911974268")
  ->  [HandleCallback.js:184] onHandleCallback([object XPCWrappedNative_NoHelper],[object HTMLDocument])
  ->  [CoreEvents.js:293] fireEvent("HANDLE_CALLBACK",[object Array])
  ->  [CoreEvents.js:220] fire("PARSE_COMPLETE",[object XPCWrappedNative_NoHelper],[object HTMLDocument])
  ->  [aptEventHandler.js:337] observe([object XPCWrappedNative_NoHelper],"jaxerEvent.HTMLParseComplete",null)
paths:
  -> file:///E:/Aptana%20Jaxer%20Apache/Jaxer/Apache2-4Build/jaxer/framework/src/ModuleLogger.js
  -> file:///E:/Aptana%20Jaxer%20Apache/Jaxer/Apache2-4Build/jaxer/framework/src/CallbackManager.js
  -> file:///E:/Aptana%20Jaxer%20Apache/Jaxer/Apache2-4Build/jaxer/framework/src/HandleCallback.js
  -> file:///E:/Aptana%20Jaxer%20Apache/Jaxer/Apache2-4Build/jaxer/framework/src/CoreEvents.js
  -> file:///E:/Aptana%20Jaxer%20Apache/Jaxer/Apache2-4Build/jaxer/components/aptEventHandler.js

01:10:42 12/24/2025 [ 22864] [TRACE] [JS Framework] [HandleCallback.onHandleCallback] Evaluating: /* callback.js */
Jaxer._autoload([]);
$ = this.$ = function $(id) {
    return document.getElementById(id);
};
proxyLog = this.proxyLog = function proxyLog(level, msg) {
    log = Jaxer.Log.forModule("proxyLogger");
    log[level](msg);
};
proxyLog.proxy = true;
stack:
  ->  [ModuleLogger.js:98] trace("Evaluating: /* callback.js */\nJaxer._autoload([]);\n$ = this.$ = function $(id) {\n    return document.getElementById(id);\n};\nproxyLog = this.proxyLog = function proxyLog(level, msg) {\n    log = Jaxer.Log.forModule(\"proxyLogger\");\n    log[level](msg);\n};\nproxyLog.proxy = true;")
  ->  [HandleCallback.js:187] onHandleCallback([object XPCWrappedNative_NoHelper],[object HTMLDocument])
  ->  [CoreEvents.js:293] fireEvent("HANDLE_CALLBACK",[object Array])
  ->  [CoreEvents.js:220] fire("PARSE_COMPLETE",[object XPCWrappedNative_NoHelper],[object HTMLDocument])
  ->  [aptEventHandler.js:337] observe([object XPCWrappedNative_NoHelper],"jaxerEvent.HTMLParseComplete",null)
paths:
  -> file:///E:/Aptana%20Jaxer%20Apache/Jaxer/Apache2-4Build/jaxer/framework/src/ModuleLogger.js
  -> file:///E:/Aptana%20Jaxer%20Apache/Jaxer/Apache2-4Build/jaxer/framework/src/HandleCallback.js
  -> file:///E:/Aptana%20Jaxer%20Apache/Jaxer/Apache2-4Build/jaxer/framework/src/CoreEvents.js
  -> file:///E:/Aptana%20Jaxer%20Apache/Jaxer/Apache2-4Build/jaxer/components/aptEventHandler.js

01:10:42 12/24/2025 [ 22864] [TRACE] [JS Framework] [Includer.evalOn] Evaluating using Jaxer.request.evaluateScript: contents = /* callbac... with global = [object ChromeWindow] and effectiveUrl = undefined
stack:
  ->  [ModuleLogger.js:98] trace("Evaluating using Jaxer.request.evaluateScript: contents = /* callbac... with global = [object ChromeWindow] and effectiveUrl = undefined")
  ->  [Includer.js:131] evalOn("/* callback.js */\nJaxer._autoload([]);\n$ = this.$ = function $(id) {\n    return document.getElementById(id);\n};\nproxyLog = this.proxyLog = function proxyLog(level, msg) {\n    log = Jaxer.Log.forModule(\"proxyLogger\");\n    log[level](msg);\n};\nproxyLog.proxy = true;",[object ChromeWindow])
  ->  [HandleCallback.js:188] onHandleCallback([object XPCWrappedNative_NoHelper],[object HTMLDocument])
  ->  [CoreEvents.js:293] fireEvent("HANDLE_CALLBACK",[object Array])
  ->  [CoreEvents.js:220] fire("PARSE_COMPLETE",[object XPCWrappedNative_NoHelper],[object HTMLDocument])
  ->  [aptEventHandler.js:337] observe([object XPCWrappedNative_NoHelper],"jaxerEvent.HTMLParseComplete",null)
paths:
  -> file:///E:/Aptana%20Jaxer%20Apache/Jaxer/Apache2-4Build/jaxer/framework/src/ModuleLogger.js
  -> file:///E:/Aptana%20Jaxer%20Apache/Jaxer/Apache2-4Build/jaxer/framework/src/Includer.js
  -> file:///E:/Aptana%20Jaxer%20Apache/Jaxer/Apache2-4Build/jaxer/framework/src/HandleCallback.js
  -> file:///E:/Aptana%20Jaxer%20Apache/Jaxer/Apache2-4Build/jaxer/framework/src/CoreEvents.js
  -> file:///E:/Aptana%20Jaxer%20Apache/Jaxer/Apache2-4Build/jaxer/components/aptEventHandler.js

01:10:42 12/24/2025 [ 22864] [DEBUG] [JS Framework] [HandleCallback._autoload] Restoring autoloads: 
stack:
  ->  [ModuleLogger.js:98] debug("Restoring autoloads: ")
  ->  [HandleCallback.js:162] _autoload([object Array])
  ->  [\nJaxer._autoload([]);\n$ = this.$ = function...:2] <no name>
paths:
  -> file:///E:/Aptana%20Jaxer%20Apache/Jaxer/Apache2-4Build/jaxer/framework/src/ModuleLogger.js
  -> file:///E:/Aptana%20Jaxer%20Apache/Jaxer/Apache2-4Build/jaxer/framework/src/HandleCallback.js
  -> javascript:/* callback.js */\nJaxer._autoload([]);\n$ = this.$ = function...

01:10:42 12/24/2025 [ 22864] [TRACE] [JS Framework] [HandleCallback.onHandleCallback] Updating access count to 27
stack:
  ->  [ModuleLogger.js:98] trace("Updating access count to 27")
  ->  [HandleCallback.js:197] onHandleCallback([object XPCWrappedNative_NoHelper],[object HTMLDocument])
  ->  [CoreEvents.js:293] fireEvent("HANDLE_CALLBACK",[object Array])
  ->  [CoreEvents.js:220] fire("PARSE_COMPLETE",[object XPCWrappedNative_NoHelper],[object HTMLDocument])
  ->  [aptEventHandler.js:337] observe([object XPCWrappedNative_NoHelper],"jaxerEvent.HTMLParseComplete",null)
paths:
  -> file:///E:/Aptana%20Jaxer%20Apache/Jaxer/Apache2-4Build/jaxer/framework/src/ModuleLogger.js
  -> file:///E:/Aptana%20Jaxer%20Apache/Jaxer/Apache2-4Build/jaxer/framework/src/HandleCallback.js
  -> file:///E:/Aptana%20Jaxer%20Apache/Jaxer/Apache2-4Build/jaxer/framework/src/CoreEvents.js
  -> file:///E:/Aptana%20Jaxer%20Apache/Jaxer/Apache2-4Build/jaxer/components/aptEventHandler.js

01:10:42 12/24/2025 [ 22864] [TRACE] [JS Framework] [DB.SQLite.execute] Starting execute
stack:
  ->  [ModuleLogger.js:98] trace("Starting execute")
  ->  [DB_SQLite.js:302] execute("UPDATE callback_page SET access_datetime=?, access_count=? WHERE name=? AND crc32=?",[object Array])
  ->  [DB.js:181] anonymous("UPDATE callback_page SET access_datetime=?, access_count=? WHERE name=? AND crc32=?",[object Array])
  ->  [HandleCallback.js:202] onHandleCallback([object XPCWrappedNative_NoHelper],[object HTMLDocument])
  ->  [CoreEvents.js:293] fireEvent("HANDLE_CALLBACK",[object Array])
  ->  [CoreEvents.js:220] fire("PARSE_COMPLETE",[object XPCWrappedNative_NoHelper],[object HTMLDocument])
  ->  [aptEventHandler.js:337] observe([object XPCWrappedNative_NoHelper],"jaxerEvent.HTMLParseComplete",null)
paths:
  -> file:///E:/Aptana%20Jaxer%20Apache/Jaxer/Apache2-4Build/jaxer/framework/src/ModuleLogger.js
  -> file:///E:/Aptana%20Jaxer%20Apache/Jaxer/Apache2-4Build/jaxer/framework/src/DB_SQLite.js
  -> file:///E:/Aptana%20Jaxer%20Apache/Jaxer/Apache2-4Build/jaxer/framework/src/DB.js
  -> file:///E:/Aptana%20Jaxer%20Apache/Jaxer/Apache2-4Build/jaxer/framework/src/HandleCallback.js
  -> file:///E:/Aptana%20Jaxer%20Apache/Jaxer/Apache2-4Build/jaxer/framework/src/CoreEvents.js
  -> file:///E:/Aptana%20Jaxer%20Apache/Jaxer/Apache2-4Build/jaxer/components/aptEventHandler.js

01:10:42 12/24/2025 [ 22864] [TRACE] [JS Framework] [DB.SQLite.bindAndExecute] Binding statement UPDATE callback_page SET access_datetime=?, access_count=? WHERE name=? AND crc32=?
with params: Wed Dec 24 2025 01:10:42 GMT+1000,27,localhost:8081/aptana/samples/logging/index.html,-911974268
stack:
  ->  [ModuleLogger.js:98] trace("Binding statement UPDATE callback_page SET access_datetime=?, access_count=? WHERE name=? AND crc32=?\nwith params: Wed Dec 24 2025 01:10:42 GMT+1000,27,localhost:8081/aptana/samples/logging/index.html,-911974268")
  ->  [DB_SQLite.js:512] bindAndExecute([object Object],[object XPCWrappedNative_NoHelper],"UPDATE callback_page SET access_datetime=?, access_count=? WHERE name=? AND crc32=?",[object Array],null,[object Object])
  ->  [DB_SQLite.js:464] executeOneWithStatement([object Array],0,[object Array])
  ->  [DB_SQLite.js:456] executeWithStatement([object Object],"UPDATE callback_page SET access_datetime=?, access_count=? WHERE name=? AND crc32=?",[object Array],[object Object])
  ->  [DB_SQLite.js:312] execute("UPDATE callback_page SET access_datetime=?, access_count=? WHERE name=? AND crc32=?",[object Array])
  ->  [DB.js:181] anonymous("UPDATE callback_page SET access_datetime=?, access_count=? WHERE name=? AND crc32=?",[object Array])
  ->  [HandleCallback.js:202] onHandleCallback([object XPCWrappedNative_NoHelper],[object HTMLDocument])
  ->  [CoreEvents.js:293] fireEvent("HANDLE_CALLBACK",[object Array])
  ->  [CoreEvents.js:220] fire("PARSE_COMPLETE",[object XPCWrappedNative_NoHelper],[object HTMLDocument])
  ->  [aptEventHandler.js:337] observe([object XPCWrappedNative_NoHelper],"jaxerEvent.HTMLParseComplete",null)
paths:
  -> file:///E:/Aptana%20Jaxer%20Apache/Jaxer/Apache2-4Build/jaxer/framework/src/ModuleLogger.js
  -> file:///E:/Aptana%20Jaxer%20Apache/Jaxer/Apache2-4Build/jaxer/framework/src/DB_SQLite.js
  -> file:///E:/Aptana%20Jaxer%20Apache/Jaxer/Apache2-4Build/jaxer/framework/src/DB.js
  -> file:///E:/Aptana%20Jaxer%20Apache/Jaxer/Apache2-4Build/jaxer/framework/src/HandleCallback.js
  -> file:///E:/Aptana%20Jaxer%20Apache/Jaxer/Apache2-4Build/jaxer/framework/src/CoreEvents.js
  -> file:///E:/Aptana%20Jaxer%20Apache/Jaxer/Apache2-4Build/jaxer/components/aptEventHandler.js

01:10:42 12/24/2025 [ 22864] [TRACE] [JS Framework] [DB.SQLite.bindAndExecute] Tried 1 time(s) in 7 ms to execute statement on SQLite database file E:\Aptana Jaxer Apache\Jaxer\Apache2-4Build\jaxer\..\local_jaxer\conf\..\data\frameworkdata.sqlite
stack:
  ->  [ModuleLogger.js:98] trace("Tried 1 time(s) in 7 ms to execute statement on SQLite database file E:\\Aptana Jaxer Apache\\Jaxer\\Apache2-4Build\\jaxer\\..\\local_jaxer\\conf\\..\\data\\frameworkdata.sqlite")
  ->  [DB_SQLite.js:606] bindAndExecute([object Object],[object XPCWrappedNative_NoHelper],"UPDATE callback_page SET access_datetime=?, access_count=? WHERE name=? AND crc32=?",[object Array],null,[object Object])
  ->  [DB_SQLite.js:464] executeOneWithStatement([object Array],0,[object Array])
  ->  [DB_SQLite.js:456] executeWithStatement([object Object],"UPDATE callback_page SET access_datetime=?, access_count=? WHERE name=? AND crc32=?",[object Array],[object Object])
  ->  [DB_SQLite.js:312] execute("UPDATE callback_page SET access_datetime=?, access_count=? WHERE name=? AND crc32=?",[object Array])
  ->  [DB.js:181] anonymous("UPDATE callback_page SET access_datetime=?, access_count=? WHERE name=? AND crc32=?",[object Array])
  ->  [HandleCallback.js:202] onHandleCallback([object XPCWrappedNative_NoHelper],[object HTMLDocument])
  ->  [CoreEvents.js:293] fireEvent("HANDLE_CALLBACK",[object Array])
  ->  [CoreEvents.js:220] fire("PARSE_COMPLETE",[object XPCWrappedNative_NoHelper],[object HTMLDocument])
  ->  [aptEventHandler.js:337] observe([object XPCWrappedNative_NoHelper],"jaxerEvent.HTMLParseComplete",null)
paths:
  -> file:///E:/Aptana%20Jaxer%20Apache/Jaxer/Apache2-4Build/jaxer/framework/src/ModuleLogger.js
  -> file:///E:/Aptana%20Jaxer%20Apache/Jaxer/Apache2-4Build/jaxer/framework/src/DB_SQLite.js
  -> file:///E:/Aptana%20Jaxer%20Apache/Jaxer/Apache2-4Build/jaxer/framework/src/DB.js
  -> file:///E:/Aptana%20Jaxer%20Apache/Jaxer/Apache2-4Build/jaxer/framework/src/HandleCallback.js
  -> file:///E:/Aptana%20Jaxer%20Apache/Jaxer/Apache2-4Build/jaxer/framework/src/CoreEvents.js
  -> file:///E:/Aptana%20Jaxer%20Apache/Jaxer/Apache2-4Build/jaxer/components/aptEventHandler.js

01:10:42 12/24/2025 [ 22864] [TRACE] [JS Framework] [DB.SQLite.executeWithStatement] Closing statement
stack:
  ->  [ModuleLogger.js:98] trace("Closing statement")
  ->  [DB_SQLite.js:484] executeWithStatement([object Object],"UPDATE callback_page SET access_datetime=?, access_count=? WHERE name=? AND crc32=?",[object Array],[object Object])
  ->  [DB_SQLite.js:312] execute("UPDATE callback_page SET access_datetime=?, access_count=? WHERE name=? AND crc32=?",[object Array])
  ->  [DB.js:181] anonymous("UPDATE callback_page SET access_datetime=?, access_count=? WHERE name=? AND crc32=?",[object Array])
  ->  [HandleCallback.js:202] onHandleCallback([object XPCWrappedNative_NoHelper],[object HTMLDocument])
  ->  [CoreEvents.js:293] fireEvent("HANDLE_CALLBACK",[object Array])
  ->  [CoreEvents.js:220] fire("PARSE_COMPLETE",[object XPCWrappedNative_NoHelper],[object HTMLDocument])
  ->  [aptEventHandler.js:337] observe([object XPCWrappedNative_NoHelper],"jaxerEvent.HTMLParseComplete",null)
paths:
  -> file:///E:/Aptana%20Jaxer%20Apache/Jaxer/Apache2-4Build/jaxer/framework/src/ModuleLogger.js
  -> file:///E:/Aptana%20Jaxer%20Apache/Jaxer/Apache2-4Build/jaxer/framework/src/DB_SQLite.js
  -> file:///E:/Aptana%20Jaxer%20Apache/Jaxer/Apache2-4Build/jaxer/framework/src/DB.js
  -> file:///E:/Aptana%20Jaxer%20Apache/Jaxer/Apache2-4Build/jaxer/framework/src/HandleCallback.js
  -> file:///E:/Aptana%20Jaxer%20Apache/Jaxer/Apache2-4Build/jaxer/framework/src/CoreEvents.js
  -> file:///E:/Aptana%20Jaxer%20Apache/Jaxer/Apache2-4Build/jaxer/components/aptEventHandler.js

01:10:42 12/24/2025 [ 22864] [TRACE] [JS Framework] [DB.SQLite.executeWithStatement] Resetting and finalizing statement
stack:
  ->  [ModuleLogger.js:98] trace("Resetting and finalizing statement")
  ->  [DB_SQLite.js:487] executeWithStatement([object Object],"UPDATE callback_page SET access_datetime=?, access_count=? WHERE name=? AND crc32=?",[object Array],[object Object])
  ->  [DB_SQLite.js:312] execute("UPDATE callback_page SET access_datetime=?, access_count=? WHERE name=? AND crc32=?",[object Array])
  ->  [DB.js:181] anonymous("UPDATE callback_page SET access_datetime=?, access_count=? WHERE name=? AND crc32=?",[object Array])
  ->  [HandleCallback.js:202] onHandleCallback([object XPCWrappedNative_NoHelper],[object HTMLDocument])
  ->  [CoreEvents.js:293] fireEvent("HANDLE_CALLBACK",[object Array])
  ->  [CoreEvents.js:220] fire("PARSE_COMPLETE",[object XPCWrappedNative_NoHelper],[object HTMLDocument])
  ->  [aptEventHandler.js:337] observe([object XPCWrappedNative_NoHelper],"jaxerEvent.HTMLParseComplete",null)
paths:
  -> file:///E:/Aptana%20Jaxer%20Apache/Jaxer/Apache2-4Build/jaxer/framework/src/ModuleLogger.js
  -> file:///E:/Aptana%20Jaxer%20Apache/Jaxer/Apache2-4Build/jaxer/framework/src/DB_SQLite.js
  -> file:///E:/Aptana%20Jaxer%20Apache/Jaxer/Apache2-4Build/jaxer/framework/src/DB.js
  -> file:///E:/Aptana%20Jaxer%20Apache/Jaxer/Apache2-4Build/jaxer/framework/src/HandleCallback.js
  -> file:///E:/Aptana%20Jaxer%20Apache/Jaxer/Apache2-4Build/jaxer/framework/src/CoreEvents.js
  -> file:///E:/Aptana%20Jaxer%20Apache/Jaxer/Apache2-4Build/jaxer/components/aptEventHandler.js

01:10:42 12/24/2025 [ 22864] [TRACE] [JS Framework] [DB.SQLite.execute] Finished executing
stack:
  ->  [ModuleLogger.js:98] trace("Finished executing")
  ->  [DB_SQLite.js:338] execute("UPDATE callback_page SET access_datetime=?, access_count=? WHERE name=? AND crc32=?",[object Array])
  ->  [DB.js:181] anonymous("UPDATE callback_page SET access_datetime=?, access_count=? WHERE name=? AND crc32=?",[object Array])
  ->  [HandleCallback.js:202] onHandleCallback([object XPCWrappedNative_NoHelper],[object HTMLDocument])
  ->  [CoreEvents.js:293] fireEvent("HANDLE_CALLBACK",[object Array])
  ->  [CoreEvents.js:220] fire("PARSE_COMPLETE",[object XPCWrappedNative_NoHelper],[object HTMLDocument])
  ->  [aptEventHandler.js:337] observe([object XPCWrappedNative_NoHelper],"jaxerEvent.HTMLParseComplete",null)
paths:
  -> file:///E:/Aptana%20Jaxer%20Apache/Jaxer/Apache2-4Build/jaxer/framework/src/ModuleLogger.js
  -> file:///E:/Aptana%20Jaxer%20Apache/Jaxer/Apache2-4Build/jaxer/framework/src/DB_SQLite.js
  -> file:///E:/Aptana%20Jaxer%20Apache/Jaxer/Apache2-4Build/jaxer/framework/src/DB.js
  -> file:///E:/Aptana%20Jaxer%20Apache/Jaxer/Apache2-4Build/jaxer/framework/src/HandleCallback.js
  -> file:///E:/Aptana%20Jaxer%20Apache/Jaxer/Apache2-4Build/jaxer/framework/src/CoreEvents.js
  -> file:///E:/Aptana%20Jaxer%20Apache/Jaxer/Apache2-4Build/jaxer/components/aptEventHandler.js

01:10:42 12/24/2025 [ 22864] [DEBUG] [JS Framework] [HandleCallback.onHandleCallback] About to execute: proxyLog with 2 arguments
stack:
  ->  [ModuleLogger.js:98] debug("About to execute: proxyLog with 2 arguments")
  ->  [HandleCallback.js:231] onHandleCallback([object XPCWrappedNative_NoHelper],[object HTMLDocument])
  ->  [CoreEvents.js:293] fireEvent("HANDLE_CALLBACK",[object Array])
  ->  [CoreEvents.js:220] fire("PARSE_COMPLETE",[object XPCWrappedNative_NoHelper],[object HTMLDocument])
  ->  [aptEventHandler.js:337] observe([object XPCWrappedNative_NoHelper],"jaxerEvent.HTMLParseComplete",null)
paths:
  -> file:///E:/Aptana%20Jaxer%20Apache/Jaxer/Apache2-4Build/jaxer/framework/src/ModuleLogger.js
  -> file:///E:/Aptana%20Jaxer%20Apache/Jaxer/Apache2-4Build/jaxer/framework/src/HandleCallback.js
  -> file:///E:/Aptana%20Jaxer%20Apache/Jaxer/Apache2-4Build/jaxer/framework/src/CoreEvents.js
  -> file:///E:/Aptana%20Jaxer%20Apache/Jaxer/Apache2-4Build/jaxer/components/aptEventHandler.js

01:10:42 12/24/2025 [ 22864] [TRACE] [JS Framework] [HandleCallback.onHandleCallback] Arguments: ["error", "a proxied 'error' log statement"]
stack:
  ->  [ModuleLogger.js:98] trace("Arguments: [\"error\", \"a proxied 'error' log statement\"]")
  ->  [HandleCallback.js:232] onHandleCallback([object XPCWrappedNative_NoHelper],[object HTMLDocument])
  ->  [CoreEvents.js:293] fireEvent("HANDLE_CALLBACK",[object Array])
  ->  [CoreEvents.js:220] fire("PARSE_COMPLETE",[object XPCWrappedNative_NoHelper],[object HTMLDocument])
  ->  [aptEventHandler.js:337] observe([object XPCWrappedNative_NoHelper],"jaxerEvent.HTMLParseComplete",null)
paths:
  -> file:///E:/Aptana%20Jaxer%20Apache/Jaxer/Apache2-4Build/jaxer/framework/src/ModuleLogger.js
  -> file:///E:/Aptana%20Jaxer%20Apache/Jaxer/Apache2-4Build/jaxer/framework/src/HandleCallback.js
  -> file:///E:/Aptana%20Jaxer%20Apache/Jaxer/Apache2-4Build/jaxer/framework/src/CoreEvents.js
  -> file:///E:/Aptana%20Jaxer%20Apache/Jaxer/Apache2-4Build/jaxer/components/aptEventHandler.js

01:10:42 12/24/2025 [ 22864] [ERROR] [JS Framework] [proxyLogger.proxyLog] a proxied 'error' log statement
stack:
  ->  [ModuleLogger.js:98] error("a proxied 'error' log statement")
  ->  [\nJaxer._autoload([]);\n$ = this.$ = function...:8] proxyLog("error","a proxied 'error' log statement")
  ->  [HandleCallback.js:233] onHandleCallback([object XPCWrappedNative_NoHelper],[object HTMLDocument])
  ->  [CoreEvents.js:293] fireEvent("HANDLE_CALLBACK",[object Array])
  ->  [CoreEvents.js:220] fire("PARSE_COMPLETE",[object XPCWrappedNative_NoHelper],[object HTMLDocument])
  ->  [aptEventHandler.js:337] observe([object XPCWrappedNative_NoHelper],"jaxerEvent.HTMLParseComplete",null)
paths:
  -> file:///E:/Aptana%20Jaxer%20Apache/Jaxer/Apache2-4Build/jaxer/framework/src/ModuleLogger.js
  -> javascript:/* callback.js */\nJaxer._autoload([]);\n$ = this.$ = function...
  -> file:///E:/Aptana%20Jaxer%20Apache/Jaxer/Apache2-4Build/jaxer/framework/src/HandleCallback.js
  -> file:///E:/Aptana%20Jaxer%20Apache/Jaxer/Apache2-4Build/jaxer/framework/src/CoreEvents.js
  -> file:///E:/Aptana%20Jaxer%20Apache/Jaxer/Apache2-4Build/jaxer/components/aptEventHandler.js

01:10:42 12/24/2025 [ 22864] [TRACE] [JS Framework] [HandleCallback.onHandleCallback] result = undefined
stack:
  ->  [ModuleLogger.js:98] trace("result = undefined")
  ->  [HandleCallback.js:289] onHandleCallback([object XPCWrappedNative_NoHelper],[object HTMLDocument])
  ->  [CoreEvents.js:293] fireEvent("HANDLE_CALLBACK",[object Array])
  ->  [CoreEvents.js:220] fire("PARSE_COMPLETE",[object XPCWrappedNative_NoHelper],[object HTMLDocument])
  ->  [aptEventHandler.js:337] observe([object XPCWrappedNative_NoHelper],"jaxerEvent.HTMLParseComplete",null)
paths:
  -> file:///E:/Aptana%20Jaxer%20Apache/Jaxer/Apache2-4Build/jaxer/framework/src/ModuleLogger.js
  -> file:///E:/Aptana%20Jaxer%20Apache/Jaxer/Apache2-4Build/jaxer/framework/src/HandleCallback.js
  -> file:///E:/Aptana%20Jaxer%20Apache/Jaxer/Apache2-4Build/jaxer/framework/src/CoreEvents.js
  -> file:///E:/Aptana%20Jaxer%20Apache/Jaxer/Apache2-4Build/jaxer/components/aptEventHandler.js

01:10:42 12/24/2025 [ 22864] [TRACE] [JS Framework] [HandleCallback.onHandleCallback] Jaxer.response.contents = undefined
stack:
  ->  [ModuleLogger.js:98] trace("Jaxer.response.contents = undefined")
  ->  [HandleCallback.js:314] onHandleCallback([object XPCWrappedNative_NoHelper],[object HTMLDocument])
  ->  [CoreEvents.js:293] fireEvent("HANDLE_CALLBACK",[object Array])
  ->  [CoreEvents.js:220] fire("PARSE_COMPLETE",[object XPCWrappedNative_NoHelper],[object HTMLDocument])
  ->  [aptEventHandler.js:337] observe([object XPCWrappedNative_NoHelper],"jaxerEvent.HTMLParseComplete",null)
paths:
  -> file:///E:/Aptana%20Jaxer%20Apache/Jaxer/Apache2-4Build/jaxer/framework/src/ModuleLogger.js
  -> file:///E:/Aptana%20Jaxer%20Apache/Jaxer/Apache2-4Build/jaxer/framework/src/HandleCallback.js
  -> file:///E:/Aptana%20Jaxer%20Apache/Jaxer/Apache2-4Build/jaxer/framework/src/CoreEvents.js
  -> file:///E:/Aptana%20Jaxer%20Apache/Jaxer/Apache2-4Build/jaxer/components/aptEventHandler.js

01:10:42 12/24/2025 [ 22864] [DEBUG] [JS Framework] [SessionManager.keyToResponse] Saving session key to the client via cookie JaxerSessionId$$logging: 176650264152708165463317747484
stack:
  ->  [ModuleLogger.js:98] debug("Saving session key to the client via cookie JaxerSessionId$$logging: 176650264152708165463317747484")
  ->  [SessionManager.js:82] keyToResponse("logging","176650264152708165463317747484")
  ->  [Container.js:614] persistAll()
  ->  [HandleCallback.js:320] onHandleCallback([object XPCWrappedNative_NoHelper],[object HTMLDocument])
  ->  [CoreEvents.js:293] fireEvent("HANDLE_CALLBACK",[object Array])
  ->  [CoreEvents.js:220] fire("PARSE_COMPLETE",[object XPCWrappedNative_NoHelper],[object HTMLDocument])
  ->  [aptEventHandler.js:337] observe([object XPCWrappedNative_NoHelper],"jaxerEvent.HTMLParseComplete",null)
paths:
  -> file:///E:/Aptana%20Jaxer%20Apache/Jaxer/Apache2-4Build/jaxer/framework/src/ModuleLogger.js
  -> file:///E:/Aptana%20Jaxer%20Apache/Jaxer/Apache2-4Build/jaxer/framework/src/SessionManager.js
  -> file:///E:/Aptana%20Jaxer%20Apache/Jaxer/Apache2-4Build/jaxer/framework/src/Container.js
  -> file:///E:/Aptana%20Jaxer%20Apache/Jaxer/Apache2-4Build/jaxer/framework/src/HandleCallback.js
  -> file:///E:/Aptana%20Jaxer%20Apache/Jaxer/Apache2-4Build/jaxer/framework/src/CoreEvents.js
  -> file:///E:/Aptana%20Jaxer%20Apache/Jaxer/Apache2-4Build/jaxer/components/aptEventHandler.js

01:10:42 12/24/2025 [ 22864] [TRACE] [JS Framework] [Container.persist] For container APPLICATION:logging: Persisting
stack:
  ->  [ModuleLogger.js:98] trace("For container APPLICATION:logging: Persisting")
  ->  [Container.js:313] persist()
  ->  [Container.js:620] persistAll()
  ->  [HandleCallback.js:320] onHandleCallback([object XPCWrappedNative_NoHelper],[object HTMLDocument])
  ->  [CoreEvents.js:293] fireEvent("HANDLE_CALLBACK",[object Array])
  ->  [CoreEvents.js:220] fire("PARSE_COMPLETE",[object XPCWrappedNative_NoHelper],[object HTMLDocument])
  ->  [aptEventHandler.js:337] observe([object XPCWrappedNative_NoHelper],"jaxerEvent.HTMLParseComplete",null)
paths:
  -> file:///E:/Aptana%20Jaxer%20Apache/Jaxer/Apache2-4Build/jaxer/framework/src/ModuleLogger.js
  -> file:///E:/Aptana%20Jaxer%20Apache/Jaxer/Apache2-4Build/jaxer/framework/src/Container.js
  -> file:///E:/Aptana%20Jaxer%20Apache/Jaxer/Apache2-4Build/jaxer/framework/src/HandleCallback.js
  -> file:///E:/Aptana%20Jaxer%20Apache/Jaxer/Apache2-4Build/jaxer/framework/src/CoreEvents.js
  -> file:///E:/Aptana%20Jaxer%20Apache/Jaxer/Apache2-4Build/jaxer/components/aptEventHandler.js

01:10:42 12/24/2025 [ 22864] [TRACE] [JS Framework] [Container.persist] For container PAGE:localhost:8081/aptana/samples/logging/index.html: Persisting
stack:
  ->  [ModuleLogger.js:98] trace("For container PAGE:localhost:8081/aptana/samples/logging/index.html: Persisting")
  ->  [Container.js:313] persist()
  ->  [Container.js:620] persistAll()
  ->  [HandleCallback.js:320] onHandleCallback([object XPCWrappedNative_NoHelper],[object HTMLDocument])
  ->  [CoreEvents.js:293] fireEvent("HANDLE_CALLBACK",[object Array])
  ->  [CoreEvents.js:220] fire("PARSE_COMPLETE",[object XPCWrappedNative_NoHelper],[object HTMLDocument])
  ->  [aptEventHandler.js:337] observe([object XPCWrappedNative_NoHelper],"jaxerEvent.HTMLParseComplete",null)
paths:
  -> file:///E:/Aptana%20Jaxer%20Apache/Jaxer/Apache2-4Build/jaxer/framework/src/ModuleLogger.js
  -> file:///E:/Aptana%20Jaxer%20Apache/Jaxer/Apache2-4Build/jaxer/framework/src/Container.js
  -> file:///E:/Aptana%20Jaxer%20Apache/Jaxer/Apache2-4Build/jaxer/framework/src/HandleCallback.js
  -> file:///E:/Aptana%20Jaxer%20Apache/Jaxer/Apache2-4Build/jaxer/framework/src/CoreEvents.js
  -> file:///E:/Aptana%20Jaxer%20Apache/Jaxer/Apache2-4Build/jaxer/components/aptEventHandler.js

01:10:42 12/24/2025 [ 22864] [TRACE] [JS Framework] [Container.persist] For container SESSION:176650264152708165463317747484: Persisting
stack:
  ->  [ModuleLogger.js:98] trace("For container SESSION:176650264152708165463317747484: Persisting")
  ->  [Container.js:313] persist()
  ->  [Container.js:620] persistAll()
  ->  [HandleCallback.js:320] onHandleCallback([object XPCWrappedNative_NoHelper],[object HTMLDocument])
  ->  [CoreEvents.js:293] fireEvent("HANDLE_CALLBACK",[object Array])
  ->  [CoreEvents.js:220] fire("PARSE_COMPLETE",[object XPCWrappedNative_NoHelper],[object HTMLDocument])
  ->  [aptEventHandler.js:337] observe([object XPCWrappedNative_NoHelper],"jaxerEvent.HTMLParseComplete",null)
paths:
  -> file:///E:/Aptana%20Jaxer%20Apache/Jaxer/Apache2-4Build/jaxer/framework/src/ModuleLogger.js
  -> file:///E:/Aptana%20Jaxer%20Apache/Jaxer/Apache2-4Build/jaxer/framework/src/Container.js
  -> file:///E:/Aptana%20Jaxer%20Apache/Jaxer/Apache2-4Build/jaxer/framework/src/HandleCallback.js
  -> file:///E:/Aptana%20Jaxer%20Apache/Jaxer/Apache2-4Build/jaxer/framework/src/CoreEvents.js
  -> file:///E:/Aptana%20Jaxer%20Apache/Jaxer/Apache2-4Build/jaxer/components/aptEventHandler.js

01:10:42 12/24/2025 [ 22864] [TRACE] [JS Framework] [Container.persist] For container SESSION_PAGE:176650264152708165463317747484$$localhost:8081/aptana/samples/logging/index.html: Persisting
stack:
  ->  [ModuleLogger.js:98] trace("For container SESSION_PAGE:176650264152708165463317747484$$localhost:8081/aptana/samples/logging/index.html: Persisting")
  ->  [Container.js:313] persist()
  ->  [Container.js:620] persistAll()
  ->  [HandleCallback.js:320] onHandleCallback([object XPCWrappedNative_NoHelper],[object HTMLDocument])
  ->  [CoreEvents.js:293] fireEvent("HANDLE_CALLBACK",[object Array])
  ->  [CoreEvents.js:220] fire("PARSE_COMPLETE",[object XPCWrappedNative_NoHelper],[object HTMLDocument])
  ->  [aptEventHandler.js:337] observe([object XPCWrappedNative_NoHelper],"jaxerEvent.HTMLParseComplete",null)
paths:
  -> file:///E:/Aptana%20Jaxer%20Apache/Jaxer/Apache2-4Build/jaxer/framework/src/ModuleLogger.js
  -> file:///E:/Aptana%20Jaxer%20Apache/Jaxer/Apache2-4Build/jaxer/framework/src/Container.js
  -> file:///E:/Aptana%20Jaxer%20Apache/Jaxer/Apache2-4Build/jaxer/framework/src/HandleCallback.js
  -> file:///E:/Aptana%20Jaxer%20Apache/Jaxer/Apache2-4Build/jaxer/framework/src/CoreEvents.js
  -> file:///E:/Aptana%20Jaxer%20Apache/Jaxer/Apache2-4Build/jaxer/components/aptEventHandler.js

01:10:42 12/24/2025 [ 22864] [DEBUG] [JS Framework] [HandleCallback.onHandleCallback] Containers persisted
stack:
  ->  [ModuleLogger.js:98] debug("Containers persisted")
  ->  [HandleCallback.js:321] onHandleCallback([object XPCWrappedNative_NoHelper],[object HTMLDocument])
  ->  [CoreEvents.js:293] fireEvent("HANDLE_CALLBACK",[object Array])
  ->  [CoreEvents.js:220] fire("PARSE_COMPLETE",[object XPCWrappedNative_NoHelper],[object HTMLDocument])
  ->  [aptEventHandler.js:337] observe([object XPCWrappedNative_NoHelper],"jaxerEvent.HTMLParseComplete",null)
paths:
  -> file:///E:/Aptana%20Jaxer%20Apache/Jaxer/Apache2-4Build/jaxer/framework/src/ModuleLogger.js
  -> file:///E:/Aptana%20Jaxer%20Apache/Jaxer/Apache2-4Build/jaxer/framework/src/HandleCallback.js
  -> file:///E:/Aptana%20Jaxer%20Apache/Jaxer/Apache2-4Build/jaxer/framework/src/CoreEvents.js
  -> file:///E:/Aptana%20Jaxer%20Apache/Jaxer/Apache2-4Build/jaxer/components/aptEventHandler.js

01:10:42 12/24/2025 [ 22864] [TRACE] [JS Framework] [DB.SQLite.close] Closing the connection
stack:
  ->  [ModuleLogger.js:98] trace("Closing the connection")
  ->  [DB_SQLite.js:739] close()
  ->  [DB.js:437] closeAllConnections(true)
  ->  [HandleCallback.js:323] onHandleCallback([object XPCWrappedNative_NoHelper],[object HTMLDocument])
  ->  [CoreEvents.js:293] fireEvent("HANDLE_CALLBACK",[object Array])
  ->  [CoreEvents.js:220] fire("PARSE_COMPLETE",[object XPCWrappedNative_NoHelper],[object HTMLDocument])
  ->  [aptEventHandler.js:337] observe([object XPCWrappedNative_NoHelper],"jaxerEvent.HTMLParseComplete",null)
paths:
  -> file:///E:/Aptana%20Jaxer%20Apache/Jaxer/Apache2-4Build/jaxer/framework/src/ModuleLogger.js
  -> file:///E:/Aptana%20Jaxer%20Apache/Jaxer/Apache2-4Build/jaxer/framework/src/DB_SQLite.js
  -> file:///E:/Aptana%20Jaxer%20Apache/Jaxer/Apache2-4Build/jaxer/framework/src/DB.js
  -> file:///E:/Aptana%20Jaxer%20Apache/Jaxer/Apache2-4Build/jaxer/framework/src/HandleCallback.js
  -> file:///E:/Aptana%20Jaxer%20Apache/Jaxer/Apache2-4Build/jaxer/framework/src/CoreEvents.js
  -> file:///E:/Aptana%20Jaxer%20Apache/Jaxer/Apache2-4Build/jaxer/components/aptEventHandler.js

01:10:42 12/24/2025 [ 22864] [TRACE] [JS Framework] [HandleCallback.onHandleCallback] === Callback processing complete
stack:
  ->  [ModuleLogger.js:98] trace("=== Callback processing complete")
  ->  [HandleCallback.js:326] onHandleCallback([object XPCWrappedNative_NoHelper],[object HTMLDocument])
  ->  [CoreEvents.js:293] fireEvent("HANDLE_CALLBACK",[object Array])
  ->  [CoreEvents.js:220] fire("PARSE_COMPLETE",[object XPCWrappedNative_NoHelper],[object HTMLDocument])
  ->  [aptEventHandler.js:337] observe([object XPCWrappedNative_NoHelper],"jaxerEvent.HTMLParseComplete",null)
paths:
  -> file:///E:/Aptana%20Jaxer%20Apache/Jaxer/Apache2-4Build/jaxer/framework/src/ModuleLogger.js
  -> file:///E:/Aptana%20Jaxer%20Apache/Jaxer/Apache2-4Build/jaxer/framework/src/HandleCallback.js
  -> file:///E:/Aptana%20Jaxer%20Apache/Jaxer/Apache2-4Build/jaxer/framework/src/CoreEvents.js
  -> file:///E:/Aptana%20Jaxer%20Apache/Jaxer/Apache2-4Build/jaxer/components/aptEventHandler.js

01:10:42 12/24/2025 [ 22864] [TRACE] [JS Framework] [CoreEvents.fireEvent] Firing an event for PARSE_COMPLETE
stack:
  ->  [ModuleLogger.js:98] trace("Firing an event for PARSE_COMPLETE")
  ->  [CoreEvents.js:282] fireEvent("PARSE_COMPLETE",[object Array])
  ->  [CoreEvents.js:238] fire("PARSE_COMPLETE",[object XPCWrappedNative_NoHelper],[object HTMLDocument])
  ->  [aptEventHandler.js:337] observe([object XPCWrappedNative_NoHelper],"jaxerEvent.HTMLParseComplete",null)
paths:
  -> file:///E:/Aptana%20Jaxer%20Apache/Jaxer/Apache2-4Build/jaxer/framework/src/ModuleLogger.js
  -> file:///E:/Aptana%20Jaxer%20Apache/Jaxer/Apache2-4Build/jaxer/framework/src/CoreEvents.js
  -> file:///E:/Aptana%20Jaxer%20Apache/Jaxer/Apache2-4Build/jaxer/components/aptEventHandler.js

01:10:42 12/24/2025 [ 22864] [TRACE] [JS Framework] [CoreEvents.fireEvent] Calling event handler: function onParseComplete(evt, doc) {
    Jaxer.__tempLoad.cl...
stack:
  ->  [ModuleLogger.js:98] trace("Calling event handler: function onParseComplete(evt, doc) {\n    Jaxer.__tempLoad.cl...")
  ->  [CoreEvents.js:292] fireEvent("PARSE_COMPLETE",[object Array])
  ->  [CoreEvents.js:238] fire("PARSE_COMPLETE",[object XPCWrappedNative_NoHelper],[object HTMLDocument])
  ->  [aptEventHandler.js:337] observe([object XPCWrappedNative_NoHelper],"jaxerEvent.HTMLParseComplete",null)
paths:
  -> file:///E:/Aptana%20Jaxer%20Apache/Jaxer/Apache2-4Build/jaxer/framework/src/ModuleLogger.js
  -> file:///E:/Aptana%20Jaxer%20Apache/Jaxer/Apache2-4Build/jaxer/framework/src/CoreEvents.js
  -> file:///E:/Aptana%20Jaxer%20Apache/Jaxer/Apache2-4Build/jaxer/components/aptEventHandler.js

01:10:42 12/24/2025 [ 22864] [TRACE] [JS Framework] [CoreEvents.fire] At this time, evt.Request.isHandler=true and eventType: REQUEST_COMPLETE
stack:
  ->  [ModuleLogger.js:98] trace("At this time, evt.Request.isHandler=true and eventType: REQUEST_COMPLETE")
  ->  [CoreEvents.js:205] fire("REQUEST_COMPLETE",[object XPCWrappedNative_NoHelper])
  ->  [aptEventHandler.js:351] observe([object XPCWrappedNative_NoHelper],"jaxerEvent.RequestComplete",null)
paths:
  -> file:///E:/Aptana%20Jaxer%20Apache/Jaxer/Apache2-4Build/jaxer/framework/src/ModuleLogger.js
  -> file:///E:/Aptana%20Jaxer%20Apache/Jaxer/Apache2-4Build/jaxer/framework/src/CoreEvents.js
  -> file:///E:/Aptana%20Jaxer%20Apache/Jaxer/Apache2-4Build/jaxer/components/aptEventHandler.js

01:10:42 12/24/2025 [ 22864] [TRACE] [JS Framework] [CoreEvents.fireEvent] Firing an event for REQUEST_COMPLETE
stack:
  ->  [ModuleLogger.js:98] trace("Firing an event for REQUEST_COMPLETE")
  ->  [CoreEvents.js:282] fireEvent("REQUEST_COMPLETE",[object Array])
  ->  [CoreEvents.js:238] fire("REQUEST_COMPLETE",[object XPCWrappedNative_NoHelper])
  ->  [aptEventHandler.js:351] observe([object XPCWrappedNative_NoHelper],"jaxerEvent.RequestComplete",null)
paths:
  -> file:///E:/Aptana%20Jaxer%20Apache/Jaxer/Apache2-4Build/jaxer/framework/src/ModuleLogger.js
  -> file:///E:/Aptana%20Jaxer%20Apache/Jaxer/Apache2-4Build/jaxer/framework/src/CoreEvents.js
  -> file:///E:/Aptana%20Jaxer%20Apache/Jaxer/Apache2-4Build/jaxer/components/aptEventHandler.js

01:10:42 12/24/2025 [ 22864] [TRACE] [JS Framework] [CoreEvents.fireEvent] Calling event handler: function onRequestComplete(evt) {
}...
stack:
  ->  [ModuleLogger.js:98] trace("Calling event handler: function onRequestComplete(evt) {\n}...")
  ->  [CoreEvents.js:292] fireEvent("REQUEST_COMPLETE",[object Array])
  ->  [CoreEvents.js:238] fire("REQUEST_COMPLETE",[object XPCWrappedNative_NoHelper])
  ->  [aptEventHandler.js:351] observe([object XPCWrappedNative_NoHelper],"jaxerEvent.RequestComplete",null)
paths:
  -> file:///E:/Aptana%20Jaxer%20Apache/Jaxer/Apache2-4Build/jaxer/framework/src/ModuleLogger.js
  -> file:///E:/Aptana%20Jaxer%20Apache/Jaxer/Apache2-4Build/jaxer/framework/src/CoreEvents.js
  -> file:///E:/Aptana%20Jaxer%20Apache/Jaxer/Apache2-4Build/jaxer/components/aptEventHandler.js

01:10:42 12/24/2025 [ 32928] [TRACE] [JS Framework] [CoreEvents.fire] At this time, evt.Request.isHandler=true and eventType: REQUEST_START
stack:
  ->  [ModuleLogger.js:98] trace("At this time, evt.Request.isHandler=true and eventType: REQUEST_START")
  ->  [CoreEvents.js:205] fire("REQUEST_START",[object XPCWrappedNative_NoHelper])
  ->  [aptEventHandler.js:292] observe([object XPCWrappedNative_NoHelper],"jaxerEvent.RequestStart",null)
paths:
  -> file:///E:/Aptana%20Jaxer%20Apache/Jaxer/Apache2-4Build/jaxer/framework/src/ModuleLogger.js
  -> file:///E:/Aptana%20Jaxer%20Apache/Jaxer/Apache2-4Build/jaxer/framework/src/CoreEvents.js
  -> file:///E:/Aptana%20Jaxer%20Apache/Jaxer/Apache2-4Build/jaxer/components/aptEventHandler.js

01:10:42 12/24/2025 [ 32928] [TRACE] [JS Framework] [CoreEvents.fireEvent] Firing an event for REQUEST_START
stack:
  ->  [ModuleLogger.js:98] trace("Firing an event for REQUEST_START")
  ->  [CoreEvents.js:282] fireEvent("REQUEST_START",[object Array])
  ->  [CoreEvents.js:238] fire("REQUEST_START",[object XPCWrappedNative_NoHelper])
  ->  [aptEventHandler.js:292] observe([object XPCWrappedNative_NoHelper],"jaxerEvent.RequestStart",null)
paths:
  -> file:///E:/Aptana%20Jaxer%20Apache/Jaxer/Apache2-4Build/jaxer/framework/src/ModuleLogger.js
  -> file:///E:/Aptana%20Jaxer%20Apache/Jaxer/Apache2-4Build/jaxer/framework/src/CoreEvents.js
  -> file:///E:/Aptana%20Jaxer%20Apache/Jaxer/Apache2-4Build/jaxer/components/aptEventHandler.js

01:10:42 12/24/2025 [ 32928] [TRACE] [JS Framework] [CoreEvents.fireEvent] Calling event handler: function onRequestStart(evt) {
}...
stack:
  ->  [ModuleLogger.js:98] trace("Calling event handler: function onRequestStart(evt) {\n}...")
  ->  [CoreEvents.js:292] fireEvent("REQUEST_START",[object Array])
  ->  [CoreEvents.js:238] fire("REQUEST_START",[object XPCWrappedNative_NoHelper])
  ->  [aptEventHandler.js:292] observe([object XPCWrappedNative_NoHelper],"jaxerEvent.RequestStart",null)
paths:
  -> file:///E:/Aptana%20Jaxer%20Apache/Jaxer/Apache2-4Build/jaxer/framework/src/ModuleLogger.js
  -> file:///E:/Aptana%20Jaxer%20Apache/Jaxer/Apache2-4Build/jaxer/framework/src/CoreEvents.js
  -> file:///E:/Aptana%20Jaxer%20Apache/Jaxer/Apache2-4Build/jaxer/components/aptEventHandler.js

01:10:42 12/24/2025 [ 32928] [TRACE] [JS Framework] [CoreEvents.fire] At this time, evt.Request.isHandler=true and eventType: PARSE_START
stack:
  ->  [ModuleLogger.js:98] trace("At this time, evt.Request.isHandler=true and eventType: PARSE_START")
  ->  [CoreEvents.js:205] fire("PARSE_START",[object XPCWrappedNative_NoHelper])
  ->  [aptEventHandler.js:306] observe([object XPCWrappedNative_NoHelper],"jaxerEvent.HTMLParseStart",null)
paths:
  -> file:///E:/Aptana%20Jaxer%20Apache/Jaxer/Apache2-4Build/jaxer/framework/src/ModuleLogger.js
  -> file:///E:/Aptana%20Jaxer%20Apache/Jaxer/Apache2-4Build/jaxer/framework/src/CoreEvents.js
  -> file:///E:/Aptana%20Jaxer%20Apache/Jaxer/Apache2-4Build/jaxer/components/aptEventHandler.js

01:10:42 12/24/2025 [ 32928] [TRACE] [JS Framework] [CoreEvents.fireEvent] Firing an event for PARSE_START
stack:
  ->  [ModuleLogger.js:98] trace("Firing an event for PARSE_START")
  ->  [CoreEvents.js:282] fireEvent("PARSE_START",[object Array])
  ->  [CoreEvents.js:238] fire("PARSE_START",[object XPCWrappedNative_NoHelper])
  ->  [aptEventHandler.js:306] observe([object XPCWrappedNative_NoHelper],"jaxerEvent.HTMLParseStart",null)
paths:
  -> file:///E:/Aptana%20Jaxer%20Apache/Jaxer/Apache2-4Build/jaxer/framework/src/ModuleLogger.js
  -> file:///E:/Aptana%20Jaxer%20Apache/Jaxer/Apache2-4Build/jaxer/framework/src/CoreEvents.js
  -> file:///E:/Aptana%20Jaxer%20Apache/Jaxer/Apache2-4Build/jaxer/components/aptEventHandler.js

01:10:42 12/24/2025 [ 32928] [TRACE] [JS Framework] [CoreEvents.fireEvent] Calling event handler: function onParseStart(evt) {
    Jaxer.request = frameworkGl...
stack:
  ->  [ModuleLogger.js:98] trace("Calling event handler: function onParseStart(evt) {\n    Jaxer.request = frameworkGl...")
  ->  [CoreEvents.js:292] fireEvent("PARSE_START",[object Array])
  ->  [CoreEvents.js:238] fire("PARSE_START",[object XPCWrappedNative_NoHelper])
  ->  [aptEventHandler.js:306] observe([object XPCWrappedNative_NoHelper],"jaxerEvent.HTMLParseStart",null)
paths:
  -> file:///E:/Aptana%20Jaxer%20Apache/Jaxer/Apache2-4Build/jaxer/framework/src/ModuleLogger.js
  -> file:///E:/Aptana%20Jaxer%20Apache/Jaxer/Apache2-4Build/jaxer/framework/src/CoreEvents.js
  -> file:///E:/Aptana%20Jaxer%20Apache/Jaxer/Apache2-4Build/jaxer/components/aptEventHandler.js

01:10:42 12/24/2025 [ 32928] [TRACE] [JS Framework] [Request.Request] Constructing request from: ({constructorErrors:[], _request:{}, method:"POST", isHandler:true, uri:"/jaxer-callback", protocol:"HTTP/1.1", remoteUser:"", remoteHost:"desktop-lpv0ncp", remoteAddr:"::1", pageFile:"E:/Aptana Jaxer Apache/Jaxer/Apache2-4Build/public/jaxer-callback", documentRoot:"E:/Aptana Jaxer Apache/Jaxer/Apache2-4Build/public", OS:"WINNT", isJaxerServer:true, isHTTPS:false, queryString:"", logFileNativePath:"", action:"POST", headers:{Host:"localhost:8081", Connection:"keep-alive", 'Content-Length':"358", 'sec-ch-ua-platform':"\"Windows\"", 'X-Requested-With':"XMLHttpRequest", 'User-Agent':"Mozilla/5.0 (Windows NT 10.0; Win64; x64) AppleWebKit/537.36 (KHTML, like Gecko) Chrome/140.0.0.0 Safari/537.36 OPR/124.0.0.0", 'sec-ch-ua':"\"Chromium\";v=\"140\", \"Not=A?Brand\";v=\"24\", \"Opera\";v=\"124\"", 'Content-Type':"application/x-www-form-urlencoded", 'sec-ch-ua-mobile':"?0", Accept:"*/*", Origin:"http://localhost:8081", 'Sec-Fetch-Site':"same-origin", 'Sec-Fetch-Mode':"cors", 'Sec-Fetch-Dest':"empty", Referer:"http://localhost:8081/aptana/samples/logging/index.html", 'Accept-Encoding':"gzip, deflate, br, zstd", 'Accept-Language':"en-US,en;q=0.9", Cookie:"JaxerSessionId%24%24localhost%3A8081=176589175647709027719934159097; JaxerSessionId%24%24diagnostics=1766389857171006019406608883027; JaxerSessionId%24%24chat=176650225815408013378880202926; JaxerSessionId%24%24smtp-email=1766502615487048247814800171795; JaxerSessionId%24%24rss-sample=1766502620172023884340692192807; JaxerSessionId%24%24tasks=176650262827103192941976629359; JaxerSessionId%24%24wikilite=1766502633159009874746526267386; JaxerSessionId%24%24logging=176650264152708165463317747484"}})
stack:
  ->  [ModuleLogger.js:98] trace("Constructing request from: ({constructorErrors:[], _request:{}, method:\"POST\", isHandler:true, uri:\"/jaxer-callback\", protocol:\"HTTP/1.1\", remoteUser:\"\", remoteHost:\"desktop-lpv0ncp\", remoteAddr:\"::1\", pageFile:\"E:/Aptana Jaxer Apache/Jaxer/Apache2-4Build/public/jaxer-callback\", documentRoot:\"E:/Aptana Jaxer Apache/Jaxer/Apache2-4Build/public\", OS:\"WINNT\", isJaxerServer:true, isHTTPS:false, queryString:\"\", logFileNativePath:\"\", action:\"POST\", headers:{Host:\"localhost:8081\", Connection:\"keep-alive\", 'Content-Length':\"358\", 'sec-ch-ua-platform':\"\\\"Windows\\\"\", 'X-Requested-With':\"XMLHttpRequest\", 'User-Agent':\"Mozilla/5.0 (Windows NT 10.0; Win64; x64) AppleWebKit/537.36 (KHTML, like Gecko) Chrome/140.0.0.0 Safari/537.36 OPR/124.0.0.0\", 'sec-ch-ua':\"\\\"Chromium\\\";v=\\\"140\\\", \\\"Not=A?Brand\\\";v=\\\"24\\\", \\\"Opera\\\";v=\\\"124\\\"\", 'Content-Type':\"application/x-www-form-urlencoded\", 'sec-ch-ua-mobile':\"?0\", Accept:\"*/*\", Origin:\"http://localhost:8081\", 'Sec-Fetch-Site':\"same-origin\", 'Sec-Fetch-Mode':\"cors\", 'Sec-Fetch-Dest':\"empty\", Referer:\"http://localhost:8081/aptana/samples/logging/index.html\", 'Accept-Encoding':\"gzip, deflate, br, zstd\", 'Accept-Language':\"en-US,en;q=0.9\", Cookie:\"JaxerSessionId%24%24localhost%3A8081=176589175647709027719934159097; JaxerSessionId%24%24diagnostics=1766389857171006019406608883027; JaxerSessionId%24%24chat=176650225815408013378880202926; JaxerSessionId%24%24smtp-email=1766502615487048247814800171795; JaxerSessionId%24%24rss-sample=1766502620172023884340692192807; JaxerSessionId%24%24tasks=176650262827103192941976629359; JaxerSessionId%24%24wikilite=1766502633159009874746526267386; JaxerSessionId%24%24logging=176650264152708165463317747484\"}})")
  ->  [Request.js:202] Request([object XPCWrappedNative_NoHelper])
  ->  [ParseStart.js:49] onParseStart([object XPCWrappedNative_NoHelper])
  ->  [CoreEvents.js:293] fireEvent("PARSE_START",[object Array])
  ->  [CoreEvents.js:238] fire("PARSE_START",[object XPCWrappedNative_NoHelper])
  ->  [aptEventHandler.js:306] observe([object XPCWrappedNative_NoHelper],"jaxerEvent.HTMLParseStart",null)
paths:
  -> file:///E:/Aptana%20Jaxer%20Apache/Jaxer/Apache2-4Build/jaxer/framework/src/ModuleLogger.js
  -> file:///E:/Aptana%20Jaxer%20Apache/Jaxer/Apache2-4Build/jaxer/framework/src/Request.js
  -> file:///E:/Aptana%20Jaxer%20Apache/Jaxer/Apache2-4Build/jaxer/framework/src/ParseStart.js
  -> file:///E:/Aptana%20Jaxer%20Apache/Jaxer/Apache2-4Build/jaxer/framework/src/CoreEvents.js
  -> file:///E:/Aptana%20Jaxer%20Apache/Jaxer/Apache2-4Build/jaxer/components/aptEventHandler.js

01:10:42 12/24/2025 [ 32928] [TRACE] [JS Framework] [ParseStart.onParseStart] Matching app using parsedUrl='({url:"http://localhost:8081/aptana/samples/logging/index.html", scheme:"http", protocol:"http", authority:"localhost:8081", path:"/aptana/samples/logging/index.html", query:"", fragment:"", userInfo:"", host:"localhost", port:"8081", hostAndPort:"localhost:8081", base:"http://localhost:8081", subdomain:"", domain:"localhost", pathParts:["aptana", "samples", "logging", "index.html"], leaf:"index.html", queryParts:{}})'
stack:
  ->  [ModuleLogger.js:98] trace("Matching app using parsedUrl='({url:\"http://localhost:8081/aptana/samples/logging/index.html\", scheme:\"http\", protocol:\"http\", authority:\"localhost:8081\", path:\"/aptana/samples/logging/index.html\", query:\"\", fragment:\"\", userInfo:\"\", host:\"localhost\", port:\"8081\", hostAndPort:\"localhost:8081\", base:\"http://localhost:8081\", subdomain:\"\", domain:\"localhost\", pathParts:[\"aptana\", \"samples\", \"logging\", \"index.html\"], leaf:\"index.html\", queryParts:{}})'")
  ->  [ParseStart.js:81] onParseStart([object XPCWrappedNative_NoHelper])
  ->  [CoreEvents.js:293] fireEvent("PARSE_START",[object Array])
  ->  [CoreEvents.js:238] fire("PARSE_START",[object XPCWrappedNative_NoHelper])
  ->  [aptEventHandler.js:306] observe([object XPCWrappedNative_NoHelper],"jaxerEvent.HTMLParseStart",null)
paths:
  -> file:///E:/Aptana%20Jaxer%20Apache/Jaxer/Apache2-4Build/jaxer/framework/src/ModuleLogger.js
  -> file:///E:/Aptana%20Jaxer%20Apache/Jaxer/Apache2-4Build/jaxer/framework/src/ParseStart.js
  -> file:///E:/Aptana%20Jaxer%20Apache/Jaxer/Apache2-4Build/jaxer/framework/src/CoreEvents.js
  -> file:///E:/Aptana%20Jaxer%20Apache/Jaxer/Apache2-4Build/jaxer/components/aptEventHandler.js

01:10:42 12/24/2025 [ 32928] [TRACE] [JS Framework] [App.init] Initializing app 'DEFAULT' (urlTest: /.*/)
stack:
  ->  [ModuleLogger.js:98] trace("Initializing app 'DEFAULT' (urlTest: /.*/)")
  ->  [App.js:184] init()
  ->  [ParseStart.js:110] onParseStart([object XPCWrappedNative_NoHelper])
  ->  [CoreEvents.js:293] fireEvent("PARSE_START",[object Array])
  ->  [CoreEvents.js:238] fire("PARSE_START",[object XPCWrappedNative_NoHelper])
  ->  [aptEventHandler.js:306] observe([object XPCWrappedNative_NoHelper],"jaxerEvent.HTMLParseStart",null)
paths:
  -> file:///E:/Aptana%20Jaxer%20Apache/Jaxer/Apache2-4Build/jaxer/framework/src/ModuleLogger.js
  -> file:///E:/Aptana%20Jaxer%20Apache/Jaxer/Apache2-4Build/jaxer/framework/src/App.js
  -> file:///E:/Aptana%20Jaxer%20Apache/Jaxer/Apache2-4Build/jaxer/framework/src/ParseStart.js
  -> file:///E:/Aptana%20Jaxer%20Apache/Jaxer/Apache2-4Build/jaxer/framework/src/CoreEvents.js
  -> file:///E:/Aptana%20Jaxer%20Apache/Jaxer/Apache2-4Build/jaxer/components/aptEventHandler.js

01:10:42 12/24/2025 [ 32928] [TRACE] [JS Framework] [App.init] APP_KEY for app 'DEFAULT': localhost:8081
stack:
  ->  [ModuleLogger.js:98] trace("APP_KEY for app 'DEFAULT': localhost:8081")
  ->  [App.js:196] init()
  ->  [ParseStart.js:110] onParseStart([object XPCWrappedNative_NoHelper])
  ->  [CoreEvents.js:293] fireEvent("PARSE_START",[object Array])
  ->  [CoreEvents.js:238] fire("PARSE_START",[object XPCWrappedNative_NoHelper])
  ->  [aptEventHandler.js:306] observe([object XPCWrappedNative_NoHelper],"jaxerEvent.HTMLParseStart",null)
paths:
  -> file:///E:/Aptana%20Jaxer%20Apache/Jaxer/Apache2-4Build/jaxer/framework/src/ModuleLogger.js
  -> file:///E:/Aptana%20Jaxer%20Apache/Jaxer/Apache2-4Build/jaxer/framework/src/App.js
  -> file:///E:/Aptana%20Jaxer%20Apache/Jaxer/Apache2-4Build/jaxer/framework/src/ParseStart.js
  -> file:///E:/Aptana%20Jaxer%20Apache/Jaxer/Apache2-4Build/jaxer/framework/src/CoreEvents.js
  -> file:///E:/Aptana%20Jaxer%20Apache/Jaxer/Apache2-4Build/jaxer/components/aptEventHandler.js

01:10:42 12/24/2025 [ 32928] [TRACE] [JS Framework] [App.init] PAGE_KEY for app 'DEFAULT': localhost:8081/aptana/samples/logging/index.html
stack:
  ->  [ModuleLogger.js:98] trace("PAGE_KEY for app 'DEFAULT': localhost:8081/aptana/samples/logging/index.html")
  ->  [App.js:208] init()
  ->  [ParseStart.js:110] onParseStart([object XPCWrappedNative_NoHelper])
  ->  [CoreEvents.js:293] fireEvent("PARSE_START",[object Array])
  ->  [CoreEvents.js:238] fire("PARSE_START",[object XPCWrappedNative_NoHelper])
  ->  [aptEventHandler.js:306] observe([object XPCWrappedNative_NoHelper],"jaxerEvent.HTMLParseStart",null)
paths:
  -> file:///E:/Aptana%20Jaxer%20Apache/Jaxer/Apache2-4Build/jaxer/framework/src/ModuleLogger.js
  -> file:///E:/Aptana%20Jaxer%20Apache/Jaxer/Apache2-4Build/jaxer/framework/src/App.js
  -> file:///E:/Aptana%20Jaxer%20Apache/Jaxer/Apache2-4Build/jaxer/framework/src/ParseStart.js
  -> file:///E:/Aptana%20Jaxer%20Apache/Jaxer/Apache2-4Build/jaxer/framework/src/CoreEvents.js
  -> file:///E:/Aptana%20Jaxer%20Apache/Jaxer/Apache2-4Build/jaxer/components/aptEventHandler.js

01:10:42 12/24/2025 [ 32928] [TRACE] [JS Framework] [App.init] PATH for app 'DEFAULT': resource:///../local_jaxer/data/DEFAULT
stack:
  ->  [ModuleLogger.js:98] trace("PATH for app 'DEFAULT': resource:///../local_jaxer/data/DEFAULT")
  ->  [App.js:231] init()
  ->  [ParseStart.js:110] onParseStart([object XPCWrappedNative_NoHelper])
  ->  [CoreEvents.js:293] fireEvent("PARSE_START",[object Array])
  ->  [CoreEvents.js:238] fire("PARSE_START",[object XPCWrappedNative_NoHelper])
  ->  [aptEventHandler.js:306] observe([object XPCWrappedNative_NoHelper],"jaxerEvent.HTMLParseStart",null)
paths:
  -> file:///E:/Aptana%20Jaxer%20Apache/Jaxer/Apache2-4Build/jaxer/framework/src/ModuleLogger.js
  -> file:///E:/Aptana%20Jaxer%20Apache/Jaxer/Apache2-4Build/jaxer/framework/src/App.js
  -> file:///E:/Aptana%20Jaxer%20Apache/Jaxer/Apache2-4Build/jaxer/framework/src/ParseStart.js
  -> file:///E:/Aptana%20Jaxer%20Apache/Jaxer/Apache2-4Build/jaxer/framework/src/CoreEvents.js
  -> file:///E:/Aptana%20Jaxer%20Apache/Jaxer/Apache2-4Build/jaxer/components/aptEventHandler.js

01:10:42 12/24/2025 [ 32928] [TRACE] [JS Framework] [App.App] Constructing App from props: ({urlTest:(function (parsedUrl) {return parsedUrl.pathParts.length > 2 && parsedUrl.pathParts[0] == "aptana" && parsedUrl.pathParts[1] == "samples";}), name:(function (parsedUrl) {return parsedUrl.pathParts[2];}), path:(function (resolvedName, parsedUrl) {return Dir.combine(Config.DEFAULT_PATH_BASE, "samples", resolvedName);}), db:(function (resolvedName, parsedUrl) {switch (Config.DEFAULT_DB.IMPLEMENTATION) {case "SQLite":return Util.extend(Config.DEFAULT_DB, {PATH: Dir.combine(Config.DEFAULT_PATH_BASE, "samples", resolvedName, resolvedName + ".sqlite")});case "MySQL":return Util.extend(Config.DEFAULT_DB, {NAME: resolvedName});default:throw new Exception("Unrecognized database implementation: " + Config.DEFAULT_DB.IMPLEMENTATION);}})}) and a default app of: ({urlTest:/.*/, name:"DEFAULT", appKey:(function (parsedUrl) {return parsedUrl.hostAndPort;}), pageKey:(function (parsedUrl) {return parsedUrl.hostAndPort + parsedUrl.path;}), db:function smartDB(resolvedName, parsedUrl) {switch (Config.DEFAULT_DB.IMPLEMENTATION) {case "SQLite":return Util.extend(Config.DEFAULT_DB, {PATH: Dir.combine(Config.DEFAULT_PATH_BASE, resolvedName, "appdata.sqlite")});case "MySQL":return Util.extend(Config.DEFAULT_DB, {NAME: resolvedName});default:throw new Exception("Unrecognized database implementation: " + Config.DEFAULT_DB.IMPLEMENTATION);}}, path:(function (resolvedName, parsedUrl) {return Dir.combine(Config.DEFAULT_PATH_BASE, resolvedName);}), handler:(void 0), get NAME () {return _NAME;}, get APP_KEY () {return _APP_KEY;}, get PAGE_KEY () {return _PAGE_KEY;}, get DB () {return _DB;}, get PATH () {return _PATH;}})
stack:
  ->  [ModuleLogger.js:98] trace("Constructing App from props: ({urlTest:(function (parsedUrl) {return parsedUrl.pathParts.length > 2 && parsedUrl.pathParts[0] == \"aptana\" && parsedUrl.pathParts[1] == \"samples\";}), name:(function (parsedUrl) {return parsedUrl.pathParts[2];}), path:(function (resolvedName, parsedUrl) {return Dir.combine(Config.DEFAULT_PATH_BASE, \"samples\", resolvedName);}), db:(function (resolvedName, parsedUrl) {switch (Config.DEFAULT_DB.IMPLEMENTATION) {case \"SQLite\":return Util.extend(Config.DEFAULT_DB, {PATH: Dir.combine(Config.DEFAULT_PATH_BASE, \"samples\", resolvedName, resolvedName + \".sqlite\")});case \"MySQL\":return Util.extend(Config.DEFAULT_DB, {NAME: resolvedName});default:throw new Exception(\"Unrecognized database implementation: \" + Config.DEFAULT_DB.IMPLEMENTATION);}})}) and a default app of: ({urlTest:/.*/, name:\"DEFAULT\", appKey:(function (parsedUrl) {return parsedUrl.hostAndPort;}), pageKey:(function (parsedUrl) {return parsedUrl.hostAndPort + parsedUrl.path;}), db:function smartDB(resolvedName, parsedUrl) {switch (Config.DEFAULT_DB.IMPLEMENTATION) {case \"SQLite\":return Util.extend(Config.DEFAULT_DB, {PATH: Dir.combine(Config.DEFAULT_PATH_BASE, resolvedName, \"appdata.sqlite\")});case \"MySQL\":return Util.extend(Config.DEFAULT_DB, {NAME: resolvedName});default:throw new Exception(\"Unrecognized database implementation: \" + Config.DEFAULT_DB.IMPLEMENTATION);}}, path:(function (resolvedName, parsedUrl) {return Dir.combine(Config.DEFAULT_PATH_BASE, resolvedName);}), handler:(void 0), get NAME () {return _NAME;}, get APP_KEY () {return _APP_KEY;}, get PAGE_KEY () {return _PAGE_KEY;}, get DB () {return _DB;}, get PATH () {return _PATH;}})")
  ->  [App.js:56] App([object Object])
  ->  [ParseStart.js:111] onParseStart([object XPCWrappedNative_NoHelper])
  ->  [CoreEvents.js:293] fireEvent("PARSE_START",[object Array])
  ->  [CoreEvents.js:238] fire("PARSE_START",[object XPCWrappedNative_NoHelper])
  ->  [aptEventHandler.js:306] observe([object XPCWrappedNative_NoHelper],"jaxerEvent.HTMLParseStart",null)
paths:
  -> file:///E:/Aptana%20Jaxer%20Apache/Jaxer/Apache2-4Build/jaxer/framework/src/ModuleLogger.js
  -> file:///E:/Aptana%20Jaxer%20Apache/Jaxer/Apache2-4Build/jaxer/framework/src/App.js
  -> file:///E:/Aptana%20Jaxer%20Apache/Jaxer/Apache2-4Build/jaxer/framework/src/ParseStart.js
  -> file:///E:/Aptana%20Jaxer%20Apache/Jaxer/Apache2-4Build/jaxer/framework/src/CoreEvents.js
  -> file:///E:/Aptana%20Jaxer%20Apache/Jaxer/Apache2-4Build/jaxer/components/aptEventHandler.js

01:10:42 12/24/2025 [ 32928] [TRACE] [JS Framework] [App.init] Initializing app 'logging' (urlTest: function (parsedUrl) {
    return parsedUrl.pathParts.length > 2 &&
        parsedUrl.pathParts[0] == "aptana" &&
        parsedUrl.pathParts[1] == "samples";
})
stack:
  ->  [ModuleLogger.js:98] trace("Initializing app 'logging' (urlTest: function (parsedUrl) {\n    return parsedUrl.pathParts.length > 2 &&\n        parsedUrl.pathParts[0] == \"aptana\" &&\n        parsedUrl.pathParts[1] == \"samples\";\n})")
  ->  [App.js:184] init()
  ->  [App.js:151] App([object Object])
  ->  [ParseStart.js:111] onParseStart([object XPCWrappedNative_NoHelper])
  ->  [CoreEvents.js:293] fireEvent("PARSE_START",[object Array])
  ->  [CoreEvents.js:238] fire("PARSE_START",[object XPCWrappedNative_NoHelper])
  ->  [aptEventHandler.js:306] observe([object XPCWrappedNative_NoHelper],"jaxerEvent.HTMLParseStart",null)
paths:
  -> file:///E:/Aptana%20Jaxer%20Apache/Jaxer/Apache2-4Build/jaxer/framework/src/ModuleLogger.js
  -> file:///E:/Aptana%20Jaxer%20Apache/Jaxer/Apache2-4Build/jaxer/framework/src/App.js
  -> file:///E:/Aptana%20Jaxer%20Apache/Jaxer/Apache2-4Build/jaxer/framework/src/ParseStart.js
  -> file:///E:/Aptana%20Jaxer%20Apache/Jaxer/Apache2-4Build/jaxer/framework/src/CoreEvents.js
  -> file:///E:/Aptana%20Jaxer%20Apache/Jaxer/Apache2-4Build/jaxer/components/aptEventHandler.js

01:10:42 12/24/2025 [ 32928] [TRACE] [JS Framework] [App.init] APP_KEY for app 'logging': logging
stack:
  ->  [ModuleLogger.js:98] trace("APP_KEY for app 'logging': logging")
  ->  [App.js:196] init()
  ->  [App.js:151] App([object Object])
  ->  [ParseStart.js:111] onParseStart([object XPCWrappedNative_NoHelper])
  ->  [CoreEvents.js:293] fireEvent("PARSE_START",[object Array])
  ->  [CoreEvents.js:238] fire("PARSE_START",[object XPCWrappedNative_NoHelper])
  ->  [aptEventHandler.js:306] observe([object XPCWrappedNative_NoHelper],"jaxerEvent.HTMLParseStart",null)
paths:
  -> file:///E:/Aptana%20Jaxer%20Apache/Jaxer/Apache2-4Build/jaxer/framework/src/ModuleLogger.js
  -> file:///E:/Aptana%20Jaxer%20Apache/Jaxer/Apache2-4Build/jaxer/framework/src/App.js
  -> file:///E:/Aptana%20Jaxer%20Apache/Jaxer/Apache2-4Build/jaxer/framework/src/ParseStart.js
  -> file:///E:/Aptana%20Jaxer%20Apache/Jaxer/Apache2-4Build/jaxer/framework/src/CoreEvents.js
  -> file:///E:/Aptana%20Jaxer%20Apache/Jaxer/Apache2-4Build/jaxer/components/aptEventHandler.js

01:10:42 12/24/2025 [ 32928] [TRACE] [JS Framework] [App.init] PAGE_KEY for app 'logging': localhost:8081/aptana/samples/logging/index.html
stack:
  ->  [ModuleLogger.js:98] trace("PAGE_KEY for app 'logging': localhost:8081/aptana/samples/logging/index.html")
  ->  [App.js:208] init()
  ->  [App.js:151] App([object Object])
  ->  [ParseStart.js:111] onParseStart([object XPCWrappedNative_NoHelper])
  ->  [CoreEvents.js:293] fireEvent("PARSE_START",[object Array])
  ->  [CoreEvents.js:238] fire("PARSE_START",[object XPCWrappedNative_NoHelper])
  ->  [aptEventHandler.js:306] observe([object XPCWrappedNative_NoHelper],"jaxerEvent.HTMLParseStart",null)
paths:
  -> file:///E:/Aptana%20Jaxer%20Apache/Jaxer/Apache2-4Build/jaxer/framework/src/ModuleLogger.js
  -> file:///E:/Aptana%20Jaxer%20Apache/Jaxer/Apache2-4Build/jaxer/framework/src/App.js
  -> file:///E:/Aptana%20Jaxer%20Apache/Jaxer/Apache2-4Build/jaxer/framework/src/ParseStart.js
  -> file:///E:/Aptana%20Jaxer%20Apache/Jaxer/Apache2-4Build/jaxer/framework/src/CoreEvents.js
  -> file:///E:/Aptana%20Jaxer%20Apache/Jaxer/Apache2-4Build/jaxer/components/aptEventHandler.js

01:10:42 12/24/2025 [ 32928] [TRACE] [JS Framework] [App.init] PATH for app 'logging': resource:///../local_jaxer/data/samples/logging
stack:
  ->  [ModuleLogger.js:98] trace("PATH for app 'logging': resource:///../local_jaxer/data/samples/logging")
  ->  [App.js:231] init()
  ->  [App.js:151] App([object Object])
  ->  [ParseStart.js:111] onParseStart([object XPCWrappedNative_NoHelper])
  ->  [CoreEvents.js:293] fireEvent("PARSE_START",[object Array])
  ->  [CoreEvents.js:238] fire("PARSE_START",[object XPCWrappedNative_NoHelper])
  ->  [aptEventHandler.js:306] observe([object XPCWrappedNative_NoHelper],"jaxerEvent.HTMLParseStart",null)
paths:
  -> file:///E:/Aptana%20Jaxer%20Apache/Jaxer/Apache2-4Build/jaxer/framework/src/ModuleLogger.js
  -> file:///E:/Aptana%20Jaxer%20Apache/Jaxer/Apache2-4Build/jaxer/framework/src/App.js
  -> file:///E:/Aptana%20Jaxer%20Apache/Jaxer/Apache2-4Build/jaxer/framework/src/ParseStart.js
  -> file:///E:/Aptana%20Jaxer%20Apache/Jaxer/Apache2-4Build/jaxer/framework/src/CoreEvents.js
  -> file:///E:/Aptana%20Jaxer%20Apache/Jaxer/Apache2-4Build/jaxer/components/aptEventHandler.js

01:10:42 12/24/2025 [ 32928] [TRACE] [JS Framework] [ParseStart.onParseStart] Using app 'logging': urlTest = function (parsedUrl) {
    return parsedUrl.pathParts.length > 2 &&
        parsedUrl.pathParts[0] == "aptana" &&
        parsedUrl.pathParts[1] == "samples";
}
stack:
  ->  [ModuleLogger.js:98] trace("Using app 'logging': urlTest = function (parsedUrl) {\n    return parsedUrl.pathParts.length > 2 &&\n        parsedUrl.pathParts[0] == \"aptana\" &&\n        parsedUrl.pathParts[1] == \"samples\";\n}")
  ->  [ParseStart.js:113] onParseStart([object XPCWrappedNative_NoHelper])
  ->  [CoreEvents.js:293] fireEvent("PARSE_START",[object Array])
  ->  [CoreEvents.js:238] fire("PARSE_START",[object XPCWrappedNative_NoHelper])
  ->  [aptEventHandler.js:306] observe([object XPCWrappedNative_NoHelper],"jaxerEvent.HTMLParseStart",null)
paths:
  -> file:///E:/Aptana%20Jaxer%20Apache/Jaxer/Apache2-4Build/jaxer/framework/src/ModuleLogger.js
  -> file:///E:/Aptana%20Jaxer%20Apache/Jaxer/Apache2-4Build/jaxer/framework/src/ParseStart.js
  -> file:///E:/Aptana%20Jaxer%20Apache/Jaxer/Apache2-4Build/jaxer/framework/src/CoreEvents.js
  -> file:///E:/Aptana%20Jaxer%20Apache/Jaxer/Apache2-4Build/jaxer/components/aptEventHandler.js

01:10:42 12/24/2025 [ 32928] [DEBUG] [JS Framework] [SessionManager.keyFromRequest] Getting session key from the client via cookie JaxerSessionId$$logging: 176650264152708165463317747484
stack:
  ->  [ModuleLogger.js:98] debug("Getting session key from the client via cookie JaxerSessionId$$logging: 176650264152708165463317747484")
  ->  [SessionManager.js:59] keyFromRequest("logging")
  ->  [Container.js:474] init("logging","localhost:8081/aptana/samples/logging/index.html")
  ->  [ParseStart.js:122] onParseStart([object XPCWrappedNative_NoHelper])
  ->  [CoreEvents.js:293] fireEvent("PARSE_START",[object Array])
  ->  [CoreEvents.js:238] fire("PARSE_START",[object XPCWrappedNative_NoHelper])
  ->  [aptEventHandler.js:306] observe([object XPCWrappedNative_NoHelper],"jaxerEvent.HTMLParseStart",null)
paths:
  -> file:///E:/Aptana%20Jaxer%20Apache/Jaxer/Apache2-4Build/jaxer/framework/src/ModuleLogger.js
  -> file:///E:/Aptana%20Jaxer%20Apache/Jaxer/Apache2-4Build/jaxer/framework/src/SessionManager.js
  -> file:///E:/Aptana%20Jaxer%20Apache/Jaxer/Apache2-4Build/jaxer/framework/src/Container.js
  -> file:///E:/Aptana%20Jaxer%20Apache/Jaxer/Apache2-4Build/jaxer/framework/src/ParseStart.js
  -> file:///E:/Aptana%20Jaxer%20Apache/Jaxer/Apache2-4Build/jaxer/framework/src/CoreEvents.js
  -> file:///E:/Aptana%20Jaxer%20Apache/Jaxer/Apache2-4Build/jaxer/components/aptEventHandler.js

01:10:42 12/24/2025 [ 32928] [DEBUG] [JS Framework] [Container.init] Created APPLICATION container as Jaxer.application with key logging
stack:
  ->  [ModuleLogger.js:98] debug("Created APPLICATION container as Jaxer.application with key logging")
  ->  [Container.js:485] init("logging","localhost:8081/aptana/samples/logging/index.html")
  ->  [ParseStart.js:122] onParseStart([object XPCWrappedNative_NoHelper])
  ->  [CoreEvents.js:293] fireEvent("PARSE_START",[object Array])
  ->  [CoreEvents.js:238] fire("PARSE_START",[object XPCWrappedNative_NoHelper])
  ->  [aptEventHandler.js:306] observe([object XPCWrappedNative_NoHelper],"jaxerEvent.HTMLParseStart",null)
paths:
  -> file:///E:/Aptana%20Jaxer%20Apache/Jaxer/Apache2-4Build/jaxer/framework/src/ModuleLogger.js
  -> file:///E:/Aptana%20Jaxer%20Apache/Jaxer/Apache2-4Build/jaxer/framework/src/Container.js
  -> file:///E:/Aptana%20Jaxer%20Apache/Jaxer/Apache2-4Build/jaxer/framework/src/ParseStart.js
  -> file:///E:/Aptana%20Jaxer%20Apache/Jaxer/Apache2-4Build/jaxer/framework/src/CoreEvents.js
  -> file:///E:/Aptana%20Jaxer%20Apache/Jaxer/Apache2-4Build/jaxer/components/aptEventHandler.js

01:10:42 12/24/2025 [ 32928] [DEBUG] [JS Framework] [Container.init] Created PAGE container as Jaxer.page with key localhost:8081/aptana/samples/logging/index.html
stack:
  ->  [ModuleLogger.js:98] debug("Created PAGE container as Jaxer.page with key localhost:8081/aptana/samples/logging/index.html")
  ->  [Container.js:485] init("logging","localhost:8081/aptana/samples/logging/index.html")
  ->  [ParseStart.js:122] onParseStart([object XPCWrappedNative_NoHelper])
  ->  [CoreEvents.js:293] fireEvent("PARSE_START",[object Array])
  ->  [CoreEvents.js:238] fire("PARSE_START",[object XPCWrappedNative_NoHelper])
  ->  [aptEventHandler.js:306] observe([object XPCWrappedNative_NoHelper],"jaxerEvent.HTMLParseStart",null)
paths:
  -> file:///E:/Aptana%20Jaxer%20Apache/Jaxer/Apache2-4Build/jaxer/framework/src/ModuleLogger.js
  -> file:///E:/Aptana%20Jaxer%20Apache/Jaxer/Apache2-4Build/jaxer/framework/src/Container.js
  -> file:///E:/Aptana%20Jaxer%20Apache/Jaxer/Apache2-4Build/jaxer/framework/src/ParseStart.js
  -> file:///E:/Aptana%20Jaxer%20Apache/Jaxer/Apache2-4Build/jaxer/framework/src/CoreEvents.js
  -> file:///E:/Aptana%20Jaxer%20Apache/Jaxer/Apache2-4Build/jaxer/components/aptEventHandler.js

01:10:42 12/24/2025 [ 32928] [DEBUG] [JS Framework] [Container.init] Created SESSION container as Jaxer.session with key 176650264152708165463317747484
stack:
  ->  [ModuleLogger.js:98] debug("Created SESSION container as Jaxer.session with key 176650264152708165463317747484")
  ->  [Container.js:485] init("logging","localhost:8081/aptana/samples/logging/index.html")
  ->  [ParseStart.js:122] onParseStart([object XPCWrappedNative_NoHelper])
  ->  [CoreEvents.js:293] fireEvent("PARSE_START",[object Array])
  ->  [CoreEvents.js:238] fire("PARSE_START",[object XPCWrappedNative_NoHelper])
  ->  [aptEventHandler.js:306] observe([object XPCWrappedNative_NoHelper],"jaxerEvent.HTMLParseStart",null)
paths:
  -> file:///E:/Aptana%20Jaxer%20Apache/Jaxer/Apache2-4Build/jaxer/framework/src/ModuleLogger.js
  -> file:///E:/Aptana%20Jaxer%20Apache/Jaxer/Apache2-4Build/jaxer/framework/src/Container.js
  -> file:///E:/Aptana%20Jaxer%20Apache/Jaxer/Apache2-4Build/jaxer/framework/src/ParseStart.js
  -> file:///E:/Aptana%20Jaxer%20Apache/Jaxer/Apache2-4Build/jaxer/framework/src/CoreEvents.js
  -> file:///E:/Aptana%20Jaxer%20Apache/Jaxer/Apache2-4Build/jaxer/components/aptEventHandler.js

01:10:42 12/24/2025 [ 32928] [DEBUG] [JS Framework] [Container.init] Created SESSION_PAGE container as Jaxer.sessionPage with key 176650264152708165463317747484$$localhost:8081/aptana/samples/logging/index.html
stack:
  ->  [ModuleLogger.js:98] debug("Created SESSION_PAGE container as Jaxer.sessionPage with key 176650264152708165463317747484$$localhost:8081/aptana/samples/logging/index.html")
  ->  [Container.js:485] init("logging","localhost:8081/aptana/samples/logging/index.html")
  ->  [ParseStart.js:122] onParseStart([object XPCWrappedNative_NoHelper])
  ->  [CoreEvents.js:293] fireEvent("PARSE_START",[object Array])
  ->  [CoreEvents.js:238] fire("PARSE_START",[object XPCWrappedNative_NoHelper])
  ->  [aptEventHandler.js:306] observe([object XPCWrappedNative_NoHelper],"jaxerEvent.HTMLParseStart",null)
paths:
  -> file:///E:/Aptana%20Jaxer%20Apache/Jaxer/Apache2-4Build/jaxer/framework/src/ModuleLogger.js
  -> file:///E:/Aptana%20Jaxer%20Apache/Jaxer/Apache2-4Build/jaxer/framework/src/Container.js
  -> file:///E:/Aptana%20Jaxer%20Apache/Jaxer/Apache2-4Build/jaxer/framework/src/ParseStart.js
  -> file:///E:/Aptana%20Jaxer%20Apache/Jaxer/Apache2-4Build/jaxer/framework/src/CoreEvents.js
  -> file:///E:/Aptana%20Jaxer%20Apache/Jaxer/Apache2-4Build/jaxer/components/aptEventHandler.js

01:10:42 12/24/2025 [ 32928] [TRACE] [JS Framework] [DB.setDefault] Setting default connection for app: logging
stack:
  ->  [ModuleLogger.js:98] trace("Setting default connection for app: logging")
  ->  [DB.js:162] setDefault("logging",[object Object])
  ->  [ParseStart.js:123] onParseStart([object XPCWrappedNative_NoHelper])
  ->  [CoreEvents.js:293] fireEvent("PARSE_START",[object Array])
  ->  [CoreEvents.js:238] fire("PARSE_START",[object XPCWrappedNative_NoHelper])
  ->  [aptEventHandler.js:306] observe([object XPCWrappedNative_NoHelper],"jaxerEvent.HTMLParseStart",null)
paths:
  -> file:///E:/Aptana%20Jaxer%20Apache/Jaxer/Apache2-4Build/jaxer/framework/src/ModuleLogger.js
  -> file:///E:/Aptana%20Jaxer%20Apache/Jaxer/Apache2-4Build/jaxer/framework/src/DB.js
  -> file:///E:/Aptana%20Jaxer%20Apache/Jaxer/Apache2-4Build/jaxer/framework/src/ParseStart.js
  -> file:///E:/Aptana%20Jaxer%20Apache/Jaxer/Apache2-4Build/jaxer/framework/src/CoreEvents.js
  -> file:///E:/Aptana%20Jaxer%20Apache/Jaxer/Apache2-4Build/jaxer/components/aptEventHandler.js

01:10:42 12/24/2025 [ 32928] [TRACE] [JS Framework] [CoreEvents.fire] At this time, evt.Request.isHandler=true and eventType: NEW_ELEMENT - HTML
stack:
  ->  [ModuleLogger.js:98] trace("At this time, evt.Request.isHandler=true and eventType: NEW_ELEMENT - HTML")
  ->  [CoreEvents.js:205] fire("NEW_ELEMENT",[object XPCWrappedNative_NoHelper],[object HTMLDocument],[object HTMLHtmlElement])
  ->  [aptEventHandler.js:157] observe([object XPCWrappedNative_NoHelper],"jaxerEvent.NewHTMLElement",null)
paths:
  -> file:///E:/Aptana%20Jaxer%20Apache/Jaxer/Apache2-4Build/jaxer/framework/src/ModuleLogger.js
  -> file:///E:/Aptana%20Jaxer%20Apache/Jaxer/Apache2-4Build/jaxer/framework/src/CoreEvents.js
  -> file:///E:/Aptana%20Jaxer%20Apache/Jaxer/Apache2-4Build/jaxer/components/aptEventHandler.js

01:10:42 12/24/2025 [ 32928] [TRACE] [JS Framework] [CoreEvents.fireEvent] Firing an event for NEW_ELEMENT
stack:
  ->  [ModuleLogger.js:98] trace("Firing an event for NEW_ELEMENT")
  ->  [CoreEvents.js:282] fireEvent("NEW_ELEMENT",[object Array])
  ->  [CoreEvents.js:238] fire("NEW_ELEMENT",[object XPCWrappedNative_NoHelper],[object HTMLDocument],[object HTMLHtmlElement])
  ->  [aptEventHandler.js:157] observe([object XPCWrappedNative_NoHelper],"jaxerEvent.NewHTMLElement",null)
paths:
  -> file:///E:/Aptana%20Jaxer%20Apache/Jaxer/Apache2-4Build/jaxer/framework/src/ModuleLogger.js
  -> file:///E:/Aptana%20Jaxer%20Apache/Jaxer/Apache2-4Build/jaxer/framework/src/CoreEvents.js
  -> file:///E:/Aptana%20Jaxer%20Apache/Jaxer/Apache2-4Build/jaxer/components/aptEventHandler.js

01:10:42 12/24/2025 [ 32928] [TRACE] [JS Framework] [CoreEvents.fireEvent] Calling event handler: function onNewElement(evt, doc, elt) {
    switch (elt.tagNa...
stack:
  ->  [ModuleLogger.js:98] trace("Calling event handler: function onNewElement(evt, doc, elt) {\n    switch (elt.tagNa...")
  ->  [CoreEvents.js:292] fireEvent("NEW_ELEMENT",[object Array])
  ->  [CoreEvents.js:238] fire("NEW_ELEMENT",[object XPCWrappedNative_NoHelper],[object HTMLDocument],[object HTMLHtmlElement])
  ->  [aptEventHandler.js:157] observe([object XPCWrappedNative_NoHelper],"jaxerEvent.NewHTMLElement",null)
paths:
  -> file:///E:/Aptana%20Jaxer%20Apache/Jaxer/Apache2-4Build/jaxer/framework/src/ModuleLogger.js
  -> file:///E:/Aptana%20Jaxer%20Apache/Jaxer/Apache2-4Build/jaxer/framework/src/CoreEvents.js
  -> file:///E:/Aptana%20Jaxer%20Apache/Jaxer/Apache2-4Build/jaxer/components/aptEventHandler.js

01:10:42 12/24/2025 [ 32928] [TRACE] [JS Framework] [CoreEvents.fire] At this time, evt.Request.isHandler=true and eventType: NEW_ELEMENT - HEAD
stack:
  ->  [ModuleLogger.js:98] trace("At this time, evt.Request.isHandler=true and eventType: NEW_ELEMENT - HEAD")
  ->  [CoreEvents.js:205] fire("NEW_ELEMENT",[object XPCWrappedNative_NoHelper],[object HTMLDocument],[object HTMLHeadElement])
  ->  [aptEventHandler.js:157] observe([object XPCWrappedNative_NoHelper],"jaxerEvent.NewHTMLElement",null)
paths:
  -> file:///E:/Aptana%20Jaxer%20Apache/Jaxer/Apache2-4Build/jaxer/framework/src/ModuleLogger.js
  -> file:///E:/Aptana%20Jaxer%20Apache/Jaxer/Apache2-4Build/jaxer/framework/src/CoreEvents.js
  -> file:///E:/Aptana%20Jaxer%20Apache/Jaxer/Apache2-4Build/jaxer/components/aptEventHandler.js

01:10:42 12/24/2025 [ 32928] [TRACE] [JS Framework] [CoreEvents.fireEvent] Firing an event for NEW_ELEMENT
stack:
  ->  [ModuleLogger.js:98] trace("Firing an event for NEW_ELEMENT")
  ->  [CoreEvents.js:282] fireEvent("NEW_ELEMENT",[object Array])
  ->  [CoreEvents.js:238] fire("NEW_ELEMENT",[object XPCWrappedNative_NoHelper],[object HTMLDocument],[object HTMLHeadElement])
  ->  [aptEventHandler.js:157] observe([object XPCWrappedNative_NoHelper],"jaxerEvent.NewHTMLElement",null)
paths:
  -> file:///E:/Aptana%20Jaxer%20Apache/Jaxer/Apache2-4Build/jaxer/framework/src/ModuleLogger.js
  -> file:///E:/Aptana%20Jaxer%20Apache/Jaxer/Apache2-4Build/jaxer/framework/src/CoreEvents.js
  -> file:///E:/Aptana%20Jaxer%20Apache/Jaxer/Apache2-4Build/jaxer/components/aptEventHandler.js

01:10:42 12/24/2025 [ 32928] [TRACE] [JS Framework] [CoreEvents.fireEvent] Calling event handler: function onNewElement(evt, doc, elt) {
    switch (elt.tagNa...
stack:
  ->  [ModuleLogger.js:98] trace("Calling event handler: function onNewElement(evt, doc, elt) {\n    switch (elt.tagNa...")
  ->  [CoreEvents.js:292] fireEvent("NEW_ELEMENT",[object Array])
  ->  [CoreEvents.js:238] fire("NEW_ELEMENT",[object XPCWrappedNative_NoHelper],[object HTMLDocument],[object HTMLHeadElement])
  ->  [aptEventHandler.js:157] observe([object XPCWrappedNative_NoHelper],"jaxerEvent.NewHTMLElement",null)
paths:
  -> file:///E:/Aptana%20Jaxer%20Apache/Jaxer/Apache2-4Build/jaxer/framework/src/ModuleLogger.js
  -> file:///E:/Aptana%20Jaxer%20Apache/Jaxer/Apache2-4Build/jaxer/framework/src/CoreEvents.js
  -> file:///E:/Aptana%20Jaxer%20Apache/Jaxer/Apache2-4Build/jaxer/components/aptEventHandler.js

01:10:42 12/24/2025 [ 32928] [TRACE] [JS Framework] [CoreEvents.fire] At this time, evt.Request.isHandler=true and eventType: INIT_HEAD
stack:
  ->  [ModuleLogger.js:98] trace("At this time, evt.Request.isHandler=true and eventType: INIT_HEAD")
  ->  [CoreEvents.js:205] fire("INIT_HEAD",[object XPCWrappedNative_NoHelper],[object HTMLDocument])
  ->  [aptEventHandler.js:139] observe([object XPCWrappedNative_NoHelper],"jaxerEvent.NewHTMLElement",null)
paths:
  -> file:///E:/Aptana%20Jaxer%20Apache/Jaxer/Apache2-4Build/jaxer/framework/src/ModuleLogger.js
  -> file:///E:/Aptana%20Jaxer%20Apache/Jaxer/Apache2-4Build/jaxer/framework/src/CoreEvents.js
  -> file:///E:/Aptana%20Jaxer%20Apache/Jaxer/Apache2-4Build/jaxer/components/aptEventHandler.js

01:10:42 12/24/2025 [ 32928] [TRACE] [JS Framework] [CoreEvents.fireEvent] Firing an event for INIT_HEAD
stack:
  ->  [ModuleLogger.js:98] trace("Firing an event for INIT_HEAD")
  ->  [CoreEvents.js:282] fireEvent("INIT_HEAD",[object Array])
  ->  [CoreEvents.js:238] fire("INIT_HEAD",[object XPCWrappedNative_NoHelper],[object HTMLDocument])
  ->  [aptEventHandler.js:139] observe([object XPCWrappedNative_NoHelper],"jaxerEvent.NewHTMLElement",null)
paths:
  -> file:///E:/Aptana%20Jaxer%20Apache/Jaxer/Apache2-4Build/jaxer/framework/src/ModuleLogger.js
  -> file:///E:/Aptana%20Jaxer%20Apache/Jaxer/Apache2-4Build/jaxer/framework/src/CoreEvents.js
  -> file:///E:/Aptana%20Jaxer%20Apache/Jaxer/Apache2-4Build/jaxer/components/aptEventHandler.js

01:10:42 12/24/2025 [ 32928] [TRACE] [JS Framework] [CoreEvents.fireEvent] Calling event handler: function onInitHead(evt, doc) {
    Jaxer.load = function lo...
stack:
  ->  [ModuleLogger.js:98] trace("Calling event handler: function onInitHead(evt, doc) {\n    Jaxer.load = function lo...")
  ->  [CoreEvents.js:292] fireEvent("INIT_HEAD",[object Array])
  ->  [CoreEvents.js:238] fire("INIT_HEAD",[object XPCWrappedNative_NoHelper],[object HTMLDocument])
  ->  [aptEventHandler.js:139] observe([object XPCWrappedNative_NoHelper],"jaxerEvent.NewHTMLElement",null)
paths:
  -> file:///E:/Aptana%20Jaxer%20Apache/Jaxer/Apache2-4Build/jaxer/framework/src/ModuleLogger.js
  -> file:///E:/Aptana%20Jaxer%20Apache/Jaxer/Apache2-4Build/jaxer/framework/src/CoreEvents.js
  -> file:///E:/Aptana%20Jaxer%20Apache/Jaxer/Apache2-4Build/jaxer/components/aptEventHandler.js

01:10:42 12/24/2025 [ 32928] [TRACE] [JS Framework] [Includer.evalOn] Evaluating using Jaxer.request.evaluateScript: contents = (function ... with global = [object ChromeWindow] and effectiveUrl = undefined
stack:
  ->  [ModuleLogger.js:98] trace("Evaluating using Jaxer.request.evaluateScript: contents = (function ... with global = [object ChromeWindow] and effectiveUrl = undefined")
  ->  [Includer.js:131] evalOn("(function extendDomSetters(global) {if (global.HTMLInputElement) {var inputValueSetter = global.HTMLInputElement.prototype.__lookupSetter__(\"value\");global.HTMLInputElement.prototype.__defineSetter__(\"value\", function (val) {inputValueSetter.call(this, val);this.setAttribute(\"value\", val);});var inputCheckedSetter = global.HTMLInputElement.prototype.__lookupSetter__(\"checked\");global.HTMLInputElement.prototype.__defineSetter__(\"checked\", function (val) {inputCheckedSetter.call(this, val);if (val) {this.setAttribute(\"checked\", null);} else {this.removeAttribute(\"checked\");}});}if (global.HTMLTextAreaElement) {var textAreaValueSetter = global.HTMLTextAreaElement.prototype.__lookupSetter__(\"value\");global.HTMLTextAreaElement.prototype.__defineSetter__(\"value\", function (val) {textAreaValueSetter.call(this, val);this.textContent = val;});}if (global.HTMLSelectElement) {var selectSelectedIndexSetter = global.HTMLSelectElement.prototype.__lookupSetter__(\"selectedIndex\");global.HTMLSelectElement.prototype.__defineSetter__(\"selectedIndex\", function (index) {selectSelectedIndexSetter.call(this, index);var option = this.options[index];if (option) {for (var i = 0, len = this.options.length; i < len; i++) {if (i == index) {this.options[i].setAttribute(\"selected\", null);} else {this.options[i].removeAttribute(\"selected\");}}}});}if (global.HTMLOptionElement) {var optionSelectedSetter = global.HTMLOptionElement.prototype.__lookupSetter__(\"selected\");global.HTMLOptionElement.prototype.__defineSetter__(\"selected\", function (val) {optionSelectedSetter.call(this, val);if (val) {this.setAttribute(\"selected\", null);} else {this.removeAttribute(\"selected\");}});}})(document.defaultView)",[object ChromeWindow])
  ->  [Overrides.js:370] applyAll([object ChromeWindow])
  ->  [InitHead.js:78] onInitHead([object XPCWrappedNative_NoHelper],[object HTMLDocument])
  ->  [CoreEvents.js:293] fireEvent("INIT_HEAD",[object Array])
  ->  [CoreEvents.js:238] fire("INIT_HEAD",[object XPCWrappedNative_NoHelper],[object HTMLDocument])
  ->  [aptEventHandler.js:139] observe([object XPCWrappedNative_NoHelper],"jaxerEvent.NewHTMLElement",null)
paths:
  -> file:///E:/Aptana%20Jaxer%20Apache/Jaxer/Apache2-4Build/jaxer/framework/src/ModuleLogger.js
  -> file:///E:/Aptana%20Jaxer%20Apache/Jaxer/Apache2-4Build/jaxer/framework/src/Includer.js
  -> file:///E:/Aptana%20Jaxer%20Apache/Jaxer/Apache2-4Build/jaxer/framework/src/Overrides.js
  -> file:///E:/Aptana%20Jaxer%20Apache/Jaxer/Apache2-4Build/jaxer/framework/src/InitHead.js
  -> file:///E:/Aptana%20Jaxer%20Apache/Jaxer/Apache2-4Build/jaxer/framework/src/CoreEvents.js
  -> file:///E:/Aptana%20Jaxer%20Apache/Jaxer/Apache2-4Build/jaxer/components/aptEventHandler.js

01:10:42 12/24/2025 [ 32928] [TRACE] [JS Framework] [CoreEvents.fire] At this time, evt.Request.isHandler=true and eventType: NEW_ELEMENT - TITLE
stack:
  ->  [ModuleLogger.js:98] trace("At this time, evt.Request.isHandler=true and eventType: NEW_ELEMENT - TITLE")
  ->  [CoreEvents.js:205] fire("NEW_ELEMENT",[object XPCWrappedNative_NoHelper],[object HTMLDocument],[object HTMLTitleElement])
  ->  [aptEventHandler.js:157] observe([object XPCWrappedNative_NoHelper],"jaxerEvent.NewHTMLElement",null)
paths:
  -> file:///E:/Aptana%20Jaxer%20Apache/Jaxer/Apache2-4Build/jaxer/framework/src/ModuleLogger.js
  -> file:///E:/Aptana%20Jaxer%20Apache/Jaxer/Apache2-4Build/jaxer/framework/src/CoreEvents.js
  -> file:///E:/Aptana%20Jaxer%20Apache/Jaxer/Apache2-4Build/jaxer/components/aptEventHandler.js

01:10:42 12/24/2025 [ 32928] [TRACE] [JS Framework] [CoreEvents.fireEvent] Firing an event for NEW_ELEMENT
stack:
  ->  [ModuleLogger.js:98] trace("Firing an event for NEW_ELEMENT")
  ->  [CoreEvents.js:282] fireEvent("NEW_ELEMENT",[object Array])
  ->  [CoreEvents.js:238] fire("NEW_ELEMENT",[object XPCWrappedNative_NoHelper],[object HTMLDocument],[object HTMLTitleElement])
  ->  [aptEventHandler.js:157] observe([object XPCWrappedNative_NoHelper],"jaxerEvent.NewHTMLElement",null)
paths:
  -> file:///E:/Aptana%20Jaxer%20Apache/Jaxer/Apache2-4Build/jaxer/framework/src/ModuleLogger.js
  -> file:///E:/Aptana%20Jaxer%20Apache/Jaxer/Apache2-4Build/jaxer/framework/src/CoreEvents.js
  -> file:///E:/Aptana%20Jaxer%20Apache/Jaxer/Apache2-4Build/jaxer/components/aptEventHandler.js

01:10:42 12/24/2025 [ 32928] [TRACE] [JS Framework] [CoreEvents.fireEvent] Calling event handler: function onNewElement(evt, doc, elt) {
    switch (elt.tagNa...
stack:
  ->  [ModuleLogger.js:98] trace("Calling event handler: function onNewElement(evt, doc, elt) {\n    switch (elt.tagNa...")
  ->  [CoreEvents.js:292] fireEvent("NEW_ELEMENT",[object Array])
  ->  [CoreEvents.js:238] fire("NEW_ELEMENT",[object XPCWrappedNative_NoHelper],[object HTMLDocument],[object HTMLTitleElement])
  ->  [aptEventHandler.js:157] observe([object XPCWrappedNative_NoHelper],"jaxerEvent.NewHTMLElement",null)
paths:
  -> file:///E:/Aptana%20Jaxer%20Apache/Jaxer/Apache2-4Build/jaxer/framework/src/ModuleLogger.js
  -> file:///E:/Aptana%20Jaxer%20Apache/Jaxer/Apache2-4Build/jaxer/framework/src/CoreEvents.js
  -> file:///E:/Aptana%20Jaxer%20Apache/Jaxer/Apache2-4Build/jaxer/components/aptEventHandler.js

01:10:42 12/24/2025 [ 32928] [TRACE] [JS Framework] [CoreEvents.fire] At this time, evt.Request.isHandler=true and eventType: PARSE_COMPLETE
stack:
  ->  [ModuleLogger.js:98] trace("At this time, evt.Request.isHandler=true and eventType: PARSE_COMPLETE")
  ->  [CoreEvents.js:205] fire("PARSE_COMPLETE",[object XPCWrappedNative_NoHelper],[object HTMLDocument])
  ->  [aptEventHandler.js:337] observe([object XPCWrappedNative_NoHelper],"jaxerEvent.HTMLParseComplete",null)
paths:
  -> file:///E:/Aptana%20Jaxer%20Apache/Jaxer/Apache2-4Build/jaxer/framework/src/ModuleLogger.js
  -> file:///E:/Aptana%20Jaxer%20Apache/Jaxer/Apache2-4Build/jaxer/framework/src/CoreEvents.js
  -> file:///E:/Aptana%20Jaxer%20Apache/Jaxer/Apache2-4Build/jaxer/components/aptEventHandler.js

01:10:42 12/24/2025 [ 32928] [TRACE] [JS Framework] [CoreEvents.fireEvent] Firing an event for HANDLE_CALLBACK
stack:
  ->  [ModuleLogger.js:98] trace("Firing an event for HANDLE_CALLBACK")
  ->  [CoreEvents.js:282] fireEvent("HANDLE_CALLBACK",[object Array])
  ->  [CoreEvents.js:220] fire("PARSE_COMPLETE",[object XPCWrappedNative_NoHelper],[object HTMLDocument])
  ->  [aptEventHandler.js:337] observe([object XPCWrappedNative_NoHelper],"jaxerEvent.HTMLParseComplete",null)
paths:
  -> file:///E:/Aptana%20Jaxer%20Apache/Jaxer/Apache2-4Build/jaxer/framework/src/ModuleLogger.js
  -> file:///E:/Aptana%20Jaxer%20Apache/Jaxer/Apache2-4Build/jaxer/framework/src/CoreEvents.js
  -> file:///E:/Aptana%20Jaxer%20Apache/Jaxer/Apache2-4Build/jaxer/components/aptEventHandler.js

01:10:42 12/24/2025 [ 32928] [TRACE] [JS Framework] [CoreEvents.fireEvent] Calling event handler: function onHandleCallback(evt, doc) {
    log.trace("=== Cal...
stack:
  ->  [ModuleLogger.js:98] trace("Calling event handler: function onHandleCallback(evt, doc) {\n    log.trace(\"=== Cal...")
  ->  [CoreEvents.js:292] fireEvent("HANDLE_CALLBACK",[object Array])
  ->  [CoreEvents.js:220] fire("PARSE_COMPLETE",[object XPCWrappedNative_NoHelper],[object HTMLDocument])
  ->  [aptEventHandler.js:337] observe([object XPCWrappedNative_NoHelper],"jaxerEvent.HTMLParseComplete",null)
paths:
  -> file:///E:/Aptana%20Jaxer%20Apache/Jaxer/Apache2-4Build/jaxer/framework/src/ModuleLogger.js
  -> file:///E:/Aptana%20Jaxer%20Apache/Jaxer/Apache2-4Build/jaxer/framework/src/CoreEvents.js
  -> file:///E:/Aptana%20Jaxer%20Apache/Jaxer/Apache2-4Build/jaxer/components/aptEventHandler.js

01:10:42 12/24/2025 [ 32928] [TRACE] [JS Framework] [HandleCallback.onHandleCallback] === Callback processing initializing
stack:
  ->  [ModuleLogger.js:98] trace("=== Callback processing initializing")
  ->  [HandleCallback.js:60] onHandleCallback([object XPCWrappedNative_NoHelper],[object HTMLDocument])
  ->  [CoreEvents.js:293] fireEvent("HANDLE_CALLBACK",[object Array])
  ->  [CoreEvents.js:220] fire("PARSE_COMPLETE",[object XPCWrappedNative_NoHelper],[object HTMLDocument])
  ->  [aptEventHandler.js:337] observe([object XPCWrappedNative_NoHelper],"jaxerEvent.HTMLParseComplete",null)
paths:
  -> file:///E:/Aptana%20Jaxer%20Apache/Jaxer/Apache2-4Build/jaxer/framework/src/ModuleLogger.js
  -> file:///E:/Aptana%20Jaxer%20Apache/Jaxer/Apache2-4Build/jaxer/framework/src/HandleCallback.js
  -> file:///E:/Aptana%20Jaxer%20Apache/Jaxer/Apache2-4Build/jaxer/framework/src/CoreEvents.js
  -> file:///E:/Aptana%20Jaxer%20Apache/Jaxer/Apache2-4Build/jaxer/components/aptEventHandler.js

01:10:42 12/24/2025 [ 32928] [TRACE] [JS Framework] [Response.setNoCacheHeaders] Setting no-cache headers
stack:
  ->  [ModuleLogger.js:98] trace("Setting no-cache headers")
  ->  [Response.js:772] setNoCacheHeaders()
  ->  [HandleCallback.js:63] onHandleCallback([object XPCWrappedNative_NoHelper],[object HTMLDocument])
  ->  [CoreEvents.js:293] fireEvent("HANDLE_CALLBACK",[object Array])
  ->  [CoreEvents.js:220] fire("PARSE_COMPLETE",[object XPCWrappedNative_NoHelper],[object HTMLDocument])
  ->  [aptEventHandler.js:337] observe([object XPCWrappedNative_NoHelper],"jaxerEvent.HTMLParseComplete",null)
paths:
  -> file:///E:/Aptana%20Jaxer%20Apache/Jaxer/Apache2-4Build/jaxer/framework/src/ModuleLogger.js
  -> file:///E:/Aptana%20Jaxer%20Apache/Jaxer/Apache2-4Build/jaxer/framework/src/Response.js
  -> file:///E:/Aptana%20Jaxer%20Apache/Jaxer/Apache2-4Build/jaxer/framework/src/HandleCallback.js
  -> file:///E:/Aptana%20Jaxer%20Apache/Jaxer/Apache2-4Build/jaxer/framework/src/CoreEvents.js
  -> file:///E:/Aptana%20Jaxer%20Apache/Jaxer/Apache2-4Build/jaxer/components/aptEventHandler.js

01:10:42 12/24/2025 [ 32928] [TRACE] [JS Framework] [HandleCallback.onHandleCallback] Main callback processing starting
stack:
  ->  [ModuleLogger.js:98] trace("Main callback processing starting")
  ->  [HandleCallback.js:72] onHandleCallback([object XPCWrappedNative_NoHelper],[object HTMLDocument])
  ->  [CoreEvents.js:293] fireEvent("HANDLE_CALLBACK",[object Array])
  ->  [CoreEvents.js:220] fire("PARSE_COMPLETE",[object XPCWrappedNative_NoHelper],[object HTMLDocument])
  ->  [aptEventHandler.js:337] observe([object XPCWrappedNative_NoHelper],"jaxerEvent.HTMLParseComplete",null)
paths:
  -> file:///E:/Aptana%20Jaxer%20Apache/Jaxer/Apache2-4Build/jaxer/framework/src/ModuleLogger.js
  -> file:///E:/Aptana%20Jaxer%20Apache/Jaxer/Apache2-4Build/jaxer/framework/src/HandleCallback.js
  -> file:///E:/Aptana%20Jaxer%20Apache/Jaxer/Apache2-4Build/jaxer/framework/src/CoreEvents.js
  -> file:///E:/Aptana%20Jaxer%20Apache/Jaxer/Apache2-4Build/jaxer/components/aptEventHandler.js

01:10:42 12/24/2025 [ 32928] [TRACE] [JS Framework] [HandleCallback.onHandleCallback] Received Jaxer.request: ({constructorErrors:[], _request:{}, method:"POST", isHandler:true, uri:"/jaxer-callback", protocol:"HTTP/1.1", remoteUser:"", remoteHost:"desktop-lpv0ncp", remoteAddr:"::1", pageFile:"", documentRoot:"", OS:"WINNT", isJaxerServer:true, isHTTPS:false, queryString:"", logFileNativePath:"", action:"POST", headers:{Host:"localhost:8081", Connection:"keep-alive", 'Content-Length':"358", 'sec-ch-ua-platform':"\"Windows\"", 'X-Requested-With':"XMLHttpRequest", 'User-Agent':"Mozilla/5.0 (Windows NT 10.0; Win64; x64) AppleWebKit/537.36 (KHTML, like Gecko) Chrome/140.0.0.0 Safari/537.36 OPR/124.0.0.0", 'sec-ch-ua':"\"Chromium\";v=\"140\", \"Not=A?Brand\";v=\"24\", \"Opera\";v=\"124\"", 'Content-Type':"application/x-www-form-urlencoded", 'sec-ch-ua-mobile':"?0", Accept:"*/*", Origin:"http://localhost:8081", 'Sec-Fetch-Site':"same-origin", 'Sec-Fetch-Mode':"cors", 'Sec-Fetch-Dest':"empty", Referer:"http://localhost:8081/aptana/samples/logging/index.html", 'Accept-Encoding':"gzip, deflate, br, zstd", 'Accept-Language':"en-US,en;q=0.9", Cookie:"JaxerSessionId%24%24localhost%3A8081=176589175647709027719934159097; JaxerSessionId%24%24diagnostics=1766389857171006019406608883027; JaxerSessionId%24%24chat=176650225815408013378880202926; JaxerSessionId%24%24smtp-email=1766502615487048247814800171795; JaxerSessionId%24%24rss-sample=1766502620172023884340692192807; JaxerSessionId%24%24tasks=176650262827103192941976629359; JaxerSessionId%24%24wikilite=1766502633159009874746526267386; JaxerSessionId%24%24logging=176650264152708165463317747484"}, env:{CALLBACK_URI:"/aptanaRPC", HTTP_HOST:"localhost:8081", HTTP_CONNECTION:"keep-alive", CONTENT_LENGTH:"358", HTTP_SEC_CH_UA_PLATFORM:"\"Windows\"", HTTP_X_REQUESTED_WITH:"XMLHttpRequest", HTTP_USER_AGENT:"Mozilla/5.0 (Windows NT 10.0; Win64; x64) AppleWebKit/537.36 (KHTML, like Gecko) Chrome/140.0.0.0 Safari/537.36 OPR/124.0.0.0", HTTP_SEC_CH_UA:"\"Chromium\";v=\"140\", \"Not=A?Brand\";v=\"24\", \"Opera\";v=\"124\"", HTTP_SEC_CH_UA_MOBILE:"?0", HTTP_ACCEPT:"*/*", HTTP_ORIGIN:"http://localhost:8081", HTTP_SEC_FETCH_SITE:"same-origin", HTTP_SEC_FETCH_MODE:"cors", HTTP_SEC_FETCH_DEST:"empty", HTTP_REFERER:"http://localhost:8081/aptana/samples/logging/index.html", HTTP_ACCEPT_ENCODING:"gzip, deflate, br, zstd", HTTP_ACCEPT_LANGUAGE:"en-US,en;q=0.9", HTTP_COOKIE:"JaxerSessionId%24%24localhost%3A8081=176589175647709027719934159097; JaxerSessionId%24%24diagnostics=1766389857171006019406608883027; JaxerSessionId%24%24chat=176650225815408013378880202926; JaxerSessionId%24%24smtp-email=1766502615487048247814800171795; JaxerSessionId%24%24rss-sample=1766502620172023884340692192807; JaxerSessionId%24%24tasks=176650262827103192941976629359; JaxerSessionId%24%24wikilite=1766502633159009874746526267386; JaxerSessionId%24%24logging=176650264152708165463317747484", PATH:"C:\\ProgramData\\Oracle\\Java\\javapath;C:\\Windows\\system32;C:\\Windows;C:\\Windows\\System32\\Wbem;C:\\Windows\\System32\\WindowsPowerShell\\v1.0\\;C:\\Windows\\System32\\OpenSSH\\;C:\\Users\\USER\\AppData\\Local\\nvm;C:\\nvm4w\\nodejs;C:\\Program Files\\nodejs\\;C:\\php-8.4.6;C:\\ProgramData\\ComposerSetup\\bin;C:\\Program Files (x86)\\Microsoft SQL Server\\90\\Tools\\binn\\;C:\\Program Files (x86)\\Microsoft Visual Studio 9.0\\VC;C:\\Users\\USER\\AppData\\Local\\Microsoft\\WindowsApps;C:\\Users\\USER\\AppData\\Local\\Programs\\Microsoft VS Code\\bin;C:\\Users\\USER\\AppData\\Local\\nvm;C:\\nvm4w\\nodejs;C:\\Users\\USER\\AppData\\Local\\nvm;C:\\Users\\USER\\AppData\\Roaming\\npm;C:\\Program Files\\nodejs;C:\\Program Files (x86)\\Java\\jre7\\bin;C:\\Users\\USER\\AppData\\Roaming\\Composer\\vendor\\bin;E:\\Downloaded Programs\\Java\\jdk-24\\bin;", SystemRoot:"C:\\Windows", COMSPEC:"C:\\Windows\\system32\\cmd.exe", PATHEXT:".COM;.EXE;.BAT;.CMD;.VBS;.VBE;.JS;.JSE;.WSF;.WSH;.MSC", WINDIR:"C:\\Windows", SERVER_SIGNATURE:"", SERVER_SOFTWARE:"Apache/2.4.66 (Win32) ModJaxer/1.0.3.4547", SERVER_NAME:"localhost", SERVER_ADDR:"::1", SERVER_PORT:"8081", REQUEST_SCHEME:"http", CONTEXT_PREFIX:"", CONTEXT_DOCUMENT_ROOT:"E:/Aptana Jaxer Apache/Jaxer/Apache2-4Build/public", SERVER_ADMIN:"you@example.com", SCRIPT_NAME:"/jaxer-callback", JAXER_REQ_TYPE:"1"}, current:{url:"http://localhost:8081/jaxer-callback", scheme:"http", protocol:"http", authority:"localhost:8081", path:"/jaxer-callback", query:"", fragment:"", userInfo:"", host:"localhost", port:"8081", hostAndPort:"localhost:8081", base:"http://localhost:8081", subdomain:"", domain:"localhost", pathParts:["jaxer-callback"], leaf:"jaxer-callback", queryParts:{}}, currentFolder:"E:/Aptana Jaxer Apache/Jaxer/Apache2-4Build/public", get bodyAsString () {if (_bodyAsString == undefined) {if (_request.GetRawPostDataLength() > 0) {_bodyAsString = _request.GetRawPostDataAsString();} else {_bodyAsString = "";}}return _bodyAsString;}, get contentType () {return this._request.GetRawPostDataContentType();}, get userAgent () {return this.headers['User-Agent'] || "Unknown";}, get contentLength () {return this._request.GetRawPostDataLength();}, get body () {if (_body == undefined) {_body = null;if (Config.REQUEST_BODY_AS && (typeof Config.REQUEST_BODY_AS == "object")) {var contentType = this.contentType.toLowerCase();var values = Config.REQUEST_BODY_AS;for (var mimeTypePrefix in values) {var value = values[mimeTypePrefix];if (typeof value != "string") {continue;}if (contentType.indexOf(mimeTypePrefix.toLowerCase()) == 0) {var matched;switch (value.toLowerCase()) {case "string":_body = this.bodyAsString;matched = true;break;case "bytearray":_body = this.bodyAsByteArray;matched = true;break;case "stream":_body = this.bodyAsStream;matched = true;break;default:;}if (matched) {break;}}}}}return _body;}, get bodyAsByteArray () {if (_bodyAsByteArray == undefined) {if (_request.GetRawPostDataLength() > 0) {var baval = {};_request.GetRawPostDataAsByteArray({}, baval);_bodyAsByteArray = baval.value;} else {_bodyAsByteArray = [];}}return _bodyAsByteArray;}, get bodyAsStream () {if (_bodyAsString == undefined) {if (_request.GetRawPostDataLength() > 0) {_bodyAsStream = _request.GetRawPostDataAsInputStream();} else {_bodyAsStream = "";}}return _bodyAsStream;}, data:{pageSignature:"-911974268", pageName:"localhost:8081/aptana/samples/logging/index.html", callingPage:"http://localhost:8081/aptana/samples/logging/index.html", methodName:"proxyLog", params:"[\"info\",\"this 'info' message appears in both Jaxer.Log and the Firebug console if present\"]", uid:"1766502642147_290028"}, files:[], paramIsBody:false, app:{urlTest:(function (parsedUrl) {return parsedUrl.pathParts.length > 2 && parsedUrl.pathParts[0] == "aptana" && parsedUrl.pathParts[1] == "samples";}), name:#4=(function (parsedUrl) {return parsedUrl.pathParts[2];}), appKey:#4#, pageKey:(function (parsedUrl) {return parsedUrl.hostAndPort + parsedUrl.path;}), db:(function (resolvedName, parsedUrl) {switch (Config.DEFAULT_DB.IMPLEMENTATION) {case "SQLite":return Util.extend(Config.DEFAULT_DB, {PATH: Dir.combine(Config.DEFAULT_PATH_BASE, "samples", resolvedName, resolvedName + ".sqlite")});case "MySQL":return Util.extend(Config.DEFAULT_DB, {NAME: resolvedName});default:throw new Exception("Unrecognized database implementation: " + Config.DEFAULT_DB.IMPLEMENTATION);}}), path:(function (resolvedName, parsedUrl) {return Dir.combine(Config.DEFAULT_PATH_BASE, "samples", resolvedName);}), handler:(void 0), get NAME () {return _NAME;}, get APP_KEY () {return _APP_KEY;}, get PAGE_KEY () {return _PAGE_KEY;}, get DB () {return _DB;}, get PATH () {return _PATH;}}, appKey:"logging", pageKey:"localhost:8081/aptana/samples/logging/index.html", isCallback:true, referer:#5={url:"http://localhost:8081/aptana/samples/logging/index.html", scheme:"http", protocol:"http", authority:"localhost:8081", path:"/aptana/samples/logging/index.html", query:"", fragment:"", userInfo:"", host:"localhost", port:"8081", hostAndPort:"localhost:8081", base:"http://localhost:8081", subdomain:"", domain:"localhost", pathParts:["aptana", "samples", "logging", "index.html"], leaf:"index.html", queryParts:{}}, parsedUrl:#5#, parsedUrlError:"", evaluateScript:(function evaluateScript(contents, global, effectiveUrl) {if (typeof contents != "string") {try {contents = String(contents);} catch (e) {throw new Exception("Non-string contents passed to Jaxer.Request.evaluateScript()");}}if (effectiveUrl == undefined) {effectiveUrl = "javascript:" + contents.substr(0, 60).replace(/\n/g, "\\n") + (contents.length > 60 ? "..." : "");}return _request.ExecuteJavascript(contents, effectiveUrl, global);}), compileScript:(function compileScript(contents, global, effectiveUrl) {if (typeof contents != "string") {try {contents = String(contents);} catch (e) {throw new Exception("Non-string contents passed to Jaxer.Request.compileScript()");}}if (effectiveUrl == undefined) {effectiveUrl = "javascript:" + contents.substr(0, 60).replace(/\n/g, "\\n") + (contents.length > 60 ? "..." : "");}return _request.CompileScript(contents, effectiveUrl, global);}), evaluateCompiledScript:(function evaluateCompiledScript(compiledContents, global) {if (typeof compiledContents != "string") {try {compiledContents = String(compiledContents);} catch (e) {throw new Exception("Non-string contents passed to Jaxer.Request.evaluateCompiledScript()", log);}}return _request.RunScript(compiledContents, global);})})
stack:
  ->  [ModuleLogger.js:98] trace("Received Jaxer.request: ({constructorErrors:[], _request:{}, method:\"POST\", isHandler:true, uri:\"/jaxer-callback\", protocol:\"HTTP/1.1\", remoteUser:\"\", remoteHost:\"desktop-lpv0ncp\", remoteAddr:\"::1\", pageFile:\"\", documentRoot:\"\", OS:\"WINNT\", isJaxerServer:true, isHTTPS:false, queryString:\"\", logFileNativePath:\"\", action:\"POST\", headers:{Host:\"localhost:8081\", Connection:\"keep-alive\", 'Content-Length':\"358\", 'sec-ch-ua-platform':\"\\\"Windows\\\"\", 'X-Requested-With':\"XMLHttpRequest\", 'User-Agent':\"Mozilla/5.0 (Windows NT 10.0; Win64; x64) AppleWebKit/537.36 (KHTML, like Gecko) Chrome/140.0.0.0 Safari/537.36 OPR/124.0.0.0\", 'sec-ch-ua':\"\\\"Chromium\\\";v=\\\"140\\\", \\\"Not=A?Brand\\\";v=\\\"24\\\", \\\"Opera\\\";v=\\\"124\\\"\", 'Content-Type':\"application/x-www-form-urlencoded\", 'sec-ch-ua-mobile':\"?0\", Accept:\"*/*\", Origin:\"http://localhost:8081\", 'Sec-Fetch-Site':\"same-origin\", 'Sec-Fetch-Mode':\"cors\", 'Sec-Fetch-Dest':\"empty\", Referer:\"http://localhost:8081/aptana/samples/logging/index.html\", 'Accept-Encoding':\"gzip, deflate, br, zstd\", 'Accept-Language':\"en-US,en;q=0.9\", Cookie:\"JaxerSessionId%24%24localhost%3A8081=176589175647709027719934159097; JaxerSessionId%24%24diagnostics=1766389857171006019406608883027; JaxerSessionId%24%24chat=176650225815408013378880202926; JaxerSessionId%24%24smtp-email=1766502615487048247814800171795; JaxerSessionId%24%24rss-sample=1766502620172023884340692192807; JaxerSessionId%24%24tasks=176650262827103192941976629359; JaxerSessionId%24%24wikilite=1766502633159009874746526267386; JaxerSessionId%24%24logging=176650264152708165463317747484\"}, env:{CALLBACK_URI:\"/aptanaRPC\", HTTP_HOST:\"localhost:8081\", HTTP_CONNECTION:\"keep-alive\", CONTENT_LENGTH:\"358\", HTTP_SEC_CH_UA_PLATFORM:\"\\\"Windows\\\"\", HTTP_X_REQUESTED_WITH:\"XMLHttpRequest\", HTTP_USER_AGENT:\"Mozilla/5.0 (Windows NT 10.0; Win64; x64) AppleWebKit/537.36 (KHTML, like Gecko) Chrome/140.0.0.0 Safari/537.36 OPR/124.0.0.0\", HTTP_SEC_CH_UA:\"\\\"Chromium\\\";v=\\\"140\\\", \\\"Not=A?Brand\\\";v=\\\"24\\\", \\\"Opera\\\";v=\\\"124\\\"\", HTTP_SEC_CH_UA_MOBILE:\"?0\", HTTP_ACCEPT:\"*/*\", HTTP_ORIGIN:\"http://localhost:8081\", HTTP_SEC_FETCH_SITE:\"same-origin\", HTTP_SEC_FETCH_MODE:\"cors\", HTTP_SEC_FETCH_DEST:\"empty\", HTTP_REFERER:\"http://localhost:8081/aptana/samples/logging/index.html\", HTTP_ACCEPT_ENCODING:\"gzip, deflate, br, zstd\", HTTP_ACCEPT_LANGUAGE:\"en-US,en;q=0.9\", HTTP_COOKIE:\"JaxerSessionId%24%24localhost%3A8081=176589175647709027719934159097; JaxerSessionId%24%24diagnostics=1766389857171006019406608883027; JaxerSessionId%24%24chat=176650225815408013378880202926; JaxerSessionId%24%24smtp-email=1766502615487048247814800171795; JaxerSessionId%24%24rss-sample=1766502620172023884340692192807; JaxerSessionId%24%24tasks=176650262827103192941976629359; JaxerSessionId%24%24wikilite=1766502633159009874746526267386; JaxerSessionId%24%24logging=176650264152708165463317747484\", PATH:\"C:\\\\ProgramData\\\\Oracle\\\\Java\\\\javapath;C:\\\\Windows\\\\system32;C:\\\\Windows;C:\\\\Windows\\\\System32\\\\Wbem;C:\\\\Windows\\\\System32\\\\WindowsPowerShell\\\\v1.0\\\\;C:\\\\Windows\\\\System32\\\\OpenSSH\\\\;C:\\\\Users\\\\USER\\\\AppData\\\\Local\\\\nvm;C:\\\\nvm4w\\\\nodejs;C:\\\\Program Files\\\\nodejs\\\\;C:\\\\php-8.4.6;C:\\\\ProgramData\\\\ComposerSetup\\\\bin;C:\\\\Program Files (x86)\\\\Microsoft SQL Server\\\\90\\\\Tools\\\\binn\\\\;C:\\\\Program Files (x86)\\\\Microsoft Visual Studio 9.0\\\\VC;C:\\\\Users\\\\USER\\\\AppData\\\\Local\\\\Microsoft\\\\WindowsApps;C:\\\\Users\\\\USER\\\\AppData\\\\Local\\\\Programs\\\\Microsoft VS Code\\\\bin;C:\\\\Users\\\\USER\\\\AppData\\\\Local\\\\nvm;C:\\\\nvm4w\\\\nodejs;C:\\\\Users\\\\USER\\\\AppData\\\\Local\\\\nvm;C:\\\\Users\\\\USER\\\\AppData\\\\Roaming\\\\npm;C:\\\\Program Files\\\\nodejs;C:\\\\Program Files (x86)\\\\Java\\\\jre7\\\\bin;C:\\\\Users\\\\USER\\\\AppData\\\\Roaming\\\\Composer\\\\vendor\\\\bin;E:\\\\Downloaded Programs\\\\Java\\\\jdk-24\\\\bin;\", SystemRoot:\"C:\\\\Windows\", COMSPEC:\"C:\\\\Windows\\\\system32\\\\cmd.exe\", PATHEXT:\".COM;.EXE;.BAT;.CMD;.VBS;.VBE;.JS;.JSE;.WSF;.WSH;.MSC\", WINDIR:\"C:\\\\Windows\", SERVER_SIGNATURE:\"\", SERVER_SOFTWARE:\"Apache/2.4.66 (Win32) ModJaxer/1.0.3.4547\", SERVER_NAME:\"localhost\", SERVER_ADDR:\"::1\", SERVER_PORT:\"8081\", REQUEST_SCHEME:\"http\", CONTEXT_PREFIX:\"\", CONTEXT_DOCUMENT_ROOT:\"E:/Aptana Jaxer Apache/Jaxer/Apache2-4Build/public\", SERVER_ADMIN:\"you@example.com\", SCRIPT_NAME:\"/jaxer-callback\", JAXER_REQ_TYPE:\"1\"}, current:{url:\"http://localhost:8081/jaxer-callback\", scheme:\"http\", protocol:\"http\", authority:\"localhost:8081\", path:\"/jaxer-callback\", query:\"\", fragment:\"\", userInfo:\"\", host:\"localhost\", port:\"8081\", hostAndPort:\"localhost:8081\", base:\"http://localhost:8081\", subdomain:\"\", domain:\"localhost\", pathParts:[\"jaxer-callback\"], leaf:\"jaxer-callback\", queryParts:{}}, currentFolder:\"E:/Aptana Jaxer Apache/Jaxer/Apache2-4Build/public\", get bodyAsString () {if (_bodyAsString == undefined) {if (_request.GetRawPostDataLength() > 0) {_bodyAsString = _request.GetRawPostDataAsString();} else {_bodyAsString = \"\";}}return _bodyAsString;}, get contentType () {return this._request.GetRawPostDataContentType();}, get userAgent () {return this.headers['User-Agent'] || \"Unknown\";}, get contentLength () {return this._request.GetRawPostDataLength();}, get body () {if (_body == undefined) {_body = null;if (Config.REQUEST_BODY_AS && (typeof Config.REQUEST_BODY_AS == \"object\")) {var contentType = this.contentType.toLowerCase();var values = Config.REQUEST_BODY_AS;for (var mimeTypePrefix in values) {var value = values[mimeTypePrefix];if (typeof value != \"string\") {continue;}if (contentType.indexOf(mimeTypePrefix.toLowerCase()) == 0) {var matched;switch (value.toLowerCase()) {case \"string\":_body = this.bodyAsString;matched = true;break;case \"bytearray\":_body = this.bodyAsByteArray;matched = true;break;case \"stream\":_body = this.bodyAsStream;matched = true;break;default:;}if (matched) {break;}}}}}return _body;}, get bodyAsByteArray () {if (_bodyAsByteArray == undefined) {if (_request.GetRawPostDataLength() > 0) {var baval = {};_request.GetRawPostDataAsByteArray({}, baval);_bodyAsByteArray = baval.value;} else {_bodyAsByteArray = [];}}return _bodyAsByteArray;}, get bodyAsStream () {if (_bodyAsString == undefined) {if (_request.GetRawPostDataLength() > 0) {_bodyAsStream = _request.GetRawPostDataAsInputStream();} else {_bodyAsStream = \"\";}}return _bodyAsStream;}, data:{pageSignature:\"-911974268\", pageName:\"localhost:8081/aptana/samples/logging/index.html\", callingPage:\"http://localhost:8081/aptana/samples/logging/index.html\", methodName:\"proxyLog\", params:\"[\\\"info\\\",\\\"this 'info' message appears in both Jaxer.Log and the Firebug console if present\\\"]\", uid:\"1766502642147_290028\"}, files:[], paramIsBody:false, app:{urlTest:(function (parsedUrl) {return parsedUrl.pathParts.length > 2 && parsedUrl.pathParts[0] == \"aptana\" && parsedUrl.pathParts[1] == \"samples\";}), name:#4=(function (parsedUrl) {return parsedUrl.pathParts[2];}), appKey:#4#, pageKey:(function (parsedUrl) {return parsedUrl.hostAndPort + parsedUrl.path;}), db:(function (resolvedName, parsedUrl) {switch (Config.DEFAULT_DB.IMPLEMENTATION) {case \"SQLite\":return Util.extend(Config.DEFAULT_DB, {PATH: Dir.combine(Config.DEFAULT_PATH_BASE, \"samples\", resolvedName, resolvedName + \".sqlite\")});case \"MySQL\":return Util.extend(Config.DEFAULT_DB, {NAME: resolvedName});default:throw new Exception(\"Unrecognized database implementation: \" + Config.DEFAULT_DB.IMPLEMENTATION);}}), path:(function (resolvedName, parsedUrl) {return Dir.combine(Config.DEFAULT_PATH_BASE, \"samples\", resolvedName);}), handler:(void 0), get NAME () {return _NAME;}, get APP_KEY () {return _APP_KEY;}, get PAGE_KEY () {return _PAGE_KEY;}, get DB () {return _DB;}, get PATH () {return _PATH;}}, appKey:\"logging\", pageKey:\"localhost:8081/aptana/samples/logging/index.html\", isCallback:true, referer:#5={url:\"http://localhost:8081/aptana/samples/logging/index.html\", scheme:\"http\", protocol:\"http\", authority:\"localhost:8081\", path:\"/aptana/samples/logging/index.html\", query:\"\", fragment:\"\", userInfo:\"\", host:\"localhost\", port:\"8081\", hostAndPort:\"localhost:8081\", base:\"http://localhost:8081\", subdomain:\"\", domain:\"localhost\", pathParts:[\"aptana\", \"samples\", \"logging\", \"index.html\"], leaf:\"index.html\", queryParts:{}}, parsedUrl:#5#, parsedUrlError:\"\", evaluateScript:(function evaluateScript(contents, global, effectiveUrl) {if (typeof contents != \"string\") {try {contents = String(contents);} catch (e) {throw new Exception(\"Non-string contents passed to Jaxer.Request.evaluateScript()\");}}if (effectiveUrl == undefined) {effectiveUrl = \"javascript:\" + contents.substr(0, 60).replace(/\\n/g, \"\\\\n\") + (contents.length > 60 ? \"...\" : \"\");}return _request.ExecuteJavascript(contents, effectiveUrl, global);}), compileScript:(function compileScript(contents, global, effectiveUrl) {if (typeof contents != \"string\") {try {contents = String(contents);} catch (e) {throw new Exception(\"Non-string contents passed to Jaxer.Request.compileScript()\");}}if (effectiveUrl == undefined) {effectiveUrl = \"javascript:\" + contents.substr(0, 60).replace(/\\n/g, \"\\\\n\") + (contents.length > 60 ? \"...\" : \"\");}return _request.CompileScript(contents, effectiveUrl, global);}), evaluateCompiledScript:(function evaluateCompiledScript(compiledContents, global) {if (typeof compiledContents != \"string\") {try {compiledContents = String(compiledContents);} catch (e) {throw new Exception(\"Non-string contents passed to Jaxer.Request.evaluateCompiledScript()\", log);}}return _request.RunScript(compiledContents, global);})})")
  ->  [HandleCallback.js:85] onHandleCallback([object XPCWrappedNative_NoHelper],[object HTMLDocument])
  ->  [CoreEvents.js:293] fireEvent("HANDLE_CALLBACK",[object Array])
  ->  [CoreEvents.js:220] fire("PARSE_COMPLETE",[object XPCWrappedNative_NoHelper],[object HTMLDocument])
  ->  [aptEventHandler.js:337] observe([object XPCWrappedNative_NoHelper],"jaxerEvent.HTMLParseComplete",null)
paths:
  -> file:///E:/Aptana%20Jaxer%20Apache/Jaxer/Apache2-4Build/jaxer/framework/src/ModuleLogger.js
  -> file:///E:/Aptana%20Jaxer%20Apache/Jaxer/Apache2-4Build/jaxer/framework/src/HandleCallback.js
  -> file:///E:/Aptana%20Jaxer%20Apache/Jaxer/Apache2-4Build/jaxer/framework/src/CoreEvents.js
  -> file:///E:/Aptana%20Jaxer%20Apache/Jaxer/Apache2-4Build/jaxer/components/aptEventHandler.js

01:10:42 12/24/2025 [ 32928] [TRACE] [JS Framework] [DB.SQLite.execute] Starting execute
stack:
  ->  [ModuleLogger.js:98] trace("Starting execute")
  ->  [DB_SQLite.js:302] execute("SELECT document_root, page_file, access_count FROM callback_page WHERE name=? AND crc32=?",[object Array])
  ->  [DB.js:181] anonymous("SELECT document_root, page_file, access_count FROM callback_page WHERE name=? AND crc32=?",[object Array])
  ->  [HandleCallback.js:151] onHandleCallback([object XPCWrappedNative_NoHelper],[object HTMLDocument])
  ->  [CoreEvents.js:293] fireEvent("HANDLE_CALLBACK",[object Array])
  ->  [CoreEvents.js:220] fire("PARSE_COMPLETE",[object XPCWrappedNative_NoHelper],[object HTMLDocument])
  ->  [aptEventHandler.js:337] observe([object XPCWrappedNative_NoHelper],"jaxerEvent.HTMLParseComplete",null)
paths:
  -> file:///E:/Aptana%20Jaxer%20Apache/Jaxer/Apache2-4Build/jaxer/framework/src/ModuleLogger.js
  -> file:///E:/Aptana%20Jaxer%20Apache/Jaxer/Apache2-4Build/jaxer/framework/src/DB_SQLite.js
  -> file:///E:/Aptana%20Jaxer%20Apache/Jaxer/Apache2-4Build/jaxer/framework/src/DB.js
  -> file:///E:/Aptana%20Jaxer%20Apache/Jaxer/Apache2-4Build/jaxer/framework/src/HandleCallback.js
  -> file:///E:/Aptana%20Jaxer%20Apache/Jaxer/Apache2-4Build/jaxer/framework/src/CoreEvents.js
  -> file:///E:/Aptana%20Jaxer%20Apache/Jaxer/Apache2-4Build/jaxer/components/aptEventHandler.js

01:10:42 12/24/2025 [ 32928] [DEBUG] [JS Framework] [DB.SQLite.open] Opening connection to database: E:\Aptana Jaxer Apache\Jaxer\Apache2-4Build\jaxer\..\local_jaxer\conf\..\data\frameworkdata.sqlite
stack:
  ->  [ModuleLogger.js:98] debug("Opening connection to database: E:\\Aptana Jaxer Apache\\Jaxer\\Apache2-4Build\\jaxer\\..\\local_jaxer\\conf\\..\\data\\frameworkdata.sqlite")
  ->  [DB_SQLite.js:212] open()
  ->  [DB_SQLite.js:306] execute("SELECT document_root, page_file, access_count FROM callback_page WHERE name=? AND crc32=?",[object Array])
  ->  [DB.js:181] anonymous("SELECT document_root, page_file, access_count FROM callback_page WHERE name=? AND crc32=?",[object Array])
  ->  [HandleCallback.js:151] onHandleCallback([object XPCWrappedNative_NoHelper],[object HTMLDocument])
  ->  [CoreEvents.js:293] fireEvent("HANDLE_CALLBACK",[object Array])
  ->  [CoreEvents.js:220] fire("PARSE_COMPLETE",[object XPCWrappedNative_NoHelper],[object HTMLDocument])
  ->  [aptEventHandler.js:337] observe([object XPCWrappedNative_NoHelper],"jaxerEvent.HTMLParseComplete",null)
paths:
  -> file:///E:/Aptana%20Jaxer%20Apache/Jaxer/Apache2-4Build/jaxer/framework/src/ModuleLogger.js
  -> file:///E:/Aptana%20Jaxer%20Apache/Jaxer/Apache2-4Build/jaxer/framework/src/DB_SQLite.js
  -> file:///E:/Aptana%20Jaxer%20Apache/Jaxer/Apache2-4Build/jaxer/framework/src/DB.js
  -> file:///E:/Aptana%20Jaxer%20Apache/Jaxer/Apache2-4Build/jaxer/framework/src/HandleCallback.js
  -> file:///E:/Aptana%20Jaxer%20Apache/Jaxer/Apache2-4Build/jaxer/framework/src/CoreEvents.js
  -> file:///E:/Aptana%20Jaxer%20Apache/Jaxer/Apache2-4Build/jaxer/components/aptEventHandler.js

01:10:42 12/24/2025 [ 32928] [TRACE] [JS Framework] [DB.SQLite.open] Tried 1 time(s) in 1 ms to open connection to SQLite database file E:\Aptana Jaxer Apache\Jaxer\Apache2-4Build\jaxer\..\local_jaxer\conf\..\data\frameworkdata.sqlite
stack:
  ->  [ModuleLogger.js:98] trace("Tried 1 time(s) in 1 ms to open connection to SQLite database file E:\\Aptana Jaxer Apache\\Jaxer\\Apache2-4Build\\jaxer\\..\\local_jaxer\\conf\\..\\data\\frameworkdata.sqlite")
  ->  [DB_SQLite.js:266] open()
  ->  [DB_SQLite.js:306] execute("SELECT document_root, page_file, access_count FROM callback_page WHERE name=? AND crc32=?",[object Array])
  ->  [DB.js:181] anonymous("SELECT document_root, page_file, access_count FROM callback_page WHERE name=? AND crc32=?",[object Array])
  ->  [HandleCallback.js:151] onHandleCallback([object XPCWrappedNative_NoHelper],[object HTMLDocument])
  ->  [CoreEvents.js:293] fireEvent("HANDLE_CALLBACK",[object Array])
  ->  [CoreEvents.js:220] fire("PARSE_COMPLETE",[object XPCWrappedNative_NoHelper],[object HTMLDocument])
  ->  [aptEventHandler.js:337] observe([object XPCWrappedNative_NoHelper],"jaxerEvent.HTMLParseComplete",null)
paths:
  -> file:///E:/Aptana%20Jaxer%20Apache/Jaxer/Apache2-4Build/jaxer/framework/src/ModuleLogger.js
  -> file:///E:/Aptana%20Jaxer%20Apache/Jaxer/Apache2-4Build/jaxer/framework/src/DB_SQLite.js
  -> file:///E:/Aptana%20Jaxer%20Apache/Jaxer/Apache2-4Build/jaxer/framework/src/DB.js
  -> file:///E:/Aptana%20Jaxer%20Apache/Jaxer/Apache2-4Build/jaxer/framework/src/HandleCallback.js
  -> file:///E:/Aptana%20Jaxer%20Apache/Jaxer/Apache2-4Build/jaxer/framework/src/CoreEvents.js
  -> file:///E:/Aptana%20Jaxer%20Apache/Jaxer/Apache2-4Build/jaxer/components/aptEventHandler.js

01:10:42 12/24/2025 [ 32928] [DEBUG] [JS Framework] [DB.SQLite.open] Opened
stack:
  ->  [ModuleLogger.js:98] debug("Opened")
  ->  [DB_SQLite.js:268] open()
  ->  [DB_SQLite.js:306] execute("SELECT document_root, page_file, access_count FROM callback_page WHERE name=? AND crc32=?",[object Array])
  ->  [DB.js:181] anonymous("SELECT document_root, page_file, access_count FROM callback_page WHERE name=? AND crc32=?",[object Array])
  ->  [HandleCallback.js:151] onHandleCallback([object XPCWrappedNative_NoHelper],[object HTMLDocument])
  ->  [CoreEvents.js:293] fireEvent("HANDLE_CALLBACK",[object Array])
  ->  [CoreEvents.js:220] fire("PARSE_COMPLETE",[object XPCWrappedNative_NoHelper],[object HTMLDocument])
  ->  [aptEventHandler.js:337] observe([object XPCWrappedNative_NoHelper],"jaxerEvent.HTMLParseComplete",null)
paths:
  -> file:///E:/Aptana%20Jaxer%20Apache/Jaxer/Apache2-4Build/jaxer/framework/src/ModuleLogger.js
  -> file:///E:/Aptana%20Jaxer%20Apache/Jaxer/Apache2-4Build/jaxer/framework/src/DB_SQLite.js
  -> file:///E:/Aptana%20Jaxer%20Apache/Jaxer/Apache2-4Build/jaxer/framework/src/DB.js
  -> file:///E:/Aptana%20Jaxer%20Apache/Jaxer/Apache2-4Build/jaxer/framework/src/HandleCallback.js
  -> file:///E:/Aptana%20Jaxer%20Apache/Jaxer/Apache2-4Build/jaxer/framework/src/CoreEvents.js
  -> file:///E:/Aptana%20Jaxer%20Apache/Jaxer/Apache2-4Build/jaxer/components/aptEventHandler.js

01:10:42 12/24/2025 [ 32928] [TRACE] [JS Framework] [DB.SQLite.bindAndExecute] Binding statement SELECT document_root, page_file, access_count FROM callback_page WHERE name=? AND crc32=?
with params: localhost:8081/aptana/samples/logging/index.html,-911974268
stack:
  ->  [ModuleLogger.js:98] trace("Binding statement SELECT document_root, page_file, access_count FROM callback_page WHERE name=? AND crc32=?\nwith params: localhost:8081/aptana/samples/logging/index.html,-911974268")
  ->  [DB_SQLite.js:512] bindAndExecute([object Object],[object XPCWrappedNative_NoHelper],"SELECT document_root, page_file, access_count FROM callback_page WHERE name=? AND crc32=?",[object Array],null,[object Object])
  ->  [DB_SQLite.js:464] executeOneWithStatement([object Array],0,[object Array])
  ->  [DB_SQLite.js:456] executeWithStatement([object Object],"SELECT document_root, page_file, access_count FROM callback_page WHERE name=? AND crc32=?",[object Array],[object Object])
  ->  [DB_SQLite.js:312] execute("SELECT document_root, page_file, access_count FROM callback_page WHERE name=? AND crc32=?",[object Array])
  ->  [DB.js:181] anonymous("SELECT document_root, page_file, access_count FROM callback_page WHERE name=? AND crc32=?",[object Array])
  ->  [HandleCallback.js:151] onHandleCallback([object XPCWrappedNative_NoHelper],[object HTMLDocument])
  ->  [CoreEvents.js:293] fireEvent("HANDLE_CALLBACK",[object Array])
  ->  [CoreEvents.js:220] fire("PARSE_COMPLETE",[object XPCWrappedNative_NoHelper],[object HTMLDocument])
  ->  [aptEventHandler.js:337] observe([object XPCWrappedNative_NoHelper],"jaxerEvent.HTMLParseComplete",null)
paths:
  -> file:///E:/Aptana%20Jaxer%20Apache/Jaxer/Apache2-4Build/jaxer/framework/src/ModuleLogger.js
  -> file:///E:/Aptana%20Jaxer%20Apache/Jaxer/Apache2-4Build/jaxer/framework/src/DB_SQLite.js
  -> file:///E:/Aptana%20Jaxer%20Apache/Jaxer/Apache2-4Build/jaxer/framework/src/DB.js
  -> file:///E:/Aptana%20Jaxer%20Apache/Jaxer/Apache2-4Build/jaxer/framework/src/HandleCallback.js
  -> file:///E:/Aptana%20Jaxer%20Apache/Jaxer/Apache2-4Build/jaxer/framework/src/CoreEvents.js
  -> file:///E:/Aptana%20Jaxer%20Apache/Jaxer/Apache2-4Build/jaxer/components/aptEventHandler.js

01:10:42 12/24/2025 [ 32928] [TRACE] [JS Framework] [DB.SQLite.bindAndExecute] Tried 1 time(s) in 0 ms to execute statement on SQLite database file E:\Aptana Jaxer Apache\Jaxer\Apache2-4Build\jaxer\..\local_jaxer\conf\..\data\frameworkdata.sqlite
stack:
  ->  [ModuleLogger.js:98] trace("Tried 1 time(s) in 0 ms to execute statement on SQLite database file E:\\Aptana Jaxer Apache\\Jaxer\\Apache2-4Build\\jaxer\\..\\local_jaxer\\conf\\..\\data\\frameworkdata.sqlite")
  ->  [DB_SQLite.js:606] bindAndExecute([object Object],[object XPCWrappedNative_NoHelper],"SELECT document_root, page_file, access_count FROM callback_page WHERE name=? AND crc32=?",[object Array],null,[object Object])
  ->  [DB_SQLite.js:464] executeOneWithStatement([object Array],0,[object Array])
  ->  [DB_SQLite.js:456] executeWithStatement([object Object],"SELECT document_root, page_file, access_count FROM callback_page WHERE name=? AND crc32=?",[object Array],[object Object])
  ->  [DB_SQLite.js:312] execute("SELECT document_root, page_file, access_count FROM callback_page WHERE name=? AND crc32=?",[object Array])
  ->  [DB.js:181] anonymous("SELECT document_root, page_file, access_count FROM callback_page WHERE name=? AND crc32=?",[object Array])
  ->  [HandleCallback.js:151] onHandleCallback([object XPCWrappedNative_NoHelper],[object HTMLDocument])
  ->  [CoreEvents.js:293] fireEvent("HANDLE_CALLBACK",[object Array])
  ->  [CoreEvents.js:220] fire("PARSE_COMPLETE",[object XPCWrappedNative_NoHelper],[object HTMLDocument])
  ->  [aptEventHandler.js:337] observe([object XPCWrappedNative_NoHelper],"jaxerEvent.HTMLParseComplete",null)
paths:
  -> file:///E:/Aptana%20Jaxer%20Apache/Jaxer/Apache2-4Build/jaxer/framework/src/ModuleLogger.js
  -> file:///E:/Aptana%20Jaxer%20Apache/Jaxer/Apache2-4Build/jaxer/framework/src/DB_SQLite.js
  -> file:///E:/Aptana%20Jaxer%20Apache/Jaxer/Apache2-4Build/jaxer/framework/src/DB.js
  -> file:///E:/Aptana%20Jaxer%20Apache/Jaxer/Apache2-4Build/jaxer/framework/src/HandleCallback.js
  -> file:///E:/Aptana%20Jaxer%20Apache/Jaxer/Apache2-4Build/jaxer/framework/src/CoreEvents.js
  -> file:///E:/Aptana%20Jaxer%20Apache/Jaxer/Apache2-4Build/jaxer/components/aptEventHandler.js

01:10:42 12/24/2025 [ 32928] [TRACE] [JS Framework] [DB.SQLite.bindAndExecute] Populating resultSet
stack:
  ->  [ModuleLogger.js:98] trace("Populating resultSet")
  ->  [DB_SQLite.js:624] bindAndExecute([object Object],[object XPCWrappedNative_NoHelper],"SELECT document_root, page_file, access_count FROM callback_page WHERE name=? AND crc32=?",[object Array],[object Object],[object Object])
  ->  [DB_SQLite.js:464] executeOneWithStatement([object Array],0,[object Array])
  ->  [DB_SQLite.js:456] executeWithStatement([object Object],"SELECT document_root, page_file, access_count FROM callback_page WHERE name=? AND crc32=?",[object Array],[object Object])
  ->  [DB_SQLite.js:312] execute("SELECT document_root, page_file, access_count FROM callback_page WHERE name=? AND crc32=?",[object Array])
  ->  [DB.js:181] anonymous("SELECT document_root, page_file, access_count FROM callback_page WHERE name=? AND crc32=?",[object Array])
  ->  [HandleCallback.js:151] onHandleCallback([object XPCWrappedNative_NoHelper],[object HTMLDocument])
  ->  [CoreEvents.js:293] fireEvent("HANDLE_CALLBACK",[object Array])
  ->  [CoreEvents.js:220] fire("PARSE_COMPLETE",[object XPCWrappedNative_NoHelper],[object HTMLDocument])
  ->  [aptEventHandler.js:337] observe([object XPCWrappedNative_NoHelper],"jaxerEvent.HTMLParseComplete",null)
paths:
  -> file:///E:/Aptana%20Jaxer%20Apache/Jaxer/Apache2-4Build/jaxer/framework/src/ModuleLogger.js
  -> file:///E:/Aptana%20Jaxer%20Apache/Jaxer/Apache2-4Build/jaxer/framework/src/DB_SQLite.js
  -> file:///E:/Aptana%20Jaxer%20Apache/Jaxer/Apache2-4Build/jaxer/framework/src/DB.js
  -> file:///E:/Aptana%20Jaxer%20Apache/Jaxer/Apache2-4Build/jaxer/framework/src/HandleCallback.js
  -> file:///E:/Aptana%20Jaxer%20Apache/Jaxer/Apache2-4Build/jaxer/framework/src/CoreEvents.js
  -> file:///E:/Aptana%20Jaxer%20Apache/Jaxer/Apache2-4Build/jaxer/components/aptEventHandler.js

01:10:42 12/24/2025 [ 32928] [TRACE] [JS Framework] [DB.SQLite.bindAndExecute] Column 0: document_root
stack:
  ->  [ModuleLogger.js:98] trace("Column 0: document_root")
  ->  [DB_SQLite.js:627] bindAndExecute([object Object],[object XPCWrappedNative_NoHelper],"SELECT document_root, page_file, access_count FROM callback_page WHERE name=? AND crc32=?",[object Array],[object Object],[object Object])
  ->  [DB_SQLite.js:464] executeOneWithStatement([object Array],0,[object Array])
  ->  [DB_SQLite.js:456] executeWithStatement([object Object],"SELECT document_root, page_file, access_count FROM callback_page WHERE name=? AND crc32=?",[object Array],[object Object])
  ->  [DB_SQLite.js:312] execute("SELECT document_root, page_file, access_count FROM callback_page WHERE name=? AND crc32=?",[object Array])
  ->  [DB.js:181] anonymous("SELECT document_root, page_file, access_count FROM callback_page WHERE name=? AND crc32=?",[object Array])
  ->  [HandleCallback.js:151] onHandleCallback([object XPCWrappedNative_NoHelper],[object HTMLDocument])
  ->  [CoreEvents.js:293] fireEvent("HANDLE_CALLBACK",[object Array])
  ->  [CoreEvents.js:220] fire("PARSE_COMPLETE",[object XPCWrappedNative_NoHelper],[object HTMLDocument])
  ->  [aptEventHandler.js:337] observe([object XPCWrappedNative_NoHelper],"jaxerEvent.HTMLParseComplete",null)
paths:
  -> file:///E:/Aptana%20Jaxer%20Apache/Jaxer/Apache2-4Build/jaxer/framework/src/ModuleLogger.js
  -> file:///E:/Aptana%20Jaxer%20Apache/Jaxer/Apache2-4Build/jaxer/framework/src/DB_SQLite.js
  -> file:///E:/Aptana%20Jaxer%20Apache/Jaxer/Apache2-4Build/jaxer/framework/src/DB.js
  -> file:///E:/Aptana%20Jaxer%20Apache/Jaxer/Apache2-4Build/jaxer/framework/src/HandleCallback.js
  -> file:///E:/Aptana%20Jaxer%20Apache/Jaxer/Apache2-4Build/jaxer/framework/src/CoreEvents.js
  -> file:///E:/Aptana%20Jaxer%20Apache/Jaxer/Apache2-4Build/jaxer/components/aptEventHandler.js

01:10:42 12/24/2025 [ 32928] [TRACE] [JS Framework] [DB.SQLite.bindAndExecute] Column 1: page_file
stack:
  ->  [ModuleLogger.js:98] trace("Column 1: page_file")
  ->  [DB_SQLite.js:627] bindAndExecute([object Object],[object XPCWrappedNative_NoHelper],"SELECT document_root, page_file, access_count FROM callback_page WHERE name=? AND crc32=?",[object Array],[object Object],[object Object])
  ->  [DB_SQLite.js:464] executeOneWithStatement([object Array],0,[object Array])
  ->  [DB_SQLite.js:456] executeWithStatement([object Object],"SELECT document_root, page_file, access_count FROM callback_page WHERE name=? AND crc32=?",[object Array],[object Object])
  ->  [DB_SQLite.js:312] execute("SELECT document_root, page_file, access_count FROM callback_page WHERE name=? AND crc32=?",[object Array])
  ->  [DB.js:181] anonymous("SELECT document_root, page_file, access_count FROM callback_page WHERE name=? AND crc32=?",[object Array])
  ->  [HandleCallback.js:151] onHandleCallback([object XPCWrappedNative_NoHelper],[object HTMLDocument])
  ->  [CoreEvents.js:293] fireEvent("HANDLE_CALLBACK",[object Array])
  ->  [CoreEvents.js:220] fire("PARSE_COMPLETE",[object XPCWrappedNative_NoHelper],[object HTMLDocument])
  ->  [aptEventHandler.js:337] observe([object XPCWrappedNative_NoHelper],"jaxerEvent.HTMLParseComplete",null)
paths:
  -> file:///E:/Aptana%20Jaxer%20Apache/Jaxer/Apache2-4Build/jaxer/framework/src/ModuleLogger.js
  -> file:///E:/Aptana%20Jaxer%20Apache/Jaxer/Apache2-4Build/jaxer/framework/src/DB_SQLite.js
  -> file:///E:/Aptana%20Jaxer%20Apache/Jaxer/Apache2-4Build/jaxer/framework/src/DB.js
  -> file:///E:/Aptana%20Jaxer%20Apache/Jaxer/Apache2-4Build/jaxer/framework/src/HandleCallback.js
  -> file:///E:/Aptana%20Jaxer%20Apache/Jaxer/Apache2-4Build/jaxer/framework/src/CoreEvents.js
  -> file:///E:/Aptana%20Jaxer%20Apache/Jaxer/Apache2-4Build/jaxer/components/aptEventHandler.js

01:10:42 12/24/2025 [ 32928] [TRACE] [JS Framework] [DB.SQLite.bindAndExecute] Column 2: access_count
stack:
  ->  [ModuleLogger.js:98] trace("Column 2: access_count")
  ->  [DB_SQLite.js:627] bindAndExecute([object Object],[object XPCWrappedNative_NoHelper],"SELECT document_root, page_file, access_count FROM callback_page WHERE name=? AND crc32=?",[object Array],[object Object],[object Object])
  ->  [DB_SQLite.js:464] executeOneWithStatement([object Array],0,[object Array])
  ->  [DB_SQLite.js:456] executeWithStatement([object Object],"SELECT document_root, page_file, access_count FROM callback_page WHERE name=? AND crc32=?",[object Array],[object Object])
  ->  [DB_SQLite.js:312] execute("SELECT document_root, page_file, access_count FROM callback_page WHERE name=? AND crc32=?",[object Array])
  ->  [DB.js:181] anonymous("SELECT document_root, page_file, access_count FROM callback_page WHERE name=? AND crc32=?",[object Array])
  ->  [HandleCallback.js:151] onHandleCallback([object XPCWrappedNative_NoHelper],[object HTMLDocument])
  ->  [CoreEvents.js:293] fireEvent("HANDLE_CALLBACK",[object Array])
  ->  [CoreEvents.js:220] fire("PARSE_COMPLETE",[object XPCWrappedNative_NoHelper],[object HTMLDocument])
  ->  [aptEventHandler.js:337] observe([object XPCWrappedNative_NoHelper],"jaxerEvent.HTMLParseComplete",null)
paths:
  -> file:///E:/Aptana%20Jaxer%20Apache/Jaxer/Apache2-4Build/jaxer/framework/src/ModuleLogger.js
  -> file:///E:/Aptana%20Jaxer%20Apache/Jaxer/Apache2-4Build/jaxer/framework/src/DB_SQLite.js
  -> file:///E:/Aptana%20Jaxer%20Apache/Jaxer/Apache2-4Build/jaxer/framework/src/DB.js
  -> file:///E:/Aptana%20Jaxer%20Apache/Jaxer/Apache2-4Build/jaxer/framework/src/HandleCallback.js
  -> file:///E:/Aptana%20Jaxer%20Apache/Jaxer/Apache2-4Build/jaxer/framework/src/CoreEvents.js
  -> file:///E:/Aptana%20Jaxer%20Apache/Jaxer/Apache2-4Build/jaxer/components/aptEventHandler.js

01:10:42 12/24/2025 [ 32928] [TRACE] [JS Framework] [DB.SQLite.bindAndExecute] Tried 1 time(s) in 5 ms to execute statement on SQLite database file E:\Aptana Jaxer Apache\Jaxer\Apache2-4Build\jaxer\..\local_jaxer\conf\..\data\frameworkdata.sqlite
stack:
  ->  [ModuleLogger.js:98] trace("Tried 1 time(s) in 5 ms to execute statement on SQLite database file E:\\Aptana Jaxer Apache\\Jaxer\\Apache2-4Build\\jaxer\\..\\local_jaxer\\conf\\..\\data\\frameworkdata.sqlite")
  ->  [DB_SQLite.js:606] bindAndExecute([object Object],[object XPCWrappedNative_NoHelper],"SELECT document_root, page_file, access_count FROM callback_page WHERE name=? AND crc32=?",[object Array],[object Object],[object Object])
  ->  [DB_SQLite.js:464] executeOneWithStatement([object Array],0,[object Array])
  ->  [DB_SQLite.js:456] executeWithStatement([object Object],"SELECT document_root, page_file, access_count FROM callback_page WHERE name=? AND crc32=?",[object Array],[object Object])
  ->  [DB_SQLite.js:312] execute("SELECT document_root, page_file, access_count FROM callback_page WHERE name=? AND crc32=?",[object Array])
  ->  [DB.js:181] anonymous("SELECT document_root, page_file, access_count FROM callback_page WHERE name=? AND crc32=?",[object Array])
  ->  [HandleCallback.js:151] onHandleCallback([object XPCWrappedNative_NoHelper],[object HTMLDocument])
  ->  [CoreEvents.js:293] fireEvent("HANDLE_CALLBACK",[object Array])
  ->  [CoreEvents.js:220] fire("PARSE_COMPLETE",[object XPCWrappedNative_NoHelper],[object HTMLDocument])
  ->  [aptEventHandler.js:337] observe([object XPCWrappedNative_NoHelper],"jaxerEvent.HTMLParseComplete",null)
paths:
  -> file:///E:/Aptana%20Jaxer%20Apache/Jaxer/Apache2-4Build/jaxer/framework/src/ModuleLogger.js
  -> file:///E:/Aptana%20Jaxer%20Apache/Jaxer/Apache2-4Build/jaxer/framework/src/DB_SQLite.js
  -> file:///E:/Aptana%20Jaxer%20Apache/Jaxer/Apache2-4Build/jaxer/framework/src/DB.js
  -> file:///E:/Aptana%20Jaxer%20Apache/Jaxer/Apache2-4Build/jaxer/framework/src/HandleCallback.js
  -> file:///E:/Aptana%20Jaxer%20Apache/Jaxer/Apache2-4Build/jaxer/framework/src/CoreEvents.js
  -> file:///E:/Aptana%20Jaxer%20Apache/Jaxer/Apache2-4Build/jaxer/components/aptEventHandler.js

01:10:42 12/24/2025 [ 32928] [TRACE] [JS Framework] [DB.SQLite.executeWithStatement] Closing statement
stack:
  ->  [ModuleLogger.js:98] trace("Closing statement")
  ->  [DB_SQLite.js:484] executeWithStatement([object Object],"SELECT document_root, page_file, access_count FROM callback_page WHERE name=? AND crc32=?",[object Array],[object Object])
  ->  [DB_SQLite.js:312] execute("SELECT document_root, page_file, access_count FROM callback_page WHERE name=? AND crc32=?",[object Array])
  ->  [DB.js:181] anonymous("SELECT document_root, page_file, access_count FROM callback_page WHERE name=? AND crc32=?",[object Array])
  ->  [HandleCallback.js:151] onHandleCallback([object XPCWrappedNative_NoHelper],[object HTMLDocument])
  ->  [CoreEvents.js:293] fireEvent("HANDLE_CALLBACK",[object Array])
  ->  [CoreEvents.js:220] fire("PARSE_COMPLETE",[object XPCWrappedNative_NoHelper],[object HTMLDocument])
  ->  [aptEventHandler.js:337] observe([object XPCWrappedNative_NoHelper],"jaxerEvent.HTMLParseComplete",null)
paths:
  -> file:///E:/Aptana%20Jaxer%20Apache/Jaxer/Apache2-4Build/jaxer/framework/src/ModuleLogger.js
  -> file:///E:/Aptana%20Jaxer%20Apache/Jaxer/Apache2-4Build/jaxer/framework/src/DB_SQLite.js
  -> file:///E:/Aptana%20Jaxer%20Apache/Jaxer/Apache2-4Build/jaxer/framework/src/DB.js
  -> file:///E:/Aptana%20Jaxer%20Apache/Jaxer/Apache2-4Build/jaxer/framework/src/HandleCallback.js
  -> file:///E:/Aptana%20Jaxer%20Apache/Jaxer/Apache2-4Build/jaxer/framework/src/CoreEvents.js
  -> file:///E:/Aptana%20Jaxer%20Apache/Jaxer/Apache2-4Build/jaxer/components/aptEventHandler.js

01:10:42 12/24/2025 [ 32928] [TRACE] [JS Framework] [DB.SQLite.executeWithStatement] Resetting and finalizing statement
stack:
  ->  [ModuleLogger.js:98] trace("Resetting and finalizing statement")
  ->  [DB_SQLite.js:487] executeWithStatement([object Object],"SELECT document_root, page_file, access_count FROM callback_page WHERE name=? AND crc32=?",[object Array],[object Object])
  ->  [DB_SQLite.js:312] execute("SELECT document_root, page_file, access_count FROM callback_page WHERE name=? AND crc32=?",[object Array])
  ->  [DB.js:181] anonymous("SELECT document_root, page_file, access_count FROM callback_page WHERE name=? AND crc32=?",[object Array])
  ->  [HandleCallback.js:151] onHandleCallback([object XPCWrappedNative_NoHelper],[object HTMLDocument])
  ->  [CoreEvents.js:293] fireEvent("HANDLE_CALLBACK",[object Array])
  ->  [CoreEvents.js:220] fire("PARSE_COMPLETE",[object XPCWrappedNative_NoHelper],[object HTMLDocument])
  ->  [aptEventHandler.js:337] observe([object XPCWrappedNative_NoHelper],"jaxerEvent.HTMLParseComplete",null)
paths:
  -> file:///E:/Aptana%20Jaxer%20Apache/Jaxer/Apache2-4Build/jaxer/framework/src/ModuleLogger.js
  -> file:///E:/Aptana%20Jaxer%20Apache/Jaxer/Apache2-4Build/jaxer/framework/src/DB_SQLite.js
  -> file:///E:/Aptana%20Jaxer%20Apache/Jaxer/Apache2-4Build/jaxer/framework/src/DB.js
  -> file:///E:/Aptana%20Jaxer%20Apache/Jaxer/Apache2-4Build/jaxer/framework/src/HandleCallback.js
  -> file:///E:/Aptana%20Jaxer%20Apache/Jaxer/Apache2-4Build/jaxer/framework/src/CoreEvents.js
  -> file:///E:/Aptana%20Jaxer%20Apache/Jaxer/Apache2-4Build/jaxer/components/aptEventHandler.js

01:10:42 12/24/2025 [ 32928] [TRACE] [JS Framework] [DB.SQLite.execute] Populated resultSet with 1 rows of 3 columns
stack:
  ->  [ModuleLogger.js:98] trace("Populated resultSet with 1 rows of 3 columns")
  ->  [DB_SQLite.js:315] execute("SELECT document_root, page_file, access_count FROM callback_page WHERE name=? AND crc32=?",[object Array])
  ->  [DB.js:181] anonymous("SELECT document_root, page_file, access_count FROM callback_page WHERE name=? AND crc32=?",[object Array])
  ->  [HandleCallback.js:151] onHandleCallback([object XPCWrappedNative_NoHelper],[object HTMLDocument])
  ->  [CoreEvents.js:293] fireEvent("HANDLE_CALLBACK",[object Array])
  ->  [CoreEvents.js:220] fire("PARSE_COMPLETE",[object XPCWrappedNative_NoHelper],[object HTMLDocument])
  ->  [aptEventHandler.js:337] observe([object XPCWrappedNative_NoHelper],"jaxerEvent.HTMLParseComplete",null)
paths:
  -> file:///E:/Aptana%20Jaxer%20Apache/Jaxer/Apache2-4Build/jaxer/framework/src/ModuleLogger.js
  -> file:///E:/Aptana%20Jaxer%20Apache/Jaxer/Apache2-4Build/jaxer/framework/src/DB_SQLite.js
  -> file:///E:/Aptana%20Jaxer%20Apache/Jaxer/Apache2-4Build/jaxer/framework/src/DB.js
  -> file:///E:/Aptana%20Jaxer%20Apache/Jaxer/Apache2-4Build/jaxer/framework/src/HandleCallback.js
  -> file:///E:/Aptana%20Jaxer%20Apache/Jaxer/Apache2-4Build/jaxer/framework/src/CoreEvents.js
  -> file:///E:/Aptana%20Jaxer%20Apache/Jaxer/Apache2-4Build/jaxer/components/aptEventHandler.js

01:10:42 12/24/2025 [ 32928] [TRACE] [JS Framework] [DB.SQLite.execute] Finished executing
stack:
  ->  [ModuleLogger.js:98] trace("Finished executing")
  ->  [DB_SQLite.js:338] execute("SELECT document_root, page_file, access_count FROM callback_page WHERE name=? AND crc32=?",[object Array])
  ->  [DB.js:181] anonymous("SELECT document_root, page_file, access_count FROM callback_page WHERE name=? AND crc32=?",[object Array])
  ->  [HandleCallback.js:151] onHandleCallback([object XPCWrappedNative_NoHelper],[object HTMLDocument])
  ->  [CoreEvents.js:293] fireEvent("HANDLE_CALLBACK",[object Array])
  ->  [CoreEvents.js:220] fire("PARSE_COMPLETE",[object XPCWrappedNative_NoHelper],[object HTMLDocument])
  ->  [aptEventHandler.js:337] observe([object XPCWrappedNative_NoHelper],"jaxerEvent.HTMLParseComplete",null)
paths:
  -> file:///E:/Aptana%20Jaxer%20Apache/Jaxer/Apache2-4Build/jaxer/framework/src/ModuleLogger.js
  -> file:///E:/Aptana%20Jaxer%20Apache/Jaxer/Apache2-4Build/jaxer/framework/src/DB_SQLite.js
  -> file:///E:/Aptana%20Jaxer%20Apache/Jaxer/Apache2-4Build/jaxer/framework/src/DB.js
  -> file:///E:/Aptana%20Jaxer%20Apache/Jaxer/Apache2-4Build/jaxer/framework/src/HandleCallback.js
  -> file:///E:/Aptana%20Jaxer%20Apache/Jaxer/Apache2-4Build/jaxer/framework/src/CoreEvents.js
  -> file:///E:/Aptana%20Jaxer%20Apache/Jaxer/Apache2-4Build/jaxer/components/aptEventHandler.js

01:10:42 12/24/2025 [ 32928] [DEBUG] [JS Framework] [HandleCallback.onHandleCallback] Setting [Jaxer.request.documentRoot, Jaxer.request.pageFile] = E:/Aptana Jaxer/public,E:/Aptana Jaxer/jaxer/aptana/samples/logging/index.html
stack:
  ->  [ModuleLogger.js:98] debug("Setting [Jaxer.request.documentRoot, Jaxer.request.pageFile] = E:/Aptana Jaxer/public,E:/Aptana Jaxer/jaxer/aptana/samples/logging/index.html")
  ->  [HandleCallback.js:158] onHandleCallback([object XPCWrappedNative_NoHelper],[object HTMLDocument])
  ->  [CoreEvents.js:293] fireEvent("HANDLE_CALLBACK",[object Array])
  ->  [CoreEvents.js:220] fire("PARSE_COMPLETE",[object XPCWrappedNative_NoHelper],[object HTMLDocument])
  ->  [aptEventHandler.js:337] observe([object XPCWrappedNative_NoHelper],"jaxerEvent.HTMLParseComplete",null)
paths:
  -> file:///E:/Aptana%20Jaxer%20Apache/Jaxer/Apache2-4Build/jaxer/framework/src/ModuleLogger.js
  -> file:///E:/Aptana%20Jaxer%20Apache/Jaxer/Apache2-4Build/jaxer/framework/src/HandleCallback.js
  -> file:///E:/Aptana%20Jaxer%20Apache/Jaxer/Apache2-4Build/jaxer/framework/src/CoreEvents.js
  -> file:///E:/Aptana%20Jaxer%20Apache/Jaxer/Apache2-4Build/jaxer/components/aptEventHandler.js

01:10:42 12/24/2025 [ 32928] [DEBUG] [JS Framework] [CallbackManager.getCachedCallbackPage] Retrieving cached page using key = -911974268::localhost:8081/aptana/samples/logging/index.html
stack:
  ->  [ModuleLogger.js:98] debug("Retrieving cached page using key = -911974268::localhost:8081/aptana/samples/logging/index.html")
  ->  [CallbackManager.js:301] getCachedCallbackPage("localhost:8081/aptana/samples/logging/index.html","-911974268")
  ->  [HandleCallback.js:184] onHandleCallback([object XPCWrappedNative_NoHelper],[object HTMLDocument])
  ->  [CoreEvents.js:293] fireEvent("HANDLE_CALLBACK",[object Array])
  ->  [CoreEvents.js:220] fire("PARSE_COMPLETE",[object XPCWrappedNative_NoHelper],[object HTMLDocument])
  ->  [aptEventHandler.js:337] observe([object XPCWrappedNative_NoHelper],"jaxerEvent.HTMLParseComplete",null)
paths:
  -> file:///E:/Aptana%20Jaxer%20Apache/Jaxer/Apache2-4Build/jaxer/framework/src/ModuleLogger.js
  -> file:///E:/Aptana%20Jaxer%20Apache/Jaxer/Apache2-4Build/jaxer/framework/src/CallbackManager.js
  -> file:///E:/Aptana%20Jaxer%20Apache/Jaxer/Apache2-4Build/jaxer/framework/src/HandleCallback.js
  -> file:///E:/Aptana%20Jaxer%20Apache/Jaxer/Apache2-4Build/jaxer/framework/src/CoreEvents.js
  -> file:///E:/Aptana%20Jaxer%20Apache/Jaxer/Apache2-4Build/jaxer/components/aptEventHandler.js

01:10:42 12/24/2025 [ 32928] [TRACE] [JS Framework] [HandleCallback.onHandleCallback] Evaluating: /* callback.js */
Jaxer._autoload([]);
$ = this.$ = function $(id) {
    return document.getElementById(id);
};
proxyLog = this.proxyLog = function proxyLog(level, msg) {
    log = Jaxer.Log.forModule("proxyLogger");
    log[level](msg);
};
proxyLog.proxy = true;
stack:
  ->  [ModuleLogger.js:98] trace("Evaluating: /* callback.js */\nJaxer._autoload([]);\n$ = this.$ = function $(id) {\n    return document.getElementById(id);\n};\nproxyLog = this.proxyLog = function proxyLog(level, msg) {\n    log = Jaxer.Log.forModule(\"proxyLogger\");\n    log[level](msg);\n};\nproxyLog.proxy = true;")
  ->  [HandleCallback.js:187] onHandleCallback([object XPCWrappedNative_NoHelper],[object HTMLDocument])
  ->  [CoreEvents.js:293] fireEvent("HANDLE_CALLBACK",[object Array])
  ->  [CoreEvents.js:220] fire("PARSE_COMPLETE",[object XPCWrappedNative_NoHelper],[object HTMLDocument])
  ->  [aptEventHandler.js:337] observe([object XPCWrappedNative_NoHelper],"jaxerEvent.HTMLParseComplete",null)
paths:
  -> file:///E:/Aptana%20Jaxer%20Apache/Jaxer/Apache2-4Build/jaxer/framework/src/ModuleLogger.js
  -> file:///E:/Aptana%20Jaxer%20Apache/Jaxer/Apache2-4Build/jaxer/framework/src/HandleCallback.js
  -> file:///E:/Aptana%20Jaxer%20Apache/Jaxer/Apache2-4Build/jaxer/framework/src/CoreEvents.js
  -> file:///E:/Aptana%20Jaxer%20Apache/Jaxer/Apache2-4Build/jaxer/components/aptEventHandler.js

01:10:42 12/24/2025 [ 32928] [TRACE] [JS Framework] [Includer.evalOn] Evaluating using Jaxer.request.evaluateScript: contents = /* callbac... with global = [object ChromeWindow] and effectiveUrl = undefined
stack:
  ->  [ModuleLogger.js:98] trace("Evaluating using Jaxer.request.evaluateScript: contents = /* callbac... with global = [object ChromeWindow] and effectiveUrl = undefined")
  ->  [Includer.js:131] evalOn("/* callback.js */\nJaxer._autoload([]);\n$ = this.$ = function $(id) {\n    return document.getElementById(id);\n};\nproxyLog = this.proxyLog = function proxyLog(level, msg) {\n    log = Jaxer.Log.forModule(\"proxyLogger\");\n    log[level](msg);\n};\nproxyLog.proxy = true;",[object ChromeWindow])
  ->  [HandleCallback.js:188] onHandleCallback([object XPCWrappedNative_NoHelper],[object HTMLDocument])
  ->  [CoreEvents.js:293] fireEvent("HANDLE_CALLBACK",[object Array])
  ->  [CoreEvents.js:220] fire("PARSE_COMPLETE",[object XPCWrappedNative_NoHelper],[object HTMLDocument])
  ->  [aptEventHandler.js:337] observe([object XPCWrappedNative_NoHelper],"jaxerEvent.HTMLParseComplete",null)
paths:
  -> file:///E:/Aptana%20Jaxer%20Apache/Jaxer/Apache2-4Build/jaxer/framework/src/ModuleLogger.js
  -> file:///E:/Aptana%20Jaxer%20Apache/Jaxer/Apache2-4Build/jaxer/framework/src/Includer.js
  -> file:///E:/Aptana%20Jaxer%20Apache/Jaxer/Apache2-4Build/jaxer/framework/src/HandleCallback.js
  -> file:///E:/Aptana%20Jaxer%20Apache/Jaxer/Apache2-4Build/jaxer/framework/src/CoreEvents.js
  -> file:///E:/Aptana%20Jaxer%20Apache/Jaxer/Apache2-4Build/jaxer/components/aptEventHandler.js

01:10:42 12/24/2025 [ 32928] [DEBUG] [JS Framework] [HandleCallback._autoload] Restoring autoloads: 
stack:
  ->  [ModuleLogger.js:98] debug("Restoring autoloads: ")
  ->  [HandleCallback.js:162] _autoload([object Array])
  ->  [\nJaxer._autoload([]);\n$ = this.$ = function...:2] <no name>
paths:
  -> file:///E:/Aptana%20Jaxer%20Apache/Jaxer/Apache2-4Build/jaxer/framework/src/ModuleLogger.js
  -> file:///E:/Aptana%20Jaxer%20Apache/Jaxer/Apache2-4Build/jaxer/framework/src/HandleCallback.js
  -> javascript:/* callback.js */\nJaxer._autoload([]);\n$ = this.$ = function...

01:10:42 12/24/2025 [ 32928] [TRACE] [JS Framework] [HandleCallback.onHandleCallback] Updating access count to 28
stack:
  ->  [ModuleLogger.js:98] trace("Updating access count to 28")
  ->  [HandleCallback.js:197] onHandleCallback([object XPCWrappedNative_NoHelper],[object HTMLDocument])
  ->  [CoreEvents.js:293] fireEvent("HANDLE_CALLBACK",[object Array])
  ->  [CoreEvents.js:220] fire("PARSE_COMPLETE",[object XPCWrappedNative_NoHelper],[object HTMLDocument])
  ->  [aptEventHandler.js:337] observe([object XPCWrappedNative_NoHelper],"jaxerEvent.HTMLParseComplete",null)
paths:
  -> file:///E:/Aptana%20Jaxer%20Apache/Jaxer/Apache2-4Build/jaxer/framework/src/ModuleLogger.js
  -> file:///E:/Aptana%20Jaxer%20Apache/Jaxer/Apache2-4Build/jaxer/framework/src/HandleCallback.js
  -> file:///E:/Aptana%20Jaxer%20Apache/Jaxer/Apache2-4Build/jaxer/framework/src/CoreEvents.js
  -> file:///E:/Aptana%20Jaxer%20Apache/Jaxer/Apache2-4Build/jaxer/components/aptEventHandler.js

01:10:42 12/24/2025 [ 32928] [TRACE] [JS Framework] [DB.SQLite.execute] Starting execute
stack:
  ->  [ModuleLogger.js:98] trace("Starting execute")
  ->  [DB_SQLite.js:302] execute("UPDATE callback_page SET access_datetime=?, access_count=? WHERE name=? AND crc32=?",[object Array])
  ->  [DB.js:181] anonymous("UPDATE callback_page SET access_datetime=?, access_count=? WHERE name=? AND crc32=?",[object Array])
  ->  [HandleCallback.js:202] onHandleCallback([object XPCWrappedNative_NoHelper],[object HTMLDocument])
  ->  [CoreEvents.js:293] fireEvent("HANDLE_CALLBACK",[object Array])
  ->  [CoreEvents.js:220] fire("PARSE_COMPLETE",[object XPCWrappedNative_NoHelper],[object HTMLDocument])
  ->  [aptEventHandler.js:337] observe([object XPCWrappedNative_NoHelper],"jaxerEvent.HTMLParseComplete",null)
paths:
  -> file:///E:/Aptana%20Jaxer%20Apache/Jaxer/Apache2-4Build/jaxer/framework/src/ModuleLogger.js
  -> file:///E:/Aptana%20Jaxer%20Apache/Jaxer/Apache2-4Build/jaxer/framework/src/DB_SQLite.js
  -> file:///E:/Aptana%20Jaxer%20Apache/Jaxer/Apache2-4Build/jaxer/framework/src/DB.js
  -> file:///E:/Aptana%20Jaxer%20Apache/Jaxer/Apache2-4Build/jaxer/framework/src/HandleCallback.js
  -> file:///E:/Aptana%20Jaxer%20Apache/Jaxer/Apache2-4Build/jaxer/framework/src/CoreEvents.js
  -> file:///E:/Aptana%20Jaxer%20Apache/Jaxer/Apache2-4Build/jaxer/components/aptEventHandler.js

01:10:42 12/24/2025 [ 32928] [TRACE] [JS Framework] [DB.SQLite.bindAndExecute] Binding statement UPDATE callback_page SET access_datetime=?, access_count=? WHERE name=? AND crc32=?
with params: Wed Dec 24 2025 01:10:42 GMT+1000,28,localhost:8081/aptana/samples/logging/index.html,-911974268
stack:
  ->  [ModuleLogger.js:98] trace("Binding statement UPDATE callback_page SET access_datetime=?, access_count=? WHERE name=? AND crc32=?\nwith params: Wed Dec 24 2025 01:10:42 GMT+1000,28,localhost:8081/aptana/samples/logging/index.html,-911974268")
  ->  [DB_SQLite.js:512] bindAndExecute([object Object],[object XPCWrappedNative_NoHelper],"UPDATE callback_page SET access_datetime=?, access_count=? WHERE name=? AND crc32=?",[object Array],null,[object Object])
  ->  [DB_SQLite.js:464] executeOneWithStatement([object Array],0,[object Array])
  ->  [DB_SQLite.js:456] executeWithStatement([object Object],"UPDATE callback_page SET access_datetime=?, access_count=? WHERE name=? AND crc32=?",[object Array],[object Object])
  ->  [DB_SQLite.js:312] execute("UPDATE callback_page SET access_datetime=?, access_count=? WHERE name=? AND crc32=?",[object Array])
  ->  [DB.js:181] anonymous("UPDATE callback_page SET access_datetime=?, access_count=? WHERE name=? AND crc32=?",[object Array])
  ->  [HandleCallback.js:202] onHandleCallback([object XPCWrappedNative_NoHelper],[object HTMLDocument])
  ->  [CoreEvents.js:293] fireEvent("HANDLE_CALLBACK",[object Array])
  ->  [CoreEvents.js:220] fire("PARSE_COMPLETE",[object XPCWrappedNative_NoHelper],[object HTMLDocument])
  ->  [aptEventHandler.js:337] observe([object XPCWrappedNative_NoHelper],"jaxerEvent.HTMLParseComplete",null)
paths:
  -> file:///E:/Aptana%20Jaxer%20Apache/Jaxer/Apache2-4Build/jaxer/framework/src/ModuleLogger.js
  -> file:///E:/Aptana%20Jaxer%20Apache/Jaxer/Apache2-4Build/jaxer/framework/src/DB_SQLite.js
  -> file:///E:/Aptana%20Jaxer%20Apache/Jaxer/Apache2-4Build/jaxer/framework/src/DB.js
  -> file:///E:/Aptana%20Jaxer%20Apache/Jaxer/Apache2-4Build/jaxer/framework/src/HandleCallback.js
  -> file:///E:/Aptana%20Jaxer%20Apache/Jaxer/Apache2-4Build/jaxer/framework/src/CoreEvents.js
  -> file:///E:/Aptana%20Jaxer%20Apache/Jaxer/Apache2-4Build/jaxer/components/aptEventHandler.js

01:10:42 12/24/2025 [ 32928] [TRACE] [JS Framework] [DB.SQLite.bindAndExecute] Tried 1 time(s) in 7 ms to execute statement on SQLite database file E:\Aptana Jaxer Apache\Jaxer\Apache2-4Build\jaxer\..\local_jaxer\conf\..\data\frameworkdata.sqlite
stack:
  ->  [ModuleLogger.js:98] trace("Tried 1 time(s) in 7 ms to execute statement on SQLite database file E:\\Aptana Jaxer Apache\\Jaxer\\Apache2-4Build\\jaxer\\..\\local_jaxer\\conf\\..\\data\\frameworkdata.sqlite")
  ->  [DB_SQLite.js:606] bindAndExecute([object Object],[object XPCWrappedNative_NoHelper],"UPDATE callback_page SET access_datetime=?, access_count=? WHERE name=? AND crc32=?",[object Array],null,[object Object])
  ->  [DB_SQLite.js:464] executeOneWithStatement([object Array],0,[object Array])
  ->  [DB_SQLite.js:456] executeWithStatement([object Object],"UPDATE callback_page SET access_datetime=?, access_count=? WHERE name=? AND crc32=?",[object Array],[object Object])
  ->  [DB_SQLite.js:312] execute("UPDATE callback_page SET access_datetime=?, access_count=? WHERE name=? AND crc32=?",[object Array])
  ->  [DB.js:181] anonymous("UPDATE callback_page SET access_datetime=?, access_count=? WHERE name=? AND crc32=?",[object Array])
  ->  [HandleCallback.js:202] onHandleCallback([object XPCWrappedNative_NoHelper],[object HTMLDocument])
  ->  [CoreEvents.js:293] fireEvent("HANDLE_CALLBACK",[object Array])
  ->  [CoreEvents.js:220] fire("PARSE_COMPLETE",[object XPCWrappedNative_NoHelper],[object HTMLDocument])
  ->  [aptEventHandler.js:337] observe([object XPCWrappedNative_NoHelper],"jaxerEvent.HTMLParseComplete",null)
paths:
  -> file:///E:/Aptana%20Jaxer%20Apache/Jaxer/Apache2-4Build/jaxer/framework/src/ModuleLogger.js
  -> file:///E:/Aptana%20Jaxer%20Apache/Jaxer/Apache2-4Build/jaxer/framework/src/DB_SQLite.js
  -> file:///E:/Aptana%20Jaxer%20Apache/Jaxer/Apache2-4Build/jaxer/framework/src/DB.js
  -> file:///E:/Aptana%20Jaxer%20Apache/Jaxer/Apache2-4Build/jaxer/framework/src/HandleCallback.js
  -> file:///E:/Aptana%20Jaxer%20Apache/Jaxer/Apache2-4Build/jaxer/framework/src/CoreEvents.js
  -> file:///E:/Aptana%20Jaxer%20Apache/Jaxer/Apache2-4Build/jaxer/components/aptEventHandler.js

01:10:42 12/24/2025 [ 32928] [TRACE] [JS Framework] [DB.SQLite.executeWithStatement] Closing statement
stack:
  ->  [ModuleLogger.js:98] trace("Closing statement")
  ->  [DB_SQLite.js:484] executeWithStatement([object Object],"UPDATE callback_page SET access_datetime=?, access_count=? WHERE name=? AND crc32=?",[object Array],[object Object])
  ->  [DB_SQLite.js:312] execute("UPDATE callback_page SET access_datetime=?, access_count=? WHERE name=? AND crc32=?",[object Array])
  ->  [DB.js:181] anonymous("UPDATE callback_page SET access_datetime=?, access_count=? WHERE name=? AND crc32=?",[object Array])
  ->  [HandleCallback.js:202] onHandleCallback([object XPCWrappedNative_NoHelper],[object HTMLDocument])
  ->  [CoreEvents.js:293] fireEvent("HANDLE_CALLBACK",[object Array])
  ->  [CoreEvents.js:220] fire("PARSE_COMPLETE",[object XPCWrappedNative_NoHelper],[object HTMLDocument])
  ->  [aptEventHandler.js:337] observe([object XPCWrappedNative_NoHelper],"jaxerEvent.HTMLParseComplete",null)
paths:
  -> file:///E:/Aptana%20Jaxer%20Apache/Jaxer/Apache2-4Build/jaxer/framework/src/ModuleLogger.js
  -> file:///E:/Aptana%20Jaxer%20Apache/Jaxer/Apache2-4Build/jaxer/framework/src/DB_SQLite.js
  -> file:///E:/Aptana%20Jaxer%20Apache/Jaxer/Apache2-4Build/jaxer/framework/src/DB.js
  -> file:///E:/Aptana%20Jaxer%20Apache/Jaxer/Apache2-4Build/jaxer/framework/src/HandleCallback.js
  -> file:///E:/Aptana%20Jaxer%20Apache/Jaxer/Apache2-4Build/jaxer/framework/src/CoreEvents.js
  -> file:///E:/Aptana%20Jaxer%20Apache/Jaxer/Apache2-4Build/jaxer/components/aptEventHandler.js

01:10:42 12/24/2025 [ 32928] [TRACE] [JS Framework] [DB.SQLite.executeWithStatement] Resetting and finalizing statement
stack:
  ->  [ModuleLogger.js:98] trace("Resetting and finalizing statement")
  ->  [DB_SQLite.js:487] executeWithStatement([object Object],"UPDATE callback_page SET access_datetime=?, access_count=? WHERE name=? AND crc32=?",[object Array],[object Object])
  ->  [DB_SQLite.js:312] execute("UPDATE callback_page SET access_datetime=?, access_count=? WHERE name=? AND crc32=?",[object Array])
  ->  [DB.js:181] anonymous("UPDATE callback_page SET access_datetime=?, access_count=? WHERE name=? AND crc32=?",[object Array])
  ->  [HandleCallback.js:202] onHandleCallback([object XPCWrappedNative_NoHelper],[object HTMLDocument])
  ->  [CoreEvents.js:293] fireEvent("HANDLE_CALLBACK",[object Array])
  ->  [CoreEvents.js:220] fire("PARSE_COMPLETE",[object XPCWrappedNative_NoHelper],[object HTMLDocument])
  ->  [aptEventHandler.js:337] observe([object XPCWrappedNative_NoHelper],"jaxerEvent.HTMLParseComplete",null)
paths:
  -> file:///E:/Aptana%20Jaxer%20Apache/Jaxer/Apache2-4Build/jaxer/framework/src/ModuleLogger.js
  -> file:///E:/Aptana%20Jaxer%20Apache/Jaxer/Apache2-4Build/jaxer/framework/src/DB_SQLite.js
  -> file:///E:/Aptana%20Jaxer%20Apache/Jaxer/Apache2-4Build/jaxer/framework/src/DB.js
  -> file:///E:/Aptana%20Jaxer%20Apache/Jaxer/Apache2-4Build/jaxer/framework/src/HandleCallback.js
  -> file:///E:/Aptana%20Jaxer%20Apache/Jaxer/Apache2-4Build/jaxer/framework/src/CoreEvents.js
  -> file:///E:/Aptana%20Jaxer%20Apache/Jaxer/Apache2-4Build/jaxer/components/aptEventHandler.js

01:10:42 12/24/2025 [ 32928] [TRACE] [JS Framework] [DB.SQLite.execute] Finished executing
stack:
  ->  [ModuleLogger.js:98] trace("Finished executing")
  ->  [DB_SQLite.js:338] execute("UPDATE callback_page SET access_datetime=?, access_count=? WHERE name=? AND crc32=?",[object Array])
  ->  [DB.js:181] anonymous("UPDATE callback_page SET access_datetime=?, access_count=? WHERE name=? AND crc32=?",[object Array])
  ->  [HandleCallback.js:202] onHandleCallback([object XPCWrappedNative_NoHelper],[object HTMLDocument])
  ->  [CoreEvents.js:293] fireEvent("HANDLE_CALLBACK",[object Array])
  ->  [CoreEvents.js:220] fire("PARSE_COMPLETE",[object XPCWrappedNative_NoHelper],[object HTMLDocument])
  ->  [aptEventHandler.js:337] observe([object XPCWrappedNative_NoHelper],"jaxerEvent.HTMLParseComplete",null)
paths:
  -> file:///E:/Aptana%20Jaxer%20Apache/Jaxer/Apache2-4Build/jaxer/framework/src/ModuleLogger.js
  -> file:///E:/Aptana%20Jaxer%20Apache/Jaxer/Apache2-4Build/jaxer/framework/src/DB_SQLite.js
  -> file:///E:/Aptana%20Jaxer%20Apache/Jaxer/Apache2-4Build/jaxer/framework/src/DB.js
  -> file:///E:/Aptana%20Jaxer%20Apache/Jaxer/Apache2-4Build/jaxer/framework/src/HandleCallback.js
  -> file:///E:/Aptana%20Jaxer%20Apache/Jaxer/Apache2-4Build/jaxer/framework/src/CoreEvents.js
  -> file:///E:/Aptana%20Jaxer%20Apache/Jaxer/Apache2-4Build/jaxer/components/aptEventHandler.js

01:10:42 12/24/2025 [ 32928] [DEBUG] [JS Framework] [HandleCallback.onHandleCallback] About to execute: proxyLog with 2 arguments
stack:
  ->  [ModuleLogger.js:98] debug("About to execute: proxyLog with 2 arguments")
  ->  [HandleCallback.js:231] onHandleCallback([object XPCWrappedNative_NoHelper],[object HTMLDocument])
  ->  [CoreEvents.js:293] fireEvent("HANDLE_CALLBACK",[object Array])
  ->  [CoreEvents.js:220] fire("PARSE_COMPLETE",[object XPCWrappedNative_NoHelper],[object HTMLDocument])
  ->  [aptEventHandler.js:337] observe([object XPCWrappedNative_NoHelper],"jaxerEvent.HTMLParseComplete",null)
paths:
  -> file:///E:/Aptana%20Jaxer%20Apache/Jaxer/Apache2-4Build/jaxer/framework/src/ModuleLogger.js
  -> file:///E:/Aptana%20Jaxer%20Apache/Jaxer/Apache2-4Build/jaxer/framework/src/HandleCallback.js
  -> file:///E:/Aptana%20Jaxer%20Apache/Jaxer/Apache2-4Build/jaxer/framework/src/CoreEvents.js
  -> file:///E:/Aptana%20Jaxer%20Apache/Jaxer/Apache2-4Build/jaxer/components/aptEventHandler.js

01:10:42 12/24/2025 [ 32928] [TRACE] [JS Framework] [HandleCallback.onHandleCallback] Arguments: ["info", "this 'info' message appears in both Jaxer.Log and the Firebug console if present"]
stack:
  ->  [ModuleLogger.js:98] trace("Arguments: [\"info\", \"this 'info' message appears in both Jaxer.Log and the Firebug console if present\"]")
  ->  [HandleCallback.js:232] onHandleCallback([object XPCWrappedNative_NoHelper],[object HTMLDocument])
  ->  [CoreEvents.js:293] fireEvent("HANDLE_CALLBACK",[object Array])
  ->  [CoreEvents.js:220] fire("PARSE_COMPLETE",[object XPCWrappedNative_NoHelper],[object HTMLDocument])
  ->  [aptEventHandler.js:337] observe([object XPCWrappedNative_NoHelper],"jaxerEvent.HTMLParseComplete",null)
paths:
  -> file:///E:/Aptana%20Jaxer%20Apache/Jaxer/Apache2-4Build/jaxer/framework/src/ModuleLogger.js
  -> file:///E:/Aptana%20Jaxer%20Apache/Jaxer/Apache2-4Build/jaxer/framework/src/HandleCallback.js
  -> file:///E:/Aptana%20Jaxer%20Apache/Jaxer/Apache2-4Build/jaxer/framework/src/CoreEvents.js
  -> file:///E:/Aptana%20Jaxer%20Apache/Jaxer/Apache2-4Build/jaxer/components/aptEventHandler.js

01:10:42 12/24/2025 [ 32928] [INFO] [JS Framework] [proxyLogger.proxyLog] this 'info' message appears in both Jaxer.Log and the Firebug console if present
stack:
  ->  [ModuleLogger.js:98] info("this 'info' message appears in both Jaxer.Log and the Firebug console if present")
  ->  [\nJaxer._autoload([]);\n$ = this.$ = function...:8] proxyLog("info","this 'info' message appears in both Jaxer.Log and the Firebug console if present")
  ->  [HandleCallback.js:233] onHandleCallback([object XPCWrappedNative_NoHelper],[object HTMLDocument])
  ->  [CoreEvents.js:293] fireEvent("HANDLE_CALLBACK",[object Array])
  ->  [CoreEvents.js:220] fire("PARSE_COMPLETE",[object XPCWrappedNative_NoHelper],[object HTMLDocument])
  ->  [aptEventHandler.js:337] observe([object XPCWrappedNative_NoHelper],"jaxerEvent.HTMLParseComplete",null)
paths:
  -> file:///E:/Aptana%20Jaxer%20Apache/Jaxer/Apache2-4Build/jaxer/framework/src/ModuleLogger.js
  -> javascript:/* callback.js */\nJaxer._autoload([]);\n$ = this.$ = function...
  -> file:///E:/Aptana%20Jaxer%20Apache/Jaxer/Apache2-4Build/jaxer/framework/src/HandleCallback.js
  -> file:///E:/Aptana%20Jaxer%20Apache/Jaxer/Apache2-4Build/jaxer/framework/src/CoreEvents.js
  -> file:///E:/Aptana%20Jaxer%20Apache/Jaxer/Apache2-4Build/jaxer/components/aptEventHandler.js

01:10:42 12/24/2025 [ 32928] [TRACE] [JS Framework] [HandleCallback.onHandleCallback] result = undefined
stack:
  ->  [ModuleLogger.js:98] trace("result = undefined")
  ->  [HandleCallback.js:289] onHandleCallback([object XPCWrappedNative_NoHelper],[object HTMLDocument])
  ->  [CoreEvents.js:293] fireEvent("HANDLE_CALLBACK",[object Array])
  ->  [CoreEvents.js:220] fire("PARSE_COMPLETE",[object XPCWrappedNative_NoHelper],[object HTMLDocument])
  ->  [aptEventHandler.js:337] observe([object XPCWrappedNative_NoHelper],"jaxerEvent.HTMLParseComplete",null)
paths:
  -> file:///E:/Aptana%20Jaxer%20Apache/Jaxer/Apache2-4Build/jaxer/framework/src/ModuleLogger.js
  -> file:///E:/Aptana%20Jaxer%20Apache/Jaxer/Apache2-4Build/jaxer/framework/src/HandleCallback.js
  -> file:///E:/Aptana%20Jaxer%20Apache/Jaxer/Apache2-4Build/jaxer/framework/src/CoreEvents.js
  -> file:///E:/Aptana%20Jaxer%20Apache/Jaxer/Apache2-4Build/jaxer/components/aptEventHandler.js

01:10:42 12/24/2025 [ 32928] [TRACE] [JS Framework] [HandleCallback.onHandleCallback] Jaxer.response.contents = undefined
stack:
  ->  [ModuleLogger.js:98] trace("Jaxer.response.contents = undefined")
  ->  [HandleCallback.js:314] onHandleCallback([object XPCWrappedNative_NoHelper],[object HTMLDocument])
  ->  [CoreEvents.js:293] fireEvent("HANDLE_CALLBACK",[object Array])
  ->  [CoreEvents.js:220] fire("PARSE_COMPLETE",[object XPCWrappedNative_NoHelper],[object HTMLDocument])
  ->  [aptEventHandler.js:337] observe([object XPCWrappedNative_NoHelper],"jaxerEvent.HTMLParseComplete",null)
paths:
  -> file:///E:/Aptana%20Jaxer%20Apache/Jaxer/Apache2-4Build/jaxer/framework/src/ModuleLogger.js
  -> file:///E:/Aptana%20Jaxer%20Apache/Jaxer/Apache2-4Build/jaxer/framework/src/HandleCallback.js
  -> file:///E:/Aptana%20Jaxer%20Apache/Jaxer/Apache2-4Build/jaxer/framework/src/CoreEvents.js
  -> file:///E:/Aptana%20Jaxer%20Apache/Jaxer/Apache2-4Build/jaxer/components/aptEventHandler.js

01:10:42 12/24/2025 [ 32928] [DEBUG] [JS Framework] [SessionManager.keyToResponse] Saving session key to the client via cookie JaxerSessionId$$logging: 176650264152708165463317747484
stack:
  ->  [ModuleLogger.js:98] debug("Saving session key to the client via cookie JaxerSessionId$$logging: 176650264152708165463317747484")
  ->  [SessionManager.js:82] keyToResponse("logging","176650264152708165463317747484")
  ->  [Container.js:614] persistAll()
  ->  [HandleCallback.js:320] onHandleCallback([object XPCWrappedNative_NoHelper],[object HTMLDocument])
  ->  [CoreEvents.js:293] fireEvent("HANDLE_CALLBACK",[object Array])
  ->  [CoreEvents.js:220] fire("PARSE_COMPLETE",[object XPCWrappedNative_NoHelper],[object HTMLDocument])
  ->  [aptEventHandler.js:337] observe([object XPCWrappedNative_NoHelper],"jaxerEvent.HTMLParseComplete",null)
paths:
  -> file:///E:/Aptana%20Jaxer%20Apache/Jaxer/Apache2-4Build/jaxer/framework/src/ModuleLogger.js
  -> file:///E:/Aptana%20Jaxer%20Apache/Jaxer/Apache2-4Build/jaxer/framework/src/SessionManager.js
  -> file:///E:/Aptana%20Jaxer%20Apache/Jaxer/Apache2-4Build/jaxer/framework/src/Container.js
  -> file:///E:/Aptana%20Jaxer%20Apache/Jaxer/Apache2-4Build/jaxer/framework/src/HandleCallback.js
  -> file:///E:/Aptana%20Jaxer%20Apache/Jaxer/Apache2-4Build/jaxer/framework/src/CoreEvents.js
  -> file:///E:/Aptana%20Jaxer%20Apache/Jaxer/Apache2-4Build/jaxer/components/aptEventHandler.js

01:10:42 12/24/2025 [ 32928] [TRACE] [JS Framework] [Container.persist] For container APPLICATION:logging: Persisting
stack:
  ->  [ModuleLogger.js:98] trace("For container APPLICATION:logging: Persisting")
  ->  [Container.js:313] persist()
  ->  [Container.js:620] persistAll()
  ->  [HandleCallback.js:320] onHandleCallback([object XPCWrappedNative_NoHelper],[object HTMLDocument])
  ->  [CoreEvents.js:293] fireEvent("HANDLE_CALLBACK",[object Array])
  ->  [CoreEvents.js:220] fire("PARSE_COMPLETE",[object XPCWrappedNative_NoHelper],[object HTMLDocument])
  ->  [aptEventHandler.js:337] observe([object XPCWrappedNative_NoHelper],"jaxerEvent.HTMLParseComplete",null)
paths:
  -> file:///E:/Aptana%20Jaxer%20Apache/Jaxer/Apache2-4Build/jaxer/framework/src/ModuleLogger.js
  -> file:///E:/Aptana%20Jaxer%20Apache/Jaxer/Apache2-4Build/jaxer/framework/src/Container.js
  -> file:///E:/Aptana%20Jaxer%20Apache/Jaxer/Apache2-4Build/jaxer/framework/src/HandleCallback.js
  -> file:///E:/Aptana%20Jaxer%20Apache/Jaxer/Apache2-4Build/jaxer/framework/src/CoreEvents.js
  -> file:///E:/Aptana%20Jaxer%20Apache/Jaxer/Apache2-4Build/jaxer/components/aptEventHandler.js

01:10:42 12/24/2025 [ 32928] [TRACE] [JS Framework] [Container.persist] For container PAGE:localhost:8081/aptana/samples/logging/index.html: Persisting
stack:
  ->  [ModuleLogger.js:98] trace("For container PAGE:localhost:8081/aptana/samples/logging/index.html: Persisting")
  ->  [Container.js:313] persist()
  ->  [Container.js:620] persistAll()
  ->  [HandleCallback.js:320] onHandleCallback([object XPCWrappedNative_NoHelper],[object HTMLDocument])
  ->  [CoreEvents.js:293] fireEvent("HANDLE_CALLBACK",[object Array])
  ->  [CoreEvents.js:220] fire("PARSE_COMPLETE",[object XPCWrappedNative_NoHelper],[object HTMLDocument])
  ->  [aptEventHandler.js:337] observe([object XPCWrappedNative_NoHelper],"jaxerEvent.HTMLParseComplete",null)
paths:
  -> file:///E:/Aptana%20Jaxer%20Apache/Jaxer/Apache2-4Build/jaxer/framework/src/ModuleLogger.js
  -> file:///E:/Aptana%20Jaxer%20Apache/Jaxer/Apache2-4Build/jaxer/framework/src/Container.js
  -> file:///E:/Aptana%20Jaxer%20Apache/Jaxer/Apache2-4Build/jaxer/framework/src/HandleCallback.js
  -> file:///E:/Aptana%20Jaxer%20Apache/Jaxer/Apache2-4Build/jaxer/framework/src/CoreEvents.js
  -> file:///E:/Aptana%20Jaxer%20Apache/Jaxer/Apache2-4Build/jaxer/components/aptEventHandler.js

01:10:42 12/24/2025 [ 15324] [TRACE] [JS Framework] [CoreEvents.fire] At this time, evt.Request.isHandler=true and eventType: REQUEST_START
stack:
  ->  [ModuleLogger.js:98] trace("At this time, evt.Request.isHandler=true and eventType: REQUEST_START")
  ->  [CoreEvents.js:205] fire("REQUEST_START",[object XPCWrappedNative_NoHelper])
  ->  [aptEventHandler.js:292] observe([object XPCWrappedNative_NoHelper],"jaxerEvent.RequestStart",null)
paths:
  -> file:///E:/Aptana%20Jaxer%20Apache/Jaxer/Apache2-4Build/jaxer/framework/src/ModuleLogger.js
  -> file:///E:/Aptana%20Jaxer%20Apache/Jaxer/Apache2-4Build/jaxer/framework/src/CoreEvents.js
  -> file:///E:/Aptana%20Jaxer%20Apache/Jaxer/Apache2-4Build/jaxer/components/aptEventHandler.js

01:10:42 12/24/2025 [ 32928] [TRACE] [JS Framework] [Container.persist] For container SESSION:176650264152708165463317747484: Persisting
stack:
  ->  [ModuleLogger.js:98] trace("For container SESSION:176650264152708165463317747484: Persisting")
  ->  [Container.js:313] persist()
  ->  [Container.js:620] persistAll()
  ->  [HandleCallback.js:320] onHandleCallback([object XPCWrappedNative_NoHelper],[object HTMLDocument])
  ->  [CoreEvents.js:293] fireEvent("HANDLE_CALLBACK",[object Array])
  ->  [CoreEvents.js:220] fire("PARSE_COMPLETE",[object XPCWrappedNative_NoHelper],[object HTMLDocument])
  ->  [aptEventHandler.js:337] observe([object XPCWrappedNative_NoHelper],"jaxerEvent.HTMLParseComplete",null)
paths:
  -> file:///E:/Aptana%20Jaxer%20Apache/Jaxer/Apache2-4Build/jaxer/framework/src/ModuleLogger.js
  -> file:///E:/Aptana%20Jaxer%20Apache/Jaxer/Apache2-4Build/jaxer/framework/src/Container.js
  -> file:///E:/Aptana%20Jaxer%20Apache/Jaxer/Apache2-4Build/jaxer/framework/src/HandleCallback.js
  -> file:///E:/Aptana%20Jaxer%20Apache/Jaxer/Apache2-4Build/jaxer/framework/src/CoreEvents.js
  -> file:///E:/Aptana%20Jaxer%20Apache/Jaxer/Apache2-4Build/jaxer/components/aptEventHandler.js

01:10:42 12/24/2025 [ 32928] [TRACE] [JS Framework] [Container.persist] For container SESSION_PAGE:176650264152708165463317747484$$localhost:8081/aptana/samples/logging/index.html: Persisting
stack:
  ->  [ModuleLogger.js:98] trace("For container SESSION_PAGE:176650264152708165463317747484$$localhost:8081/aptana/samples/logging/index.html: Persisting")
  ->  [Container.js:313] persist()
  ->  [Container.js:620] persistAll()
  ->  [HandleCallback.js:320] onHandleCallback([object XPCWrappedNative_NoHelper],[object HTMLDocument])
  ->  [CoreEvents.js:293] fireEvent("HANDLE_CALLBACK",[object Array])
  ->  [CoreEvents.js:220] fire("PARSE_COMPLETE",[object XPCWrappedNative_NoHelper],[object HTMLDocument])
  ->  [aptEventHandler.js:337] observe([object XPCWrappedNative_NoHelper],"jaxerEvent.HTMLParseComplete",null)
paths:
  -> file:///E:/Aptana%20Jaxer%20Apache/Jaxer/Apache2-4Build/jaxer/framework/src/ModuleLogger.js
  -> file:///E:/Aptana%20Jaxer%20Apache/Jaxer/Apache2-4Build/jaxer/framework/src/Container.js
  -> file:///E:/Aptana%20Jaxer%20Apache/Jaxer/Apache2-4Build/jaxer/framework/src/HandleCallback.js
  -> file:///E:/Aptana%20Jaxer%20Apache/Jaxer/Apache2-4Build/jaxer/framework/src/CoreEvents.js
  -> file:///E:/Aptana%20Jaxer%20Apache/Jaxer/Apache2-4Build/jaxer/components/aptEventHandler.js

01:10:42 12/24/2025 [ 32928] [DEBUG] [JS Framework] [HandleCallback.onHandleCallback] Containers persisted
stack:
  ->  [ModuleLogger.js:98] debug("Containers persisted")
  ->  [HandleCallback.js:321] onHandleCallback([object XPCWrappedNative_NoHelper],[object HTMLDocument])
  ->  [CoreEvents.js:293] fireEvent("HANDLE_CALLBACK",[object Array])
  ->  [CoreEvents.js:220] fire("PARSE_COMPLETE",[object XPCWrappedNative_NoHelper],[object HTMLDocument])
  ->  [aptEventHandler.js:337] observe([object XPCWrappedNative_NoHelper],"jaxerEvent.HTMLParseComplete",null)
paths:
  -> file:///E:/Aptana%20Jaxer%20Apache/Jaxer/Apache2-4Build/jaxer/framework/src/ModuleLogger.js
  -> file:///E:/Aptana%20Jaxer%20Apache/Jaxer/Apache2-4Build/jaxer/framework/src/HandleCallback.js
  -> file:///E:/Aptana%20Jaxer%20Apache/Jaxer/Apache2-4Build/jaxer/framework/src/CoreEvents.js
  -> file:///E:/Aptana%20Jaxer%20Apache/Jaxer/Apache2-4Build/jaxer/components/aptEventHandler.js

01:10:42 12/24/2025 [ 32928] [TRACE] [JS Framework] [DB.SQLite.close] Closing the connection
stack:
  ->  [ModuleLogger.js:98] trace("Closing the connection")
  ->  [DB_SQLite.js:739] close()
  ->  [DB.js:437] closeAllConnections(true)
  ->  [HandleCallback.js:323] onHandleCallback([object XPCWrappedNative_NoHelper],[object HTMLDocument])
  ->  [CoreEvents.js:293] fireEvent("HANDLE_CALLBACK",[object Array])
  ->  [CoreEvents.js:220] fire("PARSE_COMPLETE",[object XPCWrappedNative_NoHelper],[object HTMLDocument])
  ->  [aptEventHandler.js:337] observe([object XPCWrappedNative_NoHelper],"jaxerEvent.HTMLParseComplete",null)
paths:
  -> file:///E:/Aptana%20Jaxer%20Apache/Jaxer/Apache2-4Build/jaxer/framework/src/ModuleLogger.js
  -> file:///E:/Aptana%20Jaxer%20Apache/Jaxer/Apache2-4Build/jaxer/framework/src/DB_SQLite.js
  -> file:///E:/Aptana%20Jaxer%20Apache/Jaxer/Apache2-4Build/jaxer/framework/src/DB.js
  -> file:///E:/Aptana%20Jaxer%20Apache/Jaxer/Apache2-4Build/jaxer/framework/src/HandleCallback.js
  -> file:///E:/Aptana%20Jaxer%20Apache/Jaxer/Apache2-4Build/jaxer/framework/src/CoreEvents.js
  -> file:///E:/Aptana%20Jaxer%20Apache/Jaxer/Apache2-4Build/jaxer/components/aptEventHandler.js

01:10:42 12/24/2025 [ 32928] [TRACE] [JS Framework] [HandleCallback.onHandleCallback] === Callback processing complete
stack:
  ->  [ModuleLogger.js:98] trace("=== Callback processing complete")
  ->  [HandleCallback.js:326] onHandleCallback([object XPCWrappedNative_NoHelper],[object HTMLDocument])
  ->  [CoreEvents.js:293] fireEvent("HANDLE_CALLBACK",[object Array])
  ->  [CoreEvents.js:220] fire("PARSE_COMPLETE",[object XPCWrappedNative_NoHelper],[object HTMLDocument])
  ->  [aptEventHandler.js:337] observe([object XPCWrappedNative_NoHelper],"jaxerEvent.HTMLParseComplete",null)
paths:
  -> file:///E:/Aptana%20Jaxer%20Apache/Jaxer/Apache2-4Build/jaxer/framework/src/ModuleLogger.js
  -> file:///E:/Aptana%20Jaxer%20Apache/Jaxer/Apache2-4Build/jaxer/framework/src/HandleCallback.js
  -> file:///E:/Aptana%20Jaxer%20Apache/Jaxer/Apache2-4Build/jaxer/framework/src/CoreEvents.js
  -> file:///E:/Aptana%20Jaxer%20Apache/Jaxer/Apache2-4Build/jaxer/components/aptEventHandler.js

01:10:42 12/24/2025 [ 32928] [TRACE] [JS Framework] [CoreEvents.fireEvent] Firing an event for PARSE_COMPLETE
stack:
  ->  [ModuleLogger.js:98] trace("Firing an event for PARSE_COMPLETE")
  ->  [CoreEvents.js:282] fireEvent("PARSE_COMPLETE",[object Array])
  ->  [CoreEvents.js:238] fire("PARSE_COMPLETE",[object XPCWrappedNative_NoHelper],[object HTMLDocument])
  ->  [aptEventHandler.js:337] observe([object XPCWrappedNative_NoHelper],"jaxerEvent.HTMLParseComplete",null)
paths:
  -> file:///E:/Aptana%20Jaxer%20Apache/Jaxer/Apache2-4Build/jaxer/framework/src/ModuleLogger.js
  -> file:///E:/Aptana%20Jaxer%20Apache/Jaxer/Apache2-4Build/jaxer/framework/src/CoreEvents.js
  -> file:///E:/Aptana%20Jaxer%20Apache/Jaxer/Apache2-4Build/jaxer/components/aptEventHandler.js

01:10:42 12/24/2025 [ 32928] [TRACE] [JS Framework] [CoreEvents.fireEvent] Calling event handler: function onParseComplete(evt, doc) {
    Jaxer.__tempLoad.cl...
stack:
  ->  [ModuleLogger.js:98] trace("Calling event handler: function onParseComplete(evt, doc) {\n    Jaxer.__tempLoad.cl...")
  ->  [CoreEvents.js:292] fireEvent("PARSE_COMPLETE",[object Array])
  ->  [CoreEvents.js:238] fire("PARSE_COMPLETE",[object XPCWrappedNative_NoHelper],[object HTMLDocument])
  ->  [aptEventHandler.js:337] observe([object XPCWrappedNative_NoHelper],"jaxerEvent.HTMLParseComplete",null)
paths:
  -> file:///E:/Aptana%20Jaxer%20Apache/Jaxer/Apache2-4Build/jaxer/framework/src/ModuleLogger.js
  -> file:///E:/Aptana%20Jaxer%20Apache/Jaxer/Apache2-4Build/jaxer/framework/src/CoreEvents.js
  -> file:///E:/Aptana%20Jaxer%20Apache/Jaxer/Apache2-4Build/jaxer/components/aptEventHandler.js

01:10:42 12/24/2025 [ 32928] [TRACE] [JS Framework] [CoreEvents.fire] At this time, evt.Request.isHandler=true and eventType: REQUEST_COMPLETE
stack:
  ->  [ModuleLogger.js:98] trace("At this time, evt.Request.isHandler=true and eventType: REQUEST_COMPLETE")
  ->  [CoreEvents.js:205] fire("REQUEST_COMPLETE",[object XPCWrappedNative_NoHelper])
  ->  [aptEventHandler.js:351] observe([object XPCWrappedNative_NoHelper],"jaxerEvent.RequestComplete",null)
paths:
  -> file:///E:/Aptana%20Jaxer%20Apache/Jaxer/Apache2-4Build/jaxer/framework/src/ModuleLogger.js
  -> file:///E:/Aptana%20Jaxer%20Apache/Jaxer/Apache2-4Build/jaxer/framework/src/CoreEvents.js
  -> file:///E:/Aptana%20Jaxer%20Apache/Jaxer/Apache2-4Build/jaxer/components/aptEventHandler.js

01:10:42 12/24/2025 [ 32928] [TRACE] [JS Framework] [CoreEvents.fireEvent] Firing an event for REQUEST_COMPLETE
stack:
  ->  [ModuleLogger.js:98] trace("Firing an event for REQUEST_COMPLETE")
  ->  [CoreEvents.js:282] fireEvent("REQUEST_COMPLETE",[object Array])
  ->  [CoreEvents.js:238] fire("REQUEST_COMPLETE",[object XPCWrappedNative_NoHelper])
  ->  [aptEventHandler.js:351] observe([object XPCWrappedNative_NoHelper],"jaxerEvent.RequestComplete",null)
paths:
  -> file:///E:/Aptana%20Jaxer%20Apache/Jaxer/Apache2-4Build/jaxer/framework/src/ModuleLogger.js
  -> file:///E:/Aptana%20Jaxer%20Apache/Jaxer/Apache2-4Build/jaxer/framework/src/CoreEvents.js
  -> file:///E:/Aptana%20Jaxer%20Apache/Jaxer/Apache2-4Build/jaxer/components/aptEventHandler.js

01:10:42 12/24/2025 [ 32928] [TRACE] [JS Framework] [CoreEvents.fireEvent] Calling event handler: function onRequestComplete(evt) {
}...
stack:
  ->  [ModuleLogger.js:98] trace("Calling event handler: function onRequestComplete(evt) {\n}...")
  ->  [CoreEvents.js:292] fireEvent("REQUEST_COMPLETE",[object Array])
  ->  [CoreEvents.js:238] fire("REQUEST_COMPLETE",[object XPCWrappedNative_NoHelper])
  ->  [aptEventHandler.js:351] observe([object XPCWrappedNative_NoHelper],"jaxerEvent.RequestComplete",null)
paths:
  -> file:///E:/Aptana%20Jaxer%20Apache/Jaxer/Apache2-4Build/jaxer/framework/src/ModuleLogger.js
  -> file:///E:/Aptana%20Jaxer%20Apache/Jaxer/Apache2-4Build/jaxer/framework/src/CoreEvents.js
  -> file:///E:/Aptana%20Jaxer%20Apache/Jaxer/Apache2-4Build/jaxer/components/aptEventHandler.js

01:10:42 12/24/2025 [ 15324] [TRACE] [JS Framework] [CoreEvents.fireEvent] Firing an event for REQUEST_START
stack:
  ->  [ModuleLogger.js:98] trace("Firing an event for REQUEST_START")
  ->  [CoreEvents.js:282] fireEvent("REQUEST_START",[object Array])
  ->  [CoreEvents.js:238] fire("REQUEST_START",[object XPCWrappedNative_NoHelper])
  ->  [aptEventHandler.js:292] observe([object XPCWrappedNative_NoHelper],"jaxerEvent.RequestStart",null)
paths:
  -> file:///E:/Aptana%20Jaxer%20Apache/Jaxer/Apache2-4Build/jaxer/framework/src/ModuleLogger.js
  -> file:///E:/Aptana%20Jaxer%20Apache/Jaxer/Apache2-4Build/jaxer/framework/src/CoreEvents.js
  -> file:///E:/Aptana%20Jaxer%20Apache/Jaxer/Apache2-4Build/jaxer/components/aptEventHandler.js

01:10:42 12/24/2025 [ 15324] [TRACE] [JS Framework] [CoreEvents.fireEvent] Calling event handler: function onRequestStart(evt) {
}...
stack:
  ->  [ModuleLogger.js:98] trace("Calling event handler: function onRequestStart(evt) {\n}...")
  ->  [CoreEvents.js:292] fireEvent("REQUEST_START",[object Array])
  ->  [CoreEvents.js:238] fire("REQUEST_START",[object XPCWrappedNative_NoHelper])
  ->  [aptEventHandler.js:292] observe([object XPCWrappedNative_NoHelper],"jaxerEvent.RequestStart",null)
paths:
  -> file:///E:/Aptana%20Jaxer%20Apache/Jaxer/Apache2-4Build/jaxer/framework/src/ModuleLogger.js
  -> file:///E:/Aptana%20Jaxer%20Apache/Jaxer/Apache2-4Build/jaxer/framework/src/CoreEvents.js
  -> file:///E:/Aptana%20Jaxer%20Apache/Jaxer/Apache2-4Build/jaxer/components/aptEventHandler.js

01:10:42 12/24/2025 [ 15324] [TRACE] [JS Framework] [CoreEvents.fire] At this time, evt.Request.isHandler=true and eventType: PARSE_START
stack:
  ->  [ModuleLogger.js:98] trace("At this time, evt.Request.isHandler=true and eventType: PARSE_START")
  ->  [CoreEvents.js:205] fire("PARSE_START",[object XPCWrappedNative_NoHelper])
  ->  [aptEventHandler.js:306] observe([object XPCWrappedNative_NoHelper],"jaxerEvent.HTMLParseStart",null)
paths:
  -> file:///E:/Aptana%20Jaxer%20Apache/Jaxer/Apache2-4Build/jaxer/framework/src/ModuleLogger.js
  -> file:///E:/Aptana%20Jaxer%20Apache/Jaxer/Apache2-4Build/jaxer/framework/src/CoreEvents.js
  -> file:///E:/Aptana%20Jaxer%20Apache/Jaxer/Apache2-4Build/jaxer/components/aptEventHandler.js

01:10:42 12/24/2025 [ 15324] [TRACE] [JS Framework] [CoreEvents.fireEvent] Firing an event for PARSE_START
stack:
  ->  [ModuleLogger.js:98] trace("Firing an event for PARSE_START")
  ->  [CoreEvents.js:282] fireEvent("PARSE_START",[object Array])
  ->  [CoreEvents.js:238] fire("PARSE_START",[object XPCWrappedNative_NoHelper])
  ->  [aptEventHandler.js:306] observe([object XPCWrappedNative_NoHelper],"jaxerEvent.HTMLParseStart",null)
paths:
  -> file:///E:/Aptana%20Jaxer%20Apache/Jaxer/Apache2-4Build/jaxer/framework/src/ModuleLogger.js
  -> file:///E:/Aptana%20Jaxer%20Apache/Jaxer/Apache2-4Build/jaxer/framework/src/CoreEvents.js
  -> file:///E:/Aptana%20Jaxer%20Apache/Jaxer/Apache2-4Build/jaxer/components/aptEventHandler.js

01:10:42 12/24/2025 [ 15324] [TRACE] [JS Framework] [CoreEvents.fireEvent] Calling event handler: function onParseStart(evt) {
    Jaxer.request = frameworkGl...
stack:
  ->  [ModuleLogger.js:98] trace("Calling event handler: function onParseStart(evt) {\n    Jaxer.request = frameworkGl...")
  ->  [CoreEvents.js:292] fireEvent("PARSE_START",[object Array])
  ->  [CoreEvents.js:238] fire("PARSE_START",[object XPCWrappedNative_NoHelper])
  ->  [aptEventHandler.js:306] observe([object XPCWrappedNative_NoHelper],"jaxerEvent.HTMLParseStart",null)
paths:
  -> file:///E:/Aptana%20Jaxer%20Apache/Jaxer/Apache2-4Build/jaxer/framework/src/ModuleLogger.js
  -> file:///E:/Aptana%20Jaxer%20Apache/Jaxer/Apache2-4Build/jaxer/framework/src/CoreEvents.js
  -> file:///E:/Aptana%20Jaxer%20Apache/Jaxer/Apache2-4Build/jaxer/components/aptEventHandler.js

01:10:42 12/24/2025 [ 15324] [TRACE] [JS Framework] [Request.Request] Constructing request from: ({constructorErrors:[], _request:{}, method:"POST", isHandler:true, uri:"/jaxer-callback", protocol:"HTTP/1.1", remoteUser:"", remoteHost:"desktop-lpv0ncp", remoteAddr:"::1", pageFile:"E:/Aptana Jaxer Apache/Jaxer/Apache2-4Build/public/jaxer-callback", documentRoot:"E:/Aptana Jaxer Apache/Jaxer/Apache2-4Build/public", OS:"WINNT", isJaxerServer:true, isHTTPS:false, queryString:"", logFileNativePath:"", action:"POST", headers:{Host:"localhost:8081", Connection:"keep-alive", 'Content-Length':"361", 'sec-ch-ua-platform':"\"Windows\"", 'X-Requested-With':"XMLHttpRequest", 'User-Agent':"Mozilla/5.0 (Windows NT 10.0; Win64; x64) AppleWebKit/537.36 (KHTML, like Gecko) Chrome/140.0.0.0 Safari/537.36 OPR/124.0.0.0", 'sec-ch-ua':"\"Chromium\";v=\"140\", \"Not=A?Brand\";v=\"24\", \"Opera\";v=\"124\"", 'Content-Type':"application/x-www-form-urlencoded", 'sec-ch-ua-mobile':"?0", Accept:"*/*", Origin:"http://localhost:8081", 'Sec-Fetch-Site':"same-origin", 'Sec-Fetch-Mode':"cors", 'Sec-Fetch-Dest':"empty", Referer:"http://localhost:8081/aptana/samples/logging/index.html", 'Accept-Encoding':"gzip, deflate, br, zstd", 'Accept-Language':"en-US,en;q=0.9", Cookie:"JaxerSessionId%24%24localhost%3A8081=176589175647709027719934159097; JaxerSessionId%24%24diagnostics=1766389857171006019406608883027; JaxerSessionId%24%24chat=176650225815408013378880202926; JaxerSessionId%24%24smtp-email=1766502615487048247814800171795; JaxerSessionId%24%24rss-sample=1766502620172023884340692192807; JaxerSessionId%24%24tasks=176650262827103192941976629359; JaxerSessionId%24%24wikilite=1766502633159009874746526267386; JaxerSessionId%24%24logging=176650264152708165463317747484"}})
stack:
  ->  [ModuleLogger.js:98] trace("Constructing request from: ({constructorErrors:[], _request:{}, method:\"POST\", isHandler:true, uri:\"/jaxer-callback\", protocol:\"HTTP/1.1\", remoteUser:\"\", remoteHost:\"desktop-lpv0ncp\", remoteAddr:\"::1\", pageFile:\"E:/Aptana Jaxer Apache/Jaxer/Apache2-4Build/public/jaxer-callback\", documentRoot:\"E:/Aptana Jaxer Apache/Jaxer/Apache2-4Build/public\", OS:\"WINNT\", isJaxerServer:true, isHTTPS:false, queryString:\"\", logFileNativePath:\"\", action:\"POST\", headers:{Host:\"localhost:8081\", Connection:\"keep-alive\", 'Content-Length':\"361\", 'sec-ch-ua-platform':\"\\\"Windows\\\"\", 'X-Requested-With':\"XMLHttpRequest\", 'User-Agent':\"Mozilla/5.0 (Windows NT 10.0; Win64; x64) AppleWebKit/537.36 (KHTML, like Gecko) Chrome/140.0.0.0 Safari/537.36 OPR/124.0.0.0\", 'sec-ch-ua':\"\\\"Chromium\\\";v=\\\"140\\\", \\\"Not=A?Brand\\\";v=\\\"24\\\", \\\"Opera\\\";v=\\\"124\\\"\", 'Content-Type':\"application/x-www-form-urlencoded\", 'sec-ch-ua-mobile':\"?0\", Accept:\"*/*\", Origin:\"http://localhost:8081\", 'Sec-Fetch-Site':\"same-origin\", 'Sec-Fetch-Mode':\"cors\", 'Sec-Fetch-Dest':\"empty\", Referer:\"http://localhost:8081/aptana/samples/logging/index.html\", 'Accept-Encoding':\"gzip, deflate, br, zstd\", 'Accept-Language':\"en-US,en;q=0.9\", Cookie:\"JaxerSessionId%24%24localhost%3A8081=176589175647709027719934159097; JaxerSessionId%24%24diagnostics=1766389857171006019406608883027; JaxerSessionId%24%24chat=176650225815408013378880202926; JaxerSessionId%24%24smtp-email=1766502615487048247814800171795; JaxerSessionId%24%24rss-sample=1766502620172023884340692192807; JaxerSessionId%24%24tasks=176650262827103192941976629359; JaxerSessionId%24%24wikilite=1766502633159009874746526267386; JaxerSessionId%24%24logging=176650264152708165463317747484\"}})")
  ->  [Request.js:202] Request([object XPCWrappedNative_NoHelper])
  ->  [ParseStart.js:49] onParseStart([object XPCWrappedNative_NoHelper])
  ->  [CoreEvents.js:293] fireEvent("PARSE_START",[object Array])
  ->  [CoreEvents.js:238] fire("PARSE_START",[object XPCWrappedNative_NoHelper])
  ->  [aptEventHandler.js:306] observe([object XPCWrappedNative_NoHelper],"jaxerEvent.HTMLParseStart",null)
paths:
  -> file:///E:/Aptana%20Jaxer%20Apache/Jaxer/Apache2-4Build/jaxer/framework/src/ModuleLogger.js
  -> file:///E:/Aptana%20Jaxer%20Apache/Jaxer/Apache2-4Build/jaxer/framework/src/Request.js
  -> file:///E:/Aptana%20Jaxer%20Apache/Jaxer/Apache2-4Build/jaxer/framework/src/ParseStart.js
  -> file:///E:/Aptana%20Jaxer%20Apache/Jaxer/Apache2-4Build/jaxer/framework/src/CoreEvents.js
  -> file:///E:/Aptana%20Jaxer%20Apache/Jaxer/Apache2-4Build/jaxer/components/aptEventHandler.js

01:10:42 12/24/2025 [ 15324] [TRACE] [JS Framework] [ParseStart.onParseStart] Matching app using parsedUrl='({url:"http://localhost:8081/aptana/samples/logging/index.html", scheme:"http", protocol:"http", authority:"localhost:8081", path:"/aptana/samples/logging/index.html", query:"", fragment:"", userInfo:"", host:"localhost", port:"8081", hostAndPort:"localhost:8081", base:"http://localhost:8081", subdomain:"", domain:"localhost", pathParts:["aptana", "samples", "logging", "index.html"], leaf:"index.html", queryParts:{}})'
stack:
  ->  [ModuleLogger.js:98] trace("Matching app using parsedUrl='({url:\"http://localhost:8081/aptana/samples/logging/index.html\", scheme:\"http\", protocol:\"http\", authority:\"localhost:8081\", path:\"/aptana/samples/logging/index.html\", query:\"\", fragment:\"\", userInfo:\"\", host:\"localhost\", port:\"8081\", hostAndPort:\"localhost:8081\", base:\"http://localhost:8081\", subdomain:\"\", domain:\"localhost\", pathParts:[\"aptana\", \"samples\", \"logging\", \"index.html\"], leaf:\"index.html\", queryParts:{}})'")
  ->  [ParseStart.js:81] onParseStart([object XPCWrappedNative_NoHelper])
  ->  [CoreEvents.js:293] fireEvent("PARSE_START",[object Array])
  ->  [CoreEvents.js:238] fire("PARSE_START",[object XPCWrappedNative_NoHelper])
  ->  [aptEventHandler.js:306] observe([object XPCWrappedNative_NoHelper],"jaxerEvent.HTMLParseStart",null)
paths:
  -> file:///E:/Aptana%20Jaxer%20Apache/Jaxer/Apache2-4Build/jaxer/framework/src/ModuleLogger.js
  -> file:///E:/Aptana%20Jaxer%20Apache/Jaxer/Apache2-4Build/jaxer/framework/src/ParseStart.js
  -> file:///E:/Aptana%20Jaxer%20Apache/Jaxer/Apache2-4Build/jaxer/framework/src/CoreEvents.js
  -> file:///E:/Aptana%20Jaxer%20Apache/Jaxer/Apache2-4Build/jaxer/components/aptEventHandler.js

01:10:42 12/24/2025 [ 15324] [TRACE] [JS Framework] [App.init] Initializing app 'DEFAULT' (urlTest: /.*/)
stack:
  ->  [ModuleLogger.js:98] trace("Initializing app 'DEFAULT' (urlTest: /.*/)")
  ->  [App.js:184] init()
  ->  [ParseStart.js:110] onParseStart([object XPCWrappedNative_NoHelper])
  ->  [CoreEvents.js:293] fireEvent("PARSE_START",[object Array])
  ->  [CoreEvents.js:238] fire("PARSE_START",[object XPCWrappedNative_NoHelper])
  ->  [aptEventHandler.js:306] observe([object XPCWrappedNative_NoHelper],"jaxerEvent.HTMLParseStart",null)
paths:
  -> file:///E:/Aptana%20Jaxer%20Apache/Jaxer/Apache2-4Build/jaxer/framework/src/ModuleLogger.js
  -> file:///E:/Aptana%20Jaxer%20Apache/Jaxer/Apache2-4Build/jaxer/framework/src/App.js
  -> file:///E:/Aptana%20Jaxer%20Apache/Jaxer/Apache2-4Build/jaxer/framework/src/ParseStart.js
  -> file:///E:/Aptana%20Jaxer%20Apache/Jaxer/Apache2-4Build/jaxer/framework/src/CoreEvents.js
  -> file:///E:/Aptana%20Jaxer%20Apache/Jaxer/Apache2-4Build/jaxer/components/aptEventHandler.js

01:10:42 12/24/2025 [ 15324] [TRACE] [JS Framework] [App.init] APP_KEY for app 'DEFAULT': localhost:8081
stack:
  ->  [ModuleLogger.js:98] trace("APP_KEY for app 'DEFAULT': localhost:8081")
  ->  [App.js:196] init()
  ->  [ParseStart.js:110] onParseStart([object XPCWrappedNative_NoHelper])
  ->  [CoreEvents.js:293] fireEvent("PARSE_START",[object Array])
  ->  [CoreEvents.js:238] fire("PARSE_START",[object XPCWrappedNative_NoHelper])
  ->  [aptEventHandler.js:306] observe([object XPCWrappedNative_NoHelper],"jaxerEvent.HTMLParseStart",null)
paths:
  -> file:///E:/Aptana%20Jaxer%20Apache/Jaxer/Apache2-4Build/jaxer/framework/src/ModuleLogger.js
  -> file:///E:/Aptana%20Jaxer%20Apache/Jaxer/Apache2-4Build/jaxer/framework/src/App.js
  -> file:///E:/Aptana%20Jaxer%20Apache/Jaxer/Apache2-4Build/jaxer/framework/src/ParseStart.js
  -> file:///E:/Aptana%20Jaxer%20Apache/Jaxer/Apache2-4Build/jaxer/framework/src/CoreEvents.js
  -> file:///E:/Aptana%20Jaxer%20Apache/Jaxer/Apache2-4Build/jaxer/components/aptEventHandler.js

01:10:42 12/24/2025 [ 15324] [TRACE] [JS Framework] [App.init] PAGE_KEY for app 'DEFAULT': localhost:8081/aptana/samples/logging/index.html
stack:
  ->  [ModuleLogger.js:98] trace("PAGE_KEY for app 'DEFAULT': localhost:8081/aptana/samples/logging/index.html")
  ->  [App.js:208] init()
  ->  [ParseStart.js:110] onParseStart([object XPCWrappedNative_NoHelper])
  ->  [CoreEvents.js:293] fireEvent("PARSE_START",[object Array])
  ->  [CoreEvents.js:238] fire("PARSE_START",[object XPCWrappedNative_NoHelper])
  ->  [aptEventHandler.js:306] observe([object XPCWrappedNative_NoHelper],"jaxerEvent.HTMLParseStart",null)
paths:
  -> file:///E:/Aptana%20Jaxer%20Apache/Jaxer/Apache2-4Build/jaxer/framework/src/ModuleLogger.js
  -> file:///E:/Aptana%20Jaxer%20Apache/Jaxer/Apache2-4Build/jaxer/framework/src/App.js
  -> file:///E:/Aptana%20Jaxer%20Apache/Jaxer/Apache2-4Build/jaxer/framework/src/ParseStart.js
  -> file:///E:/Aptana%20Jaxer%20Apache/Jaxer/Apache2-4Build/jaxer/framework/src/CoreEvents.js
  -> file:///E:/Aptana%20Jaxer%20Apache/Jaxer/Apache2-4Build/jaxer/components/aptEventHandler.js

01:10:42 12/24/2025 [ 15324] [TRACE] [JS Framework] [App.init] PATH for app 'DEFAULT': resource:///../local_jaxer/data/DEFAULT
stack:
  ->  [ModuleLogger.js:98] trace("PATH for app 'DEFAULT': resource:///../local_jaxer/data/DEFAULT")
  ->  [App.js:231] init()
  ->  [ParseStart.js:110] onParseStart([object XPCWrappedNative_NoHelper])
  ->  [CoreEvents.js:293] fireEvent("PARSE_START",[object Array])
  ->  [CoreEvents.js:238] fire("PARSE_START",[object XPCWrappedNative_NoHelper])
  ->  [aptEventHandler.js:306] observe([object XPCWrappedNative_NoHelper],"jaxerEvent.HTMLParseStart",null)
paths:
  -> file:///E:/Aptana%20Jaxer%20Apache/Jaxer/Apache2-4Build/jaxer/framework/src/ModuleLogger.js
  -> file:///E:/Aptana%20Jaxer%20Apache/Jaxer/Apache2-4Build/jaxer/framework/src/App.js
  -> file:///E:/Aptana%20Jaxer%20Apache/Jaxer/Apache2-4Build/jaxer/framework/src/ParseStart.js
  -> file:///E:/Aptana%20Jaxer%20Apache/Jaxer/Apache2-4Build/jaxer/framework/src/CoreEvents.js
  -> file:///E:/Aptana%20Jaxer%20Apache/Jaxer/Apache2-4Build/jaxer/components/aptEventHandler.js

01:10:42 12/24/2025 [ 15324] [TRACE] [JS Framework] [App.App] Constructing App from props: ({urlTest:(function (parsedUrl) {return parsedUrl.pathParts.length > 2 && parsedUrl.pathParts[0] == "aptana" && parsedUrl.pathParts[1] == "samples";}), name:(function (parsedUrl) {return parsedUrl.pathParts[2];}), path:(function (resolvedName, parsedUrl) {return Dir.combine(Config.DEFAULT_PATH_BASE, "samples", resolvedName);}), db:(function (resolvedName, parsedUrl) {switch (Config.DEFAULT_DB.IMPLEMENTATION) {case "SQLite":return Util.extend(Config.DEFAULT_DB, {PATH: Dir.combine(Config.DEFAULT_PATH_BASE, "samples", resolvedName, resolvedName + ".sqlite")});case "MySQL":return Util.extend(Config.DEFAULT_DB, {NAME: resolvedName});default:throw new Exception("Unrecognized database implementation: " + Config.DEFAULT_DB.IMPLEMENTATION);}})}) and a default app of: ({urlTest:/.*/, name:"DEFAULT", appKey:(function (parsedUrl) {return parsedUrl.hostAndPort;}), pageKey:(function (parsedUrl) {return parsedUrl.hostAndPort + parsedUrl.path;}), db:function smartDB(resolvedName, parsedUrl) {switch (Config.DEFAULT_DB.IMPLEMENTATION) {case "SQLite":return Util.extend(Config.DEFAULT_DB, {PATH: Dir.combine(Config.DEFAULT_PATH_BASE, resolvedName, "appdata.sqlite")});case "MySQL":return Util.extend(Config.DEFAULT_DB, {NAME: resolvedName});default:throw new Exception("Unrecognized database implementation: " + Config.DEFAULT_DB.IMPLEMENTATION);}}, path:(function (resolvedName, parsedUrl) {return Dir.combine(Config.DEFAULT_PATH_BASE, resolvedName);}), handler:(void 0), get NAME () {return _NAME;}, get APP_KEY () {return _APP_KEY;}, get PAGE_KEY () {return _PAGE_KEY;}, get DB () {return _DB;}, get PATH () {return _PATH;}})
stack:
  ->  [ModuleLogger.js:98] trace("Constructing App from props: ({urlTest:(function (parsedUrl) {return parsedUrl.pathParts.length > 2 && parsedUrl.pathParts[0] == \"aptana\" && parsedUrl.pathParts[1] == \"samples\";}), name:(function (parsedUrl) {return parsedUrl.pathParts[2];}), path:(function (resolvedName, parsedUrl) {return Dir.combine(Config.DEFAULT_PATH_BASE, \"samples\", resolvedName);}), db:(function (resolvedName, parsedUrl) {switch (Config.DEFAULT_DB.IMPLEMENTATION) {case \"SQLite\":return Util.extend(Config.DEFAULT_DB, {PATH: Dir.combine(Config.DEFAULT_PATH_BASE, \"samples\", resolvedName, resolvedName + \".sqlite\")});case \"MySQL\":return Util.extend(Config.DEFAULT_DB, {NAME: resolvedName});default:throw new Exception(\"Unrecognized database implementation: \" + Config.DEFAULT_DB.IMPLEMENTATION);}})}) and a default app of: ({urlTest:/.*/, name:\"DEFAULT\", appKey:(function (parsedUrl) {return parsedUrl.hostAndPort;}), pageKey:(function (parsedUrl) {return parsedUrl.hostAndPort + parsedUrl.path;}), db:function smartDB(resolvedName, parsedUrl) {switch (Config.DEFAULT_DB.IMPLEMENTATION) {case \"SQLite\":return Util.extend(Config.DEFAULT_DB, {PATH: Dir.combine(Config.DEFAULT_PATH_BASE, resolvedName, \"appdata.sqlite\")});case \"MySQL\":return Util.extend(Config.DEFAULT_DB, {NAME: resolvedName});default:throw new Exception(\"Unrecognized database implementation: \" + Config.DEFAULT_DB.IMPLEMENTATION);}}, path:(function (resolvedName, parsedUrl) {return Dir.combine(Config.DEFAULT_PATH_BASE, resolvedName);}), handler:(void 0), get NAME () {return _NAME;}, get APP_KEY () {return _APP_KEY;}, get PAGE_KEY () {return _PAGE_KEY;}, get DB () {return _DB;}, get PATH () {return _PATH;}})")
  ->  [App.js:56] App([object Object])
  ->  [ParseStart.js:111] onParseStart([object XPCWrappedNative_NoHelper])
  ->  [CoreEvents.js:293] fireEvent("PARSE_START",[object Array])
  ->  [CoreEvents.js:238] fire("PARSE_START",[object XPCWrappedNative_NoHelper])
  ->  [aptEventHandler.js:306] observe([object XPCWrappedNative_NoHelper],"jaxerEvent.HTMLParseStart",null)
paths:
  -> file:///E:/Aptana%20Jaxer%20Apache/Jaxer/Apache2-4Build/jaxer/framework/src/ModuleLogger.js
  -> file:///E:/Aptana%20Jaxer%20Apache/Jaxer/Apache2-4Build/jaxer/framework/src/App.js
  -> file:///E:/Aptana%20Jaxer%20Apache/Jaxer/Apache2-4Build/jaxer/framework/src/ParseStart.js
  -> file:///E:/Aptana%20Jaxer%20Apache/Jaxer/Apache2-4Build/jaxer/framework/src/CoreEvents.js
  -> file:///E:/Aptana%20Jaxer%20Apache/Jaxer/Apache2-4Build/jaxer/components/aptEventHandler.js

01:10:42 12/24/2025 [ 15324] [TRACE] [JS Framework] [App.init] Initializing app 'logging' (urlTest: function (parsedUrl) {
    return parsedUrl.pathParts.length > 2 &&
        parsedUrl.pathParts[0] == "aptana" &&
        parsedUrl.pathParts[1] == "samples";
})
stack:
  ->  [ModuleLogger.js:98] trace("Initializing app 'logging' (urlTest: function (parsedUrl) {\n    return parsedUrl.pathParts.length > 2 &&\n        parsedUrl.pathParts[0] == \"aptana\" &&\n        parsedUrl.pathParts[1] == \"samples\";\n})")
  ->  [App.js:184] init()
  ->  [App.js:151] App([object Object])
  ->  [ParseStart.js:111] onParseStart([object XPCWrappedNative_NoHelper])
  ->  [CoreEvents.js:293] fireEvent("PARSE_START",[object Array])
  ->  [CoreEvents.js:238] fire("PARSE_START",[object XPCWrappedNative_NoHelper])
  ->  [aptEventHandler.js:306] observe([object XPCWrappedNative_NoHelper],"jaxerEvent.HTMLParseStart",null)
paths:
  -> file:///E:/Aptana%20Jaxer%20Apache/Jaxer/Apache2-4Build/jaxer/framework/src/ModuleLogger.js
  -> file:///E:/Aptana%20Jaxer%20Apache/Jaxer/Apache2-4Build/jaxer/framework/src/App.js
  -> file:///E:/Aptana%20Jaxer%20Apache/Jaxer/Apache2-4Build/jaxer/framework/src/ParseStart.js
  -> file:///E:/Aptana%20Jaxer%20Apache/Jaxer/Apache2-4Build/jaxer/framework/src/CoreEvents.js
  -> file:///E:/Aptana%20Jaxer%20Apache/Jaxer/Apache2-4Build/jaxer/components/aptEventHandler.js

01:10:42 12/24/2025 [ 15324] [TRACE] [JS Framework] [App.init] APP_KEY for app 'logging': logging
stack:
  ->  [ModuleLogger.js:98] trace("APP_KEY for app 'logging': logging")
  ->  [App.js:196] init()
  ->  [App.js:151] App([object Object])
  ->  [ParseStart.js:111] onParseStart([object XPCWrappedNative_NoHelper])
  ->  [CoreEvents.js:293] fireEvent("PARSE_START",[object Array])
  ->  [CoreEvents.js:238] fire("PARSE_START",[object XPCWrappedNative_NoHelper])
  ->  [aptEventHandler.js:306] observe([object XPCWrappedNative_NoHelper],"jaxerEvent.HTMLParseStart",null)
paths:
  -> file:///E:/Aptana%20Jaxer%20Apache/Jaxer/Apache2-4Build/jaxer/framework/src/ModuleLogger.js
  -> file:///E:/Aptana%20Jaxer%20Apache/Jaxer/Apache2-4Build/jaxer/framework/src/App.js
  -> file:///E:/Aptana%20Jaxer%20Apache/Jaxer/Apache2-4Build/jaxer/framework/src/ParseStart.js
  -> file:///E:/Aptana%20Jaxer%20Apache/Jaxer/Apache2-4Build/jaxer/framework/src/CoreEvents.js
  -> file:///E:/Aptana%20Jaxer%20Apache/Jaxer/Apache2-4Build/jaxer/components/aptEventHandler.js

01:10:42 12/24/2025 [ 15324] [TRACE] [JS Framework] [App.init] PAGE_KEY for app 'logging': localhost:8081/aptana/samples/logging/index.html
stack:
  ->  [ModuleLogger.js:98] trace("PAGE_KEY for app 'logging': localhost:8081/aptana/samples/logging/index.html")
  ->  [App.js:208] init()
  ->  [App.js:151] App([object Object])
  ->  [ParseStart.js:111] onParseStart([object XPCWrappedNative_NoHelper])
  ->  [CoreEvents.js:293] fireEvent("PARSE_START",[object Array])
  ->  [CoreEvents.js:238] fire("PARSE_START",[object XPCWrappedNative_NoHelper])
  ->  [aptEventHandler.js:306] observe([object XPCWrappedNative_NoHelper],"jaxerEvent.HTMLParseStart",null)
paths:
  -> file:///E:/Aptana%20Jaxer%20Apache/Jaxer/Apache2-4Build/jaxer/framework/src/ModuleLogger.js
  -> file:///E:/Aptana%20Jaxer%20Apache/Jaxer/Apache2-4Build/jaxer/framework/src/App.js
  -> file:///E:/Aptana%20Jaxer%20Apache/Jaxer/Apache2-4Build/jaxer/framework/src/ParseStart.js
  -> file:///E:/Aptana%20Jaxer%20Apache/Jaxer/Apache2-4Build/jaxer/framework/src/CoreEvents.js
  -> file:///E:/Aptana%20Jaxer%20Apache/Jaxer/Apache2-4Build/jaxer/components/aptEventHandler.js

01:10:42 12/24/2025 [ 15324] [TRACE] [JS Framework] [App.init] PATH for app 'logging': resource:///../local_jaxer/data/samples/logging
stack:
  ->  [ModuleLogger.js:98] trace("PATH for app 'logging': resource:///../local_jaxer/data/samples/logging")
  ->  [App.js:231] init()
  ->  [App.js:151] App([object Object])
  ->  [ParseStart.js:111] onParseStart([object XPCWrappedNative_NoHelper])
  ->  [CoreEvents.js:293] fireEvent("PARSE_START",[object Array])
  ->  [CoreEvents.js:238] fire("PARSE_START",[object XPCWrappedNative_NoHelper])
  ->  [aptEventHandler.js:306] observe([object XPCWrappedNative_NoHelper],"jaxerEvent.HTMLParseStart",null)
paths:
  -> file:///E:/Aptana%20Jaxer%20Apache/Jaxer/Apache2-4Build/jaxer/framework/src/ModuleLogger.js
  -> file:///E:/Aptana%20Jaxer%20Apache/Jaxer/Apache2-4Build/jaxer/framework/src/App.js
  -> file:///E:/Aptana%20Jaxer%20Apache/Jaxer/Apache2-4Build/jaxer/framework/src/ParseStart.js
  -> file:///E:/Aptana%20Jaxer%20Apache/Jaxer/Apache2-4Build/jaxer/framework/src/CoreEvents.js
  -> file:///E:/Aptana%20Jaxer%20Apache/Jaxer/Apache2-4Build/jaxer/components/aptEventHandler.js

01:10:42 12/24/2025 [ 15324] [TRACE] [JS Framework] [ParseStart.onParseStart] Using app 'logging': urlTest = function (parsedUrl) {
    return parsedUrl.pathParts.length > 2 &&
        parsedUrl.pathParts[0] == "aptana" &&
        parsedUrl.pathParts[1] == "samples";
}
stack:
  ->  [ModuleLogger.js:98] trace("Using app 'logging': urlTest = function (parsedUrl) {\n    return parsedUrl.pathParts.length > 2 &&\n        parsedUrl.pathParts[0] == \"aptana\" &&\n        parsedUrl.pathParts[1] == \"samples\";\n}")
  ->  [ParseStart.js:113] onParseStart([object XPCWrappedNative_NoHelper])
  ->  [CoreEvents.js:293] fireEvent("PARSE_START",[object Array])
  ->  [CoreEvents.js:238] fire("PARSE_START",[object XPCWrappedNative_NoHelper])
  ->  [aptEventHandler.js:306] observe([object XPCWrappedNative_NoHelper],"jaxerEvent.HTMLParseStart",null)
paths:
  -> file:///E:/Aptana%20Jaxer%20Apache/Jaxer/Apache2-4Build/jaxer/framework/src/ModuleLogger.js
  -> file:///E:/Aptana%20Jaxer%20Apache/Jaxer/Apache2-4Build/jaxer/framework/src/ParseStart.js
  -> file:///E:/Aptana%20Jaxer%20Apache/Jaxer/Apache2-4Build/jaxer/framework/src/CoreEvents.js
  -> file:///E:/Aptana%20Jaxer%20Apache/Jaxer/Apache2-4Build/jaxer/components/aptEventHandler.js

01:10:42 12/24/2025 [ 15324] [DEBUG] [JS Framework] [SessionManager.keyFromRequest] Getting session key from the client via cookie JaxerSessionId$$logging: 176650264152708165463317747484
stack:
  ->  [ModuleLogger.js:98] debug("Getting session key from the client via cookie JaxerSessionId$$logging: 176650264152708165463317747484")
  ->  [SessionManager.js:59] keyFromRequest("logging")
  ->  [Container.js:474] init("logging","localhost:8081/aptana/samples/logging/index.html")
  ->  [ParseStart.js:122] onParseStart([object XPCWrappedNative_NoHelper])
  ->  [CoreEvents.js:293] fireEvent("PARSE_START",[object Array])
  ->  [CoreEvents.js:238] fire("PARSE_START",[object XPCWrappedNative_NoHelper])
  ->  [aptEventHandler.js:306] observe([object XPCWrappedNative_NoHelper],"jaxerEvent.HTMLParseStart",null)
paths:
  -> file:///E:/Aptana%20Jaxer%20Apache/Jaxer/Apache2-4Build/jaxer/framework/src/ModuleLogger.js
  -> file:///E:/Aptana%20Jaxer%20Apache/Jaxer/Apache2-4Build/jaxer/framework/src/SessionManager.js
  -> file:///E:/Aptana%20Jaxer%20Apache/Jaxer/Apache2-4Build/jaxer/framework/src/Container.js
  -> file:///E:/Aptana%20Jaxer%20Apache/Jaxer/Apache2-4Build/jaxer/framework/src/ParseStart.js
  -> file:///E:/Aptana%20Jaxer%20Apache/Jaxer/Apache2-4Build/jaxer/framework/src/CoreEvents.js
  -> file:///E:/Aptana%20Jaxer%20Apache/Jaxer/Apache2-4Build/jaxer/components/aptEventHandler.js

01:10:42 12/24/2025 [ 15324] [DEBUG] [JS Framework] [Container.init] Created APPLICATION container as Jaxer.application with key logging
stack:
  ->  [ModuleLogger.js:98] debug("Created APPLICATION container as Jaxer.application with key logging")
  ->  [Container.js:485] init("logging","localhost:8081/aptana/samples/logging/index.html")
  ->  [ParseStart.js:122] onParseStart([object XPCWrappedNative_NoHelper])
  ->  [CoreEvents.js:293] fireEvent("PARSE_START",[object Array])
  ->  [CoreEvents.js:238] fire("PARSE_START",[object XPCWrappedNative_NoHelper])
  ->  [aptEventHandler.js:306] observe([object XPCWrappedNative_NoHelper],"jaxerEvent.HTMLParseStart",null)
paths:
  -> file:///E:/Aptana%20Jaxer%20Apache/Jaxer/Apache2-4Build/jaxer/framework/src/ModuleLogger.js
  -> file:///E:/Aptana%20Jaxer%20Apache/Jaxer/Apache2-4Build/jaxer/framework/src/Container.js
  -> file:///E:/Aptana%20Jaxer%20Apache/Jaxer/Apache2-4Build/jaxer/framework/src/ParseStart.js
  -> file:///E:/Aptana%20Jaxer%20Apache/Jaxer/Apache2-4Build/jaxer/framework/src/CoreEvents.js
  -> file:///E:/Aptana%20Jaxer%20Apache/Jaxer/Apache2-4Build/jaxer/components/aptEventHandler.js

01:10:42 12/24/2025 [ 15324] [DEBUG] [JS Framework] [Container.init] Created PAGE container as Jaxer.page with key localhost:8081/aptana/samples/logging/index.html
stack:
  ->  [ModuleLogger.js:98] debug("Created PAGE container as Jaxer.page with key localhost:8081/aptana/samples/logging/index.html")
  ->  [Container.js:485] init("logging","localhost:8081/aptana/samples/logging/index.html")
  ->  [ParseStart.js:122] onParseStart([object XPCWrappedNative_NoHelper])
  ->  [CoreEvents.js:293] fireEvent("PARSE_START",[object Array])
  ->  [CoreEvents.js:238] fire("PARSE_START",[object XPCWrappedNative_NoHelper])
  ->  [aptEventHandler.js:306] observe([object XPCWrappedNative_NoHelper],"jaxerEvent.HTMLParseStart",null)
paths:
  -> file:///E:/Aptana%20Jaxer%20Apache/Jaxer/Apache2-4Build/jaxer/framework/src/ModuleLogger.js
  -> file:///E:/Aptana%20Jaxer%20Apache/Jaxer/Apache2-4Build/jaxer/framework/src/Container.js
  -> file:///E:/Aptana%20Jaxer%20Apache/Jaxer/Apache2-4Build/jaxer/framework/src/ParseStart.js
  -> file:///E:/Aptana%20Jaxer%20Apache/Jaxer/Apache2-4Build/jaxer/framework/src/CoreEvents.js
  -> file:///E:/Aptana%20Jaxer%20Apache/Jaxer/Apache2-4Build/jaxer/components/aptEventHandler.js

01:10:42 12/24/2025 [ 15324] [DEBUG] [JS Framework] [Container.init] Created SESSION container as Jaxer.session with key 176650264152708165463317747484
stack:
  ->  [ModuleLogger.js:98] debug("Created SESSION container as Jaxer.session with key 176650264152708165463317747484")
  ->  [Container.js:485] init("logging","localhost:8081/aptana/samples/logging/index.html")
  ->  [ParseStart.js:122] onParseStart([object XPCWrappedNative_NoHelper])
  ->  [CoreEvents.js:293] fireEvent("PARSE_START",[object Array])
  ->  [CoreEvents.js:238] fire("PARSE_START",[object XPCWrappedNative_NoHelper])
  ->  [aptEventHandler.js:306] observe([object XPCWrappedNative_NoHelper],"jaxerEvent.HTMLParseStart",null)
paths:
  -> file:///E:/Aptana%20Jaxer%20Apache/Jaxer/Apache2-4Build/jaxer/framework/src/ModuleLogger.js
  -> file:///E:/Aptana%20Jaxer%20Apache/Jaxer/Apache2-4Build/jaxer/framework/src/Container.js
  -> file:///E:/Aptana%20Jaxer%20Apache/Jaxer/Apache2-4Build/jaxer/framework/src/ParseStart.js
  -> file:///E:/Aptana%20Jaxer%20Apache/Jaxer/Apache2-4Build/jaxer/framework/src/CoreEvents.js
  -> file:///E:/Aptana%20Jaxer%20Apache/Jaxer/Apache2-4Build/jaxer/components/aptEventHandler.js

01:10:42 12/24/2025 [ 15324] [DEBUG] [JS Framework] [Container.init] Created SESSION_PAGE container as Jaxer.sessionPage with key 176650264152708165463317747484$$localhost:8081/aptana/samples/logging/index.html
stack:
  ->  [ModuleLogger.js:98] debug("Created SESSION_PAGE container as Jaxer.sessionPage with key 176650264152708165463317747484$$localhost:8081/aptana/samples/logging/index.html")
  ->  [Container.js:485] init("logging","localhost:8081/aptana/samples/logging/index.html")
  ->  [ParseStart.js:122] onParseStart([object XPCWrappedNative_NoHelper])
  ->  [CoreEvents.js:293] fireEvent("PARSE_START",[object Array])
  ->  [CoreEvents.js:238] fire("PARSE_START",[object XPCWrappedNative_NoHelper])
  ->  [aptEventHandler.js:306] observe([object XPCWrappedNative_NoHelper],"jaxerEvent.HTMLParseStart",null)
paths:
  -> file:///E:/Aptana%20Jaxer%20Apache/Jaxer/Apache2-4Build/jaxer/framework/src/ModuleLogger.js
  -> file:///E:/Aptana%20Jaxer%20Apache/Jaxer/Apache2-4Build/jaxer/framework/src/Container.js
  -> file:///E:/Aptana%20Jaxer%20Apache/Jaxer/Apache2-4Build/jaxer/framework/src/ParseStart.js
  -> file:///E:/Aptana%20Jaxer%20Apache/Jaxer/Apache2-4Build/jaxer/framework/src/CoreEvents.js
  -> file:///E:/Aptana%20Jaxer%20Apache/Jaxer/Apache2-4Build/jaxer/components/aptEventHandler.js

01:10:42 12/24/2025 [ 15324] [TRACE] [JS Framework] [DB.setDefault] Setting default connection for app: logging
stack:
  ->  [ModuleLogger.js:98] trace("Setting default connection for app: logging")
  ->  [DB.js:162] setDefault("logging",[object Object])
  ->  [ParseStart.js:123] onParseStart([object XPCWrappedNative_NoHelper])
  ->  [CoreEvents.js:293] fireEvent("PARSE_START",[object Array])
  ->  [CoreEvents.js:238] fire("PARSE_START",[object XPCWrappedNative_NoHelper])
  ->  [aptEventHandler.js:306] observe([object XPCWrappedNative_NoHelper],"jaxerEvent.HTMLParseStart",null)
paths:
  -> file:///E:/Aptana%20Jaxer%20Apache/Jaxer/Apache2-4Build/jaxer/framework/src/ModuleLogger.js
  -> file:///E:/Aptana%20Jaxer%20Apache/Jaxer/Apache2-4Build/jaxer/framework/src/DB.js
  -> file:///E:/Aptana%20Jaxer%20Apache/Jaxer/Apache2-4Build/jaxer/framework/src/ParseStart.js
  -> file:///E:/Aptana%20Jaxer%20Apache/Jaxer/Apache2-4Build/jaxer/framework/src/CoreEvents.js
  -> file:///E:/Aptana%20Jaxer%20Apache/Jaxer/Apache2-4Build/jaxer/components/aptEventHandler.js

01:10:42 12/24/2025 [ 15324] [TRACE] [JS Framework] [CoreEvents.fire] At this time, evt.Request.isHandler=true and eventType: NEW_ELEMENT - HTML
stack:
  ->  [ModuleLogger.js:98] trace("At this time, evt.Request.isHandler=true and eventType: NEW_ELEMENT - HTML")
  ->  [CoreEvents.js:205] fire("NEW_ELEMENT",[object XPCWrappedNative_NoHelper],[object HTMLDocument],[object HTMLHtmlElement])
  ->  [aptEventHandler.js:157] observe([object XPCWrappedNative_NoHelper],"jaxerEvent.NewHTMLElement",null)
paths:
  -> file:///E:/Aptana%20Jaxer%20Apache/Jaxer/Apache2-4Build/jaxer/framework/src/ModuleLogger.js
  -> file:///E:/Aptana%20Jaxer%20Apache/Jaxer/Apache2-4Build/jaxer/framework/src/CoreEvents.js
  -> file:///E:/Aptana%20Jaxer%20Apache/Jaxer/Apache2-4Build/jaxer/components/aptEventHandler.js

01:10:42 12/24/2025 [ 15324] [TRACE] [JS Framework] [CoreEvents.fireEvent] Firing an event for NEW_ELEMENT
stack:
  ->  [ModuleLogger.js:98] trace("Firing an event for NEW_ELEMENT")
  ->  [CoreEvents.js:282] fireEvent("NEW_ELEMENT",[object Array])
  ->  [CoreEvents.js:238] fire("NEW_ELEMENT",[object XPCWrappedNative_NoHelper],[object HTMLDocument],[object HTMLHtmlElement])
  ->  [aptEventHandler.js:157] observe([object XPCWrappedNative_NoHelper],"jaxerEvent.NewHTMLElement",null)
paths:
  -> file:///E:/Aptana%20Jaxer%20Apache/Jaxer/Apache2-4Build/jaxer/framework/src/ModuleLogger.js
  -> file:///E:/Aptana%20Jaxer%20Apache/Jaxer/Apache2-4Build/jaxer/framework/src/CoreEvents.js
  -> file:///E:/Aptana%20Jaxer%20Apache/Jaxer/Apache2-4Build/jaxer/components/aptEventHandler.js

01:10:42 12/24/2025 [ 15324] [TRACE] [JS Framework] [CoreEvents.fireEvent] Calling event handler: function onNewElement(evt, doc, elt) {
    switch (elt.tagNa...
stack:
  ->  [ModuleLogger.js:98] trace("Calling event handler: function onNewElement(evt, doc, elt) {\n    switch (elt.tagNa...")
  ->  [CoreEvents.js:292] fireEvent("NEW_ELEMENT",[object Array])
  ->  [CoreEvents.js:238] fire("NEW_ELEMENT",[object XPCWrappedNative_NoHelper],[object HTMLDocument],[object HTMLHtmlElement])
  ->  [aptEventHandler.js:157] observe([object XPCWrappedNative_NoHelper],"jaxerEvent.NewHTMLElement",null)
paths:
  -> file:///E:/Aptana%20Jaxer%20Apache/Jaxer/Apache2-4Build/jaxer/framework/src/ModuleLogger.js
  -> file:///E:/Aptana%20Jaxer%20Apache/Jaxer/Apache2-4Build/jaxer/framework/src/CoreEvents.js
  -> file:///E:/Aptana%20Jaxer%20Apache/Jaxer/Apache2-4Build/jaxer/components/aptEventHandler.js

01:10:42 12/24/2025 [ 15324] [TRACE] [JS Framework] [CoreEvents.fire] At this time, evt.Request.isHandler=true and eventType: NEW_ELEMENT - HEAD
stack:
  ->  [ModuleLogger.js:98] trace("At this time, evt.Request.isHandler=true and eventType: NEW_ELEMENT - HEAD")
  ->  [CoreEvents.js:205] fire("NEW_ELEMENT",[object XPCWrappedNative_NoHelper],[object HTMLDocument],[object HTMLHeadElement])
  ->  [aptEventHandler.js:157] observe([object XPCWrappedNative_NoHelper],"jaxerEvent.NewHTMLElement",null)
paths:
  -> file:///E:/Aptana%20Jaxer%20Apache/Jaxer/Apache2-4Build/jaxer/framework/src/ModuleLogger.js
  -> file:///E:/Aptana%20Jaxer%20Apache/Jaxer/Apache2-4Build/jaxer/framework/src/CoreEvents.js
  -> file:///E:/Aptana%20Jaxer%20Apache/Jaxer/Apache2-4Build/jaxer/components/aptEventHandler.js

01:10:42 12/24/2025 [ 15324] [TRACE] [JS Framework] [CoreEvents.fireEvent] Firing an event for NEW_ELEMENT
stack:
  ->  [ModuleLogger.js:98] trace("Firing an event for NEW_ELEMENT")
  ->  [CoreEvents.js:282] fireEvent("NEW_ELEMENT",[object Array])
  ->  [CoreEvents.js:238] fire("NEW_ELEMENT",[object XPCWrappedNative_NoHelper],[object HTMLDocument],[object HTMLHeadElement])
  ->  [aptEventHandler.js:157] observe([object XPCWrappedNative_NoHelper],"jaxerEvent.NewHTMLElement",null)
paths:
  -> file:///E:/Aptana%20Jaxer%20Apache/Jaxer/Apache2-4Build/jaxer/framework/src/ModuleLogger.js
  -> file:///E:/Aptana%20Jaxer%20Apache/Jaxer/Apache2-4Build/jaxer/framework/src/CoreEvents.js
  -> file:///E:/Aptana%20Jaxer%20Apache/Jaxer/Apache2-4Build/jaxer/components/aptEventHandler.js

01:10:42 12/24/2025 [ 15324] [TRACE] [JS Framework] [CoreEvents.fireEvent] Calling event handler: function onNewElement(evt, doc, elt) {
    switch (elt.tagNa...
stack:
  ->  [ModuleLogger.js:98] trace("Calling event handler: function onNewElement(evt, doc, elt) {\n    switch (elt.tagNa...")
  ->  [CoreEvents.js:292] fireEvent("NEW_ELEMENT",[object Array])
  ->  [CoreEvents.js:238] fire("NEW_ELEMENT",[object XPCWrappedNative_NoHelper],[object HTMLDocument],[object HTMLHeadElement])
  ->  [aptEventHandler.js:157] observe([object XPCWrappedNative_NoHelper],"jaxerEvent.NewHTMLElement",null)
paths:
  -> file:///E:/Aptana%20Jaxer%20Apache/Jaxer/Apache2-4Build/jaxer/framework/src/ModuleLogger.js
  -> file:///E:/Aptana%20Jaxer%20Apache/Jaxer/Apache2-4Build/jaxer/framework/src/CoreEvents.js
  -> file:///E:/Aptana%20Jaxer%20Apache/Jaxer/Apache2-4Build/jaxer/components/aptEventHandler.js

01:10:42 12/24/2025 [ 15324] [TRACE] [JS Framework] [CoreEvents.fire] At this time, evt.Request.isHandler=true and eventType: INIT_HEAD
stack:
  ->  [ModuleLogger.js:98] trace("At this time, evt.Request.isHandler=true and eventType: INIT_HEAD")
  ->  [CoreEvents.js:205] fire("INIT_HEAD",[object XPCWrappedNative_NoHelper],[object HTMLDocument])
  ->  [aptEventHandler.js:139] observe([object XPCWrappedNative_NoHelper],"jaxerEvent.NewHTMLElement",null)
paths:
  -> file:///E:/Aptana%20Jaxer%20Apache/Jaxer/Apache2-4Build/jaxer/framework/src/ModuleLogger.js
  -> file:///E:/Aptana%20Jaxer%20Apache/Jaxer/Apache2-4Build/jaxer/framework/src/CoreEvents.js
  -> file:///E:/Aptana%20Jaxer%20Apache/Jaxer/Apache2-4Build/jaxer/components/aptEventHandler.js

01:10:42 12/24/2025 [ 15324] [TRACE] [JS Framework] [CoreEvents.fireEvent] Firing an event for INIT_HEAD
stack:
  ->  [ModuleLogger.js:98] trace("Firing an event for INIT_HEAD")
  ->  [CoreEvents.js:282] fireEvent("INIT_HEAD",[object Array])
  ->  [CoreEvents.js:238] fire("INIT_HEAD",[object XPCWrappedNative_NoHelper],[object HTMLDocument])
  ->  [aptEventHandler.js:139] observe([object XPCWrappedNative_NoHelper],"jaxerEvent.NewHTMLElement",null)
paths:
  -> file:///E:/Aptana%20Jaxer%20Apache/Jaxer/Apache2-4Build/jaxer/framework/src/ModuleLogger.js
  -> file:///E:/Aptana%20Jaxer%20Apache/Jaxer/Apache2-4Build/jaxer/framework/src/CoreEvents.js
  -> file:///E:/Aptana%20Jaxer%20Apache/Jaxer/Apache2-4Build/jaxer/components/aptEventHandler.js

01:10:42 12/24/2025 [ 15324] [TRACE] [JS Framework] [CoreEvents.fireEvent] Calling event handler: function onInitHead(evt, doc) {
    Jaxer.load = function lo...
stack:
  ->  [ModuleLogger.js:98] trace("Calling event handler: function onInitHead(evt, doc) {\n    Jaxer.load = function lo...")
  ->  [CoreEvents.js:292] fireEvent("INIT_HEAD",[object Array])
  ->  [CoreEvents.js:238] fire("INIT_HEAD",[object XPCWrappedNative_NoHelper],[object HTMLDocument])
  ->  [aptEventHandler.js:139] observe([object XPCWrappedNative_NoHelper],"jaxerEvent.NewHTMLElement",null)
paths:
  -> file:///E:/Aptana%20Jaxer%20Apache/Jaxer/Apache2-4Build/jaxer/framework/src/ModuleLogger.js
  -> file:///E:/Aptana%20Jaxer%20Apache/Jaxer/Apache2-4Build/jaxer/framework/src/CoreEvents.js
  -> file:///E:/Aptana%20Jaxer%20Apache/Jaxer/Apache2-4Build/jaxer/components/aptEventHandler.js

01:10:42 12/24/2025 [ 15324] [TRACE] [JS Framework] [Includer.evalOn] Evaluating using Jaxer.request.evaluateScript: contents = (function ... with global = [object ChromeWindow] and effectiveUrl = undefined
stack:
  ->  [ModuleLogger.js:98] trace("Evaluating using Jaxer.request.evaluateScript: contents = (function ... with global = [object ChromeWindow] and effectiveUrl = undefined")
  ->  [Includer.js:131] evalOn("(function extendDomSetters(global) {if (global.HTMLInputElement) {var inputValueSetter = global.HTMLInputElement.prototype.__lookupSetter__(\"value\");global.HTMLInputElement.prototype.__defineSetter__(\"value\", function (val) {inputValueSetter.call(this, val);this.setAttribute(\"value\", val);});var inputCheckedSetter = global.HTMLInputElement.prototype.__lookupSetter__(\"checked\");global.HTMLInputElement.prototype.__defineSetter__(\"checked\", function (val) {inputCheckedSetter.call(this, val);if (val) {this.setAttribute(\"checked\", null);} else {this.removeAttribute(\"checked\");}});}if (global.HTMLTextAreaElement) {var textAreaValueSetter = global.HTMLTextAreaElement.prototype.__lookupSetter__(\"value\");global.HTMLTextAreaElement.prototype.__defineSetter__(\"value\", function (val) {textAreaValueSetter.call(this, val);this.textContent = val;});}if (global.HTMLSelectElement) {var selectSelectedIndexSetter = global.HTMLSelectElement.prototype.__lookupSetter__(\"selectedIndex\");global.HTMLSelectElement.prototype.__defineSetter__(\"selectedIndex\", function (index) {selectSelectedIndexSetter.call(this, index);var option = this.options[index];if (option) {for (var i = 0, len = this.options.length; i < len; i++) {if (i == index) {this.options[i].setAttribute(\"selected\", null);} else {this.options[i].removeAttribute(\"selected\");}}}});}if (global.HTMLOptionElement) {var optionSelectedSetter = global.HTMLOptionElement.prototype.__lookupSetter__(\"selected\");global.HTMLOptionElement.prototype.__defineSetter__(\"selected\", function (val) {optionSelectedSetter.call(this, val);if (val) {this.setAttribute(\"selected\", null);} else {this.removeAttribute(\"selected\");}});}})(document.defaultView)",[object ChromeWindow])
  ->  [Overrides.js:370] applyAll([object ChromeWindow])
  ->  [InitHead.js:78] onInitHead([object XPCWrappedNative_NoHelper],[object HTMLDocument])
  ->  [CoreEvents.js:293] fireEvent("INIT_HEAD",[object Array])
  ->  [CoreEvents.js:238] fire("INIT_HEAD",[object XPCWrappedNative_NoHelper],[object HTMLDocument])
  ->  [aptEventHandler.js:139] observe([object XPCWrappedNative_NoHelper],"jaxerEvent.NewHTMLElement",null)
paths:
  -> file:///E:/Aptana%20Jaxer%20Apache/Jaxer/Apache2-4Build/jaxer/framework/src/ModuleLogger.js
  -> file:///E:/Aptana%20Jaxer%20Apache/Jaxer/Apache2-4Build/jaxer/framework/src/Includer.js
  -> file:///E:/Aptana%20Jaxer%20Apache/Jaxer/Apache2-4Build/jaxer/framework/src/Overrides.js
  -> file:///E:/Aptana%20Jaxer%20Apache/Jaxer/Apache2-4Build/jaxer/framework/src/InitHead.js
  -> file:///E:/Aptana%20Jaxer%20Apache/Jaxer/Apache2-4Build/jaxer/framework/src/CoreEvents.js
  -> file:///E:/Aptana%20Jaxer%20Apache/Jaxer/Apache2-4Build/jaxer/components/aptEventHandler.js

01:10:42 12/24/2025 [ 15324] [TRACE] [JS Framework] [CoreEvents.fire] At this time, evt.Request.isHandler=true and eventType: NEW_ELEMENT - TITLE
stack:
  ->  [ModuleLogger.js:98] trace("At this time, evt.Request.isHandler=true and eventType: NEW_ELEMENT - TITLE")
  ->  [CoreEvents.js:205] fire("NEW_ELEMENT",[object XPCWrappedNative_NoHelper],[object HTMLDocument],[object HTMLTitleElement])
  ->  [aptEventHandler.js:157] observe([object XPCWrappedNative_NoHelper],"jaxerEvent.NewHTMLElement",null)
paths:
  -> file:///E:/Aptana%20Jaxer%20Apache/Jaxer/Apache2-4Build/jaxer/framework/src/ModuleLogger.js
  -> file:///E:/Aptana%20Jaxer%20Apache/Jaxer/Apache2-4Build/jaxer/framework/src/CoreEvents.js
  -> file:///E:/Aptana%20Jaxer%20Apache/Jaxer/Apache2-4Build/jaxer/components/aptEventHandler.js

01:10:42 12/24/2025 [ 15324] [TRACE] [JS Framework] [CoreEvents.fireEvent] Firing an event for NEW_ELEMENT
stack:
  ->  [ModuleLogger.js:98] trace("Firing an event for NEW_ELEMENT")
  ->  [CoreEvents.js:282] fireEvent("NEW_ELEMENT",[object Array])
  ->  [CoreEvents.js:238] fire("NEW_ELEMENT",[object XPCWrappedNative_NoHelper],[object HTMLDocument],[object HTMLTitleElement])
  ->  [aptEventHandler.js:157] observe([object XPCWrappedNative_NoHelper],"jaxerEvent.NewHTMLElement",null)
paths:
  -> file:///E:/Aptana%20Jaxer%20Apache/Jaxer/Apache2-4Build/jaxer/framework/src/ModuleLogger.js
  -> file:///E:/Aptana%20Jaxer%20Apache/Jaxer/Apache2-4Build/jaxer/framework/src/CoreEvents.js
  -> file:///E:/Aptana%20Jaxer%20Apache/Jaxer/Apache2-4Build/jaxer/components/aptEventHandler.js

01:10:42 12/24/2025 [ 15324] [TRACE] [JS Framework] [CoreEvents.fireEvent] Calling event handler: function onNewElement(evt, doc, elt) {
    switch (elt.tagNa...
stack:
  ->  [ModuleLogger.js:98] trace("Calling event handler: function onNewElement(evt, doc, elt) {\n    switch (elt.tagNa...")
  ->  [CoreEvents.js:292] fireEvent("NEW_ELEMENT",[object Array])
  ->  [CoreEvents.js:238] fire("NEW_ELEMENT",[object XPCWrappedNative_NoHelper],[object HTMLDocument],[object HTMLTitleElement])
  ->  [aptEventHandler.js:157] observe([object XPCWrappedNative_NoHelper],"jaxerEvent.NewHTMLElement",null)
paths:
  -> file:///E:/Aptana%20Jaxer%20Apache/Jaxer/Apache2-4Build/jaxer/framework/src/ModuleLogger.js
  -> file:///E:/Aptana%20Jaxer%20Apache/Jaxer/Apache2-4Build/jaxer/framework/src/CoreEvents.js
  -> file:///E:/Aptana%20Jaxer%20Apache/Jaxer/Apache2-4Build/jaxer/components/aptEventHandler.js

01:10:42 12/24/2025 [ 15324] [TRACE] [JS Framework] [CoreEvents.fire] At this time, evt.Request.isHandler=true and eventType: PARSE_COMPLETE
stack:
  ->  [ModuleLogger.js:98] trace("At this time, evt.Request.isHandler=true and eventType: PARSE_COMPLETE")
  ->  [CoreEvents.js:205] fire("PARSE_COMPLETE",[object XPCWrappedNative_NoHelper],[object HTMLDocument])
  ->  [aptEventHandler.js:337] observe([object XPCWrappedNative_NoHelper],"jaxerEvent.HTMLParseComplete",null)
paths:
  -> file:///E:/Aptana%20Jaxer%20Apache/Jaxer/Apache2-4Build/jaxer/framework/src/ModuleLogger.js
  -> file:///E:/Aptana%20Jaxer%20Apache/Jaxer/Apache2-4Build/jaxer/framework/src/CoreEvents.js
  -> file:///E:/Aptana%20Jaxer%20Apache/Jaxer/Apache2-4Build/jaxer/components/aptEventHandler.js

01:10:42 12/24/2025 [ 15324] [TRACE] [JS Framework] [CoreEvents.fireEvent] Firing an event for HANDLE_CALLBACK
stack:
  ->  [ModuleLogger.js:98] trace("Firing an event for HANDLE_CALLBACK")
  ->  [CoreEvents.js:282] fireEvent("HANDLE_CALLBACK",[object Array])
  ->  [CoreEvents.js:220] fire("PARSE_COMPLETE",[object XPCWrappedNative_NoHelper],[object HTMLDocument])
  ->  [aptEventHandler.js:337] observe([object XPCWrappedNative_NoHelper],"jaxerEvent.HTMLParseComplete",null)
paths:
  -> file:///E:/Aptana%20Jaxer%20Apache/Jaxer/Apache2-4Build/jaxer/framework/src/ModuleLogger.js
  -> file:///E:/Aptana%20Jaxer%20Apache/Jaxer/Apache2-4Build/jaxer/framework/src/CoreEvents.js
  -> file:///E:/Aptana%20Jaxer%20Apache/Jaxer/Apache2-4Build/jaxer/components/aptEventHandler.js

01:10:42 12/24/2025 [ 15324] [TRACE] [JS Framework] [CoreEvents.fireEvent] Calling event handler: function onHandleCallback(evt, doc) {
    log.trace("=== Cal...
stack:
  ->  [ModuleLogger.js:98] trace("Calling event handler: function onHandleCallback(evt, doc) {\n    log.trace(\"=== Cal...")
  ->  [CoreEvents.js:292] fireEvent("HANDLE_CALLBACK",[object Array])
  ->  [CoreEvents.js:220] fire("PARSE_COMPLETE",[object XPCWrappedNative_NoHelper],[object HTMLDocument])
  ->  [aptEventHandler.js:337] observe([object XPCWrappedNative_NoHelper],"jaxerEvent.HTMLParseComplete",null)
paths:
  -> file:///E:/Aptana%20Jaxer%20Apache/Jaxer/Apache2-4Build/jaxer/framework/src/ModuleLogger.js
  -> file:///E:/Aptana%20Jaxer%20Apache/Jaxer/Apache2-4Build/jaxer/framework/src/CoreEvents.js
  -> file:///E:/Aptana%20Jaxer%20Apache/Jaxer/Apache2-4Build/jaxer/components/aptEventHandler.js

01:10:42 12/24/2025 [ 15324] [TRACE] [JS Framework] [HandleCallback.onHandleCallback] === Callback processing initializing
stack:
  ->  [ModuleLogger.js:98] trace("=== Callback processing initializing")
  ->  [HandleCallback.js:60] onHandleCallback([object XPCWrappedNative_NoHelper],[object HTMLDocument])
  ->  [CoreEvents.js:293] fireEvent("HANDLE_CALLBACK",[object Array])
  ->  [CoreEvents.js:220] fire("PARSE_COMPLETE",[object XPCWrappedNative_NoHelper],[object HTMLDocument])
  ->  [aptEventHandler.js:337] observe([object XPCWrappedNative_NoHelper],"jaxerEvent.HTMLParseComplete",null)
paths:
  -> file:///E:/Aptana%20Jaxer%20Apache/Jaxer/Apache2-4Build/jaxer/framework/src/ModuleLogger.js
  -> file:///E:/Aptana%20Jaxer%20Apache/Jaxer/Apache2-4Build/jaxer/framework/src/HandleCallback.js
  -> file:///E:/Aptana%20Jaxer%20Apache/Jaxer/Apache2-4Build/jaxer/framework/src/CoreEvents.js
  -> file:///E:/Aptana%20Jaxer%20Apache/Jaxer/Apache2-4Build/jaxer/components/aptEventHandler.js

01:10:42 12/24/2025 [ 15324] [TRACE] [JS Framework] [Response.setNoCacheHeaders] Setting no-cache headers
stack:
  ->  [ModuleLogger.js:98] trace("Setting no-cache headers")
  ->  [Response.js:772] setNoCacheHeaders()
  ->  [HandleCallback.js:63] onHandleCallback([object XPCWrappedNative_NoHelper],[object HTMLDocument])
  ->  [CoreEvents.js:293] fireEvent("HANDLE_CALLBACK",[object Array])
  ->  [CoreEvents.js:220] fire("PARSE_COMPLETE",[object XPCWrappedNative_NoHelper],[object HTMLDocument])
  ->  [aptEventHandler.js:337] observe([object XPCWrappedNative_NoHelper],"jaxerEvent.HTMLParseComplete",null)
paths:
  -> file:///E:/Aptana%20Jaxer%20Apache/Jaxer/Apache2-4Build/jaxer/framework/src/ModuleLogger.js
  -> file:///E:/Aptana%20Jaxer%20Apache/Jaxer/Apache2-4Build/jaxer/framework/src/Response.js
  -> file:///E:/Aptana%20Jaxer%20Apache/Jaxer/Apache2-4Build/jaxer/framework/src/HandleCallback.js
  -> file:///E:/Aptana%20Jaxer%20Apache/Jaxer/Apache2-4Build/jaxer/framework/src/CoreEvents.js
  -> file:///E:/Aptana%20Jaxer%20Apache/Jaxer/Apache2-4Build/jaxer/components/aptEventHandler.js

01:10:42 12/24/2025 [ 15324] [TRACE] [JS Framework] [HandleCallback.onHandleCallback] Main callback processing starting
stack:
  ->  [ModuleLogger.js:98] trace("Main callback processing starting")
  ->  [HandleCallback.js:72] onHandleCallback([object XPCWrappedNative_NoHelper],[object HTMLDocument])
  ->  [CoreEvents.js:293] fireEvent("HANDLE_CALLBACK",[object Array])
  ->  [CoreEvents.js:220] fire("PARSE_COMPLETE",[object XPCWrappedNative_NoHelper],[object HTMLDocument])
  ->  [aptEventHandler.js:337] observe([object XPCWrappedNative_NoHelper],"jaxerEvent.HTMLParseComplete",null)
paths:
  -> file:///E:/Aptana%20Jaxer%20Apache/Jaxer/Apache2-4Build/jaxer/framework/src/ModuleLogger.js
  -> file:///E:/Aptana%20Jaxer%20Apache/Jaxer/Apache2-4Build/jaxer/framework/src/HandleCallback.js
  -> file:///E:/Aptana%20Jaxer%20Apache/Jaxer/Apache2-4Build/jaxer/framework/src/CoreEvents.js
  -> file:///E:/Aptana%20Jaxer%20Apache/Jaxer/Apache2-4Build/jaxer/components/aptEventHandler.js

01:10:42 12/24/2025 [ 15324] [TRACE] [JS Framework] [HandleCallback.onHandleCallback] Received Jaxer.request: ({constructorErrors:[], _request:{}, method:"POST", isHandler:true, uri:"/jaxer-callback", protocol:"HTTP/1.1", remoteUser:"", remoteHost:"desktop-lpv0ncp", remoteAddr:"::1", pageFile:"", documentRoot:"", OS:"WINNT", isJaxerServer:true, isHTTPS:false, queryString:"", logFileNativePath:"", action:"POST", headers:{Host:"localhost:8081", Connection:"keep-alive", 'Content-Length':"361", 'sec-ch-ua-platform':"\"Windows\"", 'X-Requested-With':"XMLHttpRequest", 'User-Agent':"Mozilla/5.0 (Windows NT 10.0; Win64; x64) AppleWebKit/537.36 (KHTML, like Gecko) Chrome/140.0.0.0 Safari/537.36 OPR/124.0.0.0", 'sec-ch-ua':"\"Chromium\";v=\"140\", \"Not=A?Brand\";v=\"24\", \"Opera\";v=\"124\"", 'Content-Type':"application/x-www-form-urlencoded", 'sec-ch-ua-mobile':"?0", Accept:"*/*", Origin:"http://localhost:8081", 'Sec-Fetch-Site':"same-origin", 'Sec-Fetch-Mode':"cors", 'Sec-Fetch-Dest':"empty", Referer:"http://localhost:8081/aptana/samples/logging/index.html", 'Accept-Encoding':"gzip, deflate, br, zstd", 'Accept-Language':"en-US,en;q=0.9", Cookie:"JaxerSessionId%24%24localhost%3A8081=176589175647709027719934159097; JaxerSessionId%24%24diagnostics=1766389857171006019406608883027; JaxerSessionId%24%24chat=176650225815408013378880202926; JaxerSessionId%24%24smtp-email=1766502615487048247814800171795; JaxerSessionId%24%24rss-sample=1766502620172023884340692192807; JaxerSessionId%24%24tasks=176650262827103192941976629359; JaxerSessionId%24%24wikilite=1766502633159009874746526267386; JaxerSessionId%24%24logging=176650264152708165463317747484"}, env:{CALLBACK_URI:"/aptanaRPC", HTTP_HOST:"localhost:8081", HTTP_CONNECTION:"keep-alive", CONTENT_LENGTH:"361", HTTP_SEC_CH_UA_PLATFORM:"\"Windows\"", HTTP_X_REQUESTED_WITH:"XMLHttpRequest", HTTP_USER_AGENT:"Mozilla/5.0 (Windows NT 10.0; Win64; x64) AppleWebKit/537.36 (KHTML, like Gecko) Chrome/140.0.0.0 Safari/537.36 OPR/124.0.0.0", HTTP_SEC_CH_UA:"\"Chromium\";v=\"140\", \"Not=A?Brand\";v=\"24\", \"Opera\";v=\"124\"", HTTP_SEC_CH_UA_MOBILE:"?0", HTTP_ACCEPT:"*/*", HTTP_ORIGIN:"http://localhost:8081", HTTP_SEC_FETCH_SITE:"same-origin", HTTP_SEC_FETCH_MODE:"cors", HTTP_SEC_FETCH_DEST:"empty", HTTP_REFERER:"http://localhost:8081/aptana/samples/logging/index.html", HTTP_ACCEPT_ENCODING:"gzip, deflate, br, zstd", HTTP_ACCEPT_LANGUAGE:"en-US,en;q=0.9", HTTP_COOKIE:"JaxerSessionId%24%24localhost%3A8081=176589175647709027719934159097; JaxerSessionId%24%24diagnostics=1766389857171006019406608883027; JaxerSessionId%24%24chat=176650225815408013378880202926; JaxerSessionId%24%24smtp-email=1766502615487048247814800171795; JaxerSessionId%24%24rss-sample=1766502620172023884340692192807; JaxerSessionId%24%24tasks=176650262827103192941976629359; JaxerSessionId%24%24wikilite=1766502633159009874746526267386; JaxerSessionId%24%24logging=176650264152708165463317747484", PATH:"C:\\ProgramData\\Oracle\\Java\\javapath;C:\\Windows\\system32;C:\\Windows;C:\\Windows\\System32\\Wbem;C:\\Windows\\System32\\WindowsPowerShell\\v1.0\\;C:\\Windows\\System32\\OpenSSH\\;C:\\Users\\USER\\AppData\\Local\\nvm;C:\\nvm4w\\nodejs;C:\\Program Files\\nodejs\\;C:\\php-8.4.6;C:\\ProgramData\\ComposerSetup\\bin;C:\\Program Files (x86)\\Microsoft SQL Server\\90\\Tools\\binn\\;C:\\Program Files (x86)\\Microsoft Visual Studio 9.0\\VC;C:\\Users\\USER\\AppData\\Local\\Microsoft\\WindowsApps;C:\\Users\\USER\\AppData\\Local\\Programs\\Microsoft VS Code\\bin;C:\\Users\\USER\\AppData\\Local\\nvm;C:\\nvm4w\\nodejs;C:\\Users\\USER\\AppData\\Local\\nvm;C:\\Users\\USER\\AppData\\Roaming\\npm;C:\\Program Files\\nodejs;C:\\Program Files (x86)\\Java\\jre7\\bin;C:\\Users\\USER\\AppData\\Roaming\\Composer\\vendor\\bin;E:\\Downloaded Programs\\Java\\jdk-24\\bin;", SystemRoot:"C:\\Windows", COMSPEC:"C:\\Windows\\system32\\cmd.exe", PATHEXT:".COM;.EXE;.BAT;.CMD;.VBS;.VBE;.JS;.JSE;.WSF;.WSH;.MSC", WINDIR:"C:\\Windows", SERVER_SIGNATURE:"", SERVER_SOFTWARE:"Apache/2.4.66 (Win32) ModJaxer/1.0.3.4547", SERVER_NAME:"localhost", SERVER_ADDR:"::1", SERVER_PORT:"8081", REQUEST_SCHEME:"http", CONTEXT_PREFIX:"", CONTEXT_DOCUMENT_ROOT:"E:/Aptana Jaxer Apache/Jaxer/Apache2-4Build/public", SERVER_ADMIN:"you@example.com", SCRIPT_NAME:"/jaxer-callback", JAXER_REQ_TYPE:"1"}, current:{url:"http://localhost:8081/jaxer-callback", scheme:"http", protocol:"http", authority:"localhost:8081", path:"/jaxer-callback", query:"", fragment:"", userInfo:"", host:"localhost", port:"8081", hostAndPort:"localhost:8081", base:"http://localhost:8081", subdomain:"", domain:"localhost", pathParts:["jaxer-callback"], leaf:"jaxer-callback", queryParts:{}}, currentFolder:"E:/Aptana Jaxer Apache/Jaxer/Apache2-4Build/public", get bodyAsString () {if (_bodyAsString == undefined) {if (_request.GetRawPostDataLength() > 0) {_bodyAsString = _request.GetRawPostDataAsString();} else {_bodyAsString = "";}}return _bodyAsString;}, get contentType () {return this._request.GetRawPostDataContentType();}, get userAgent () {return this.headers['User-Agent'] || "Unknown";}, get contentLength () {return this._request.GetRawPostDataLength();}, get body () {if (_body == undefined) {_body = null;if (Config.REQUEST_BODY_AS && (typeof Config.REQUEST_BODY_AS == "object")) {var contentType = this.contentType.toLowerCase();var values = Config.REQUEST_BODY_AS;for (var mimeTypePrefix in values) {var value = values[mimeTypePrefix];if (typeof value != "string") {continue;}if (contentType.indexOf(mimeTypePrefix.toLowerCase()) == 0) {var matched;switch (value.toLowerCase()) {case "string":_body = this.bodyAsString;matched = true;break;case "bytearray":_body = this.bodyAsByteArray;matched = true;break;case "stream":_body = this.bodyAsStream;matched = true;break;default:;}if (matched) {break;}}}}}return _body;}, get bodyAsByteArray () {if (_bodyAsByteArray == undefined) {if (_request.GetRawPostDataLength() > 0) {var baval = {};_request.GetRawPostDataAsByteArray({}, baval);_bodyAsByteArray = baval.value;} else {_bodyAsByteArray = [];}}return _bodyAsByteArray;}, get bodyAsStream () {if (_bodyAsString == undefined) {if (_request.GetRawPostDataLength() > 0) {_bodyAsStream = _request.GetRawPostDataAsInputStream();} else {_bodyAsStream = "";}}return _bodyAsStream;}, data:{pageSignature:"-911974268", pageName:"localhost:8081/aptana/samples/logging/index.html", callingPage:"http://localhost:8081/aptana/samples/logging/index.html", methodName:"proxyLog", params:"[\"warn\",\"this 'warning' message appears in both Jaxer.Log and the Firebug console if present\"]", uid:"1766502642257_742609"}, files:[], paramIsBody:false, app:{urlTest:(function (parsedUrl) {return parsedUrl.pathParts.length > 2 && parsedUrl.pathParts[0] == "aptana" && parsedUrl.pathParts[1] == "samples";}), name:#4=(function (parsedUrl) {return parsedUrl.pathParts[2];}), appKey:#4#, pageKey:(function (parsedUrl) {return parsedUrl.hostAndPort + parsedUrl.path;}), db:(function (resolvedName, parsedUrl) {switch (Config.DEFAULT_DB.IMPLEMENTATION) {case "SQLite":return Util.extend(Config.DEFAULT_DB, {PATH: Dir.combine(Config.DEFAULT_PATH_BASE, "samples", resolvedName, resolvedName + ".sqlite")});case "MySQL":return Util.extend(Config.DEFAULT_DB, {NAME: resolvedName});default:throw new Exception("Unrecognized database implementation: " + Config.DEFAULT_DB.IMPLEMENTATION);}}), path:(function (resolvedName, parsedUrl) {return Dir.combine(Config.DEFAULT_PATH_BASE, "samples", resolvedName);}), handler:(void 0), get NAME () {return _NAME;}, get APP_KEY () {return _APP_KEY;}, get PAGE_KEY () {return _PAGE_KEY;}, get DB () {return _DB;}, get PATH () {return _PATH;}}, appKey:"logging", pageKey:"localhost:8081/aptana/samples/logging/index.html", isCallback:true, referer:#5={url:"http://localhost:8081/aptana/samples/logging/index.html", scheme:"http", protocol:"http", authority:"localhost:8081", path:"/aptana/samples/logging/index.html", query:"", fragment:"", userInfo:"", host:"localhost", port:"8081", hostAndPort:"localhost:8081", base:"http://localhost:8081", subdomain:"", domain:"localhost", pathParts:["aptana", "samples", "logging", "index.html"], leaf:"index.html", queryParts:{}}, parsedUrl:#5#, parsedUrlError:"", evaluateScript:(function evaluateScript(contents, global, effectiveUrl) {if (typeof contents != "string") {try {contents = String(contents);} catch (e) {throw new Exception("Non-string contents passed to Jaxer.Request.evaluateScript()");}}if (effectiveUrl == undefined) {effectiveUrl = "javascript:" + contents.substr(0, 60).replace(/\n/g, "\\n") + (contents.length > 60 ? "..." : "");}return _request.ExecuteJavascript(contents, effectiveUrl, global);}), compileScript:(function compileScript(contents, global, effectiveUrl) {if (typeof contents != "string") {try {contents = String(contents);} catch (e) {throw new Exception("Non-string contents passed to Jaxer.Request.compileScript()");}}if (effectiveUrl == undefined) {effectiveUrl = "javascript:" + contents.substr(0, 60).replace(/\n/g, "\\n") + (contents.length > 60 ? "..." : "");}return _request.CompileScript(contents, effectiveUrl, global);}), evaluateCompiledScript:(function evaluateCompiledScript(compiledContents, global) {if (typeof compiledContents != "string") {try {compiledContents = String(compiledContents);} catch (e) {throw new Exception("Non-string contents passed to Jaxer.Request.evaluateCompiledScript()", log);}}return _request.RunScript(compiledContents, global);})})
stack:
  ->  [ModuleLogger.js:98] trace("Received Jaxer.request: ({constructorErrors:[], _request:{}, method:\"POST\", isHandler:true, uri:\"/jaxer-callback\", protocol:\"HTTP/1.1\", remoteUser:\"\", remoteHost:\"desktop-lpv0ncp\", remoteAddr:\"::1\", pageFile:\"\", documentRoot:\"\", OS:\"WINNT\", isJaxerServer:true, isHTTPS:false, queryString:\"\", logFileNativePath:\"\", action:\"POST\", headers:{Host:\"localhost:8081\", Connection:\"keep-alive\", 'Content-Length':\"361\", 'sec-ch-ua-platform':\"\\\"Windows\\\"\", 'X-Requested-With':\"XMLHttpRequest\", 'User-Agent':\"Mozilla/5.0 (Windows NT 10.0; Win64; x64) AppleWebKit/537.36 (KHTML, like Gecko) Chrome/140.0.0.0 Safari/537.36 OPR/124.0.0.0\", 'sec-ch-ua':\"\\\"Chromium\\\";v=\\\"140\\\", \\\"Not=A?Brand\\\";v=\\\"24\\\", \\\"Opera\\\";v=\\\"124\\\"\", 'Content-Type':\"application/x-www-form-urlencoded\", 'sec-ch-ua-mobile':\"?0\", Accept:\"*/*\", Origin:\"http://localhost:8081\", 'Sec-Fetch-Site':\"same-origin\", 'Sec-Fetch-Mode':\"cors\", 'Sec-Fetch-Dest':\"empty\", Referer:\"http://localhost:8081/aptana/samples/logging/index.html\", 'Accept-Encoding':\"gzip, deflate, br, zstd\", 'Accept-Language':\"en-US,en;q=0.9\", Cookie:\"JaxerSessionId%24%24localhost%3A8081=176589175647709027719934159097; JaxerSessionId%24%24diagnostics=1766389857171006019406608883027; JaxerSessionId%24%24chat=176650225815408013378880202926; JaxerSessionId%24%24smtp-email=1766502615487048247814800171795; JaxerSessionId%24%24rss-sample=1766502620172023884340692192807; JaxerSessionId%24%24tasks=176650262827103192941976629359; JaxerSessionId%24%24wikilite=1766502633159009874746526267386; JaxerSessionId%24%24logging=176650264152708165463317747484\"}, env:{CALLBACK_URI:\"/aptanaRPC\", HTTP_HOST:\"localhost:8081\", HTTP_CONNECTION:\"keep-alive\", CONTENT_LENGTH:\"361\", HTTP_SEC_CH_UA_PLATFORM:\"\\\"Windows\\\"\", HTTP_X_REQUESTED_WITH:\"XMLHttpRequest\", HTTP_USER_AGENT:\"Mozilla/5.0 (Windows NT 10.0; Win64; x64) AppleWebKit/537.36 (KHTML, like Gecko) Chrome/140.0.0.0 Safari/537.36 OPR/124.0.0.0\", HTTP_SEC_CH_UA:\"\\\"Chromium\\\";v=\\\"140\\\", \\\"Not=A?Brand\\\";v=\\\"24\\\", \\\"Opera\\\";v=\\\"124\\\"\", HTTP_SEC_CH_UA_MOBILE:\"?0\", HTTP_ACCEPT:\"*/*\", HTTP_ORIGIN:\"http://localhost:8081\", HTTP_SEC_FETCH_SITE:\"same-origin\", HTTP_SEC_FETCH_MODE:\"cors\", HTTP_SEC_FETCH_DEST:\"empty\", HTTP_REFERER:\"http://localhost:8081/aptana/samples/logging/index.html\", HTTP_ACCEPT_ENCODING:\"gzip, deflate, br, zstd\", HTTP_ACCEPT_LANGUAGE:\"en-US,en;q=0.9\", HTTP_COOKIE:\"JaxerSessionId%24%24localhost%3A8081=176589175647709027719934159097; JaxerSessionId%24%24diagnostics=1766389857171006019406608883027; JaxerSessionId%24%24chat=176650225815408013378880202926; JaxerSessionId%24%24smtp-email=1766502615487048247814800171795; JaxerSessionId%24%24rss-sample=1766502620172023884340692192807; JaxerSessionId%24%24tasks=176650262827103192941976629359; JaxerSessionId%24%24wikilite=1766502633159009874746526267386; JaxerSessionId%24%24logging=176650264152708165463317747484\", PATH:\"C:\\\\ProgramData\\\\Oracle\\\\Java\\\\javapath;C:\\\\Windows\\\\system32;C:\\\\Windows;C:\\\\Windows\\\\System32\\\\Wbem;C:\\\\Windows\\\\System32\\\\WindowsPowerShell\\\\v1.0\\\\;C:\\\\Windows\\\\System32\\\\OpenSSH\\\\;C:\\\\Users\\\\USER\\\\AppData\\\\Local\\\\nvm;C:\\\\nvm4w\\\\nodejs;C:\\\\Program Files\\\\nodejs\\\\;C:\\\\php-8.4.6;C:\\\\ProgramData\\\\ComposerSetup\\\\bin;C:\\\\Program Files (x86)\\\\Microsoft SQL Server\\\\90\\\\Tools\\\\binn\\\\;C:\\\\Program Files (x86)\\\\Microsoft Visual Studio 9.0\\\\VC;C:\\\\Users\\\\USER\\\\AppData\\\\Local\\\\Microsoft\\\\WindowsApps;C:\\\\Users\\\\USER\\\\AppData\\\\Local\\\\Programs\\\\Microsoft VS Code\\\\bin;C:\\\\Users\\\\USER\\\\AppData\\\\Local\\\\nvm;C:\\\\nvm4w\\\\nodejs;C:\\\\Users\\\\USER\\\\AppData\\\\Local\\\\nvm;C:\\\\Users\\\\USER\\\\AppData\\\\Roaming\\\\npm;C:\\\\Program Files\\\\nodejs;C:\\\\Program Files (x86)\\\\Java\\\\jre7\\\\bin;C:\\\\Users\\\\USER\\\\AppData\\\\Roaming\\\\Composer\\\\vendor\\\\bin;E:\\\\Downloaded Programs\\\\Java\\\\jdk-24\\\\bin;\", SystemRoot:\"C:\\\\Windows\", COMSPEC:\"C:\\\\Windows\\\\system32\\\\cmd.exe\", PATHEXT:\".COM;.EXE;.BAT;.CMD;.VBS;.VBE;.JS;.JSE;.WSF;.WSH;.MSC\", WINDIR:\"C:\\\\Windows\", SERVER_SIGNATURE:\"\", SERVER_SOFTWARE:\"Apache/2.4.66 (Win32) ModJaxer/1.0.3.4547\", SERVER_NAME:\"localhost\", SERVER_ADDR:\"::1\", SERVER_PORT:\"8081\", REQUEST_SCHEME:\"http\", CONTEXT_PREFIX:\"\", CONTEXT_DOCUMENT_ROOT:\"E:/Aptana Jaxer Apache/Jaxer/Apache2-4Build/public\", SERVER_ADMIN:\"you@example.com\", SCRIPT_NAME:\"/jaxer-callback\", JAXER_REQ_TYPE:\"1\"}, current:{url:\"http://localhost:8081/jaxer-callback\", scheme:\"http\", protocol:\"http\", authority:\"localhost:8081\", path:\"/jaxer-callback\", query:\"\", fragment:\"\", userInfo:\"\", host:\"localhost\", port:\"8081\", hostAndPort:\"localhost:8081\", base:\"http://localhost:8081\", subdomain:\"\", domain:\"localhost\", pathParts:[\"jaxer-callback\"], leaf:\"jaxer-callback\", queryParts:{}}, currentFolder:\"E:/Aptana Jaxer Apache/Jaxer/Apache2-4Build/public\", get bodyAsString () {if (_bodyAsString == undefined) {if (_request.GetRawPostDataLength() > 0) {_bodyAsString = _request.GetRawPostDataAsString();} else {_bodyAsString = \"\";}}return _bodyAsString;}, get contentType () {return this._request.GetRawPostDataContentType();}, get userAgent () {return this.headers['User-Agent'] || \"Unknown\";}, get contentLength () {return this._request.GetRawPostDataLength();}, get body () {if (_body == undefined) {_body = null;if (Config.REQUEST_BODY_AS && (typeof Config.REQUEST_BODY_AS == \"object\")) {var contentType = this.contentType.toLowerCase();var values = Config.REQUEST_BODY_AS;for (var mimeTypePrefix in values) {var value = values[mimeTypePrefix];if (typeof value != \"string\") {continue;}if (contentType.indexOf(mimeTypePrefix.toLowerCase()) == 0) {var matched;switch (value.toLowerCase()) {case \"string\":_body = this.bodyAsString;matched = true;break;case \"bytearray\":_body = this.bodyAsByteArray;matched = true;break;case \"stream\":_body = this.bodyAsStream;matched = true;break;default:;}if (matched) {break;}}}}}return _body;}, get bodyAsByteArray () {if (_bodyAsByteArray == undefined) {if (_request.GetRawPostDataLength() > 0) {var baval = {};_request.GetRawPostDataAsByteArray({}, baval);_bodyAsByteArray = baval.value;} else {_bodyAsByteArray = [];}}return _bodyAsByteArray;}, get bodyAsStream () {if (_bodyAsString == undefined) {if (_request.GetRawPostDataLength() > 0) {_bodyAsStream = _request.GetRawPostDataAsInputStream();} else {_bodyAsStream = \"\";}}return _bodyAsStream;}, data:{pageSignature:\"-911974268\", pageName:\"localhost:8081/aptana/samples/logging/index.html\", callingPage:\"http://localhost:8081/aptana/samples/logging/index.html\", methodName:\"proxyLog\", params:\"[\\\"warn\\\",\\\"this 'warning' message appears in both Jaxer.Log and the Firebug console if present\\\"]\", uid:\"1766502642257_742609\"}, files:[], paramIsBody:false, app:{urlTest:(function (parsedUrl) {return parsedUrl.pathParts.length > 2 && parsedUrl.pathParts[0] == \"aptana\" && parsedUrl.pathParts[1] == \"samples\";}), name:#4=(function (parsedUrl) {return parsedUrl.pathParts[2];}), appKey:#4#, pageKey:(function (parsedUrl) {return parsedUrl.hostAndPort + parsedUrl.path;}), db:(function (resolvedName, parsedUrl) {switch (Config.DEFAULT_DB.IMPLEMENTATION) {case \"SQLite\":return Util.extend(Config.DEFAULT_DB, {PATH: Dir.combine(Config.DEFAULT_PATH_BASE, \"samples\", resolvedName, resolvedName + \".sqlite\")});case \"MySQL\":return Util.extend(Config.DEFAULT_DB, {NAME: resolvedName});default:throw new Exception(\"Unrecognized database implementation: \" + Config.DEFAULT_DB.IMPLEMENTATION);}}), path:(function (resolvedName, parsedUrl) {return Dir.combine(Config.DEFAULT_PATH_BASE, \"samples\", resolvedName);}), handler:(void 0), get NAME () {return _NAME;}, get APP_KEY () {return _APP_KEY;}, get PAGE_KEY () {return _PAGE_KEY;}, get DB () {return _DB;}, get PATH () {return _PATH;}}, appKey:\"logging\", pageKey:\"localhost:8081/aptana/samples/logging/index.html\", isCallback:true, referer:#5={url:\"http://localhost:8081/aptana/samples/logging/index.html\", scheme:\"http\", protocol:\"http\", authority:\"localhost:8081\", path:\"/aptana/samples/logging/index.html\", query:\"\", fragment:\"\", userInfo:\"\", host:\"localhost\", port:\"8081\", hostAndPort:\"localhost:8081\", base:\"http://localhost:8081\", subdomain:\"\", domain:\"localhost\", pathParts:[\"aptana\", \"samples\", \"logging\", \"index.html\"], leaf:\"index.html\", queryParts:{}}, parsedUrl:#5#, parsedUrlError:\"\", evaluateScript:(function evaluateScript(contents, global, effectiveUrl) {if (typeof contents != \"string\") {try {contents = String(contents);} catch (e) {throw new Exception(\"Non-string contents passed to Jaxer.Request.evaluateScript()\");}}if (effectiveUrl == undefined) {effectiveUrl = \"javascript:\" + contents.substr(0, 60).replace(/\\n/g, \"\\\\n\") + (contents.length > 60 ? \"...\" : \"\");}return _request.ExecuteJavascript(contents, effectiveUrl, global);}), compileScript:(function compileScript(contents, global, effectiveUrl) {if (typeof contents != \"string\") {try {contents = String(contents);} catch (e) {throw new Exception(\"Non-string contents passed to Jaxer.Request.compileScript()\");}}if (effectiveUrl == undefined) {effectiveUrl = \"javascript:\" + contents.substr(0, 60).replace(/\\n/g, \"\\\\n\") + (contents.length > 60 ? \"...\" : \"\");}return _request.CompileScript(contents, effectiveUrl, global);}), evaluateCompiledScript:(function evaluateCompiledScript(compiledContents, global) {if (typeof compiledContents != \"string\") {try {compiledContents = String(compiledContents);} catch (e) {throw new Exception(\"Non-string contents passed to Jaxer.Request.evaluateCompiledScript()\", log);}}return _request.RunScript(compiledContents, global);})})")
  ->  [HandleCallback.js:85] onHandleCallback([object XPCWrappedNative_NoHelper],[object HTMLDocument])
  ->  [CoreEvents.js:293] fireEvent("HANDLE_CALLBACK",[object Array])
  ->  [CoreEvents.js:220] fire("PARSE_COMPLETE",[object XPCWrappedNative_NoHelper],[object HTMLDocument])
  ->  [aptEventHandler.js:337] observe([object XPCWrappedNative_NoHelper],"jaxerEvent.HTMLParseComplete",null)
paths:
  -> file:///E:/Aptana%20Jaxer%20Apache/Jaxer/Apache2-4Build/jaxer/framework/src/ModuleLogger.js
  -> file:///E:/Aptana%20Jaxer%20Apache/Jaxer/Apache2-4Build/jaxer/framework/src/HandleCallback.js
  -> file:///E:/Aptana%20Jaxer%20Apache/Jaxer/Apache2-4Build/jaxer/framework/src/CoreEvents.js
  -> file:///E:/Aptana%20Jaxer%20Apache/Jaxer/Apache2-4Build/jaxer/components/aptEventHandler.js

