01:12:53 12/24/2025 [ 32928] [TRACE] [JS Framework] [Includer.load] Retrieved 1616 characters from 'http://localhost:8081/aptana/lib/base_server.js'
stack:
  ->  [ModuleLogger.js:98] trace("Retrieved 1616 characters from 'http://localhost:8081/aptana/lib/base_server.js'")
  ->  [Includer.js:290] load("http://localhost:8081/aptana/lib/base_server.js",[object ChromeWindow],"server",false,false,false)
  ->  [NewElement.js:67] load("tempLoad_0.32544791247719031766502773902")
  ->  [index.html:12] <no name>
paths:
  -> file:///E:/Aptana%20Jaxer%20Apache/Jaxer/Apache2-4Build/jaxer/framework/src/ModuleLogger.js
  -> file:///E:/Aptana%20Jaxer%20Apache/Jaxer/Apache2-4Build/jaxer/framework/src/Includer.js
  -> file:///E:/Aptana%20Jaxer%20Apache/Jaxer/Apache2-4Build/jaxer/framework/src/NewElement.js
  -> http://localhost:8081/aptana/index.html

01:12:53 12/24/2025 [ 32928] [TRACE] [JS Framework] [Includer.load] Evaluating 'http://localhost:8081/aptana/lib/base_server.js'
stack:
  ->  [ModuleLogger.js:98] trace("Evaluating 'http://localhost:8081/aptana/lib/base_server.js'")
  ->  [Includer.js:328] load("http://localhost:8081/aptana/lib/base_server.js",[object ChromeWindow],"server",false,false,false)
  ->  [NewElement.js:67] load("tempLoad_0.32544791247719031766502773902")
  ->  [index.html:12] <no name>
paths:
  -> file:///E:/Aptana%20Jaxer%20Apache/Jaxer/Apache2-4Build/jaxer/framework/src/ModuleLogger.js
  -> file:///E:/Aptana%20Jaxer%20Apache/Jaxer/Apache2-4Build/jaxer/framework/src/Includer.js
  -> file:///E:/Aptana%20Jaxer%20Apache/Jaxer/Apache2-4Build/jaxer/framework/src/NewElement.js
  -> http://localhost:8081/aptana/index.html

01:12:53 12/24/2025 [ 32928] [TRACE] [JS Framework] [Includer.evalOn] Evaluating using Jaxer.request.evaluateScript: contents = function p... with global = [object ChromeWindow] and effectiveUrl = http://localhost:8081/aptana/lib/base_server.js
stack:
  ->  [ModuleLogger.js:98] trace("Evaluating using Jaxer.request.evaluateScript: contents = function p... with global = [object ChromeWindow] and effectiveUrl = http://localhost:8081/aptana/lib/base_server.js")
  ->  [Includer.js:131] evalOn("function parseBuildNumber(content)\n{\n\treturn parseFloat(content.replace(/\"|\\x0A|\\x0D/g,'').replace(/[^0123456789]/g,''));\n}\n\nfunction fetchCurrentBuildNumber(){\n\t\n\tvar platform = Jaxer.request.OS;\n\tvar platforms = {\n\t\t\t'WINNT' : \"win32\"\n\t\t,\t'Darwin': \"mac\"\n\t\t,\t'Linux': \"ubu32\"\n\t\t,\t'SunOS': \"ubu32\"\n\t}\n    \n\tvar target = platforms[platform];\n\t\n    var buildVal = parseBuildNumber(Jaxer.buildNumber);\n    \n    var xhrOptions = new Jaxer.XHR.SendOptions();\n    \n    xhrOptions.cacheBuster = false;\n    xhrOptions.timeout = 0;\n    xhrOptions.headers = null;\n    xhrOptions.onreadytosend = null;\n    xhrOptions.onfinished = null;\n    xhrOptions.getTransport = Jaxer.XHR.getTransport;\n    \n    xhrOptions.method = \"GET\";\n    xhrOptions.async = false;\n    xhrOptions.url = \"http://update.aptana.com/update/jaxer/\"+target+\"/version.txt?\"+Jaxer.buildNumber;\t\t\t\n\t\n    xhrOptions.onsuccess = null;\n    xhrOptions.onfailure = null;\n    \n    var result = Jaxer.XHR.send(\"\", xhrOptions);\n    \n\tvar latestBuildNumber = result.replace(/[^\\.0123456789]/g,'');\n\t\n    var latest = parseBuildNumber(result);                   \n\t\n\t// for testing...\n\t// latest = 1000000000000000360500000;\n\t\n    if (latest > buildVal) {\n        return \"&nbsp;<a href='http://www.aptana.com/jaxer/download'>Upgrade Available (\"+latestBuildNumber+\")</a>\";\n    }\n    if (latest == 0) {\n        return  false ;\n    }\n\t\n\treturn false; // return empty if we dont recognize the content.\n    \n}\t\n\nwindow.onserverload = function()\n{\n\t$('jaxer_build').update(Jaxer.buildNumber);\n\t$('user_agent').update(navigator.userAgent);\n}\n\nfetchCurrentBuildNumber.proxy=true;",[object ChromeWindow],"http://localhost:8081/aptana/lib/base_server.js")
  ->  [Includer.js:329] load("http://localhost:8081/aptana/lib/base_server.js",[object ChromeWindow],"server",false,false,false)
  ->  [NewElement.js:67] load("tempLoad_0.32544791247719031766502773902")
  ->  [index.html:12] <no name>
paths:
  -> file:///E:/Aptana%20Jaxer%20Apache/Jaxer/Apache2-4Build/jaxer/framework/src/ModuleLogger.js
  -> file:///E:/Aptana%20Jaxer%20Apache/Jaxer/Apache2-4Build/jaxer/framework/src/Includer.js
  -> file:///E:/Aptana%20Jaxer%20Apache/Jaxer/Apache2-4Build/jaxer/framework/src/NewElement.js
  -> http://localhost:8081/aptana/index.html

01:12:53 12/24/2025 [ 32928] [TRACE] [JS Framework] [Includer.load] Jaxer.pageWindow.Jaxer.__newFunctions contains 2 items
stack:
  ->  [ModuleLogger.js:98] trace("Jaxer.pageWindow.Jaxer.__newFunctions contains 2 items")
  ->  [Includer.js:334] load("http://localhost:8081/aptana/lib/base_server.js",[object ChromeWindow],"server",false,false,false)
  ->  [NewElement.js:67] load("tempLoad_0.32544791247719031766502773902")
  ->  [index.html:12] <no name>
paths:
  -> file:///E:/Aptana%20Jaxer%20Apache/Jaxer/Apache2-4Build/jaxer/framework/src/ModuleLogger.js
  -> file:///E:/Aptana%20Jaxer%20Apache/Jaxer/Apache2-4Build/jaxer/framework/src/Includer.js
  -> file:///E:/Aptana%20Jaxer%20Apache/Jaxer/Apache2-4Build/jaxer/framework/src/NewElement.js
  -> http://localhost:8081/aptana/index.html

01:12:53 12/24/2025 [ 32928] [TRACE] [JS Framework] [Includer.setRunat] Set runat='server' on function named 'parseBuildNumber'
stack:
  ->  [ModuleLogger.js:98] trace("Set runat='server' on function named 'parseBuildNumber'")
  ->  [Includer.js:345] setRunat("parseBuildNumber",0,[object Array])
  ->  [Includer.js:336] load("http://localhost:8081/aptana/lib/base_server.js",[object ChromeWindow],"server",false,false,false)
  ->  [NewElement.js:67] load("tempLoad_0.32544791247719031766502773902")
  ->  [index.html:12] <no name>
paths:
  -> file:///E:/Aptana%20Jaxer%20Apache/Jaxer/Apache2-4Build/jaxer/framework/src/ModuleLogger.js
  -> file:///E:/Aptana%20Jaxer%20Apache/Jaxer/Apache2-4Build/jaxer/framework/src/Includer.js
  -> file:///E:/Aptana%20Jaxer%20Apache/Jaxer/Apache2-4Build/jaxer/framework/src/NewElement.js
  -> http://localhost:8081/aptana/index.html

01:12:53 12/24/2025 [ 32928] [TRACE] [JS Framework] [Includer.setRunat] Set runat='server' on function named 'fetchCurrentBuildNumber'
stack:
  ->  [ModuleLogger.js:98] trace("Set runat='server' on function named 'fetchCurrentBuildNumber'")
  ->  [Includer.js:345] setRunat("fetchCurrentBuildNumber",1,[object Array])
  ->  [Includer.js:336] load("http://localhost:8081/aptana/lib/base_server.js",[object ChromeWindow],"server",false,false,false)
  ->  [NewElement.js:67] load("tempLoad_0.32544791247719031766502773902")
  ->  [index.html:12] <no name>
paths:
  -> file:///E:/Aptana%20Jaxer%20Apache/Jaxer/Apache2-4Build/jaxer/framework/src/ModuleLogger.js
  -> file:///E:/Aptana%20Jaxer%20Apache/Jaxer/Apache2-4Build/jaxer/framework/src/Includer.js
  -> file:///E:/Aptana%20Jaxer%20Apache/Jaxer/Apache2-4Build/jaxer/framework/src/NewElement.js
  -> http://localhost:8081/aptana/index.html

01:12:53 12/24/2025 [ 32928] [DEBUG] [JS Framework] [Includer.load] Included: http://localhost:8081/aptana/lib/base_server.js
stack:
  ->  [ModuleLogger.js:98] debug("Included: http://localhost:8081/aptana/lib/base_server.js")
  ->  [Includer.js:351] load("http://localhost:8081/aptana/lib/base_server.js",[object ChromeWindow],"server",false,false,false)
  ->  [NewElement.js:67] load("tempLoad_0.32544791247719031766502773902")
  ->  [index.html:12] <no name>
paths:
  -> file:///E:/Aptana%20Jaxer%20Apache/Jaxer/Apache2-4Build/jaxer/framework/src/ModuleLogger.js
  -> file:///E:/Aptana%20Jaxer%20Apache/Jaxer/Apache2-4Build/jaxer/framework/src/Includer.js
  -> file:///E:/Aptana%20Jaxer%20Apache/Jaxer/Apache2-4Build/jaxer/framework/src/NewElement.js
  -> http://localhost:8081/aptana/index.html

01:12:53 12/24/2025 [ 32928] [TRACE] [JS Framework] [CoreEvents.fire] At this time, evt.Request.isHandler=false and eventType: PARSE_COMPLETE
stack:
  ->  [ModuleLogger.js:98] trace("At this time, evt.Request.isHandler=false and eventType: PARSE_COMPLETE")
  ->  [CoreEvents.js:205] fire("PARSE_COMPLETE",[object XPCWrappedNative_NoHelper],[object HTMLDocument])
  ->  [aptEventHandler.js:337] observe([object XPCWrappedNative_NoHelper],"jaxerEvent.HTMLParseComplete",null)
paths:
  -> file:///E:/Aptana%20Jaxer%20Apache/Jaxer/Apache2-4Build/jaxer/framework/src/ModuleLogger.js
  -> file:///E:/Aptana%20Jaxer%20Apache/Jaxer/Apache2-4Build/jaxer/framework/src/CoreEvents.js
  -> file:///E:/Aptana%20Jaxer%20Apache/Jaxer/Apache2-4Build/jaxer/components/aptEventHandler.js

01:12:53 12/24/2025 [ 32928] [TRACE] [JS Framework] [CoreEvents.fireEvent] Firing an event for HANDLE_PAGE
stack:
  ->  [ModuleLogger.js:98] trace("Firing an event for HANDLE_PAGE")
  ->  [CoreEvents.js:282] fireEvent("HANDLE_PAGE",[object Array])
  ->  [CoreEvents.js:234] fire("PARSE_COMPLETE",[object XPCWrappedNative_NoHelper],[object HTMLDocument])
  ->  [aptEventHandler.js:337] observe([object XPCWrappedNative_NoHelper],"jaxerEvent.HTMLParseComplete",null)
paths:
  -> file:///E:/Aptana%20Jaxer%20Apache/Jaxer/Apache2-4Build/jaxer/framework/src/ModuleLogger.js
  -> file:///E:/Aptana%20Jaxer%20Apache/Jaxer/Apache2-4Build/jaxer/framework/src/CoreEvents.js
  -> file:///E:/Aptana%20Jaxer%20Apache/Jaxer/Apache2-4Build/jaxer/components/aptEventHandler.js

01:12:53 12/24/2025 [ 32928] [TRACE] [JS Framework] [CoreEvents.fireEvent] Calling event handler: function onHandlePage(evt, doc) {
    if (checkErrors(doc)) ...
stack:
  ->  [ModuleLogger.js:98] trace("Calling event handler: function onHandlePage(evt, doc) {\n    if (checkErrors(doc)) ...")
  ->  [CoreEvents.js:292] fireEvent("HANDLE_PAGE",[object Array])
  ->  [CoreEvents.js:234] fire("PARSE_COMPLETE",[object XPCWrappedNative_NoHelper],[object HTMLDocument])
  ->  [aptEventHandler.js:337] observe([object XPCWrappedNative_NoHelper],"jaxerEvent.HTMLParseComplete",null)
paths:
  -> file:///E:/Aptana%20Jaxer%20Apache/Jaxer/Apache2-4Build/jaxer/framework/src/ModuleLogger.js
  -> file:///E:/Aptana%20Jaxer%20Apache/Jaxer/Apache2-4Build/jaxer/framework/src/CoreEvents.js
  -> file:///E:/Aptana%20Jaxer%20Apache/Jaxer/Apache2-4Build/jaxer/components/aptEventHandler.js

01:12:53 12/24/2025 [ 32928] [TRACE] [JS Framework] [HandlePage.onHandlePage] Processing onserverload with doc = [object HTMLDocument]
stack:
  ->  [ModuleLogger.js:98] trace("Processing onserverload with doc = [object HTMLDocument]")
  ->  [HandlePage.js:58] onHandlePage([object XPCWrappedNative_NoHelper],[object HTMLDocument])
  ->  [CoreEvents.js:293] fireEvent("HANDLE_PAGE",[object Array])
  ->  [CoreEvents.js:234] fire("PARSE_COMPLETE",[object XPCWrappedNative_NoHelper],[object HTMLDocument])
  ->  [aptEventHandler.js:337] observe([object XPCWrappedNative_NoHelper],"jaxerEvent.HTMLParseComplete",null)
paths:
  -> file:///E:/Aptana%20Jaxer%20Apache/Jaxer/Apache2-4Build/jaxer/framework/src/ModuleLogger.js
  -> file:///E:/Aptana%20Jaxer%20Apache/Jaxer/Apache2-4Build/jaxer/framework/src/HandlePage.js
  -> file:///E:/Aptana%20Jaxer%20Apache/Jaxer/Apache2-4Build/jaxer/framework/src/CoreEvents.js
  -> file:///E:/Aptana%20Jaxer%20Apache/Jaxer/Apache2-4Build/jaxer/components/aptEventHandler.js

01:12:53 12/24/2025 [ 32928] [TRACE] [JS Framework] [HandlePage.processLoadEvent] Processing load event 'serverload' with doc = [object HTMLDocument]
stack:
  ->  [ModuleLogger.js:98] trace("Processing load event 'serverload' with doc = [object HTMLDocument]")
  ->  [HandlePage.js:258] processLoadEvent("serverload",[object HTMLDocument],true)
  ->  [HandlePage.js:222] processOnServerLoad([object HTMLDocument])
  ->  [HandlePage.js:59] onHandlePage([object XPCWrappedNative_NoHelper],[object HTMLDocument])
  ->  [CoreEvents.js:293] fireEvent("HANDLE_PAGE",[object Array])
  ->  [CoreEvents.js:234] fire("PARSE_COMPLETE",[object XPCWrappedNative_NoHelper],[object HTMLDocument])
  ->  [aptEventHandler.js:337] observe([object XPCWrappedNative_NoHelper],"jaxerEvent.HTMLParseComplete",null)
paths:
  -> file:///E:/Aptana%20Jaxer%20Apache/Jaxer/Apache2-4Build/jaxer/framework/src/ModuleLogger.js
  -> file:///E:/Aptana%20Jaxer%20Apache/Jaxer/Apache2-4Build/jaxer/framework/src/HandlePage.js
  -> file:///E:/Aptana%20Jaxer%20Apache/Jaxer/Apache2-4Build/jaxer/framework/src/CoreEvents.js
  -> file:///E:/Aptana%20Jaxer%20Apache/Jaxer/Apache2-4Build/jaxer/components/aptEventHandler.js

01:12:53 12/24/2025 [ 32928] [TRACE] [JS Framework] [HandlePage.processLoadEvent] Processing load event 'load' with doc = [object HTMLDocument]
stack:
  ->  [ModuleLogger.js:98] trace("Processing load event 'load' with doc = [object HTMLDocument]")
  ->  [HandlePage.js:258] processLoadEvent("load",[object HTMLDocument],false)
  ->  [HandlePage.js:227] processOnServerLoad([object HTMLDocument])
  ->  [HandlePage.js:59] onHandlePage([object XPCWrappedNative_NoHelper],[object HTMLDocument])
  ->  [CoreEvents.js:293] fireEvent("HANDLE_PAGE",[object Array])
  ->  [CoreEvents.js:234] fire("PARSE_COMPLETE",[object XPCWrappedNative_NoHelper],[object HTMLDocument])
  ->  [aptEventHandler.js:337] observe([object XPCWrappedNative_NoHelper],"jaxerEvent.HTMLParseComplete",null)
paths:
  -> file:///E:/Aptana%20Jaxer%20Apache/Jaxer/Apache2-4Build/jaxer/framework/src/ModuleLogger.js
  -> file:///E:/Aptana%20Jaxer%20Apache/Jaxer/Apache2-4Build/jaxer/framework/src/HandlePage.js
  -> file:///E:/Aptana%20Jaxer%20Apache/Jaxer/Apache2-4Build/jaxer/framework/src/CoreEvents.js
  -> file:///E:/Aptana%20Jaxer%20Apache/Jaxer/Apache2-4Build/jaxer/components/aptEventHandler.js

01:12:53 12/24/2025 [ 32928] [DEBUG] [JS Framework] [HandlePage.onHandlePage] Script processing starting
stack:
  ->  [ModuleLogger.js:98] debug("Script processing starting")
  ->  [HandlePage.js:62] onHandlePage([object XPCWrappedNative_NoHelper],[object HTMLDocument])
  ->  [CoreEvents.js:293] fireEvent("HANDLE_PAGE",[object Array])
  ->  [CoreEvents.js:234] fire("PARSE_COMPLETE",[object XPCWrappedNative_NoHelper],[object HTMLDocument])
  ->  [aptEventHandler.js:337] observe([object XPCWrappedNative_NoHelper],"jaxerEvent.HTMLParseComplete",null)
paths:
  -> file:///E:/Aptana%20Jaxer%20Apache/Jaxer/Apache2-4Build/jaxer/framework/src/ModuleLogger.js
  -> file:///E:/Aptana%20Jaxer%20Apache/Jaxer/Apache2-4Build/jaxer/framework/src/HandlePage.js
  -> file:///E:/Aptana%20Jaxer%20Apache/Jaxer/Apache2-4Build/jaxer/framework/src/CoreEvents.js
  -> file:///E:/Aptana%20Jaxer%20Apache/Jaxer/Apache2-4Build/jaxer/components/aptEventHandler.js

01:12:53 12/24/2025 [ 32928] [DEBUG] [JS Framework] [CallbackManager.processScriptElements] Found 5 script blocks to conditionally post-process
stack:
  ->  [ModuleLogger.js:98] debug("Found 5 script blocks to conditionally post-process")
  ->  [CallbackManager.js:505] processScriptElements([object Object])
  ->  [CallbackManager.js:67] processCallbacks([object HTMLDocument])
  ->  [HandlePage.js:63] onHandlePage([object XPCWrappedNative_NoHelper],[object HTMLDocument])
  ->  [CoreEvents.js:293] fireEvent("HANDLE_PAGE",[object Array])
  ->  [CoreEvents.js:234] fire("PARSE_COMPLETE",[object XPCWrappedNative_NoHelper],[object HTMLDocument])
  ->  [aptEventHandler.js:337] observe([object XPCWrappedNative_NoHelper],"jaxerEvent.HTMLParseComplete",null)
paths:
  -> file:///E:/Aptana%20Jaxer%20Apache/Jaxer/Apache2-4Build/jaxer/framework/src/ModuleLogger.js
  -> file:///E:/Aptana%20Jaxer%20Apache/Jaxer/Apache2-4Build/jaxer/framework/src/CallbackManager.js
  -> file:///E:/Aptana%20Jaxer%20Apache/Jaxer/Apache2-4Build/jaxer/framework/src/HandlePage.js
  -> file:///E:/Aptana%20Jaxer%20Apache/Jaxer/Apache2-4Build/jaxer/framework/src/CoreEvents.js
  -> file:///E:/Aptana%20Jaxer%20Apache/Jaxer/Apache2-4Build/jaxer/components/aptEventHandler.js

01:12:53 12/24/2025 [ 32928] [DEBUG] [JS Framework] [ScriptProcessor.process] Post-processing script block with src='lib/prototype.js' and runat='both' and contents=''
stack:
  ->  [ModuleLogger.js:98] debug("Post-processing script block with src='lib/prototype.js' and runat='both' and contents=''")
  ->  [ScriptProcessor.js:280] process()
  ->  [CallbackManager.js:511] processElement([object HTMLScriptElement],0,[object Array])
  ->  [CallbackManager.js:509] processScriptElements([object Object])
  ->  [CallbackManager.js:67] processCallbacks([object HTMLDocument])
  ->  [HandlePage.js:63] onHandlePage([object XPCWrappedNative_NoHelper],[object HTMLDocument])
  ->  [CoreEvents.js:293] fireEvent("HANDLE_PAGE",[object Array])
  ->  [CoreEvents.js:234] fire("PARSE_COMPLETE",[object XPCWrappedNative_NoHelper],[object HTMLDocument])
  ->  [aptEventHandler.js:337] observe([object XPCWrappedNative_NoHelper],"jaxerEvent.HTMLParseComplete",null)
paths:
  -> file:///E:/Aptana%20Jaxer%20Apache/Jaxer/Apache2-4Build/jaxer/framework/src/ModuleLogger.js
  -> file:///E:/Aptana%20Jaxer%20Apache/Jaxer/Apache2-4Build/jaxer/framework/src/ScriptProcessor.js
  -> file:///E:/Aptana%20Jaxer%20Apache/Jaxer/Apache2-4Build/jaxer/framework/src/CallbackManager.js
  -> file:///E:/Aptana%20Jaxer%20Apache/Jaxer/Apache2-4Build/jaxer/framework/src/HandlePage.js
  -> file:///E:/Aptana%20Jaxer%20Apache/Jaxer/Apache2-4Build/jaxer/framework/src/CoreEvents.js
  -> file:///E:/Aptana%20Jaxer%20Apache/Jaxer/Apache2-4Build/jaxer/components/aptEventHandler.js

01:12:53 12/24/2025 [ 32928] [DEBUG] [JS Framework] [ScriptProcessor.process] Found 0 functions to process
stack:
  ->  [ModuleLogger.js:98] debug("Found 0 functions to process")
  ->  [ScriptProcessor.js:284] process()
  ->  [CallbackManager.js:511] processElement([object HTMLScriptElement],0,[object Array])
  ->  [CallbackManager.js:509] processScriptElements([object Object])
  ->  [CallbackManager.js:67] processCallbacks([object HTMLDocument])
  ->  [HandlePage.js:63] onHandlePage([object XPCWrappedNative_NoHelper],[object HTMLDocument])
  ->  [CoreEvents.js:293] fireEvent("HANDLE_PAGE",[object Array])
  ->  [CoreEvents.js:234] fire("PARSE_COMPLETE",[object XPCWrappedNative_NoHelper],[object HTMLDocument])
  ->  [aptEventHandler.js:337] observe([object XPCWrappedNative_NoHelper],"jaxerEvent.HTMLParseComplete",null)
paths:
  -> file:///E:/Aptana%20Jaxer%20Apache/Jaxer/Apache2-4Build/jaxer/framework/src/ModuleLogger.js
  -> file:///E:/Aptana%20Jaxer%20Apache/Jaxer/Apache2-4Build/jaxer/framework/src/ScriptProcessor.js
  -> file:///E:/Aptana%20Jaxer%20Apache/Jaxer/Apache2-4Build/jaxer/framework/src/CallbackManager.js
  -> file:///E:/Aptana%20Jaxer%20Apache/Jaxer/Apache2-4Build/jaxer/framework/src/HandlePage.js
  -> file:///E:/Aptana%20Jaxer%20Apache/Jaxer/Apache2-4Build/jaxer/framework/src/CoreEvents.js
  -> file:///E:/Aptana%20Jaxer%20Apache/Jaxer/Apache2-4Build/jaxer/components/aptEventHandler.js

01:12:53 12/24/2025 [ 32928] [DEBUG] [JS Framework] [ScriptProcessor.process] Post-processing script block with src='lib/base_server.js' and runat='server' and contents=''
stack:
  ->  [ModuleLogger.js:98] debug("Post-processing script block with src='lib/base_server.js' and runat='server' and contents=''")
  ->  [ScriptProcessor.js:280] process()
  ->  [CallbackManager.js:511] processElement([object HTMLScriptElement],1,[object Array])
  ->  [CallbackManager.js:509] processScriptElements([object Object])
  ->  [CallbackManager.js:67] processCallbacks([object HTMLDocument])
  ->  [HandlePage.js:63] onHandlePage([object XPCWrappedNative_NoHelper],[object HTMLDocument])
  ->  [CoreEvents.js:293] fireEvent("HANDLE_PAGE",[object Array])
  ->  [CoreEvents.js:234] fire("PARSE_COMPLETE",[object XPCWrappedNative_NoHelper],[object HTMLDocument])
  ->  [aptEventHandler.js:337] observe([object XPCWrappedNative_NoHelper],"jaxerEvent.HTMLParseComplete",null)
paths:
  -> file:///E:/Aptana%20Jaxer%20Apache/Jaxer/Apache2-4Build/jaxer/framework/src/ModuleLogger.js
  -> file:///E:/Aptana%20Jaxer%20Apache/Jaxer/Apache2-4Build/jaxer/framework/src/ScriptProcessor.js
  -> file:///E:/Aptana%20Jaxer%20Apache/Jaxer/Apache2-4Build/jaxer/framework/src/CallbackManager.js
  -> file:///E:/Aptana%20Jaxer%20Apache/Jaxer/Apache2-4Build/jaxer/framework/src/HandlePage.js
  -> file:///E:/Aptana%20Jaxer%20Apache/Jaxer/Apache2-4Build/jaxer/framework/src/CoreEvents.js
  -> file:///E:/Aptana%20Jaxer%20Apache/Jaxer/Apache2-4Build/jaxer/components/aptEventHandler.js

01:12:53 12/24/2025 [ 32928] [DEBUG] [JS Framework] [ScriptProcessor.process] Found 0 functions to process
stack:
  ->  [ModuleLogger.js:98] debug("Found 0 functions to process")
  ->  [ScriptProcessor.js:284] process()
  ->  [CallbackManager.js:511] processElement([object HTMLScriptElement],1,[object Array])
  ->  [CallbackManager.js:509] processScriptElements([object Object])
  ->  [CallbackManager.js:67] processCallbacks([object HTMLDocument])
  ->  [HandlePage.js:63] onHandlePage([object XPCWrappedNative_NoHelper],[object HTMLDocument])
  ->  [CoreEvents.js:293] fireEvent("HANDLE_PAGE",[object Array])
  ->  [CoreEvents.js:234] fire("PARSE_COMPLETE",[object XPCWrappedNative_NoHelper],[object HTMLDocument])
  ->  [aptEventHandler.js:337] observe([object XPCWrappedNative_NoHelper],"jaxerEvent.HTMLParseComplete",null)
paths:
  -> file:///E:/Aptana%20Jaxer%20Apache/Jaxer/Apache2-4Build/jaxer/framework/src/ModuleLogger.js
  -> file:///E:/Aptana%20Jaxer%20Apache/Jaxer/Apache2-4Build/jaxer/framework/src/ScriptProcessor.js
  -> file:///E:/Aptana%20Jaxer%20Apache/Jaxer/Apache2-4Build/jaxer/framework/src/CallbackManager.js
  -> file:///E:/Aptana%20Jaxer%20Apache/Jaxer/Apache2-4Build/jaxer/framework/src/HandlePage.js
  -> file:///E:/Aptana%20Jaxer%20Apache/Jaxer/Apache2-4Build/jaxer/framework/src/CoreEvents.js
  -> file:///E:/Aptana%20Jaxer%20Apache/Jaxer/Apache2-4Build/jaxer/components/aptEventHandler.js

01:12:53 12/24/2025 [ 32928] [DEBUG] [JS Framework] [ScriptProcessor.apply] Removed script block from DOM
stack:
  ->  [ModuleLogger.js:98] debug("Removed script block from DOM")
  ->  [ScriptProcessor.js:356] apply()
  ->  [CallbackManager.js:537] postProcess([object Object],1,[object Array])
  ->  [CallbackManager.js:519] processScriptElements([object Object])
  ->  [CallbackManager.js:67] processCallbacks([object HTMLDocument])
  ->  [HandlePage.js:63] onHandlePage([object XPCWrappedNative_NoHelper],[object HTMLDocument])
  ->  [CoreEvents.js:293] fireEvent("HANDLE_PAGE",[object Array])
  ->  [CoreEvents.js:234] fire("PARSE_COMPLETE",[object XPCWrappedNative_NoHelper],[object HTMLDocument])
  ->  [aptEventHandler.js:337] observe([object XPCWrappedNative_NoHelper],"jaxerEvent.HTMLParseComplete",null)
paths:
  -> file:///E:/Aptana%20Jaxer%20Apache/Jaxer/Apache2-4Build/jaxer/framework/src/ModuleLogger.js
  -> file:///E:/Aptana%20Jaxer%20Apache/Jaxer/Apache2-4Build/jaxer/framework/src/ScriptProcessor.js
  -> file:///E:/Aptana%20Jaxer%20Apache/Jaxer/Apache2-4Build/jaxer/framework/src/CallbackManager.js
  -> file:///E:/Aptana%20Jaxer%20Apache/Jaxer/Apache2-4Build/jaxer/framework/src/HandlePage.js
  -> file:///E:/Aptana%20Jaxer%20Apache/Jaxer/Apache2-4Build/jaxer/framework/src/CoreEvents.js
  -> file:///E:/Aptana%20Jaxer%20Apache/Jaxer/Apache2-4Build/jaxer/components/aptEventHandler.js

01:12:53 12/24/2025 [ 32928] [TRACE] [JS Framework] [CallbackManager.processGlobalFunctions] For runatFunctions member $A: handledInScripts.hasOwnProperty=false; typeof candidate: function
stack:
  ->  [ModuleLogger.js:98] trace("For runatFunctions member $A: handledInScripts.hasOwnProperty=false; typeof candidate: function")
  ->  [CallbackManager.js:410] processGlobalFunctions([object Object])
  ->  [CallbackManager.js:70] processCallbacks([object HTMLDocument])
  ->  [HandlePage.js:63] onHandlePage([object XPCWrappedNative_NoHelper],[object HTMLDocument])
  ->  [CoreEvents.js:293] fireEvent("HANDLE_PAGE",[object Array])
  ->  [CoreEvents.js:234] fire("PARSE_COMPLETE",[object XPCWrappedNative_NoHelper],[object HTMLDocument])
  ->  [aptEventHandler.js:337] observe([object XPCWrappedNative_NoHelper],"jaxerEvent.HTMLParseComplete",null)
paths:
  -> file:///E:/Aptana%20Jaxer%20Apache/Jaxer/Apache2-4Build/jaxer/framework/src/ModuleLogger.js
  -> file:///E:/Aptana%20Jaxer%20Apache/Jaxer/Apache2-4Build/jaxer/framework/src/CallbackManager.js
  -> file:///E:/Aptana%20Jaxer%20Apache/Jaxer/Apache2-4Build/jaxer/framework/src/HandlePage.js
  -> file:///E:/Aptana%20Jaxer%20Apache/Jaxer/Apache2-4Build/jaxer/framework/src/CoreEvents.js
  -> file:///E:/Aptana%20Jaxer%20Apache/Jaxer/Apache2-4Build/jaxer/components/aptEventHandler.js

01:12:53 12/24/2025 [ 32928] [TRACE] [JS Framework] [CallbackManager.processGlobalFunctions] source before: function $A(iterable) {
    if (!iterable) {
        return [];
    }
    if (iterable.toArray) {
        return iterable.toArray();
    }
    var length = iterable.length || 0, results = new Array(length);
    while (length--) {
        results[length] = iterable[length];
    }
    return results;
}
stack:
  ->  [ModuleLogger.js:98] trace("source before: function $A(iterable) {\n    if (!iterable) {\n        return [];\n    }\n    if (iterable.toArray) {\n        return iterable.toArray();\n    }\n    var length = iterable.length || 0, results = new Array(length);\n    while (length--) {\n        results[length] = iterable[length];\n    }\n    return results;\n}")
  ->  [CallbackManager.js:422] processGlobalFunctions([object Object])
  ->  [CallbackManager.js:70] processCallbacks([object HTMLDocument])
  ->  [HandlePage.js:63] onHandlePage([object XPCWrappedNative_NoHelper],[object HTMLDocument])
  ->  [CoreEvents.js:293] fireEvent("HANDLE_PAGE",[object Array])
  ->  [CoreEvents.js:234] fire("PARSE_COMPLETE",[object XPCWrappedNative_NoHelper],[object HTMLDocument])
  ->  [aptEventHandler.js:337] observe([object XPCWrappedNative_NoHelper],"jaxerEvent.HTMLParseComplete",null)
paths:
  -> file:///E:/Aptana%20Jaxer%20Apache/Jaxer/Apache2-4Build/jaxer/framework/src/ModuleLogger.js
  -> file:///E:/Aptana%20Jaxer%20Apache/Jaxer/Apache2-4Build/jaxer/framework/src/CallbackManager.js
  -> file:///E:/Aptana%20Jaxer%20Apache/Jaxer/Apache2-4Build/jaxer/framework/src/HandlePage.js
  -> file:///E:/Aptana%20Jaxer%20Apache/Jaxer/Apache2-4Build/jaxer/framework/src/CoreEvents.js
  -> file:///E:/Aptana%20Jaxer%20Apache/Jaxer/Apache2-4Build/jaxer/components/aptEventHandler.js

01:12:53 12/24/2025 [ 32928] [TRACE] [JS Framework] [CallbackManager.processGlobalFunctions] source after: function $A(iterable) {
    if (!iterable) {
        return [];
    }
    if (iterable.toArray) {
        return iterable.toArray();
    }
    var length = iterable.length || 0, results = new Array(length);
    while (length--) {
        results[length] = iterable[length];
    }
    return results;
}
stack:
  ->  [ModuleLogger.js:98] trace("source after: function $A(iterable) {\n    if (!iterable) {\n        return [];\n    }\n    if (iterable.toArray) {\n        return iterable.toArray();\n    }\n    var length = iterable.length || 0, results = new Array(length);\n    while (length--) {\n        results[length] = iterable[length];\n    }\n    return results;\n}")
  ->  [CallbackManager.js:431] processGlobalFunctions([object Object])
  ->  [CallbackManager.js:70] processCallbacks([object HTMLDocument])
  ->  [HandlePage.js:63] onHandlePage([object XPCWrappedNative_NoHelper],[object HTMLDocument])
  ->  [CoreEvents.js:293] fireEvent("HANDLE_PAGE",[object Array])
  ->  [CoreEvents.js:234] fire("PARSE_COMPLETE",[object XPCWrappedNative_NoHelper],[object HTMLDocument])
  ->  [aptEventHandler.js:337] observe([object XPCWrappedNative_NoHelper],"jaxerEvent.HTMLParseComplete",null)
paths:
  -> file:///E:/Aptana%20Jaxer%20Apache/Jaxer/Apache2-4Build/jaxer/framework/src/ModuleLogger.js
  -> file:///E:/Aptana%20Jaxer%20Apache/Jaxer/Apache2-4Build/jaxer/framework/src/CallbackManager.js
  -> file:///E:/Aptana%20Jaxer%20Apache/Jaxer/Apache2-4Build/jaxer/framework/src/HandlePage.js
  -> file:///E:/Aptana%20Jaxer%20Apache/Jaxer/Apache2-4Build/jaxer/framework/src/CoreEvents.js
  -> file:///E:/Aptana%20Jaxer%20Apache/Jaxer/Apache2-4Build/jaxer/components/aptEventHandler.js

01:12:53 12/24/2025 [ 32928] [DEBUG] [JS Framework] [CallbackManager.processGlobalFunctions] Processing global function '$A' with runat=server, proxy=false, effectiveRunat=server
stack:
  ->  [ModuleLogger.js:98] debug("Processing global function '$A' with runat=server, proxy=false, effectiveRunat=server")
  ->  [CallbackManager.js:452] processGlobalFunctions([object Object])
  ->  [CallbackManager.js:70] processCallbacks([object HTMLDocument])
  ->  [HandlePage.js:63] onHandlePage([object XPCWrappedNative_NoHelper],[object HTMLDocument])
  ->  [CoreEvents.js:293] fireEvent("HANDLE_PAGE",[object Array])
  ->  [CoreEvents.js:234] fire("PARSE_COMPLETE",[object XPCWrappedNative_NoHelper],[object HTMLDocument])
  ->  [aptEventHandler.js:337] observe([object XPCWrappedNative_NoHelper],"jaxerEvent.HTMLParseComplete",null)
paths:
  -> file:///E:/Aptana%20Jaxer%20Apache/Jaxer/Apache2-4Build/jaxer/framework/src/ModuleLogger.js
  -> file:///E:/Aptana%20Jaxer%20Apache/Jaxer/Apache2-4Build/jaxer/framework/src/CallbackManager.js
  -> file:///E:/Aptana%20Jaxer%20Apache/Jaxer/Apache2-4Build/jaxer/framework/src/HandlePage.js
  -> file:///E:/Aptana%20Jaxer%20Apache/Jaxer/Apache2-4Build/jaxer/framework/src/CoreEvents.js
  -> file:///E:/Aptana%20Jaxer%20Apache/Jaxer/Apache2-4Build/jaxer/components/aptEventHandler.js

01:12:53 12/24/2025 [ 32928] [TRACE] [JS Framework] [CallbackManager.processGlobalFunctions] For runatFunctions member $w: handledInScripts.hasOwnProperty=false; typeof candidate: function
stack:
  ->  [ModuleLogger.js:98] trace("For runatFunctions member $w: handledInScripts.hasOwnProperty=false; typeof candidate: function")
  ->  [CallbackManager.js:410] processGlobalFunctions([object Object])
  ->  [CallbackManager.js:70] processCallbacks([object HTMLDocument])
  ->  [HandlePage.js:63] onHandlePage([object XPCWrappedNative_NoHelper],[object HTMLDocument])
  ->  [CoreEvents.js:293] fireEvent("HANDLE_PAGE",[object Array])
  ->  [CoreEvents.js:234] fire("PARSE_COMPLETE",[object XPCWrappedNative_NoHelper],[object HTMLDocument])
  ->  [aptEventHandler.js:337] observe([object XPCWrappedNative_NoHelper],"jaxerEvent.HTMLParseComplete",null)
paths:
  -> file:///E:/Aptana%20Jaxer%20Apache/Jaxer/Apache2-4Build/jaxer/framework/src/ModuleLogger.js
  -> file:///E:/Aptana%20Jaxer%20Apache/Jaxer/Apache2-4Build/jaxer/framework/src/CallbackManager.js
  -> file:///E:/Aptana%20Jaxer%20Apache/Jaxer/Apache2-4Build/jaxer/framework/src/HandlePage.js
  -> file:///E:/Aptana%20Jaxer%20Apache/Jaxer/Apache2-4Build/jaxer/framework/src/CoreEvents.js
  -> file:///E:/Aptana%20Jaxer%20Apache/Jaxer/Apache2-4Build/jaxer/components/aptEventHandler.js

01:12:53 12/24/2025 [ 32928] [TRACE] [JS Framework] [CallbackManager.processGlobalFunctions] source before: function $w(string) {
    if (!Object.isString(string)) {
        return [];
    }
    string = string.strip();
    return string ? string.split(/\s+/) : [];
}
stack:
  ->  [ModuleLogger.js:98] trace("source before: function $w(string) {\n    if (!Object.isString(string)) {\n        return [];\n    }\n    string = string.strip();\n    return string ? string.split(/\\s+/) : [];\n}")
  ->  [CallbackManager.js:422] processGlobalFunctions([object Object])
  ->  [CallbackManager.js:70] processCallbacks([object HTMLDocument])
  ->  [HandlePage.js:63] onHandlePage([object XPCWrappedNative_NoHelper],[object HTMLDocument])
  ->  [CoreEvents.js:293] fireEvent("HANDLE_PAGE",[object Array])
  ->  [CoreEvents.js:234] fire("PARSE_COMPLETE",[object XPCWrappedNative_NoHelper],[object HTMLDocument])
  ->  [aptEventHandler.js:337] observe([object XPCWrappedNative_NoHelper],"jaxerEvent.HTMLParseComplete",null)
paths:
  -> file:///E:/Aptana%20Jaxer%20Apache/Jaxer/Apache2-4Build/jaxer/framework/src/ModuleLogger.js
  -> file:///E:/Aptana%20Jaxer%20Apache/Jaxer/Apache2-4Build/jaxer/framework/src/CallbackManager.js
  -> file:///E:/Aptana%20Jaxer%20Apache/Jaxer/Apache2-4Build/jaxer/framework/src/HandlePage.js
  -> file:///E:/Aptana%20Jaxer%20Apache/Jaxer/Apache2-4Build/jaxer/framework/src/CoreEvents.js
  -> file:///E:/Aptana%20Jaxer%20Apache/Jaxer/Apache2-4Build/jaxer/components/aptEventHandler.js

01:12:53 12/24/2025 [ 32928] [TRACE] [JS Framework] [CallbackManager.processGlobalFunctions] source after: function $w(string) {
    if (!Object.isString(string)) {
        return [];
    }
    string = string.strip();
    return string ? string.split(/\s+/) : [];
}
stack:
  ->  [ModuleLogger.js:98] trace("source after: function $w(string) {\n    if (!Object.isString(string)) {\n        return [];\n    }\n    string = string.strip();\n    return string ? string.split(/\\s+/) : [];\n}")
  ->  [CallbackManager.js:431] processGlobalFunctions([object Object])
  ->  [CallbackManager.js:70] processCallbacks([object HTMLDocument])
  ->  [HandlePage.js:63] onHandlePage([object XPCWrappedNative_NoHelper],[object HTMLDocument])
  ->  [CoreEvents.js:293] fireEvent("HANDLE_PAGE",[object Array])
  ->  [CoreEvents.js:234] fire("PARSE_COMPLETE",[object XPCWrappedNative_NoHelper],[object HTMLDocument])
  ->  [aptEventHandler.js:337] observe([object XPCWrappedNative_NoHelper],"jaxerEvent.HTMLParseComplete",null)
paths:
  -> file:///E:/Aptana%20Jaxer%20Apache/Jaxer/Apache2-4Build/jaxer/framework/src/ModuleLogger.js
  -> file:///E:/Aptana%20Jaxer%20Apache/Jaxer/Apache2-4Build/jaxer/framework/src/CallbackManager.js
  -> file:///E:/Aptana%20Jaxer%20Apache/Jaxer/Apache2-4Build/jaxer/framework/src/HandlePage.js
  -> file:///E:/Aptana%20Jaxer%20Apache/Jaxer/Apache2-4Build/jaxer/framework/src/CoreEvents.js
  -> file:///E:/Aptana%20Jaxer%20Apache/Jaxer/Apache2-4Build/jaxer/components/aptEventHandler.js

01:12:53 12/24/2025 [ 32928] [DEBUG] [JS Framework] [CallbackManager.processGlobalFunctions] Processing global function '$w' with runat=server, proxy=false, effectiveRunat=server
stack:
  ->  [ModuleLogger.js:98] debug("Processing global function '$w' with runat=server, proxy=false, effectiveRunat=server")
  ->  [CallbackManager.js:452] processGlobalFunctions([object Object])
  ->  [CallbackManager.js:70] processCallbacks([object HTMLDocument])
  ->  [HandlePage.js:63] onHandlePage([object XPCWrappedNative_NoHelper],[object HTMLDocument])
  ->  [CoreEvents.js:293] fireEvent("HANDLE_PAGE",[object Array])
  ->  [CoreEvents.js:234] fire("PARSE_COMPLETE",[object XPCWrappedNative_NoHelper],[object HTMLDocument])
  ->  [aptEventHandler.js:337] observe([object XPCWrappedNative_NoHelper],"jaxerEvent.HTMLParseComplete",null)
paths:
  -> file:///E:/Aptana%20Jaxer%20Apache/Jaxer/Apache2-4Build/jaxer/framework/src/ModuleLogger.js
  -> file:///E:/Aptana%20Jaxer%20Apache/Jaxer/Apache2-4Build/jaxer/framework/src/CallbackManager.js
  -> file:///E:/Aptana%20Jaxer%20Apache/Jaxer/Apache2-4Build/jaxer/framework/src/HandlePage.js
  -> file:///E:/Aptana%20Jaxer%20Apache/Jaxer/Apache2-4Build/jaxer/framework/src/CoreEvents.js
  -> file:///E:/Aptana%20Jaxer%20Apache/Jaxer/Apache2-4Build/jaxer/components/aptEventHandler.js

01:12:53 12/24/2025 [ 32928] [TRACE] [JS Framework] [CallbackManager.processGlobalFunctions] For runatFunctions member $H: handledInScripts.hasOwnProperty=false; typeof candidate: function
stack:
  ->  [ModuleLogger.js:98] trace("For runatFunctions member $H: handledInScripts.hasOwnProperty=false; typeof candidate: function")
  ->  [CallbackManager.js:410] processGlobalFunctions([object Object])
  ->  [CallbackManager.js:70] processCallbacks([object HTMLDocument])
  ->  [HandlePage.js:63] onHandlePage([object XPCWrappedNative_NoHelper],[object HTMLDocument])
  ->  [CoreEvents.js:293] fireEvent("HANDLE_PAGE",[object Array])
  ->  [CoreEvents.js:234] fire("PARSE_COMPLETE",[object XPCWrappedNative_NoHelper],[object HTMLDocument])
  ->  [aptEventHandler.js:337] observe([object XPCWrappedNative_NoHelper],"jaxerEvent.HTMLParseComplete",null)
paths:
  -> file:///E:/Aptana%20Jaxer%20Apache/Jaxer/Apache2-4Build/jaxer/framework/src/ModuleLogger.js
  -> file:///E:/Aptana%20Jaxer%20Apache/Jaxer/Apache2-4Build/jaxer/framework/src/CallbackManager.js
  -> file:///E:/Aptana%20Jaxer%20Apache/Jaxer/Apache2-4Build/jaxer/framework/src/HandlePage.js
  -> file:///E:/Aptana%20Jaxer%20Apache/Jaxer/Apache2-4Build/jaxer/framework/src/CoreEvents.js
  -> file:///E:/Aptana%20Jaxer%20Apache/Jaxer/Apache2-4Build/jaxer/components/aptEventHandler.js

01:12:53 12/24/2025 [ 32928] [TRACE] [JS Framework] [CallbackManager.processGlobalFunctions] source before: function $H(object) {
    return new Hash(object);
}
stack:
  ->  [ModuleLogger.js:98] trace("source before: function $H(object) {\n    return new Hash(object);\n}")
  ->  [CallbackManager.js:422] processGlobalFunctions([object Object])
  ->  [CallbackManager.js:70] processCallbacks([object HTMLDocument])
  ->  [HandlePage.js:63] onHandlePage([object XPCWrappedNative_NoHelper],[object HTMLDocument])
  ->  [CoreEvents.js:293] fireEvent("HANDLE_PAGE",[object Array])
  ->  [CoreEvents.js:234] fire("PARSE_COMPLETE",[object XPCWrappedNative_NoHelper],[object HTMLDocument])
  ->  [aptEventHandler.js:337] observe([object XPCWrappedNative_NoHelper],"jaxerEvent.HTMLParseComplete",null)
paths:
  -> file:///E:/Aptana%20Jaxer%20Apache/Jaxer/Apache2-4Build/jaxer/framework/src/ModuleLogger.js
  -> file:///E:/Aptana%20Jaxer%20Apache/Jaxer/Apache2-4Build/jaxer/framework/src/CallbackManager.js
  -> file:///E:/Aptana%20Jaxer%20Apache/Jaxer/Apache2-4Build/jaxer/framework/src/HandlePage.js
  -> file:///E:/Aptana%20Jaxer%20Apache/Jaxer/Apache2-4Build/jaxer/framework/src/CoreEvents.js
  -> file:///E:/Aptana%20Jaxer%20Apache/Jaxer/Apache2-4Build/jaxer/components/aptEventHandler.js

01:12:53 12/24/2025 [ 32928] [TRACE] [JS Framework] [CallbackManager.processGlobalFunctions] source after: function $H(object) {
    return new Hash(object);
}
stack:
  ->  [ModuleLogger.js:98] trace("source after: function $H(object) {\n    return new Hash(object);\n}")
  ->  [CallbackManager.js:431] processGlobalFunctions([object Object])
  ->  [CallbackManager.js:70] processCallbacks([object HTMLDocument])
  ->  [HandlePage.js:63] onHandlePage([object XPCWrappedNative_NoHelper],[object HTMLDocument])
  ->  [CoreEvents.js:293] fireEvent("HANDLE_PAGE",[object Array])
  ->  [CoreEvents.js:234] fire("PARSE_COMPLETE",[object XPCWrappedNative_NoHelper],[object HTMLDocument])
  ->  [aptEventHandler.js:337] observe([object XPCWrappedNative_NoHelper],"jaxerEvent.HTMLParseComplete",null)
paths:
  -> file:///E:/Aptana%20Jaxer%20Apache/Jaxer/Apache2-4Build/jaxer/framework/src/ModuleLogger.js
  -> file:///E:/Aptana%20Jaxer%20Apache/Jaxer/Apache2-4Build/jaxer/framework/src/CallbackManager.js
  -> file:///E:/Aptana%20Jaxer%20Apache/Jaxer/Apache2-4Build/jaxer/framework/src/HandlePage.js
  -> file:///E:/Aptana%20Jaxer%20Apache/Jaxer/Apache2-4Build/jaxer/framework/src/CoreEvents.js
  -> file:///E:/Aptana%20Jaxer%20Apache/Jaxer/Apache2-4Build/jaxer/components/aptEventHandler.js

01:12:53 12/24/2025 [ 32928] [DEBUG] [JS Framework] [CallbackManager.processGlobalFunctions] Processing global function '$H' with runat=server, proxy=false, effectiveRunat=server
stack:
  ->  [ModuleLogger.js:98] debug("Processing global function '$H' with runat=server, proxy=false, effectiveRunat=server")
  ->  [CallbackManager.js:452] processGlobalFunctions([object Object])
  ->  [CallbackManager.js:70] processCallbacks([object HTMLDocument])
  ->  [HandlePage.js:63] onHandlePage([object XPCWrappedNative_NoHelper],[object HTMLDocument])
  ->  [CoreEvents.js:293] fireEvent("HANDLE_PAGE",[object Array])
  ->  [CoreEvents.js:234] fire("PARSE_COMPLETE",[object XPCWrappedNative_NoHelper],[object HTMLDocument])
  ->  [aptEventHandler.js:337] observe([object XPCWrappedNative_NoHelper],"jaxerEvent.HTMLParseComplete",null)
paths:
  -> file:///E:/Aptana%20Jaxer%20Apache/Jaxer/Apache2-4Build/jaxer/framework/src/ModuleLogger.js
  -> file:///E:/Aptana%20Jaxer%20Apache/Jaxer/Apache2-4Build/jaxer/framework/src/CallbackManager.js
  -> file:///E:/Aptana%20Jaxer%20Apache/Jaxer/Apache2-4Build/jaxer/framework/src/HandlePage.js
  -> file:///E:/Aptana%20Jaxer%20Apache/Jaxer/Apache2-4Build/jaxer/framework/src/CoreEvents.js
  -> file:///E:/Aptana%20Jaxer%20Apache/Jaxer/Apache2-4Build/jaxer/components/aptEventHandler.js

01:12:53 12/24/2025 [ 32928] [TRACE] [JS Framework] [CallbackManager.processGlobalFunctions] For runatFunctions member $: handledInScripts.hasOwnProperty=false; typeof candidate: function
stack:
  ->  [ModuleLogger.js:98] trace("For runatFunctions member $: handledInScripts.hasOwnProperty=false; typeof candidate: function")
  ->  [CallbackManager.js:410] processGlobalFunctions([object Object])
  ->  [CallbackManager.js:70] processCallbacks([object HTMLDocument])
  ->  [HandlePage.js:63] onHandlePage([object XPCWrappedNative_NoHelper],[object HTMLDocument])
  ->  [CoreEvents.js:293] fireEvent("HANDLE_PAGE",[object Array])
  ->  [CoreEvents.js:234] fire("PARSE_COMPLETE",[object XPCWrappedNative_NoHelper],[object HTMLDocument])
  ->  [aptEventHandler.js:337] observe([object XPCWrappedNative_NoHelper],"jaxerEvent.HTMLParseComplete",null)
paths:
  -> file:///E:/Aptana%20Jaxer%20Apache/Jaxer/Apache2-4Build/jaxer/framework/src/ModuleLogger.js
  -> file:///E:/Aptana%20Jaxer%20Apache/Jaxer/Apache2-4Build/jaxer/framework/src/CallbackManager.js
  -> file:///E:/Aptana%20Jaxer%20Apache/Jaxer/Apache2-4Build/jaxer/framework/src/HandlePage.js
  -> file:///E:/Aptana%20Jaxer%20Apache/Jaxer/Apache2-4Build/jaxer/framework/src/CoreEvents.js
  -> file:///E:/Aptana%20Jaxer%20Apache/Jaxer/Apache2-4Build/jaxer/components/aptEventHandler.js

01:12:53 12/24/2025 [ 32928] [TRACE] [JS Framework] [CallbackManager.processGlobalFunctions] source before: function $(element) {
    if (arguments.length > 1) {
        for (var i = 0, elements = [], length = arguments.length; i < length; i++) {
            elements.push($(arguments[i]));
        }
        return elements;
    }
    if (Object.isString(element)) {
        element = document.getElementById(element);
    }
    return Element.extend(element);
}
stack:
  ->  [ModuleLogger.js:98] trace("source before: function $(element) {\n    if (arguments.length > 1) {\n        for (var i = 0, elements = [], length = arguments.length; i < length; i++) {\n            elements.push($(arguments[i]));\n        }\n        return elements;\n    }\n    if (Object.isString(element)) {\n        element = document.getElementById(element);\n    }\n    return Element.extend(element);\n}")
  ->  [CallbackManager.js:422] processGlobalFunctions([object Object])
  ->  [CallbackManager.js:70] processCallbacks([object HTMLDocument])
  ->  [HandlePage.js:63] onHandlePage([object XPCWrappedNative_NoHelper],[object HTMLDocument])
  ->  [CoreEvents.js:293] fireEvent("HANDLE_PAGE",[object Array])
  ->  [CoreEvents.js:234] fire("PARSE_COMPLETE",[object XPCWrappedNative_NoHelper],[object HTMLDocument])
  ->  [aptEventHandler.js:337] observe([object XPCWrappedNative_NoHelper],"jaxerEvent.HTMLParseComplete",null)
paths:
  -> file:///E:/Aptana%20Jaxer%20Apache/Jaxer/Apache2-4Build/jaxer/framework/src/ModuleLogger.js
  -> file:///E:/Aptana%20Jaxer%20Apache/Jaxer/Apache2-4Build/jaxer/framework/src/CallbackManager.js
  -> file:///E:/Aptana%20Jaxer%20Apache/Jaxer/Apache2-4Build/jaxer/framework/src/HandlePage.js
  -> file:///E:/Aptana%20Jaxer%20Apache/Jaxer/Apache2-4Build/jaxer/framework/src/CoreEvents.js
  -> file:///E:/Aptana%20Jaxer%20Apache/Jaxer/Apache2-4Build/jaxer/components/aptEventHandler.js

01:12:53 12/24/2025 [ 32928] [TRACE] [JS Framework] [CallbackManager.processGlobalFunctions] source after: function $(element) {
    if (arguments.length > 1) {
        for (var i = 0, elements = [], length = arguments.length; i < length; i++) {
            elements.push($(arguments[i]));
        }
        return elements;
    }
    if (Object.isString(element)) {
        element = document.getElementById(element);
    }
    return Element.extend(element);
}
stack:
  ->  [ModuleLogger.js:98] trace("source after: function $(element) {\n    if (arguments.length > 1) {\n        for (var i = 0, elements = [], length = arguments.length; i < length; i++) {\n            elements.push($(arguments[i]));\n        }\n        return elements;\n    }\n    if (Object.isString(element)) {\n        element = document.getElementById(element);\n    }\n    return Element.extend(element);\n}")
  ->  [CallbackManager.js:431] processGlobalFunctions([object Object])
  ->  [CallbackManager.js:70] processCallbacks([object HTMLDocument])
  ->  [HandlePage.js:63] onHandlePage([object XPCWrappedNative_NoHelper],[object HTMLDocument])
  ->  [CoreEvents.js:293] fireEvent("HANDLE_PAGE",[object Array])
  ->  [CoreEvents.js:234] fire("PARSE_COMPLETE",[object XPCWrappedNative_NoHelper],[object HTMLDocument])
  ->  [aptEventHandler.js:337] observe([object XPCWrappedNative_NoHelper],"jaxerEvent.HTMLParseComplete",null)
paths:
  -> file:///E:/Aptana%20Jaxer%20Apache/Jaxer/Apache2-4Build/jaxer/framework/src/ModuleLogger.js
  -> file:///E:/Aptana%20Jaxer%20Apache/Jaxer/Apache2-4Build/jaxer/framework/src/CallbackManager.js
  -> file:///E:/Aptana%20Jaxer%20Apache/Jaxer/Apache2-4Build/jaxer/framework/src/HandlePage.js
  -> file:///E:/Aptana%20Jaxer%20Apache/Jaxer/Apache2-4Build/jaxer/framework/src/CoreEvents.js
  -> file:///E:/Aptana%20Jaxer%20Apache/Jaxer/Apache2-4Build/jaxer/components/aptEventHandler.js

01:12:53 12/24/2025 [ 32928] [DEBUG] [JS Framework] [CallbackManager.processGlobalFunctions] Processing global function '$' with runat=server, proxy=false, effectiveRunat=server
stack:
  ->  [ModuleLogger.js:98] debug("Processing global function '$' with runat=server, proxy=false, effectiveRunat=server")
  ->  [CallbackManager.js:452] processGlobalFunctions([object Object])
  ->  [CallbackManager.js:70] processCallbacks([object HTMLDocument])
  ->  [HandlePage.js:63] onHandlePage([object XPCWrappedNative_NoHelper],[object HTMLDocument])
  ->  [CoreEvents.js:293] fireEvent("HANDLE_PAGE",[object Array])
  ->  [CoreEvents.js:234] fire("PARSE_COMPLETE",[object XPCWrappedNative_NoHelper],[object HTMLDocument])
  ->  [aptEventHandler.js:337] observe([object XPCWrappedNative_NoHelper],"jaxerEvent.HTMLParseComplete",null)
paths:
  -> file:///E:/Aptana%20Jaxer%20Apache/Jaxer/Apache2-4Build/jaxer/framework/src/ModuleLogger.js
  -> file:///E:/Aptana%20Jaxer%20Apache/Jaxer/Apache2-4Build/jaxer/framework/src/CallbackManager.js
  -> file:///E:/Aptana%20Jaxer%20Apache/Jaxer/Apache2-4Build/jaxer/framework/src/HandlePage.js
  -> file:///E:/Aptana%20Jaxer%20Apache/Jaxer/Apache2-4Build/jaxer/framework/src/CoreEvents.js
  -> file:///E:/Aptana%20Jaxer%20Apache/Jaxer/Apache2-4Build/jaxer/components/aptEventHandler.js

01:12:53 12/24/2025 [ 32928] [TRACE] [JS Framework] [CallbackManager.processGlobalFunctions] For runatFunctions member $$: handledInScripts.hasOwnProperty=false; typeof candidate: function
stack:
  ->  [ModuleLogger.js:98] trace("For runatFunctions member $$: handledInScripts.hasOwnProperty=false; typeof candidate: function")
  ->  [CallbackManager.js:410] processGlobalFunctions([object Object])
  ->  [CallbackManager.js:70] processCallbacks([object HTMLDocument])
  ->  [HandlePage.js:63] onHandlePage([object XPCWrappedNative_NoHelper],[object HTMLDocument])
  ->  [CoreEvents.js:293] fireEvent("HANDLE_PAGE",[object Array])
  ->  [CoreEvents.js:234] fire("PARSE_COMPLETE",[object XPCWrappedNative_NoHelper],[object HTMLDocument])
  ->  [aptEventHandler.js:337] observe([object XPCWrappedNative_NoHelper],"jaxerEvent.HTMLParseComplete",null)
paths:
  -> file:///E:/Aptana%20Jaxer%20Apache/Jaxer/Apache2-4Build/jaxer/framework/src/ModuleLogger.js
  -> file:///E:/Aptana%20Jaxer%20Apache/Jaxer/Apache2-4Build/jaxer/framework/src/CallbackManager.js
  -> file:///E:/Aptana%20Jaxer%20Apache/Jaxer/Apache2-4Build/jaxer/framework/src/HandlePage.js
  -> file:///E:/Aptana%20Jaxer%20Apache/Jaxer/Apache2-4Build/jaxer/framework/src/CoreEvents.js
  -> file:///E:/Aptana%20Jaxer%20Apache/Jaxer/Apache2-4Build/jaxer/components/aptEventHandler.js

01:12:53 12/24/2025 [ 32928] [TRACE] [JS Framework] [CallbackManager.processGlobalFunctions] source before: function $$() {
    return Selector.findChildElements(document, $A(arguments));
}
stack:
  ->  [ModuleLogger.js:98] trace("source before: function $$() {\n    return Selector.findChildElements(document, $A(arguments));\n}")
  ->  [CallbackManager.js:422] processGlobalFunctions([object Object])
  ->  [CallbackManager.js:70] processCallbacks([object HTMLDocument])
  ->  [HandlePage.js:63] onHandlePage([object XPCWrappedNative_NoHelper],[object HTMLDocument])
  ->  [CoreEvents.js:293] fireEvent("HANDLE_PAGE",[object Array])
  ->  [CoreEvents.js:234] fire("PARSE_COMPLETE",[object XPCWrappedNative_NoHelper],[object HTMLDocument])
  ->  [aptEventHandler.js:337] observe([object XPCWrappedNative_NoHelper],"jaxerEvent.HTMLParseComplete",null)
paths:
  -> file:///E:/Aptana%20Jaxer%20Apache/Jaxer/Apache2-4Build/jaxer/framework/src/ModuleLogger.js
  -> file:///E:/Aptana%20Jaxer%20Apache/Jaxer/Apache2-4Build/jaxer/framework/src/CallbackManager.js
  -> file:///E:/Aptana%20Jaxer%20Apache/Jaxer/Apache2-4Build/jaxer/framework/src/HandlePage.js
  -> file:///E:/Aptana%20Jaxer%20Apache/Jaxer/Apache2-4Build/jaxer/framework/src/CoreEvents.js
  -> file:///E:/Aptana%20Jaxer%20Apache/Jaxer/Apache2-4Build/jaxer/components/aptEventHandler.js

01:12:53 12/24/2025 [ 32928] [TRACE] [JS Framework] [CallbackManager.processGlobalFunctions] source after: function $$() {
    return Selector.findChildElements(document, $A(arguments));
}
stack:
  ->  [ModuleLogger.js:98] trace("source after: function $$() {\n    return Selector.findChildElements(document, $A(arguments));\n}")
  ->  [CallbackManager.js:431] processGlobalFunctions([object Object])
  ->  [CallbackManager.js:70] processCallbacks([object HTMLDocument])
  ->  [HandlePage.js:63] onHandlePage([object XPCWrappedNative_NoHelper],[object HTMLDocument])
  ->  [CoreEvents.js:293] fireEvent("HANDLE_PAGE",[object Array])
  ->  [CoreEvents.js:234] fire("PARSE_COMPLETE",[object XPCWrappedNative_NoHelper],[object HTMLDocument])
  ->  [aptEventHandler.js:337] observe([object XPCWrappedNative_NoHelper],"jaxerEvent.HTMLParseComplete",null)
paths:
  -> file:///E:/Aptana%20Jaxer%20Apache/Jaxer/Apache2-4Build/jaxer/framework/src/ModuleLogger.js
  -> file:///E:/Aptana%20Jaxer%20Apache/Jaxer/Apache2-4Build/jaxer/framework/src/CallbackManager.js
  -> file:///E:/Aptana%20Jaxer%20Apache/Jaxer/Apache2-4Build/jaxer/framework/src/HandlePage.js
  -> file:///E:/Aptana%20Jaxer%20Apache/Jaxer/Apache2-4Build/jaxer/framework/src/CoreEvents.js
  -> file:///E:/Aptana%20Jaxer%20Apache/Jaxer/Apache2-4Build/jaxer/components/aptEventHandler.js

01:12:53 12/24/2025 [ 32928] [DEBUG] [JS Framework] [CallbackManager.processGlobalFunctions] Processing global function '$$' with runat=server, proxy=false, effectiveRunat=server
stack:
  ->  [ModuleLogger.js:98] debug("Processing global function '$$' with runat=server, proxy=false, effectiveRunat=server")
  ->  [CallbackManager.js:452] processGlobalFunctions([object Object])
  ->  [CallbackManager.js:70] processCallbacks([object HTMLDocument])
  ->  [HandlePage.js:63] onHandlePage([object XPCWrappedNative_NoHelper],[object HTMLDocument])
  ->  [CoreEvents.js:293] fireEvent("HANDLE_PAGE",[object Array])
  ->  [CoreEvents.js:234] fire("PARSE_COMPLETE",[object XPCWrappedNative_NoHelper],[object HTMLDocument])
  ->  [aptEventHandler.js:337] observe([object XPCWrappedNative_NoHelper],"jaxerEvent.HTMLParseComplete",null)
paths:
  -> file:///E:/Aptana%20Jaxer%20Apache/Jaxer/Apache2-4Build/jaxer/framework/src/ModuleLogger.js
  -> file:///E:/Aptana%20Jaxer%20Apache/Jaxer/Apache2-4Build/jaxer/framework/src/CallbackManager.js
  -> file:///E:/Aptana%20Jaxer%20Apache/Jaxer/Apache2-4Build/jaxer/framework/src/HandlePage.js
  -> file:///E:/Aptana%20Jaxer%20Apache/Jaxer/Apache2-4Build/jaxer/framework/src/CoreEvents.js
  -> file:///E:/Aptana%20Jaxer%20Apache/Jaxer/Apache2-4Build/jaxer/components/aptEventHandler.js

01:12:53 12/24/2025 [ 32928] [TRACE] [JS Framework] [CallbackManager.processGlobalFunctions] For runatFunctions member parseBuildNumber: handledInScripts.hasOwnProperty=false; typeof candidate: function
stack:
  ->  [ModuleLogger.js:98] trace("For runatFunctions member parseBuildNumber: handledInScripts.hasOwnProperty=false; typeof candidate: function")
  ->  [CallbackManager.js:410] processGlobalFunctions([object Object])
  ->  [CallbackManager.js:70] processCallbacks([object HTMLDocument])
  ->  [HandlePage.js:63] onHandlePage([object XPCWrappedNative_NoHelper],[object HTMLDocument])
  ->  [CoreEvents.js:293] fireEvent("HANDLE_PAGE",[object Array])
  ->  [CoreEvents.js:234] fire("PARSE_COMPLETE",[object XPCWrappedNative_NoHelper],[object HTMLDocument])
  ->  [aptEventHandler.js:337] observe([object XPCWrappedNative_NoHelper],"jaxerEvent.HTMLParseComplete",null)
paths:
  -> file:///E:/Aptana%20Jaxer%20Apache/Jaxer/Apache2-4Build/jaxer/framework/src/ModuleLogger.js
  -> file:///E:/Aptana%20Jaxer%20Apache/Jaxer/Apache2-4Build/jaxer/framework/src/CallbackManager.js
  -> file:///E:/Aptana%20Jaxer%20Apache/Jaxer/Apache2-4Build/jaxer/framework/src/HandlePage.js
  -> file:///E:/Aptana%20Jaxer%20Apache/Jaxer/Apache2-4Build/jaxer/framework/src/CoreEvents.js
  -> file:///E:/Aptana%20Jaxer%20Apache/Jaxer/Apache2-4Build/jaxer/components/aptEventHandler.js

01:12:53 12/24/2025 [ 32928] [TRACE] [JS Framework] [CallbackManager.processGlobalFunctions] source before: function parseBuildNumber(content) {
    return parseFloat(content.replace(/"|\x0A|\x0D/g, "").replace(/[^0123456789]/g, ""));
}
stack:
  ->  [ModuleLogger.js:98] trace("source before: function parseBuildNumber(content) {\n    return parseFloat(content.replace(/\"|\\x0A|\\x0D/g, \"\").replace(/[^0123456789]/g, \"\"));\n}")
  ->  [CallbackManager.js:422] processGlobalFunctions([object Object])
  ->  [CallbackManager.js:70] processCallbacks([object HTMLDocument])
  ->  [HandlePage.js:63] onHandlePage([object XPCWrappedNative_NoHelper],[object HTMLDocument])
  ->  [CoreEvents.js:293] fireEvent("HANDLE_PAGE",[object Array])
  ->  [CoreEvents.js:234] fire("PARSE_COMPLETE",[object XPCWrappedNative_NoHelper],[object HTMLDocument])
  ->  [aptEventHandler.js:337] observe([object XPCWrappedNative_NoHelper],"jaxerEvent.HTMLParseComplete",null)
paths:
  -> file:///E:/Aptana%20Jaxer%20Apache/Jaxer/Apache2-4Build/jaxer/framework/src/ModuleLogger.js
  -> file:///E:/Aptana%20Jaxer%20Apache/Jaxer/Apache2-4Build/jaxer/framework/src/CallbackManager.js
  -> file:///E:/Aptana%20Jaxer%20Apache/Jaxer/Apache2-4Build/jaxer/framework/src/HandlePage.js
  -> file:///E:/Aptana%20Jaxer%20Apache/Jaxer/Apache2-4Build/jaxer/framework/src/CoreEvents.js
  -> file:///E:/Aptana%20Jaxer%20Apache/Jaxer/Apache2-4Build/jaxer/components/aptEventHandler.js

01:12:53 12/24/2025 [ 32928] [TRACE] [JS Framework] [CallbackManager.processGlobalFunctions] source after: function parseBuildNumber(content) {
    return parseFloat(content.replace(/"|\x0A|\x0D/g, "").replace(/[^0123456789]/g, ""));
}
stack:
  ->  [ModuleLogger.js:98] trace("source after: function parseBuildNumber(content) {\n    return parseFloat(content.replace(/\"|\\x0A|\\x0D/g, \"\").replace(/[^0123456789]/g, \"\"));\n}")
  ->  [CallbackManager.js:431] processGlobalFunctions([object Object])
  ->  [CallbackManager.js:70] processCallbacks([object HTMLDocument])
  ->  [HandlePage.js:63] onHandlePage([object XPCWrappedNative_NoHelper],[object HTMLDocument])
  ->  [CoreEvents.js:293] fireEvent("HANDLE_PAGE",[object Array])
  ->  [CoreEvents.js:234] fire("PARSE_COMPLETE",[object XPCWrappedNative_NoHelper],[object HTMLDocument])
  ->  [aptEventHandler.js:337] observe([object XPCWrappedNative_NoHelper],"jaxerEvent.HTMLParseComplete",null)
paths:
  -> file:///E:/Aptana%20Jaxer%20Apache/Jaxer/Apache2-4Build/jaxer/framework/src/ModuleLogger.js
  -> file:///E:/Aptana%20Jaxer%20Apache/Jaxer/Apache2-4Build/jaxer/framework/src/CallbackManager.js
  -> file:///E:/Aptana%20Jaxer%20Apache/Jaxer/Apache2-4Build/jaxer/framework/src/HandlePage.js
  -> file:///E:/Aptana%20Jaxer%20Apache/Jaxer/Apache2-4Build/jaxer/framework/src/CoreEvents.js
  -> file:///E:/Aptana%20Jaxer%20Apache/Jaxer/Apache2-4Build/jaxer/components/aptEventHandler.js

01:12:53 12/24/2025 [ 32928] [DEBUG] [JS Framework] [CallbackManager.processGlobalFunctions] Processing global function 'parseBuildNumber' with runat=server, proxy=false, effectiveRunat=server
stack:
  ->  [ModuleLogger.js:98] debug("Processing global function 'parseBuildNumber' with runat=server, proxy=false, effectiveRunat=server")
  ->  [CallbackManager.js:452] processGlobalFunctions([object Object])
  ->  [CallbackManager.js:70] processCallbacks([object HTMLDocument])
  ->  [HandlePage.js:63] onHandlePage([object XPCWrappedNative_NoHelper],[object HTMLDocument])
  ->  [CoreEvents.js:293] fireEvent("HANDLE_PAGE",[object Array])
  ->  [CoreEvents.js:234] fire("PARSE_COMPLETE",[object XPCWrappedNative_NoHelper],[object HTMLDocument])
  ->  [aptEventHandler.js:337] observe([object XPCWrappedNative_NoHelper],"jaxerEvent.HTMLParseComplete",null)
paths:
  -> file:///E:/Aptana%20Jaxer%20Apache/Jaxer/Apache2-4Build/jaxer/framework/src/ModuleLogger.js
  -> file:///E:/Aptana%20Jaxer%20Apache/Jaxer/Apache2-4Build/jaxer/framework/src/CallbackManager.js
  -> file:///E:/Aptana%20Jaxer%20Apache/Jaxer/Apache2-4Build/jaxer/framework/src/HandlePage.js
  -> file:///E:/Aptana%20Jaxer%20Apache/Jaxer/Apache2-4Build/jaxer/framework/src/CoreEvents.js
  -> file:///E:/Aptana%20Jaxer%20Apache/Jaxer/Apache2-4Build/jaxer/components/aptEventHandler.js

01:12:53 12/24/2025 [ 32928] [TRACE] [JS Framework] [CallbackManager.processGlobalFunctions] For runatFunctions member fetchCurrentBuildNumber: handledInScripts.hasOwnProperty=false; typeof candidate: function
stack:
  ->  [ModuleLogger.js:98] trace("For runatFunctions member fetchCurrentBuildNumber: handledInScripts.hasOwnProperty=false; typeof candidate: function")
  ->  [CallbackManager.js:410] processGlobalFunctions([object Object])
  ->  [CallbackManager.js:70] processCallbacks([object HTMLDocument])
  ->  [HandlePage.js:63] onHandlePage([object XPCWrappedNative_NoHelper],[object HTMLDocument])
  ->  [CoreEvents.js:293] fireEvent("HANDLE_PAGE",[object Array])
  ->  [CoreEvents.js:234] fire("PARSE_COMPLETE",[object XPCWrappedNative_NoHelper],[object HTMLDocument])
  ->  [aptEventHandler.js:337] observe([object XPCWrappedNative_NoHelper],"jaxerEvent.HTMLParseComplete",null)
paths:
  -> file:///E:/Aptana%20Jaxer%20Apache/Jaxer/Apache2-4Build/jaxer/framework/src/ModuleLogger.js
  -> file:///E:/Aptana%20Jaxer%20Apache/Jaxer/Apache2-4Build/jaxer/framework/src/CallbackManager.js
  -> file:///E:/Aptana%20Jaxer%20Apache/Jaxer/Apache2-4Build/jaxer/framework/src/HandlePage.js
  -> file:///E:/Aptana%20Jaxer%20Apache/Jaxer/Apache2-4Build/jaxer/framework/src/CoreEvents.js
  -> file:///E:/Aptana%20Jaxer%20Apache/Jaxer/Apache2-4Build/jaxer/components/aptEventHandler.js

01:12:53 12/24/2025 [ 32928] [TRACE] [JS Framework] [CallbackManager.processGlobalFunctions] source before: function fetchCurrentBuildNumber() {
    var platform = Jaxer.request.OS;
    var platforms = {WINNT: "win32", Darwin: "mac", Linux: "ubu32", SunOS: "ubu32"};
    var target = platforms[platform];
    var buildVal = parseBuildNumber(Jaxer.buildNumber);
    var xhrOptions = new (Jaxer.XHR.SendOptions);
    xhrOptions.cacheBuster = false;
    xhrOptions.timeout = 0;
    xhrOptions.headers = null;
    xhrOptions.onreadytosend = null;
    xhrOptions.onfinished = null;
    xhrOptions.getTransport = Jaxer.XHR.getTransport;
    xhrOptions.method = "GET";
    xhrOptions.async = false;
    xhrOptions.url = "http://update.aptana.com/update/jaxer/" + target + "/version.txt?" + Jaxer.buildNumber;
    xhrOptions.onsuccess = null;
    xhrOptions.onfailure = null;
    var result = Jaxer.XHR.send("", xhrOptions);
    var latestBuildNumber = result.replace(/[^\.0123456789]/g, "");
    var latest = parseBuildNumber(result);
    if (latest > buildVal) {
        return "&nbsp;<a href='http://www.aptana.com/jaxer/download'>Upgrade Available (" + latestBuildNumber + ")</a>";
    }
    if (latest == 0) {
        return false;
    }
    return false;
}
stack:
  ->  [ModuleLogger.js:98] trace("source before: function fetchCurrentBuildNumber() {\n    var platform = Jaxer.request.OS;\n    var platforms = {WINNT: \"win32\", Darwin: \"mac\", Linux: \"ubu32\", SunOS: \"ubu32\"};\n    var target = platforms[platform];\n    var buildVal = parseBuildNumber(Jaxer.buildNumber);\n    var xhrOptions = new (Jaxer.XHR.SendOptions);\n    xhrOptions.cacheBuster = false;\n    xhrOptions.timeout = 0;\n    xhrOptions.headers = null;\n    xhrOptions.onreadytosend = null;\n    xhrOptions.onfinished = null;\n    xhrOptions.getTransport = Jaxer.XHR.getTransport;\n    xhrOptions.method = \"GET\";\n    xhrOptions.async = false;\n    xhrOptions.url = \"http://update.aptana.com/update/jaxer/\" + target + \"/version.txt?\" + Jaxer.buildNumber;\n    xhrOptions.onsuccess = null;\n    xhrOptions.onfailure = null;\n    var result = Jaxer.XHR.send(\"\", xhrOptions);\n    var latestBuildNumber = result.replace(/[^\\.0123456789]/g, \"\");\n    var latest = parseBuildNumber(result);\n    if (latest > buildVal) {\n        return \"&nbsp;<a href='http://www.aptana.com/jaxer/download'>Upgrade Available (\" + latestBuildNumber + \")</a>\";\n    }\n    if (latest == 0) {\n        return false;\n    }\n    return false;\n}")
  ->  [CallbackManager.js:422] processGlobalFunctions([object Object])
  ->  [CallbackManager.js:70] processCallbacks([object HTMLDocument])
  ->  [HandlePage.js:63] onHandlePage([object XPCWrappedNative_NoHelper],[object HTMLDocument])
  ->  [CoreEvents.js:293] fireEvent("HANDLE_PAGE",[object Array])
  ->  [CoreEvents.js:234] fire("PARSE_COMPLETE",[object XPCWrappedNative_NoHelper],[object HTMLDocument])
  ->  [aptEventHandler.js:337] observe([object XPCWrappedNative_NoHelper],"jaxerEvent.HTMLParseComplete",null)
paths:
  -> file:///E:/Aptana%20Jaxer%20Apache/Jaxer/Apache2-4Build/jaxer/framework/src/ModuleLogger.js
  -> file:///E:/Aptana%20Jaxer%20Apache/Jaxer/Apache2-4Build/jaxer/framework/src/CallbackManager.js
  -> file:///E:/Aptana%20Jaxer%20Apache/Jaxer/Apache2-4Build/jaxer/framework/src/HandlePage.js
  -> file:///E:/Aptana%20Jaxer%20Apache/Jaxer/Apache2-4Build/jaxer/framework/src/CoreEvents.js
  -> file:///E:/Aptana%20Jaxer%20Apache/Jaxer/Apache2-4Build/jaxer/components/aptEventHandler.js

01:12:53 12/24/2025 [ 32928] [TRACE] [JS Framework] [CallbackManager.processGlobalFunctions] source after: function fetchCurrentBuildNumber() {
    var platform = Jaxer.request.OS;
    var platforms = {WINNT: "win32", Darwin: "mac", Linux: "ubu32", SunOS: "ubu32"};
    var target = platforms[platform];
    var buildVal = parseBuildNumber(Jaxer.buildNumber);
    var xhrOptions = new (Jaxer.XHR.SendOptions);
    xhrOptions.cacheBuster = false;
    xhrOptions.timeout = 0;
    xhrOptions.headers = null;
    xhrOptions.onreadytosend = null;
    xhrOptions.onfinished = null;
    xhrOptions.getTransport = Jaxer.XHR.getTransport;
    xhrOptions.method = "GET";
    xhrOptions.async = false;
    xhrOptions.url = "http://update.aptana.com/update/jaxer/" + target + "/version.txt?" + Jaxer.buildNumber;
    xhrOptions.onsuccess = null;
    xhrOptions.onfailure = null;
    var result = Jaxer.XHR.send("", xhrOptions);
    var latestBuildNumber = result.replace(/[^\.0123456789]/g, "");
    var latest = parseBuildNumber(result);
    if (latest > buildVal) {
        return "&nbsp;<a href='http://www.aptana.com/jaxer/download'>Upgrade Available (" + latestBuildNumber + ")</a>";
    }
    if (latest == 0) {
        return false;
    }
    return false;
}
stack:
  ->  [ModuleLogger.js:98] trace("source after: function fetchCurrentBuildNumber() {\n    var platform = Jaxer.request.OS;\n    var platforms = {WINNT: \"win32\", Darwin: \"mac\", Linux: \"ubu32\", SunOS: \"ubu32\"};\n    var target = platforms[platform];\n    var buildVal = parseBuildNumber(Jaxer.buildNumber);\n    var xhrOptions = new (Jaxer.XHR.SendOptions);\n    xhrOptions.cacheBuster = false;\n    xhrOptions.timeout = 0;\n    xhrOptions.headers = null;\n    xhrOptions.onreadytosend = null;\n    xhrOptions.onfinished = null;\n    xhrOptions.getTransport = Jaxer.XHR.getTransport;\n    xhrOptions.method = \"GET\";\n    xhrOptions.async = false;\n    xhrOptions.url = \"http://update.aptana.com/update/jaxer/\" + target + \"/version.txt?\" + Jaxer.buildNumber;\n    xhrOptions.onsuccess = null;\n    xhrOptions.onfailure = null;\n    var result = Jaxer.XHR.send(\"\", xhrOptions);\n    var latestBuildNumber = result.replace(/[^\\.0123456789]/g, \"\");\n    var latest = parseBuildNumber(result);\n    if (latest > buildVal) {\n        return \"&nbsp;<a href='http://www.aptana.com/jaxer/download'>Upgrade Available (\" + latestBuildNumber + \")</a>\";\n    }\n    if (latest == 0) {\n        return false;\n    }\n    return false;\n}")
  ->  [CallbackManager.js:431] processGlobalFunctions([object Object])
  ->  [CallbackManager.js:70] processCallbacks([object HTMLDocument])
  ->  [HandlePage.js:63] onHandlePage([object XPCWrappedNative_NoHelper],[object HTMLDocument])
  ->  [CoreEvents.js:293] fireEvent("HANDLE_PAGE",[object Array])
  ->  [CoreEvents.js:234] fire("PARSE_COMPLETE",[object XPCWrappedNative_NoHelper],[object HTMLDocument])
  ->  [aptEventHandler.js:337] observe([object XPCWrappedNative_NoHelper],"jaxerEvent.HTMLParseComplete",null)
paths:
  -> file:///E:/Aptana%20Jaxer%20Apache/Jaxer/Apache2-4Build/jaxer/framework/src/ModuleLogger.js
  -> file:///E:/Aptana%20Jaxer%20Apache/Jaxer/Apache2-4Build/jaxer/framework/src/CallbackManager.js
  -> file:///E:/Aptana%20Jaxer%20Apache/Jaxer/Apache2-4Build/jaxer/framework/src/HandlePage.js
  -> file:///E:/Aptana%20Jaxer%20Apache/Jaxer/Apache2-4Build/jaxer/framework/src/CoreEvents.js
  -> file:///E:/Aptana%20Jaxer%20Apache/Jaxer/Apache2-4Build/jaxer/components/aptEventHandler.js

01:12:53 12/24/2025 [ 32928] [DEBUG] [JS Framework] [CallbackManager.processGlobalFunctions] Processing global function 'fetchCurrentBuildNumber' with runat=server, proxy=true, effectiveRunat=server-proxy
stack:
  ->  [ModuleLogger.js:98] debug("Processing global function 'fetchCurrentBuildNumber' with runat=server, proxy=true, effectiveRunat=server-proxy")
  ->  [CallbackManager.js:452] processGlobalFunctions([object Object])
  ->  [CallbackManager.js:70] processCallbacks([object HTMLDocument])
  ->  [HandlePage.js:63] onHandlePage([object XPCWrappedNative_NoHelper],[object HTMLDocument])
  ->  [CoreEvents.js:293] fireEvent("HANDLE_PAGE",[object Array])
  ->  [CoreEvents.js:234] fire("PARSE_COMPLETE",[object XPCWrappedNative_NoHelper],[object HTMLDocument])
  ->  [aptEventHandler.js:337] observe([object XPCWrappedNative_NoHelper],"jaxerEvent.HTMLParseComplete",null)
paths:
  -> file:///E:/Aptana%20Jaxer%20Apache/Jaxer/Apache2-4Build/jaxer/framework/src/ModuleLogger.js
  -> file:///E:/Aptana%20Jaxer%20Apache/Jaxer/Apache2-4Build/jaxer/framework/src/CallbackManager.js
  -> file:///E:/Aptana%20Jaxer%20Apache/Jaxer/Apache2-4Build/jaxer/framework/src/HandlePage.js
  -> file:///E:/Aptana%20Jaxer%20Apache/Jaxer/Apache2-4Build/jaxer/framework/src/CoreEvents.js
  -> file:///E:/Aptana%20Jaxer%20Apache/Jaxer/Apache2-4Build/jaxer/components/aptEventHandler.js

01:12:53 12/24/2025 [ 32928] [TRACE] [JS Framework] [CallbackManager.cacheServerFunctions] Going to cache 7 functions...
stack:
  ->  [ModuleLogger.js:98] trace("Going to cache 7 functions...")
  ->  [CallbackManager.js:91] cacheServerFunctions([object Object])
  ->  [CallbackManager.js:73] processCallbacks([object HTMLDocument])
  ->  [HandlePage.js:63] onHandlePage([object XPCWrappedNative_NoHelper],[object HTMLDocument])
  ->  [CoreEvents.js:293] fireEvent("HANDLE_PAGE",[object Array])
  ->  [CoreEvents.js:234] fire("PARSE_COMPLETE",[object XPCWrappedNative_NoHelper],[object HTMLDocument])
  ->  [aptEventHandler.js:337] observe([object XPCWrappedNative_NoHelper],"jaxerEvent.HTMLParseComplete",null)
paths:
  -> file:///E:/Aptana%20Jaxer%20Apache/Jaxer/Apache2-4Build/jaxer/framework/src/ModuleLogger.js
  -> file:///E:/Aptana%20Jaxer%20Apache/Jaxer/Apache2-4Build/jaxer/framework/src/CallbackManager.js
  -> file:///E:/Aptana%20Jaxer%20Apache/Jaxer/Apache2-4Build/jaxer/framework/src/HandlePage.js
  -> file:///E:/Aptana%20Jaxer%20Apache/Jaxer/Apache2-4Build/jaxer/framework/src/CoreEvents.js
  -> file:///E:/Aptana%20Jaxer%20Apache/Jaxer/Apache2-4Build/jaxer/components/aptEventHandler.js

01:12:53 12/24/2025 [ 32928] [TRACE] [JS Framework] [CallbackManager.cacheServerFunctions] Saving autoloads for this page: []
stack:
  ->  [ModuleLogger.js:98] trace("Saving autoloads for this page: []")
  ->  [CallbackManager.js:167] cacheServerFunctions([object Object])
  ->  [CallbackManager.js:73] processCallbacks([object HTMLDocument])
  ->  [HandlePage.js:63] onHandlePage([object XPCWrappedNative_NoHelper],[object HTMLDocument])
  ->  [CoreEvents.js:293] fireEvent("HANDLE_PAGE",[object Array])
  ->  [CoreEvents.js:234] fire("PARSE_COMPLETE",[object XPCWrappedNative_NoHelper],[object HTMLDocument])
  ->  [aptEventHandler.js:337] observe([object XPCWrappedNative_NoHelper],"jaxerEvent.HTMLParseComplete",null)
paths:
  -> file:///E:/Aptana%20Jaxer%20Apache/Jaxer/Apache2-4Build/jaxer/framework/src/ModuleLogger.js
  -> file:///E:/Aptana%20Jaxer%20Apache/Jaxer/Apache2-4Build/jaxer/framework/src/CallbackManager.js
  -> file:///E:/Aptana%20Jaxer%20Apache/Jaxer/Apache2-4Build/jaxer/framework/src/HandlePage.js
  -> file:///E:/Aptana%20Jaxer%20Apache/Jaxer/Apache2-4Build/jaxer/framework/src/CoreEvents.js
  -> file:///E:/Aptana%20Jaxer%20Apache/Jaxer/Apache2-4Build/jaxer/components/aptEventHandler.js

01:12:53 12/24/2025 [ 32928] [TRACE] [JS Framework] [DB.SQLite.execute] Starting execute
stack:
  ->  [ModuleLogger.js:98] trace("Starting execute")
  ->  [DB_SQLite.js:302] execute("SELECT COUNT(*) FROM callback_page WHERE name = ? AND crc32 = ?",[object Array])
  ->  [DB.js:181] anonymous("SELECT COUNT(*) FROM callback_page WHERE name = ? AND crc32 = ?",[object Array])
  ->  [CallbackManager.js:179] cacheServerFunctions([object Object])
  ->  [CallbackManager.js:73] processCallbacks([object HTMLDocument])
  ->  [HandlePage.js:63] onHandlePage([object XPCWrappedNative_NoHelper],[object HTMLDocument])
  ->  [CoreEvents.js:293] fireEvent("HANDLE_PAGE",[object Array])
  ->  [CoreEvents.js:234] fire("PARSE_COMPLETE",[object XPCWrappedNative_NoHelper],[object HTMLDocument])
  ->  [aptEventHandler.js:337] observe([object XPCWrappedNative_NoHelper],"jaxerEvent.HTMLParseComplete",null)
paths:
  -> file:///E:/Aptana%20Jaxer%20Apache/Jaxer/Apache2-4Build/jaxer/framework/src/ModuleLogger.js
  -> file:///E:/Aptana%20Jaxer%20Apache/Jaxer/Apache2-4Build/jaxer/framework/src/DB_SQLite.js
  -> file:///E:/Aptana%20Jaxer%20Apache/Jaxer/Apache2-4Build/jaxer/framework/src/DB.js
  -> file:///E:/Aptana%20Jaxer%20Apache/Jaxer/Apache2-4Build/jaxer/framework/src/CallbackManager.js
  -> file:///E:/Aptana%20Jaxer%20Apache/Jaxer/Apache2-4Build/jaxer/framework/src/HandlePage.js
  -> file:///E:/Aptana%20Jaxer%20Apache/Jaxer/Apache2-4Build/jaxer/framework/src/CoreEvents.js
  -> file:///E:/Aptana%20Jaxer%20Apache/Jaxer/Apache2-4Build/jaxer/components/aptEventHandler.js

01:12:53 12/24/2025 [ 32928] [DEBUG] [JS Framework] [DB.SQLite.open] Opening connection to database: E:\Aptana Jaxer Apache\Jaxer\Apache2-4Build\jaxer\..\local_jaxer\conf\..\data\frameworkdata.sqlite
stack:
  ->  [ModuleLogger.js:98] debug("Opening connection to database: E:\\Aptana Jaxer Apache\\Jaxer\\Apache2-4Build\\jaxer\\..\\local_jaxer\\conf\\..\\data\\frameworkdata.sqlite")
  ->  [DB_SQLite.js:212] open()
  ->  [DB_SQLite.js:306] execute("SELECT COUNT(*) FROM callback_page WHERE name = ? AND crc32 = ?",[object Array])
  ->  [DB.js:181] anonymous("SELECT COUNT(*) FROM callback_page WHERE name = ? AND crc32 = ?",[object Array])
  ->  [CallbackManager.js:179] cacheServerFunctions([object Object])
  ->  [CallbackManager.js:73] processCallbacks([object HTMLDocument])
  ->  [HandlePage.js:63] onHandlePage([object XPCWrappedNative_NoHelper],[object HTMLDocument])
  ->  [CoreEvents.js:293] fireEvent("HANDLE_PAGE",[object Array])
  ->  [CoreEvents.js:234] fire("PARSE_COMPLETE",[object XPCWrappedNative_NoHelper],[object HTMLDocument])
  ->  [aptEventHandler.js:337] observe([object XPCWrappedNative_NoHelper],"jaxerEvent.HTMLParseComplete",null)
paths:
  -> file:///E:/Aptana%20Jaxer%20Apache/Jaxer/Apache2-4Build/jaxer/framework/src/ModuleLogger.js
  -> file:///E:/Aptana%20Jaxer%20Apache/Jaxer/Apache2-4Build/jaxer/framework/src/DB_SQLite.js
  -> file:///E:/Aptana%20Jaxer%20Apache/Jaxer/Apache2-4Build/jaxer/framework/src/DB.js
  -> file:///E:/Aptana%20Jaxer%20Apache/Jaxer/Apache2-4Build/jaxer/framework/src/CallbackManager.js
  -> file:///E:/Aptana%20Jaxer%20Apache/Jaxer/Apache2-4Build/jaxer/framework/src/HandlePage.js
  -> file:///E:/Aptana%20Jaxer%20Apache/Jaxer/Apache2-4Build/jaxer/framework/src/CoreEvents.js
  -> file:///E:/Aptana%20Jaxer%20Apache/Jaxer/Apache2-4Build/jaxer/components/aptEventHandler.js

01:12:53 12/24/2025 [ 32928] [TRACE] [JS Framework] [DB.SQLite.open] Tried 1 time(s) in 1 ms to open connection to SQLite database file E:\Aptana Jaxer Apache\Jaxer\Apache2-4Build\jaxer\..\local_jaxer\conf\..\data\frameworkdata.sqlite
stack:
  ->  [ModuleLogger.js:98] trace("Tried 1 time(s) in 1 ms to open connection to SQLite database file E:\\Aptana Jaxer Apache\\Jaxer\\Apache2-4Build\\jaxer\\..\\local_jaxer\\conf\\..\\data\\frameworkdata.sqlite")
  ->  [DB_SQLite.js:266] open()
  ->  [DB_SQLite.js:306] execute("SELECT COUNT(*) FROM callback_page WHERE name = ? AND crc32 = ?",[object Array])
  ->  [DB.js:181] anonymous("SELECT COUNT(*) FROM callback_page WHERE name = ? AND crc32 = ?",[object Array])
  ->  [CallbackManager.js:179] cacheServerFunctions([object Object])
  ->  [CallbackManager.js:73] processCallbacks([object HTMLDocument])
  ->  [HandlePage.js:63] onHandlePage([object XPCWrappedNative_NoHelper],[object HTMLDocument])
  ->  [CoreEvents.js:293] fireEvent("HANDLE_PAGE",[object Array])
  ->  [CoreEvents.js:234] fire("PARSE_COMPLETE",[object XPCWrappedNative_NoHelper],[object HTMLDocument])
  ->  [aptEventHandler.js:337] observe([object XPCWrappedNative_NoHelper],"jaxerEvent.HTMLParseComplete",null)
paths:
  -> file:///E:/Aptana%20Jaxer%20Apache/Jaxer/Apache2-4Build/jaxer/framework/src/ModuleLogger.js
  -> file:///E:/Aptana%20Jaxer%20Apache/Jaxer/Apache2-4Build/jaxer/framework/src/DB_SQLite.js
  -> file:///E:/Aptana%20Jaxer%20Apache/Jaxer/Apache2-4Build/jaxer/framework/src/DB.js
  -> file:///E:/Aptana%20Jaxer%20Apache/Jaxer/Apache2-4Build/jaxer/framework/src/CallbackManager.js
  -> file:///E:/Aptana%20Jaxer%20Apache/Jaxer/Apache2-4Build/jaxer/framework/src/HandlePage.js
  -> file:///E:/Aptana%20Jaxer%20Apache/Jaxer/Apache2-4Build/jaxer/framework/src/CoreEvents.js
  -> file:///E:/Aptana%20Jaxer%20Apache/Jaxer/Apache2-4Build/jaxer/components/aptEventHandler.js

01:12:53 12/24/2025 [ 32928] [DEBUG] [JS Framework] [DB.SQLite.open] Opened
stack:
  ->  [ModuleLogger.js:98] debug("Opened")
  ->  [DB_SQLite.js:268] open()
  ->  [DB_SQLite.js:306] execute("SELECT COUNT(*) FROM callback_page WHERE name = ? AND crc32 = ?",[object Array])
  ->  [DB.js:181] anonymous("SELECT COUNT(*) FROM callback_page WHERE name = ? AND crc32 = ?",[object Array])
  ->  [CallbackManager.js:179] cacheServerFunctions([object Object])
  ->  [CallbackManager.js:73] processCallbacks([object HTMLDocument])
  ->  [HandlePage.js:63] onHandlePage([object XPCWrappedNative_NoHelper],[object HTMLDocument])
  ->  [CoreEvents.js:293] fireEvent("HANDLE_PAGE",[object Array])
  ->  [CoreEvents.js:234] fire("PARSE_COMPLETE",[object XPCWrappedNative_NoHelper],[object HTMLDocument])
  ->  [aptEventHandler.js:337] observe([object XPCWrappedNative_NoHelper],"jaxerEvent.HTMLParseComplete",null)
paths:
  -> file:///E:/Aptana%20Jaxer%20Apache/Jaxer/Apache2-4Build/jaxer/framework/src/ModuleLogger.js
  -> file:///E:/Aptana%20Jaxer%20Apache/Jaxer/Apache2-4Build/jaxer/framework/src/DB_SQLite.js
  -> file:///E:/Aptana%20Jaxer%20Apache/Jaxer/Apache2-4Build/jaxer/framework/src/DB.js
  -> file:///E:/Aptana%20Jaxer%20Apache/Jaxer/Apache2-4Build/jaxer/framework/src/CallbackManager.js
  -> file:///E:/Aptana%20Jaxer%20Apache/Jaxer/Apache2-4Build/jaxer/framework/src/HandlePage.js
  -> file:///E:/Aptana%20Jaxer%20Apache/Jaxer/Apache2-4Build/jaxer/framework/src/CoreEvents.js
  -> file:///E:/Aptana%20Jaxer%20Apache/Jaxer/Apache2-4Build/jaxer/components/aptEventHandler.js

01:12:53 12/24/2025 [ 32928] [TRACE] [JS Framework] [DB.SQLite.bindAndExecute] Binding statement SELECT COUNT(*) FROM callback_page WHERE name = ? AND crc32 = ?
with params: localhost:8081/aptana/,-1466595846
stack:
  ->  [ModuleLogger.js:98] trace("Binding statement SELECT COUNT(*) FROM callback_page WHERE name = ? AND crc32 = ?\nwith params: localhost:8081/aptana/,-1466595846")
  ->  [DB_SQLite.js:512] bindAndExecute([object Object],[object XPCWrappedNative_NoHelper],"SELECT COUNT(*) FROM callback_page WHERE name = ? AND crc32 = ?",[object Array],null,[object Object])
  ->  [DB_SQLite.js:464] executeOneWithStatement([object Array],0,[object Array])
  ->  [DB_SQLite.js:456] executeWithStatement([object Object],"SELECT COUNT(*) FROM callback_page WHERE name = ? AND crc32 = ?",[object Array],[object Object])
  ->  [DB_SQLite.js:312] execute("SELECT COUNT(*) FROM callback_page WHERE name = ? AND crc32 = ?",[object Array])
  ->  [DB.js:181] anonymous("SELECT COUNT(*) FROM callback_page WHERE name = ? AND crc32 = ?",[object Array])
  ->  [CallbackManager.js:179] cacheServerFunctions([object Object])
  ->  [CallbackManager.js:73] processCallbacks([object HTMLDocument])
  ->  [HandlePage.js:63] onHandlePage([object XPCWrappedNative_NoHelper],[object HTMLDocument])
  ->  [CoreEvents.js:293] fireEvent("HANDLE_PAGE",[object Array])
  ->  [CoreEvents.js:234] fire("PARSE_COMPLETE",[object XPCWrappedNative_NoHelper],[object HTMLDocument])
  ->  [aptEventHandler.js:337] observe([object XPCWrappedNative_NoHelper],"jaxerEvent.HTMLParseComplete",null)
paths:
  -> file:///E:/Aptana%20Jaxer%20Apache/Jaxer/Apache2-4Build/jaxer/framework/src/ModuleLogger.js
  -> file:///E:/Aptana%20Jaxer%20Apache/Jaxer/Apache2-4Build/jaxer/framework/src/DB_SQLite.js
  -> file:///E:/Aptana%20Jaxer%20Apache/Jaxer/Apache2-4Build/jaxer/framework/src/DB.js
  -> file:///E:/Aptana%20Jaxer%20Apache/Jaxer/Apache2-4Build/jaxer/framework/src/CallbackManager.js
  -> file:///E:/Aptana%20Jaxer%20Apache/Jaxer/Apache2-4Build/jaxer/framework/src/HandlePage.js
  -> file:///E:/Aptana%20Jaxer%20Apache/Jaxer/Apache2-4Build/jaxer/framework/src/CoreEvents.js
  -> file:///E:/Aptana%20Jaxer%20Apache/Jaxer/Apache2-4Build/jaxer/components/aptEventHandler.js

01:12:53 12/24/2025 [ 32928] [TRACE] [JS Framework] [DB.SQLite.bindAndExecute] Tried 1 time(s) in 8 ms to execute statement on SQLite database file E:\Aptana Jaxer Apache\Jaxer\Apache2-4Build\jaxer\..\local_jaxer\conf\..\data\frameworkdata.sqlite
stack:
  ->  [ModuleLogger.js:98] trace("Tried 1 time(s) in 8 ms to execute statement on SQLite database file E:\\Aptana Jaxer Apache\\Jaxer\\Apache2-4Build\\jaxer\\..\\local_jaxer\\conf\\..\\data\\frameworkdata.sqlite")
  ->  [DB_SQLite.js:606] bindAndExecute([object Object],[object XPCWrappedNative_NoHelper],"SELECT COUNT(*) FROM callback_page WHERE name = ? AND crc32 = ?",[object Array],null,[object Object])
  ->  [DB_SQLite.js:464] executeOneWithStatement([object Array],0,[object Array])
  ->  [DB_SQLite.js:456] executeWithStatement([object Object],"SELECT COUNT(*) FROM callback_page WHERE name = ? AND crc32 = ?",[object Array],[object Object])
  ->  [DB_SQLite.js:312] execute("SELECT COUNT(*) FROM callback_page WHERE name = ? AND crc32 = ?",[object Array])
  ->  [DB.js:181] anonymous("SELECT COUNT(*) FROM callback_page WHERE name = ? AND crc32 = ?",[object Array])
  ->  [CallbackManager.js:179] cacheServerFunctions([object Object])
  ->  [CallbackManager.js:73] processCallbacks([object HTMLDocument])
  ->  [HandlePage.js:63] onHandlePage([object XPCWrappedNative_NoHelper],[object HTMLDocument])
  ->  [CoreEvents.js:293] fireEvent("HANDLE_PAGE",[object Array])
  ->  [CoreEvents.js:234] fire("PARSE_COMPLETE",[object XPCWrappedNative_NoHelper],[object HTMLDocument])
  ->  [aptEventHandler.js:337] observe([object XPCWrappedNative_NoHelper],"jaxerEvent.HTMLParseComplete",null)
paths:
  -> file:///E:/Aptana%20Jaxer%20Apache/Jaxer/Apache2-4Build/jaxer/framework/src/ModuleLogger.js
  -> file:///E:/Aptana%20Jaxer%20Apache/Jaxer/Apache2-4Build/jaxer/framework/src/DB_SQLite.js
  -> file:///E:/Aptana%20Jaxer%20Apache/Jaxer/Apache2-4Build/jaxer/framework/src/DB.js
  -> file:///E:/Aptana%20Jaxer%20Apache/Jaxer/Apache2-4Build/jaxer/framework/src/CallbackManager.js
  -> file:///E:/Aptana%20Jaxer%20Apache/Jaxer/Apache2-4Build/jaxer/framework/src/HandlePage.js
  -> file:///E:/Aptana%20Jaxer%20Apache/Jaxer/Apache2-4Build/jaxer/framework/src/CoreEvents.js
  -> file:///E:/Aptana%20Jaxer%20Apache/Jaxer/Apache2-4Build/jaxer/components/aptEventHandler.js

01:12:53 12/24/2025 [ 32928] [TRACE] [JS Framework] [DB.SQLite.bindAndExecute] Populating resultSet
stack:
  ->  [ModuleLogger.js:98] trace("Populating resultSet")
  ->  [DB_SQLite.js:624] bindAndExecute([object Object],[object XPCWrappedNative_NoHelper],"SELECT COUNT(*) FROM callback_page WHERE name = ? AND crc32 = ?",[object Array],[object Object],[object Object])
  ->  [DB_SQLite.js:464] executeOneWithStatement([object Array],0,[object Array])
  ->  [DB_SQLite.js:456] executeWithStatement([object Object],"SELECT COUNT(*) FROM callback_page WHERE name = ? AND crc32 = ?",[object Array],[object Object])
  ->  [DB_SQLite.js:312] execute("SELECT COUNT(*) FROM callback_page WHERE name = ? AND crc32 = ?",[object Array])
  ->  [DB.js:181] anonymous("SELECT COUNT(*) FROM callback_page WHERE name = ? AND crc32 = ?",[object Array])
  ->  [CallbackManager.js:179] cacheServerFunctions([object Object])
  ->  [CallbackManager.js:73] processCallbacks([object HTMLDocument])
  ->  [HandlePage.js:63] onHandlePage([object XPCWrappedNative_NoHelper],[object HTMLDocument])
  ->  [CoreEvents.js:293] fireEvent("HANDLE_PAGE",[object Array])
  ->  [CoreEvents.js:234] fire("PARSE_COMPLETE",[object XPCWrappedNative_NoHelper],[object HTMLDocument])
  ->  [aptEventHandler.js:337] observe([object XPCWrappedNative_NoHelper],"jaxerEvent.HTMLParseComplete",null)
paths:
  -> file:///E:/Aptana%20Jaxer%20Apache/Jaxer/Apache2-4Build/jaxer/framework/src/ModuleLogger.js
  -> file:///E:/Aptana%20Jaxer%20Apache/Jaxer/Apache2-4Build/jaxer/framework/src/DB_SQLite.js
  -> file:///E:/Aptana%20Jaxer%20Apache/Jaxer/Apache2-4Build/jaxer/framework/src/DB.js
  -> file:///E:/Aptana%20Jaxer%20Apache/Jaxer/Apache2-4Build/jaxer/framework/src/CallbackManager.js
  -> file:///E:/Aptana%20Jaxer%20Apache/Jaxer/Apache2-4Build/jaxer/framework/src/HandlePage.js
  -> file:///E:/Aptana%20Jaxer%20Apache/Jaxer/Apache2-4Build/jaxer/framework/src/CoreEvents.js
  -> file:///E:/Aptana%20Jaxer%20Apache/Jaxer/Apache2-4Build/jaxer/components/aptEventHandler.js

01:12:53 12/24/2025 [ 32928] [TRACE] [JS Framework] [DB.SQLite.bindAndExecute] Column 0: COUNT(*)
stack:
  ->  [ModuleLogger.js:98] trace("Column 0: COUNT(*)")
  ->  [DB_SQLite.js:627] bindAndExecute([object Object],[object XPCWrappedNative_NoHelper],"SELECT COUNT(*) FROM callback_page WHERE name = ? AND crc32 = ?",[object Array],[object Object],[object Object])
  ->  [DB_SQLite.js:464] executeOneWithStatement([object Array],0,[object Array])
  ->  [DB_SQLite.js:456] executeWithStatement([object Object],"SELECT COUNT(*) FROM callback_page WHERE name = ? AND crc32 = ?",[object Array],[object Object])
  ->  [DB_SQLite.js:312] execute("SELECT COUNT(*) FROM callback_page WHERE name = ? AND crc32 = ?",[object Array])
  ->  [DB.js:181] anonymous("SELECT COUNT(*) FROM callback_page WHERE name = ? AND crc32 = ?",[object Array])
  ->  [CallbackManager.js:179] cacheServerFunctions([object Object])
  ->  [CallbackManager.js:73] processCallbacks([object HTMLDocument])
  ->  [HandlePage.js:63] onHandlePage([object XPCWrappedNative_NoHelper],[object HTMLDocument])
  ->  [CoreEvents.js:293] fireEvent("HANDLE_PAGE",[object Array])
  ->  [CoreEvents.js:234] fire("PARSE_COMPLETE",[object XPCWrappedNative_NoHelper],[object HTMLDocument])
  ->  [aptEventHandler.js:337] observe([object XPCWrappedNative_NoHelper],"jaxerEvent.HTMLParseComplete",null)
paths:
  -> file:///E:/Aptana%20Jaxer%20Apache/Jaxer/Apache2-4Build/jaxer/framework/src/ModuleLogger.js
  -> file:///E:/Aptana%20Jaxer%20Apache/Jaxer/Apache2-4Build/jaxer/framework/src/DB_SQLite.js
  -> file:///E:/Aptana%20Jaxer%20Apache/Jaxer/Apache2-4Build/jaxer/framework/src/DB.js
  -> file:///E:/Aptana%20Jaxer%20Apache/Jaxer/Apache2-4Build/jaxer/framework/src/CallbackManager.js
  -> file:///E:/Aptana%20Jaxer%20Apache/Jaxer/Apache2-4Build/jaxer/framework/src/HandlePage.js
  -> file:///E:/Aptana%20Jaxer%20Apache/Jaxer/Apache2-4Build/jaxer/framework/src/CoreEvents.js
  -> file:///E:/Aptana%20Jaxer%20Apache/Jaxer/Apache2-4Build/jaxer/components/aptEventHandler.js

01:12:53 12/24/2025 [ 32928] [TRACE] [JS Framework] [DB.SQLite.bindAndExecute] Tried 1 time(s) in 0 ms to execute statement on SQLite database file E:\Aptana Jaxer Apache\Jaxer\Apache2-4Build\jaxer\..\local_jaxer\conf\..\data\frameworkdata.sqlite
stack:
  ->  [ModuleLogger.js:98] trace("Tried 1 time(s) in 0 ms to execute statement on SQLite database file E:\\Aptana Jaxer Apache\\Jaxer\\Apache2-4Build\\jaxer\\..\\local_jaxer\\conf\\..\\data\\frameworkdata.sqlite")
  ->  [DB_SQLite.js:606] bindAndExecute([object Object],[object XPCWrappedNative_NoHelper],"SELECT COUNT(*) FROM callback_page WHERE name = ? AND crc32 = ?",[object Array],[object Object],[object Object])
  ->  [DB_SQLite.js:464] executeOneWithStatement([object Array],0,[object Array])
  ->  [DB_SQLite.js:456] executeWithStatement([object Object],"SELECT COUNT(*) FROM callback_page WHERE name = ? AND crc32 = ?",[object Array],[object Object])
  ->  [DB_SQLite.js:312] execute("SELECT COUNT(*) FROM callback_page WHERE name = ? AND crc32 = ?",[object Array])
  ->  [DB.js:181] anonymous("SELECT COUNT(*) FROM callback_page WHERE name = ? AND crc32 = ?",[object Array])
  ->  [CallbackManager.js:179] cacheServerFunctions([object Object])
  ->  [CallbackManager.js:73] processCallbacks([object HTMLDocument])
  ->  [HandlePage.js:63] onHandlePage([object XPCWrappedNative_NoHelper],[object HTMLDocument])
  ->  [CoreEvents.js:293] fireEvent("HANDLE_PAGE",[object Array])
  ->  [CoreEvents.js:234] fire("PARSE_COMPLETE",[object XPCWrappedNative_NoHelper],[object HTMLDocument])
  ->  [aptEventHandler.js:337] observe([object XPCWrappedNative_NoHelper],"jaxerEvent.HTMLParseComplete",null)
paths:
  -> file:///E:/Aptana%20Jaxer%20Apache/Jaxer/Apache2-4Build/jaxer/framework/src/ModuleLogger.js
  -> file:///E:/Aptana%20Jaxer%20Apache/Jaxer/Apache2-4Build/jaxer/framework/src/DB_SQLite.js
  -> file:///E:/Aptana%20Jaxer%20Apache/Jaxer/Apache2-4Build/jaxer/framework/src/DB.js
  -> file:///E:/Aptana%20Jaxer%20Apache/Jaxer/Apache2-4Build/jaxer/framework/src/CallbackManager.js
  -> file:///E:/Aptana%20Jaxer%20Apache/Jaxer/Apache2-4Build/jaxer/framework/src/HandlePage.js
  -> file:///E:/Aptana%20Jaxer%20Apache/Jaxer/Apache2-4Build/jaxer/framework/src/CoreEvents.js
  -> file:///E:/Aptana%20Jaxer%20Apache/Jaxer/Apache2-4Build/jaxer/components/aptEventHandler.js

01:12:53 12/24/2025 [ 32928] [TRACE] [JS Framework] [DB.SQLite.executeWithStatement] Closing statement
stack:
  ->  [ModuleLogger.js:98] trace("Closing statement")
  ->  [DB_SQLite.js:484] executeWithStatement([object Object],"SELECT COUNT(*) FROM callback_page WHERE name = ? AND crc32 = ?",[object Array],[object Object])
  ->  [DB_SQLite.js:312] execute("SELECT COUNT(*) FROM callback_page WHERE name = ? AND crc32 = ?",[object Array])
  ->  [DB.js:181] anonymous("SELECT COUNT(*) FROM callback_page WHERE name = ? AND crc32 = ?",[object Array])
  ->  [CallbackManager.js:179] cacheServerFunctions([object Object])
  ->  [CallbackManager.js:73] processCallbacks([object HTMLDocument])
  ->  [HandlePage.js:63] onHandlePage([object XPCWrappedNative_NoHelper],[object HTMLDocument])
  ->  [CoreEvents.js:293] fireEvent("HANDLE_PAGE",[object Array])
  ->  [CoreEvents.js:234] fire("PARSE_COMPLETE",[object XPCWrappedNative_NoHelper],[object HTMLDocument])
  ->  [aptEventHandler.js:337] observe([object XPCWrappedNative_NoHelper],"jaxerEvent.HTMLParseComplete",null)
paths:
  -> file:///E:/Aptana%20Jaxer%20Apache/Jaxer/Apache2-4Build/jaxer/framework/src/ModuleLogger.js
  -> file:///E:/Aptana%20Jaxer%20Apache/Jaxer/Apache2-4Build/jaxer/framework/src/DB_SQLite.js
  -> file:///E:/Aptana%20Jaxer%20Apache/Jaxer/Apache2-4Build/jaxer/framework/src/DB.js
  -> file:///E:/Aptana%20Jaxer%20Apache/Jaxer/Apache2-4Build/jaxer/framework/src/CallbackManager.js
  -> file:///E:/Aptana%20Jaxer%20Apache/Jaxer/Apache2-4Build/jaxer/framework/src/HandlePage.js
  -> file:///E:/Aptana%20Jaxer%20Apache/Jaxer/Apache2-4Build/jaxer/framework/src/CoreEvents.js
  -> file:///E:/Aptana%20Jaxer%20Apache/Jaxer/Apache2-4Build/jaxer/components/aptEventHandler.js

01:12:53 12/24/2025 [ 32928] [TRACE] [JS Framework] [DB.SQLite.executeWithStatement] Resetting and finalizing statement
stack:
  ->  [ModuleLogger.js:98] trace("Resetting and finalizing statement")
  ->  [DB_SQLite.js:487] executeWithStatement([object Object],"SELECT COUNT(*) FROM callback_page WHERE name = ? AND crc32 = ?",[object Array],[object Object])
  ->  [DB_SQLite.js:312] execute("SELECT COUNT(*) FROM callback_page WHERE name = ? AND crc32 = ?",[object Array])
  ->  [DB.js:181] anonymous("SELECT COUNT(*) FROM callback_page WHERE name = ? AND crc32 = ?",[object Array])
  ->  [CallbackManager.js:179] cacheServerFunctions([object Object])
  ->  [CallbackManager.js:73] processCallbacks([object HTMLDocument])
  ->  [HandlePage.js:63] onHandlePage([object XPCWrappedNative_NoHelper],[object HTMLDocument])
  ->  [CoreEvents.js:293] fireEvent("HANDLE_PAGE",[object Array])
  ->  [CoreEvents.js:234] fire("PARSE_COMPLETE",[object XPCWrappedNative_NoHelper],[object HTMLDocument])
  ->  [aptEventHandler.js:337] observe([object XPCWrappedNative_NoHelper],"jaxerEvent.HTMLParseComplete",null)
paths:
  -> file:///E:/Aptana%20Jaxer%20Apache/Jaxer/Apache2-4Build/jaxer/framework/src/ModuleLogger.js
  -> file:///E:/Aptana%20Jaxer%20Apache/Jaxer/Apache2-4Build/jaxer/framework/src/DB_SQLite.js
  -> file:///E:/Aptana%20Jaxer%20Apache/Jaxer/Apache2-4Build/jaxer/framework/src/DB.js
  -> file:///E:/Aptana%20Jaxer%20Apache/Jaxer/Apache2-4Build/jaxer/framework/src/CallbackManager.js
  -> file:///E:/Aptana%20Jaxer%20Apache/Jaxer/Apache2-4Build/jaxer/framework/src/HandlePage.js
  -> file:///E:/Aptana%20Jaxer%20Apache/Jaxer/Apache2-4Build/jaxer/framework/src/CoreEvents.js
  -> file:///E:/Aptana%20Jaxer%20Apache/Jaxer/Apache2-4Build/jaxer/components/aptEventHandler.js

01:12:53 12/24/2025 [ 32928] [TRACE] [JS Framework] [DB.SQLite.execute] Populated resultSet with 1 rows of 1 columns
stack:
  ->  [ModuleLogger.js:98] trace("Populated resultSet with 1 rows of 1 columns")
  ->  [DB_SQLite.js:315] execute("SELECT COUNT(*) FROM callback_page WHERE name = ? AND crc32 = ?",[object Array])
  ->  [DB.js:181] anonymous("SELECT COUNT(*) FROM callback_page WHERE name = ? AND crc32 = ?",[object Array])
  ->  [CallbackManager.js:179] cacheServerFunctions([object Object])
  ->  [CallbackManager.js:73] processCallbacks([object HTMLDocument])
  ->  [HandlePage.js:63] onHandlePage([object XPCWrappedNative_NoHelper],[object HTMLDocument])
  ->  [CoreEvents.js:293] fireEvent("HANDLE_PAGE",[object Array])
  ->  [CoreEvents.js:234] fire("PARSE_COMPLETE",[object XPCWrappedNative_NoHelper],[object HTMLDocument])
  ->  [aptEventHandler.js:337] observe([object XPCWrappedNative_NoHelper],"jaxerEvent.HTMLParseComplete",null)
paths:
  -> file:///E:/Aptana%20Jaxer%20Apache/Jaxer/Apache2-4Build/jaxer/framework/src/ModuleLogger.js
  -> file:///E:/Aptana%20Jaxer%20Apache/Jaxer/Apache2-4Build/jaxer/framework/src/DB_SQLite.js
  -> file:///E:/Aptana%20Jaxer%20Apache/Jaxer/Apache2-4Build/jaxer/framework/src/DB.js
  -> file:///E:/Aptana%20Jaxer%20Apache/Jaxer/Apache2-4Build/jaxer/framework/src/CallbackManager.js
  -> file:///E:/Aptana%20Jaxer%20Apache/Jaxer/Apache2-4Build/jaxer/framework/src/HandlePage.js
  -> file:///E:/Aptana%20Jaxer%20Apache/Jaxer/Apache2-4Build/jaxer/framework/src/CoreEvents.js
  -> file:///E:/Aptana%20Jaxer%20Apache/Jaxer/Apache2-4Build/jaxer/components/aptEventHandler.js

01:12:53 12/24/2025 [ 32928] [TRACE] [JS Framework] [DB.SQLite.execute] Finished executing
stack:
  ->  [ModuleLogger.js:98] trace("Finished executing")
  ->  [DB_SQLite.js:338] execute("SELECT COUNT(*) FROM callback_page WHERE name = ? AND crc32 = ?",[object Array])
  ->  [DB.js:181] anonymous("SELECT COUNT(*) FROM callback_page WHERE name = ? AND crc32 = ?",[object Array])
  ->  [CallbackManager.js:179] cacheServerFunctions([object Object])
  ->  [CallbackManager.js:73] processCallbacks([object HTMLDocument])
  ->  [HandlePage.js:63] onHandlePage([object XPCWrappedNative_NoHelper],[object HTMLDocument])
  ->  [CoreEvents.js:293] fireEvent("HANDLE_PAGE",[object Array])
  ->  [CoreEvents.js:234] fire("PARSE_COMPLETE",[object XPCWrappedNative_NoHelper],[object HTMLDocument])
  ->  [aptEventHandler.js:337] observe([object XPCWrappedNative_NoHelper],"jaxerEvent.HTMLParseComplete",null)
paths:
  -> file:///E:/Aptana%20Jaxer%20Apache/Jaxer/Apache2-4Build/jaxer/framework/src/ModuleLogger.js
  -> file:///E:/Aptana%20Jaxer%20Apache/Jaxer/Apache2-4Build/jaxer/framework/src/DB_SQLite.js
  -> file:///E:/Aptana%20Jaxer%20Apache/Jaxer/Apache2-4Build/jaxer/framework/src/DB.js
  -> file:///E:/Aptana%20Jaxer%20Apache/Jaxer/Apache2-4Build/jaxer/framework/src/CallbackManager.js
  -> file:///E:/Aptana%20Jaxer%20Apache/Jaxer/Apache2-4Build/jaxer/framework/src/HandlePage.js
  -> file:///E:/Aptana%20Jaxer%20Apache/Jaxer/Apache2-4Build/jaxer/framework/src/CoreEvents.js
  -> file:///E:/Aptana%20Jaxer%20Apache/Jaxer/Apache2-4Build/jaxer/components/aptEventHandler.js

01:12:53 12/24/2025 [ 32928] [DEBUG] [JS Framework] [HandlePage.onHandlePage] Script processing complete
stack:
  ->  [ModuleLogger.js:98] debug("Script processing complete")
  ->  [HandlePage.js:64] onHandlePage([object XPCWrappedNative_NoHelper],[object HTMLDocument])
  ->  [CoreEvents.js:293] fireEvent("HANDLE_PAGE",[object Array])
  ->  [CoreEvents.js:234] fire("PARSE_COMPLETE",[object XPCWrappedNative_NoHelper],[object HTMLDocument])
  ->  [aptEventHandler.js:337] observe([object XPCWrappedNative_NoHelper],"jaxerEvent.HTMLParseComplete",null)
paths:
  -> file:///E:/Aptana%20Jaxer%20Apache/Jaxer/Apache2-4Build/jaxer/framework/src/ModuleLogger.js
  -> file:///E:/Aptana%20Jaxer%20Apache/Jaxer/Apache2-4Build/jaxer/framework/src/HandlePage.js
  -> file:///E:/Aptana%20Jaxer%20Apache/Jaxer/Apache2-4Build/jaxer/framework/src/CoreEvents.js
  -> file:///E:/Aptana%20Jaxer%20Apache/Jaxer/Apache2-4Build/jaxer/components/aptEventHandler.js

01:12:53 12/24/2025 [ 32928] [TRACE] [JS Framework] [HandlePage.processLoadEvent] Processing load event 'aftercallbackprocessing' with doc = [object HTMLDocument]
stack:
  ->  [ModuleLogger.js:98] trace("Processing load event 'aftercallbackprocessing' with doc = [object HTMLDocument]")
  ->  [HandlePage.js:258] processLoadEvent("aftercallbackprocessing",[object HTMLDocument],true)
  ->  [HandlePage.js:241] processAfterCallbackProcessing([object HTMLDocument])
  ->  [HandlePage.js:66] onHandlePage([object XPCWrappedNative_NoHelper],[object HTMLDocument])
  ->  [CoreEvents.js:293] fireEvent("HANDLE_PAGE",[object Array])
  ->  [CoreEvents.js:234] fire("PARSE_COMPLETE",[object XPCWrappedNative_NoHelper],[object HTMLDocument])
  ->  [aptEventHandler.js:337] observe([object XPCWrappedNative_NoHelper],"jaxerEvent.HTMLParseComplete",null)
paths:
  -> file:///E:/Aptana%20Jaxer%20Apache/Jaxer/Apache2-4Build/jaxer/framework/src/ModuleLogger.js
  -> file:///E:/Aptana%20Jaxer%20Apache/Jaxer/Apache2-4Build/jaxer/framework/src/HandlePage.js
  -> file:///E:/Aptana%20Jaxer%20Apache/Jaxer/Apache2-4Build/jaxer/framework/src/CoreEvents.js
  -> file:///E:/Aptana%20Jaxer%20Apache/Jaxer/Apache2-4Build/jaxer/components/aptEventHandler.js

01:12:53 12/24/2025 [ 32928] [DEBUG] [JS Framework] [SessionManager.keyToResponse] Saving session key to the client via cookie JaxerSessionId$$localhost:8081: 176589175647709027719934159097
stack:
  ->  [ModuleLogger.js:98] debug("Saving session key to the client via cookie JaxerSessionId$$localhost:8081: 176589175647709027719934159097")
  ->  [SessionManager.js:82] keyToResponse("localhost:8081","176589175647709027719934159097")
  ->  [Container.js:614] persistAll([object HTMLDocument])
  ->  [HandlePage.js:73] onHandlePage([object XPCWrappedNative_NoHelper],[object HTMLDocument])
  ->  [CoreEvents.js:293] fireEvent("HANDLE_PAGE",[object Array])
  ->  [CoreEvents.js:234] fire("PARSE_COMPLETE",[object XPCWrappedNative_NoHelper],[object HTMLDocument])
  ->  [aptEventHandler.js:337] observe([object XPCWrappedNative_NoHelper],"jaxerEvent.HTMLParseComplete",null)
paths:
  -> file:///E:/Aptana%20Jaxer%20Apache/Jaxer/Apache2-4Build/jaxer/framework/src/ModuleLogger.js
  -> file:///E:/Aptana%20Jaxer%20Apache/Jaxer/Apache2-4Build/jaxer/framework/src/SessionManager.js
  -> file:///E:/Aptana%20Jaxer%20Apache/Jaxer/Apache2-4Build/jaxer/framework/src/Container.js
  -> file:///E:/Aptana%20Jaxer%20Apache/Jaxer/Apache2-4Build/jaxer/framework/src/HandlePage.js
  -> file:///E:/Aptana%20Jaxer%20Apache/Jaxer/Apache2-4Build/jaxer/framework/src/CoreEvents.js
  -> file:///E:/Aptana%20Jaxer%20Apache/Jaxer/Apache2-4Build/jaxer/components/aptEventHandler.js

01:12:53 12/24/2025 [ 32928] [TRACE] [JS Framework] [Container.persist] For container APPLICATION:localhost:8081: Persisting
stack:
  ->  [ModuleLogger.js:98] trace("For container APPLICATION:localhost:8081: Persisting")
  ->  [Container.js:313] persist()
  ->  [Container.js:620] persistAll([object HTMLDocument])
  ->  [HandlePage.js:73] onHandlePage([object XPCWrappedNative_NoHelper],[object HTMLDocument])
  ->  [CoreEvents.js:293] fireEvent("HANDLE_PAGE",[object Array])
  ->  [CoreEvents.js:234] fire("PARSE_COMPLETE",[object XPCWrappedNative_NoHelper],[object HTMLDocument])
  ->  [aptEventHandler.js:337] observe([object XPCWrappedNative_NoHelper],"jaxerEvent.HTMLParseComplete",null)
paths:
  -> file:///E:/Aptana%20Jaxer%20Apache/Jaxer/Apache2-4Build/jaxer/framework/src/ModuleLogger.js
  -> file:///E:/Aptana%20Jaxer%20Apache/Jaxer/Apache2-4Build/jaxer/framework/src/Container.js
  -> file:///E:/Aptana%20Jaxer%20Apache/Jaxer/Apache2-4Build/jaxer/framework/src/HandlePage.js
  -> file:///E:/Aptana%20Jaxer%20Apache/Jaxer/Apache2-4Build/jaxer/framework/src/CoreEvents.js
  -> file:///E:/Aptana%20Jaxer%20Apache/Jaxer/Apache2-4Build/jaxer/components/aptEventHandler.js

01:12:53 12/24/2025 [ 32928] [TRACE] [JS Framework] [Container.persist] For container PAGE:localhost:8081/aptana/: Persisting
stack:
  ->  [ModuleLogger.js:98] trace("For container PAGE:localhost:8081/aptana/: Persisting")
  ->  [Container.js:313] persist()
  ->  [Container.js:620] persistAll([object HTMLDocument])
  ->  [HandlePage.js:73] onHandlePage([object XPCWrappedNative_NoHelper],[object HTMLDocument])
  ->  [CoreEvents.js:293] fireEvent("HANDLE_PAGE",[object Array])
  ->  [CoreEvents.js:234] fire("PARSE_COMPLETE",[object XPCWrappedNative_NoHelper],[object HTMLDocument])
  ->  [aptEventHandler.js:337] observe([object XPCWrappedNative_NoHelper],"jaxerEvent.HTMLParseComplete",null)
paths:
  -> file:///E:/Aptana%20Jaxer%20Apache/Jaxer/Apache2-4Build/jaxer/framework/src/ModuleLogger.js
  -> file:///E:/Aptana%20Jaxer%20Apache/Jaxer/Apache2-4Build/jaxer/framework/src/Container.js
  -> file:///E:/Aptana%20Jaxer%20Apache/Jaxer/Apache2-4Build/jaxer/framework/src/HandlePage.js
  -> file:///E:/Aptana%20Jaxer%20Apache/Jaxer/Apache2-4Build/jaxer/framework/src/CoreEvents.js
  -> file:///E:/Aptana%20Jaxer%20Apache/Jaxer/Apache2-4Build/jaxer/components/aptEventHandler.js

01:12:53 12/24/2025 [ 32928] [TRACE] [JS Framework] [Container.persist] For container SESSION:176589175647709027719934159097: Persisting
stack:
  ->  [ModuleLogger.js:98] trace("For container SESSION:176589175647709027719934159097: Persisting")
  ->  [Container.js:313] persist()
  ->  [Container.js:620] persistAll([object HTMLDocument])
  ->  [HandlePage.js:73] onHandlePage([object XPCWrappedNative_NoHelper],[object HTMLDocument])
  ->  [CoreEvents.js:293] fireEvent("HANDLE_PAGE",[object Array])
  ->  [CoreEvents.js:234] fire("PARSE_COMPLETE",[object XPCWrappedNative_NoHelper],[object HTMLDocument])
  ->  [aptEventHandler.js:337] observe([object XPCWrappedNative_NoHelper],"jaxerEvent.HTMLParseComplete",null)
paths:
  -> file:///E:/Aptana%20Jaxer%20Apache/Jaxer/Apache2-4Build/jaxer/framework/src/ModuleLogger.js
  -> file:///E:/Aptana%20Jaxer%20Apache/Jaxer/Apache2-4Build/jaxer/framework/src/Container.js
  -> file:///E:/Aptana%20Jaxer%20Apache/Jaxer/Apache2-4Build/jaxer/framework/src/HandlePage.js
  -> file:///E:/Aptana%20Jaxer%20Apache/Jaxer/Apache2-4Build/jaxer/framework/src/CoreEvents.js
  -> file:///E:/Aptana%20Jaxer%20Apache/Jaxer/Apache2-4Build/jaxer/components/aptEventHandler.js

01:12:53 12/24/2025 [ 32928] [TRACE] [JS Framework] [Container.persist] For container SESSION_PAGE:176589175647709027719934159097$$localhost:8081/aptana/: Persisting
stack:
  ->  [ModuleLogger.js:98] trace("For container SESSION_PAGE:176589175647709027719934159097$$localhost:8081/aptana/: Persisting")
  ->  [Container.js:313] persist()
  ->  [Container.js:620] persistAll([object HTMLDocument])
  ->  [HandlePage.js:73] onHandlePage([object XPCWrappedNative_NoHelper],[object HTMLDocument])
  ->  [CoreEvents.js:293] fireEvent("HANDLE_PAGE",[object Array])
  ->  [CoreEvents.js:234] fire("PARSE_COMPLETE",[object XPCWrappedNative_NoHelper],[object HTMLDocument])
  ->  [aptEventHandler.js:337] observe([object XPCWrappedNative_NoHelper],"jaxerEvent.HTMLParseComplete",null)
paths:
  -> file:///E:/Aptana%20Jaxer%20Apache/Jaxer/Apache2-4Build/jaxer/framework/src/ModuleLogger.js
  -> file:///E:/Aptana%20Jaxer%20Apache/Jaxer/Apache2-4Build/jaxer/framework/src/Container.js
  -> file:///E:/Aptana%20Jaxer%20Apache/Jaxer/Apache2-4Build/jaxer/framework/src/HandlePage.js
  -> file:///E:/Aptana%20Jaxer%20Apache/Jaxer/Apache2-4Build/jaxer/framework/src/CoreEvents.js
  -> file:///E:/Aptana%20Jaxer%20Apache/Jaxer/Apache2-4Build/jaxer/components/aptEventHandler.js

01:12:53 12/24/2025 [ 32928] [TRACE] [JS Framework] [HandlePage.onHandlePage] Containers persisted
stack:
  ->  [ModuleLogger.js:98] trace("Containers persisted")
  ->  [HandlePage.js:74] onHandlePage([object XPCWrappedNative_NoHelper],[object HTMLDocument])
  ->  [CoreEvents.js:293] fireEvent("HANDLE_PAGE",[object Array])
  ->  [CoreEvents.js:234] fire("PARSE_COMPLETE",[object XPCWrappedNative_NoHelper],[object HTMLDocument])
  ->  [aptEventHandler.js:337] observe([object XPCWrappedNative_NoHelper],"jaxerEvent.HTMLParseComplete",null)
paths:
  -> file:///E:/Aptana%20Jaxer%20Apache/Jaxer/Apache2-4Build/jaxer/framework/src/ModuleLogger.js
  -> file:///E:/Aptana%20Jaxer%20Apache/Jaxer/Apache2-4Build/jaxer/framework/src/HandlePage.js
  -> file:///E:/Aptana%20Jaxer%20Apache/Jaxer/Apache2-4Build/jaxer/framework/src/CoreEvents.js
  -> file:///E:/Aptana%20Jaxer%20Apache/Jaxer/Apache2-4Build/jaxer/components/aptEventHandler.js

01:12:53 12/24/2025 [ 32928] [TRACE] [JS Framework] [Response.setNoCacheHeaders] Setting no-cache headers
stack:
  ->  [ModuleLogger.js:98] trace("Setting no-cache headers")
  ->  [Response.js:772] setNoCacheHeaders()
  ->  [HandlePage.js:85] onHandlePage([object XPCWrappedNative_NoHelper],[object HTMLDocument])
  ->  [CoreEvents.js:293] fireEvent("HANDLE_PAGE",[object Array])
  ->  [CoreEvents.js:234] fire("PARSE_COMPLETE",[object XPCWrappedNative_NoHelper],[object HTMLDocument])
  ->  [aptEventHandler.js:337] observe([object XPCWrappedNative_NoHelper],"jaxerEvent.HTMLParseComplete",null)
paths:
  -> file:///E:/Aptana%20Jaxer%20Apache/Jaxer/Apache2-4Build/jaxer/framework/src/ModuleLogger.js
  -> file:///E:/Aptana%20Jaxer%20Apache/Jaxer/Apache2-4Build/jaxer/framework/src/Response.js
  -> file:///E:/Aptana%20Jaxer%20Apache/Jaxer/Apache2-4Build/jaxer/framework/src/HandlePage.js
  -> file:///E:/Aptana%20Jaxer%20Apache/Jaxer/Apache2-4Build/jaxer/framework/src/CoreEvents.js
  -> file:///E:/Aptana%20Jaxer%20Apache/Jaxer/Apache2-4Build/jaxer/components/aptEventHandler.js

01:12:54 12/24/2025 [ 32928] [TRACE] [JS Framework] [DB.SQLite.close] Closing the connection
stack:
  ->  [ModuleLogger.js:98] trace("Closing the connection")
  ->  [DB_SQLite.js:739] close()
  ->  [DB.js:437] closeAllConnections(true)
  ->  [HandlePage.js:182] onHandlePage([object XPCWrappedNative_NoHelper],[object HTMLDocument])
  ->  [CoreEvents.js:293] fireEvent("HANDLE_PAGE",[object Array])
  ->  [CoreEvents.js:234] fire("PARSE_COMPLETE",[object XPCWrappedNative_NoHelper],[object HTMLDocument])
  ->  [aptEventHandler.js:337] observe([object XPCWrappedNative_NoHelper],"jaxerEvent.HTMLParseComplete",null)
paths:
  -> file:///E:/Aptana%20Jaxer%20Apache/Jaxer/Apache2-4Build/jaxer/framework/src/ModuleLogger.js
  -> file:///E:/Aptana%20Jaxer%20Apache/Jaxer/Apache2-4Build/jaxer/framework/src/DB_SQLite.js
  -> file:///E:/Aptana%20Jaxer%20Apache/Jaxer/Apache2-4Build/jaxer/framework/src/DB.js
  -> file:///E:/Aptana%20Jaxer%20Apache/Jaxer/Apache2-4Build/jaxer/framework/src/HandlePage.js
  -> file:///E:/Aptana%20Jaxer%20Apache/Jaxer/Apache2-4Build/jaxer/framework/src/CoreEvents.js
  -> file:///E:/Aptana%20Jaxer%20Apache/Jaxer/Apache2-4Build/jaxer/components/aptEventHandler.js

01:12:54 12/24/2025 [ 32928] [TRACE] [JS Framework] [CoreEvents.fireEvent] Firing an event for PARSE_COMPLETE
stack:
  ->  [ModuleLogger.js:98] trace("Firing an event for PARSE_COMPLETE")
  ->  [CoreEvents.js:282] fireEvent("PARSE_COMPLETE",[object Array])
  ->  [CoreEvents.js:238] fire("PARSE_COMPLETE",[object XPCWrappedNative_NoHelper],[object HTMLDocument])
  ->  [aptEventHandler.js:337] observe([object XPCWrappedNative_NoHelper],"jaxerEvent.HTMLParseComplete",null)
paths:
  -> file:///E:/Aptana%20Jaxer%20Apache/Jaxer/Apache2-4Build/jaxer/framework/src/ModuleLogger.js
  -> file:///E:/Aptana%20Jaxer%20Apache/Jaxer/Apache2-4Build/jaxer/framework/src/CoreEvents.js
  -> file:///E:/Aptana%20Jaxer%20Apache/Jaxer/Apache2-4Build/jaxer/components/aptEventHandler.js

01:12:54 12/24/2025 [ 32928] [TRACE] [JS Framework] [CoreEvents.fireEvent] Calling event handler: function onParseComplete(evt, doc) {
    Jaxer.__tempLoad.cl...
stack:
  ->  [ModuleLogger.js:98] trace("Calling event handler: function onParseComplete(evt, doc) {\n    Jaxer.__tempLoad.cl...")
  ->  [CoreEvents.js:292] fireEvent("PARSE_COMPLETE",[object Array])
  ->  [CoreEvents.js:238] fire("PARSE_COMPLETE",[object XPCWrappedNative_NoHelper],[object HTMLDocument])
  ->  [aptEventHandler.js:337] observe([object XPCWrappedNative_NoHelper],"jaxerEvent.HTMLParseComplete",null)
paths:
  -> file:///E:/Aptana%20Jaxer%20Apache/Jaxer/Apache2-4Build/jaxer/framework/src/ModuleLogger.js
  -> file:///E:/Aptana%20Jaxer%20Apache/Jaxer/Apache2-4Build/jaxer/framework/src/CoreEvents.js
  -> file:///E:/Aptana%20Jaxer%20Apache/Jaxer/Apache2-4Build/jaxer/components/aptEventHandler.js

01:12:54 12/24/2025 [ 32928] [TRACE] [JS Framework] [CoreEvents.fire] At this time, evt.Request.isHandler=false and eventType: REQUEST_COMPLETE
stack:
  ->  [ModuleLogger.js:98] trace("At this time, evt.Request.isHandler=false and eventType: REQUEST_COMPLETE")
  ->  [CoreEvents.js:205] fire("REQUEST_COMPLETE",[object XPCWrappedNative_NoHelper])
  ->  [aptEventHandler.js:351] observe([object XPCWrappedNative_NoHelper],"jaxerEvent.RequestComplete",null)
paths:
  -> file:///E:/Aptana%20Jaxer%20Apache/Jaxer/Apache2-4Build/jaxer/framework/src/ModuleLogger.js
  -> file:///E:/Aptana%20Jaxer%20Apache/Jaxer/Apache2-4Build/jaxer/framework/src/CoreEvents.js
  -> file:///E:/Aptana%20Jaxer%20Apache/Jaxer/Apache2-4Build/jaxer/components/aptEventHandler.js

01:12:54 12/24/2025 [ 32928] [TRACE] [JS Framework] [CoreEvents.fireEvent] Firing an event for REQUEST_COMPLETE
stack:
  ->  [ModuleLogger.js:98] trace("Firing an event for REQUEST_COMPLETE")
  ->  [CoreEvents.js:282] fireEvent("REQUEST_COMPLETE",[object Array])
  ->  [CoreEvents.js:238] fire("REQUEST_COMPLETE",[object XPCWrappedNative_NoHelper])
  ->  [aptEventHandler.js:351] observe([object XPCWrappedNative_NoHelper],"jaxerEvent.RequestComplete",null)
paths:
  -> file:///E:/Aptana%20Jaxer%20Apache/Jaxer/Apache2-4Build/jaxer/framework/src/ModuleLogger.js
  -> file:///E:/Aptana%20Jaxer%20Apache/Jaxer/Apache2-4Build/jaxer/framework/src/CoreEvents.js
  -> file:///E:/Aptana%20Jaxer%20Apache/Jaxer/Apache2-4Build/jaxer/components/aptEventHandler.js

01:12:54 12/24/2025 [ 32928] [TRACE] [JS Framework] [CoreEvents.fireEvent] Calling event handler: function onRequestComplete(evt) {
}...
stack:
  ->  [ModuleLogger.js:98] trace("Calling event handler: function onRequestComplete(evt) {\n}...")
  ->  [CoreEvents.js:292] fireEvent("REQUEST_COMPLETE",[object Array])
  ->  [CoreEvents.js:238] fire("REQUEST_COMPLETE",[object XPCWrappedNative_NoHelper])
  ->  [aptEventHandler.js:351] observe([object XPCWrappedNative_NoHelper],"jaxerEvent.RequestComplete",null)
paths:
  -> file:///E:/Aptana%20Jaxer%20Apache/Jaxer/Apache2-4Build/jaxer/framework/src/ModuleLogger.js
  -> file:///E:/Aptana%20Jaxer%20Apache/Jaxer/Apache2-4Build/jaxer/framework/src/CoreEvents.js
  -> file:///E:/Aptana%20Jaxer%20Apache/Jaxer/Apache2-4Build/jaxer/components/aptEventHandler.js

01:12:54 12/24/2025 [ 22864] [TRACE] [JS Framework] [CoreEvents.fire] At this time, evt.Request.isHandler=false and eventType: REQUEST_START
stack:
  ->  [ModuleLogger.js:98] trace("At this time, evt.Request.isHandler=false and eventType: REQUEST_START")
  ->  [CoreEvents.js:205] fire("REQUEST_START",[object XPCWrappedNative_NoHelper])
  ->  [aptEventHandler.js:292] observe([object XPCWrappedNative_NoHelper],"jaxerEvent.RequestStart",null)
paths:
  -> file:///E:/Aptana%20Jaxer%20Apache/Jaxer/Apache2-4Build/jaxer/framework/src/ModuleLogger.js
  -> file:///E:/Aptana%20Jaxer%20Apache/Jaxer/Apache2-4Build/jaxer/framework/src/CoreEvents.js
  -> file:///E:/Aptana%20Jaxer%20Apache/Jaxer/Apache2-4Build/jaxer/components/aptEventHandler.js

01:12:54 12/24/2025 [ 15324] [TRACE] [JS Framework] [CoreEvents.fire] At this time, evt.Request.isHandler=true and eventType: REQUEST_START
stack:
  ->  [ModuleLogger.js:98] trace("At this time, evt.Request.isHandler=true and eventType: REQUEST_START")
  ->  [CoreEvents.js:205] fire("REQUEST_START",[object XPCWrappedNative_NoHelper])
  ->  [aptEventHandler.js:292] observe([object XPCWrappedNative_NoHelper],"jaxerEvent.RequestStart",null)
paths:
  -> file:///E:/Aptana%20Jaxer%20Apache/Jaxer/Apache2-4Build/jaxer/framework/src/ModuleLogger.js
  -> file:///E:/Aptana%20Jaxer%20Apache/Jaxer/Apache2-4Build/jaxer/framework/src/CoreEvents.js
  -> file:///E:/Aptana%20Jaxer%20Apache/Jaxer/Apache2-4Build/jaxer/components/aptEventHandler.js

01:12:54 12/24/2025 [ 22864] [TRACE] [JS Framework] [CoreEvents.fireEvent] Firing an event for REQUEST_START
stack:
  ->  [ModuleLogger.js:98] trace("Firing an event for REQUEST_START")
  ->  [CoreEvents.js:282] fireEvent("REQUEST_START",[object Array])
  ->  [CoreEvents.js:238] fire("REQUEST_START",[object XPCWrappedNative_NoHelper])
  ->  [aptEventHandler.js:292] observe([object XPCWrappedNative_NoHelper],"jaxerEvent.RequestStart",null)
paths:
  -> file:///E:/Aptana%20Jaxer%20Apache/Jaxer/Apache2-4Build/jaxer/framework/src/ModuleLogger.js
  -> file:///E:/Aptana%20Jaxer%20Apache/Jaxer/Apache2-4Build/jaxer/framework/src/CoreEvents.js
  -> file:///E:/Aptana%20Jaxer%20Apache/Jaxer/Apache2-4Build/jaxer/components/aptEventHandler.js

01:12:54 12/24/2025 [ 22864] [TRACE] [JS Framework] [CoreEvents.fireEvent] Calling event handler: function onRequestStart(evt) {
}...
stack:
  ->  [ModuleLogger.js:98] trace("Calling event handler: function onRequestStart(evt) {\n}...")
  ->  [CoreEvents.js:292] fireEvent("REQUEST_START",[object Array])
  ->  [CoreEvents.js:238] fire("REQUEST_START",[object XPCWrappedNative_NoHelper])
  ->  [aptEventHandler.js:292] observe([object XPCWrappedNative_NoHelper],"jaxerEvent.RequestStart",null)
paths:
  -> file:///E:/Aptana%20Jaxer%20Apache/Jaxer/Apache2-4Build/jaxer/framework/src/ModuleLogger.js
  -> file:///E:/Aptana%20Jaxer%20Apache/Jaxer/Apache2-4Build/jaxer/framework/src/CoreEvents.js
  -> file:///E:/Aptana%20Jaxer%20Apache/Jaxer/Apache2-4Build/jaxer/components/aptEventHandler.js

01:12:54 12/24/2025 [ 15324] [TRACE] [JS Framework] [CoreEvents.fireEvent] Firing an event for REQUEST_START
stack:
  ->  [ModuleLogger.js:98] trace("Firing an event for REQUEST_START")
  ->  [CoreEvents.js:282] fireEvent("REQUEST_START",[object Array])
  ->  [CoreEvents.js:238] fire("REQUEST_START",[object XPCWrappedNative_NoHelper])
  ->  [aptEventHandler.js:292] observe([object XPCWrappedNative_NoHelper],"jaxerEvent.RequestStart",null)
paths:
  -> file:///E:/Aptana%20Jaxer%20Apache/Jaxer/Apache2-4Build/jaxer/framework/src/ModuleLogger.js
  -> file:///E:/Aptana%20Jaxer%20Apache/Jaxer/Apache2-4Build/jaxer/framework/src/CoreEvents.js
  -> file:///E:/Aptana%20Jaxer%20Apache/Jaxer/Apache2-4Build/jaxer/components/aptEventHandler.js

01:12:54 12/24/2025 [ 15324] [TRACE] [JS Framework] [CoreEvents.fireEvent] Calling event handler: function onRequestStart(evt) {
}...
stack:
  ->  [ModuleLogger.js:98] trace("Calling event handler: function onRequestStart(evt) {\n}...")
  ->  [CoreEvents.js:292] fireEvent("REQUEST_START",[object Array])
  ->  [CoreEvents.js:238] fire("REQUEST_START",[object XPCWrappedNative_NoHelper])
  ->  [aptEventHandler.js:292] observe([object XPCWrappedNative_NoHelper],"jaxerEvent.RequestStart",null)
paths:
  -> file:///E:/Aptana%20Jaxer%20Apache/Jaxer/Apache2-4Build/jaxer/framework/src/ModuleLogger.js
  -> file:///E:/Aptana%20Jaxer%20Apache/Jaxer/Apache2-4Build/jaxer/framework/src/CoreEvents.js
  -> file:///E:/Aptana%20Jaxer%20Apache/Jaxer/Apache2-4Build/jaxer/components/aptEventHandler.js

01:12:54 12/24/2025 [ 15324] [TRACE] [JS Framework] [CoreEvents.fire] At this time, evt.Request.isHandler=true and eventType: PARSE_START
stack:
  ->  [ModuleLogger.js:98] trace("At this time, evt.Request.isHandler=true and eventType: PARSE_START")
  ->  [CoreEvents.js:205] fire("PARSE_START",[object XPCWrappedNative_NoHelper])
  ->  [aptEventHandler.js:306] observe([object XPCWrappedNative_NoHelper],"jaxerEvent.HTMLParseStart",null)
paths:
  -> file:///E:/Aptana%20Jaxer%20Apache/Jaxer/Apache2-4Build/jaxer/framework/src/ModuleLogger.js
  -> file:///E:/Aptana%20Jaxer%20Apache/Jaxer/Apache2-4Build/jaxer/framework/src/CoreEvents.js
  -> file:///E:/Aptana%20Jaxer%20Apache/Jaxer/Apache2-4Build/jaxer/components/aptEventHandler.js

01:12:54 12/24/2025 [ 15324] [TRACE] [JS Framework] [CoreEvents.fireEvent] Firing an event for PARSE_START
stack:
  ->  [ModuleLogger.js:98] trace("Firing an event for PARSE_START")
  ->  [CoreEvents.js:282] fireEvent("PARSE_START",[object Array])
  ->  [CoreEvents.js:238] fire("PARSE_START",[object XPCWrappedNative_NoHelper])
  ->  [aptEventHandler.js:306] observe([object XPCWrappedNative_NoHelper],"jaxerEvent.HTMLParseStart",null)
paths:
  -> file:///E:/Aptana%20Jaxer%20Apache/Jaxer/Apache2-4Build/jaxer/framework/src/ModuleLogger.js
  -> file:///E:/Aptana%20Jaxer%20Apache/Jaxer/Apache2-4Build/jaxer/framework/src/CoreEvents.js
  -> file:///E:/Aptana%20Jaxer%20Apache/Jaxer/Apache2-4Build/jaxer/components/aptEventHandler.js

01:12:54 12/24/2025 [ 15324] [TRACE] [JS Framework] [CoreEvents.fireEvent] Calling event handler: function onParseStart(evt) {
    Jaxer.request = frameworkGl...
stack:
  ->  [ModuleLogger.js:98] trace("Calling event handler: function onParseStart(evt) {\n    Jaxer.request = frameworkGl...")
  ->  [CoreEvents.js:292] fireEvent("PARSE_START",[object Array])
  ->  [CoreEvents.js:238] fire("PARSE_START",[object XPCWrappedNative_NoHelper])
  ->  [aptEventHandler.js:306] observe([object XPCWrappedNative_NoHelper],"jaxerEvent.HTMLParseStart",null)
paths:
  -> file:///E:/Aptana%20Jaxer%20Apache/Jaxer/Apache2-4Build/jaxer/framework/src/ModuleLogger.js
  -> file:///E:/Aptana%20Jaxer%20Apache/Jaxer/Apache2-4Build/jaxer/framework/src/CoreEvents.js
  -> file:///E:/Aptana%20Jaxer%20Apache/Jaxer/Apache2-4Build/jaxer/components/aptEventHandler.js

01:12:54 12/24/2025 [ 15324] [TRACE] [JS Framework] [Request.Request] Constructing request from: ({constructorErrors:[], _request:{}, method:"POST", isHandler:true, uri:"/jaxer-callback", protocol:"HTTP/1.1", remoteUser:"", remoteHost:"desktop-lpv0ncp", remoteAddr:"::1", pageFile:"E:/Aptana Jaxer Apache/Jaxer/Apache2-4Build/public/jaxer-callback", documentRoot:"E:/Aptana Jaxer Apache/Jaxer/Apache2-4Build/public", OS:"WINNT", isJaxerServer:true, isHTTPS:false, queryString:"", logFileNativePath:"", action:"POST", headers:{Host:"localhost:8081", Connection:"keep-alive", 'Content-Length':"190", 'sec-ch-ua-platform':"\"Windows\"", 'X-Requested-With':"XMLHttpRequest", 'User-Agent':"Mozilla/5.0 (Windows NT 10.0; Win64; x64) AppleWebKit/537.36 (KHTML, like Gecko) Chrome/140.0.0.0 Safari/537.36 OPR/124.0.0.0", 'sec-ch-ua':"\"Chromium\";v=\"140\", \"Not=A?Brand\";v=\"24\", \"Opera\";v=\"124\"", 'Content-Type':"application/x-www-form-urlencoded", 'sec-ch-ua-mobile':"?0", Accept:"*/*", Origin:"http://localhost:8081", 'Sec-Fetch-Site':"same-origin", 'Sec-Fetch-Mode':"cors", 'Sec-Fetch-Dest':"empty", Referer:"http://localhost:8081/aptana/", 'Accept-Encoding':"gzip, deflate, br, zstd", 'Accept-Language':"en-US,en;q=0.9", Cookie:"JaxerSessionId%24%24localhost%3A8081=176589175647709027719934159097; JaxerSessionId%24%24diagnostics=1766389857171006019406608883027; JaxerSessionId%24%24chat=176650225815408013378880202926; JaxerSessionId%24%24smtp-email=1766502615487048247814800171795; JaxerSessionId%24%24rss-sample=1766502620172023884340692192807; JaxerSessionId%24%24tasks=176650262827103192941976629359; JaxerSessionId%24%24wikilite=1766502633159009874746526267386; JaxerSessionId%24%24logging=176650264152708165463317747484; JaxerSessionId%24%24csajax=176650265576703773913072428896; JaxerSessionId%24%24shell=176650266145103665372259304419"}})
stack:
  ->  [ModuleLogger.js:98] trace("Constructing request from: ({constructorErrors:[], _request:{}, method:\"POST\", isHandler:true, uri:\"/jaxer-callback\", protocol:\"HTTP/1.1\", remoteUser:\"\", remoteHost:\"desktop-lpv0ncp\", remoteAddr:\"::1\", pageFile:\"E:/Aptana Jaxer Apache/Jaxer/Apache2-4Build/public/jaxer-callback\", documentRoot:\"E:/Aptana Jaxer Apache/Jaxer/Apache2-4Build/public\", OS:\"WINNT\", isJaxerServer:true, isHTTPS:false, queryString:\"\", logFileNativePath:\"\", action:\"POST\", headers:{Host:\"localhost:8081\", Connection:\"keep-alive\", 'Content-Length':\"190\", 'sec-ch-ua-platform':\"\\\"Windows\\\"\", 'X-Requested-With':\"XMLHttpRequest\", 'User-Agent':\"Mozilla/5.0 (Windows NT 10.0; Win64; x64) AppleWebKit/537.36 (KHTML, like Gecko) Chrome/140.0.0.0 Safari/537.36 OPR/124.0.0.0\", 'sec-ch-ua':\"\\\"Chromium\\\";v=\\\"140\\\", \\\"Not=A?Brand\\\";v=\\\"24\\\", \\\"Opera\\\";v=\\\"124\\\"\", 'Content-Type':\"application/x-www-form-urlencoded\", 'sec-ch-ua-mobile':\"?0\", Accept:\"*/*\", Origin:\"http://localhost:8081\", 'Sec-Fetch-Site':\"same-origin\", 'Sec-Fetch-Mode':\"cors\", 'Sec-Fetch-Dest':\"empty\", Referer:\"http://localhost:8081/aptana/\", 'Accept-Encoding':\"gzip, deflate, br, zstd\", 'Accept-Language':\"en-US,en;q=0.9\", Cookie:\"JaxerSessionId%24%24localhost%3A8081=176589175647709027719934159097; JaxerSessionId%24%24diagnostics=1766389857171006019406608883027; JaxerSessionId%24%24chat=176650225815408013378880202926; JaxerSessionId%24%24smtp-email=1766502615487048247814800171795; JaxerSessionId%24%24rss-sample=1766502620172023884340692192807; JaxerSessionId%24%24tasks=176650262827103192941976629359; JaxerSessionId%24%24wikilite=1766502633159009874746526267386; JaxerSessionId%24%24logging=176650264152708165463317747484; JaxerSessionId%24%24csajax=176650265576703773913072428896; JaxerSessionId%24%24shell=176650266145103665372259304419\"}})")
  ->  [Request.js:202] Request([object XPCWrappedNative_NoHelper])
  ->  [ParseStart.js:49] onParseStart([object XPCWrappedNative_NoHelper])
  ->  [CoreEvents.js:293] fireEvent("PARSE_START",[object Array])
  ->  [CoreEvents.js:238] fire("PARSE_START",[object XPCWrappedNative_NoHelper])
  ->  [aptEventHandler.js:306] observe([object XPCWrappedNative_NoHelper],"jaxerEvent.HTMLParseStart",null)
paths:
  -> file:///E:/Aptana%20Jaxer%20Apache/Jaxer/Apache2-4Build/jaxer/framework/src/ModuleLogger.js
  -> file:///E:/Aptana%20Jaxer%20Apache/Jaxer/Apache2-4Build/jaxer/framework/src/Request.js
  -> file:///E:/Aptana%20Jaxer%20Apache/Jaxer/Apache2-4Build/jaxer/framework/src/ParseStart.js
  -> file:///E:/Aptana%20Jaxer%20Apache/Jaxer/Apache2-4Build/jaxer/framework/src/CoreEvents.js
  -> file:///E:/Aptana%20Jaxer%20Apache/Jaxer/Apache2-4Build/jaxer/components/aptEventHandler.js

01:12:54 12/24/2025 [ 15324] [TRACE] [JS Framework] [ParseStart.onParseStart] Matching app using parsedUrl='({url:"http://localhost:8081/aptana/", scheme:"http", protocol:"http", authority:"localhost:8081", path:"/aptana/", query:"", fragment:"", userInfo:"", host:"localhost", port:"8081", hostAndPort:"localhost:8081", base:"http://localhost:8081", subdomain:"", domain:"localhost", pathParts:["aptana", ""], leaf:"", queryParts:{}})'
stack:
  ->  [ModuleLogger.js:98] trace("Matching app using parsedUrl='({url:\"http://localhost:8081/aptana/\", scheme:\"http\", protocol:\"http\", authority:\"localhost:8081\", path:\"/aptana/\", query:\"\", fragment:\"\", userInfo:\"\", host:\"localhost\", port:\"8081\", hostAndPort:\"localhost:8081\", base:\"http://localhost:8081\", subdomain:\"\", domain:\"localhost\", pathParts:[\"aptana\", \"\"], leaf:\"\", queryParts:{}})'")
  ->  [ParseStart.js:81] onParseStart([object XPCWrappedNative_NoHelper])
  ->  [CoreEvents.js:293] fireEvent("PARSE_START",[object Array])
  ->  [CoreEvents.js:238] fire("PARSE_START",[object XPCWrappedNative_NoHelper])
  ->  [aptEventHandler.js:306] observe([object XPCWrappedNative_NoHelper],"jaxerEvent.HTMLParseStart",null)
paths:
  -> file:///E:/Aptana%20Jaxer%20Apache/Jaxer/Apache2-4Build/jaxer/framework/src/ModuleLogger.js
  -> file:///E:/Aptana%20Jaxer%20Apache/Jaxer/Apache2-4Build/jaxer/framework/src/ParseStart.js
  -> file:///E:/Aptana%20Jaxer%20Apache/Jaxer/Apache2-4Build/jaxer/framework/src/CoreEvents.js
  -> file:///E:/Aptana%20Jaxer%20Apache/Jaxer/Apache2-4Build/jaxer/components/aptEventHandler.js

01:12:54 12/24/2025 [ 22864] [TRACE] [JS Framework] [CoreEvents.fire] At this time, evt.Request.isHandler=false and eventType: PARSE_START
stack:
  ->  [ModuleLogger.js:98] trace("At this time, evt.Request.isHandler=false and eventType: PARSE_START")
  ->  [CoreEvents.js:205] fire("PARSE_START",[object XPCWrappedNative_NoHelper])
  ->  [aptEventHandler.js:306] observe([object XPCWrappedNative_NoHelper],"jaxerEvent.HTMLParseStart",null)
paths:
  -> file:///E:/Aptana%20Jaxer%20Apache/Jaxer/Apache2-4Build/jaxer/framework/src/ModuleLogger.js
  -> file:///E:/Aptana%20Jaxer%20Apache/Jaxer/Apache2-4Build/jaxer/framework/src/CoreEvents.js
  -> file:///E:/Aptana%20Jaxer%20Apache/Jaxer/Apache2-4Build/jaxer/components/aptEventHandler.js

01:12:54 12/24/2025 [ 15324] [TRACE] [JS Framework] [App.init] Initializing app 'DEFAULT' (urlTest: /.*/)
stack:
  ->  [ModuleLogger.js:98] trace("Initializing app 'DEFAULT' (urlTest: /.*/)")
  ->  [App.js:184] init()
  ->  [ParseStart.js:110] onParseStart([object XPCWrappedNative_NoHelper])
  ->  [CoreEvents.js:293] fireEvent("PARSE_START",[object Array])
  ->  [CoreEvents.js:238] fire("PARSE_START",[object XPCWrappedNative_NoHelper])
  ->  [aptEventHandler.js:306] observe([object XPCWrappedNative_NoHelper],"jaxerEvent.HTMLParseStart",null)
paths:
  -> file:///E:/Aptana%20Jaxer%20Apache/Jaxer/Apache2-4Build/jaxer/framework/src/ModuleLogger.js
  -> file:///E:/Aptana%20Jaxer%20Apache/Jaxer/Apache2-4Build/jaxer/framework/src/App.js
  -> file:///E:/Aptana%20Jaxer%20Apache/Jaxer/Apache2-4Build/jaxer/framework/src/ParseStart.js
  -> file:///E:/Aptana%20Jaxer%20Apache/Jaxer/Apache2-4Build/jaxer/framework/src/CoreEvents.js
  -> file:///E:/Aptana%20Jaxer%20Apache/Jaxer/Apache2-4Build/jaxer/components/aptEventHandler.js

01:12:54 12/24/2025 [ 22864] [TRACE] [JS Framework] [CoreEvents.fireEvent] Firing an event for PARSE_START
stack:
  ->  [ModuleLogger.js:98] trace("Firing an event for PARSE_START")
  ->  [CoreEvents.js:282] fireEvent("PARSE_START",[object Array])
  ->  [CoreEvents.js:238] fire("PARSE_START",[object XPCWrappedNative_NoHelper])
  ->  [aptEventHandler.js:306] observe([object XPCWrappedNative_NoHelper],"jaxerEvent.HTMLParseStart",null)
paths:
  -> file:///E:/Aptana%20Jaxer%20Apache/Jaxer/Apache2-4Build/jaxer/framework/src/ModuleLogger.js
  -> file:///E:/Aptana%20Jaxer%20Apache/Jaxer/Apache2-4Build/jaxer/framework/src/CoreEvents.js
  -> file:///E:/Aptana%20Jaxer%20Apache/Jaxer/Apache2-4Build/jaxer/components/aptEventHandler.js

01:12:54 12/24/2025 [ 15324] [TRACE] [JS Framework] [App.init] APP_KEY for app 'DEFAULT': localhost:8081
stack:
  ->  [ModuleLogger.js:98] trace("APP_KEY for app 'DEFAULT': localhost:8081")
  ->  [App.js:196] init()
  ->  [ParseStart.js:110] onParseStart([object XPCWrappedNative_NoHelper])
  ->  [CoreEvents.js:293] fireEvent("PARSE_START",[object Array])
  ->  [CoreEvents.js:238] fire("PARSE_START",[object XPCWrappedNative_NoHelper])
  ->  [aptEventHandler.js:306] observe([object XPCWrappedNative_NoHelper],"jaxerEvent.HTMLParseStart",null)
paths:
  -> file:///E:/Aptana%20Jaxer%20Apache/Jaxer/Apache2-4Build/jaxer/framework/src/ModuleLogger.js
  -> file:///E:/Aptana%20Jaxer%20Apache/Jaxer/Apache2-4Build/jaxer/framework/src/App.js
  -> file:///E:/Aptana%20Jaxer%20Apache/Jaxer/Apache2-4Build/jaxer/framework/src/ParseStart.js
  -> file:///E:/Aptana%20Jaxer%20Apache/Jaxer/Apache2-4Build/jaxer/framework/src/CoreEvents.js
  -> file:///E:/Aptana%20Jaxer%20Apache/Jaxer/Apache2-4Build/jaxer/components/aptEventHandler.js

01:12:54 12/24/2025 [ 22864] [TRACE] [JS Framework] [CoreEvents.fireEvent] Calling event handler: function onParseStart(evt) {
    Jaxer.request = frameworkGl...
stack:
  ->  [ModuleLogger.js:98] trace("Calling event handler: function onParseStart(evt) {\n    Jaxer.request = frameworkGl...")
  ->  [CoreEvents.js:292] fireEvent("PARSE_START",[object Array])
  ->  [CoreEvents.js:238] fire("PARSE_START",[object XPCWrappedNative_NoHelper])
  ->  [aptEventHandler.js:306] observe([object XPCWrappedNative_NoHelper],"jaxerEvent.HTMLParseStart",null)
paths:
  -> file:///E:/Aptana%20Jaxer%20Apache/Jaxer/Apache2-4Build/jaxer/framework/src/ModuleLogger.js
  -> file:///E:/Aptana%20Jaxer%20Apache/Jaxer/Apache2-4Build/jaxer/framework/src/CoreEvents.js
  -> file:///E:/Aptana%20Jaxer%20Apache/Jaxer/Apache2-4Build/jaxer/components/aptEventHandler.js

01:12:54 12/24/2025 [ 15324] [TRACE] [JS Framework] [App.init] PAGE_KEY for app 'DEFAULT': localhost:8081/aptana/
stack:
  ->  [ModuleLogger.js:98] trace("PAGE_KEY for app 'DEFAULT': localhost:8081/aptana/")
  ->  [App.js:208] init()
  ->  [ParseStart.js:110] onParseStart([object XPCWrappedNative_NoHelper])
  ->  [CoreEvents.js:293] fireEvent("PARSE_START",[object Array])
  ->  [CoreEvents.js:238] fire("PARSE_START",[object XPCWrappedNative_NoHelper])
  ->  [aptEventHandler.js:306] observe([object XPCWrappedNative_NoHelper],"jaxerEvent.HTMLParseStart",null)
paths:
  -> file:///E:/Aptana%20Jaxer%20Apache/Jaxer/Apache2-4Build/jaxer/framework/src/ModuleLogger.js
  -> file:///E:/Aptana%20Jaxer%20Apache/Jaxer/Apache2-4Build/jaxer/framework/src/App.js
  -> file:///E:/Aptana%20Jaxer%20Apache/Jaxer/Apache2-4Build/jaxer/framework/src/ParseStart.js
  -> file:///E:/Aptana%20Jaxer%20Apache/Jaxer/Apache2-4Build/jaxer/framework/src/CoreEvents.js
  -> file:///E:/Aptana%20Jaxer%20Apache/Jaxer/Apache2-4Build/jaxer/components/aptEventHandler.js

01:12:54 12/24/2025 [ 22864] [TRACE] [JS Framework] [Request.Request] Constructing request from: ({constructorErrors:[], _request:{}, method:"POST", isHandler:false, uri:"/aptana/jaxer_about.html", protocol:"HTTP/1.1", remoteUser:"", remoteHost:"desktop-lpv0ncp", remoteAddr:"::1", pageFile:"E:/Aptana Jaxer Apache/Jaxer/Apache2-4Build/jaxer/aptana/jaxer_about.html", documentRoot:"E:/Aptana Jaxer Apache/Jaxer/Apache2-4Build/public", OS:"WINNT", isJaxerServer:false, isHTTPS:false, queryString:"", logFileNativePath:"", action:"POST", headers:{Host:"localhost:8081", Connection:"keep-alive", 'Content-Length':"0", 'X-Prototype-Version':"1.6.0.2", 'sec-ch-ua-platform':"\"Windows\"", 'sec-ch-ua':"\"Chromium\";v=\"140\", \"Not=A?Brand\";v=\"24\", \"Opera\";v=\"124\"", 'sec-ch-ua-mobile':"?0", 'X-Requested-With':"XMLHttpRequest", 'User-Agent':"Mozilla/5.0 (Windows NT 10.0; Win64; x64) AppleWebKit/537.36 (KHTML, like Gecko) Chrome/140.0.0.0 Safari/537.36 OPR/124.0.0.0", Accept:"text/javascript, text/html, application/xml, text/xml, */*", 'Content-type':"application/x-www-form-urlencoded; charset=UTF-8", Origin:"http://localhost:8081", 'Sec-Fetch-Site':"same-origin", 'Sec-Fetch-Mode':"cors", 'Sec-Fetch-Dest':"empty", Referer:"http://localhost:8081/aptana/", 'Accept-Encoding':"gzip, deflate, br, zstd", 'Accept-Language':"en-US,en;q=0.9", Cookie:"JaxerSessionId%24%24localhost%3A8081=176589175647709027719934159097; JaxerSessionId%24%24diagnostics=1766389857171006019406608883027; JaxerSessionId%24%24chat=176650225815408013378880202926; JaxerSessionId%24%24smtp-email=1766502615487048247814800171795; JaxerSessionId%24%24rss-sample=1766502620172023884340692192807; JaxerSessionId%24%24tasks=176650262827103192941976629359; JaxerSessionId%24%24wikilite=1766502633159009874746526267386; JaxerSessionId%24%24logging=176650264152708165463317747484; JaxerSessionId%24%24csajax=176650265576703773913072428896; JaxerSessionId%24%24shell=176650266145103665372259304419"}})
stack:
  ->  [ModuleLogger.js:98] trace("Constructing request from: ({constructorErrors:[], _request:{}, method:\"POST\", isHandler:false, uri:\"/aptana/jaxer_about.html\", protocol:\"HTTP/1.1\", remoteUser:\"\", remoteHost:\"desktop-lpv0ncp\", remoteAddr:\"::1\", pageFile:\"E:/Aptana Jaxer Apache/Jaxer/Apache2-4Build/jaxer/aptana/jaxer_about.html\", documentRoot:\"E:/Aptana Jaxer Apache/Jaxer/Apache2-4Build/public\", OS:\"WINNT\", isJaxerServer:false, isHTTPS:false, queryString:\"\", logFileNativePath:\"\", action:\"POST\", headers:{Host:\"localhost:8081\", Connection:\"keep-alive\", 'Content-Length':\"0\", 'X-Prototype-Version':\"1.6.0.2\", 'sec-ch-ua-platform':\"\\\"Windows\\\"\", 'sec-ch-ua':\"\\\"Chromium\\\";v=\\\"140\\\", \\\"Not=A?Brand\\\";v=\\\"24\\\", \\\"Opera\\\";v=\\\"124\\\"\", 'sec-ch-ua-mobile':\"?0\", 'X-Requested-With':\"XMLHttpRequest\", 'User-Agent':\"Mozilla/5.0 (Windows NT 10.0; Win64; x64) AppleWebKit/537.36 (KHTML, like Gecko) Chrome/140.0.0.0 Safari/537.36 OPR/124.0.0.0\", Accept:\"text/javascript, text/html, application/xml, text/xml, */*\", 'Content-type':\"application/x-www-form-urlencoded; charset=UTF-8\", Origin:\"http://localhost:8081\", 'Sec-Fetch-Site':\"same-origin\", 'Sec-Fetch-Mode':\"cors\", 'Sec-Fetch-Dest':\"empty\", Referer:\"http://localhost:8081/aptana/\", 'Accept-Encoding':\"gzip, deflate, br, zstd\", 'Accept-Language':\"en-US,en;q=0.9\", Cookie:\"JaxerSessionId%24%24localhost%3A8081=176589175647709027719934159097; JaxerSessionId%24%24diagnostics=1766389857171006019406608883027; JaxerSessionId%24%24chat=176650225815408013378880202926; JaxerSessionId%24%24smtp-email=1766502615487048247814800171795; JaxerSessionId%24%24rss-sample=1766502620172023884340692192807; JaxerSessionId%24%24tasks=176650262827103192941976629359; JaxerSessionId%24%24wikilite=1766502633159009874746526267386; JaxerSessionId%24%24logging=176650264152708165463317747484; JaxerSessionId%24%24csajax=176650265576703773913072428896; JaxerSessionId%24%24shell=176650266145103665372259304419\"}})")
  ->  [Request.js:202] Request([object XPCWrappedNative_NoHelper])
  ->  [ParseStart.js:49] onParseStart([object XPCWrappedNative_NoHelper])
  ->  [CoreEvents.js:293] fireEvent("PARSE_START",[object Array])
  ->  [CoreEvents.js:238] fire("PARSE_START",[object XPCWrappedNative_NoHelper])
  ->  [aptEventHandler.js:306] observe([object XPCWrappedNative_NoHelper],"jaxerEvent.HTMLParseStart",null)
paths:
  -> file:///E:/Aptana%20Jaxer%20Apache/Jaxer/Apache2-4Build/jaxer/framework/src/ModuleLogger.js
  -> file:///E:/Aptana%20Jaxer%20Apache/Jaxer/Apache2-4Build/jaxer/framework/src/Request.js
  -> file:///E:/Aptana%20Jaxer%20Apache/Jaxer/Apache2-4Build/jaxer/framework/src/ParseStart.js
  -> file:///E:/Aptana%20Jaxer%20Apache/Jaxer/Apache2-4Build/jaxer/framework/src/CoreEvents.js
  -> file:///E:/Aptana%20Jaxer%20Apache/Jaxer/Apache2-4Build/jaxer/components/aptEventHandler.js

01:12:54 12/24/2025 [ 22864] [TRACE] [JS Framework] [ParseStart.onParseStart] Matching app using parsedUrl='({url:"http://localhost:8081/aptana/jaxer_about.html", scheme:"http", protocol:"http", authority:"localhost:8081", path:"/aptana/jaxer_about.html", query:"", fragment:"", userInfo:"", host:"localhost", port:"8081", hostAndPort:"localhost:8081", base:"http://localhost:8081", subdomain:"", domain:"localhost", pathParts:["aptana", "jaxer_about.html"], leaf:"jaxer_about.html", queryParts:{}})'
stack:
  ->  [ModuleLogger.js:98] trace("Matching app using parsedUrl='({url:\"http://localhost:8081/aptana/jaxer_about.html\", scheme:\"http\", protocol:\"http\", authority:\"localhost:8081\", path:\"/aptana/jaxer_about.html\", query:\"\", fragment:\"\", userInfo:\"\", host:\"localhost\", port:\"8081\", hostAndPort:\"localhost:8081\", base:\"http://localhost:8081\", subdomain:\"\", domain:\"localhost\", pathParts:[\"aptana\", \"jaxer_about.html\"], leaf:\"jaxer_about.html\", queryParts:{}})'")
  ->  [ParseStart.js:81] onParseStart([object XPCWrappedNative_NoHelper])
  ->  [CoreEvents.js:293] fireEvent("PARSE_START",[object Array])
  ->  [CoreEvents.js:238] fire("PARSE_START",[object XPCWrappedNative_NoHelper])
  ->  [aptEventHandler.js:306] observe([object XPCWrappedNative_NoHelper],"jaxerEvent.HTMLParseStart",null)
paths:
  -> file:///E:/Aptana%20Jaxer%20Apache/Jaxer/Apache2-4Build/jaxer/framework/src/ModuleLogger.js
  -> file:///E:/Aptana%20Jaxer%20Apache/Jaxer/Apache2-4Build/jaxer/framework/src/ParseStart.js
  -> file:///E:/Aptana%20Jaxer%20Apache/Jaxer/Apache2-4Build/jaxer/framework/src/CoreEvents.js
  -> file:///E:/Aptana%20Jaxer%20Apache/Jaxer/Apache2-4Build/jaxer/components/aptEventHandler.js

01:12:54 12/24/2025 [ 15324] [TRACE] [JS Framework] [App.init] PATH for app 'DEFAULT': resource:///../local_jaxer/data/DEFAULT
stack:
  ->  [ModuleLogger.js:98] trace("PATH for app 'DEFAULT': resource:///../local_jaxer/data/DEFAULT")
  ->  [App.js:231] init()
  ->  [ParseStart.js:110] onParseStart([object XPCWrappedNative_NoHelper])
  ->  [CoreEvents.js:293] fireEvent("PARSE_START",[object Array])
  ->  [CoreEvents.js:238] fire("PARSE_START",[object XPCWrappedNative_NoHelper])
  ->  [aptEventHandler.js:306] observe([object XPCWrappedNative_NoHelper],"jaxerEvent.HTMLParseStart",null)
paths:
  -> file:///E:/Aptana%20Jaxer%20Apache/Jaxer/Apache2-4Build/jaxer/framework/src/ModuleLogger.js
  -> file:///E:/Aptana%20Jaxer%20Apache/Jaxer/Apache2-4Build/jaxer/framework/src/App.js
  -> file:///E:/Aptana%20Jaxer%20Apache/Jaxer/Apache2-4Build/jaxer/framework/src/ParseStart.js
  -> file:///E:/Aptana%20Jaxer%20Apache/Jaxer/Apache2-4Build/jaxer/framework/src/CoreEvents.js
  -> file:///E:/Aptana%20Jaxer%20Apache/Jaxer/Apache2-4Build/jaxer/components/aptEventHandler.js

01:12:54 12/24/2025 [ 15324] [TRACE] [JS Framework] [ParseStart.onParseStart] Using app 'DEFAULT': urlTest = /.*/
stack:
  ->  [ModuleLogger.js:98] trace("Using app 'DEFAULT': urlTest = /.*/")
  ->  [ParseStart.js:113] onParseStart([object XPCWrappedNative_NoHelper])
  ->  [CoreEvents.js:293] fireEvent("PARSE_START",[object Array])
  ->  [CoreEvents.js:238] fire("PARSE_START",[object XPCWrappedNative_NoHelper])
  ->  [aptEventHandler.js:306] observe([object XPCWrappedNative_NoHelper],"jaxerEvent.HTMLParseStart",null)
paths:
  -> file:///E:/Aptana%20Jaxer%20Apache/Jaxer/Apache2-4Build/jaxer/framework/src/ModuleLogger.js
  -> file:///E:/Aptana%20Jaxer%20Apache/Jaxer/Apache2-4Build/jaxer/framework/src/ParseStart.js
  -> file:///E:/Aptana%20Jaxer%20Apache/Jaxer/Apache2-4Build/jaxer/framework/src/CoreEvents.js
  -> file:///E:/Aptana%20Jaxer%20Apache/Jaxer/Apache2-4Build/jaxer/components/aptEventHandler.js

01:12:54 12/24/2025 [ 22864] [TRACE] [JS Framework] [App.init] Initializing app 'DEFAULT' (urlTest: /.*/)
stack:
  ->  [ModuleLogger.js:98] trace("Initializing app 'DEFAULT' (urlTest: /.*/)")
  ->  [App.js:184] init()
  ->  [ParseStart.js:110] onParseStart([object XPCWrappedNative_NoHelper])
  ->  [CoreEvents.js:293] fireEvent("PARSE_START",[object Array])
  ->  [CoreEvents.js:238] fire("PARSE_START",[object XPCWrappedNative_NoHelper])
  ->  [aptEventHandler.js:306] observe([object XPCWrappedNative_NoHelper],"jaxerEvent.HTMLParseStart",null)
paths:
  -> file:///E:/Aptana%20Jaxer%20Apache/Jaxer/Apache2-4Build/jaxer/framework/src/ModuleLogger.js
  -> file:///E:/Aptana%20Jaxer%20Apache/Jaxer/Apache2-4Build/jaxer/framework/src/App.js
  -> file:///E:/Aptana%20Jaxer%20Apache/Jaxer/Apache2-4Build/jaxer/framework/src/ParseStart.js
  -> file:///E:/Aptana%20Jaxer%20Apache/Jaxer/Apache2-4Build/jaxer/framework/src/CoreEvents.js
  -> file:///E:/Aptana%20Jaxer%20Apache/Jaxer/Apache2-4Build/jaxer/components/aptEventHandler.js

01:12:54 12/24/2025 [ 15324] [DEBUG] [JS Framework] [SessionManager.keyFromRequest] Getting session key from the client via cookie JaxerSessionId$$localhost:8081: 176589175647709027719934159097
stack:
  ->  [ModuleLogger.js:98] debug("Getting session key from the client via cookie JaxerSessionId$$localhost:8081: 176589175647709027719934159097")
  ->  [SessionManager.js:59] keyFromRequest("localhost:8081")
  ->  [Container.js:474] init("localhost:8081","localhost:8081/aptana/")
  ->  [ParseStart.js:122] onParseStart([object XPCWrappedNative_NoHelper])
  ->  [CoreEvents.js:293] fireEvent("PARSE_START",[object Array])
  ->  [CoreEvents.js:238] fire("PARSE_START",[object XPCWrappedNative_NoHelper])
  ->  [aptEventHandler.js:306] observe([object XPCWrappedNative_NoHelper],"jaxerEvent.HTMLParseStart",null)
paths:
  -> file:///E:/Aptana%20Jaxer%20Apache/Jaxer/Apache2-4Build/jaxer/framework/src/ModuleLogger.js
  -> file:///E:/Aptana%20Jaxer%20Apache/Jaxer/Apache2-4Build/jaxer/framework/src/SessionManager.js
  -> file:///E:/Aptana%20Jaxer%20Apache/Jaxer/Apache2-4Build/jaxer/framework/src/Container.js
  -> file:///E:/Aptana%20Jaxer%20Apache/Jaxer/Apache2-4Build/jaxer/framework/src/ParseStart.js
  -> file:///E:/Aptana%20Jaxer%20Apache/Jaxer/Apache2-4Build/jaxer/framework/src/CoreEvents.js
  -> file:///E:/Aptana%20Jaxer%20Apache/Jaxer/Apache2-4Build/jaxer/components/aptEventHandler.js

01:12:54 12/24/2025 [ 22864] [TRACE] [JS Framework] [App.init] APP_KEY for app 'DEFAULT': localhost:8081
stack:
  ->  [ModuleLogger.js:98] trace("APP_KEY for app 'DEFAULT': localhost:8081")
  ->  [App.js:196] init()
  ->  [ParseStart.js:110] onParseStart([object XPCWrappedNative_NoHelper])
  ->  [CoreEvents.js:293] fireEvent("PARSE_START",[object Array])
  ->  [CoreEvents.js:238] fire("PARSE_START",[object XPCWrappedNative_NoHelper])
  ->  [aptEventHandler.js:306] observe([object XPCWrappedNative_NoHelper],"jaxerEvent.HTMLParseStart",null)
paths:
  -> file:///E:/Aptana%20Jaxer%20Apache/Jaxer/Apache2-4Build/jaxer/framework/src/ModuleLogger.js
  -> file:///E:/Aptana%20Jaxer%20Apache/Jaxer/Apache2-4Build/jaxer/framework/src/App.js
  -> file:///E:/Aptana%20Jaxer%20Apache/Jaxer/Apache2-4Build/jaxer/framework/src/ParseStart.js
  -> file:///E:/Aptana%20Jaxer%20Apache/Jaxer/Apache2-4Build/jaxer/framework/src/CoreEvents.js
  -> file:///E:/Aptana%20Jaxer%20Apache/Jaxer/Apache2-4Build/jaxer/components/aptEventHandler.js

01:12:54 12/24/2025 [ 15324] [DEBUG] [JS Framework] [Container.init] Created APPLICATION container as Jaxer.application with key localhost:8081
stack:
  ->  [ModuleLogger.js:98] debug("Created APPLICATION container as Jaxer.application with key localhost:8081")
  ->  [Container.js:485] init("localhost:8081","localhost:8081/aptana/")
  ->  [ParseStart.js:122] onParseStart([object XPCWrappedNative_NoHelper])
  ->  [CoreEvents.js:293] fireEvent("PARSE_START",[object Array])
  ->  [CoreEvents.js:238] fire("PARSE_START",[object XPCWrappedNative_NoHelper])
  ->  [aptEventHandler.js:306] observe([object XPCWrappedNative_NoHelper],"jaxerEvent.HTMLParseStart",null)
paths:
  -> file:///E:/Aptana%20Jaxer%20Apache/Jaxer/Apache2-4Build/jaxer/framework/src/ModuleLogger.js
  -> file:///E:/Aptana%20Jaxer%20Apache/Jaxer/Apache2-4Build/jaxer/framework/src/Container.js
  -> file:///E:/Aptana%20Jaxer%20Apache/Jaxer/Apache2-4Build/jaxer/framework/src/ParseStart.js
  -> file:///E:/Aptana%20Jaxer%20Apache/Jaxer/Apache2-4Build/jaxer/framework/src/CoreEvents.js
  -> file:///E:/Aptana%20Jaxer%20Apache/Jaxer/Apache2-4Build/jaxer/components/aptEventHandler.js

01:12:54 12/24/2025 [ 22864] [TRACE] [JS Framework] [App.init] PAGE_KEY for app 'DEFAULT': localhost:8081/aptana/jaxer_about.html
stack:
  ->  [ModuleLogger.js:98] trace("PAGE_KEY for app 'DEFAULT': localhost:8081/aptana/jaxer_about.html")
  ->  [App.js:208] init()
  ->  [ParseStart.js:110] onParseStart([object XPCWrappedNative_NoHelper])
  ->  [CoreEvents.js:293] fireEvent("PARSE_START",[object Array])
  ->  [CoreEvents.js:238] fire("PARSE_START",[object XPCWrappedNative_NoHelper])
  ->  [aptEventHandler.js:306] observe([object XPCWrappedNative_NoHelper],"jaxerEvent.HTMLParseStart",null)
paths:
  -> file:///E:/Aptana%20Jaxer%20Apache/Jaxer/Apache2-4Build/jaxer/framework/src/ModuleLogger.js
  -> file:///E:/Aptana%20Jaxer%20Apache/Jaxer/Apache2-4Build/jaxer/framework/src/App.js
  -> file:///E:/Aptana%20Jaxer%20Apache/Jaxer/Apache2-4Build/jaxer/framework/src/ParseStart.js
  -> file:///E:/Aptana%20Jaxer%20Apache/Jaxer/Apache2-4Build/jaxer/framework/src/CoreEvents.js
  -> file:///E:/Aptana%20Jaxer%20Apache/Jaxer/Apache2-4Build/jaxer/components/aptEventHandler.js

01:12:54 12/24/2025 [ 15324] [DEBUG] [JS Framework] [Container.init] Created PAGE container as Jaxer.page with key localhost:8081/aptana/
stack:
  ->  [ModuleLogger.js:98] debug("Created PAGE container as Jaxer.page with key localhost:8081/aptana/")
  ->  [Container.js:485] init("localhost:8081","localhost:8081/aptana/")
  ->  [ParseStart.js:122] onParseStart([object XPCWrappedNative_NoHelper])
  ->  [CoreEvents.js:293] fireEvent("PARSE_START",[object Array])
  ->  [CoreEvents.js:238] fire("PARSE_START",[object XPCWrappedNative_NoHelper])
  ->  [aptEventHandler.js:306] observe([object XPCWrappedNative_NoHelper],"jaxerEvent.HTMLParseStart",null)
paths:
  -> file:///E:/Aptana%20Jaxer%20Apache/Jaxer/Apache2-4Build/jaxer/framework/src/ModuleLogger.js
  -> file:///E:/Aptana%20Jaxer%20Apache/Jaxer/Apache2-4Build/jaxer/framework/src/Container.js
  -> file:///E:/Aptana%20Jaxer%20Apache/Jaxer/Apache2-4Build/jaxer/framework/src/ParseStart.js
  -> file:///E:/Aptana%20Jaxer%20Apache/Jaxer/Apache2-4Build/jaxer/framework/src/CoreEvents.js
  -> file:///E:/Aptana%20Jaxer%20Apache/Jaxer/Apache2-4Build/jaxer/components/aptEventHandler.js

01:12:54 12/24/2025 [ 22864] [TRACE] [JS Framework] [App.init] PATH for app 'DEFAULT': resource:///../local_jaxer/data/DEFAULT
stack:
  ->  [ModuleLogger.js:98] trace("PATH for app 'DEFAULT': resource:///../local_jaxer/data/DEFAULT")
  ->  [App.js:231] init()
  ->  [ParseStart.js:110] onParseStart([object XPCWrappedNative_NoHelper])
  ->  [CoreEvents.js:293] fireEvent("PARSE_START",[object Array])
  ->  [CoreEvents.js:238] fire("PARSE_START",[object XPCWrappedNative_NoHelper])
  ->  [aptEventHandler.js:306] observe([object XPCWrappedNative_NoHelper],"jaxerEvent.HTMLParseStart",null)
paths:
  -> file:///E:/Aptana%20Jaxer%20Apache/Jaxer/Apache2-4Build/jaxer/framework/src/ModuleLogger.js
  -> file:///E:/Aptana%20Jaxer%20Apache/Jaxer/Apache2-4Build/jaxer/framework/src/App.js
  -> file:///E:/Aptana%20Jaxer%20Apache/Jaxer/Apache2-4Build/jaxer/framework/src/ParseStart.js
  -> file:///E:/Aptana%20Jaxer%20Apache/Jaxer/Apache2-4Build/jaxer/framework/src/CoreEvents.js
  -> file:///E:/Aptana%20Jaxer%20Apache/Jaxer/Apache2-4Build/jaxer/components/aptEventHandler.js

01:12:54 12/24/2025 [ 15324] [DEBUG] [JS Framework] [Container.init] Created SESSION container as Jaxer.session with key 176589175647709027719934159097
stack:
  ->  [ModuleLogger.js:98] debug("Created SESSION container as Jaxer.session with key 176589175647709027719934159097")
  ->  [Container.js:485] init("localhost:8081","localhost:8081/aptana/")
  ->  [ParseStart.js:122] onParseStart([object XPCWrappedNative_NoHelper])
  ->  [CoreEvents.js:293] fireEvent("PARSE_START",[object Array])
  ->  [CoreEvents.js:238] fire("PARSE_START",[object XPCWrappedNative_NoHelper])
  ->  [aptEventHandler.js:306] observe([object XPCWrappedNative_NoHelper],"jaxerEvent.HTMLParseStart",null)
paths:
  -> file:///E:/Aptana%20Jaxer%20Apache/Jaxer/Apache2-4Build/jaxer/framework/src/ModuleLogger.js
  -> file:///E:/Aptana%20Jaxer%20Apache/Jaxer/Apache2-4Build/jaxer/framework/src/Container.js
  -> file:///E:/Aptana%20Jaxer%20Apache/Jaxer/Apache2-4Build/jaxer/framework/src/ParseStart.js
  -> file:///E:/Aptana%20Jaxer%20Apache/Jaxer/Apache2-4Build/jaxer/framework/src/CoreEvents.js
  -> file:///E:/Aptana%20Jaxer%20Apache/Jaxer/Apache2-4Build/jaxer/components/aptEventHandler.js

01:12:54 12/24/2025 [ 22864] [TRACE] [JS Framework] [ParseStart.onParseStart] Using app 'DEFAULT': urlTest = /.*/
stack:
  ->  [ModuleLogger.js:98] trace("Using app 'DEFAULT': urlTest = /.*/")
  ->  [ParseStart.js:113] onParseStart([object XPCWrappedNative_NoHelper])
  ->  [CoreEvents.js:293] fireEvent("PARSE_START",[object Array])
  ->  [CoreEvents.js:238] fire("PARSE_START",[object XPCWrappedNative_NoHelper])
  ->  [aptEventHandler.js:306] observe([object XPCWrappedNative_NoHelper],"jaxerEvent.HTMLParseStart",null)
paths:
  -> file:///E:/Aptana%20Jaxer%20Apache/Jaxer/Apache2-4Build/jaxer/framework/src/ModuleLogger.js
  -> file:///E:/Aptana%20Jaxer%20Apache/Jaxer/Apache2-4Build/jaxer/framework/src/ParseStart.js
  -> file:///E:/Aptana%20Jaxer%20Apache/Jaxer/Apache2-4Build/jaxer/framework/src/CoreEvents.js
  -> file:///E:/Aptana%20Jaxer%20Apache/Jaxer/Apache2-4Build/jaxer/components/aptEventHandler.js

01:12:54 12/24/2025 [ 15324] [DEBUG] [JS Framework] [Container.init] Created SESSION_PAGE container as Jaxer.sessionPage with key 176589175647709027719934159097$$localhost:8081/aptana/
stack:
  ->  [ModuleLogger.js:98] debug("Created SESSION_PAGE container as Jaxer.sessionPage with key 176589175647709027719934159097$$localhost:8081/aptana/")
  ->  [Container.js:485] init("localhost:8081","localhost:8081/aptana/")
  ->  [ParseStart.js:122] onParseStart([object XPCWrappedNative_NoHelper])
  ->  [CoreEvents.js:293] fireEvent("PARSE_START",[object Array])
  ->  [CoreEvents.js:238] fire("PARSE_START",[object XPCWrappedNative_NoHelper])
  ->  [aptEventHandler.js:306] observe([object XPCWrappedNative_NoHelper],"jaxerEvent.HTMLParseStart",null)
paths:
  -> file:///E:/Aptana%20Jaxer%20Apache/Jaxer/Apache2-4Build/jaxer/framework/src/ModuleLogger.js
  -> file:///E:/Aptana%20Jaxer%20Apache/Jaxer/Apache2-4Build/jaxer/framework/src/Container.js
  -> file:///E:/Aptana%20Jaxer%20Apache/Jaxer/Apache2-4Build/jaxer/framework/src/ParseStart.js
  -> file:///E:/Aptana%20Jaxer%20Apache/Jaxer/Apache2-4Build/jaxer/framework/src/CoreEvents.js
  -> file:///E:/Aptana%20Jaxer%20Apache/Jaxer/Apache2-4Build/jaxer/components/aptEventHandler.js

01:12:54 12/24/2025 [ 15324] [TRACE] [JS Framework] [DB.setDefault] Setting default connection for app: DEFAULT
stack:
  ->  [ModuleLogger.js:98] trace("Setting default connection for app: DEFAULT")
  ->  [DB.js:162] setDefault("DEFAULT",[object Object])
  ->  [ParseStart.js:123] onParseStart([object XPCWrappedNative_NoHelper])
  ->  [CoreEvents.js:293] fireEvent("PARSE_START",[object Array])
  ->  [CoreEvents.js:238] fire("PARSE_START",[object XPCWrappedNative_NoHelper])
  ->  [aptEventHandler.js:306] observe([object XPCWrappedNative_NoHelper],"jaxerEvent.HTMLParseStart",null)
paths:
  -> file:///E:/Aptana%20Jaxer%20Apache/Jaxer/Apache2-4Build/jaxer/framework/src/ModuleLogger.js
  -> file:///E:/Aptana%20Jaxer%20Apache/Jaxer/Apache2-4Build/jaxer/framework/src/DB.js
  -> file:///E:/Aptana%20Jaxer%20Apache/Jaxer/Apache2-4Build/jaxer/framework/src/ParseStart.js
  -> file:///E:/Aptana%20Jaxer%20Apache/Jaxer/Apache2-4Build/jaxer/framework/src/CoreEvents.js
  -> file:///E:/Aptana%20Jaxer%20Apache/Jaxer/Apache2-4Build/jaxer/components/aptEventHandler.js

01:12:54 12/24/2025 [ 22864] [DEBUG] [JS Framework] [SessionManager.keyFromRequest] Getting session key from the client via cookie JaxerSessionId$$localhost:8081: 176589175647709027719934159097
stack:
  ->  [ModuleLogger.js:98] debug("Getting session key from the client via cookie JaxerSessionId$$localhost:8081: 176589175647709027719934159097")
  ->  [SessionManager.js:59] keyFromRequest("localhost:8081")
  ->  [Container.js:474] init("localhost:8081","localhost:8081/aptana/jaxer_about.html")
  ->  [ParseStart.js:122] onParseStart([object XPCWrappedNative_NoHelper])
  ->  [CoreEvents.js:293] fireEvent("PARSE_START",[object Array])
  ->  [CoreEvents.js:238] fire("PARSE_START",[object XPCWrappedNative_NoHelper])
  ->  [aptEventHandler.js:306] observe([object XPCWrappedNative_NoHelper],"jaxerEvent.HTMLParseStart",null)
paths:
  -> file:///E:/Aptana%20Jaxer%20Apache/Jaxer/Apache2-4Build/jaxer/framework/src/ModuleLogger.js
  -> file:///E:/Aptana%20Jaxer%20Apache/Jaxer/Apache2-4Build/jaxer/framework/src/SessionManager.js
  -> file:///E:/Aptana%20Jaxer%20Apache/Jaxer/Apache2-4Build/jaxer/framework/src/Container.js
  -> file:///E:/Aptana%20Jaxer%20Apache/Jaxer/Apache2-4Build/jaxer/framework/src/ParseStart.js
  -> file:///E:/Aptana%20Jaxer%20Apache/Jaxer/Apache2-4Build/jaxer/framework/src/CoreEvents.js
  -> file:///E:/Aptana%20Jaxer%20Apache/Jaxer/Apache2-4Build/jaxer/components/aptEventHandler.js

01:12:54 12/24/2025 [ 15324] [TRACE] [JS Framework] [CoreEvents.fire] At this time, evt.Request.isHandler=true and eventType: NEW_ELEMENT - HTML
stack:
  ->  [ModuleLogger.js:98] trace("At this time, evt.Request.isHandler=true and eventType: NEW_ELEMENT - HTML")
  ->  [CoreEvents.js:205] fire("NEW_ELEMENT",[object XPCWrappedNative_NoHelper],[object HTMLDocument],[object HTMLHtmlElement])
  ->  [aptEventHandler.js:157] observe([object XPCWrappedNative_NoHelper],"jaxerEvent.NewHTMLElement",null)
paths:
  -> file:///E:/Aptana%20Jaxer%20Apache/Jaxer/Apache2-4Build/jaxer/framework/src/ModuleLogger.js
  -> file:///E:/Aptana%20Jaxer%20Apache/Jaxer/Apache2-4Build/jaxer/framework/src/CoreEvents.js
  -> file:///E:/Aptana%20Jaxer%20Apache/Jaxer/Apache2-4Build/jaxer/components/aptEventHandler.js

01:12:54 12/24/2025 [ 22864] [DEBUG] [JS Framework] [Container.init] Created APPLICATION container as Jaxer.application with key localhost:8081
stack:
  ->  [ModuleLogger.js:98] debug("Created APPLICATION container as Jaxer.application with key localhost:8081")
  ->  [Container.js:485] init("localhost:8081","localhost:8081/aptana/jaxer_about.html")
  ->  [ParseStart.js:122] onParseStart([object XPCWrappedNative_NoHelper])
  ->  [CoreEvents.js:293] fireEvent("PARSE_START",[object Array])
  ->  [CoreEvents.js:238] fire("PARSE_START",[object XPCWrappedNative_NoHelper])
  ->  [aptEventHandler.js:306] observe([object XPCWrappedNative_NoHelper],"jaxerEvent.HTMLParseStart",null)
paths:
  -> file:///E:/Aptana%20Jaxer%20Apache/Jaxer/Apache2-4Build/jaxer/framework/src/ModuleLogger.js
  -> file:///E:/Aptana%20Jaxer%20Apache/Jaxer/Apache2-4Build/jaxer/framework/src/Container.js
  -> file:///E:/Aptana%20Jaxer%20Apache/Jaxer/Apache2-4Build/jaxer/framework/src/ParseStart.js
  -> file:///E:/Aptana%20Jaxer%20Apache/Jaxer/Apache2-4Build/jaxer/framework/src/CoreEvents.js
  -> file:///E:/Aptana%20Jaxer%20Apache/Jaxer/Apache2-4Build/jaxer/components/aptEventHandler.js

01:12:54 12/24/2025 [ 15324] [TRACE] [JS Framework] [CoreEvents.fireEvent] Firing an event for NEW_ELEMENT
stack:
  ->  [ModuleLogger.js:98] trace("Firing an event for NEW_ELEMENT")
  ->  [CoreEvents.js:282] fireEvent("NEW_ELEMENT",[object Array])
  ->  [CoreEvents.js:238] fire("NEW_ELEMENT",[object XPCWrappedNative_NoHelper],[object HTMLDocument],[object HTMLHtmlElement])
  ->  [aptEventHandler.js:157] observe([object XPCWrappedNative_NoHelper],"jaxerEvent.NewHTMLElement",null)
paths:
  -> file:///E:/Aptana%20Jaxer%20Apache/Jaxer/Apache2-4Build/jaxer/framework/src/ModuleLogger.js
  -> file:///E:/Aptana%20Jaxer%20Apache/Jaxer/Apache2-4Build/jaxer/framework/src/CoreEvents.js
  -> file:///E:/Aptana%20Jaxer%20Apache/Jaxer/Apache2-4Build/jaxer/components/aptEventHandler.js

01:12:54 12/24/2025 [ 22864] [DEBUG] [JS Framework] [Container.init] Created PAGE container as Jaxer.page with key localhost:8081/aptana/jaxer_about.html
stack:
  ->  [ModuleLogger.js:98] debug("Created PAGE container as Jaxer.page with key localhost:8081/aptana/jaxer_about.html")
  ->  [Container.js:485] init("localhost:8081","localhost:8081/aptana/jaxer_about.html")
  ->  [ParseStart.js:122] onParseStart([object XPCWrappedNative_NoHelper])
  ->  [CoreEvents.js:293] fireEvent("PARSE_START",[object Array])
  ->  [CoreEvents.js:238] fire("PARSE_START",[object XPCWrappedNative_NoHelper])
  ->  [aptEventHandler.js:306] observe([object XPCWrappedNative_NoHelper],"jaxerEvent.HTMLParseStart",null)
paths:
  -> file:///E:/Aptana%20Jaxer%20Apache/Jaxer/Apache2-4Build/jaxer/framework/src/ModuleLogger.js
  -> file:///E:/Aptana%20Jaxer%20Apache/Jaxer/Apache2-4Build/jaxer/framework/src/Container.js
  -> file:///E:/Aptana%20Jaxer%20Apache/Jaxer/Apache2-4Build/jaxer/framework/src/ParseStart.js
  -> file:///E:/Aptana%20Jaxer%20Apache/Jaxer/Apache2-4Build/jaxer/framework/src/CoreEvents.js
  -> file:///E:/Aptana%20Jaxer%20Apache/Jaxer/Apache2-4Build/jaxer/components/aptEventHandler.js

01:12:54 12/24/2025 [ 15324] [TRACE] [JS Framework] [CoreEvents.fireEvent] Calling event handler: function onNewElement(evt, doc, elt) {
    switch (elt.tagNa...
stack:
  ->  [ModuleLogger.js:98] trace("Calling event handler: function onNewElement(evt, doc, elt) {\n    switch (elt.tagNa...")
  ->  [CoreEvents.js:292] fireEvent("NEW_ELEMENT",[object Array])
  ->  [CoreEvents.js:238] fire("NEW_ELEMENT",[object XPCWrappedNative_NoHelper],[object HTMLDocument],[object HTMLHtmlElement])
  ->  [aptEventHandler.js:157] observe([object XPCWrappedNative_NoHelper],"jaxerEvent.NewHTMLElement",null)
paths:
  -> file:///E:/Aptana%20Jaxer%20Apache/Jaxer/Apache2-4Build/jaxer/framework/src/ModuleLogger.js
  -> file:///E:/Aptana%20Jaxer%20Apache/Jaxer/Apache2-4Build/jaxer/framework/src/CoreEvents.js
  -> file:///E:/Aptana%20Jaxer%20Apache/Jaxer/Apache2-4Build/jaxer/components/aptEventHandler.js

01:12:54 12/24/2025 [ 22864] [DEBUG] [JS Framework] [Container.init] Created SESSION container as Jaxer.session with key 176589175647709027719934159097
stack:
  ->  [ModuleLogger.js:98] debug("Created SESSION container as Jaxer.session with key 176589175647709027719934159097")
  ->  [Container.js:485] init("localhost:8081","localhost:8081/aptana/jaxer_about.html")
  ->  [ParseStart.js:122] onParseStart([object XPCWrappedNative_NoHelper])
  ->  [CoreEvents.js:293] fireEvent("PARSE_START",[object Array])
  ->  [CoreEvents.js:238] fire("PARSE_START",[object XPCWrappedNative_NoHelper])
  ->  [aptEventHandler.js:306] observe([object XPCWrappedNative_NoHelper],"jaxerEvent.HTMLParseStart",null)
paths:
  -> file:///E:/Aptana%20Jaxer%20Apache/Jaxer/Apache2-4Build/jaxer/framework/src/ModuleLogger.js
  -> file:///E:/Aptana%20Jaxer%20Apache/Jaxer/Apache2-4Build/jaxer/framework/src/Container.js
  -> file:///E:/Aptana%20Jaxer%20Apache/Jaxer/Apache2-4Build/jaxer/framework/src/ParseStart.js
  -> file:///E:/Aptana%20Jaxer%20Apache/Jaxer/Apache2-4Build/jaxer/framework/src/CoreEvents.js
  -> file:///E:/Aptana%20Jaxer%20Apache/Jaxer/Apache2-4Build/jaxer/components/aptEventHandler.js

01:12:54 12/24/2025 [ 15324] [TRACE] [JS Framework] [CoreEvents.fire] At this time, evt.Request.isHandler=true and eventType: NEW_ELEMENT - HEAD
stack:
  ->  [ModuleLogger.js:98] trace("At this time, evt.Request.isHandler=true and eventType: NEW_ELEMENT - HEAD")
  ->  [CoreEvents.js:205] fire("NEW_ELEMENT",[object XPCWrappedNative_NoHelper],[object HTMLDocument],[object HTMLHeadElement])
  ->  [aptEventHandler.js:157] observe([object XPCWrappedNative_NoHelper],"jaxerEvent.NewHTMLElement",null)
paths:
  -> file:///E:/Aptana%20Jaxer%20Apache/Jaxer/Apache2-4Build/jaxer/framework/src/ModuleLogger.js
  -> file:///E:/Aptana%20Jaxer%20Apache/Jaxer/Apache2-4Build/jaxer/framework/src/CoreEvents.js
  -> file:///E:/Aptana%20Jaxer%20Apache/Jaxer/Apache2-4Build/jaxer/components/aptEventHandler.js

01:12:54 12/24/2025 [ 22864] [DEBUG] [JS Framework] [Container.init] Created SESSION_PAGE container as Jaxer.sessionPage with key 176589175647709027719934159097$$localhost:8081/aptana/jaxer_about.html
stack:
  ->  [ModuleLogger.js:98] debug("Created SESSION_PAGE container as Jaxer.sessionPage with key 176589175647709027719934159097$$localhost:8081/aptana/jaxer_about.html")
  ->  [Container.js:485] init("localhost:8081","localhost:8081/aptana/jaxer_about.html")
  ->  [ParseStart.js:122] onParseStart([object XPCWrappedNative_NoHelper])
  ->  [CoreEvents.js:293] fireEvent("PARSE_START",[object Array])
  ->  [CoreEvents.js:238] fire("PARSE_START",[object XPCWrappedNative_NoHelper])
  ->  [aptEventHandler.js:306] observe([object XPCWrappedNative_NoHelper],"jaxerEvent.HTMLParseStart",null)
paths:
  -> file:///E:/Aptana%20Jaxer%20Apache/Jaxer/Apache2-4Build/jaxer/framework/src/ModuleLogger.js
  -> file:///E:/Aptana%20Jaxer%20Apache/Jaxer/Apache2-4Build/jaxer/framework/src/Container.js
  -> file:///E:/Aptana%20Jaxer%20Apache/Jaxer/Apache2-4Build/jaxer/framework/src/ParseStart.js
  -> file:///E:/Aptana%20Jaxer%20Apache/Jaxer/Apache2-4Build/jaxer/framework/src/CoreEvents.js
  -> file:///E:/Aptana%20Jaxer%20Apache/Jaxer/Apache2-4Build/jaxer/components/aptEventHandler.js

01:12:54 12/24/2025 [ 15324] [TRACE] [JS Framework] [CoreEvents.fireEvent] Firing an event for NEW_ELEMENT
stack:
  ->  [ModuleLogger.js:98] trace("Firing an event for NEW_ELEMENT")
  ->  [CoreEvents.js:282] fireEvent("NEW_ELEMENT",[object Array])
  ->  [CoreEvents.js:238] fire("NEW_ELEMENT",[object XPCWrappedNative_NoHelper],[object HTMLDocument],[object HTMLHeadElement])
  ->  [aptEventHandler.js:157] observe([object XPCWrappedNative_NoHelper],"jaxerEvent.NewHTMLElement",null)
paths:
  -> file:///E:/Aptana%20Jaxer%20Apache/Jaxer/Apache2-4Build/jaxer/framework/src/ModuleLogger.js
  -> file:///E:/Aptana%20Jaxer%20Apache/Jaxer/Apache2-4Build/jaxer/framework/src/CoreEvents.js
  -> file:///E:/Aptana%20Jaxer%20Apache/Jaxer/Apache2-4Build/jaxer/components/aptEventHandler.js

01:12:54 12/24/2025 [ 22864] [TRACE] [JS Framework] [DB.setDefault] Setting default connection for app: DEFAULT
stack:
  ->  [ModuleLogger.js:98] trace("Setting default connection for app: DEFAULT")
  ->  [DB.js:162] setDefault("DEFAULT",[object Object])
  ->  [ParseStart.js:123] onParseStart([object XPCWrappedNative_NoHelper])
  ->  [CoreEvents.js:293] fireEvent("PARSE_START",[object Array])
  ->  [CoreEvents.js:238] fire("PARSE_START",[object XPCWrappedNative_NoHelper])
  ->  [aptEventHandler.js:306] observe([object XPCWrappedNative_NoHelper],"jaxerEvent.HTMLParseStart",null)
paths:
  -> file:///E:/Aptana%20Jaxer%20Apache/Jaxer/Apache2-4Build/jaxer/framework/src/ModuleLogger.js
  -> file:///E:/Aptana%20Jaxer%20Apache/Jaxer/Apache2-4Build/jaxer/framework/src/DB.js
  -> file:///E:/Aptana%20Jaxer%20Apache/Jaxer/Apache2-4Build/jaxer/framework/src/ParseStart.js
  -> file:///E:/Aptana%20Jaxer%20Apache/Jaxer/Apache2-4Build/jaxer/framework/src/CoreEvents.js
  -> file:///E:/Aptana%20Jaxer%20Apache/Jaxer/Apache2-4Build/jaxer/components/aptEventHandler.js

01:12:54 12/24/2025 [ 15324] [TRACE] [JS Framework] [CoreEvents.fireEvent] Calling event handler: function onNewElement(evt, doc, elt) {
    switch (elt.tagNa...
stack:
  ->  [ModuleLogger.js:98] trace("Calling event handler: function onNewElement(evt, doc, elt) {\n    switch (elt.tagNa...")
  ->  [CoreEvents.js:292] fireEvent("NEW_ELEMENT",[object Array])
  ->  [CoreEvents.js:238] fire("NEW_ELEMENT",[object XPCWrappedNative_NoHelper],[object HTMLDocument],[object HTMLHeadElement])
  ->  [aptEventHandler.js:157] observe([object XPCWrappedNative_NoHelper],"jaxerEvent.NewHTMLElement",null)
paths:
  -> file:///E:/Aptana%20Jaxer%20Apache/Jaxer/Apache2-4Build/jaxer/framework/src/ModuleLogger.js
  -> file:///E:/Aptana%20Jaxer%20Apache/Jaxer/Apache2-4Build/jaxer/framework/src/CoreEvents.js
  -> file:///E:/Aptana%20Jaxer%20Apache/Jaxer/Apache2-4Build/jaxer/components/aptEventHandler.js

01:12:54 12/24/2025 [ 22864] [TRACE] [JS Framework] [CoreEvents.fire] At this time, evt.Request.isHandler=false and eventType: NEW_ELEMENT - HTML
stack:
  ->  [ModuleLogger.js:98] trace("At this time, evt.Request.isHandler=false and eventType: NEW_ELEMENT - HTML")
  ->  [CoreEvents.js:205] fire("NEW_ELEMENT",[object XPCWrappedNative_NoHelper],[object HTMLDocument],[object HTMLHtmlElement])
  ->  [aptEventHandler.js:157] observe([object XPCWrappedNative_NoHelper],"jaxerEvent.NewHTMLElement",null)
paths:
  -> file:///E:/Aptana%20Jaxer%20Apache/Jaxer/Apache2-4Build/jaxer/framework/src/ModuleLogger.js
  -> file:///E:/Aptana%20Jaxer%20Apache/Jaxer/Apache2-4Build/jaxer/framework/src/CoreEvents.js
  -> file:///E:/Aptana%20Jaxer%20Apache/Jaxer/Apache2-4Build/jaxer/components/aptEventHandler.js

01:12:54 12/24/2025 [ 15324] [TRACE] [JS Framework] [CoreEvents.fire] At this time, evt.Request.isHandler=true and eventType: INIT_HEAD
stack:
  ->  [ModuleLogger.js:98] trace("At this time, evt.Request.isHandler=true and eventType: INIT_HEAD")
  ->  [CoreEvents.js:205] fire("INIT_HEAD",[object XPCWrappedNative_NoHelper],[object HTMLDocument])
  ->  [aptEventHandler.js:139] observe([object XPCWrappedNative_NoHelper],"jaxerEvent.NewHTMLElement",null)
paths:
  -> file:///E:/Aptana%20Jaxer%20Apache/Jaxer/Apache2-4Build/jaxer/framework/src/ModuleLogger.js
  -> file:///E:/Aptana%20Jaxer%20Apache/Jaxer/Apache2-4Build/jaxer/framework/src/CoreEvents.js
  -> file:///E:/Aptana%20Jaxer%20Apache/Jaxer/Apache2-4Build/jaxer/components/aptEventHandler.js

01:12:54 12/24/2025 [ 22864] [TRACE] [JS Framework] [CoreEvents.fireEvent] Firing an event for NEW_ELEMENT
stack:
  ->  [ModuleLogger.js:98] trace("Firing an event for NEW_ELEMENT")
  ->  [CoreEvents.js:282] fireEvent("NEW_ELEMENT",[object Array])
  ->  [CoreEvents.js:238] fire("NEW_ELEMENT",[object XPCWrappedNative_NoHelper],[object HTMLDocument],[object HTMLHtmlElement])
  ->  [aptEventHandler.js:157] observe([object XPCWrappedNative_NoHelper],"jaxerEvent.NewHTMLElement",null)
paths:
  -> file:///E:/Aptana%20Jaxer%20Apache/Jaxer/Apache2-4Build/jaxer/framework/src/ModuleLogger.js
  -> file:///E:/Aptana%20Jaxer%20Apache/Jaxer/Apache2-4Build/jaxer/framework/src/CoreEvents.js
  -> file:///E:/Aptana%20Jaxer%20Apache/Jaxer/Apache2-4Build/jaxer/components/aptEventHandler.js

01:12:54 12/24/2025 [ 15324] [TRACE] [JS Framework] [CoreEvents.fireEvent] Firing an event for INIT_HEAD
stack:
  ->  [ModuleLogger.js:98] trace("Firing an event for INIT_HEAD")
  ->  [CoreEvents.js:282] fireEvent("INIT_HEAD",[object Array])
  ->  [CoreEvents.js:238] fire("INIT_HEAD",[object XPCWrappedNative_NoHelper],[object HTMLDocument])
  ->  [aptEventHandler.js:139] observe([object XPCWrappedNative_NoHelper],"jaxerEvent.NewHTMLElement",null)
paths:
  -> file:///E:/Aptana%20Jaxer%20Apache/Jaxer/Apache2-4Build/jaxer/framework/src/ModuleLogger.js
  -> file:///E:/Aptana%20Jaxer%20Apache/Jaxer/Apache2-4Build/jaxer/framework/src/CoreEvents.js
  -> file:///E:/Aptana%20Jaxer%20Apache/Jaxer/Apache2-4Build/jaxer/components/aptEventHandler.js

01:12:54 12/24/2025 [ 22864] [TRACE] [JS Framework] [CoreEvents.fireEvent] Calling event handler: function onNewElement(evt, doc, elt) {
    switch (elt.tagNa...
stack:
  ->  [ModuleLogger.js:98] trace("Calling event handler: function onNewElement(evt, doc, elt) {\n    switch (elt.tagNa...")
  ->  [CoreEvents.js:292] fireEvent("NEW_ELEMENT",[object Array])
  ->  [CoreEvents.js:238] fire("NEW_ELEMENT",[object XPCWrappedNative_NoHelper],[object HTMLDocument],[object HTMLHtmlElement])
  ->  [aptEventHandler.js:157] observe([object XPCWrappedNative_NoHelper],"jaxerEvent.NewHTMLElement",null)
paths:
  -> file:///E:/Aptana%20Jaxer%20Apache/Jaxer/Apache2-4Build/jaxer/framework/src/ModuleLogger.js
  -> file:///E:/Aptana%20Jaxer%20Apache/Jaxer/Apache2-4Build/jaxer/framework/src/CoreEvents.js
  -> file:///E:/Aptana%20Jaxer%20Apache/Jaxer/Apache2-4Build/jaxer/components/aptEventHandler.js

01:12:54 12/24/2025 [ 15324] [TRACE] [JS Framework] [CoreEvents.fireEvent] Calling event handler: function onInitHead(evt, doc) {
    Jaxer.load = function lo...
stack:
  ->  [ModuleLogger.js:98] trace("Calling event handler: function onInitHead(evt, doc) {\n    Jaxer.load = function lo...")
  ->  [CoreEvents.js:292] fireEvent("INIT_HEAD",[object Array])
  ->  [CoreEvents.js:238] fire("INIT_HEAD",[object XPCWrappedNative_NoHelper],[object HTMLDocument])
  ->  [aptEventHandler.js:139] observe([object XPCWrappedNative_NoHelper],"jaxerEvent.NewHTMLElement",null)
paths:
  -> file:///E:/Aptana%20Jaxer%20Apache/Jaxer/Apache2-4Build/jaxer/framework/src/ModuleLogger.js
  -> file:///E:/Aptana%20Jaxer%20Apache/Jaxer/Apache2-4Build/jaxer/framework/src/CoreEvents.js
  -> file:///E:/Aptana%20Jaxer%20Apache/Jaxer/Apache2-4Build/jaxer/components/aptEventHandler.js

01:12:54 12/24/2025 [ 22864] [TRACE] [JS Framework] [CoreEvents.fire] At this time, evt.Request.isHandler=false and eventType: NEW_ELEMENT - HEAD
stack:
  ->  [ModuleLogger.js:98] trace("At this time, evt.Request.isHandler=false and eventType: NEW_ELEMENT - HEAD")
  ->  [CoreEvents.js:205] fire("NEW_ELEMENT",[object XPCWrappedNative_NoHelper],[object HTMLDocument],[object HTMLHeadElement])
  ->  [aptEventHandler.js:157] observe([object XPCWrappedNative_NoHelper],"jaxerEvent.NewHTMLElement",null)
paths:
  -> file:///E:/Aptana%20Jaxer%20Apache/Jaxer/Apache2-4Build/jaxer/framework/src/ModuleLogger.js
  -> file:///E:/Aptana%20Jaxer%20Apache/Jaxer/Apache2-4Build/jaxer/framework/src/CoreEvents.js
  -> file:///E:/Aptana%20Jaxer%20Apache/Jaxer/Apache2-4Build/jaxer/components/aptEventHandler.js

01:12:54 12/24/2025 [ 15324] [TRACE] [JS Framework] [Includer.evalOn] Evaluating using Jaxer.request.evaluateScript: contents = (function ... with global = [object ChromeWindow] and effectiveUrl = undefined
stack:
  ->  [ModuleLogger.js:98] trace("Evaluating using Jaxer.request.evaluateScript: contents = (function ... with global = [object ChromeWindow] and effectiveUrl = undefined")
  ->  [Includer.js:131] evalOn("(function extendDomSetters(global) {if (global.HTMLInputElement) {var inputValueSetter = global.HTMLInputElement.prototype.__lookupSetter__(\"value\");global.HTMLInputElement.prototype.__defineSetter__(\"value\", function (val) {inputValueSetter.call(this, val);this.setAttribute(\"value\", val);});var inputCheckedSetter = global.HTMLInputElement.prototype.__lookupSetter__(\"checked\");global.HTMLInputElement.prototype.__defineSetter__(\"checked\", function (val) {inputCheckedSetter.call(this, val);if (val) {this.setAttribute(\"checked\", null);} else {this.removeAttribute(\"checked\");}});}if (global.HTMLTextAreaElement) {var textAreaValueSetter = global.HTMLTextAreaElement.prototype.__lookupSetter__(\"value\");global.HTMLTextAreaElement.prototype.__defineSetter__(\"value\", function (val) {textAreaValueSetter.call(this, val);this.textContent = val;});}if (global.HTMLSelectElement) {var selectSelectedIndexSetter = global.HTMLSelectElement.prototype.__lookupSetter__(\"selectedIndex\");global.HTMLSelectElement.prototype.__defineSetter__(\"selectedIndex\", function (index) {selectSelectedIndexSetter.call(this, index);var option = this.options[index];if (option) {for (var i = 0, len = this.options.length; i < len; i++) {if (i == index) {this.options[i].setAttribute(\"selected\", null);} else {this.options[i].removeAttribute(\"selected\");}}}});}if (global.HTMLOptionElement) {var optionSelectedSetter = global.HTMLOptionElement.prototype.__lookupSetter__(\"selected\");global.HTMLOptionElement.prototype.__defineSetter__(\"selected\", function (val) {optionSelectedSetter.call(this, val);if (val) {this.setAttribute(\"selected\", null);} else {this.removeAttribute(\"selected\");}});}})(document.defaultView)",[object ChromeWindow])
  ->  [Overrides.js:370] applyAll([object ChromeWindow])
  ->  [InitHead.js:78] onInitHead([object XPCWrappedNative_NoHelper],[object HTMLDocument])
  ->  [CoreEvents.js:293] fireEvent("INIT_HEAD",[object Array])
  ->  [CoreEvents.js:238] fire("INIT_HEAD",[object XPCWrappedNative_NoHelper],[object HTMLDocument])
  ->  [aptEventHandler.js:139] observe([object XPCWrappedNative_NoHelper],"jaxerEvent.NewHTMLElement",null)
paths:
  -> file:///E:/Aptana%20Jaxer%20Apache/Jaxer/Apache2-4Build/jaxer/framework/src/ModuleLogger.js
  -> file:///E:/Aptana%20Jaxer%20Apache/Jaxer/Apache2-4Build/jaxer/framework/src/Includer.js
  -> file:///E:/Aptana%20Jaxer%20Apache/Jaxer/Apache2-4Build/jaxer/framework/src/Overrides.js
  -> file:///E:/Aptana%20Jaxer%20Apache/Jaxer/Apache2-4Build/jaxer/framework/src/InitHead.js
  -> file:///E:/Aptana%20Jaxer%20Apache/Jaxer/Apache2-4Build/jaxer/framework/src/CoreEvents.js
  -> file:///E:/Aptana%20Jaxer%20Apache/Jaxer/Apache2-4Build/jaxer/components/aptEventHandler.js

01:12:54 12/24/2025 [ 22864] [TRACE] [JS Framework] [CoreEvents.fireEvent] Firing an event for NEW_ELEMENT
stack:
  ->  [ModuleLogger.js:98] trace("Firing an event for NEW_ELEMENT")
  ->  [CoreEvents.js:282] fireEvent("NEW_ELEMENT",[object Array])
  ->  [CoreEvents.js:238] fire("NEW_ELEMENT",[object XPCWrappedNative_NoHelper],[object HTMLDocument],[object HTMLHeadElement])
  ->  [aptEventHandler.js:157] observe([object XPCWrappedNative_NoHelper],"jaxerEvent.NewHTMLElement",null)
paths:
  -> file:///E:/Aptana%20Jaxer%20Apache/Jaxer/Apache2-4Build/jaxer/framework/src/ModuleLogger.js
  -> file:///E:/Aptana%20Jaxer%20Apache/Jaxer/Apache2-4Build/jaxer/framework/src/CoreEvents.js
  -> file:///E:/Aptana%20Jaxer%20Apache/Jaxer/Apache2-4Build/jaxer/components/aptEventHandler.js

01:12:54 12/24/2025 [ 15324] [TRACE] [JS Framework] [CoreEvents.fire] At this time, evt.Request.isHandler=true and eventType: NEW_ELEMENT - TITLE
stack:
  ->  [ModuleLogger.js:98] trace("At this time, evt.Request.isHandler=true and eventType: NEW_ELEMENT - TITLE")
  ->  [CoreEvents.js:205] fire("NEW_ELEMENT",[object XPCWrappedNative_NoHelper],[object HTMLDocument],[object HTMLTitleElement])
  ->  [aptEventHandler.js:157] observe([object XPCWrappedNative_NoHelper],"jaxerEvent.NewHTMLElement",null)
paths:
  -> file:///E:/Aptana%20Jaxer%20Apache/Jaxer/Apache2-4Build/jaxer/framework/src/ModuleLogger.js
  -> file:///E:/Aptana%20Jaxer%20Apache/Jaxer/Apache2-4Build/jaxer/framework/src/CoreEvents.js
  -> file:///E:/Aptana%20Jaxer%20Apache/Jaxer/Apache2-4Build/jaxer/components/aptEventHandler.js

01:12:54 12/24/2025 [ 22864] [TRACE] [JS Framework] [CoreEvents.fireEvent] Calling event handler: function onNewElement(evt, doc, elt) {
    switch (elt.tagNa...
stack:
  ->  [ModuleLogger.js:98] trace("Calling event handler: function onNewElement(evt, doc, elt) {\n    switch (elt.tagNa...")
  ->  [CoreEvents.js:292] fireEvent("NEW_ELEMENT",[object Array])
  ->  [CoreEvents.js:238] fire("NEW_ELEMENT",[object XPCWrappedNative_NoHelper],[object HTMLDocument],[object HTMLHeadElement])
  ->  [aptEventHandler.js:157] observe([object XPCWrappedNative_NoHelper],"jaxerEvent.NewHTMLElement",null)
paths:
  -> file:///E:/Aptana%20Jaxer%20Apache/Jaxer/Apache2-4Build/jaxer/framework/src/ModuleLogger.js
  -> file:///E:/Aptana%20Jaxer%20Apache/Jaxer/Apache2-4Build/jaxer/framework/src/CoreEvents.js
  -> file:///E:/Aptana%20Jaxer%20Apache/Jaxer/Apache2-4Build/jaxer/components/aptEventHandler.js

01:12:54 12/24/2025 [ 15324] [TRACE] [JS Framework] [CoreEvents.fireEvent] Firing an event for NEW_ELEMENT
stack:
  ->  [ModuleLogger.js:98] trace("Firing an event for NEW_ELEMENT")
  ->  [CoreEvents.js:282] fireEvent("NEW_ELEMENT",[object Array])
  ->  [CoreEvents.js:238] fire("NEW_ELEMENT",[object XPCWrappedNative_NoHelper],[object HTMLDocument],[object HTMLTitleElement])
  ->  [aptEventHandler.js:157] observe([object XPCWrappedNative_NoHelper],"jaxerEvent.NewHTMLElement",null)
paths:
  -> file:///E:/Aptana%20Jaxer%20Apache/Jaxer/Apache2-4Build/jaxer/framework/src/ModuleLogger.js
  -> file:///E:/Aptana%20Jaxer%20Apache/Jaxer/Apache2-4Build/jaxer/framework/src/CoreEvents.js
  -> file:///E:/Aptana%20Jaxer%20Apache/Jaxer/Apache2-4Build/jaxer/components/aptEventHandler.js

01:12:54 12/24/2025 [ 15324] [TRACE] [JS Framework] [CoreEvents.fireEvent] Calling event handler: function onNewElement(evt, doc, elt) {
    switch (elt.tagNa...
stack:
  ->  [ModuleLogger.js:98] trace("Calling event handler: function onNewElement(evt, doc, elt) {\n    switch (elt.tagNa...")
  ->  [CoreEvents.js:292] fireEvent("NEW_ELEMENT",[object Array])
  ->  [CoreEvents.js:238] fire("NEW_ELEMENT",[object XPCWrappedNative_NoHelper],[object HTMLDocument],[object HTMLTitleElement])
  ->  [aptEventHandler.js:157] observe([object XPCWrappedNative_NoHelper],"jaxerEvent.NewHTMLElement",null)
paths:
  -> file:///E:/Aptana%20Jaxer%20Apache/Jaxer/Apache2-4Build/jaxer/framework/src/ModuleLogger.js
  -> file:///E:/Aptana%20Jaxer%20Apache/Jaxer/Apache2-4Build/jaxer/framework/src/CoreEvents.js
  -> file:///E:/Aptana%20Jaxer%20Apache/Jaxer/Apache2-4Build/jaxer/components/aptEventHandler.js

01:12:54 12/24/2025 [ 15324] [TRACE] [JS Framework] [CoreEvents.fire] At this time, evt.Request.isHandler=true and eventType: PARSE_COMPLETE
stack:
  ->  [ModuleLogger.js:98] trace("At this time, evt.Request.isHandler=true and eventType: PARSE_COMPLETE")
  ->  [CoreEvents.js:205] fire("PARSE_COMPLETE",[object XPCWrappedNative_NoHelper],[object HTMLDocument])
  ->  [aptEventHandler.js:337] observe([object XPCWrappedNative_NoHelper],"jaxerEvent.HTMLParseComplete",null)
paths:
  -> file:///E:/Aptana%20Jaxer%20Apache/Jaxer/Apache2-4Build/jaxer/framework/src/ModuleLogger.js
  -> file:///E:/Aptana%20Jaxer%20Apache/Jaxer/Apache2-4Build/jaxer/framework/src/CoreEvents.js
  -> file:///E:/Aptana%20Jaxer%20Apache/Jaxer/Apache2-4Build/jaxer/components/aptEventHandler.js

01:12:54 12/24/2025 [ 15324] [TRACE] [JS Framework] [CoreEvents.fireEvent] Firing an event for HANDLE_CALLBACK
stack:
  ->  [ModuleLogger.js:98] trace("Firing an event for HANDLE_CALLBACK")
  ->  [CoreEvents.js:282] fireEvent("HANDLE_CALLBACK",[object Array])
  ->  [CoreEvents.js:220] fire("PARSE_COMPLETE",[object XPCWrappedNative_NoHelper],[object HTMLDocument])
  ->  [aptEventHandler.js:337] observe([object XPCWrappedNative_NoHelper],"jaxerEvent.HTMLParseComplete",null)
paths:
  -> file:///E:/Aptana%20Jaxer%20Apache/Jaxer/Apache2-4Build/jaxer/framework/src/ModuleLogger.js
  -> file:///E:/Aptana%20Jaxer%20Apache/Jaxer/Apache2-4Build/jaxer/framework/src/CoreEvents.js
  -> file:///E:/Aptana%20Jaxer%20Apache/Jaxer/Apache2-4Build/jaxer/components/aptEventHandler.js

01:12:54 12/24/2025 [ 15324] [TRACE] [JS Framework] [CoreEvents.fireEvent] Calling event handler: function onHandleCallback(evt, doc) {
    log.trace("=== Cal...
stack:
  ->  [ModuleLogger.js:98] trace("Calling event handler: function onHandleCallback(evt, doc) {\n    log.trace(\"=== Cal...")
  ->  [CoreEvents.js:292] fireEvent("HANDLE_CALLBACK",[object Array])
  ->  [CoreEvents.js:220] fire("PARSE_COMPLETE",[object XPCWrappedNative_NoHelper],[object HTMLDocument])
  ->  [aptEventHandler.js:337] observe([object XPCWrappedNative_NoHelper],"jaxerEvent.HTMLParseComplete",null)
paths:
  -> file:///E:/Aptana%20Jaxer%20Apache/Jaxer/Apache2-4Build/jaxer/framework/src/ModuleLogger.js
  -> file:///E:/Aptana%20Jaxer%20Apache/Jaxer/Apache2-4Build/jaxer/framework/src/CoreEvents.js
  -> file:///E:/Aptana%20Jaxer%20Apache/Jaxer/Apache2-4Build/jaxer/components/aptEventHandler.js

01:12:54 12/24/2025 [ 22864] [TRACE] [JS Framework] [CoreEvents.fire] At this time, evt.Request.isHandler=false and eventType: INIT_HEAD
stack:
  ->  [ModuleLogger.js:98] trace("At this time, evt.Request.isHandler=false and eventType: INIT_HEAD")
  ->  [CoreEvents.js:205] fire("INIT_HEAD",[object XPCWrappedNative_NoHelper],[object HTMLDocument])
  ->  [aptEventHandler.js:139] observe([object XPCWrappedNative_NoHelper],"jaxerEvent.NewHTMLElement",null)
paths:
  -> file:///E:/Aptana%20Jaxer%20Apache/Jaxer/Apache2-4Build/jaxer/framework/src/ModuleLogger.js
  -> file:///E:/Aptana%20Jaxer%20Apache/Jaxer/Apache2-4Build/jaxer/framework/src/CoreEvents.js
  -> file:///E:/Aptana%20Jaxer%20Apache/Jaxer/Apache2-4Build/jaxer/components/aptEventHandler.js

01:12:54 12/24/2025 [ 15324] [TRACE] [JS Framework] [HandleCallback.onHandleCallback] === Callback processing initializing
stack:
  ->  [ModuleLogger.js:98] trace("=== Callback processing initializing")
  ->  [HandleCallback.js:60] onHandleCallback([object XPCWrappedNative_NoHelper],[object HTMLDocument])
  ->  [CoreEvents.js:293] fireEvent("HANDLE_CALLBACK",[object Array])
  ->  [CoreEvents.js:220] fire("PARSE_COMPLETE",[object XPCWrappedNative_NoHelper],[object HTMLDocument])
  ->  [aptEventHandler.js:337] observe([object XPCWrappedNative_NoHelper],"jaxerEvent.HTMLParseComplete",null)
paths:
  -> file:///E:/Aptana%20Jaxer%20Apache/Jaxer/Apache2-4Build/jaxer/framework/src/ModuleLogger.js
  -> file:///E:/Aptana%20Jaxer%20Apache/Jaxer/Apache2-4Build/jaxer/framework/src/HandleCallback.js
  -> file:///E:/Aptana%20Jaxer%20Apache/Jaxer/Apache2-4Build/jaxer/framework/src/CoreEvents.js
  -> file:///E:/Aptana%20Jaxer%20Apache/Jaxer/Apache2-4Build/jaxer/components/aptEventHandler.js

01:12:54 12/24/2025 [ 22864] [TRACE] [JS Framework] [CoreEvents.fireEvent] Firing an event for INIT_HEAD
stack:
  ->  [ModuleLogger.js:98] trace("Firing an event for INIT_HEAD")
  ->  [CoreEvents.js:282] fireEvent("INIT_HEAD",[object Array])
  ->  [CoreEvents.js:238] fire("INIT_HEAD",[object XPCWrappedNative_NoHelper],[object HTMLDocument])
  ->  [aptEventHandler.js:139] observe([object XPCWrappedNative_NoHelper],"jaxerEvent.NewHTMLElement",null)
paths:
  -> file:///E:/Aptana%20Jaxer%20Apache/Jaxer/Apache2-4Build/jaxer/framework/src/ModuleLogger.js
  -> file:///E:/Aptana%20Jaxer%20Apache/Jaxer/Apache2-4Build/jaxer/framework/src/CoreEvents.js
  -> file:///E:/Aptana%20Jaxer%20Apache/Jaxer/Apache2-4Build/jaxer/components/aptEventHandler.js

01:12:54 12/24/2025 [ 15324] [TRACE] [JS Framework] [Response.setNoCacheHeaders] Setting no-cache headers
stack:
  ->  [ModuleLogger.js:98] trace("Setting no-cache headers")
  ->  [Response.js:772] setNoCacheHeaders()
  ->  [HandleCallback.js:63] onHandleCallback([object XPCWrappedNative_NoHelper],[object HTMLDocument])
  ->  [CoreEvents.js:293] fireEvent("HANDLE_CALLBACK",[object Array])
  ->  [CoreEvents.js:220] fire("PARSE_COMPLETE",[object XPCWrappedNative_NoHelper],[object HTMLDocument])
  ->  [aptEventHandler.js:337] observe([object XPCWrappedNative_NoHelper],"jaxerEvent.HTMLParseComplete",null)
paths:
  -> file:///E:/Aptana%20Jaxer%20Apache/Jaxer/Apache2-4Build/jaxer/framework/src/ModuleLogger.js
  -> file:///E:/Aptana%20Jaxer%20Apache/Jaxer/Apache2-4Build/jaxer/framework/src/Response.js
  -> file:///E:/Aptana%20Jaxer%20Apache/Jaxer/Apache2-4Build/jaxer/framework/src/HandleCallback.js
  -> file:///E:/Aptana%20Jaxer%20Apache/Jaxer/Apache2-4Build/jaxer/framework/src/CoreEvents.js
  -> file:///E:/Aptana%20Jaxer%20Apache/Jaxer/Apache2-4Build/jaxer/components/aptEventHandler.js

01:12:54 12/24/2025 [ 22864] [TRACE] [JS Framework] [CoreEvents.fireEvent] Calling event handler: function onInitHead(evt, doc) {
    Jaxer.load = function lo...
stack:
  ->  [ModuleLogger.js:98] trace("Calling event handler: function onInitHead(evt, doc) {\n    Jaxer.load = function lo...")
  ->  [CoreEvents.js:292] fireEvent("INIT_HEAD",[object Array])
  ->  [CoreEvents.js:238] fire("INIT_HEAD",[object XPCWrappedNative_NoHelper],[object HTMLDocument])
  ->  [aptEventHandler.js:139] observe([object XPCWrappedNative_NoHelper],"jaxerEvent.NewHTMLElement",null)
paths:
  -> file:///E:/Aptana%20Jaxer%20Apache/Jaxer/Apache2-4Build/jaxer/framework/src/ModuleLogger.js
  -> file:///E:/Aptana%20Jaxer%20Apache/Jaxer/Apache2-4Build/jaxer/framework/src/CoreEvents.js
  -> file:///E:/Aptana%20Jaxer%20Apache/Jaxer/Apache2-4Build/jaxer/components/aptEventHandler.js

01:12:54 12/24/2025 [ 15324] [TRACE] [JS Framework] [HandleCallback.onHandleCallback] Main callback processing starting
stack:
  ->  [ModuleLogger.js:98] trace("Main callback processing starting")
  ->  [HandleCallback.js:72] onHandleCallback([object XPCWrappedNative_NoHelper],[object HTMLDocument])
  ->  [CoreEvents.js:293] fireEvent("HANDLE_CALLBACK",[object Array])
  ->  [CoreEvents.js:220] fire("PARSE_COMPLETE",[object XPCWrappedNative_NoHelper],[object HTMLDocument])
  ->  [aptEventHandler.js:337] observe([object XPCWrappedNative_NoHelper],"jaxerEvent.HTMLParseComplete",null)
paths:
  -> file:///E:/Aptana%20Jaxer%20Apache/Jaxer/Apache2-4Build/jaxer/framework/src/ModuleLogger.js
  -> file:///E:/Aptana%20Jaxer%20Apache/Jaxer/Apache2-4Build/jaxer/framework/src/HandleCallback.js
  -> file:///E:/Aptana%20Jaxer%20Apache/Jaxer/Apache2-4Build/jaxer/framework/src/CoreEvents.js
  -> file:///E:/Aptana%20Jaxer%20Apache/Jaxer/Apache2-4Build/jaxer/components/aptEventHandler.js

01:12:54 12/24/2025 [ 22864] [TRACE] [JS Framework] [Includer.evalOn] Evaluating using Jaxer.request.evaluateScript: contents = (function ... with global = [object ChromeWindow] and effectiveUrl = undefined
stack:
  ->  [ModuleLogger.js:98] trace("Evaluating using Jaxer.request.evaluateScript: contents = (function ... with global = [object ChromeWindow] and effectiveUrl = undefined")
  ->  [Includer.js:131] evalOn("(function extendDomSetters(global) {if (global.HTMLInputElement) {var inputValueSetter = global.HTMLInputElement.prototype.__lookupSetter__(\"value\");global.HTMLInputElement.prototype.__defineSetter__(\"value\", function (val) {inputValueSetter.call(this, val);this.setAttribute(\"value\", val);});var inputCheckedSetter = global.HTMLInputElement.prototype.__lookupSetter__(\"checked\");global.HTMLInputElement.prototype.__defineSetter__(\"checked\", function (val) {inputCheckedSetter.call(this, val);if (val) {this.setAttribute(\"checked\", null);} else {this.removeAttribute(\"checked\");}});}if (global.HTMLTextAreaElement) {var textAreaValueSetter = global.HTMLTextAreaElement.prototype.__lookupSetter__(\"value\");global.HTMLTextAreaElement.prototype.__defineSetter__(\"value\", function (val) {textAreaValueSetter.call(this, val);this.textContent = val;});}if (global.HTMLSelectElement) {var selectSelectedIndexSetter = global.HTMLSelectElement.prototype.__lookupSetter__(\"selectedIndex\");global.HTMLSelectElement.prototype.__defineSetter__(\"selectedIndex\", function (index) {selectSelectedIndexSetter.call(this, index);var option = this.options[index];if (option) {for (var i = 0, len = this.options.length; i < len; i++) {if (i == index) {this.options[i].setAttribute(\"selected\", null);} else {this.options[i].removeAttribute(\"selected\");}}}});}if (global.HTMLOptionElement) {var optionSelectedSetter = global.HTMLOptionElement.prototype.__lookupSetter__(\"selected\");global.HTMLOptionElement.prototype.__defineSetter__(\"selected\", function (val) {optionSelectedSetter.call(this, val);if (val) {this.setAttribute(\"selected\", null);} else {this.removeAttribute(\"selected\");}});}})(document.defaultView)",[object ChromeWindow])
  ->  [Overrides.js:370] applyAll([object ChromeWindow])
  ->  [InitHead.js:78] onInitHead([object XPCWrappedNative_NoHelper],[object HTMLDocument])
  ->  [CoreEvents.js:293] fireEvent("INIT_HEAD",[object Array])
  ->  [CoreEvents.js:238] fire("INIT_HEAD",[object XPCWrappedNative_NoHelper],[object HTMLDocument])
  ->  [aptEventHandler.js:139] observe([object XPCWrappedNative_NoHelper],"jaxerEvent.NewHTMLElement",null)
paths:
  -> file:///E:/Aptana%20Jaxer%20Apache/Jaxer/Apache2-4Build/jaxer/framework/src/ModuleLogger.js
  -> file:///E:/Aptana%20Jaxer%20Apache/Jaxer/Apache2-4Build/jaxer/framework/src/Includer.js
  -> file:///E:/Aptana%20Jaxer%20Apache/Jaxer/Apache2-4Build/jaxer/framework/src/Overrides.js
  -> file:///E:/Aptana%20Jaxer%20Apache/Jaxer/Apache2-4Build/jaxer/framework/src/InitHead.js
  -> file:///E:/Aptana%20Jaxer%20Apache/Jaxer/Apache2-4Build/jaxer/framework/src/CoreEvents.js
  -> file:///E:/Aptana%20Jaxer%20Apache/Jaxer/Apache2-4Build/jaxer/components/aptEventHandler.js

01:12:54 12/24/2025 [ 15324] [TRACE] [JS Framework] [HandleCallback.onHandleCallback] Received Jaxer.request: ({constructorErrors:[], _request:{}, method:"POST", isHandler:true, uri:"/jaxer-callback", protocol:"HTTP/1.1", remoteUser:"", remoteHost:"desktop-lpv0ncp", remoteAddr:"::1", pageFile:"", documentRoot:"", OS:"WINNT", isJaxerServer:true, isHTTPS:false, queryString:"", logFileNativePath:"", action:"POST", headers:{Host:"localhost:8081", Connection:"keep-alive", 'Content-Length':"190", 'sec-ch-ua-platform':"\"Windows\"", 'X-Requested-With':"XMLHttpRequest", 'User-Agent':"Mozilla/5.0 (Windows NT 10.0; Win64; x64) AppleWebKit/537.36 (KHTML, like Gecko) Chrome/140.0.0.0 Safari/537.36 OPR/124.0.0.0", 'sec-ch-ua':"\"Chromium\";v=\"140\", \"Not=A?Brand\";v=\"24\", \"Opera\";v=\"124\"", 'Content-Type':"application/x-www-form-urlencoded", 'sec-ch-ua-mobile':"?0", Accept:"*/*", Origin:"http://localhost:8081", 'Sec-Fetch-Site':"same-origin", 'Sec-Fetch-Mode':"cors", 'Sec-Fetch-Dest':"empty", Referer:"http://localhost:8081/aptana/", 'Accept-Encoding':"gzip, deflate, br, zstd", 'Accept-Language':"en-US,en;q=0.9", Cookie:"JaxerSessionId%24%24localhost%3A8081=176589175647709027719934159097; JaxerSessionId%24%24diagnostics=1766389857171006019406608883027; JaxerSessionId%24%24chat=176650225815408013378880202926; JaxerSessionId%24%24smtp-email=1766502615487048247814800171795; JaxerSessionId%24%24rss-sample=1766502620172023884340692192807; JaxerSessionId%24%24tasks=176650262827103192941976629359; JaxerSessionId%24%24wikilite=1766502633159009874746526267386; JaxerSessionId%24%24logging=176650264152708165463317747484; JaxerSessionId%24%24csajax=176650265576703773913072428896; JaxerSessionId%24%24shell=176650266145103665372259304419"}, env:{CALLBACK_URI:"/aptanaRPC", HTTP_HOST:"localhost:8081", HTTP_CONNECTION:"keep-alive", CONTENT_LENGTH:"190", HTTP_SEC_CH_UA_PLATFORM:"\"Windows\"", HTTP_X_REQUESTED_WITH:"XMLHttpRequest", HTTP_USER_AGENT:"Mozilla/5.0 (Windows NT 10.0; Win64; x64) AppleWebKit/537.36 (KHTML, like Gecko) Chrome/140.0.0.0 Safari/537.36 OPR/124.0.0.0", HTTP_SEC_CH_UA:"\"Chromium\";v=\"140\", \"Not=A?Brand\";v=\"24\", \"Opera\";v=\"124\"", HTTP_SEC_CH_UA_MOBILE:"?0", HTTP_ACCEPT:"*/*", HTTP_ORIGIN:"http://localhost:8081", HTTP_SEC_FETCH_SITE:"same-origin", HTTP_SEC_FETCH_MODE:"cors", HTTP_SEC_FETCH_DEST:"empty", HTTP_REFERER:"http://localhost:8081/aptana/", HTTP_ACCEPT_ENCODING:"gzip, deflate, br, zstd", HTTP_ACCEPT_LANGUAGE:"en-US,en;q=0.9", HTTP_COOKIE:"JaxerSessionId%24%24localhost%3A8081=176589175647709027719934159097; JaxerSessionId%24%24diagnostics=1766389857171006019406608883027; JaxerSessionId%24%24chat=176650225815408013378880202926; JaxerSessionId%24%24smtp-email=1766502615487048247814800171795; JaxerSessionId%24%24rss-sample=1766502620172023884340692192807; JaxerSessionId%24%24tasks=176650262827103192941976629359; JaxerSessionId%24%24wikilite=1766502633159009874746526267386; JaxerSessionId%24%24logging=176650264152708165463317747484; JaxerSessionId%24%24csajax=176650265576703773913072428896; JaxerSessionId%24%24shell=176650266145103665372259304419", PATH:"C:\\ProgramData\\Oracle\\Java\\javapath;C:\\Windows\\system32;C:\\Windows;C:\\Windows\\System32\\Wbem;C:\\Windows\\System32\\WindowsPowerShell\\v1.0\\;C:\\Windows\\System32\\OpenSSH\\;C:\\Users\\USER\\AppData\\Local\\nvm;C:\\nvm4w\\nodejs;C:\\Program Files\\nodejs\\;C:\\php-8.4.6;C:\\ProgramData\\ComposerSetup\\bin;C:\\Program Files (x86)\\Microsoft SQL Server\\90\\Tools\\binn\\;C:\\Program Files (x86)\\Microsoft Visual Studio 9.0\\VC;C:\\Users\\USER\\AppData\\Local\\Microsoft\\WindowsApps;C:\\Users\\USER\\AppData\\Local\\Programs\\Microsoft VS Code\\bin;C:\\Users\\USER\\AppData\\Local\\nvm;C:\\nvm4w\\nodejs;C:\\Users\\USER\\AppData\\Local\\nvm;C:\\Users\\USER\\AppData\\Roaming\\npm;C:\\Program Files\\nodejs;C:\\Program Files (x86)\\Java\\jre7\\bin;C:\\Users\\USER\\AppData\\Roaming\\Composer\\vendor\\bin;E:\\Downloaded Programs\\Java\\jdk-24\\bin;", SystemRoot:"C:\\Windows", COMSPEC:"C:\\Windows\\system32\\cmd.exe", PATHEXT:".COM;.EXE;.BAT;.CMD;.VBS;.VBE;.JS;.JSE;.WSF;.WSH;.MSC", WINDIR:"C:\\Windows", SERVER_SIGNATURE:"", SERVER_SOFTWARE:"Apache/2.4.66 (Win32) ModJaxer/1.0.3.4547", SERVER_NAME:"localhost", SERVER_ADDR:"::1", SERVER_PORT:"8081", REQUEST_SCHEME:"http", CONTEXT_PREFIX:"", CONTEXT_DOCUMENT_ROOT:"E:/Aptana Jaxer Apache/Jaxer/Apache2-4Build/public", SERVER_ADMIN:"you@example.com", SCRIPT_NAME:"/jaxer-callback", JAXER_REQ_TYPE:"1"}, current:{url:"http://localhost:8081/jaxer-callback", scheme:"http", protocol:"http", authority:"localhost:8081", path:"/jaxer-callback", query:"", fragment:"", userInfo:"", host:"localhost", port:"8081", hostAndPort:"localhost:8081", base:"http://localhost:8081", subdomain:"", domain:"localhost", pathParts:["jaxer-callback"], leaf:"jaxer-callback", queryParts:{}}, currentFolder:"E:/Aptana Jaxer Apache/Jaxer/Apache2-4Build/public", get bodyAsString () {if (_bodyAsString == undefined) {if (_request.GetRawPostDataLength() > 0) {_bodyAsString = _request.GetRawPostDataAsString();} else {_bodyAsString = "";}}return _bodyAsString;}, get contentType () {return this._request.GetRawPostDataContentType();}, get userAgent () {return this.headers['User-Agent'] || "Unknown";}, get contentLength () {return this._request.GetRawPostDataLength();}, get body () {if (_body == undefined) {_body = null;if (Config.REQUEST_BODY_AS && (typeof Config.REQUEST_BODY_AS == "object")) {var contentType = this.contentType.toLowerCase();var values = Config.REQUEST_BODY_AS;for (var mimeTypePrefix in values) {var value = values[mimeTypePrefix];if (typeof value != "string") {continue;}if (contentType.indexOf(mimeTypePrefix.toLowerCase()) == 0) {var matched;switch (value.toLowerCase()) {case "string":_body = this.bodyAsString;matched = true;break;case "bytearray":_body = this.bodyAsByteArray;matched = true;break;case "stream":_body = this.bodyAsStream;matched = true;break;default:;}if (matched) {break;}}}}}return _body;}, get bodyAsByteArray () {if (_bodyAsByteArray == undefined) {if (_request.GetRawPostDataLength() > 0) {var baval = {};_request.GetRawPostDataAsByteArray({}, baval);_bodyAsByteArray = baval.value;} else {_bodyAsByteArray = [];}}return _bodyAsByteArray;}, get bodyAsStream () {if (_bodyAsString == undefined) {if (_request.GetRawPostDataLength() > 0) {_bodyAsStream = _request.GetRawPostDataAsInputStream();} else {_bodyAsStream = "";}}return _bodyAsStream;}, data:{pageSignature:"-1466595846", pageName:"localhost:8081/aptana/", callingPage:"http://localhost:8081/aptana/", methodName:"fetchCurrentBuildNumber", params:"[]", uid:"1766502774123_47412"}, files:[], paramIsBody:false, app:{urlTest:/.*/, name:"DEFAULT", appKey:(function (parsedUrl) {return parsedUrl.hostAndPort;}), pageKey:(function (parsedUrl) {return parsedUrl.hostAndPort + parsedUrl.path;}), db:function smartDB(resolvedName, parsedUrl) {switch (Config.DEFAULT_DB.IMPLEMENTATION) {case "SQLite":return Util.extend(Config.DEFAULT_DB, {PATH: Dir.combine(Config.DEFAULT_PATH_BASE, resolvedName, "appdata.sqlite")});case "MySQL":return Util.extend(Config.DEFAULT_DB, {NAME: resolvedName});default:throw new Exception("Unrecognized database implementation: " + Config.DEFAULT_DB.IMPLEMENTATION);}}, path:(function (resolvedName, parsedUrl) {return Dir.combine(Config.DEFAULT_PATH_BASE, resolvedName);}), handler:(void 0), get NAME () {return _NAME;}, get APP_KEY () {return _APP_KEY;}, get PAGE_KEY () {return _PAGE_KEY;}, get DB () {return _DB;}, get PATH () {return _PATH;}}, appKey:"localhost:8081", pageKey:"localhost:8081/aptana/", isCallback:true, referer:#4={url:"http://localhost:8081/aptana/", scheme:"http", protocol:"http", authority:"localhost:8081", path:"/aptana/", query:"", fragment:"", userInfo:"", host:"localhost", port:"8081", hostAndPort:"localhost:8081", base:"http://localhost:8081", subdomain:"", domain:"localhost", pathParts:["aptana", ""], leaf:"", queryParts:{}}, parsedUrl:#4#, parsedUrlError:"", evaluateScript:(function evaluateScript(contents, global, effectiveUrl) {if (typeof contents != "string") {try {contents = String(contents);} catch (e) {throw new Exception("Non-string contents passed to Jaxer.Request.evaluateScript()");}}if (effectiveUrl == undefined) {effectiveUrl = "javascript:" + contents.substr(0, 60).replace(/\n/g, "\\n") + (contents.length > 60 ? "..." : "");}return _request.ExecuteJavascript(contents, effectiveUrl, global);}), compileScript:(function compileScript(contents, global, effectiveUrl) {if (typeof contents != "string") {try {contents = String(contents);} catch (e) {throw new Exception("Non-string contents passed to Jaxer.Request.compileScript()");}}if (effectiveUrl == undefined) {effectiveUrl = "javascript:" + contents.substr(0, 60).replace(/\n/g, "\\n") + (contents.length > 60 ? "..." : "");}return _request.CompileScript(contents, effectiveUrl, global);}), evaluateCompiledScript:(function evaluateCompiledScript(compiledContents, global) {if (typeof compiledContents != "string") {try {compiledContents = String(compiledContents);} catch (e) {throw new Exception("Non-string contents passed to Jaxer.Request.evaluateCompiledScript()", log);}}return _request.RunScript(compiledContents, global);})})
stack:
  ->  [ModuleLogger.js:98] trace("Received Jaxer.request: ({constructorErrors:[], _request:{}, method:\"POST\", isHandler:true, uri:\"/jaxer-callback\", protocol:\"HTTP/1.1\", remoteUser:\"\", remoteHost:\"desktop-lpv0ncp\", remoteAddr:\"::1\", pageFile:\"\", documentRoot:\"\", OS:\"WINNT\", isJaxerServer:true, isHTTPS:false, queryString:\"\", logFileNativePath:\"\", action:\"POST\", headers:{Host:\"localhost:8081\", Connection:\"keep-alive\", 'Content-Length':\"190\", 'sec-ch-ua-platform':\"\\\"Windows\\\"\", 'X-Requested-With':\"XMLHttpRequest\", 'User-Agent':\"Mozilla/5.0 (Windows NT 10.0; Win64; x64) AppleWebKit/537.36 (KHTML, like Gecko) Chrome/140.0.0.0 Safari/537.36 OPR/124.0.0.0\", 'sec-ch-ua':\"\\\"Chromium\\\";v=\\\"140\\\", \\\"Not=A?Brand\\\";v=\\\"24\\\", \\\"Opera\\\";v=\\\"124\\\"\", 'Content-Type':\"application/x-www-form-urlencoded\", 'sec-ch-ua-mobile':\"?0\", Accept:\"*/*\", Origin:\"http://localhost:8081\", 'Sec-Fetch-Site':\"same-origin\", 'Sec-Fetch-Mode':\"cors\", 'Sec-Fetch-Dest':\"empty\", Referer:\"http://localhost:8081/aptana/\", 'Accept-Encoding':\"gzip, deflate, br, zstd\", 'Accept-Language':\"en-US,en;q=0.9\", Cookie:\"JaxerSessionId%24%24localhost%3A8081=176589175647709027719934159097; JaxerSessionId%24%24diagnostics=1766389857171006019406608883027; JaxerSessionId%24%24chat=176650225815408013378880202926; JaxerSessionId%24%24smtp-email=1766502615487048247814800171795; JaxerSessionId%24%24rss-sample=1766502620172023884340692192807; JaxerSessionId%24%24tasks=176650262827103192941976629359; JaxerSessionId%24%24wikilite=1766502633159009874746526267386; JaxerSessionId%24%24logging=176650264152708165463317747484; JaxerSessionId%24%24csajax=176650265576703773913072428896; JaxerSessionId%24%24shell=176650266145103665372259304419\"}, env:{CALLBACK_URI:\"/aptanaRPC\", HTTP_HOST:\"localhost:8081\", HTTP_CONNECTION:\"keep-alive\", CONTENT_LENGTH:\"190\", HTTP_SEC_CH_UA_PLATFORM:\"\\\"Windows\\\"\", HTTP_X_REQUESTED_WITH:\"XMLHttpRequest\", HTTP_USER_AGENT:\"Mozilla/5.0 (Windows NT 10.0; Win64; x64) AppleWebKit/537.36 (KHTML, like Gecko) Chrome/140.0.0.0 Safari/537.36 OPR/124.0.0.0\", HTTP_SEC_CH_UA:\"\\\"Chromium\\\";v=\\\"140\\\", \\\"Not=A?Brand\\\";v=\\\"24\\\", \\\"Opera\\\";v=\\\"124\\\"\", HTTP_SEC_CH_UA_MOBILE:\"?0\", HTTP_ACCEPT:\"*/*\", HTTP_ORIGIN:\"http://localhost:8081\", HTTP_SEC_FETCH_SITE:\"same-origin\", HTTP_SEC_FETCH_MODE:\"cors\", HTTP_SEC_FETCH_DEST:\"empty\", HTTP_REFERER:\"http://localhost:8081/aptana/\", HTTP_ACCEPT_ENCODING:\"gzip, deflate, br, zstd\", HTTP_ACCEPT_LANGUAGE:\"en-US,en;q=0.9\", HTTP_COOKIE:\"JaxerSessionId%24%24localhost%3A8081=176589175647709027719934159097; JaxerSessionId%24%24diagnostics=1766389857171006019406608883027; JaxerSessionId%24%24chat=176650225815408013378880202926; JaxerSessionId%24%24smtp-email=1766502615487048247814800171795; JaxerSessionId%24%24rss-sample=1766502620172023884340692192807; JaxerSessionId%24%24tasks=176650262827103192941976629359; JaxerSessionId%24%24wikilite=1766502633159009874746526267386; JaxerSessionId%24%24logging=176650264152708165463317747484; JaxerSessionId%24%24csajax=176650265576703773913072428896; JaxerSessionId%24%24shell=176650266145103665372259304419\", PATH:\"C:\\\\ProgramData\\\\Oracle\\\\Java\\\\javapath;C:\\\\Windows\\\\system32;C:\\\\Windows;C:\\\\Windows\\\\System32\\\\Wbem;C:\\\\Windows\\\\System32\\\\WindowsPowerShell\\\\v1.0\\\\;C:\\\\Windows\\\\System32\\\\OpenSSH\\\\;C:\\\\Users\\\\USER\\\\AppData\\\\Local\\\\nvm;C:\\\\nvm4w\\\\nodejs;C:\\\\Program Files\\\\nodejs\\\\;C:\\\\php-8.4.6;C:\\\\ProgramData\\\\ComposerSetup\\\\bin;C:\\\\Program Files (x86)\\\\Microsoft SQL Server\\\\90\\\\Tools\\\\binn\\\\;C:\\\\Program Files (x86)\\\\Microsoft Visual Studio 9.0\\\\VC;C:\\\\Users\\\\USER\\\\AppData\\\\Local\\\\Microsoft\\\\WindowsApps;C:\\\\Users\\\\USER\\\\AppData\\\\Local\\\\Programs\\\\Microsoft VS Code\\\\bin;C:\\\\Users\\\\USER\\\\AppData\\\\Local\\\\nvm;C:\\\\nvm4w\\\\nodejs;C:\\\\Users\\\\USER\\\\AppData\\\\Local\\\\nvm;C:\\\\Users\\\\USER\\\\AppData\\\\Roaming\\\\npm;C:\\\\Program Files\\\\nodejs;C:\\\\Program Files (x86)\\\\Java\\\\jre7\\\\bin;C:\\\\Users\\\\USER\\\\AppData\\\\Roaming\\\\Composer\\\\vendor\\\\bin;E:\\\\Downloaded Programs\\\\Java\\\\jdk-24\\\\bin;\", SystemRoot:\"C:\\\\Windows\", COMSPEC:\"C:\\\\Windows\\\\system32\\\\cmd.exe\", PATHEXT:\".COM;.EXE;.BAT;.CMD;.VBS;.VBE;.JS;.JSE;.WSF;.WSH;.MSC\", WINDIR:\"C:\\\\Windows\", SERVER_SIGNATURE:\"\", SERVER_SOFTWARE:\"Apache/2.4.66 (Win32) ModJaxer/1.0.3.4547\", SERVER_NAME:\"localhost\", SERVER_ADDR:\"::1\", SERVER_PORT:\"8081\", REQUEST_SCHEME:\"http\", CONTEXT_PREFIX:\"\", CONTEXT_DOCUMENT_ROOT:\"E:/Aptana Jaxer Apache/Jaxer/Apache2-4Build/public\", SERVER_ADMIN:\"you@example.com\", SCRIPT_NAME:\"/jaxer-callback\", JAXER_REQ_TYPE:\"1\"}, current:{url:\"http://localhost:8081/jaxer-callback\", scheme:\"http\", protocol:\"http\", authority:\"localhost:8081\", path:\"/jaxer-callback\", query:\"\", fragment:\"\", userInfo:\"\", host:\"localhost\", port:\"8081\", hostAndPort:\"localhost:8081\", base:\"http://localhost:8081\", subdomain:\"\", domain:\"localhost\", pathParts:[\"jaxer-callback\"], leaf:\"jaxer-callback\", queryParts:{}}, currentFolder:\"E:/Aptana Jaxer Apache/Jaxer/Apache2-4Build/public\", get bodyAsString () {if (_bodyAsString == undefined) {if (_request.GetRawPostDataLength() > 0) {_bodyAsString = _request.GetRawPostDataAsString();} else {_bodyAsString = \"\";}}return _bodyAsString;}, get contentType () {return this._request.GetRawPostDataContentType();}, get userAgent () {return this.headers['User-Agent'] || \"Unknown\";}, get contentLength () {return this._request.GetRawPostDataLength();}, get body () {if (_body == undefined) {_body = null;if (Config.REQUEST_BODY_AS && (typeof Config.REQUEST_BODY_AS == \"object\")) {var contentType = this.contentType.toLowerCase();var values = Config.REQUEST_BODY_AS;for (var mimeTypePrefix in values) {var value = values[mimeTypePrefix];if (typeof value != \"string\") {continue;}if (contentType.indexOf(mimeTypePrefix.toLowerCase()) == 0) {var matched;switch (value.toLowerCase()) {case \"string\":_body = this.bodyAsString;matched = true;break;case \"bytearray\":_body = this.bodyAsByteArray;matched = true;break;case \"stream\":_body = this.bodyAsStream;matched = true;break;default:;}if (matched) {break;}}}}}return _body;}, get bodyAsByteArray () {if (_bodyAsByteArray == undefined) {if (_request.GetRawPostDataLength() > 0) {var baval = {};_request.GetRawPostDataAsByteArray({}, baval);_bodyAsByteArray = baval.value;} else {_bodyAsByteArray = [];}}return _bodyAsByteArray;}, get bodyAsStream () {if (_bodyAsString == undefined) {if (_request.GetRawPostDataLength() > 0) {_bodyAsStream = _request.GetRawPostDataAsInputStream();} else {_bodyAsStream = \"\";}}return _bodyAsStream;}, data:{pageSignature:\"-1466595846\", pageName:\"localhost:8081/aptana/\", callingPage:\"http://localhost:8081/aptana/\", methodName:\"fetchCurrentBuildNumber\", params:\"[]\", uid:\"1766502774123_47412\"}, files:[], paramIsBody:false, app:{urlTest:/.*/, name:\"DEFAULT\", appKey:(function (parsedUrl) {return parsedUrl.hostAndPort;}), pageKey:(function (parsedUrl) {return parsedUrl.hostAndPort + parsedUrl.path;}), db:function smartDB(resolvedName, parsedUrl) {switch (Config.DEFAULT_DB.IMPLEMENTATION) {case \"SQLite\":return Util.extend(Config.DEFAULT_DB, {PATH: Dir.combine(Config.DEFAULT_PATH_BASE, resolvedName, \"appdata.sqlite\")});case \"MySQL\":return Util.extend(Config.DEFAULT_DB, {NAME: resolvedName});default:throw new Exception(\"Unrecognized database implementation: \" + Config.DEFAULT_DB.IMPLEMENTATION);}}, path:(function (resolvedName, parsedUrl) {return Dir.combine(Config.DEFAULT_PATH_BASE, resolvedName);}), handler:(void 0), get NAME () {return _NAME;}, get APP_KEY () {return _APP_KEY;}, get PAGE_KEY () {return _PAGE_KEY;}, get DB () {return _DB;}, get PATH () {return _PATH;}}, appKey:\"localhost:8081\", pageKey:\"localhost:8081/aptana/\", isCallback:true, referer:#4={url:\"http://localhost:8081/aptana/\", scheme:\"http\", protocol:\"http\", authority:\"localhost:8081\", path:\"/aptana/\", query:\"\", fragment:\"\", userInfo:\"\", host:\"localhost\", port:\"8081\", hostAndPort:\"localhost:8081\", base:\"http://localhost:8081\", subdomain:\"\", domain:\"localhost\", pathParts:[\"aptana\", \"\"], leaf:\"\", queryParts:{}}, parsedUrl:#4#, parsedUrlError:\"\", evaluateScript:(function evaluateScript(contents, global, effectiveUrl) {if (typeof contents != \"string\") {try {contents = String(contents);} catch (e) {throw new Exception(\"Non-string contents passed to Jaxer.Request.evaluateScript()\");}}if (effectiveUrl == undefined) {effectiveUrl = \"javascript:\" + contents.substr(0, 60).replace(/\\n/g, \"\\\\n\") + (contents.length > 60 ? \"...\" : \"\");}return _request.ExecuteJavascript(contents, effectiveUrl, global);}), compileScript:(function compileScript(contents, global, effectiveUrl) {if (typeof contents != \"string\") {try {contents = String(contents);} catch (e) {throw new Exception(\"Non-string contents passed to Jaxer.Request.compileScript()\");}}if (effectiveUrl == undefined) {effectiveUrl = \"javascript:\" + contents.substr(0, 60).replace(/\\n/g, \"\\\\n\") + (contents.length > 60 ? \"...\" : \"\");}return _request.CompileScript(contents, effectiveUrl, global);}), evaluateCompiledScript:(function evaluateCompiledScript(compiledContents, global) {if (typeof compiledContents != \"string\") {try {compiledContents = String(compiledContents);} catch (e) {throw new Exception(\"Non-string contents passed to Jaxer.Request.evaluateCompiledScript()\", log);}}return _request.RunScript(compiledContents, global);})})")
  ->  [HandleCallback.js:85] onHandleCallback([object XPCWrappedNative_NoHelper],[object HTMLDocument])
  ->  [CoreEvents.js:293] fireEvent("HANDLE_CALLBACK",[object Array])
  ->  [CoreEvents.js:220] fire("PARSE_COMPLETE",[object XPCWrappedNative_NoHelper],[object HTMLDocument])
  ->  [aptEventHandler.js:337] observe([object XPCWrappedNative_NoHelper],"jaxerEvent.HTMLParseComplete",null)
paths:
  -> file:///E:/Aptana%20Jaxer%20Apache/Jaxer/Apache2-4Build/jaxer/framework/src/ModuleLogger.js
  -> file:///E:/Aptana%20Jaxer%20Apache/Jaxer/Apache2-4Build/jaxer/framework/src/HandleCallback.js
  -> file:///E:/Aptana%20Jaxer%20Apache/Jaxer/Apache2-4Build/jaxer/framework/src/CoreEvents.js
  -> file:///E:/Aptana%20Jaxer%20Apache/Jaxer/Apache2-4Build/jaxer/components/aptEventHandler.js

01:12:54 12/24/2025 [ 22864] [TRACE] [JS Framework] [CoreEvents.fire] At this time, evt.Request.isHandler=false and eventType: NEW_ELEMENT - BODY
stack:
  ->  [ModuleLogger.js:98] trace("At this time, evt.Request.isHandler=false and eventType: NEW_ELEMENT - BODY")
  ->  [CoreEvents.js:205] fire("NEW_ELEMENT",[object XPCWrappedNative_NoHelper],[object HTMLDocument],[object HTMLBodyElement])
  ->  [aptEventHandler.js:157] observe([object XPCWrappedNative_NoHelper],"jaxerEvent.NewHTMLElement",null)
paths:
  -> file:///E:/Aptana%20Jaxer%20Apache/Jaxer/Apache2-4Build/jaxer/framework/src/ModuleLogger.js
  -> file:///E:/Aptana%20Jaxer%20Apache/Jaxer/Apache2-4Build/jaxer/framework/src/CoreEvents.js
  -> file:///E:/Aptana%20Jaxer%20Apache/Jaxer/Apache2-4Build/jaxer/components/aptEventHandler.js

01:12:54 12/24/2025 [ 15324] [TRACE] [JS Framework] [DB.SQLite.execute] Starting execute
stack:
  ->  [ModuleLogger.js:98] trace("Starting execute")
  ->  [DB_SQLite.js:302] execute("SELECT document_root, page_file, access_count FROM callback_page WHERE name=? AND crc32=?",[object Array])
  ->  [DB.js:181] anonymous("SELECT document_root, page_file, access_count FROM callback_page WHERE name=? AND crc32=?",[object Array])
  ->  [HandleCallback.js:151] onHandleCallback([object XPCWrappedNative_NoHelper],[object HTMLDocument])
  ->  [CoreEvents.js:293] fireEvent("HANDLE_CALLBACK",[object Array])
  ->  [CoreEvents.js:220] fire("PARSE_COMPLETE",[object XPCWrappedNative_NoHelper],[object HTMLDocument])
  ->  [aptEventHandler.js:337] observe([object XPCWrappedNative_NoHelper],"jaxerEvent.HTMLParseComplete",null)
paths:
  -> file:///E:/Aptana%20Jaxer%20Apache/Jaxer/Apache2-4Build/jaxer/framework/src/ModuleLogger.js
  -> file:///E:/Aptana%20Jaxer%20Apache/Jaxer/Apache2-4Build/jaxer/framework/src/DB_SQLite.js
  -> file:///E:/Aptana%20Jaxer%20Apache/Jaxer/Apache2-4Build/jaxer/framework/src/DB.js
  -> file:///E:/Aptana%20Jaxer%20Apache/Jaxer/Apache2-4Build/jaxer/framework/src/HandleCallback.js
  -> file:///E:/Aptana%20Jaxer%20Apache/Jaxer/Apache2-4Build/jaxer/framework/src/CoreEvents.js
  -> file:///E:/Aptana%20Jaxer%20Apache/Jaxer/Apache2-4Build/jaxer/components/aptEventHandler.js

01:12:54 12/24/2025 [ 22864] [TRACE] [JS Framework] [CoreEvents.fireEvent] Firing an event for NEW_ELEMENT
stack:
  ->  [ModuleLogger.js:98] trace("Firing an event for NEW_ELEMENT")
  ->  [CoreEvents.js:282] fireEvent("NEW_ELEMENT",[object Array])
  ->  [CoreEvents.js:238] fire("NEW_ELEMENT",[object XPCWrappedNative_NoHelper],[object HTMLDocument],[object HTMLBodyElement])
  ->  [aptEventHandler.js:157] observe([object XPCWrappedNative_NoHelper],"jaxerEvent.NewHTMLElement",null)
paths:
  -> file:///E:/Aptana%20Jaxer%20Apache/Jaxer/Apache2-4Build/jaxer/framework/src/ModuleLogger.js
  -> file:///E:/Aptana%20Jaxer%20Apache/Jaxer/Apache2-4Build/jaxer/framework/src/CoreEvents.js
  -> file:///E:/Aptana%20Jaxer%20Apache/Jaxer/Apache2-4Build/jaxer/components/aptEventHandler.js

01:12:54 12/24/2025 [ 15324] [DEBUG] [JS Framework] [DB.SQLite.open] Opening connection to database: E:\Aptana Jaxer Apache\Jaxer\Apache2-4Build\jaxer\..\local_jaxer\conf\..\data\frameworkdata.sqlite
stack:
  ->  [ModuleLogger.js:98] debug("Opening connection to database: E:\\Aptana Jaxer Apache\\Jaxer\\Apache2-4Build\\jaxer\\..\\local_jaxer\\conf\\..\\data\\frameworkdata.sqlite")
  ->  [DB_SQLite.js:212] open()
  ->  [DB_SQLite.js:306] execute("SELECT document_root, page_file, access_count FROM callback_page WHERE name=? AND crc32=?",[object Array])
  ->  [DB.js:181] anonymous("SELECT document_root, page_file, access_count FROM callback_page WHERE name=? AND crc32=?",[object Array])
  ->  [HandleCallback.js:151] onHandleCallback([object XPCWrappedNative_NoHelper],[object HTMLDocument])
  ->  [CoreEvents.js:293] fireEvent("HANDLE_CALLBACK",[object Array])
  ->  [CoreEvents.js:220] fire("PARSE_COMPLETE",[object XPCWrappedNative_NoHelper],[object HTMLDocument])
  ->  [aptEventHandler.js:337] observe([object XPCWrappedNative_NoHelper],"jaxerEvent.HTMLParseComplete",null)
paths:
  -> file:///E:/Aptana%20Jaxer%20Apache/Jaxer/Apache2-4Build/jaxer/framework/src/ModuleLogger.js
  -> file:///E:/Aptana%20Jaxer%20Apache/Jaxer/Apache2-4Build/jaxer/framework/src/DB_SQLite.js
  -> file:///E:/Aptana%20Jaxer%20Apache/Jaxer/Apache2-4Build/jaxer/framework/src/DB.js
  -> file:///E:/Aptana%20Jaxer%20Apache/Jaxer/Apache2-4Build/jaxer/framework/src/HandleCallback.js
  -> file:///E:/Aptana%20Jaxer%20Apache/Jaxer/Apache2-4Build/jaxer/framework/src/CoreEvents.js
  -> file:///E:/Aptana%20Jaxer%20Apache/Jaxer/Apache2-4Build/jaxer/components/aptEventHandler.js

01:12:54 12/24/2025 [ 22864] [TRACE] [JS Framework] [CoreEvents.fireEvent] Calling event handler: function onNewElement(evt, doc, elt) {
    switch (elt.tagNa...
stack:
  ->  [ModuleLogger.js:98] trace("Calling event handler: function onNewElement(evt, doc, elt) {\n    switch (elt.tagNa...")
  ->  [CoreEvents.js:292] fireEvent("NEW_ELEMENT",[object Array])
  ->  [CoreEvents.js:238] fire("NEW_ELEMENT",[object XPCWrappedNative_NoHelper],[object HTMLDocument],[object HTMLBodyElement])
  ->  [aptEventHandler.js:157] observe([object XPCWrappedNative_NoHelper],"jaxerEvent.NewHTMLElement",null)
paths:
  -> file:///E:/Aptana%20Jaxer%20Apache/Jaxer/Apache2-4Build/jaxer/framework/src/ModuleLogger.js
  -> file:///E:/Aptana%20Jaxer%20Apache/Jaxer/Apache2-4Build/jaxer/framework/src/CoreEvents.js
  -> file:///E:/Aptana%20Jaxer%20Apache/Jaxer/Apache2-4Build/jaxer/components/aptEventHandler.js

01:12:54 12/24/2025 [ 15324] [TRACE] [JS Framework] [DB.SQLite.open] Tried 1 time(s) in 1 ms to open connection to SQLite database file E:\Aptana Jaxer Apache\Jaxer\Apache2-4Build\jaxer\..\local_jaxer\conf\..\data\frameworkdata.sqlite
stack:
  ->  [ModuleLogger.js:98] trace("Tried 1 time(s) in 1 ms to open connection to SQLite database file E:\\Aptana Jaxer Apache\\Jaxer\\Apache2-4Build\\jaxer\\..\\local_jaxer\\conf\\..\\data\\frameworkdata.sqlite")
  ->  [DB_SQLite.js:266] open()
  ->  [DB_SQLite.js:306] execute("SELECT document_root, page_file, access_count FROM callback_page WHERE name=? AND crc32=?",[object Array])
  ->  [DB.js:181] anonymous("SELECT document_root, page_file, access_count FROM callback_page WHERE name=? AND crc32=?",[object Array])
  ->  [HandleCallback.js:151] onHandleCallback([object XPCWrappedNative_NoHelper],[object HTMLDocument])
  ->  [CoreEvents.js:293] fireEvent("HANDLE_CALLBACK",[object Array])
  ->  [CoreEvents.js:220] fire("PARSE_COMPLETE",[object XPCWrappedNative_NoHelper],[object HTMLDocument])
  ->  [aptEventHandler.js:337] observe([object XPCWrappedNative_NoHelper],"jaxerEvent.HTMLParseComplete",null)
paths:
  -> file:///E:/Aptana%20Jaxer%20Apache/Jaxer/Apache2-4Build/jaxer/framework/src/ModuleLogger.js
  -> file:///E:/Aptana%20Jaxer%20Apache/Jaxer/Apache2-4Build/jaxer/framework/src/DB_SQLite.js
  -> file:///E:/Aptana%20Jaxer%20Apache/Jaxer/Apache2-4Build/jaxer/framework/src/DB.js
  -> file:///E:/Aptana%20Jaxer%20Apache/Jaxer/Apache2-4Build/jaxer/framework/src/HandleCallback.js
  -> file:///E:/Aptana%20Jaxer%20Apache/Jaxer/Apache2-4Build/jaxer/framework/src/CoreEvents.js
  -> file:///E:/Aptana%20Jaxer%20Apache/Jaxer/Apache2-4Build/jaxer/components/aptEventHandler.js

01:12:54 12/24/2025 [ 22864] [TRACE] [JS Framework] [CoreEvents.fire] At this time, evt.Request.isHandler=false and eventType: PARSE_COMPLETE
stack:
  ->  [ModuleLogger.js:98] trace("At this time, evt.Request.isHandler=false and eventType: PARSE_COMPLETE")
  ->  [CoreEvents.js:205] fire("PARSE_COMPLETE",[object XPCWrappedNative_NoHelper],[object HTMLDocument])
  ->  [aptEventHandler.js:337] observe([object XPCWrappedNative_NoHelper],"jaxerEvent.HTMLParseComplete",null)
paths:
  -> file:///E:/Aptana%20Jaxer%20Apache/Jaxer/Apache2-4Build/jaxer/framework/src/ModuleLogger.js
  -> file:///E:/Aptana%20Jaxer%20Apache/Jaxer/Apache2-4Build/jaxer/framework/src/CoreEvents.js
  -> file:///E:/Aptana%20Jaxer%20Apache/Jaxer/Apache2-4Build/jaxer/components/aptEventHandler.js

01:12:54 12/24/2025 [ 22864] [TRACE] [JS Framework] [CoreEvents.fireEvent] Firing an event for HANDLE_PAGE
stack:
  ->  [ModuleLogger.js:98] trace("Firing an event for HANDLE_PAGE")
  ->  [CoreEvents.js:282] fireEvent("HANDLE_PAGE",[object Array])
  ->  [CoreEvents.js:234] fire("PARSE_COMPLETE",[object XPCWrappedNative_NoHelper],[object HTMLDocument])
  ->  [aptEventHandler.js:337] observe([object XPCWrappedNative_NoHelper],"jaxerEvent.HTMLParseComplete",null)
paths:
  -> file:///E:/Aptana%20Jaxer%20Apache/Jaxer/Apache2-4Build/jaxer/framework/src/ModuleLogger.js
  -> file:///E:/Aptana%20Jaxer%20Apache/Jaxer/Apache2-4Build/jaxer/framework/src/CoreEvents.js
  -> file:///E:/Aptana%20Jaxer%20Apache/Jaxer/Apache2-4Build/jaxer/components/aptEventHandler.js

01:12:54 12/24/2025 [ 22864] [TRACE] [JS Framework] [CoreEvents.fireEvent] Calling event handler: function onHandlePage(evt, doc) {
    if (checkErrors(doc)) ...
stack:
  ->  [ModuleLogger.js:98] trace("Calling event handler: function onHandlePage(evt, doc) {\n    if (checkErrors(doc)) ...")
  ->  [CoreEvents.js:292] fireEvent("HANDLE_PAGE",[object Array])
  ->  [CoreEvents.js:234] fire("PARSE_COMPLETE",[object XPCWrappedNative_NoHelper],[object HTMLDocument])
  ->  [aptEventHandler.js:337] observe([object XPCWrappedNative_NoHelper],"jaxerEvent.HTMLParseComplete",null)
paths:
  -> file:///E:/Aptana%20Jaxer%20Apache/Jaxer/Apache2-4Build/jaxer/framework/src/ModuleLogger.js
  -> file:///E:/Aptana%20Jaxer%20Apache/Jaxer/Apache2-4Build/jaxer/framework/src/CoreEvents.js
  -> file:///E:/Aptana%20Jaxer%20Apache/Jaxer/Apache2-4Build/jaxer/components/aptEventHandler.js

01:12:54 12/24/2025 [ 22864] [TRACE] [JS Framework] [HandlePage.onHandlePage] Processing onserverload with doc = [object HTMLDocument]
stack:
  ->  [ModuleLogger.js:98] trace("Processing onserverload with doc = [object HTMLDocument]")
  ->  [HandlePage.js:58] onHandlePage([object XPCWrappedNative_NoHelper],[object HTMLDocument])
  ->  [CoreEvents.js:293] fireEvent("HANDLE_PAGE",[object Array])
  ->  [CoreEvents.js:234] fire("PARSE_COMPLETE",[object XPCWrappedNative_NoHelper],[object HTMLDocument])
  ->  [aptEventHandler.js:337] observe([object XPCWrappedNative_NoHelper],"jaxerEvent.HTMLParseComplete",null)
paths:
  -> file:///E:/Aptana%20Jaxer%20Apache/Jaxer/Apache2-4Build/jaxer/framework/src/ModuleLogger.js
  -> file:///E:/Aptana%20Jaxer%20Apache/Jaxer/Apache2-4Build/jaxer/framework/src/HandlePage.js
  -> file:///E:/Aptana%20Jaxer%20Apache/Jaxer/Apache2-4Build/jaxer/framework/src/CoreEvents.js
  -> file:///E:/Aptana%20Jaxer%20Apache/Jaxer/Apache2-4Build/jaxer/components/aptEventHandler.js

01:12:54 12/24/2025 [ 22864] [TRACE] [JS Framework] [HandlePage.processLoadEvent] Processing load event 'serverload' with doc = [object HTMLDocument]
stack:
  ->  [ModuleLogger.js:98] trace("Processing load event 'serverload' with doc = [object HTMLDocument]")
  ->  [HandlePage.js:258] processLoadEvent("serverload",[object HTMLDocument],true)
  ->  [HandlePage.js:222] processOnServerLoad([object HTMLDocument])
  ->  [HandlePage.js:59] onHandlePage([object XPCWrappedNative_NoHelper],[object HTMLDocument])
  ->  [CoreEvents.js:293] fireEvent("HANDLE_PAGE",[object Array])
  ->  [CoreEvents.js:234] fire("PARSE_COMPLETE",[object XPCWrappedNative_NoHelper],[object HTMLDocument])
  ->  [aptEventHandler.js:337] observe([object XPCWrappedNative_NoHelper],"jaxerEvent.HTMLParseComplete",null)
paths:
  -> file:///E:/Aptana%20Jaxer%20Apache/Jaxer/Apache2-4Build/jaxer/framework/src/ModuleLogger.js
  -> file:///E:/Aptana%20Jaxer%20Apache/Jaxer/Apache2-4Build/jaxer/framework/src/HandlePage.js
  -> file:///E:/Aptana%20Jaxer%20Apache/Jaxer/Apache2-4Build/jaxer/framework/src/CoreEvents.js
  -> file:///E:/Aptana%20Jaxer%20Apache/Jaxer/Apache2-4Build/jaxer/components/aptEventHandler.js

01:12:54 12/24/2025 [ 22864] [TRACE] [JS Framework] [HandlePage.processLoadEvent] Processing load event 'load' with doc = [object HTMLDocument]
stack:
  ->  [ModuleLogger.js:98] trace("Processing load event 'load' with doc = [object HTMLDocument]")
  ->  [HandlePage.js:258] processLoadEvent("load",[object HTMLDocument],false)
  ->  [HandlePage.js:227] processOnServerLoad([object HTMLDocument])
  ->  [HandlePage.js:59] onHandlePage([object XPCWrappedNative_NoHelper],[object HTMLDocument])
  ->  [CoreEvents.js:293] fireEvent("HANDLE_PAGE",[object Array])
  ->  [CoreEvents.js:234] fire("PARSE_COMPLETE",[object XPCWrappedNative_NoHelper],[object HTMLDocument])
  ->  [aptEventHandler.js:337] observe([object XPCWrappedNative_NoHelper],"jaxerEvent.HTMLParseComplete",null)
paths:
  -> file:///E:/Aptana%20Jaxer%20Apache/Jaxer/Apache2-4Build/jaxer/framework/src/ModuleLogger.js
  -> file:///E:/Aptana%20Jaxer%20Apache/Jaxer/Apache2-4Build/jaxer/framework/src/HandlePage.js
  -> file:///E:/Aptana%20Jaxer%20Apache/Jaxer/Apache2-4Build/jaxer/framework/src/CoreEvents.js
  -> file:///E:/Aptana%20Jaxer%20Apache/Jaxer/Apache2-4Build/jaxer/components/aptEventHandler.js

01:12:54 12/24/2025 [ 15324] [DEBUG] [JS Framework] [DB.SQLite.open] Opened
stack:
  ->  [ModuleLogger.js:98] debug("Opened")
  ->  [DB_SQLite.js:268] open()
  ->  [DB_SQLite.js:306] execute("SELECT document_root, page_file, access_count FROM callback_page WHERE name=? AND crc32=?",[object Array])
  ->  [DB.js:181] anonymous("SELECT document_root, page_file, access_count FROM callback_page WHERE name=? AND crc32=?",[object Array])
  ->  [HandleCallback.js:151] onHandleCallback([object XPCWrappedNative_NoHelper],[object HTMLDocument])
  ->  [CoreEvents.js:293] fireEvent("HANDLE_CALLBACK",[object Array])
  ->  [CoreEvents.js:220] fire("PARSE_COMPLETE",[object XPCWrappedNative_NoHelper],[object HTMLDocument])
  ->  [aptEventHandler.js:337] observe([object XPCWrappedNative_NoHelper],"jaxerEvent.HTMLParseComplete",null)
paths:
  -> file:///E:/Aptana%20Jaxer%20Apache/Jaxer/Apache2-4Build/jaxer/framework/src/ModuleLogger.js
  -> file:///E:/Aptana%20Jaxer%20Apache/Jaxer/Apache2-4Build/jaxer/framework/src/DB_SQLite.js
  -> file:///E:/Aptana%20Jaxer%20Apache/Jaxer/Apache2-4Build/jaxer/framework/src/DB.js
  -> file:///E:/Aptana%20Jaxer%20Apache/Jaxer/Apache2-4Build/jaxer/framework/src/HandleCallback.js
  -> file:///E:/Aptana%20Jaxer%20Apache/Jaxer/Apache2-4Build/jaxer/framework/src/CoreEvents.js
  -> file:///E:/Aptana%20Jaxer%20Apache/Jaxer/Apache2-4Build/jaxer/components/aptEventHandler.js

01:12:54 12/24/2025 [ 22864] [DEBUG] [JS Framework] [HandlePage.onHandlePage] Script processing starting
stack:
  ->  [ModuleLogger.js:98] debug("Script processing starting")
  ->  [HandlePage.js:62] onHandlePage([object XPCWrappedNative_NoHelper],[object HTMLDocument])
  ->  [CoreEvents.js:293] fireEvent("HANDLE_PAGE",[object Array])
  ->  [CoreEvents.js:234] fire("PARSE_COMPLETE",[object XPCWrappedNative_NoHelper],[object HTMLDocument])
  ->  [aptEventHandler.js:337] observe([object XPCWrappedNative_NoHelper],"jaxerEvent.HTMLParseComplete",null)
paths:
  -> file:///E:/Aptana%20Jaxer%20Apache/Jaxer/Apache2-4Build/jaxer/framework/src/ModuleLogger.js
  -> file:///E:/Aptana%20Jaxer%20Apache/Jaxer/Apache2-4Build/jaxer/framework/src/HandlePage.js
  -> file:///E:/Aptana%20Jaxer%20Apache/Jaxer/Apache2-4Build/jaxer/framework/src/CoreEvents.js
  -> file:///E:/Aptana%20Jaxer%20Apache/Jaxer/Apache2-4Build/jaxer/components/aptEventHandler.js

01:12:54 12/24/2025 [ 15324] [TRACE] [JS Framework] [DB.SQLite.bindAndExecute] Binding statement SELECT document_root, page_file, access_count FROM callback_page WHERE name=? AND crc32=?
with params: localhost:8081/aptana/,-1466595846
stack:
  ->  [ModuleLogger.js:98] trace("Binding statement SELECT document_root, page_file, access_count FROM callback_page WHERE name=? AND crc32=?\nwith params: localhost:8081/aptana/,-1466595846")
  ->  [DB_SQLite.js:512] bindAndExecute([object Object],[object XPCWrappedNative_NoHelper],"SELECT document_root, page_file, access_count FROM callback_page WHERE name=? AND crc32=?",[object Array],null,[object Object])
  ->  [DB_SQLite.js:464] executeOneWithStatement([object Array],0,[object Array])
  ->  [DB_SQLite.js:456] executeWithStatement([object Object],"SELECT document_root, page_file, access_count FROM callback_page WHERE name=? AND crc32=?",[object Array],[object Object])
  ->  [DB_SQLite.js:312] execute("SELECT document_root, page_file, access_count FROM callback_page WHERE name=? AND crc32=?",[object Array])
  ->  [DB.js:181] anonymous("SELECT document_root, page_file, access_count FROM callback_page WHERE name=? AND crc32=?",[object Array])
  ->  [HandleCallback.js:151] onHandleCallback([object XPCWrappedNative_NoHelper],[object HTMLDocument])
  ->  [CoreEvents.js:293] fireEvent("HANDLE_CALLBACK",[object Array])
  ->  [CoreEvents.js:220] fire("PARSE_COMPLETE",[object XPCWrappedNative_NoHelper],[object HTMLDocument])
  ->  [aptEventHandler.js:337] observe([object XPCWrappedNative_NoHelper],"jaxerEvent.HTMLParseComplete",null)
paths:
  -> file:///E:/Aptana%20Jaxer%20Apache/Jaxer/Apache2-4Build/jaxer/framework/src/ModuleLogger.js
  -> file:///E:/Aptana%20Jaxer%20Apache/Jaxer/Apache2-4Build/jaxer/framework/src/DB_SQLite.js
  -> file:///E:/Aptana%20Jaxer%20Apache/Jaxer/Apache2-4Build/jaxer/framework/src/DB.js
  -> file:///E:/Aptana%20Jaxer%20Apache/Jaxer/Apache2-4Build/jaxer/framework/src/HandleCallback.js
  -> file:///E:/Aptana%20Jaxer%20Apache/Jaxer/Apache2-4Build/jaxer/framework/src/CoreEvents.js
  -> file:///E:/Aptana%20Jaxer%20Apache/Jaxer/Apache2-4Build/jaxer/components/aptEventHandler.js

01:12:54 12/24/2025 [ 15324] [TRACE] [JS Framework] [DB.SQLite.bindAndExecute] Tried 1 time(s) in 0 ms to execute statement on SQLite database file E:\Aptana Jaxer Apache\Jaxer\Apache2-4Build\jaxer\..\local_jaxer\conf\..\data\frameworkdata.sqlite
stack:
  ->  [ModuleLogger.js:98] trace("Tried 1 time(s) in 0 ms to execute statement on SQLite database file E:\\Aptana Jaxer Apache\\Jaxer\\Apache2-4Build\\jaxer\\..\\local_jaxer\\conf\\..\\data\\frameworkdata.sqlite")
  ->  [DB_SQLite.js:606] bindAndExecute([object Object],[object XPCWrappedNative_NoHelper],"SELECT document_root, page_file, access_count FROM callback_page WHERE name=? AND crc32=?",[object Array],null,[object Object])
  ->  [DB_SQLite.js:464] executeOneWithStatement([object Array],0,[object Array])
  ->  [DB_SQLite.js:456] executeWithStatement([object Object],"SELECT document_root, page_file, access_count FROM callback_page WHERE name=? AND crc32=?",[object Array],[object Object])
  ->  [DB_SQLite.js:312] execute("SELECT document_root, page_file, access_count FROM callback_page WHERE name=? AND crc32=?",[object Array])
  ->  [DB.js:181] anonymous("SELECT document_root, page_file, access_count FROM callback_page WHERE name=? AND crc32=?",[object Array])
  ->  [HandleCallback.js:151] onHandleCallback([object XPCWrappedNative_NoHelper],[object HTMLDocument])
  ->  [CoreEvents.js:293] fireEvent("HANDLE_CALLBACK",[object Array])
  ->  [CoreEvents.js:220] fire("PARSE_COMPLETE",[object XPCWrappedNative_NoHelper],[object HTMLDocument])
  ->  [aptEventHandler.js:337] observe([object XPCWrappedNative_NoHelper],"jaxerEvent.HTMLParseComplete",null)
paths:
  -> file:///E:/Aptana%20Jaxer%20Apache/Jaxer/Apache2-4Build/jaxer/framework/src/ModuleLogger.js
  -> file:///E:/Aptana%20Jaxer%20Apache/Jaxer/Apache2-4Build/jaxer/framework/src/DB_SQLite.js
  -> file:///E:/Aptana%20Jaxer%20Apache/Jaxer/Apache2-4Build/jaxer/framework/src/DB.js
  -> file:///E:/Aptana%20Jaxer%20Apache/Jaxer/Apache2-4Build/jaxer/framework/src/HandleCallback.js
  -> file:///E:/Aptana%20Jaxer%20Apache/Jaxer/Apache2-4Build/jaxer/framework/src/CoreEvents.js
  -> file:///E:/Aptana%20Jaxer%20Apache/Jaxer/Apache2-4Build/jaxer/components/aptEventHandler.js

01:12:54 12/24/2025 [ 15324] [TRACE] [JS Framework] [DB.SQLite.bindAndExecute] Populating resultSet
stack:
  ->  [ModuleLogger.js:98] trace("Populating resultSet")
  ->  [DB_SQLite.js:624] bindAndExecute([object Object],[object XPCWrappedNative_NoHelper],"SELECT document_root, page_file, access_count FROM callback_page WHERE name=? AND crc32=?",[object Array],[object Object],[object Object])
  ->  [DB_SQLite.js:464] executeOneWithStatement([object Array],0,[object Array])
  ->  [DB_SQLite.js:456] executeWithStatement([object Object],"SELECT document_root, page_file, access_count FROM callback_page WHERE name=? AND crc32=?",[object Array],[object Object])
  ->  [DB_SQLite.js:312] execute("SELECT document_root, page_file, access_count FROM callback_page WHERE name=? AND crc32=?",[object Array])
  ->  [DB.js:181] anonymous("SELECT document_root, page_file, access_count FROM callback_page WHERE name=? AND crc32=?",[object Array])
  ->  [HandleCallback.js:151] onHandleCallback([object XPCWrappedNative_NoHelper],[object HTMLDocument])
  ->  [CoreEvents.js:293] fireEvent("HANDLE_CALLBACK",[object Array])
  ->  [CoreEvents.js:220] fire("PARSE_COMPLETE",[object XPCWrappedNative_NoHelper],[object HTMLDocument])
  ->  [aptEventHandler.js:337] observe([object XPCWrappedNative_NoHelper],"jaxerEvent.HTMLParseComplete",null)
paths:
  -> file:///E:/Aptana%20Jaxer%20Apache/Jaxer/Apache2-4Build/jaxer/framework/src/ModuleLogger.js
  -> file:///E:/Aptana%20Jaxer%20Apache/Jaxer/Apache2-4Build/jaxer/framework/src/DB_SQLite.js
  -> file:///E:/Aptana%20Jaxer%20Apache/Jaxer/Apache2-4Build/jaxer/framework/src/DB.js
  -> file:///E:/Aptana%20Jaxer%20Apache/Jaxer/Apache2-4Build/jaxer/framework/src/HandleCallback.js
  -> file:///E:/Aptana%20Jaxer%20Apache/Jaxer/Apache2-4Build/jaxer/framework/src/CoreEvents.js
  -> file:///E:/Aptana%20Jaxer%20Apache/Jaxer/Apache2-4Build/jaxer/components/aptEventHandler.js

01:12:54 12/24/2025 [ 22864] [DEBUG] [JS Framework] [CallbackManager.processScriptElements] Found 0 script blocks to conditionally post-process
stack:
  ->  [ModuleLogger.js:98] debug("Found 0 script blocks to conditionally post-process")
  ->  [CallbackManager.js:505] processScriptElements([object Object])
  ->  [CallbackManager.js:67] processCallbacks([object HTMLDocument])
  ->  [HandlePage.js:63] onHandlePage([object XPCWrappedNative_NoHelper],[object HTMLDocument])
  ->  [CoreEvents.js:293] fireEvent("HANDLE_PAGE",[object Array])
  ->  [CoreEvents.js:234] fire("PARSE_COMPLETE",[object XPCWrappedNative_NoHelper],[object HTMLDocument])
  ->  [aptEventHandler.js:337] observe([object XPCWrappedNative_NoHelper],"jaxerEvent.HTMLParseComplete",null)
paths:
  -> file:///E:/Aptana%20Jaxer%20Apache/Jaxer/Apache2-4Build/jaxer/framework/src/ModuleLogger.js
  -> file:///E:/Aptana%20Jaxer%20Apache/Jaxer/Apache2-4Build/jaxer/framework/src/CallbackManager.js
  -> file:///E:/Aptana%20Jaxer%20Apache/Jaxer/Apache2-4Build/jaxer/framework/src/HandlePage.js
  -> file:///E:/Aptana%20Jaxer%20Apache/Jaxer/Apache2-4Build/jaxer/framework/src/CoreEvents.js
  -> file:///E:/Aptana%20Jaxer%20Apache/Jaxer/Apache2-4Build/jaxer/components/aptEventHandler.js

01:12:54 12/24/2025 [ 22864] [TRACE] [JS Framework] [CallbackManager.cacheServerFunctions] Going to cache 0 functions...
stack:
  ->  [ModuleLogger.js:98] trace("Going to cache 0 functions...")
  ->  [CallbackManager.js:91] cacheServerFunctions([object Object])
  ->  [CallbackManager.js:73] processCallbacks([object HTMLDocument])
  ->  [HandlePage.js:63] onHandlePage([object XPCWrappedNative_NoHelper],[object HTMLDocument])
  ->  [CoreEvents.js:293] fireEvent("HANDLE_PAGE",[object Array])
  ->  [CoreEvents.js:234] fire("PARSE_COMPLETE",[object XPCWrappedNative_NoHelper],[object HTMLDocument])
  ->  [aptEventHandler.js:337] observe([object XPCWrappedNative_NoHelper],"jaxerEvent.HTMLParseComplete",null)
paths:
  -> file:///E:/Aptana%20Jaxer%20Apache/Jaxer/Apache2-4Build/jaxer/framework/src/ModuleLogger.js
  -> file:///E:/Aptana%20Jaxer%20Apache/Jaxer/Apache2-4Build/jaxer/framework/src/CallbackManager.js
  -> file:///E:/Aptana%20Jaxer%20Apache/Jaxer/Apache2-4Build/jaxer/framework/src/HandlePage.js
  -> file:///E:/Aptana%20Jaxer%20Apache/Jaxer/Apache2-4Build/jaxer/framework/src/CoreEvents.js
  -> file:///E:/Aptana%20Jaxer%20Apache/Jaxer/Apache2-4Build/jaxer/components/aptEventHandler.js

01:12:54 12/24/2025 [ 22864] [DEBUG] [JS Framework] [HandlePage.onHandlePage] Script processing complete
stack:
  ->  [ModuleLogger.js:98] debug("Script processing complete")
  ->  [HandlePage.js:64] onHandlePage([object XPCWrappedNative_NoHelper],[object HTMLDocument])
  ->  [CoreEvents.js:293] fireEvent("HANDLE_PAGE",[object Array])
  ->  [CoreEvents.js:234] fire("PARSE_COMPLETE",[object XPCWrappedNative_NoHelper],[object HTMLDocument])
  ->  [aptEventHandler.js:337] observe([object XPCWrappedNative_NoHelper],"jaxerEvent.HTMLParseComplete",null)
paths:
  -> file:///E:/Aptana%20Jaxer%20Apache/Jaxer/Apache2-4Build/jaxer/framework/src/ModuleLogger.js
  -> file:///E:/Aptana%20Jaxer%20Apache/Jaxer/Apache2-4Build/jaxer/framework/src/HandlePage.js
  -> file:///E:/Aptana%20Jaxer%20Apache/Jaxer/Apache2-4Build/jaxer/framework/src/CoreEvents.js
  -> file:///E:/Aptana%20Jaxer%20Apache/Jaxer/Apache2-4Build/jaxer/components/aptEventHandler.js

01:12:54 12/24/2025 [ 15324] [TRACE] [JS Framework] [DB.SQLite.bindAndExecute] Column 0: document_root
stack:
  ->  [ModuleLogger.js:98] trace("Column 0: document_root")
  ->  [DB_SQLite.js:627] bindAndExecute([object Object],[object XPCWrappedNative_NoHelper],"SELECT document_root, page_file, access_count FROM callback_page WHERE name=? AND crc32=?",[object Array],[object Object],[object Object])
  ->  [DB_SQLite.js:464] executeOneWithStatement([object Array],0,[object Array])
  ->  [DB_SQLite.js:456] executeWithStatement([object Object],"SELECT document_root, page_file, access_count FROM callback_page WHERE name=? AND crc32=?",[object Array],[object Object])
  ->  [DB_SQLite.js:312] execute("SELECT document_root, page_file, access_count FROM callback_page WHERE name=? AND crc32=?",[object Array])
  ->  [DB.js:181] anonymous("SELECT document_root, page_file, access_count FROM callback_page WHERE name=? AND crc32=?",[object Array])
  ->  [HandleCallback.js:151] onHandleCallback([object XPCWrappedNative_NoHelper],[object HTMLDocument])
  ->  [CoreEvents.js:293] fireEvent("HANDLE_CALLBACK",[object Array])
  ->  [CoreEvents.js:220] fire("PARSE_COMPLETE",[object XPCWrappedNative_NoHelper],[object HTMLDocument])
  ->  [aptEventHandler.js:337] observe([object XPCWrappedNative_NoHelper],"jaxerEvent.HTMLParseComplete",null)
paths:
  -> file:///E:/Aptana%20Jaxer%20Apache/Jaxer/Apache2-4Build/jaxer/framework/src/ModuleLogger.js
  -> file:///E:/Aptana%20Jaxer%20Apache/Jaxer/Apache2-4Build/jaxer/framework/src/DB_SQLite.js
  -> file:///E:/Aptana%20Jaxer%20Apache/Jaxer/Apache2-4Build/jaxer/framework/src/DB.js
  -> file:///E:/Aptana%20Jaxer%20Apache/Jaxer/Apache2-4Build/jaxer/framework/src/HandleCallback.js
  -> file:///E:/Aptana%20Jaxer%20Apache/Jaxer/Apache2-4Build/jaxer/framework/src/CoreEvents.js
  -> file:///E:/Aptana%20Jaxer%20Apache/Jaxer/Apache2-4Build/jaxer/components/aptEventHandler.js

01:12:54 12/24/2025 [ 22864] [TRACE] [JS Framework] [HandlePage.processLoadEvent] Processing load event 'aftercallbackprocessing' with doc = [object HTMLDocument]
stack:
  ->  [ModuleLogger.js:98] trace("Processing load event 'aftercallbackprocessing' with doc = [object HTMLDocument]")
  ->  [HandlePage.js:258] processLoadEvent("aftercallbackprocessing",[object HTMLDocument],true)
  ->  [HandlePage.js:241] processAfterCallbackProcessing([object HTMLDocument])
  ->  [HandlePage.js:66] onHandlePage([object XPCWrappedNative_NoHelper],[object HTMLDocument])
  ->  [CoreEvents.js:293] fireEvent("HANDLE_PAGE",[object Array])
  ->  [CoreEvents.js:234] fire("PARSE_COMPLETE",[object XPCWrappedNative_NoHelper],[object HTMLDocument])
  ->  [aptEventHandler.js:337] observe([object XPCWrappedNative_NoHelper],"jaxerEvent.HTMLParseComplete",null)
paths:
  -> file:///E:/Aptana%20Jaxer%20Apache/Jaxer/Apache2-4Build/jaxer/framework/src/ModuleLogger.js
  -> file:///E:/Aptana%20Jaxer%20Apache/Jaxer/Apache2-4Build/jaxer/framework/src/HandlePage.js
  -> file:///E:/Aptana%20Jaxer%20Apache/Jaxer/Apache2-4Build/jaxer/framework/src/CoreEvents.js
  -> file:///E:/Aptana%20Jaxer%20Apache/Jaxer/Apache2-4Build/jaxer/components/aptEventHandler.js

01:12:54 12/24/2025 [ 15324] [TRACE] [JS Framework] [DB.SQLite.bindAndExecute] Column 1: page_file
stack:
  ->  [ModuleLogger.js:98] trace("Column 1: page_file")
  ->  [DB_SQLite.js:627] bindAndExecute([object Object],[object XPCWrappedNative_NoHelper],"SELECT document_root, page_file, access_count FROM callback_page WHERE name=? AND crc32=?",[object Array],[object Object],[object Object])
  ->  [DB_SQLite.js:464] executeOneWithStatement([object Array],0,[object Array])
  ->  [DB_SQLite.js:456] executeWithStatement([object Object],"SELECT document_root, page_file, access_count FROM callback_page WHERE name=? AND crc32=?",[object Array],[object Object])
  ->  [DB_SQLite.js:312] execute("SELECT document_root, page_file, access_count FROM callback_page WHERE name=? AND crc32=?",[object Array])
  ->  [DB.js:181] anonymous("SELECT document_root, page_file, access_count FROM callback_page WHERE name=? AND crc32=?",[object Array])
  ->  [HandleCallback.js:151] onHandleCallback([object XPCWrappedNative_NoHelper],[object HTMLDocument])
  ->  [CoreEvents.js:293] fireEvent("HANDLE_CALLBACK",[object Array])
  ->  [CoreEvents.js:220] fire("PARSE_COMPLETE",[object XPCWrappedNative_NoHelper],[object HTMLDocument])
  ->  [aptEventHandler.js:337] observe([object XPCWrappedNative_NoHelper],"jaxerEvent.HTMLParseComplete",null)
paths:
  -> file:///E:/Aptana%20Jaxer%20Apache/Jaxer/Apache2-4Build/jaxer/framework/src/ModuleLogger.js
  -> file:///E:/Aptana%20Jaxer%20Apache/Jaxer/Apache2-4Build/jaxer/framework/src/DB_SQLite.js
  -> file:///E:/Aptana%20Jaxer%20Apache/Jaxer/Apache2-4Build/jaxer/framework/src/DB.js
  -> file:///E:/Aptana%20Jaxer%20Apache/Jaxer/Apache2-4Build/jaxer/framework/src/HandleCallback.js
  -> file:///E:/Aptana%20Jaxer%20Apache/Jaxer/Apache2-4Build/jaxer/framework/src/CoreEvents.js
  -> file:///E:/Aptana%20Jaxer%20Apache/Jaxer/Apache2-4Build/jaxer/components/aptEventHandler.js

01:12:54 12/24/2025 [ 22864] [DEBUG] [JS Framework] [SessionManager.keyToResponse] Saving session key to the client via cookie JaxerSessionId$$localhost:8081: 176589175647709027719934159097
stack:
  ->  [ModuleLogger.js:98] debug("Saving session key to the client via cookie JaxerSessionId$$localhost:8081: 176589175647709027719934159097")
  ->  [SessionManager.js:82] keyToResponse("localhost:8081","176589175647709027719934159097")
  ->  [Container.js:614] persistAll([object HTMLDocument])
  ->  [HandlePage.js:73] onHandlePage([object XPCWrappedNative_NoHelper],[object HTMLDocument])
  ->  [CoreEvents.js:293] fireEvent("HANDLE_PAGE",[object Array])
  ->  [CoreEvents.js:234] fire("PARSE_COMPLETE",[object XPCWrappedNative_NoHelper],[object HTMLDocument])
  ->  [aptEventHandler.js:337] observe([object XPCWrappedNative_NoHelper],"jaxerEvent.HTMLParseComplete",null)
paths:
  -> file:///E:/Aptana%20Jaxer%20Apache/Jaxer/Apache2-4Build/jaxer/framework/src/ModuleLogger.js
  -> file:///E:/Aptana%20Jaxer%20Apache/Jaxer/Apache2-4Build/jaxer/framework/src/SessionManager.js
  -> file:///E:/Aptana%20Jaxer%20Apache/Jaxer/Apache2-4Build/jaxer/framework/src/Container.js
  -> file:///E:/Aptana%20Jaxer%20Apache/Jaxer/Apache2-4Build/jaxer/framework/src/HandlePage.js
  -> file:///E:/Aptana%20Jaxer%20Apache/Jaxer/Apache2-4Build/jaxer/framework/src/CoreEvents.js
  -> file:///E:/Aptana%20Jaxer%20Apache/Jaxer/Apache2-4Build/jaxer/components/aptEventHandler.js

01:12:54 12/24/2025 [ 15324] [TRACE] [JS Framework] [DB.SQLite.bindAndExecute] Column 2: access_count
stack:
  ->  [ModuleLogger.js:98] trace("Column 2: access_count")
  ->  [DB_SQLite.js:627] bindAndExecute([object Object],[object XPCWrappedNative_NoHelper],"SELECT document_root, page_file, access_count FROM callback_page WHERE name=? AND crc32=?",[object Array],[object Object],[object Object])
  ->  [DB_SQLite.js:464] executeOneWithStatement([object Array],0,[object Array])
  ->  [DB_SQLite.js:456] executeWithStatement([object Object],"SELECT document_root, page_file, access_count FROM callback_page WHERE name=? AND crc32=?",[object Array],[object Object])
  ->  [DB_SQLite.js:312] execute("SELECT document_root, page_file, access_count FROM callback_page WHERE name=? AND crc32=?",[object Array])
  ->  [DB.js:181] anonymous("SELECT document_root, page_file, access_count FROM callback_page WHERE name=? AND crc32=?",[object Array])
  ->  [HandleCallback.js:151] onHandleCallback([object XPCWrappedNative_NoHelper],[object HTMLDocument])
  ->  [CoreEvents.js:293] fireEvent("HANDLE_CALLBACK",[object Array])
  ->  [CoreEvents.js:220] fire("PARSE_COMPLETE",[object XPCWrappedNative_NoHelper],[object HTMLDocument])
  ->  [aptEventHandler.js:337] observe([object XPCWrappedNative_NoHelper],"jaxerEvent.HTMLParseComplete",null)
paths:
  -> file:///E:/Aptana%20Jaxer%20Apache/Jaxer/Apache2-4Build/jaxer/framework/src/ModuleLogger.js
  -> file:///E:/Aptana%20Jaxer%20Apache/Jaxer/Apache2-4Build/jaxer/framework/src/DB_SQLite.js
  -> file:///E:/Aptana%20Jaxer%20Apache/Jaxer/Apache2-4Build/jaxer/framework/src/DB.js
  -> file:///E:/Aptana%20Jaxer%20Apache/Jaxer/Apache2-4Build/jaxer/framework/src/HandleCallback.js
  -> file:///E:/Aptana%20Jaxer%20Apache/Jaxer/Apache2-4Build/jaxer/framework/src/CoreEvents.js
  -> file:///E:/Aptana%20Jaxer%20Apache/Jaxer/Apache2-4Build/jaxer/components/aptEventHandler.js

01:12:54 12/24/2025 [ 22864] [TRACE] [JS Framework] [Container.persist] For container APPLICATION:localhost:8081: Persisting
stack:
  ->  [ModuleLogger.js:98] trace("For container APPLICATION:localhost:8081: Persisting")
  ->  [Container.js:313] persist()
  ->  [Container.js:620] persistAll([object HTMLDocument])
  ->  [HandlePage.js:73] onHandlePage([object XPCWrappedNative_NoHelper],[object HTMLDocument])
  ->  [CoreEvents.js:293] fireEvent("HANDLE_PAGE",[object Array])
  ->  [CoreEvents.js:234] fire("PARSE_COMPLETE",[object XPCWrappedNative_NoHelper],[object HTMLDocument])
  ->  [aptEventHandler.js:337] observe([object XPCWrappedNative_NoHelper],"jaxerEvent.HTMLParseComplete",null)
paths:
  -> file:///E:/Aptana%20Jaxer%20Apache/Jaxer/Apache2-4Build/jaxer/framework/src/ModuleLogger.js
  -> file:///E:/Aptana%20Jaxer%20Apache/Jaxer/Apache2-4Build/jaxer/framework/src/Container.js
  -> file:///E:/Aptana%20Jaxer%20Apache/Jaxer/Apache2-4Build/jaxer/framework/src/HandlePage.js
  -> file:///E:/Aptana%20Jaxer%20Apache/Jaxer/Apache2-4Build/jaxer/framework/src/CoreEvents.js
  -> file:///E:/Aptana%20Jaxer%20Apache/Jaxer/Apache2-4Build/jaxer/components/aptEventHandler.js

01:12:54 12/24/2025 [ 15324] [TRACE] [JS Framework] [DB.SQLite.bindAndExecute] Tried 1 time(s) in 5 ms to execute statement on SQLite database file E:\Aptana Jaxer Apache\Jaxer\Apache2-4Build\jaxer\..\local_jaxer\conf\..\data\frameworkdata.sqlite
stack:
  ->  [ModuleLogger.js:98] trace("Tried 1 time(s) in 5 ms to execute statement on SQLite database file E:\\Aptana Jaxer Apache\\Jaxer\\Apache2-4Build\\jaxer\\..\\local_jaxer\\conf\\..\\data\\frameworkdata.sqlite")
  ->  [DB_SQLite.js:606] bindAndExecute([object Object],[object XPCWrappedNative_NoHelper],"SELECT document_root, page_file, access_count FROM callback_page WHERE name=? AND crc32=?",[object Array],[object Object],[object Object])
  ->  [DB_SQLite.js:464] executeOneWithStatement([object Array],0,[object Array])
  ->  [DB_SQLite.js:456] executeWithStatement([object Object],"SELECT document_root, page_file, access_count FROM callback_page WHERE name=? AND crc32=?",[object Array],[object Object])
  ->  [DB_SQLite.js:312] execute("SELECT document_root, page_file, access_count FROM callback_page WHERE name=? AND crc32=?",[object Array])
  ->  [DB.js:181] anonymous("SELECT document_root, page_file, access_count FROM callback_page WHERE name=? AND crc32=?",[object Array])
  ->  [HandleCallback.js:151] onHandleCallback([object XPCWrappedNative_NoHelper],[object HTMLDocument])
  ->  [CoreEvents.js:293] fireEvent("HANDLE_CALLBACK",[object Array])
  ->  [CoreEvents.js:220] fire("PARSE_COMPLETE",[object XPCWrappedNative_NoHelper],[object HTMLDocument])
  ->  [aptEventHandler.js:337] observe([object XPCWrappedNative_NoHelper],"jaxerEvent.HTMLParseComplete",null)
paths:
  -> file:///E:/Aptana%20Jaxer%20Apache/Jaxer/Apache2-4Build/jaxer/framework/src/ModuleLogger.js
  -> file:///E:/Aptana%20Jaxer%20Apache/Jaxer/Apache2-4Build/jaxer/framework/src/DB_SQLite.js
  -> file:///E:/Aptana%20Jaxer%20Apache/Jaxer/Apache2-4Build/jaxer/framework/src/DB.js
  -> file:///E:/Aptana%20Jaxer%20Apache/Jaxer/Apache2-4Build/jaxer/framework/src/HandleCallback.js
  -> file:///E:/Aptana%20Jaxer%20Apache/Jaxer/Apache2-4Build/jaxer/framework/src/CoreEvents.js
  -> file:///E:/Aptana%20Jaxer%20Apache/Jaxer/Apache2-4Build/jaxer/components/aptEventHandler.js

01:12:54 12/24/2025 [ 22864] [TRACE] [JS Framework] [Container.persist] For container PAGE:localhost:8081/aptana/jaxer_about.html: Persisting
stack:
  ->  [ModuleLogger.js:98] trace("For container PAGE:localhost:8081/aptana/jaxer_about.html: Persisting")
  ->  [Container.js:313] persist()
  ->  [Container.js:620] persistAll([object HTMLDocument])
  ->  [HandlePage.js:73] onHandlePage([object XPCWrappedNative_NoHelper],[object HTMLDocument])
  ->  [CoreEvents.js:293] fireEvent("HANDLE_PAGE",[object Array])
  ->  [CoreEvents.js:234] fire("PARSE_COMPLETE",[object XPCWrappedNative_NoHelper],[object HTMLDocument])
  ->  [aptEventHandler.js:337] observe([object XPCWrappedNative_NoHelper],"jaxerEvent.HTMLParseComplete",null)
paths:
  -> file:///E:/Aptana%20Jaxer%20Apache/Jaxer/Apache2-4Build/jaxer/framework/src/ModuleLogger.js
  -> file:///E:/Aptana%20Jaxer%20Apache/Jaxer/Apache2-4Build/jaxer/framework/src/Container.js
  -> file:///E:/Aptana%20Jaxer%20Apache/Jaxer/Apache2-4Build/jaxer/framework/src/HandlePage.js
  -> file:///E:/Aptana%20Jaxer%20Apache/Jaxer/Apache2-4Build/jaxer/framework/src/CoreEvents.js
  -> file:///E:/Aptana%20Jaxer%20Apache/Jaxer/Apache2-4Build/jaxer/components/aptEventHandler.js

01:12:54 12/24/2025 [ 15324] [TRACE] [JS Framework] [DB.SQLite.executeWithStatement] Closing statement
stack:
  ->  [ModuleLogger.js:98] trace("Closing statement")
  ->  [DB_SQLite.js:484] executeWithStatement([object Object],"SELECT document_root, page_file, access_count FROM callback_page WHERE name=? AND crc32=?",[object Array],[object Object])
  ->  [DB_SQLite.js:312] execute("SELECT document_root, page_file, access_count FROM callback_page WHERE name=? AND crc32=?",[object Array])
  ->  [DB.js:181] anonymous("SELECT document_root, page_file, access_count FROM callback_page WHERE name=? AND crc32=?",[object Array])
  ->  [HandleCallback.js:151] onHandleCallback([object XPCWrappedNative_NoHelper],[object HTMLDocument])
  ->  [CoreEvents.js:293] fireEvent("HANDLE_CALLBACK",[object Array])
  ->  [CoreEvents.js:220] fire("PARSE_COMPLETE",[object XPCWrappedNative_NoHelper],[object HTMLDocument])
  ->  [aptEventHandler.js:337] observe([object XPCWrappedNative_NoHelper],"jaxerEvent.HTMLParseComplete",null)
paths:
  -> file:///E:/Aptana%20Jaxer%20Apache/Jaxer/Apache2-4Build/jaxer/framework/src/ModuleLogger.js
  -> file:///E:/Aptana%20Jaxer%20Apache/Jaxer/Apache2-4Build/jaxer/framework/src/DB_SQLite.js
  -> file:///E:/Aptana%20Jaxer%20Apache/Jaxer/Apache2-4Build/jaxer/framework/src/DB.js
  -> file:///E:/Aptana%20Jaxer%20Apache/Jaxer/Apache2-4Build/jaxer/framework/src/HandleCallback.js
  -> file:///E:/Aptana%20Jaxer%20Apache/Jaxer/Apache2-4Build/jaxer/framework/src/CoreEvents.js
  -> file:///E:/Aptana%20Jaxer%20Apache/Jaxer/Apache2-4Build/jaxer/components/aptEventHandler.js

01:12:54 12/24/2025 [ 22864] [TRACE] [JS Framework] [Container.persist] For container SESSION:176589175647709027719934159097: Persisting
stack:
  ->  [ModuleLogger.js:98] trace("For container SESSION:176589175647709027719934159097: Persisting")
  ->  [Container.js:313] persist()
  ->  [Container.js:620] persistAll([object HTMLDocument])
  ->  [HandlePage.js:73] onHandlePage([object XPCWrappedNative_NoHelper],[object HTMLDocument])
  ->  [CoreEvents.js:293] fireEvent("HANDLE_PAGE",[object Array])
  ->  [CoreEvents.js:234] fire("PARSE_COMPLETE",[object XPCWrappedNative_NoHelper],[object HTMLDocument])
  ->  [aptEventHandler.js:337] observe([object XPCWrappedNative_NoHelper],"jaxerEvent.HTMLParseComplete",null)
paths:
  -> file:///E:/Aptana%20Jaxer%20Apache/Jaxer/Apache2-4Build/jaxer/framework/src/ModuleLogger.js
  -> file:///E:/Aptana%20Jaxer%20Apache/Jaxer/Apache2-4Build/jaxer/framework/src/Container.js
  -> file:///E:/Aptana%20Jaxer%20Apache/Jaxer/Apache2-4Build/jaxer/framework/src/HandlePage.js
  -> file:///E:/Aptana%20Jaxer%20Apache/Jaxer/Apache2-4Build/jaxer/framework/src/CoreEvents.js
  -> file:///E:/Aptana%20Jaxer%20Apache/Jaxer/Apache2-4Build/jaxer/components/aptEventHandler.js

01:12:54 12/24/2025 [ 22864] [TRACE] [JS Framework] [Container.persist] For container SESSION_PAGE:176589175647709027719934159097$$localhost:8081/aptana/jaxer_about.html: Persisting
stack:
  ->  [ModuleLogger.js:98] trace("For container SESSION_PAGE:176589175647709027719934159097$$localhost:8081/aptana/jaxer_about.html: Persisting")
  ->  [Container.js:313] persist()
  ->  [Container.js:620] persistAll([object HTMLDocument])
  ->  [HandlePage.js:73] onHandlePage([object XPCWrappedNative_NoHelper],[object HTMLDocument])
  ->  [CoreEvents.js:293] fireEvent("HANDLE_PAGE",[object Array])
  ->  [CoreEvents.js:234] fire("PARSE_COMPLETE",[object XPCWrappedNative_NoHelper],[object HTMLDocument])
  ->  [aptEventHandler.js:337] observe([object XPCWrappedNative_NoHelper],"jaxerEvent.HTMLParseComplete",null)
paths:
  -> file:///E:/Aptana%20Jaxer%20Apache/Jaxer/Apache2-4Build/jaxer/framework/src/ModuleLogger.js
  -> file:///E:/Aptana%20Jaxer%20Apache/Jaxer/Apache2-4Build/jaxer/framework/src/Container.js
  -> file:///E:/Aptana%20Jaxer%20Apache/Jaxer/Apache2-4Build/jaxer/framework/src/HandlePage.js
  -> file:///E:/Aptana%20Jaxer%20Apache/Jaxer/Apache2-4Build/jaxer/framework/src/CoreEvents.js
  -> file:///E:/Aptana%20Jaxer%20Apache/Jaxer/Apache2-4Build/jaxer/components/aptEventHandler.js

01:12:54 12/24/2025 [ 22864] [TRACE] [JS Framework] [HandlePage.onHandlePage] Containers persisted
stack:
  ->  [ModuleLogger.js:98] trace("Containers persisted")
  ->  [HandlePage.js:74] onHandlePage([object XPCWrappedNative_NoHelper],[object HTMLDocument])
  ->  [CoreEvents.js:293] fireEvent("HANDLE_PAGE",[object Array])
  ->  [CoreEvents.js:234] fire("PARSE_COMPLETE",[object XPCWrappedNative_NoHelper],[object HTMLDocument])
  ->  [aptEventHandler.js:337] observe([object XPCWrappedNative_NoHelper],"jaxerEvent.HTMLParseComplete",null)
paths:
  -> file:///E:/Aptana%20Jaxer%20Apache/Jaxer/Apache2-4Build/jaxer/framework/src/ModuleLogger.js
  -> file:///E:/Aptana%20Jaxer%20Apache/Jaxer/Apache2-4Build/jaxer/framework/src/HandlePage.js
  -> file:///E:/Aptana%20Jaxer%20Apache/Jaxer/Apache2-4Build/jaxer/framework/src/CoreEvents.js
  -> file:///E:/Aptana%20Jaxer%20Apache/Jaxer/Apache2-4Build/jaxer/components/aptEventHandler.js

01:12:54 12/24/2025 [ 22864] [TRACE] [JS Framework] [Response.useOriginalContents] Jaxer did not end up modifying this page or having any (known) side-effects - using original response in lieu of a Jaxer-generated one
stack:
  ->  [ModuleLogger.js:98] trace("Jaxer did not end up modifying this page or having any (known) side-effects - using original response in lieu of a Jaxer-generated one")
  ->  [Response.js:540] useOriginalContents()
  ->  [HandlePage.js:197] onHandlePage([object XPCWrappedNative_NoHelper],[object HTMLDocument])
  ->  [CoreEvents.js:293] fireEvent("HANDLE_PAGE",[object Array])
  ->  [CoreEvents.js:234] fire("PARSE_COMPLETE",[object XPCWrappedNative_NoHelper],[object HTMLDocument])
  ->  [aptEventHandler.js:337] observe([object XPCWrappedNative_NoHelper],"jaxerEvent.HTMLParseComplete",null)
paths:
  -> file:///E:/Aptana%20Jaxer%20Apache/Jaxer/Apache2-4Build/jaxer/framework/src/ModuleLogger.js
  -> file:///E:/Aptana%20Jaxer%20Apache/Jaxer/Apache2-4Build/jaxer/framework/src/Response.js
  -> file:///E:/Aptana%20Jaxer%20Apache/Jaxer/Apache2-4Build/jaxer/framework/src/HandlePage.js
  -> file:///E:/Aptana%20Jaxer%20Apache/Jaxer/Apache2-4Build/jaxer/framework/src/CoreEvents.js
  -> file:///E:/Aptana%20Jaxer%20Apache/Jaxer/Apache2-4Build/jaxer/components/aptEventHandler.js

01:12:54 12/24/2025 [ 22864] [TRACE] [JS Framework] [CoreEvents.fireEvent] Firing an event for PARSE_COMPLETE
stack:
  ->  [ModuleLogger.js:98] trace("Firing an event for PARSE_COMPLETE")
  ->  [CoreEvents.js:282] fireEvent("PARSE_COMPLETE",[object Array])
  ->  [CoreEvents.js:238] fire("PARSE_COMPLETE",[object XPCWrappedNative_NoHelper],[object HTMLDocument])
  ->  [aptEventHandler.js:337] observe([object XPCWrappedNative_NoHelper],"jaxerEvent.HTMLParseComplete",null)
paths:
  -> file:///E:/Aptana%20Jaxer%20Apache/Jaxer/Apache2-4Build/jaxer/framework/src/ModuleLogger.js
  -> file:///E:/Aptana%20Jaxer%20Apache/Jaxer/Apache2-4Build/jaxer/framework/src/CoreEvents.js
  -> file:///E:/Aptana%20Jaxer%20Apache/Jaxer/Apache2-4Build/jaxer/components/aptEventHandler.js

01:12:54 12/24/2025 [ 22864] [TRACE] [JS Framework] [CoreEvents.fireEvent] Calling event handler: function onParseComplete(evt, doc) {
    Jaxer.__tempLoad.cl...
stack:
  ->  [ModuleLogger.js:98] trace("Calling event handler: function onParseComplete(evt, doc) {\n    Jaxer.__tempLoad.cl...")
  ->  [CoreEvents.js:292] fireEvent("PARSE_COMPLETE",[object Array])
  ->  [CoreEvents.js:238] fire("PARSE_COMPLETE",[object XPCWrappedNative_NoHelper],[object HTMLDocument])
  ->  [aptEventHandler.js:337] observe([object XPCWrappedNative_NoHelper],"jaxerEvent.HTMLParseComplete",null)
paths:
  -> file:///E:/Aptana%20Jaxer%20Apache/Jaxer/Apache2-4Build/jaxer/framework/src/ModuleLogger.js
  -> file:///E:/Aptana%20Jaxer%20Apache/Jaxer/Apache2-4Build/jaxer/framework/src/CoreEvents.js
  -> file:///E:/Aptana%20Jaxer%20Apache/Jaxer/Apache2-4Build/jaxer/components/aptEventHandler.js

01:12:54 12/24/2025 [ 22864] [TRACE] [JS Framework] [CoreEvents.fire] At this time, evt.Request.isHandler=false and eventType: REQUEST_COMPLETE
stack:
  ->  [ModuleLogger.js:98] trace("At this time, evt.Request.isHandler=false and eventType: REQUEST_COMPLETE")
  ->  [CoreEvents.js:205] fire("REQUEST_COMPLETE",[object XPCWrappedNative_NoHelper])
  ->  [aptEventHandler.js:351] observe([object XPCWrappedNative_NoHelper],"jaxerEvent.RequestComplete",null)
paths:
  -> file:///E:/Aptana%20Jaxer%20Apache/Jaxer/Apache2-4Build/jaxer/framework/src/ModuleLogger.js
  -> file:///E:/Aptana%20Jaxer%20Apache/Jaxer/Apache2-4Build/jaxer/framework/src/CoreEvents.js
  -> file:///E:/Aptana%20Jaxer%20Apache/Jaxer/Apache2-4Build/jaxer/components/aptEventHandler.js

01:12:54 12/24/2025 [ 22864] [TRACE] [JS Framework] [CoreEvents.fireEvent] Firing an event for REQUEST_COMPLETE
stack:
  ->  [ModuleLogger.js:98] trace("Firing an event for REQUEST_COMPLETE")
  ->  [CoreEvents.js:282] fireEvent("REQUEST_COMPLETE",[object Array])
  ->  [CoreEvents.js:238] fire("REQUEST_COMPLETE",[object XPCWrappedNative_NoHelper])
  ->  [aptEventHandler.js:351] observe([object XPCWrappedNative_NoHelper],"jaxerEvent.RequestComplete",null)
paths:
  -> file:///E:/Aptana%20Jaxer%20Apache/Jaxer/Apache2-4Build/jaxer/framework/src/ModuleLogger.js
  -> file:///E:/Aptana%20Jaxer%20Apache/Jaxer/Apache2-4Build/jaxer/framework/src/CoreEvents.js
  -> file:///E:/Aptana%20Jaxer%20Apache/Jaxer/Apache2-4Build/jaxer/components/aptEventHandler.js

01:12:54 12/24/2025 [ 22864] [TRACE] [JS Framework] [CoreEvents.fireEvent] Calling event handler: function onRequestComplete(evt) {
}...
stack:
  ->  [ModuleLogger.js:98] trace("Calling event handler: function onRequestComplete(evt) {\n}...")
  ->  [CoreEvents.js:292] fireEvent("REQUEST_COMPLETE",[object Array])
  ->  [CoreEvents.js:238] fire("REQUEST_COMPLETE",[object XPCWrappedNative_NoHelper])
  ->  [aptEventHandler.js:351] observe([object XPCWrappedNative_NoHelper],"jaxerEvent.RequestComplete",null)
paths:
  -> file:///E:/Aptana%20Jaxer%20Apache/Jaxer/Apache2-4Build/jaxer/framework/src/ModuleLogger.js
  -> file:///E:/Aptana%20Jaxer%20Apache/Jaxer/Apache2-4Build/jaxer/framework/src/CoreEvents.js
  -> file:///E:/Aptana%20Jaxer%20Apache/Jaxer/Apache2-4Build/jaxer/components/aptEventHandler.js

01:12:54 12/24/2025 [ 15324] [TRACE] [JS Framework] [DB.SQLite.executeWithStatement] Resetting and finalizing statement
stack:
  ->  [ModuleLogger.js:98] trace("Resetting and finalizing statement")
  ->  [DB_SQLite.js:487] executeWithStatement([object Object],"SELECT document_root, page_file, access_count FROM callback_page WHERE name=? AND crc32=?",[object Array],[object Object])
  ->  [DB_SQLite.js:312] execute("SELECT document_root, page_file, access_count FROM callback_page WHERE name=? AND crc32=?",[object Array])
  ->  [DB.js:181] anonymous("SELECT document_root, page_file, access_count FROM callback_page WHERE name=? AND crc32=?",[object Array])
  ->  [HandleCallback.js:151] onHandleCallback([object XPCWrappedNative_NoHelper],[object HTMLDocument])
  ->  [CoreEvents.js:293] fireEvent("HANDLE_CALLBACK",[object Array])
  ->  [CoreEvents.js:220] fire("PARSE_COMPLETE",[object XPCWrappedNative_NoHelper],[object HTMLDocument])
  ->  [aptEventHandler.js:337] observe([object XPCWrappedNative_NoHelper],"jaxerEvent.HTMLParseComplete",null)
paths:
  -> file:///E:/Aptana%20Jaxer%20Apache/Jaxer/Apache2-4Build/jaxer/framework/src/ModuleLogger.js
  -> file:///E:/Aptana%20Jaxer%20Apache/Jaxer/Apache2-4Build/jaxer/framework/src/DB_SQLite.js
  -> file:///E:/Aptana%20Jaxer%20Apache/Jaxer/Apache2-4Build/jaxer/framework/src/DB.js
  -> file:///E:/Aptana%20Jaxer%20Apache/Jaxer/Apache2-4Build/jaxer/framework/src/HandleCallback.js
  -> file:///E:/Aptana%20Jaxer%20Apache/Jaxer/Apache2-4Build/jaxer/framework/src/CoreEvents.js
  -> file:///E:/Aptana%20Jaxer%20Apache/Jaxer/Apache2-4Build/jaxer/components/aptEventHandler.js

01:12:54 12/24/2025 [ 15324] [TRACE] [JS Framework] [DB.SQLite.execute] Populated resultSet with 1 rows of 3 columns
stack:
  ->  [ModuleLogger.js:98] trace("Populated resultSet with 1 rows of 3 columns")
  ->  [DB_SQLite.js:315] execute("SELECT document_root, page_file, access_count FROM callback_page WHERE name=? AND crc32=?",[object Array])
  ->  [DB.js:181] anonymous("SELECT document_root, page_file, access_count FROM callback_page WHERE name=? AND crc32=?",[object Array])
  ->  [HandleCallback.js:151] onHandleCallback([object XPCWrappedNative_NoHelper],[object HTMLDocument])
  ->  [CoreEvents.js:293] fireEvent("HANDLE_CALLBACK",[object Array])
  ->  [CoreEvents.js:220] fire("PARSE_COMPLETE",[object XPCWrappedNative_NoHelper],[object HTMLDocument])
  ->  [aptEventHandler.js:337] observe([object XPCWrappedNative_NoHelper],"jaxerEvent.HTMLParseComplete",null)
paths:
  -> file:///E:/Aptana%20Jaxer%20Apache/Jaxer/Apache2-4Build/jaxer/framework/src/ModuleLogger.js
  -> file:///E:/Aptana%20Jaxer%20Apache/Jaxer/Apache2-4Build/jaxer/framework/src/DB_SQLite.js
  -> file:///E:/Aptana%20Jaxer%20Apache/Jaxer/Apache2-4Build/jaxer/framework/src/DB.js
  -> file:///E:/Aptana%20Jaxer%20Apache/Jaxer/Apache2-4Build/jaxer/framework/src/HandleCallback.js
  -> file:///E:/Aptana%20Jaxer%20Apache/Jaxer/Apache2-4Build/jaxer/framework/src/CoreEvents.js
  -> file:///E:/Aptana%20Jaxer%20Apache/Jaxer/Apache2-4Build/jaxer/components/aptEventHandler.js

01:12:54 12/24/2025 [ 15324] [TRACE] [JS Framework] [DB.SQLite.execute] Finished executing
stack:
  ->  [ModuleLogger.js:98] trace("Finished executing")
  ->  [DB_SQLite.js:338] execute("SELECT document_root, page_file, access_count FROM callback_page WHERE name=? AND crc32=?",[object Array])
  ->  [DB.js:181] anonymous("SELECT document_root, page_file, access_count FROM callback_page WHERE name=? AND crc32=?",[object Array])
  ->  [HandleCallback.js:151] onHandleCallback([object XPCWrappedNative_NoHelper],[object HTMLDocument])
  ->  [CoreEvents.js:293] fireEvent("HANDLE_CALLBACK",[object Array])
  ->  [CoreEvents.js:220] fire("PARSE_COMPLETE",[object XPCWrappedNative_NoHelper],[object HTMLDocument])
  ->  [aptEventHandler.js:337] observe([object XPCWrappedNative_NoHelper],"jaxerEvent.HTMLParseComplete",null)
paths:
  -> file:///E:/Aptana%20Jaxer%20Apache/Jaxer/Apache2-4Build/jaxer/framework/src/ModuleLogger.js
  -> file:///E:/Aptana%20Jaxer%20Apache/Jaxer/Apache2-4Build/jaxer/framework/src/DB_SQLite.js
  -> file:///E:/Aptana%20Jaxer%20Apache/Jaxer/Apache2-4Build/jaxer/framework/src/DB.js
  -> file:///E:/Aptana%20Jaxer%20Apache/Jaxer/Apache2-4Build/jaxer/framework/src/HandleCallback.js
  -> file:///E:/Aptana%20Jaxer%20Apache/Jaxer/Apache2-4Build/jaxer/framework/src/CoreEvents.js
  -> file:///E:/Aptana%20Jaxer%20Apache/Jaxer/Apache2-4Build/jaxer/components/aptEventHandler.js

01:12:54 12/24/2025 [ 15324] [DEBUG] [JS Framework] [HandleCallback.onHandleCallback] Setting [Jaxer.request.documentRoot, Jaxer.request.pageFile] = C:/Users/USER/Documents/Aptana Jaxer/public,C:/Users/USER/Documents/Aptana Jaxer/jaxer/aptana/index.html
stack:
  ->  [ModuleLogger.js:98] debug("Setting [Jaxer.request.documentRoot, Jaxer.request.pageFile] = C:/Users/USER/Documents/Aptana Jaxer/public,C:/Users/USER/Documents/Aptana Jaxer/jaxer/aptana/index.html")
  ->  [HandleCallback.js:158] onHandleCallback([object XPCWrappedNative_NoHelper],[object HTMLDocument])
  ->  [CoreEvents.js:293] fireEvent("HANDLE_CALLBACK",[object Array])
  ->  [CoreEvents.js:220] fire("PARSE_COMPLETE",[object XPCWrappedNative_NoHelper],[object HTMLDocument])
  ->  [aptEventHandler.js:337] observe([object XPCWrappedNative_NoHelper],"jaxerEvent.HTMLParseComplete",null)
paths:
  -> file:///E:/Aptana%20Jaxer%20Apache/Jaxer/Apache2-4Build/jaxer/framework/src/ModuleLogger.js
  -> file:///E:/Aptana%20Jaxer%20Apache/Jaxer/Apache2-4Build/jaxer/framework/src/HandleCallback.js
  -> file:///E:/Aptana%20Jaxer%20Apache/Jaxer/Apache2-4Build/jaxer/framework/src/CoreEvents.js
  -> file:///E:/Aptana%20Jaxer%20Apache/Jaxer/Apache2-4Build/jaxer/components/aptEventHandler.js

01:12:54 12/24/2025 [ 15324] [DEBUG] [JS Framework] [CallbackManager.getCachedCallbackPage] Retrieving cached page using key = -1466595846::localhost:8081/aptana/
stack:
  ->  [ModuleLogger.js:98] debug("Retrieving cached page using key = -1466595846::localhost:8081/aptana/")
  ->  [CallbackManager.js:301] getCachedCallbackPage("localhost:8081/aptana/","-1466595846")
  ->  [HandleCallback.js:184] onHandleCallback([object XPCWrappedNative_NoHelper],[object HTMLDocument])
  ->  [CoreEvents.js:293] fireEvent("HANDLE_CALLBACK",[object Array])
  ->  [CoreEvents.js:220] fire("PARSE_COMPLETE",[object XPCWrappedNative_NoHelper],[object HTMLDocument])
  ->  [aptEventHandler.js:337] observe([object XPCWrappedNative_NoHelper],"jaxerEvent.HTMLParseComplete",null)
paths:
  -> file:///E:/Aptana%20Jaxer%20Apache/Jaxer/Apache2-4Build/jaxer/framework/src/ModuleLogger.js
  -> file:///E:/Aptana%20Jaxer%20Apache/Jaxer/Apache2-4Build/jaxer/framework/src/CallbackManager.js
  -> file:///E:/Aptana%20Jaxer%20Apache/Jaxer/Apache2-4Build/jaxer/framework/src/HandleCallback.js
  -> file:///E:/Aptana%20Jaxer%20Apache/Jaxer/Apache2-4Build/jaxer/framework/src/CoreEvents.js
  -> file:///E:/Aptana%20Jaxer%20Apache/Jaxer/Apache2-4Build/jaxer/components/aptEventHandler.js

01:12:54 12/24/2025 [ 15324] [TRACE] [JS Framework] [HandleCallback.onHandleCallback] Evaluating: /* callback.js */
Jaxer._autoload([]);
$A = this.$A = function $A(iterable) {
    if (!iterable) {
        return [];
    }
    if (iterable.toArray) {
        return iterable.toArray();
    }
    var length = iterable.length || 0, results = new Array(length);
    while (length--) {
        results[length] = iterable[length];
    }
    return results;
};
$w = this.$w = function $w(string) {
    if (!Object.isString(string)) {
        return [];
    }
    string = string.strip();
    return string ? string.split(/\s+/) : [];
};
$H = this.$H = function $H(object) {
    return new Hash(object);
};
$ = this.$ = function $(element) {
    if (arguments.length > 1) {
        for (var i = 0, elements = [], length = arguments.length; i < length; i++) {
            elements.push($(arguments[i]));
        }
        return elements;
    }
    if (Object.isString(element)) {
        element = document.getElementById(element);
    }
    return Element.extend(element);
};
$$ = this.$$ = function $$() {
    return Selector.findChildElements(document, $A(arguments));
};
parseBuildNumber = this.parseBuildNumber = function parseBuildNumber(content) {
    return parseFloat(content.replace(/"|\x0A|\x0D/g, "").replace(/[^0123456789]/g, ""));
};
fetchCurrentBuildNumber = this.fetchCurrentBuildNumber = function fetchCurrentBuildNumber() {
    var platform = Jaxer.request.OS;
    var platforms = {WINNT: "win32", Darwin: "mac", Linux: "ubu32", SunOS: "ubu32"};
    var target = platforms[platform];
    var buildVal = parseBuildNumber(Jaxer.buildNumber);
    var xhrOptions = new (Jaxer.XHR.SendOptions);
    xhrOptions.cacheBuster = false;
    xhrOptions.timeout = 0;
    xhrOptions.headers = null;
    xhrOptions.onreadytosend = null;
    xhrOptions.onfinished = null;
    xhrOptions.getTransport = Jaxer.XHR.getTransport;
    xhrOptions.method = "GET";
    xhrOptions.async = false;
    xhrOptions.url = "http://update.aptana.com/update/jaxer/" + target + "/version.txt?" + Jaxer.buildNumber;
    xhrOptions.onsuccess = null;
    xhrOptions.onfailure = null;
    var result = Jaxer.XHR.send("", xhrOptions);
    var latestBuildNumber = result.replace(/[^\.0123456789]/g, "");
    var latest = parseBuildNumber(result);
    if (latest > buildVal) {
        return "&nbsp;<a href='http://www.aptana.com/jaxer/download'>Upgrade Available (" + latestBuildNumber + ")</a>";
    }
    if (latest == 0) {
        return false;
    }
    return false;
};
fetchCurrentBuildNumber.proxy = true;
stack:
  ->  [ModuleLogger.js:98] trace("Evaluating: /* callback.js */\nJaxer._autoload([]);\n$A = this.$A = function $A(iterable) {\n    if (!iterable) {\n        return [];\n    }\n    if (iterable.toArray) {\n        return iterable.toArray();\n    }\n    var length = iterable.length || 0, results = new Array(length);\n    while (length--) {\n        results[length] = iterable[length];\n    }\n    return results;\n};\n$w = this.$w = function $w(string) {\n    if (!Object.isString(string)) {\n        return [];\n    }\n    string = string.strip();\n    return string ? string.split(/\\s+/) : [];\n};\n$H = this.$H = function $H(object) {\n    return new Hash(object);\n};\n$ = this.$ = function $(element) {\n    if (arguments.length > 1) {\n        for (var i = 0, elements = [], length = arguments.length; i < length; i++) {\n            elements.push($(arguments[i]));\n        }\n        return elements;\n    }\n    if (Object.isString(element)) {\n        element = document.getElementById(element);\n    }\n    return Element.extend(element);\n};\n$$ = this.$$ = function $$() {\n    return Selector.findChildElements(document, $A(arguments));\n};\nparseBuildNumber = this.parseBuildNumber = function parseBuildNumber(content) {\n    return parseFloat(content.replace(/\"|\\x0A|\\x0D/g, \"\").replace(/[^0123456789]/g, \"\"));\n};\nfetchCurrentBuildNumber = this.fetchCurrentBuildNumber = function fetchCurrentBuildNumber() {\n    var platform = Jaxer.request.OS;\n    var platforms = {WINNT: \"win32\", Darwin: \"mac\", Linux: \"ubu32\", SunOS: \"ubu32\"};\n    var target = platforms[platform];\n    var buildVal = parseBuildNumber(Jaxer.buildNumber);\n    var xhrOptions = new (Jaxer.XHR.SendOptions);\n    xhrOptions.cacheBuster = false;\n    xhrOptions.timeout = 0;\n    xhrOptions.headers = null;\n    xhrOptions.onreadytosend = null;\n    xhrOptions.onfinished = null;\n    xhrOptions.getTransport = Jaxer.XHR.getTransport;\n    xhrOptions.method = \"GET\";\n    xhrOptions.async = false;\n    xhrOptions.url = \"http://update.aptana.com/update/jaxer/\" + target + \"/version.txt?\" + Jaxer.buildNumber;\n    xhrOptions.onsuccess = null;\n    xhrOptions.onfailure = null;\n    var result = Jaxer.XHR.send(\"\", xhrOptions);\n    var latestBuildNumber = result.replace(/[^\\.0123456789]/g, \"\");\n    var latest = parseBuildNumber(result);\n    if (latest > buildVal) {\n        return \"&nbsp;<a href='http://www.aptana.com/jaxer/download'>Upgrade Available (\" + latestBuildNumber + \")</a>\";\n    }\n    if (latest == 0) {\n        return false;\n    }\n    return false;\n};\nfetchCurrentBuildNumber.proxy = true;")
  ->  [HandleCallback.js:187] onHandleCallback([object XPCWrappedNative_NoHelper],[object HTMLDocument])
  ->  [CoreEvents.js:293] fireEvent("HANDLE_CALLBACK",[object Array])
  ->  [CoreEvents.js:220] fire("PARSE_COMPLETE",[object XPCWrappedNative_NoHelper],[object HTMLDocument])
  ->  [aptEventHandler.js:337] observe([object XPCWrappedNative_NoHelper],"jaxerEvent.HTMLParseComplete",null)
paths:
  -> file:///E:/Aptana%20Jaxer%20Apache/Jaxer/Apache2-4Build/jaxer/framework/src/ModuleLogger.js
  -> file:///E:/Aptana%20Jaxer%20Apache/Jaxer/Apache2-4Build/jaxer/framework/src/HandleCallback.js
  -> file:///E:/Aptana%20Jaxer%20Apache/Jaxer/Apache2-4Build/jaxer/framework/src/CoreEvents.js
  -> file:///E:/Aptana%20Jaxer%20Apache/Jaxer/Apache2-4Build/jaxer/components/aptEventHandler.js

01:12:54 12/24/2025 [ 15324] [TRACE] [JS Framework] [Includer.evalOn] Evaluating using Jaxer.request.evaluateScript: contents = /* callbac... with global = [object ChromeWindow] and effectiveUrl = undefined
stack:
  ->  [ModuleLogger.js:98] trace("Evaluating using Jaxer.request.evaluateScript: contents = /* callbac... with global = [object ChromeWindow] and effectiveUrl = undefined")
  ->  [Includer.js:131] evalOn("/* callback.js */\nJaxer._autoload([]);\n$A = this.$A = function $A(iterable) {\n    if (!iterable) {\n        return [];\n    }\n    if (iterable.toArray) {\n        return iterable.toArray();\n    }\n    var length = iterable.length || 0, results = new Array(length);\n    while (length--) {\n        results[length] = iterable[length];\n    }\n    return results;\n};\n$w = this.$w = function $w(string) {\n    if (!Object.isString(string)) {\n        return [];\n    }\n    string = string.strip();\n    return string ? string.split(/\\s+/) : [];\n};\n$H = this.$H = function $H(object) {\n    return new Hash(object);\n};\n$ = this.$ = function $(element) {\n    if (arguments.length > 1) {\n        for (var i = 0, elements = [], length = arguments.length; i < length; i++) {\n            elements.push($(arguments[i]));\n        }\n        return elements;\n    }\n    if (Object.isString(element)) {\n        element = document.getElementById(element);\n    }\n    return Element.extend(element);\n};\n$$ = this.$$ = function $$() {\n    return Selector.findChildElements(document, $A(arguments));\n};\nparseBuildNumber = this.parseBuildNumber = function parseBuildNumber(content) {\n    return parseFloat(content.replace(/\"|\\x0A|\\x0D/g, \"\").replace(/[^0123456789]/g, \"\"));\n};\nfetchCurrentBuildNumber = this.fetchCurrentBuildNumber = function fetchCurrentBuildNumber() {\n    var platform = Jaxer.request.OS;\n    var platforms = {WINNT: \"win32\", Darwin: \"mac\", Linux: \"ubu32\", SunOS: \"ubu32\"};\n    var target = platforms[platform];\n    var buildVal = parseBuildNumber(Jaxer.buildNumber);\n    var xhrOptions = new (Jaxer.XHR.SendOptions);\n    xhrOptions.cacheBuster = false;\n    xhrOptions.timeout = 0;\n    xhrOptions.headers = null;\n    xhrOptions.onreadytosend = null;\n    xhrOptions.onfinished = null;\n    xhrOptions.getTransport = Jaxer.XHR.getTransport;\n    xhrOptions.method = \"GET\";\n    xhrOptions.async = false;\n    xhrOptions.url = \"http://update.aptana.com/update/jaxer/\" + target + \"/version.txt?\" + Jaxer.buildNumber;\n    xhrOptions.onsuccess = null;\n    xhrOptions.onfailure = null;\n    var result = Jaxer.XHR.send(\"\", xhrOptions);\n    var latestBuildNumber = result.replace(/[^\\.0123456789]/g, \"\");\n    var latest = parseBuildNumber(result);\n    if (latest > buildVal) {\n        return \"&nbsp;<a href='http://www.aptana.com/jaxer/download'>Upgrade Available (\" + latestBuildNumber + \")</a>\";\n    }\n    if (latest == 0) {\n        return false;\n    }\n    return false;\n};\nfetchCurrentBuildNumber.proxy = true;",[object ChromeWindow])
  ->  [HandleCallback.js:188] onHandleCallback([object XPCWrappedNative_NoHelper],[object HTMLDocument])
  ->  [CoreEvents.js:293] fireEvent("HANDLE_CALLBACK",[object Array])
  ->  [CoreEvents.js:220] fire("PARSE_COMPLETE",[object XPCWrappedNative_NoHelper],[object HTMLDocument])
  ->  [aptEventHandler.js:337] observe([object XPCWrappedNative_NoHelper],"jaxerEvent.HTMLParseComplete",null)
paths:
  -> file:///E:/Aptana%20Jaxer%20Apache/Jaxer/Apache2-4Build/jaxer/framework/src/ModuleLogger.js
  -> file:///E:/Aptana%20Jaxer%20Apache/Jaxer/Apache2-4Build/jaxer/framework/src/Includer.js
  -> file:///E:/Aptana%20Jaxer%20Apache/Jaxer/Apache2-4Build/jaxer/framework/src/HandleCallback.js
  -> file:///E:/Aptana%20Jaxer%20Apache/Jaxer/Apache2-4Build/jaxer/framework/src/CoreEvents.js
  -> file:///E:/Aptana%20Jaxer%20Apache/Jaxer/Apache2-4Build/jaxer/components/aptEventHandler.js

01:12:54 12/24/2025 [ 15324] [DEBUG] [JS Framework] [HandleCallback._autoload] Restoring autoloads: 
stack:
  ->  [ModuleLogger.js:98] debug("Restoring autoloads: ")
  ->  [HandleCallback.js:162] _autoload([object Array])
  ->  [\nJaxer._autoload([]);\n$A = this.$A = functi...:2] <no name>
paths:
  -> file:///E:/Aptana%20Jaxer%20Apache/Jaxer/Apache2-4Build/jaxer/framework/src/ModuleLogger.js
  -> file:///E:/Aptana%20Jaxer%20Apache/Jaxer/Apache2-4Build/jaxer/framework/src/HandleCallback.js
  -> javascript:/* callback.js */\nJaxer._autoload([]);\n$A = this.$A = functi...

01:12:54 12/24/2025 [ 15324] [TRACE] [JS Framework] [HandleCallback.onHandleCallback] Updating access count to 63
stack:
  ->  [ModuleLogger.js:98] trace("Updating access count to 63")
  ->  [HandleCallback.js:197] onHandleCallback([object XPCWrappedNative_NoHelper],[object HTMLDocument])
  ->  [CoreEvents.js:293] fireEvent("HANDLE_CALLBACK",[object Array])
  ->  [CoreEvents.js:220] fire("PARSE_COMPLETE",[object XPCWrappedNative_NoHelper],[object HTMLDocument])
  ->  [aptEventHandler.js:337] observe([object XPCWrappedNative_NoHelper],"jaxerEvent.HTMLParseComplete",null)
paths:
  -> file:///E:/Aptana%20Jaxer%20Apache/Jaxer/Apache2-4Build/jaxer/framework/src/ModuleLogger.js
  -> file:///E:/Aptana%20Jaxer%20Apache/Jaxer/Apache2-4Build/jaxer/framework/src/HandleCallback.js
  -> file:///E:/Aptana%20Jaxer%20Apache/Jaxer/Apache2-4Build/jaxer/framework/src/CoreEvents.js
  -> file:///E:/Aptana%20Jaxer%20Apache/Jaxer/Apache2-4Build/jaxer/components/aptEventHandler.js

01:12:54 12/24/2025 [ 15324] [TRACE] [JS Framework] [DB.SQLite.execute] Starting execute
stack:
  ->  [ModuleLogger.js:98] trace("Starting execute")
  ->  [DB_SQLite.js:302] execute("UPDATE callback_page SET access_datetime=?, access_count=? WHERE name=? AND crc32=?",[object Array])
  ->  [DB.js:181] anonymous("UPDATE callback_page SET access_datetime=?, access_count=? WHERE name=? AND crc32=?",[object Array])
  ->  [HandleCallback.js:202] onHandleCallback([object XPCWrappedNative_NoHelper],[object HTMLDocument])
  ->  [CoreEvents.js:293] fireEvent("HANDLE_CALLBACK",[object Array])
  ->  [CoreEvents.js:220] fire("PARSE_COMPLETE",[object XPCWrappedNative_NoHelper],[object HTMLDocument])
  ->  [aptEventHandler.js:337] observe([object XPCWrappedNative_NoHelper],"jaxerEvent.HTMLParseComplete",null)
paths:
  -> file:///E:/Aptana%20Jaxer%20Apache/Jaxer/Apache2-4Build/jaxer/framework/src/ModuleLogger.js
  -> file:///E:/Aptana%20Jaxer%20Apache/Jaxer/Apache2-4Build/jaxer/framework/src/DB_SQLite.js
  -> file:///E:/Aptana%20Jaxer%20Apache/Jaxer/Apache2-4Build/jaxer/framework/src/DB.js
  -> file:///E:/Aptana%20Jaxer%20Apache/Jaxer/Apache2-4Build/jaxer/framework/src/HandleCallback.js
  -> file:///E:/Aptana%20Jaxer%20Apache/Jaxer/Apache2-4Build/jaxer/framework/src/CoreEvents.js
  -> file:///E:/Aptana%20Jaxer%20Apache/Jaxer/Apache2-4Build/jaxer/components/aptEventHandler.js

01:12:54 12/24/2025 [ 15324] [TRACE] [JS Framework] [DB.SQLite.bindAndExecute] Binding statement UPDATE callback_page SET access_datetime=?, access_count=? WHERE name=? AND crc32=?
with params: Wed Dec 24 2025 01:12:54 GMT+1000,63,localhost:8081/aptana/,-1466595846
stack:
  ->  [ModuleLogger.js:98] trace("Binding statement UPDATE callback_page SET access_datetime=?, access_count=? WHERE name=? AND crc32=?\nwith params: Wed Dec 24 2025 01:12:54 GMT+1000,63,localhost:8081/aptana/,-1466595846")
  ->  [DB_SQLite.js:512] bindAndExecute([object Object],[object XPCWrappedNative_NoHelper],"UPDATE callback_page SET access_datetime=?, access_count=? WHERE name=? AND crc32=?",[object Array],null,[object Object])
  ->  [DB_SQLite.js:464] executeOneWithStatement([object Array],0,[object Array])
  ->  [DB_SQLite.js:456] executeWithStatement([object Object],"UPDATE callback_page SET access_datetime=?, access_count=? WHERE name=? AND crc32=?",[object Array],[object Object])
  ->  [DB_SQLite.js:312] execute("UPDATE callback_page SET access_datetime=?, access_count=? WHERE name=? AND crc32=?",[object Array])
  ->  [DB.js:181] anonymous("UPDATE callback_page SET access_datetime=?, access_count=? WHERE name=? AND crc32=?",[object Array])
  ->  [HandleCallback.js:202] onHandleCallback([object XPCWrappedNative_NoHelper],[object HTMLDocument])
  ->  [CoreEvents.js:293] fireEvent("HANDLE_CALLBACK",[object Array])
  ->  [CoreEvents.js:220] fire("PARSE_COMPLETE",[object XPCWrappedNative_NoHelper],[object HTMLDocument])
  ->  [aptEventHandler.js:337] observe([object XPCWrappedNative_NoHelper],"jaxerEvent.HTMLParseComplete",null)
paths:
  -> file:///E:/Aptana%20Jaxer%20Apache/Jaxer/Apache2-4Build/jaxer/framework/src/ModuleLogger.js
  -> file:///E:/Aptana%20Jaxer%20Apache/Jaxer/Apache2-4Build/jaxer/framework/src/DB_SQLite.js
  -> file:///E:/Aptana%20Jaxer%20Apache/Jaxer/Apache2-4Build/jaxer/framework/src/DB.js
  -> file:///E:/Aptana%20Jaxer%20Apache/Jaxer/Apache2-4Build/jaxer/framework/src/HandleCallback.js
  -> file:///E:/Aptana%20Jaxer%20Apache/Jaxer/Apache2-4Build/jaxer/framework/src/CoreEvents.js
  -> file:///E:/Aptana%20Jaxer%20Apache/Jaxer/Apache2-4Build/jaxer/components/aptEventHandler.js

01:12:54 12/24/2025 [ 15324] [TRACE] [JS Framework] [DB.SQLite.bindAndExecute] Tried 1 time(s) in 9 ms to execute statement on SQLite database file E:\Aptana Jaxer Apache\Jaxer\Apache2-4Build\jaxer\..\local_jaxer\conf\..\data\frameworkdata.sqlite
stack:
  ->  [ModuleLogger.js:98] trace("Tried 1 time(s) in 9 ms to execute statement on SQLite database file E:\\Aptana Jaxer Apache\\Jaxer\\Apache2-4Build\\jaxer\\..\\local_jaxer\\conf\\..\\data\\frameworkdata.sqlite")
  ->  [DB_SQLite.js:606] bindAndExecute([object Object],[object XPCWrappedNative_NoHelper],"UPDATE callback_page SET access_datetime=?, access_count=? WHERE name=? AND crc32=?",[object Array],null,[object Object])
  ->  [DB_SQLite.js:464] executeOneWithStatement([object Array],0,[object Array])
  ->  [DB_SQLite.js:456] executeWithStatement([object Object],"UPDATE callback_page SET access_datetime=?, access_count=? WHERE name=? AND crc32=?",[object Array],[object Object])
  ->  [DB_SQLite.js:312] execute("UPDATE callback_page SET access_datetime=?, access_count=? WHERE name=? AND crc32=?",[object Array])
  ->  [DB.js:181] anonymous("UPDATE callback_page SET access_datetime=?, access_count=? WHERE name=? AND crc32=?",[object Array])
  ->  [HandleCallback.js:202] onHandleCallback([object XPCWrappedNative_NoHelper],[object HTMLDocument])
  ->  [CoreEvents.js:293] fireEvent("HANDLE_CALLBACK",[object Array])
  ->  [CoreEvents.js:220] fire("PARSE_COMPLETE",[object XPCWrappedNative_NoHelper],[object HTMLDocument])
  ->  [aptEventHandler.js:337] observe([object XPCWrappedNative_NoHelper],"jaxerEvent.HTMLParseComplete",null)
paths:
  -> file:///E:/Aptana%20Jaxer%20Apache/Jaxer/Apache2-4Build/jaxer/framework/src/ModuleLogger.js
  -> file:///E:/Aptana%20Jaxer%20Apache/Jaxer/Apache2-4Build/jaxer/framework/src/DB_SQLite.js
  -> file:///E:/Aptana%20Jaxer%20Apache/Jaxer/Apache2-4Build/jaxer/framework/src/DB.js
  -> file:///E:/Aptana%20Jaxer%20Apache/Jaxer/Apache2-4Build/jaxer/framework/src/HandleCallback.js
  -> file:///E:/Aptana%20Jaxer%20Apache/Jaxer/Apache2-4Build/jaxer/framework/src/CoreEvents.js
  -> file:///E:/Aptana%20Jaxer%20Apache/Jaxer/Apache2-4Build/jaxer/components/aptEventHandler.js

01:12:54 12/24/2025 [ 15324] [TRACE] [JS Framework] [DB.SQLite.executeWithStatement] Closing statement
stack:
  ->  [ModuleLogger.js:98] trace("Closing statement")
  ->  [DB_SQLite.js:484] executeWithStatement([object Object],"UPDATE callback_page SET access_datetime=?, access_count=? WHERE name=? AND crc32=?",[object Array],[object Object])
  ->  [DB_SQLite.js:312] execute("UPDATE callback_page SET access_datetime=?, access_count=? WHERE name=? AND crc32=?",[object Array])
  ->  [DB.js:181] anonymous("UPDATE callback_page SET access_datetime=?, access_count=? WHERE name=? AND crc32=?",[object Array])
  ->  [HandleCallback.js:202] onHandleCallback([object XPCWrappedNative_NoHelper],[object HTMLDocument])
  ->  [CoreEvents.js:293] fireEvent("HANDLE_CALLBACK",[object Array])
  ->  [CoreEvents.js:220] fire("PARSE_COMPLETE",[object XPCWrappedNative_NoHelper],[object HTMLDocument])
  ->  [aptEventHandler.js:337] observe([object XPCWrappedNative_NoHelper],"jaxerEvent.HTMLParseComplete",null)
paths:
  -> file:///E:/Aptana%20Jaxer%20Apache/Jaxer/Apache2-4Build/jaxer/framework/src/ModuleLogger.js
  -> file:///E:/Aptana%20Jaxer%20Apache/Jaxer/Apache2-4Build/jaxer/framework/src/DB_SQLite.js
  -> file:///E:/Aptana%20Jaxer%20Apache/Jaxer/Apache2-4Build/jaxer/framework/src/DB.js
  -> file:///E:/Aptana%20Jaxer%20Apache/Jaxer/Apache2-4Build/jaxer/framework/src/HandleCallback.js
  -> file:///E:/Aptana%20Jaxer%20Apache/Jaxer/Apache2-4Build/jaxer/framework/src/CoreEvents.js
  -> file:///E:/Aptana%20Jaxer%20Apache/Jaxer/Apache2-4Build/jaxer/components/aptEventHandler.js

01:12:54 12/24/2025 [ 15324] [TRACE] [JS Framework] [DB.SQLite.executeWithStatement] Resetting and finalizing statement
stack:
  ->  [ModuleLogger.js:98] trace("Resetting and finalizing statement")
  ->  [DB_SQLite.js:487] executeWithStatement([object Object],"UPDATE callback_page SET access_datetime=?, access_count=? WHERE name=? AND crc32=?",[object Array],[object Object])
  ->  [DB_SQLite.js:312] execute("UPDATE callback_page SET access_datetime=?, access_count=? WHERE name=? AND crc32=?",[object Array])
  ->  [DB.js:181] anonymous("UPDATE callback_page SET access_datetime=?, access_count=? WHERE name=? AND crc32=?",[object Array])
  ->  [HandleCallback.js:202] onHandleCallback([object XPCWrappedNative_NoHelper],[object HTMLDocument])
  ->  [CoreEvents.js:293] fireEvent("HANDLE_CALLBACK",[object Array])
  ->  [CoreEvents.js:220] fire("PARSE_COMPLETE",[object XPCWrappedNative_NoHelper],[object HTMLDocument])
  ->  [aptEventHandler.js:337] observe([object XPCWrappedNative_NoHelper],"jaxerEvent.HTMLParseComplete",null)
paths:
  -> file:///E:/Aptana%20Jaxer%20Apache/Jaxer/Apache2-4Build/jaxer/framework/src/ModuleLogger.js
  -> file:///E:/Aptana%20Jaxer%20Apache/Jaxer/Apache2-4Build/jaxer/framework/src/DB_SQLite.js
  -> file:///E:/Aptana%20Jaxer%20Apache/Jaxer/Apache2-4Build/jaxer/framework/src/DB.js
  -> file:///E:/Aptana%20Jaxer%20Apache/Jaxer/Apache2-4Build/jaxer/framework/src/HandleCallback.js
  -> file:///E:/Aptana%20Jaxer%20Apache/Jaxer/Apache2-4Build/jaxer/framework/src/CoreEvents.js
  -> file:///E:/Aptana%20Jaxer%20Apache/Jaxer/Apache2-4Build/jaxer/components/aptEventHandler.js

01:12:54 12/24/2025 [ 15324] [TRACE] [JS Framework] [DB.SQLite.execute] Finished executing
stack:
  ->  [ModuleLogger.js:98] trace("Finished executing")
  ->  [DB_SQLite.js:338] execute("UPDATE callback_page SET access_datetime=?, access_count=? WHERE name=? AND crc32=?",[object Array])
  ->  [DB.js:181] anonymous("UPDATE callback_page SET access_datetime=?, access_count=? WHERE name=? AND crc32=?",[object Array])
  ->  [HandleCallback.js:202] onHandleCallback([object XPCWrappedNative_NoHelper],[object HTMLDocument])
  ->  [CoreEvents.js:293] fireEvent("HANDLE_CALLBACK",[object Array])
  ->  [CoreEvents.js:220] fire("PARSE_COMPLETE",[object XPCWrappedNative_NoHelper],[object HTMLDocument])
  ->  [aptEventHandler.js:337] observe([object XPCWrappedNative_NoHelper],"jaxerEvent.HTMLParseComplete",null)
paths:
  -> file:///E:/Aptana%20Jaxer%20Apache/Jaxer/Apache2-4Build/jaxer/framework/src/ModuleLogger.js
  -> file:///E:/Aptana%20Jaxer%20Apache/Jaxer/Apache2-4Build/jaxer/framework/src/DB_SQLite.js
  -> file:///E:/Aptana%20Jaxer%20Apache/Jaxer/Apache2-4Build/jaxer/framework/src/DB.js
  -> file:///E:/Aptana%20Jaxer%20Apache/Jaxer/Apache2-4Build/jaxer/framework/src/HandleCallback.js
  -> file:///E:/Aptana%20Jaxer%20Apache/Jaxer/Apache2-4Build/jaxer/framework/src/CoreEvents.js
  -> file:///E:/Aptana%20Jaxer%20Apache/Jaxer/Apache2-4Build/jaxer/components/aptEventHandler.js

01:12:54 12/24/2025 [ 15324] [DEBUG] [JS Framework] [HandleCallback.onHandleCallback] About to execute: fetchCurrentBuildNumber with 0 arguments
stack:
  ->  [ModuleLogger.js:98] debug("About to execute: fetchCurrentBuildNumber with 0 arguments")
  ->  [HandleCallback.js:231] onHandleCallback([object XPCWrappedNative_NoHelper],[object HTMLDocument])
  ->  [CoreEvents.js:293] fireEvent("HANDLE_CALLBACK",[object Array])
  ->  [CoreEvents.js:220] fire("PARSE_COMPLETE",[object XPCWrappedNative_NoHelper],[object HTMLDocument])
  ->  [aptEventHandler.js:337] observe([object XPCWrappedNative_NoHelper],"jaxerEvent.HTMLParseComplete",null)
paths:
  -> file:///E:/Aptana%20Jaxer%20Apache/Jaxer/Apache2-4Build/jaxer/framework/src/ModuleLogger.js
  -> file:///E:/Aptana%20Jaxer%20Apache/Jaxer/Apache2-4Build/jaxer/framework/src/HandleCallback.js
  -> file:///E:/Aptana%20Jaxer%20Apache/Jaxer/Apache2-4Build/jaxer/framework/src/CoreEvents.js
  -> file:///E:/Aptana%20Jaxer%20Apache/Jaxer/Apache2-4Build/jaxer/components/aptEventHandler.js

01:12:54 12/24/2025 [ 15324] [TRACE] [JS Framework] [HandleCallback.onHandleCallback] Arguments: []
stack:
  ->  [ModuleLogger.js:98] trace("Arguments: []")
  ->  [HandleCallback.js:232] onHandleCallback([object XPCWrappedNative_NoHelper],[object HTMLDocument])
  ->  [CoreEvents.js:293] fireEvent("HANDLE_CALLBACK",[object Array])
  ->  [CoreEvents.js:220] fire("PARSE_COMPLETE",[object XPCWrappedNative_NoHelper],[object HTMLDocument])
  ->  [aptEventHandler.js:337] observe([object XPCWrappedNative_NoHelper],"jaxerEvent.HTMLParseComplete",null)
paths:
  -> file:///E:/Aptana%20Jaxer%20Apache/Jaxer/Apache2-4Build/jaxer/framework/src/ModuleLogger.js
  -> file:///E:/Aptana%20Jaxer%20Apache/Jaxer/Apache2-4Build/jaxer/framework/src/HandleCallback.js
  -> file:///E:/Aptana%20Jaxer%20Apache/Jaxer/Apache2-4Build/jaxer/framework/src/CoreEvents.js
  -> file:///E:/Aptana%20Jaxer%20Apache/Jaxer/Apache2-4Build/jaxer/components/aptEventHandler.js

01:12:54 12/24/2025 [ 15324] [TRACE] [JS Framework] [XHR.send] Sending synchronous GET request to url http://update.aptana.com/update/jaxer/win32/version.txt?1.0.3.4547 with no data
stack:
  ->  [ModuleLogger.js:98] trace("Sending synchronous GET request to url http://update.aptana.com/update/jaxer/win32/version.txt?1.0.3.4547 with no data")
  ->  [XHR.js:522] send("",[object Object])
  ->  [\nJaxer._autoload([]);\n$A = this.$A = functi...:61] fetchCurrentBuildNumber()
  ->  [HandleCallback.js:233] onHandleCallback([object XPCWrappedNative_NoHelper],[object HTMLDocument])
  ->  [CoreEvents.js:293] fireEvent("HANDLE_CALLBACK",[object Array])
  ->  [CoreEvents.js:220] fire("PARSE_COMPLETE",[object XPCWrappedNative_NoHelper],[object HTMLDocument])
  ->  [aptEventHandler.js:337] observe([object XPCWrappedNative_NoHelper],"jaxerEvent.HTMLParseComplete",null)
paths:
  -> file:///E:/Aptana%20Jaxer%20Apache/Jaxer/Apache2-4Build/jaxer/framework/src/ModuleLogger.js
  -> file:///E:/Aptana%20Jaxer%20Apache/Jaxer/Apache2-4Build/jaxer/framework/src/XHR.js
  -> javascript:/* callback.js */\nJaxer._autoload([]);\n$A = this.$A = functi...
  -> file:///E:/Aptana%20Jaxer%20Apache/Jaxer/Apache2-4Build/jaxer/framework/src/HandleCallback.js
  -> file:///E:/Aptana%20Jaxer%20Apache/Jaxer/Apache2-4Build/jaxer/framework/src/CoreEvents.js
  -> file:///E:/Aptana%20Jaxer%20Apache/Jaxer/Apache2-4Build/jaxer/components/aptEventHandler.js

01:12:54 12/24/2025 [ 15324] [TRACE] [JS Framework] [XHR.send] Sent
stack:
  ->  [ModuleLogger.js:98] trace("Sent")
  ->  [XHR.js:524] send("",[object Object])
  ->  [\nJaxer._autoload([]);\n$A = this.$A = functi...:61] fetchCurrentBuildNumber()
  ->  [HandleCallback.js:233] onHandleCallback([object XPCWrappedNative_NoHelper],[object HTMLDocument])
  ->  [CoreEvents.js:293] fireEvent("HANDLE_CALLBACK",[object Array])
  ->  [CoreEvents.js:220] fire("PARSE_COMPLETE",[object XPCWrappedNative_NoHelper],[object HTMLDocument])
  ->  [aptEventHandler.js:337] observe([object XPCWrappedNative_NoHelper],"jaxerEvent.HTMLParseComplete",null)
paths:
  -> file:///E:/Aptana%20Jaxer%20Apache/Jaxer/Apache2-4Build/jaxer/framework/src/ModuleLogger.js
  -> file:///E:/Aptana%20Jaxer%20Apache/Jaxer/Apache2-4Build/jaxer/framework/src/XHR.js
  -> javascript:/* callback.js */\nJaxer._autoload([]);\n$A = this.$A = functi...
  -> file:///E:/Aptana%20Jaxer%20Apache/Jaxer/Apache2-4Build/jaxer/framework/src/HandleCallback.js
  -> file:///E:/Aptana%20Jaxer%20Apache/Jaxer/Apache2-4Build/jaxer/framework/src/CoreEvents.js
  -> file:///E:/Aptana%20Jaxer%20Apache/Jaxer/Apache2-4Build/jaxer/components/aptEventHandler.js

01:12:54 12/24/2025 [ 15324] [TRACE] [JS Framework] [XHR.finish] Synchronous request to url http://update.aptana.com/update/jaxer/win32/version.txt?1.0.3.4547 failed
stack:
  ->  [ModuleLogger.js:98] trace("Synchronous request to url http://update.aptana.com/update/jaxer/win32/version.txt?1.0.3.4547 failed")
  ->  [XHR.js:460] finish(false)
  ->  [XHR.js:533] send("",[object Object])
  ->  [\nJaxer._autoload([]);\n$A = this.$A = functi...:61] fetchCurrentBuildNumber()
  ->  [HandleCallback.js:233] onHandleCallback([object XPCWrappedNative_NoHelper],[object HTMLDocument])
  ->  [CoreEvents.js:293] fireEvent("HANDLE_CALLBACK",[object Array])
  ->  [CoreEvents.js:220] fire("PARSE_COMPLETE",[object XPCWrappedNative_NoHelper],[object HTMLDocument])
  ->  [aptEventHandler.js:337] observe([object XPCWrappedNative_NoHelper],"jaxerEvent.HTMLParseComplete",null)
paths:
  -> file:///E:/Aptana%20Jaxer%20Apache/Jaxer/Apache2-4Build/jaxer/framework/src/ModuleLogger.js
  -> file:///E:/Aptana%20Jaxer%20Apache/Jaxer/Apache2-4Build/jaxer/framework/src/XHR.js
  -> javascript:/* callback.js */\nJaxer._autoload([]);\n$A = this.$A = functi...
  -> file:///E:/Aptana%20Jaxer%20Apache/Jaxer/Apache2-4Build/jaxer/framework/src/HandleCallback.js
  -> file:///E:/Aptana%20Jaxer%20Apache/Jaxer/Apache2-4Build/jaxer/framework/src/CoreEvents.js
  -> file:///E:/Aptana%20Jaxer%20Apache/Jaxer/Apache2-4Build/jaxer/components/aptEventHandler.js

01:12:54 12/24/2025 [ 15324] [ERROR] [JS Framework] [framework.onHandleCallback] Synchronous request to url http://update.aptana.com/update/jaxer/win32/version.txt?1.0.3.4547 failed
Error : [aptEventHandler.js:337]
Synchronous request to url http://update.aptana.com/update/jaxer/win32/version.txt?1.0.3.4547 failed
stack:
  ->  [ModuleLogger.js:98] error("Synchronous request to url http://update.aptana.com/update/jaxer/win32/version.txt?1.0.3.4547 failed\nError : [aptEventHandler.js:337]\nSynchronous request to url http://update.aptana.com/update/jaxer/win32/version.txt?1.0.3.4547 failed",null,onHandleCallback)
  ->  [Exception.js:117] Exception([object Error])
  ->  [HandleCallback.js:274] onHandleCallback([object XPCWrappedNative_NoHelper],[object HTMLDocument])
  ->  [CoreEvents.js:293] fireEvent("HANDLE_CALLBACK",[object Array])
  ->  [CoreEvents.js:220] fire("PARSE_COMPLETE",[object XPCWrappedNative_NoHelper],[object HTMLDocument])
  ->  [aptEventHandler.js:337] observe([object XPCWrappedNative_NoHelper],"jaxerEvent.HTMLParseComplete",null)
paths:
  -> file:///E:/Aptana%20Jaxer%20Apache/Jaxer/Apache2-4Build/jaxer/framework/src/ModuleLogger.js
  -> file:///E:/Aptana%20Jaxer%20Apache/Jaxer/Apache2-4Build/jaxer/framework/src/Exception.js
  -> file:///E:/Aptana%20Jaxer%20Apache/Jaxer/Apache2-4Build/jaxer/framework/src/HandleCallback.js
  -> file:///E:/Aptana%20Jaxer%20Apache/Jaxer/Apache2-4Build/jaxer/framework/src/CoreEvents.js
  -> file:///E:/Aptana%20Jaxer%20Apache/Jaxer/Apache2-4Build/jaxer/components/aptEventHandler.js

01:12:54 12/24/2025 [ 15324] [TRACE] [JS Framework] [HandleCallback.onHandleCallback] result = null
stack:
  ->  [ModuleLogger.js:98] trace("result = null")
  ->  [HandleCallback.js:289] onHandleCallback([object XPCWrappedNative_NoHelper],[object HTMLDocument])
  ->  [CoreEvents.js:293] fireEvent("HANDLE_CALLBACK",[object Array])
  ->  [CoreEvents.js:220] fire("PARSE_COMPLETE",[object XPCWrappedNative_NoHelper],[object HTMLDocument])
  ->  [aptEventHandler.js:337] observe([object XPCWrappedNative_NoHelper],"jaxerEvent.HTMLParseComplete",null)
paths:
  -> file:///E:/Aptana%20Jaxer%20Apache/Jaxer/Apache2-4Build/jaxer/framework/src/ModuleLogger.js
  -> file:///E:/Aptana%20Jaxer%20Apache/Jaxer/Apache2-4Build/jaxer/framework/src/HandleCallback.js
  -> file:///E:/Aptana%20Jaxer%20Apache/Jaxer/Apache2-4Build/jaxer/framework/src/CoreEvents.js
  -> file:///E:/Aptana%20Jaxer%20Apache/Jaxer/Apache2-4Build/jaxer/components/aptEventHandler.js

01:12:54 12/24/2025 [ 15324] [TRACE] [JS Framework] [HandleCallback.onHandleCallback] Jaxer.response.contents = undefined
stack:
  ->  [ModuleLogger.js:98] trace("Jaxer.response.contents = undefined")
  ->  [HandleCallback.js:314] onHandleCallback([object XPCWrappedNative_NoHelper],[object HTMLDocument])
  ->  [CoreEvents.js:293] fireEvent("HANDLE_CALLBACK",[object Array])
  ->  [CoreEvents.js:220] fire("PARSE_COMPLETE",[object XPCWrappedNative_NoHelper],[object HTMLDocument])
  ->  [aptEventHandler.js:337] observe([object XPCWrappedNative_NoHelper],"jaxerEvent.HTMLParseComplete",null)
paths:
  -> file:///E:/Aptana%20Jaxer%20Apache/Jaxer/Apache2-4Build/jaxer/framework/src/ModuleLogger.js
  -> file:///E:/Aptana%20Jaxer%20Apache/Jaxer/Apache2-4Build/jaxer/framework/src/HandleCallback.js
  -> file:///E:/Aptana%20Jaxer%20Apache/Jaxer/Apache2-4Build/jaxer/framework/src/CoreEvents.js
  -> file:///E:/Aptana%20Jaxer%20Apache/Jaxer/Apache2-4Build/jaxer/components/aptEventHandler.js

01:12:54 12/24/2025 [ 15324] [DEBUG] [JS Framework] [SessionManager.keyToResponse] Saving session key to the client via cookie JaxerSessionId$$localhost:8081: 176589175647709027719934159097
stack:
  ->  [ModuleLogger.js:98] debug("Saving session key to the client via cookie JaxerSessionId$$localhost:8081: 176589175647709027719934159097")
  ->  [SessionManager.js:82] keyToResponse("localhost:8081","176589175647709027719934159097")
  ->  [Container.js:614] persistAll()
  ->  [HandleCallback.js:320] onHandleCallback([object XPCWrappedNative_NoHelper],[object HTMLDocument])
  ->  [CoreEvents.js:293] fireEvent("HANDLE_CALLBACK",[object Array])
  ->  [CoreEvents.js:220] fire("PARSE_COMPLETE",[object XPCWrappedNative_NoHelper],[object HTMLDocument])
  ->  [aptEventHandler.js:337] observe([object XPCWrappedNative_NoHelper],"jaxerEvent.HTMLParseComplete",null)
paths:
  -> file:///E:/Aptana%20Jaxer%20Apache/Jaxer/Apache2-4Build/jaxer/framework/src/ModuleLogger.js
  -> file:///E:/Aptana%20Jaxer%20Apache/Jaxer/Apache2-4Build/jaxer/framework/src/SessionManager.js
  -> file:///E:/Aptana%20Jaxer%20Apache/Jaxer/Apache2-4Build/jaxer/framework/src/Container.js
  -> file:///E:/Aptana%20Jaxer%20Apache/Jaxer/Apache2-4Build/jaxer/framework/src/HandleCallback.js
  -> file:///E:/Aptana%20Jaxer%20Apache/Jaxer/Apache2-4Build/jaxer/framework/src/CoreEvents.js
  -> file:///E:/Aptana%20Jaxer%20Apache/Jaxer/Apache2-4Build/jaxer/components/aptEventHandler.js

01:12:54 12/24/2025 [ 15324] [TRACE] [JS Framework] [Container.persist] For container APPLICATION:localhost:8081: Persisting
stack:
  ->  [ModuleLogger.js:98] trace("For container APPLICATION:localhost:8081: Persisting")
  ->  [Container.js:313] persist()
  ->  [Container.js:620] persistAll()
  ->  [HandleCallback.js:320] onHandleCallback([object XPCWrappedNative_NoHelper],[object HTMLDocument])
  ->  [CoreEvents.js:293] fireEvent("HANDLE_CALLBACK",[object Array])
  ->  [CoreEvents.js:220] fire("PARSE_COMPLETE",[object XPCWrappedNative_NoHelper],[object HTMLDocument])
  ->  [aptEventHandler.js:337] observe([object XPCWrappedNative_NoHelper],"jaxerEvent.HTMLParseComplete",null)
paths:
  -> file:///E:/Aptana%20Jaxer%20Apache/Jaxer/Apache2-4Build/jaxer/framework/src/ModuleLogger.js
  -> file:///E:/Aptana%20Jaxer%20Apache/Jaxer/Apache2-4Build/jaxer/framework/src/Container.js
  -> file:///E:/Aptana%20Jaxer%20Apache/Jaxer/Apache2-4Build/jaxer/framework/src/HandleCallback.js
  -> file:///E:/Aptana%20Jaxer%20Apache/Jaxer/Apache2-4Build/jaxer/framework/src/CoreEvents.js
  -> file:///E:/Aptana%20Jaxer%20Apache/Jaxer/Apache2-4Build/jaxer/components/aptEventHandler.js

01:12:54 12/24/2025 [ 15324] [TRACE] [JS Framework] [Container.persist] For container PAGE:localhost:8081/aptana/: Persisting
stack:
  ->  [ModuleLogger.js:98] trace("For container PAGE:localhost:8081/aptana/: Persisting")
  ->  [Container.js:313] persist()
  ->  [Container.js:620] persistAll()
  ->  [HandleCallback.js:320] onHandleCallback([object XPCWrappedNative_NoHelper],[object HTMLDocument])
  ->  [CoreEvents.js:293] fireEvent("HANDLE_CALLBACK",[object Array])
  ->  [CoreEvents.js:220] fire("PARSE_COMPLETE",[object XPCWrappedNative_NoHelper],[object HTMLDocument])
  ->  [aptEventHandler.js:337] observe([object XPCWrappedNative_NoHelper],"jaxerEvent.HTMLParseComplete",null)
paths:
  -> file:///E:/Aptana%20Jaxer%20Apache/Jaxer/Apache2-4Build/jaxer/framework/src/ModuleLogger.js
  -> file:///E:/Aptana%20Jaxer%20Apache/Jaxer/Apache2-4Build/jaxer/framework/src/Container.js
  -> file:///E:/Aptana%20Jaxer%20Apache/Jaxer/Apache2-4Build/jaxer/framework/src/HandleCallback.js
  -> file:///E:/Aptana%20Jaxer%20Apache/Jaxer/Apache2-4Build/jaxer/framework/src/CoreEvents.js
  -> file:///E:/Aptana%20Jaxer%20Apache/Jaxer/Apache2-4Build/jaxer/components/aptEventHandler.js

01:12:54 12/24/2025 [ 15324] [TRACE] [JS Framework] [Container.persist] For container SESSION:176589175647709027719934159097: Persisting
stack:
  ->  [ModuleLogger.js:98] trace("For container SESSION:176589175647709027719934159097: Persisting")
  ->  [Container.js:313] persist()
  ->  [Container.js:620] persistAll()
  ->  [HandleCallback.js:320] onHandleCallback([object XPCWrappedNative_NoHelper],[object HTMLDocument])
  ->  [CoreEvents.js:293] fireEvent("HANDLE_CALLBACK",[object Array])
  ->  [CoreEvents.js:220] fire("PARSE_COMPLETE",[object XPCWrappedNative_NoHelper],[object HTMLDocument])
  ->  [aptEventHandler.js:337] observe([object XPCWrappedNative_NoHelper],"jaxerEvent.HTMLParseComplete",null)
paths:
  -> file:///E:/Aptana%20Jaxer%20Apache/Jaxer/Apache2-4Build/jaxer/framework/src/ModuleLogger.js
  -> file:///E:/Aptana%20Jaxer%20Apache/Jaxer/Apache2-4Build/jaxer/framework/src/Container.js
  -> file:///E:/Aptana%20Jaxer%20Apache/Jaxer/Apache2-4Build/jaxer/framework/src/HandleCallback.js
  -> file:///E:/Aptana%20Jaxer%20Apache/Jaxer/Apache2-4Build/jaxer/framework/src/CoreEvents.js
  -> file:///E:/Aptana%20Jaxer%20Apache/Jaxer/Apache2-4Build/jaxer/components/aptEventHandler.js

01:12:54 12/24/2025 [ 15324] [TRACE] [JS Framework] [Container.persist] For container SESSION_PAGE:176589175647709027719934159097$$localhost:8081/aptana/: Persisting
stack:
  ->  [ModuleLogger.js:98] trace("For container SESSION_PAGE:176589175647709027719934159097$$localhost:8081/aptana/: Persisting")
  ->  [Container.js:313] persist()
  ->  [Container.js:620] persistAll()
  ->  [HandleCallback.js:320] onHandleCallback([object XPCWrappedNative_NoHelper],[object HTMLDocument])
  ->  [CoreEvents.js:293] fireEvent("HANDLE_CALLBACK",[object Array])
  ->  [CoreEvents.js:220] fire("PARSE_COMPLETE",[object XPCWrappedNative_NoHelper],[object HTMLDocument])
  ->  [aptEventHandler.js:337] observe([object XPCWrappedNative_NoHelper],"jaxerEvent.HTMLParseComplete",null)
paths:
  -> file:///E:/Aptana%20Jaxer%20Apache/Jaxer/Apache2-4Build/jaxer/framework/src/ModuleLogger.js
  -> file:///E:/Aptana%20Jaxer%20Apache/Jaxer/Apache2-4Build/jaxer/framework/src/Container.js
  -> file:///E:/Aptana%20Jaxer%20Apache/Jaxer/Apache2-4Build/jaxer/framework/src/HandleCallback.js
  -> file:///E:/Aptana%20Jaxer%20Apache/Jaxer/Apache2-4Build/jaxer/framework/src/CoreEvents.js
  -> file:///E:/Aptana%20Jaxer%20Apache/Jaxer/Apache2-4Build/jaxer/components/aptEventHandler.js

01:12:54 12/24/2025 [ 15324] [DEBUG] [JS Framework] [HandleCallback.onHandleCallback] Containers persisted
stack:
  ->  [ModuleLogger.js:98] debug("Containers persisted")
  ->  [HandleCallback.js:321] onHandleCallback([object XPCWrappedNative_NoHelper],[object HTMLDocument])
  ->  [CoreEvents.js:293] fireEvent("HANDLE_CALLBACK",[object Array])
  ->  [CoreEvents.js:220] fire("PARSE_COMPLETE",[object XPCWrappedNative_NoHelper],[object HTMLDocument])
  ->  [aptEventHandler.js:337] observe([object XPCWrappedNative_NoHelper],"jaxerEvent.HTMLParseComplete",null)
paths:
  -> file:///E:/Aptana%20Jaxer%20Apache/Jaxer/Apache2-4Build/jaxer/framework/src/ModuleLogger.js
  -> file:///E:/Aptana%20Jaxer%20Apache/Jaxer/Apache2-4Build/jaxer/framework/src/HandleCallback.js
  -> file:///E:/Aptana%20Jaxer%20Apache/Jaxer/Apache2-4Build/jaxer/framework/src/CoreEvents.js
  -> file:///E:/Aptana%20Jaxer%20Apache/Jaxer/Apache2-4Build/jaxer/components/aptEventHandler.js

01:12:54 12/24/2025 [ 15324] [TRACE] [JS Framework] [DB.SQLite.close] Closing the connection
stack:
  ->  [ModuleLogger.js:98] trace("Closing the connection")
  ->  [DB_SQLite.js:739] close()
  ->  [DB.js:437] closeAllConnections(true)
  ->  [HandleCallback.js:323] onHandleCallback([object XPCWrappedNative_NoHelper],[object HTMLDocument])
  ->  [CoreEvents.js:293] fireEvent("HANDLE_CALLBACK",[object Array])
  ->  [CoreEvents.js:220] fire("PARSE_COMPLETE",[object XPCWrappedNative_NoHelper],[object HTMLDocument])
  ->  [aptEventHandler.js:337] observe([object XPCWrappedNative_NoHelper],"jaxerEvent.HTMLParseComplete",null)
paths:
  -> file:///E:/Aptana%20Jaxer%20Apache/Jaxer/Apache2-4Build/jaxer/framework/src/ModuleLogger.js
  -> file:///E:/Aptana%20Jaxer%20Apache/Jaxer/Apache2-4Build/jaxer/framework/src/DB_SQLite.js
  -> file:///E:/Aptana%20Jaxer%20Apache/Jaxer/Apache2-4Build/jaxer/framework/src/DB.js
  -> file:///E:/Aptana%20Jaxer%20Apache/Jaxer/Apache2-4Build/jaxer/framework/src/HandleCallback.js
  -> file:///E:/Aptana%20Jaxer%20Apache/Jaxer/Apache2-4Build/jaxer/framework/src/CoreEvents.js
  -> file:///E:/Aptana%20Jaxer%20Apache/Jaxer/Apache2-4Build/jaxer/components/aptEventHandler.js

01:12:54 12/24/2025 [ 15324] [TRACE] [JS Framework] [HandleCallback.onHandleCallback] === Callback processing complete
stack:
  ->  [ModuleLogger.js:98] trace("=== Callback processing complete")
  ->  [HandleCallback.js:326] onHandleCallback([object XPCWrappedNative_NoHelper],[object HTMLDocument])
  ->  [CoreEvents.js:293] fireEvent("HANDLE_CALLBACK",[object Array])
  ->  [CoreEvents.js:220] fire("PARSE_COMPLETE",[object XPCWrappedNative_NoHelper],[object HTMLDocument])
  ->  [aptEventHandler.js:337] observe([object XPCWrappedNative_NoHelper],"jaxerEvent.HTMLParseComplete",null)
paths:
  -> file:///E:/Aptana%20Jaxer%20Apache/Jaxer/Apache2-4Build/jaxer/framework/src/ModuleLogger.js
  -> file:///E:/Aptana%20Jaxer%20Apache/Jaxer/Apache2-4Build/jaxer/framework/src/HandleCallback.js
  -> file:///E:/Aptana%20Jaxer%20Apache/Jaxer/Apache2-4Build/jaxer/framework/src/CoreEvents.js
  -> file:///E:/Aptana%20Jaxer%20Apache/Jaxer/Apache2-4Build/jaxer/components/aptEventHandler.js

01:12:54 12/24/2025 [ 15324] [TRACE] [JS Framework] [CoreEvents.fireEvent] Firing an event for PARSE_COMPLETE
stack:
  ->  [ModuleLogger.js:98] trace("Firing an event for PARSE_COMPLETE")
  ->  [CoreEvents.js:282] fireEvent("PARSE_COMPLETE",[object Array])
  ->  [CoreEvents.js:238] fire("PARSE_COMPLETE",[object XPCWrappedNative_NoHelper],[object HTMLDocument])
  ->  [aptEventHandler.js:337] observe([object XPCWrappedNative_NoHelper],"jaxerEvent.HTMLParseComplete",null)
paths:
  -> file:///E:/Aptana%20Jaxer%20Apache/Jaxer/Apache2-4Build/jaxer/framework/src/ModuleLogger.js
  -> file:///E:/Aptana%20Jaxer%20Apache/Jaxer/Apache2-4Build/jaxer/framework/src/CoreEvents.js
  -> file:///E:/Aptana%20Jaxer%20Apache/Jaxer/Apache2-4Build/jaxer/components/aptEventHandler.js

01:12:54 12/24/2025 [ 15324] [TRACE] [JS Framework] [CoreEvents.fireEvent] Calling event handler: function onParseComplete(evt, doc) {
    Jaxer.__tempLoad.cl...
stack:
  ->  [ModuleLogger.js:98] trace("Calling event handler: function onParseComplete(evt, doc) {\n    Jaxer.__tempLoad.cl...")
  ->  [CoreEvents.js:292] fireEvent("PARSE_COMPLETE",[object Array])
  ->  [CoreEvents.js:238] fire("PARSE_COMPLETE",[object XPCWrappedNative_NoHelper],[object HTMLDocument])
  ->  [aptEventHandler.js:337] observe([object XPCWrappedNative_NoHelper],"jaxerEvent.HTMLParseComplete",null)
paths:
  -> file:///E:/Aptana%20Jaxer%20Apache/Jaxer/Apache2-4Build/jaxer/framework/src/ModuleLogger.js
  -> file:///E:/Aptana%20Jaxer%20Apache/Jaxer/Apache2-4Build/jaxer/framework/src/CoreEvents.js
  -> file:///E:/Aptana%20Jaxer%20Apache/Jaxer/Apache2-4Build/jaxer/components/aptEventHandler.js

01:12:54 12/24/2025 [ 15324] [TRACE] [JS Framework] [CoreEvents.fire] At this time, evt.Request.isHandler=true and eventType: REQUEST_COMPLETE
stack:
  ->  [ModuleLogger.js:98] trace("At this time, evt.Request.isHandler=true and eventType: REQUEST_COMPLETE")
  ->  [CoreEvents.js:205] fire("REQUEST_COMPLETE",[object XPCWrappedNative_NoHelper])
  ->  [aptEventHandler.js:351] observe([object XPCWrappedNative_NoHelper],"jaxerEvent.RequestComplete",null)
paths:
  -> file:///E:/Aptana%20Jaxer%20Apache/Jaxer/Apache2-4Build/jaxer/framework/src/ModuleLogger.js
  -> file:///E:/Aptana%20Jaxer%20Apache/Jaxer/Apache2-4Build/jaxer/framework/src/CoreEvents.js
  -> file:///E:/Aptana%20Jaxer%20Apache/Jaxer/Apache2-4Build/jaxer/components/aptEventHandler.js

01:12:54 12/24/2025 [ 15324] [TRACE] [JS Framework] [CoreEvents.fireEvent] Firing an event for REQUEST_COMPLETE
stack:
  ->  [ModuleLogger.js:98] trace("Firing an event for REQUEST_COMPLETE")
  ->  [CoreEvents.js:282] fireEvent("REQUEST_COMPLETE",[object Array])
  ->  [CoreEvents.js:238] fire("REQUEST_COMPLETE",[object XPCWrappedNative_NoHelper])
  ->  [aptEventHandler.js:351] observe([object XPCWrappedNative_NoHelper],"jaxerEvent.RequestComplete",null)
paths:
  -> file:///E:/Aptana%20Jaxer%20Apache/Jaxer/Apache2-4Build/jaxer/framework/src/ModuleLogger.js
  -> file:///E:/Aptana%20Jaxer%20Apache/Jaxer/Apache2-4Build/jaxer/framework/src/CoreEvents.js
  -> file:///E:/Aptana%20Jaxer%20Apache/Jaxer/Apache2-4Build/jaxer/components/aptEventHandler.js

01:12:54 12/24/2025 [ 15324] [TRACE] [JS Framework] [CoreEvents.fireEvent] Calling event handler: function onRequestComplete(evt) {
}...
stack:
  ->  [ModuleLogger.js:98] trace("Calling event handler: function onRequestComplete(evt) {\n}...")
  ->  [CoreEvents.js:292] fireEvent("REQUEST_COMPLETE",[object Array])
  ->  [CoreEvents.js:238] fire("REQUEST_COMPLETE",[object XPCWrappedNative_NoHelper])
  ->  [aptEventHandler.js:351] observe([object XPCWrappedNative_NoHelper],"jaxerEvent.RequestComplete",null)
paths:
  -> file:///E:/Aptana%20Jaxer%20Apache/Jaxer/Apache2-4Build/jaxer/framework/src/ModuleLogger.js
  -> file:///E:/Aptana%20Jaxer%20Apache/Jaxer/Apache2-4Build/jaxer/framework/src/CoreEvents.js
  -> file:///E:/Aptana%20Jaxer%20Apache/Jaxer/Apache2-4Build/jaxer/components/aptEventHandler.js

01:12:58 12/24/2025 [ 32928] [TRACE] [JS Framework] [CoreEvents.fire] At this time, evt.Request.isHandler=false and eventType: REQUEST_START
stack:
  ->  [ModuleLogger.js:98] trace("At this time, evt.Request.isHandler=false and eventType: REQUEST_START")
  ->  [CoreEvents.js:205] fire("REQUEST_START",[object XPCWrappedNative_NoHelper])
  ->  [aptEventHandler.js:292] observe([object XPCWrappedNative_NoHelper],"jaxerEvent.RequestStart",null)
paths:
  -> file:///E:/Aptana%20Jaxer%20Apache/Jaxer/Apache2-4Build/jaxer/framework/src/ModuleLogger.js
  -> file:///E:/Aptana%20Jaxer%20Apache/Jaxer/Apache2-4Build/jaxer/framework/src/CoreEvents.js
  -> file:///E:/Aptana%20Jaxer%20Apache/Jaxer/Apache2-4Build/jaxer/components/aptEventHandler.js

01:12:58 12/24/2025 [ 32928] [TRACE] [JS Framework] [CoreEvents.fireEvent] Firing an event for REQUEST_START
stack:
  ->  [ModuleLogger.js:98] trace("Firing an event for REQUEST_START")
  ->  [CoreEvents.js:282] fireEvent("REQUEST_START",[object Array])
  ->  [CoreEvents.js:238] fire("REQUEST_START",[object XPCWrappedNative_NoHelper])
  ->  [aptEventHandler.js:292] observe([object XPCWrappedNative_NoHelper],"jaxerEvent.RequestStart",null)
paths:
  -> file:///E:/Aptana%20Jaxer%20Apache/Jaxer/Apache2-4Build/jaxer/framework/src/ModuleLogger.js
  -> file:///E:/Aptana%20Jaxer%20Apache/Jaxer/Apache2-4Build/jaxer/framework/src/CoreEvents.js
  -> file:///E:/Aptana%20Jaxer%20Apache/Jaxer/Apache2-4Build/jaxer/components/aptEventHandler.js

01:12:58 12/24/2025 [ 32928] [TRACE] [JS Framework] [CoreEvents.fireEvent] Calling event handler: function onRequestStart(evt) {
}...
stack:
  ->  [ModuleLogger.js:98] trace("Calling event handler: function onRequestStart(evt) {\n}...")
  ->  [CoreEvents.js:292] fireEvent("REQUEST_START",[object Array])
  ->  [CoreEvents.js:238] fire("REQUEST_START",[object XPCWrappedNative_NoHelper])
  ->  [aptEventHandler.js:292] observe([object XPCWrappedNative_NoHelper],"jaxerEvent.RequestStart",null)
paths:
  -> file:///E:/Aptana%20Jaxer%20Apache/Jaxer/Apache2-4Build/jaxer/framework/src/ModuleLogger.js
  -> file:///E:/Aptana%20Jaxer%20Apache/Jaxer/Apache2-4Build/jaxer/framework/src/CoreEvents.js
  -> file:///E:/Aptana%20Jaxer%20Apache/Jaxer/Apache2-4Build/jaxer/components/aptEventHandler.js

01:12:58 12/24/2025 [ 32928] [TRACE] [JS Framework] [CoreEvents.fire] At this time, evt.Request.isHandler=false and eventType: PARSE_START
stack:
  ->  [ModuleLogger.js:98] trace("At this time, evt.Request.isHandler=false and eventType: PARSE_START")
  ->  [CoreEvents.js:205] fire("PARSE_START",[object XPCWrappedNative_NoHelper])
  ->  [aptEventHandler.js:306] observe([object XPCWrappedNative_NoHelper],"jaxerEvent.HTMLParseStart",null)
paths:
  -> file:///E:/Aptana%20Jaxer%20Apache/Jaxer/Apache2-4Build/jaxer/framework/src/ModuleLogger.js
  -> file:///E:/Aptana%20Jaxer%20Apache/Jaxer/Apache2-4Build/jaxer/framework/src/CoreEvents.js
  -> file:///E:/Aptana%20Jaxer%20Apache/Jaxer/Apache2-4Build/jaxer/components/aptEventHandler.js

01:12:58 12/24/2025 [ 32928] [TRACE] [JS Framework] [CoreEvents.fireEvent] Firing an event for PARSE_START
stack:
  ->  [ModuleLogger.js:98] trace("Firing an event for PARSE_START")
  ->  [CoreEvents.js:282] fireEvent("PARSE_START",[object Array])
  ->  [CoreEvents.js:238] fire("PARSE_START",[object XPCWrappedNative_NoHelper])
  ->  [aptEventHandler.js:306] observe([object XPCWrappedNative_NoHelper],"jaxerEvent.HTMLParseStart",null)
paths:
  -> file:///E:/Aptana%20Jaxer%20Apache/Jaxer/Apache2-4Build/jaxer/framework/src/ModuleLogger.js
  -> file:///E:/Aptana%20Jaxer%20Apache/Jaxer/Apache2-4Build/jaxer/framework/src/CoreEvents.js
  -> file:///E:/Aptana%20Jaxer%20Apache/Jaxer/Apache2-4Build/jaxer/components/aptEventHandler.js

01:12:58 12/24/2025 [ 32928] [TRACE] [JS Framework] [CoreEvents.fireEvent] Calling event handler: function onParseStart(evt) {
    Jaxer.request = frameworkGl...
stack:
  ->  [ModuleLogger.js:98] trace("Calling event handler: function onParseStart(evt) {\n    Jaxer.request = frameworkGl...")
  ->  [CoreEvents.js:292] fireEvent("PARSE_START",[object Array])
  ->  [CoreEvents.js:238] fire("PARSE_START",[object XPCWrappedNative_NoHelper])
  ->  [aptEventHandler.js:306] observe([object XPCWrappedNative_NoHelper],"jaxerEvent.HTMLParseStart",null)
paths:
  -> file:///E:/Aptana%20Jaxer%20Apache/Jaxer/Apache2-4Build/jaxer/framework/src/ModuleLogger.js
  -> file:///E:/Aptana%20Jaxer%20Apache/Jaxer/Apache2-4Build/jaxer/framework/src/CoreEvents.js
  -> file:///E:/Aptana%20Jaxer%20Apache/Jaxer/Apache2-4Build/jaxer/components/aptEventHandler.js

01:12:58 12/24/2025 [ 32928] [TRACE] [JS Framework] [Request.Request] Constructing request from: ({constructorErrors:[], _request:{}, method:"GET", isHandler:false, uri:"/aptana/doc/api/Jaxer.index-frame.html", protocol:"HTTP/1.1", remoteUser:"", remoteHost:"desktop-lpv0ncp", remoteAddr:"::1", pageFile:"E:/Aptana Jaxer Apache/Jaxer/Apache2-4Build/jaxer/aptana/doc/api/Jaxer.index-frame.html", documentRoot:"E:/Aptana Jaxer Apache/Jaxer/Apache2-4Build/public", OS:"WINNT", isJaxerServer:false, isHTTPS:false, queryString:"", logFileNativePath:"", action:"GET", headers:{Host:"localhost:8081", Connection:"keep-alive", 'sec-ch-ua':"\"Chromium\";v=\"140\", \"Not=A?Brand\";v=\"24\", \"Opera\";v=\"124\"", 'sec-ch-ua-mobile':"?0", 'sec-ch-ua-platform':"\"Windows\"", 'Upgrade-Insecure-Requests':"1", 'User-Agent':"Mozilla/5.0 (Windows NT 10.0; Win64; x64) AppleWebKit/537.36 (KHTML, like Gecko) Chrome/140.0.0.0 Safari/537.36 OPR/124.0.0.0", Accept:"text/html,application/xhtml+xml,application/xml;q=0.9,image/avif,image/webp,image/apng,*/*;q=0.8,application/signed-exchange;v=b3;q=0.7", 'Sec-Fetch-Site':"same-origin", 'Sec-Fetch-Mode':"navigate", 'Sec-Fetch-User':"?1", 'Sec-Fetch-Dest':"document", Referer:"http://localhost:8081/aptana/", 'Accept-Encoding':"gzip, deflate, br, zstd", 'Accept-Language':"en-US,en;q=0.9", Cookie:"JaxerSessionId%24%24localhost%3A8081=176589175647709027719934159097; JaxerSessionId%24%24diagnostics=1766389857171006019406608883027; JaxerSessionId%24%24chat=176650225815408013378880202926; JaxerSessionId%24%24smtp-email=1766502615487048247814800171795; JaxerSessionId%24%24rss-sample=1766502620172023884340692192807; JaxerSessionId%24%24tasks=176650262827103192941976629359; JaxerSessionId%24%24wikilite=1766502633159009874746526267386; JaxerSessionId%24%24logging=176650264152708165463317747484; JaxerSessionId%24%24csajax=176650265576703773913072428896; JaxerSessionId%24%24shell=176650266145103665372259304419"}})
stack:
  ->  [ModuleLogger.js:98] trace("Constructing request from: ({constructorErrors:[], _request:{}, method:\"GET\", isHandler:false, uri:\"/aptana/doc/api/Jaxer.index-frame.html\", protocol:\"HTTP/1.1\", remoteUser:\"\", remoteHost:\"desktop-lpv0ncp\", remoteAddr:\"::1\", pageFile:\"E:/Aptana Jaxer Apache/Jaxer/Apache2-4Build/jaxer/aptana/doc/api/Jaxer.index-frame.html\", documentRoot:\"E:/Aptana Jaxer Apache/Jaxer/Apache2-4Build/public\", OS:\"WINNT\", isJaxerServer:false, isHTTPS:false, queryString:\"\", logFileNativePath:\"\", action:\"GET\", headers:{Host:\"localhost:8081\", Connection:\"keep-alive\", 'sec-ch-ua':\"\\\"Chromium\\\";v=\\\"140\\\", \\\"Not=A?Brand\\\";v=\\\"24\\\", \\\"Opera\\\";v=\\\"124\\\"\", 'sec-ch-ua-mobile':\"?0\", 'sec-ch-ua-platform':\"\\\"Windows\\\"\", 'Upgrade-Insecure-Requests':\"1\", 'User-Agent':\"Mozilla/5.0 (Windows NT 10.0; Win64; x64) AppleWebKit/537.36 (KHTML, like Gecko) Chrome/140.0.0.0 Safari/537.36 OPR/124.0.0.0\", Accept:\"text/html,application/xhtml+xml,application/xml;q=0.9,image/avif,image/webp,image/apng,*/*;q=0.8,application/signed-exchange;v=b3;q=0.7\", 'Sec-Fetch-Site':\"same-origin\", 'Sec-Fetch-Mode':\"navigate\", 'Sec-Fetch-User':\"?1\", 'Sec-Fetch-Dest':\"document\", Referer:\"http://localhost:8081/aptana/\", 'Accept-Encoding':\"gzip, deflate, br, zstd\", 'Accept-Language':\"en-US,en;q=0.9\", Cookie:\"JaxerSessionId%24%24localhost%3A8081=176589175647709027719934159097; JaxerSessionId%24%24diagnostics=1766389857171006019406608883027; JaxerSessionId%24%24chat=176650225815408013378880202926; JaxerSessionId%24%24smtp-email=1766502615487048247814800171795; JaxerSessionId%24%24rss-sample=1766502620172023884340692192807; JaxerSessionId%24%24tasks=176650262827103192941976629359; JaxerSessionId%24%24wikilite=1766502633159009874746526267386; JaxerSessionId%24%24logging=176650264152708165463317747484; JaxerSessionId%24%24csajax=176650265576703773913072428896; JaxerSessionId%24%24shell=176650266145103665372259304419\"}})")
  ->  [Request.js:202] Request([object XPCWrappedNative_NoHelper])
  ->  [ParseStart.js:49] onParseStart([object XPCWrappedNative_NoHelper])
  ->  [CoreEvents.js:293] fireEvent("PARSE_START",[object Array])
  ->  [CoreEvents.js:238] fire("PARSE_START",[object XPCWrappedNative_NoHelper])
  ->  [aptEventHandler.js:306] observe([object XPCWrappedNative_NoHelper],"jaxerEvent.HTMLParseStart",null)
paths:
  -> file:///E:/Aptana%20Jaxer%20Apache/Jaxer/Apache2-4Build/jaxer/framework/src/ModuleLogger.js
  -> file:///E:/Aptana%20Jaxer%20Apache/Jaxer/Apache2-4Build/jaxer/framework/src/Request.js
  -> file:///E:/Aptana%20Jaxer%20Apache/Jaxer/Apache2-4Build/jaxer/framework/src/ParseStart.js
  -> file:///E:/Aptana%20Jaxer%20Apache/Jaxer/Apache2-4Build/jaxer/framework/src/CoreEvents.js
  -> file:///E:/Aptana%20Jaxer%20Apache/Jaxer/Apache2-4Build/jaxer/components/aptEventHandler.js

01:12:58 12/24/2025 [ 32928] [TRACE] [JS Framework] [ParseStart.onParseStart] Matching app using parsedUrl='({url:"http://localhost:8081/aptana/doc/api/Jaxer.index-frame.html", scheme:"http", protocol:"http", authority:"localhost:8081", path:"/aptana/doc/api/Jaxer.index-frame.html", query:"", fragment:"", userInfo:"", host:"localhost", port:"8081", hostAndPort:"localhost:8081", base:"http://localhost:8081", subdomain:"", domain:"localhost", pathParts:["aptana", "doc", "api", "Jaxer.index-frame.html"], leaf:"Jaxer.index-frame.html", queryParts:{}})'
stack:
  ->  [ModuleLogger.js:98] trace("Matching app using parsedUrl='({url:\"http://localhost:8081/aptana/doc/api/Jaxer.index-frame.html\", scheme:\"http\", protocol:\"http\", authority:\"localhost:8081\", path:\"/aptana/doc/api/Jaxer.index-frame.html\", query:\"\", fragment:\"\", userInfo:\"\", host:\"localhost\", port:\"8081\", hostAndPort:\"localhost:8081\", base:\"http://localhost:8081\", subdomain:\"\", domain:\"localhost\", pathParts:[\"aptana\", \"doc\", \"api\", \"Jaxer.index-frame.html\"], leaf:\"Jaxer.index-frame.html\", queryParts:{}})'")
  ->  [ParseStart.js:81] onParseStart([object XPCWrappedNative_NoHelper])
  ->  [CoreEvents.js:293] fireEvent("PARSE_START",[object Array])
  ->  [CoreEvents.js:238] fire("PARSE_START",[object XPCWrappedNative_NoHelper])
  ->  [aptEventHandler.js:306] observe([object XPCWrappedNative_NoHelper],"jaxerEvent.HTMLParseStart",null)
paths:
  -> file:///E:/Aptana%20Jaxer%20Apache/Jaxer/Apache2-4Build/jaxer/framework/src/ModuleLogger.js
  -> file:///E:/Aptana%20Jaxer%20Apache/Jaxer/Apache2-4Build/jaxer/framework/src/ParseStart.js
  -> file:///E:/Aptana%20Jaxer%20Apache/Jaxer/Apache2-4Build/jaxer/framework/src/CoreEvents.js
  -> file:///E:/Aptana%20Jaxer%20Apache/Jaxer/Apache2-4Build/jaxer/components/aptEventHandler.js

01:12:58 12/24/2025 [ 32928] [TRACE] [JS Framework] [App.init] Initializing app 'DEFAULT' (urlTest: /.*/)
stack:
  ->  [ModuleLogger.js:98] trace("Initializing app 'DEFAULT' (urlTest: /.*/)")
  ->  [App.js:184] init()
  ->  [ParseStart.js:110] onParseStart([object XPCWrappedNative_NoHelper])
  ->  [CoreEvents.js:293] fireEvent("PARSE_START",[object Array])
  ->  [CoreEvents.js:238] fire("PARSE_START",[object XPCWrappedNative_NoHelper])
  ->  [aptEventHandler.js:306] observe([object XPCWrappedNative_NoHelper],"jaxerEvent.HTMLParseStart",null)
paths:
  -> file:///E:/Aptana%20Jaxer%20Apache/Jaxer/Apache2-4Build/jaxer/framework/src/ModuleLogger.js
  -> file:///E:/Aptana%20Jaxer%20Apache/Jaxer/Apache2-4Build/jaxer/framework/src/App.js
  -> file:///E:/Aptana%20Jaxer%20Apache/Jaxer/Apache2-4Build/jaxer/framework/src/ParseStart.js
  -> file:///E:/Aptana%20Jaxer%20Apache/Jaxer/Apache2-4Build/jaxer/framework/src/CoreEvents.js
  -> file:///E:/Aptana%20Jaxer%20Apache/Jaxer/Apache2-4Build/jaxer/components/aptEventHandler.js

01:12:58 12/24/2025 [ 32928] [TRACE] [JS Framework] [App.init] APP_KEY for app 'DEFAULT': localhost:8081
stack:
  ->  [ModuleLogger.js:98] trace("APP_KEY for app 'DEFAULT': localhost:8081")
  ->  [App.js:196] init()
  ->  [ParseStart.js:110] onParseStart([object XPCWrappedNative_NoHelper])
  ->  [CoreEvents.js:293] fireEvent("PARSE_START",[object Array])
  ->  [CoreEvents.js:238] fire("PARSE_START",[object XPCWrappedNative_NoHelper])
  ->  [aptEventHandler.js:306] observe([object XPCWrappedNative_NoHelper],"jaxerEvent.HTMLParseStart",null)
paths:
  -> file:///E:/Aptana%20Jaxer%20Apache/Jaxer/Apache2-4Build/jaxer/framework/src/ModuleLogger.js
  -> file:///E:/Aptana%20Jaxer%20Apache/Jaxer/Apache2-4Build/jaxer/framework/src/App.js
  -> file:///E:/Aptana%20Jaxer%20Apache/Jaxer/Apache2-4Build/jaxer/framework/src/ParseStart.js
  -> file:///E:/Aptana%20Jaxer%20Apache/Jaxer/Apache2-4Build/jaxer/framework/src/CoreEvents.js
  -> file:///E:/Aptana%20Jaxer%20Apache/Jaxer/Apache2-4Build/jaxer/components/aptEventHandler.js

01:12:58 12/24/2025 [ 32928] [TRACE] [JS Framework] [App.init] PAGE_KEY for app 'DEFAULT': localhost:8081/aptana/doc/api/Jaxer.index-frame.html
stack:
  ->  [ModuleLogger.js:98] trace("PAGE_KEY for app 'DEFAULT': localhost:8081/aptana/doc/api/Jaxer.index-frame.html")
  ->  [App.js:208] init()
  ->  [ParseStart.js:110] onParseStart([object XPCWrappedNative_NoHelper])
  ->  [CoreEvents.js:293] fireEvent("PARSE_START",[object Array])
  ->  [CoreEvents.js:238] fire("PARSE_START",[object XPCWrappedNative_NoHelper])
  ->  [aptEventHandler.js:306] observe([object XPCWrappedNative_NoHelper],"jaxerEvent.HTMLParseStart",null)
paths:
  -> file:///E:/Aptana%20Jaxer%20Apache/Jaxer/Apache2-4Build/jaxer/framework/src/ModuleLogger.js
  -> file:///E:/Aptana%20Jaxer%20Apache/Jaxer/Apache2-4Build/jaxer/framework/src/App.js
  -> file:///E:/Aptana%20Jaxer%20Apache/Jaxer/Apache2-4Build/jaxer/framework/src/ParseStart.js
  -> file:///E:/Aptana%20Jaxer%20Apache/Jaxer/Apache2-4Build/jaxer/framework/src/CoreEvents.js
  -> file:///E:/Aptana%20Jaxer%20Apache/Jaxer/Apache2-4Build/jaxer/components/aptEventHandler.js

01:12:58 12/24/2025 [ 32928] [TRACE] [JS Framework] [App.init] PATH for app 'DEFAULT': resource:///../local_jaxer/data/DEFAULT
stack:
  ->  [ModuleLogger.js:98] trace("PATH for app 'DEFAULT': resource:///../local_jaxer/data/DEFAULT")
  ->  [App.js:231] init()
  ->  [ParseStart.js:110] onParseStart([object XPCWrappedNative_NoHelper])
  ->  [CoreEvents.js:293] fireEvent("PARSE_START",[object Array])
  ->  [CoreEvents.js:238] fire("PARSE_START",[object XPCWrappedNative_NoHelper])
  ->  [aptEventHandler.js:306] observe([object XPCWrappedNative_NoHelper],"jaxerEvent.HTMLParseStart",null)
paths:
  -> file:///E:/Aptana%20Jaxer%20Apache/Jaxer/Apache2-4Build/jaxer/framework/src/ModuleLogger.js
  -> file:///E:/Aptana%20Jaxer%20Apache/Jaxer/Apache2-4Build/jaxer/framework/src/App.js
  -> file:///E:/Aptana%20Jaxer%20Apache/Jaxer/Apache2-4Build/jaxer/framework/src/ParseStart.js
  -> file:///E:/Aptana%20Jaxer%20Apache/Jaxer/Apache2-4Build/jaxer/framework/src/CoreEvents.js
  -> file:///E:/Aptana%20Jaxer%20Apache/Jaxer/Apache2-4Build/jaxer/components/aptEventHandler.js

01:12:58 12/24/2025 [ 32928] [TRACE] [JS Framework] [ParseStart.onParseStart] Using app 'DEFAULT': urlTest = /.*/
stack:
  ->  [ModuleLogger.js:98] trace("Using app 'DEFAULT': urlTest = /.*/")
  ->  [ParseStart.js:113] onParseStart([object XPCWrappedNative_NoHelper])
  ->  [CoreEvents.js:293] fireEvent("PARSE_START",[object Array])
  ->  [CoreEvents.js:238] fire("PARSE_START",[object XPCWrappedNative_NoHelper])
  ->  [aptEventHandler.js:306] observe([object XPCWrappedNative_NoHelper],"jaxerEvent.HTMLParseStart",null)
paths:
  -> file:///E:/Aptana%20Jaxer%20Apache/Jaxer/Apache2-4Build/jaxer/framework/src/ModuleLogger.js
  -> file:///E:/Aptana%20Jaxer%20Apache/Jaxer/Apache2-4Build/jaxer/framework/src/ParseStart.js
  -> file:///E:/Aptana%20Jaxer%20Apache/Jaxer/Apache2-4Build/jaxer/framework/src/CoreEvents.js
  -> file:///E:/Aptana%20Jaxer%20Apache/Jaxer/Apache2-4Build/jaxer/components/aptEventHandler.js

01:12:58 12/24/2025 [ 32928] [DEBUG] [JS Framework] [SessionManager.keyFromRequest] Getting session key from the client via cookie JaxerSessionId$$localhost:8081: 176589175647709027719934159097
stack:
  ->  [ModuleLogger.js:98] debug("Getting session key from the client via cookie JaxerSessionId$$localhost:8081: 176589175647709027719934159097")
  ->  [SessionManager.js:59] keyFromRequest("localhost:8081")
  ->  [Container.js:474] init("localhost:8081","localhost:8081/aptana/doc/api/Jaxer.index-frame.html")
  ->  [ParseStart.js:122] onParseStart([object XPCWrappedNative_NoHelper])
  ->  [CoreEvents.js:293] fireEvent("PARSE_START",[object Array])
  ->  [CoreEvents.js:238] fire("PARSE_START",[object XPCWrappedNative_NoHelper])
  ->  [aptEventHandler.js:306] observe([object XPCWrappedNative_NoHelper],"jaxerEvent.HTMLParseStart",null)
paths:
  -> file:///E:/Aptana%20Jaxer%20Apache/Jaxer/Apache2-4Build/jaxer/framework/src/ModuleLogger.js
  -> file:///E:/Aptana%20Jaxer%20Apache/Jaxer/Apache2-4Build/jaxer/framework/src/SessionManager.js
  -> file:///E:/Aptana%20Jaxer%20Apache/Jaxer/Apache2-4Build/jaxer/framework/src/Container.js
  -> file:///E:/Aptana%20Jaxer%20Apache/Jaxer/Apache2-4Build/jaxer/framework/src/ParseStart.js
  -> file:///E:/Aptana%20Jaxer%20Apache/Jaxer/Apache2-4Build/jaxer/framework/src/CoreEvents.js
  -> file:///E:/Aptana%20Jaxer%20Apache/Jaxer/Apache2-4Build/jaxer/components/aptEventHandler.js

01:12:58 12/24/2025 [ 32928] [DEBUG] [JS Framework] [Container.init] Created APPLICATION container as Jaxer.application with key localhost:8081
stack:
  ->  [ModuleLogger.js:98] debug("Created APPLICATION container as Jaxer.application with key localhost:8081")
  ->  [Container.js:485] init("localhost:8081","localhost:8081/aptana/doc/api/Jaxer.index-frame.html")
  ->  [ParseStart.js:122] onParseStart([object XPCWrappedNative_NoHelper])
  ->  [CoreEvents.js:293] fireEvent("PARSE_START",[object Array])
  ->  [CoreEvents.js:238] fire("PARSE_START",[object XPCWrappedNative_NoHelper])
  ->  [aptEventHandler.js:306] observe([object XPCWrappedNative_NoHelper],"jaxerEvent.HTMLParseStart",null)
paths:
  -> file:///E:/Aptana%20Jaxer%20Apache/Jaxer/Apache2-4Build/jaxer/framework/src/ModuleLogger.js
  -> file:///E:/Aptana%20Jaxer%20Apache/Jaxer/Apache2-4Build/jaxer/framework/src/Container.js
  -> file:///E:/Aptana%20Jaxer%20Apache/Jaxer/Apache2-4Build/jaxer/framework/src/ParseStart.js
  -> file:///E:/Aptana%20Jaxer%20Apache/Jaxer/Apache2-4Build/jaxer/framework/src/CoreEvents.js
  -> file:///E:/Aptana%20Jaxer%20Apache/Jaxer/Apache2-4Build/jaxer/components/aptEventHandler.js

01:12:58 12/24/2025 [ 32928] [DEBUG] [JS Framework] [Container.init] Created PAGE container as Jaxer.page with key localhost:8081/aptana/doc/api/Jaxer.index-frame.html
stack:
  ->  [ModuleLogger.js:98] debug("Created PAGE container as Jaxer.page with key localhost:8081/aptana/doc/api/Jaxer.index-frame.html")
  ->  [Container.js:485] init("localhost:8081","localhost:8081/aptana/doc/api/Jaxer.index-frame.html")
  ->  [ParseStart.js:122] onParseStart([object XPCWrappedNative_NoHelper])
  ->  [CoreEvents.js:293] fireEvent("PARSE_START",[object Array])
  ->  [CoreEvents.js:238] fire("PARSE_START",[object XPCWrappedNative_NoHelper])
  ->  [aptEventHandler.js:306] observe([object XPCWrappedNative_NoHelper],"jaxerEvent.HTMLParseStart",null)
paths:
  -> file:///E:/Aptana%20Jaxer%20Apache/Jaxer/Apache2-4Build/jaxer/framework/src/ModuleLogger.js
  -> file:///E:/Aptana%20Jaxer%20Apache/Jaxer/Apache2-4Build/jaxer/framework/src/Container.js
  -> file:///E:/Aptana%20Jaxer%20Apache/Jaxer/Apache2-4Build/jaxer/framework/src/ParseStart.js
  -> file:///E:/Aptana%20Jaxer%20Apache/Jaxer/Apache2-4Build/jaxer/framework/src/CoreEvents.js
  -> file:///E:/Aptana%20Jaxer%20Apache/Jaxer/Apache2-4Build/jaxer/components/aptEventHandler.js

01:12:58 12/24/2025 [ 32928] [DEBUG] [JS Framework] [Container.init] Created SESSION container as Jaxer.session with key 176589175647709027719934159097
stack:
  ->  [ModuleLogger.js:98] debug("Created SESSION container as Jaxer.session with key 176589175647709027719934159097")
  ->  [Container.js:485] init("localhost:8081","localhost:8081/aptana/doc/api/Jaxer.index-frame.html")
  ->  [ParseStart.js:122] onParseStart([object XPCWrappedNative_NoHelper])
  ->  [CoreEvents.js:293] fireEvent("PARSE_START",[object Array])
  ->  [CoreEvents.js:238] fire("PARSE_START",[object XPCWrappedNative_NoHelper])
  ->  [aptEventHandler.js:306] observe([object XPCWrappedNative_NoHelper],"jaxerEvent.HTMLParseStart",null)
paths:
  -> file:///E:/Aptana%20Jaxer%20Apache/Jaxer/Apache2-4Build/jaxer/framework/src/ModuleLogger.js
  -> file:///E:/Aptana%20Jaxer%20Apache/Jaxer/Apache2-4Build/jaxer/framework/src/Container.js
  -> file:///E:/Aptana%20Jaxer%20Apache/Jaxer/Apache2-4Build/jaxer/framework/src/ParseStart.js
  -> file:///E:/Aptana%20Jaxer%20Apache/Jaxer/Apache2-4Build/jaxer/framework/src/CoreEvents.js
  -> file:///E:/Aptana%20Jaxer%20Apache/Jaxer/Apache2-4Build/jaxer/components/aptEventHandler.js

01:12:58 12/24/2025 [ 32928] [DEBUG] [JS Framework] [Container.init] Created SESSION_PAGE container as Jaxer.sessionPage with key 176589175647709027719934159097$$localhost:8081/aptana/doc/api/Jaxer.index-frame.html
stack:
  ->  [ModuleLogger.js:98] debug("Created SESSION_PAGE container as Jaxer.sessionPage with key 176589175647709027719934159097$$localhost:8081/aptana/doc/api/Jaxer.index-frame.html")
  ->  [Container.js:485] init("localhost:8081","localhost:8081/aptana/doc/api/Jaxer.index-frame.html")
  ->  [ParseStart.js:122] onParseStart([object XPCWrappedNative_NoHelper])
  ->  [CoreEvents.js:293] fireEvent("PARSE_START",[object Array])
  ->  [CoreEvents.js:238] fire("PARSE_START",[object XPCWrappedNative_NoHelper])
  ->  [aptEventHandler.js:306] observe([object XPCWrappedNative_NoHelper],"jaxerEvent.HTMLParseStart",null)
paths:
  -> file:///E:/Aptana%20Jaxer%20Apache/Jaxer/Apache2-4Build/jaxer/framework/src/ModuleLogger.js
  -> file:///E:/Aptana%20Jaxer%20Apache/Jaxer/Apache2-4Build/jaxer/framework/src/Container.js
  -> file:///E:/Aptana%20Jaxer%20Apache/Jaxer/Apache2-4Build/jaxer/framework/src/ParseStart.js
  -> file:///E:/Aptana%20Jaxer%20Apache/Jaxer/Apache2-4Build/jaxer/framework/src/CoreEvents.js
  -> file:///E:/Aptana%20Jaxer%20Apache/Jaxer/Apache2-4Build/jaxer/components/aptEventHandler.js

01:12:58 12/24/2025 [ 32928] [TRACE] [JS Framework] [DB.setDefault] Setting default connection for app: DEFAULT
stack:
  ->  [ModuleLogger.js:98] trace("Setting default connection for app: DEFAULT")
  ->  [DB.js:162] setDefault("DEFAULT",[object Object])
  ->  [ParseStart.js:123] onParseStart([object XPCWrappedNative_NoHelper])
  ->  [CoreEvents.js:293] fireEvent("PARSE_START",[object Array])
  ->  [CoreEvents.js:238] fire("PARSE_START",[object XPCWrappedNative_NoHelper])
  ->  [aptEventHandler.js:306] observe([object XPCWrappedNative_NoHelper],"jaxerEvent.HTMLParseStart",null)
paths:
  -> file:///E:/Aptana%20Jaxer%20Apache/Jaxer/Apache2-4Build/jaxer/framework/src/ModuleLogger.js
  -> file:///E:/Aptana%20Jaxer%20Apache/Jaxer/Apache2-4Build/jaxer/framework/src/DB.js
  -> file:///E:/Aptana%20Jaxer%20Apache/Jaxer/Apache2-4Build/jaxer/framework/src/ParseStart.js
  -> file:///E:/Aptana%20Jaxer%20Apache/Jaxer/Apache2-4Build/jaxer/framework/src/CoreEvents.js
  -> file:///E:/Aptana%20Jaxer%20Apache/Jaxer/Apache2-4Build/jaxer/components/aptEventHandler.js

01:12:58 12/24/2025 [ 32928] [TRACE] [JS Framework] [CoreEvents.fire] At this time, evt.Request.isHandler=false and eventType: NEW_ELEMENT - HTML
stack:
  ->  [ModuleLogger.js:98] trace("At this time, evt.Request.isHandler=false and eventType: NEW_ELEMENT - HTML")
  ->  [CoreEvents.js:205] fire("NEW_ELEMENT",[object XPCWrappedNative_NoHelper],[object HTMLDocument],[object HTMLHtmlElement])
  ->  [aptEventHandler.js:157] observe([object XPCWrappedNative_NoHelper],"jaxerEvent.NewHTMLElement",null)
paths:
  -> file:///E:/Aptana%20Jaxer%20Apache/Jaxer/Apache2-4Build/jaxer/framework/src/ModuleLogger.js
  -> file:///E:/Aptana%20Jaxer%20Apache/Jaxer/Apache2-4Build/jaxer/framework/src/CoreEvents.js
  -> file:///E:/Aptana%20Jaxer%20Apache/Jaxer/Apache2-4Build/jaxer/components/aptEventHandler.js

01:12:58 12/24/2025 [ 32928] [TRACE] [JS Framework] [CoreEvents.fireEvent] Firing an event for NEW_ELEMENT
stack:
  ->  [ModuleLogger.js:98] trace("Firing an event for NEW_ELEMENT")
  ->  [CoreEvents.js:282] fireEvent("NEW_ELEMENT",[object Array])
  ->  [CoreEvents.js:238] fire("NEW_ELEMENT",[object XPCWrappedNative_NoHelper],[object HTMLDocument],[object HTMLHtmlElement])
  ->  [aptEventHandler.js:157] observe([object XPCWrappedNative_NoHelper],"jaxerEvent.NewHTMLElement",null)
paths:
  -> file:///E:/Aptana%20Jaxer%20Apache/Jaxer/Apache2-4Build/jaxer/framework/src/ModuleLogger.js
  -> file:///E:/Aptana%20Jaxer%20Apache/Jaxer/Apache2-4Build/jaxer/framework/src/CoreEvents.js
  -> file:///E:/Aptana%20Jaxer%20Apache/Jaxer/Apache2-4Build/jaxer/components/aptEventHandler.js

01:12:58 12/24/2025 [ 32928] [TRACE] [JS Framework] [CoreEvents.fireEvent] Calling event handler: function onNewElement(evt, doc, elt) {
    switch (elt.tagNa...
stack:
  ->  [ModuleLogger.js:98] trace("Calling event handler: function onNewElement(evt, doc, elt) {\n    switch (elt.tagNa...")
  ->  [CoreEvents.js:292] fireEvent("NEW_ELEMENT",[object Array])
  ->  [CoreEvents.js:238] fire("NEW_ELEMENT",[object XPCWrappedNative_NoHelper],[object HTMLDocument],[object HTMLHtmlElement])
  ->  [aptEventHandler.js:157] observe([object XPCWrappedNative_NoHelper],"jaxerEvent.NewHTMLElement",null)
paths:
  -> file:///E:/Aptana%20Jaxer%20Apache/Jaxer/Apache2-4Build/jaxer/framework/src/ModuleLogger.js
  -> file:///E:/Aptana%20Jaxer%20Apache/Jaxer/Apache2-4Build/jaxer/framework/src/CoreEvents.js
  -> file:///E:/Aptana%20Jaxer%20Apache/Jaxer/Apache2-4Build/jaxer/components/aptEventHandler.js

01:12:58 12/24/2025 [ 32928] [TRACE] [JS Framework] [CoreEvents.fire] At this time, evt.Request.isHandler=false and eventType: NEW_ELEMENT - HEAD
stack:
  ->  [ModuleLogger.js:98] trace("At this time, evt.Request.isHandler=false and eventType: NEW_ELEMENT - HEAD")
  ->  [CoreEvents.js:205] fire("NEW_ELEMENT",[object XPCWrappedNative_NoHelper],[object HTMLDocument],[object HTMLHeadElement])
  ->  [aptEventHandler.js:157] observe([object XPCWrappedNative_NoHelper],"jaxerEvent.NewHTMLElement",null)
paths:
  -> file:///E:/Aptana%20Jaxer%20Apache/Jaxer/Apache2-4Build/jaxer/framework/src/ModuleLogger.js
  -> file:///E:/Aptana%20Jaxer%20Apache/Jaxer/Apache2-4Build/jaxer/framework/src/CoreEvents.js
  -> file:///E:/Aptana%20Jaxer%20Apache/Jaxer/Apache2-4Build/jaxer/components/aptEventHandler.js

01:12:58 12/24/2025 [ 32928] [TRACE] [JS Framework] [CoreEvents.fireEvent] Firing an event for NEW_ELEMENT
stack:
  ->  [ModuleLogger.js:98] trace("Firing an event for NEW_ELEMENT")
  ->  [CoreEvents.js:282] fireEvent("NEW_ELEMENT",[object Array])
  ->  [CoreEvents.js:238] fire("NEW_ELEMENT",[object XPCWrappedNative_NoHelper],[object HTMLDocument],[object HTMLHeadElement])
  ->  [aptEventHandler.js:157] observe([object XPCWrappedNative_NoHelper],"jaxerEvent.NewHTMLElement",null)
paths:
  -> file:///E:/Aptana%20Jaxer%20Apache/Jaxer/Apache2-4Build/jaxer/framework/src/ModuleLogger.js
  -> file:///E:/Aptana%20Jaxer%20Apache/Jaxer/Apache2-4Build/jaxer/framework/src/CoreEvents.js
  -> file:///E:/Aptana%20Jaxer%20Apache/Jaxer/Apache2-4Build/jaxer/components/aptEventHandler.js

01:12:58 12/24/2025 [ 32928] [TRACE] [JS Framework] [CoreEvents.fireEvent] Calling event handler: function onNewElement(evt, doc, elt) {
    switch (elt.tagNa...
stack:
  ->  [ModuleLogger.js:98] trace("Calling event handler: function onNewElement(evt, doc, elt) {\n    switch (elt.tagNa...")
  ->  [CoreEvents.js:292] fireEvent("NEW_ELEMENT",[object Array])
  ->  [CoreEvents.js:238] fire("NEW_ELEMENT",[object XPCWrappedNative_NoHelper],[object HTMLDocument],[object HTMLHeadElement])
  ->  [aptEventHandler.js:157] observe([object XPCWrappedNative_NoHelper],"jaxerEvent.NewHTMLElement",null)
paths:
  -> file:///E:/Aptana%20Jaxer%20Apache/Jaxer/Apache2-4Build/jaxer/framework/src/ModuleLogger.js
  -> file:///E:/Aptana%20Jaxer%20Apache/Jaxer/Apache2-4Build/jaxer/framework/src/CoreEvents.js
  -> file:///E:/Aptana%20Jaxer%20Apache/Jaxer/Apache2-4Build/jaxer/components/aptEventHandler.js

01:12:58 12/24/2025 [ 32928] [TRACE] [JS Framework] [CoreEvents.fire] At this time, evt.Request.isHandler=false and eventType: INIT_HEAD
stack:
  ->  [ModuleLogger.js:98] trace("At this time, evt.Request.isHandler=false and eventType: INIT_HEAD")
  ->  [CoreEvents.js:205] fire("INIT_HEAD",[object XPCWrappedNative_NoHelper],[object HTMLDocument])
  ->  [aptEventHandler.js:139] observe([object XPCWrappedNative_NoHelper],"jaxerEvent.NewHTMLElement",null)
paths:
  -> file:///E:/Aptana%20Jaxer%20Apache/Jaxer/Apache2-4Build/jaxer/framework/src/ModuleLogger.js
  -> file:///E:/Aptana%20Jaxer%20Apache/Jaxer/Apache2-4Build/jaxer/framework/src/CoreEvents.js
  -> file:///E:/Aptana%20Jaxer%20Apache/Jaxer/Apache2-4Build/jaxer/components/aptEventHandler.js

01:12:58 12/24/2025 [ 32928] [TRACE] [JS Framework] [CoreEvents.fireEvent] Firing an event for INIT_HEAD
stack:
  ->  [ModuleLogger.js:98] trace("Firing an event for INIT_HEAD")
  ->  [CoreEvents.js:282] fireEvent("INIT_HEAD",[object Array])
  ->  [CoreEvents.js:238] fire("INIT_HEAD",[object XPCWrappedNative_NoHelper],[object HTMLDocument])
  ->  [aptEventHandler.js:139] observe([object XPCWrappedNative_NoHelper],"jaxerEvent.NewHTMLElement",null)
paths:
  -> file:///E:/Aptana%20Jaxer%20Apache/Jaxer/Apache2-4Build/jaxer/framework/src/ModuleLogger.js
  -> file:///E:/Aptana%20Jaxer%20Apache/Jaxer/Apache2-4Build/jaxer/framework/src/CoreEvents.js
  -> file:///E:/Aptana%20Jaxer%20Apache/Jaxer/Apache2-4Build/jaxer/components/aptEventHandler.js

01:12:58 12/24/2025 [ 32928] [TRACE] [JS Framework] [CoreEvents.fireEvent] Calling event handler: function onInitHead(evt, doc) {
    Jaxer.load = function lo...
stack:
  ->  [ModuleLogger.js:98] trace("Calling event handler: function onInitHead(evt, doc) {\n    Jaxer.load = function lo...")
  ->  [CoreEvents.js:292] fireEvent("INIT_HEAD",[object Array])
  ->  [CoreEvents.js:238] fire("INIT_HEAD",[object XPCWrappedNative_NoHelper],[object HTMLDocument])
  ->  [aptEventHandler.js:139] observe([object XPCWrappedNative_NoHelper],"jaxerEvent.NewHTMLElement",null)
paths:
  -> file:///E:/Aptana%20Jaxer%20Apache/Jaxer/Apache2-4Build/jaxer/framework/src/ModuleLogger.js
  -> file:///E:/Aptana%20Jaxer%20Apache/Jaxer/Apache2-4Build/jaxer/framework/src/CoreEvents.js
  -> file:///E:/Aptana%20Jaxer%20Apache/Jaxer/Apache2-4Build/jaxer/components/aptEventHandler.js

01:12:58 12/24/2025 [ 32928] [TRACE] [JS Framework] [Includer.evalOn] Evaluating using Jaxer.request.evaluateScript: contents = (function ... with global = [object ChromeWindow] and effectiveUrl = undefined
stack:
  ->  [ModuleLogger.js:98] trace("Evaluating using Jaxer.request.evaluateScript: contents = (function ... with global = [object ChromeWindow] and effectiveUrl = undefined")
  ->  [Includer.js:131] evalOn("(function extendDomSetters(global) {if (global.HTMLInputElement) {var inputValueSetter = global.HTMLInputElement.prototype.__lookupSetter__(\"value\");global.HTMLInputElement.prototype.__defineSetter__(\"value\", function (val) {inputValueSetter.call(this, val);this.setAttribute(\"value\", val);});var inputCheckedSetter = global.HTMLInputElement.prototype.__lookupSetter__(\"checked\");global.HTMLInputElement.prototype.__defineSetter__(\"checked\", function (val) {inputCheckedSetter.call(this, val);if (val) {this.setAttribute(\"checked\", null);} else {this.removeAttribute(\"checked\");}});}if (global.HTMLTextAreaElement) {var textAreaValueSetter = global.HTMLTextAreaElement.prototype.__lookupSetter__(\"value\");global.HTMLTextAreaElement.prototype.__defineSetter__(\"value\", function (val) {textAreaValueSetter.call(this, val);this.textContent = val;});}if (global.HTMLSelectElement) {var selectSelectedIndexSetter = global.HTMLSelectElement.prototype.__lookupSetter__(\"selectedIndex\");global.HTMLSelectElement.prototype.__defineSetter__(\"selectedIndex\", function (index) {selectSelectedIndexSetter.call(this, index);var option = this.options[index];if (option) {for (var i = 0, len = this.options.length; i < len; i++) {if (i == index) {this.options[i].setAttribute(\"selected\", null);} else {this.options[i].removeAttribute(\"selected\");}}}});}if (global.HTMLOptionElement) {var optionSelectedSetter = global.HTMLOptionElement.prototype.__lookupSetter__(\"selected\");global.HTMLOptionElement.prototype.__defineSetter__(\"selected\", function (val) {optionSelectedSetter.call(this, val);if (val) {this.setAttribute(\"selected\", null);} else {this.removeAttribute(\"selected\");}});}})(document.defaultView)",[object ChromeWindow])
  ->  [Overrides.js:370] applyAll([object ChromeWindow])
  ->  [InitHead.js:78] onInitHead([object XPCWrappedNative_NoHelper],[object HTMLDocument])
  ->  [CoreEvents.js:293] fireEvent("INIT_HEAD",[object Array])
  ->  [CoreEvents.js:238] fire("INIT_HEAD",[object XPCWrappedNative_NoHelper],[object HTMLDocument])
  ->  [aptEventHandler.js:139] observe([object XPCWrappedNative_NoHelper],"jaxerEvent.NewHTMLElement",null)
paths:
  -> file:///E:/Aptana%20Jaxer%20Apache/Jaxer/Apache2-4Build/jaxer/framework/src/ModuleLogger.js
  -> file:///E:/Aptana%20Jaxer%20Apache/Jaxer/Apache2-4Build/jaxer/framework/src/Includer.js
  -> file:///E:/Aptana%20Jaxer%20Apache/Jaxer/Apache2-4Build/jaxer/framework/src/Overrides.js
  -> file:///E:/Aptana%20Jaxer%20Apache/Jaxer/Apache2-4Build/jaxer/framework/src/InitHead.js
  -> file:///E:/Aptana%20Jaxer%20Apache/Jaxer/Apache2-4Build/jaxer/framework/src/CoreEvents.js
  -> file:///E:/Aptana%20Jaxer%20Apache/Jaxer/Apache2-4Build/jaxer/components/aptEventHandler.js

01:12:58 12/24/2025 [ 32928] [TRACE] [JS Framework] [CoreEvents.fire] At this time, evt.Request.isHandler=false and eventType: NEW_ELEMENT - META
stack:
  ->  [ModuleLogger.js:98] trace("At this time, evt.Request.isHandler=false and eventType: NEW_ELEMENT - META")
  ->  [CoreEvents.js:205] fire("NEW_ELEMENT",[object XPCWrappedNative_NoHelper],[object HTMLDocument],[object HTMLMetaElement])
  ->  [aptEventHandler.js:157] observe([object XPCWrappedNative_NoHelper],"jaxerEvent.NewHTMLElement",null)
paths:
  -> file:///E:/Aptana%20Jaxer%20Apache/Jaxer/Apache2-4Build/jaxer/framework/src/ModuleLogger.js
  -> file:///E:/Aptana%20Jaxer%20Apache/Jaxer/Apache2-4Build/jaxer/framework/src/CoreEvents.js
  -> file:///E:/Aptana%20Jaxer%20Apache/Jaxer/Apache2-4Build/jaxer/components/aptEventHandler.js

01:12:58 12/24/2025 [ 32928] [TRACE] [JS Framework] [CoreEvents.fireEvent] Firing an event for NEW_ELEMENT
stack:
  ->  [ModuleLogger.js:98] trace("Firing an event for NEW_ELEMENT")
  ->  [CoreEvents.js:282] fireEvent("NEW_ELEMENT",[object Array])
  ->  [CoreEvents.js:238] fire("NEW_ELEMENT",[object XPCWrappedNative_NoHelper],[object HTMLDocument],[object HTMLMetaElement])
  ->  [aptEventHandler.js:157] observe([object XPCWrappedNative_NoHelper],"jaxerEvent.NewHTMLElement",null)
paths:
  -> file:///E:/Aptana%20Jaxer%20Apache/Jaxer/Apache2-4Build/jaxer/framework/src/ModuleLogger.js
  -> file:///E:/Aptana%20Jaxer%20Apache/Jaxer/Apache2-4Build/jaxer/framework/src/CoreEvents.js
  -> file:///E:/Aptana%20Jaxer%20Apache/Jaxer/Apache2-4Build/jaxer/components/aptEventHandler.js

01:12:58 12/24/2025 [ 32928] [TRACE] [JS Framework] [CoreEvents.fireEvent] Calling event handler: function onNewElement(evt, doc, elt) {
    switch (elt.tagNa...
stack:
  ->  [ModuleLogger.js:98] trace("Calling event handler: function onNewElement(evt, doc, elt) {\n    switch (elt.tagNa...")
  ->  [CoreEvents.js:292] fireEvent("NEW_ELEMENT",[object Array])
  ->  [CoreEvents.js:238] fire("NEW_ELEMENT",[object XPCWrappedNative_NoHelper],[object HTMLDocument],[object HTMLMetaElement])
  ->  [aptEventHandler.js:157] observe([object XPCWrappedNative_NoHelper],"jaxerEvent.NewHTMLElement",null)
paths:
  -> file:///E:/Aptana%20Jaxer%20Apache/Jaxer/Apache2-4Build/jaxer/framework/src/ModuleLogger.js
  -> file:///E:/Aptana%20Jaxer%20Apache/Jaxer/Apache2-4Build/jaxer/framework/src/CoreEvents.js
  -> file:///E:/Aptana%20Jaxer%20Apache/Jaxer/Apache2-4Build/jaxer/components/aptEventHandler.js

01:12:58 12/24/2025 [ 32928] [TRACE] [JS Framework] [CoreEvents.fire] At this time, evt.Request.isHandler=false and eventType: PARSE_COMPLETE
stack:
  ->  [ModuleLogger.js:98] trace("At this time, evt.Request.isHandler=false and eventType: PARSE_COMPLETE")
  ->  [CoreEvents.js:205] fire("PARSE_COMPLETE",[object XPCWrappedNative_NoHelper],[object HTMLDocument])
  ->  [aptEventHandler.js:337] observe([object XPCWrappedNative_NoHelper],"jaxerEvent.HTMLParseComplete",null)
paths:
  -> file:///E:/Aptana%20Jaxer%20Apache/Jaxer/Apache2-4Build/jaxer/framework/src/ModuleLogger.js
  -> file:///E:/Aptana%20Jaxer%20Apache/Jaxer/Apache2-4Build/jaxer/framework/src/CoreEvents.js
  -> file:///E:/Aptana%20Jaxer%20Apache/Jaxer/Apache2-4Build/jaxer/components/aptEventHandler.js

01:12:58 12/24/2025 [ 32928] [TRACE] [JS Framework] [CoreEvents.fireEvent] Firing an event for HANDLE_PAGE
stack:
  ->  [ModuleLogger.js:98] trace("Firing an event for HANDLE_PAGE")
  ->  [CoreEvents.js:282] fireEvent("HANDLE_PAGE",[object Array])
  ->  [CoreEvents.js:234] fire("PARSE_COMPLETE",[object XPCWrappedNative_NoHelper],[object HTMLDocument])
  ->  [aptEventHandler.js:337] observe([object XPCWrappedNative_NoHelper],"jaxerEvent.HTMLParseComplete",null)
paths:
  -> file:///E:/Aptana%20Jaxer%20Apache/Jaxer/Apache2-4Build/jaxer/framework/src/ModuleLogger.js
  -> file:///E:/Aptana%20Jaxer%20Apache/Jaxer/Apache2-4Build/jaxer/framework/src/CoreEvents.js
  -> file:///E:/Aptana%20Jaxer%20Apache/Jaxer/Apache2-4Build/jaxer/components/aptEventHandler.js

01:12:58 12/24/2025 [ 32928] [TRACE] [JS Framework] [CoreEvents.fireEvent] Calling event handler: function onHandlePage(evt, doc) {
    if (checkErrors(doc)) ...
stack:
  ->  [ModuleLogger.js:98] trace("Calling event handler: function onHandlePage(evt, doc) {\n    if (checkErrors(doc)) ...")
  ->  [CoreEvents.js:292] fireEvent("HANDLE_PAGE",[object Array])
  ->  [CoreEvents.js:234] fire("PARSE_COMPLETE",[object XPCWrappedNative_NoHelper],[object HTMLDocument])
  ->  [aptEventHandler.js:337] observe([object XPCWrappedNative_NoHelper],"jaxerEvent.HTMLParseComplete",null)
paths:
  -> file:///E:/Aptana%20Jaxer%20Apache/Jaxer/Apache2-4Build/jaxer/framework/src/ModuleLogger.js
  -> file:///E:/Aptana%20Jaxer%20Apache/Jaxer/Apache2-4Build/jaxer/framework/src/CoreEvents.js
  -> file:///E:/Aptana%20Jaxer%20Apache/Jaxer/Apache2-4Build/jaxer/components/aptEventHandler.js

01:12:58 12/24/2025 [ 32928] [TRACE] [JS Framework] [HandlePage.onHandlePage] Processing onserverload with doc = [object HTMLDocument]
stack:
  ->  [ModuleLogger.js:98] trace("Processing onserverload with doc = [object HTMLDocument]")
  ->  [HandlePage.js:58] onHandlePage([object XPCWrappedNative_NoHelper],[object HTMLDocument])
  ->  [CoreEvents.js:293] fireEvent("HANDLE_PAGE",[object Array])
  ->  [CoreEvents.js:234] fire("PARSE_COMPLETE",[object XPCWrappedNative_NoHelper],[object HTMLDocument])
  ->  [aptEventHandler.js:337] observe([object XPCWrappedNative_NoHelper],"jaxerEvent.HTMLParseComplete",null)
paths:
  -> file:///E:/Aptana%20Jaxer%20Apache/Jaxer/Apache2-4Build/jaxer/framework/src/ModuleLogger.js
  -> file:///E:/Aptana%20Jaxer%20Apache/Jaxer/Apache2-4Build/jaxer/framework/src/HandlePage.js
  -> file:///E:/Aptana%20Jaxer%20Apache/Jaxer/Apache2-4Build/jaxer/framework/src/CoreEvents.js
  -> file:///E:/Aptana%20Jaxer%20Apache/Jaxer/Apache2-4Build/jaxer/components/aptEventHandler.js

01:12:58 12/24/2025 [ 32928] [TRACE] [JS Framework] [HandlePage.processLoadEvent] Processing load event 'serverload' with doc = [object HTMLDocument]
stack:
  ->  [ModuleLogger.js:98] trace("Processing load event 'serverload' with doc = [object HTMLDocument]")
  ->  [HandlePage.js:258] processLoadEvent("serverload",[object HTMLDocument],true)
  ->  [HandlePage.js:222] processOnServerLoad([object HTMLDocument])
  ->  [HandlePage.js:59] onHandlePage([object XPCWrappedNative_NoHelper],[object HTMLDocument])
  ->  [CoreEvents.js:293] fireEvent("HANDLE_PAGE",[object Array])
  ->  [CoreEvents.js:234] fire("PARSE_COMPLETE",[object XPCWrappedNative_NoHelper],[object HTMLDocument])
  ->  [aptEventHandler.js:337] observe([object XPCWrappedNative_NoHelper],"jaxerEvent.HTMLParseComplete",null)
paths:
  -> file:///E:/Aptana%20Jaxer%20Apache/Jaxer/Apache2-4Build/jaxer/framework/src/ModuleLogger.js
  -> file:///E:/Aptana%20Jaxer%20Apache/Jaxer/Apache2-4Build/jaxer/framework/src/HandlePage.js
  -> file:///E:/Aptana%20Jaxer%20Apache/Jaxer/Apache2-4Build/jaxer/framework/src/CoreEvents.js
  -> file:///E:/Aptana%20Jaxer%20Apache/Jaxer/Apache2-4Build/jaxer/components/aptEventHandler.js

01:12:58 12/24/2025 [ 32928] [TRACE] [JS Framework] [HandlePage.processLoadEvent] Processing load event 'load' with doc = [object HTMLDocument]
stack:
  ->  [ModuleLogger.js:98] trace("Processing load event 'load' with doc = [object HTMLDocument]")
  ->  [HandlePage.js:258] processLoadEvent("load",[object HTMLDocument],false)
  ->  [HandlePage.js:227] processOnServerLoad([object HTMLDocument])
  ->  [HandlePage.js:59] onHandlePage([object XPCWrappedNative_NoHelper],[object HTMLDocument])
  ->  [CoreEvents.js:293] fireEvent("HANDLE_PAGE",[object Array])
  ->  [CoreEvents.js:234] fire("PARSE_COMPLETE",[object XPCWrappedNative_NoHelper],[object HTMLDocument])
  ->  [aptEventHandler.js:337] observe([object XPCWrappedNative_NoHelper],"jaxerEvent.HTMLParseComplete",null)
paths:
  -> file:///E:/Aptana%20Jaxer%20Apache/Jaxer/Apache2-4Build/jaxer/framework/src/ModuleLogger.js
  -> file:///E:/Aptana%20Jaxer%20Apache/Jaxer/Apache2-4Build/jaxer/framework/src/HandlePage.js
  -> file:///E:/Aptana%20Jaxer%20Apache/Jaxer/Apache2-4Build/jaxer/framework/src/CoreEvents.js
  -> file:///E:/Aptana%20Jaxer%20Apache/Jaxer/Apache2-4Build/jaxer/components/aptEventHandler.js

01:12:58 12/24/2025 [ 32928] [DEBUG] [JS Framework] [HandlePage.onHandlePage] Script processing starting
stack:
  ->  [ModuleLogger.js:98] debug("Script processing starting")
  ->  [HandlePage.js:62] onHandlePage([object XPCWrappedNative_NoHelper],[object HTMLDocument])
  ->  [CoreEvents.js:293] fireEvent("HANDLE_PAGE",[object Array])
  ->  [CoreEvents.js:234] fire("PARSE_COMPLETE",[object XPCWrappedNative_NoHelper],[object HTMLDocument])
  ->  [aptEventHandler.js:337] observe([object XPCWrappedNative_NoHelper],"jaxerEvent.HTMLParseComplete",null)
paths:
  -> file:///E:/Aptana%20Jaxer%20Apache/Jaxer/Apache2-4Build/jaxer/framework/src/ModuleLogger.js
  -> file:///E:/Aptana%20Jaxer%20Apache/Jaxer/Apache2-4Build/jaxer/framework/src/HandlePage.js
  -> file:///E:/Aptana%20Jaxer%20Apache/Jaxer/Apache2-4Build/jaxer/framework/src/CoreEvents.js
  -> file:///E:/Aptana%20Jaxer%20Apache/Jaxer/Apache2-4Build/jaxer/components/aptEventHandler.js

01:12:58 12/24/2025 [ 32928] [DEBUG] [JS Framework] [CallbackManager.processScriptElements] Found 1 script blocks to conditionally post-process
stack:
  ->  [ModuleLogger.js:98] debug("Found 1 script blocks to conditionally post-process")
  ->  [CallbackManager.js:505] processScriptElements([object Object])
  ->  [CallbackManager.js:67] processCallbacks([object HTMLDocument])
  ->  [HandlePage.js:63] onHandlePage([object XPCWrappedNative_NoHelper],[object HTMLDocument])
  ->  [CoreEvents.js:293] fireEvent("HANDLE_PAGE",[object Array])
  ->  [CoreEvents.js:234] fire("PARSE_COMPLETE",[object XPCWrappedNative_NoHelper],[object HTMLDocument])
  ->  [aptEventHandler.js:337] observe([object XPCWrappedNative_NoHelper],"jaxerEvent.HTMLParseComplete",null)
paths:
  -> file:///E:/Aptana%20Jaxer%20Apache/Jaxer/Apache2-4Build/jaxer/framework/src/ModuleLogger.js
  -> file:///E:/Aptana%20Jaxer%20Apache/Jaxer/Apache2-4Build/jaxer/framework/src/CallbackManager.js
  -> file:///E:/Aptana%20Jaxer%20Apache/Jaxer/Apache2-4Build/jaxer/framework/src/HandlePage.js
  -> file:///E:/Aptana%20Jaxer%20Apache/Jaxer/Apache2-4Build/jaxer/framework/src/CoreEvents.js
  -> file:///E:/Aptana%20Jaxer%20Apache/Jaxer/Apache2-4Build/jaxer/components/aptEventHandler.js

01:12:58 12/24/2025 [ 32928] [TRACE] [JS Framework] [CallbackManager.cacheServerFunctions] Going to cache 0 functions...
stack:
  ->  [ModuleLogger.js:98] trace("Going to cache 0 functions...")
  ->  [CallbackManager.js:91] cacheServerFunctions([object Object])
  ->  [CallbackManager.js:73] processCallbacks([object HTMLDocument])
  ->  [HandlePage.js:63] onHandlePage([object XPCWrappedNative_NoHelper],[object HTMLDocument])
  ->  [CoreEvents.js:293] fireEvent("HANDLE_PAGE",[object Array])
  ->  [CoreEvents.js:234] fire("PARSE_COMPLETE",[object XPCWrappedNative_NoHelper],[object HTMLDocument])
  ->  [aptEventHandler.js:337] observe([object XPCWrappedNative_NoHelper],"jaxerEvent.HTMLParseComplete",null)
paths:
  -> file:///E:/Aptana%20Jaxer%20Apache/Jaxer/Apache2-4Build/jaxer/framework/src/ModuleLogger.js
  -> file:///E:/Aptana%20Jaxer%20Apache/Jaxer/Apache2-4Build/jaxer/framework/src/CallbackManager.js
  -> file:///E:/Aptana%20Jaxer%20Apache/Jaxer/Apache2-4Build/jaxer/framework/src/HandlePage.js
  -> file:///E:/Aptana%20Jaxer%20Apache/Jaxer/Apache2-4Build/jaxer/framework/src/CoreEvents.js
  -> file:///E:/Aptana%20Jaxer%20Apache/Jaxer/Apache2-4Build/jaxer/components/aptEventHandler.js

01:12:58 12/24/2025 [ 32928] [DEBUG] [JS Framework] [HandlePage.onHandlePage] Script processing complete
stack:
  ->  [ModuleLogger.js:98] debug("Script processing complete")
  ->  [HandlePage.js:64] onHandlePage([object XPCWrappedNative_NoHelper],[object HTMLDocument])
  ->  [CoreEvents.js:293] fireEvent("HANDLE_PAGE",[object Array])
  ->  [CoreEvents.js:234] fire("PARSE_COMPLETE",[object XPCWrappedNative_NoHelper],[object HTMLDocument])
  ->  [aptEventHandler.js:337] observe([object XPCWrappedNative_NoHelper],"jaxerEvent.HTMLParseComplete",null)
paths:
  -> file:///E:/Aptana%20Jaxer%20Apache/Jaxer/Apache2-4Build/jaxer/framework/src/ModuleLogger.js
  -> file:///E:/Aptana%20Jaxer%20Apache/Jaxer/Apache2-4Build/jaxer/framework/src/HandlePage.js
  -> file:///E:/Aptana%20Jaxer%20Apache/Jaxer/Apache2-4Build/jaxer/framework/src/CoreEvents.js
  -> file:///E:/Aptana%20Jaxer%20Apache/Jaxer/Apache2-4Build/jaxer/components/aptEventHandler.js

01:12:58 12/24/2025 [ 32928] [TRACE] [JS Framework] [HandlePage.processLoadEvent] Processing load event 'aftercallbackprocessing' with doc = [object HTMLDocument]
stack:
  ->  [ModuleLogger.js:98] trace("Processing load event 'aftercallbackprocessing' with doc = [object HTMLDocument]")
  ->  [HandlePage.js:258] processLoadEvent("aftercallbackprocessing",[object HTMLDocument],true)
  ->  [HandlePage.js:241] processAfterCallbackProcessing([object HTMLDocument])
  ->  [HandlePage.js:66] onHandlePage([object XPCWrappedNative_NoHelper],[object HTMLDocument])
  ->  [CoreEvents.js:293] fireEvent("HANDLE_PAGE",[object Array])
  ->  [CoreEvents.js:234] fire("PARSE_COMPLETE",[object XPCWrappedNative_NoHelper],[object HTMLDocument])
  ->  [aptEventHandler.js:337] observe([object XPCWrappedNative_NoHelper],"jaxerEvent.HTMLParseComplete",null)
paths:
  -> file:///E:/Aptana%20Jaxer%20Apache/Jaxer/Apache2-4Build/jaxer/framework/src/ModuleLogger.js
  -> file:///E:/Aptana%20Jaxer%20Apache/Jaxer/Apache2-4Build/jaxer/framework/src/HandlePage.js
  -> file:///E:/Aptana%20Jaxer%20Apache/Jaxer/Apache2-4Build/jaxer/framework/src/CoreEvents.js
  -> file:///E:/Aptana%20Jaxer%20Apache/Jaxer/Apache2-4Build/jaxer/components/aptEventHandler.js

01:12:58 12/24/2025 [ 32928] [DEBUG] [JS Framework] [SessionManager.keyToResponse] Saving session key to the client via cookie JaxerSessionId$$localhost:8081: 176589175647709027719934159097
stack:
  ->  [ModuleLogger.js:98] debug("Saving session key to the client via cookie JaxerSessionId$$localhost:8081: 176589175647709027719934159097")
  ->  [SessionManager.js:82] keyToResponse("localhost:8081","176589175647709027719934159097")
  ->  [Container.js:614] persistAll([object HTMLDocument])
  ->  [HandlePage.js:73] onHandlePage([object XPCWrappedNative_NoHelper],[object HTMLDocument])
  ->  [CoreEvents.js:293] fireEvent("HANDLE_PAGE",[object Array])
  ->  [CoreEvents.js:234] fire("PARSE_COMPLETE",[object XPCWrappedNative_NoHelper],[object HTMLDocument])
  ->  [aptEventHandler.js:337] observe([object XPCWrappedNative_NoHelper],"jaxerEvent.HTMLParseComplete",null)
paths:
  -> file:///E:/Aptana%20Jaxer%20Apache/Jaxer/Apache2-4Build/jaxer/framework/src/ModuleLogger.js
  -> file:///E:/Aptana%20Jaxer%20Apache/Jaxer/Apache2-4Build/jaxer/framework/src/SessionManager.js
  -> file:///E:/Aptana%20Jaxer%20Apache/Jaxer/Apache2-4Build/jaxer/framework/src/Container.js
  -> file:///E:/Aptana%20Jaxer%20Apache/Jaxer/Apache2-4Build/jaxer/framework/src/HandlePage.js
  -> file:///E:/Aptana%20Jaxer%20Apache/Jaxer/Apache2-4Build/jaxer/framework/src/CoreEvents.js
  -> file:///E:/Aptana%20Jaxer%20Apache/Jaxer/Apache2-4Build/jaxer/components/aptEventHandler.js

01:12:58 12/24/2025 [ 32928] [TRACE] [JS Framework] [Container.persist] For container APPLICATION:localhost:8081: Persisting
stack:
  ->  [ModuleLogger.js:98] trace("For container APPLICATION:localhost:8081: Persisting")
  ->  [Container.js:313] persist()
  ->  [Container.js:620] persistAll([object HTMLDocument])
  ->  [HandlePage.js:73] onHandlePage([object XPCWrappedNative_NoHelper],[object HTMLDocument])
  ->  [CoreEvents.js:293] fireEvent("HANDLE_PAGE",[object Array])
  ->  [CoreEvents.js:234] fire("PARSE_COMPLETE",[object XPCWrappedNative_NoHelper],[object HTMLDocument])
  ->  [aptEventHandler.js:337] observe([object XPCWrappedNative_NoHelper],"jaxerEvent.HTMLParseComplete",null)
paths:
  -> file:///E:/Aptana%20Jaxer%20Apache/Jaxer/Apache2-4Build/jaxer/framework/src/ModuleLogger.js
  -> file:///E:/Aptana%20Jaxer%20Apache/Jaxer/Apache2-4Build/jaxer/framework/src/Container.js
  -> file:///E:/Aptana%20Jaxer%20Apache/Jaxer/Apache2-4Build/jaxer/framework/src/HandlePage.js
  -> file:///E:/Aptana%20Jaxer%20Apache/Jaxer/Apache2-4Build/jaxer/framework/src/CoreEvents.js
  -> file:///E:/Aptana%20Jaxer%20Apache/Jaxer/Apache2-4Build/jaxer/components/aptEventHandler.js

01:12:58 12/24/2025 [ 32928] [TRACE] [JS Framework] [Container.persist] For container PAGE:localhost:8081/aptana/doc/api/Jaxer.index-frame.html: Persisting
stack:
  ->  [ModuleLogger.js:98] trace("For container PAGE:localhost:8081/aptana/doc/api/Jaxer.index-frame.html: Persisting")
  ->  [Container.js:313] persist()
  ->  [Container.js:620] persistAll([object HTMLDocument])
  ->  [HandlePage.js:73] onHandlePage([object XPCWrappedNative_NoHelper],[object HTMLDocument])
  ->  [CoreEvents.js:293] fireEvent("HANDLE_PAGE",[object Array])
  ->  [CoreEvents.js:234] fire("PARSE_COMPLETE",[object XPCWrappedNative_NoHelper],[object HTMLDocument])
  ->  [aptEventHandler.js:337] observe([object XPCWrappedNative_NoHelper],"jaxerEvent.HTMLParseComplete",null)
paths:
  -> file:///E:/Aptana%20Jaxer%20Apache/Jaxer/Apache2-4Build/jaxer/framework/src/ModuleLogger.js
  -> file:///E:/Aptana%20Jaxer%20Apache/Jaxer/Apache2-4Build/jaxer/framework/src/Container.js
  -> file:///E:/Aptana%20Jaxer%20Apache/Jaxer/Apache2-4Build/jaxer/framework/src/HandlePage.js
  -> file:///E:/Aptana%20Jaxer%20Apache/Jaxer/Apache2-4Build/jaxer/framework/src/CoreEvents.js
  -> file:///E:/Aptana%20Jaxer%20Apache/Jaxer/Apache2-4Build/jaxer/components/aptEventHandler.js

01:12:58 12/24/2025 [ 32928] [TRACE] [JS Framework] [Container.persist] For container SESSION:176589175647709027719934159097: Persisting
stack:
  ->  [ModuleLogger.js:98] trace("For container SESSION:176589175647709027719934159097: Persisting")
  ->  [Container.js:313] persist()
  ->  [Container.js:620] persistAll([object HTMLDocument])
  ->  [HandlePage.js:73] onHandlePage([object XPCWrappedNative_NoHelper],[object HTMLDocument])
  ->  [CoreEvents.js:293] fireEvent("HANDLE_PAGE",[object Array])
  ->  [CoreEvents.js:234] fire("PARSE_COMPLETE",[object XPCWrappedNative_NoHelper],[object HTMLDocument])
  ->  [aptEventHandler.js:337] observe([object XPCWrappedNative_NoHelper],"jaxerEvent.HTMLParseComplete",null)
paths:
  -> file:///E:/Aptana%20Jaxer%20Apache/Jaxer/Apache2-4Build/jaxer/framework/src/ModuleLogger.js
  -> file:///E:/Aptana%20Jaxer%20Apache/Jaxer/Apache2-4Build/jaxer/framework/src/Container.js
  -> file:///E:/Aptana%20Jaxer%20Apache/Jaxer/Apache2-4Build/jaxer/framework/src/HandlePage.js
  -> file:///E:/Aptana%20Jaxer%20Apache/Jaxer/Apache2-4Build/jaxer/framework/src/CoreEvents.js
  -> file:///E:/Aptana%20Jaxer%20Apache/Jaxer/Apache2-4Build/jaxer/components/aptEventHandler.js

01:12:58 12/24/2025 [ 32928] [TRACE] [JS Framework] [Container.persist] For container SESSION_PAGE:176589175647709027719934159097$$localhost:8081/aptana/doc/api/Jaxer.index-frame.html: Persisting
stack:
  ->  [ModuleLogger.js:98] trace("For container SESSION_PAGE:176589175647709027719934159097$$localhost:8081/aptana/doc/api/Jaxer.index-frame.html: Persisting")
  ->  [Container.js:313] persist()
  ->  [Container.js:620] persistAll([object HTMLDocument])
  ->  [HandlePage.js:73] onHandlePage([object XPCWrappedNative_NoHelper],[object HTMLDocument])
  ->  [CoreEvents.js:293] fireEvent("HANDLE_PAGE",[object Array])
  ->  [CoreEvents.js:234] fire("PARSE_COMPLETE",[object XPCWrappedNative_NoHelper],[object HTMLDocument])
  ->  [aptEventHandler.js:337] observe([object XPCWrappedNative_NoHelper],"jaxerEvent.HTMLParseComplete",null)
paths:
  -> file:///E:/Aptana%20Jaxer%20Apache/Jaxer/Apache2-4Build/jaxer/framework/src/ModuleLogger.js
  -> file:///E:/Aptana%20Jaxer%20Apache/Jaxer/Apache2-4Build/jaxer/framework/src/Container.js
  -> file:///E:/Aptana%20Jaxer%20Apache/Jaxer/Apache2-4Build/jaxer/framework/src/HandlePage.js
  -> file:///E:/Aptana%20Jaxer%20Apache/Jaxer/Apache2-4Build/jaxer/framework/src/CoreEvents.js
  -> file:///E:/Aptana%20Jaxer%20Apache/Jaxer/Apache2-4Build/jaxer/components/aptEventHandler.js

01:12:58 12/24/2025 [ 32928] [TRACE] [JS Framework] [HandlePage.onHandlePage] Containers persisted
stack:
  ->  [ModuleLogger.js:98] trace("Containers persisted")
  ->  [HandlePage.js:74] onHandlePage([object XPCWrappedNative_NoHelper],[object HTMLDocument])
  ->  [CoreEvents.js:293] fireEvent("HANDLE_PAGE",[object Array])
  ->  [CoreEvents.js:234] fire("PARSE_COMPLETE",[object XPCWrappedNative_NoHelper],[object HTMLDocument])
  ->  [aptEventHandler.js:337] observe([object XPCWrappedNative_NoHelper],"jaxerEvent.HTMLParseComplete",null)
paths:
  -> file:///E:/Aptana%20Jaxer%20Apache/Jaxer/Apache2-4Build/jaxer/framework/src/ModuleLogger.js
  -> file:///E:/Aptana%20Jaxer%20Apache/Jaxer/Apache2-4Build/jaxer/framework/src/HandlePage.js
  -> file:///E:/Aptana%20Jaxer%20Apache/Jaxer/Apache2-4Build/jaxer/framework/src/CoreEvents.js
  -> file:///E:/Aptana%20Jaxer%20Apache/Jaxer/Apache2-4Build/jaxer/components/aptEventHandler.js

01:12:58 12/24/2025 [ 32928] [TRACE] [JS Framework] [Response.useOriginalContents] Jaxer did not end up modifying this page or having any (known) side-effects - using original response in lieu of a Jaxer-generated one
stack:
  ->  [ModuleLogger.js:98] trace("Jaxer did not end up modifying this page or having any (known) side-effects - using original response in lieu of a Jaxer-generated one")
  ->  [Response.js:540] useOriginalContents()
  ->  [HandlePage.js:197] onHandlePage([object XPCWrappedNative_NoHelper],[object HTMLDocument])
  ->  [CoreEvents.js:293] fireEvent("HANDLE_PAGE",[object Array])
  ->  [CoreEvents.js:234] fire("PARSE_COMPLETE",[object XPCWrappedNative_NoHelper],[object HTMLDocument])
  ->  [aptEventHandler.js:337] observe([object XPCWrappedNative_NoHelper],"jaxerEvent.HTMLParseComplete",null)
paths:
  -> file:///E:/Aptana%20Jaxer%20Apache/Jaxer/Apache2-4Build/jaxer/framework/src/ModuleLogger.js
  -> file:///E:/Aptana%20Jaxer%20Apache/Jaxer/Apache2-4Build/jaxer/framework/src/Response.js
  -> file:///E:/Aptana%20Jaxer%20Apache/Jaxer/Apache2-4Build/jaxer/framework/src/HandlePage.js
  -> file:///E:/Aptana%20Jaxer%20Apache/Jaxer/Apache2-4Build/jaxer/framework/src/CoreEvents.js
  -> file:///E:/Aptana%20Jaxer%20Apache/Jaxer/Apache2-4Build/jaxer/components/aptEventHandler.js

01:12:58 12/24/2025 [ 32928] [TRACE] [JS Framework] [CoreEvents.fireEvent] Firing an event for PARSE_COMPLETE
stack:
  ->  [ModuleLogger.js:98] trace("Firing an event for PARSE_COMPLETE")
  ->  [CoreEvents.js:282] fireEvent("PARSE_COMPLETE",[object Array])
  ->  [CoreEvents.js:238] fire("PARSE_COMPLETE",[object XPCWrappedNative_NoHelper],[object HTMLDocument])
  ->  [aptEventHandler.js:337] observe([object XPCWrappedNative_NoHelper],"jaxerEvent.HTMLParseComplete",null)
paths:
  -> file:///E:/Aptana%20Jaxer%20Apache/Jaxer/Apache2-4Build/jaxer/framework/src/ModuleLogger.js
  -> file:///E:/Aptana%20Jaxer%20Apache/Jaxer/Apache2-4Build/jaxer/framework/src/CoreEvents.js
  -> file:///E:/Aptana%20Jaxer%20Apache/Jaxer/Apache2-4Build/jaxer/components/aptEventHandler.js

01:12:58 12/24/2025 [ 32928] [TRACE] [JS Framework] [CoreEvents.fireEvent] Calling event handler: function onParseComplete(evt, doc) {
    Jaxer.__tempLoad.cl...
stack:
  ->  [ModuleLogger.js:98] trace("Calling event handler: function onParseComplete(evt, doc) {\n    Jaxer.__tempLoad.cl...")
  ->  [CoreEvents.js:292] fireEvent("PARSE_COMPLETE",[object Array])
  ->  [CoreEvents.js:238] fire("PARSE_COMPLETE",[object XPCWrappedNative_NoHelper],[object HTMLDocument])
  ->  [aptEventHandler.js:337] observe([object XPCWrappedNative_NoHelper],"jaxerEvent.HTMLParseComplete",null)
paths:
  -> file:///E:/Aptana%20Jaxer%20Apache/Jaxer/Apache2-4Build/jaxer/framework/src/ModuleLogger.js
  -> file:///E:/Aptana%20Jaxer%20Apache/Jaxer/Apache2-4Build/jaxer/framework/src/CoreEvents.js
  -> file:///E:/Aptana%20Jaxer%20Apache/Jaxer/Apache2-4Build/jaxer/components/aptEventHandler.js

01:12:58 12/24/2025 [ 32928] [TRACE] [JS Framework] [CoreEvents.fire] At this time, evt.Request.isHandler=false and eventType: REQUEST_COMPLETE
stack:
  ->  [ModuleLogger.js:98] trace("At this time, evt.Request.isHandler=false and eventType: REQUEST_COMPLETE")
  ->  [CoreEvents.js:205] fire("REQUEST_COMPLETE",[object XPCWrappedNative_NoHelper])
  ->  [aptEventHandler.js:351] observe([object XPCWrappedNative_NoHelper],"jaxerEvent.RequestComplete",null)
paths:
  -> file:///E:/Aptana%20Jaxer%20Apache/Jaxer/Apache2-4Build/jaxer/framework/src/ModuleLogger.js
  -> file:///E:/Aptana%20Jaxer%20Apache/Jaxer/Apache2-4Build/jaxer/framework/src/CoreEvents.js
  -> file:///E:/Aptana%20Jaxer%20Apache/Jaxer/Apache2-4Build/jaxer/components/aptEventHandler.js

01:12:58 12/24/2025 [ 32928] [TRACE] [JS Framework] [CoreEvents.fireEvent] Firing an event for REQUEST_COMPLETE
stack:
  ->  [ModuleLogger.js:98] trace("Firing an event for REQUEST_COMPLETE")
  ->  [CoreEvents.js:282] fireEvent("REQUEST_COMPLETE",[object Array])
  ->  [CoreEvents.js:238] fire("REQUEST_COMPLETE",[object XPCWrappedNative_NoHelper])
  ->  [aptEventHandler.js:351] observe([object XPCWrappedNative_NoHelper],"jaxerEvent.RequestComplete",null)
paths:
  -> file:///E:/Aptana%20Jaxer%20Apache/Jaxer/Apache2-4Build/jaxer/framework/src/ModuleLogger.js
  -> file:///E:/Aptana%20Jaxer%20Apache/Jaxer/Apache2-4Build/jaxer/framework/src/CoreEvents.js
  -> file:///E:/Aptana%20Jaxer%20Apache/Jaxer/Apache2-4Build/jaxer/components/aptEventHandler.js

01:12:58 12/24/2025 [ 32928] [TRACE] [JS Framework] [CoreEvents.fireEvent] Calling event handler: function onRequestComplete(evt) {
}...
stack:
  ->  [ModuleLogger.js:98] trace("Calling event handler: function onRequestComplete(evt) {\n}...")
  ->  [CoreEvents.js:292] fireEvent("REQUEST_COMPLETE",[object Array])
  ->  [CoreEvents.js:238] fire("REQUEST_COMPLETE",[object XPCWrappedNative_NoHelper])
  ->  [aptEventHandler.js:351] observe([object XPCWrappedNative_NoHelper],"jaxerEvent.RequestComplete",null)
paths:
  -> file:///E:/Aptana%20Jaxer%20Apache/Jaxer/Apache2-4Build/jaxer/framework/src/ModuleLogger.js
  -> file:///E:/Aptana%20Jaxer%20Apache/Jaxer/Apache2-4Build/jaxer/framework/src/CoreEvents.js
  -> file:///E:/Aptana%20Jaxer%20Apache/Jaxer/Apache2-4Build/jaxer/components/aptEventHandler.js

01:12:58 12/24/2025 [ 22864] [TRACE] [JS Framework] [CoreEvents.fire] At this time, evt.Request.isHandler=false and eventType: REQUEST_START
stack:
  ->  [ModuleLogger.js:98] trace("At this time, evt.Request.isHandler=false and eventType: REQUEST_START")
  ->  [CoreEvents.js:205] fire("REQUEST_START",[object XPCWrappedNative_NoHelper])
  ->  [aptEventHandler.js:292] observe([object XPCWrappedNative_NoHelper],"jaxerEvent.RequestStart",null)
paths:
  -> file:///E:/Aptana%20Jaxer%20Apache/Jaxer/Apache2-4Build/jaxer/framework/src/ModuleLogger.js
  -> file:///E:/Aptana%20Jaxer%20Apache/Jaxer/Apache2-4Build/jaxer/framework/src/CoreEvents.js
  -> file:///E:/Aptana%20Jaxer%20Apache/Jaxer/Apache2-4Build/jaxer/components/aptEventHandler.js

01:12:58 12/24/2025 [ 22864] [TRACE] [JS Framework] [CoreEvents.fireEvent] Firing an event for REQUEST_START
stack:
  ->  [ModuleLogger.js:98] trace("Firing an event for REQUEST_START")
  ->  [CoreEvents.js:282] fireEvent("REQUEST_START",[object Array])
  ->  [CoreEvents.js:238] fire("REQUEST_START",[object XPCWrappedNative_NoHelper])
  ->  [aptEventHandler.js:292] observe([object XPCWrappedNative_NoHelper],"jaxerEvent.RequestStart",null)
paths:
  -> file:///E:/Aptana%20Jaxer%20Apache/Jaxer/Apache2-4Build/jaxer/framework/src/ModuleLogger.js
  -> file:///E:/Aptana%20Jaxer%20Apache/Jaxer/Apache2-4Build/jaxer/framework/src/CoreEvents.js
  -> file:///E:/Aptana%20Jaxer%20Apache/Jaxer/Apache2-4Build/jaxer/components/aptEventHandler.js

01:12:58 12/24/2025 [ 22864] [TRACE] [JS Framework] [CoreEvents.fireEvent] Calling event handler: function onRequestStart(evt) {
}...
stack:
  ->  [ModuleLogger.js:98] trace("Calling event handler: function onRequestStart(evt) {\n}...")
  ->  [CoreEvents.js:292] fireEvent("REQUEST_START",[object Array])
  ->  [CoreEvents.js:238] fire("REQUEST_START",[object XPCWrappedNative_NoHelper])
  ->  [aptEventHandler.js:292] observe([object XPCWrappedNative_NoHelper],"jaxerEvent.RequestStart",null)
paths:
  -> file:///E:/Aptana%20Jaxer%20Apache/Jaxer/Apache2-4Build/jaxer/framework/src/ModuleLogger.js
  -> file:///E:/Aptana%20Jaxer%20Apache/Jaxer/Apache2-4Build/jaxer/framework/src/CoreEvents.js
  -> file:///E:/Aptana%20Jaxer%20Apache/Jaxer/Apache2-4Build/jaxer/components/aptEventHandler.js

01:12:58 12/24/2025 [ 22864] [TRACE] [JS Framework] [CoreEvents.fire] At this time, evt.Request.isHandler=false and eventType: PARSE_START
stack:
  ->  [ModuleLogger.js:98] trace("At this time, evt.Request.isHandler=false and eventType: PARSE_START")
  ->  [CoreEvents.js:205] fire("PARSE_START",[object XPCWrappedNative_NoHelper])
  ->  [aptEventHandler.js:306] observe([object XPCWrappedNative_NoHelper],"jaxerEvent.HTMLParseStart",null)
paths:
  -> file:///E:/Aptana%20Jaxer%20Apache/Jaxer/Apache2-4Build/jaxer/framework/src/ModuleLogger.js
  -> file:///E:/Aptana%20Jaxer%20Apache/Jaxer/Apache2-4Build/jaxer/framework/src/CoreEvents.js
  -> file:///E:/Aptana%20Jaxer%20Apache/Jaxer/Apache2-4Build/jaxer/components/aptEventHandler.js

01:12:58 12/24/2025 [ 22864] [TRACE] [JS Framework] [CoreEvents.fireEvent] Firing an event for PARSE_START
stack:
  ->  [ModuleLogger.js:98] trace("Firing an event for PARSE_START")
  ->  [CoreEvents.js:282] fireEvent("PARSE_START",[object Array])
  ->  [CoreEvents.js:238] fire("PARSE_START",[object XPCWrappedNative_NoHelper])
  ->  [aptEventHandler.js:306] observe([object XPCWrappedNative_NoHelper],"jaxerEvent.HTMLParseStart",null)
paths:
  -> file:///E:/Aptana%20Jaxer%20Apache/Jaxer/Apache2-4Build/jaxer/framework/src/ModuleLogger.js
  -> file:///E:/Aptana%20Jaxer%20Apache/Jaxer/Apache2-4Build/jaxer/framework/src/CoreEvents.js
  -> file:///E:/Aptana%20Jaxer%20Apache/Jaxer/Apache2-4Build/jaxer/components/aptEventHandler.js

01:12:58 12/24/2025 [ 22864] [TRACE] [JS Framework] [CoreEvents.fireEvent] Calling event handler: function onParseStart(evt) {
    Jaxer.request = frameworkGl...
stack:
  ->  [ModuleLogger.js:98] trace("Calling event handler: function onParseStart(evt) {\n    Jaxer.request = frameworkGl...")
  ->  [CoreEvents.js:292] fireEvent("PARSE_START",[object Array])
  ->  [CoreEvents.js:238] fire("PARSE_START",[object XPCWrappedNative_NoHelper])
  ->  [aptEventHandler.js:306] observe([object XPCWrappedNative_NoHelper],"jaxerEvent.HTMLParseStart",null)
paths:
  -> file:///E:/Aptana%20Jaxer%20Apache/Jaxer/Apache2-4Build/jaxer/framework/src/ModuleLogger.js
  -> file:///E:/Aptana%20Jaxer%20Apache/Jaxer/Apache2-4Build/jaxer/framework/src/CoreEvents.js
  -> file:///E:/Aptana%20Jaxer%20Apache/Jaxer/Apache2-4Build/jaxer/components/aptEventHandler.js

01:12:58 12/24/2025 [ 22864] [TRACE] [JS Framework] [Request.Request] Constructing request from: ({constructorErrors:[], _request:{}, method:"GET", isHandler:false, uri:"/aptana/doc/api/Jaxer.index.html", protocol:"HTTP/1.1", remoteUser:"", remoteHost:"desktop-lpv0ncp", remoteAddr:"::1", pageFile:"E:/Aptana Jaxer Apache/Jaxer/Apache2-4Build/jaxer/aptana/doc/api/Jaxer.index.html", documentRoot:"E:/Aptana Jaxer Apache/Jaxer/Apache2-4Build/public", OS:"WINNT", isJaxerServer:false, isHTTPS:false, queryString:"", logFileNativePath:"", action:"GET", headers:{Host:"localhost:8081", Connection:"keep-alive", 'sec-ch-ua':"\"Chromium\";v=\"140\", \"Not=A?Brand\";v=\"24\", \"Opera\";v=\"124\"", 'sec-ch-ua-mobile':"?0", 'sec-ch-ua-platform':"\"Windows\"", 'Upgrade-Insecure-Requests':"1", 'User-Agent':"Mozilla/5.0 (Windows NT 10.0; Win64; x64) AppleWebKit/537.36 (KHTML, like Gecko) Chrome/140.0.0.0 Safari/537.36 OPR/124.0.0.0", Accept:"text/html,application/xhtml+xml,application/xml;q=0.9,image/avif,image/webp,image/apng,*/*;q=0.8,application/signed-exchange;v=b3;q=0.7", 'Sec-Fetch-Site':"same-origin", 'Sec-Fetch-Mode':"navigate", 'Sec-Fetch-Dest':"frame", Referer:"http://localhost:8081/aptana/doc/api/Jaxer.index-frame.html", 'Accept-Encoding':"gzip, deflate, br, zstd", 'Accept-Language':"en-US,en;q=0.9", Cookie:"JaxerSessionId%24%24localhost%3A8081=176589175647709027719934159097; JaxerSessionId%24%24diagnostics=1766389857171006019406608883027; JaxerSessionId%24%24chat=176650225815408013378880202926; JaxerSessionId%24%24smtp-email=1766502615487048247814800171795; JaxerSessionId%24%24rss-sample=1766502620172023884340692192807; JaxerSessionId%24%24tasks=176650262827103192941976629359; JaxerSessionId%24%24wikilite=1766502633159009874746526267386; JaxerSessionId%24%24logging=176650264152708165463317747484; JaxerSessionId%24%24csajax=176650265576703773913072428896; JaxerSessionId%24%24shell=176650266145103665372259304419"}})
stack:
  ->  [ModuleLogger.js:98] trace("Constructing request from: ({constructorErrors:[], _request:{}, method:\"GET\", isHandler:false, uri:\"/aptana/doc/api/Jaxer.index.html\", protocol:\"HTTP/1.1\", remoteUser:\"\", remoteHost:\"desktop-lpv0ncp\", remoteAddr:\"::1\", pageFile:\"E:/Aptana Jaxer Apache/Jaxer/Apache2-4Build/jaxer/aptana/doc/api/Jaxer.index.html\", documentRoot:\"E:/Aptana Jaxer Apache/Jaxer/Apache2-4Build/public\", OS:\"WINNT\", isJaxerServer:false, isHTTPS:false, queryString:\"\", logFileNativePath:\"\", action:\"GET\", headers:{Host:\"localhost:8081\", Connection:\"keep-alive\", 'sec-ch-ua':\"\\\"Chromium\\\";v=\\\"140\\\", \\\"Not=A?Brand\\\";v=\\\"24\\\", \\\"Opera\\\";v=\\\"124\\\"\", 'sec-ch-ua-mobile':\"?0\", 'sec-ch-ua-platform':\"\\\"Windows\\\"\", 'Upgrade-Insecure-Requests':\"1\", 'User-Agent':\"Mozilla/5.0 (Windows NT 10.0; Win64; x64) AppleWebKit/537.36 (KHTML, like Gecko) Chrome/140.0.0.0 Safari/537.36 OPR/124.0.0.0\", Accept:\"text/html,application/xhtml+xml,application/xml;q=0.9,image/avif,image/webp,image/apng,*/*;q=0.8,application/signed-exchange;v=b3;q=0.7\", 'Sec-Fetch-Site':\"same-origin\", 'Sec-Fetch-Mode':\"navigate\", 'Sec-Fetch-Dest':\"frame\", Referer:\"http://localhost:8081/aptana/doc/api/Jaxer.index-frame.html\", 'Accept-Encoding':\"gzip, deflate, br, zstd\", 'Accept-Language':\"en-US,en;q=0.9\", Cookie:\"JaxerSessionId%24%24localhost%3A8081=176589175647709027719934159097; JaxerSessionId%24%24diagnostics=1766389857171006019406608883027; JaxerSessionId%24%24chat=176650225815408013378880202926; JaxerSessionId%24%24smtp-email=1766502615487048247814800171795; JaxerSessionId%24%24rss-sample=1766502620172023884340692192807; JaxerSessionId%24%24tasks=176650262827103192941976629359; JaxerSessionId%24%24wikilite=1766502633159009874746526267386; JaxerSessionId%24%24logging=176650264152708165463317747484; JaxerSessionId%24%24csajax=176650265576703773913072428896; JaxerSessionId%24%24shell=176650266145103665372259304419\"}})")
  ->  [Request.js:202] Request([object XPCWrappedNative_NoHelper])
  ->  [ParseStart.js:49] onParseStart([object XPCWrappedNative_NoHelper])
  ->  [CoreEvents.js:293] fireEvent("PARSE_START",[object Array])
  ->  [CoreEvents.js:238] fire("PARSE_START",[object XPCWrappedNative_NoHelper])
  ->  [aptEventHandler.js:306] observe([object XPCWrappedNative_NoHelper],"jaxerEvent.HTMLParseStart",null)
paths:
  -> file:///E:/Aptana%20Jaxer%20Apache/Jaxer/Apache2-4Build/jaxer/framework/src/ModuleLogger.js
  -> file:///E:/Aptana%20Jaxer%20Apache/Jaxer/Apache2-4Build/jaxer/framework/src/Request.js
  -> file:///E:/Aptana%20Jaxer%20Apache/Jaxer/Apache2-4Build/jaxer/framework/src/ParseStart.js
  -> file:///E:/Aptana%20Jaxer%20Apache/Jaxer/Apache2-4Build/jaxer/framework/src/CoreEvents.js
  -> file:///E:/Aptana%20Jaxer%20Apache/Jaxer/Apache2-4Build/jaxer/components/aptEventHandler.js

01:12:58 12/24/2025 [ 22864] [TRACE] [JS Framework] [ParseStart.onParseStart] Matching app using parsedUrl='({url:"http://localhost:8081/aptana/doc/api/Jaxer.index.html", scheme:"http", protocol:"http", authority:"localhost:8081", path:"/aptana/doc/api/Jaxer.index.html", query:"", fragment:"", userInfo:"", host:"localhost", port:"8081", hostAndPort:"localhost:8081", base:"http://localhost:8081", subdomain:"", domain:"localhost", pathParts:["aptana", "doc", "api", "Jaxer.index.html"], leaf:"Jaxer.index.html", queryParts:{}})'
stack:
  ->  [ModuleLogger.js:98] trace("Matching app using parsedUrl='({url:\"http://localhost:8081/aptana/doc/api/Jaxer.index.html\", scheme:\"http\", protocol:\"http\", authority:\"localhost:8081\", path:\"/aptana/doc/api/Jaxer.index.html\", query:\"\", fragment:\"\", userInfo:\"\", host:\"localhost\", port:\"8081\", hostAndPort:\"localhost:8081\", base:\"http://localhost:8081\", subdomain:\"\", domain:\"localhost\", pathParts:[\"aptana\", \"doc\", \"api\", \"Jaxer.index.html\"], leaf:\"Jaxer.index.html\", queryParts:{}})'")
  ->  [ParseStart.js:81] onParseStart([object XPCWrappedNative_NoHelper])
  ->  [CoreEvents.js:293] fireEvent("PARSE_START",[object Array])
  ->  [CoreEvents.js:238] fire("PARSE_START",[object XPCWrappedNative_NoHelper])
  ->  [aptEventHandler.js:306] observe([object XPCWrappedNative_NoHelper],"jaxerEvent.HTMLParseStart",null)
paths:
  -> file:///E:/Aptana%20Jaxer%20Apache/Jaxer/Apache2-4Build/jaxer/framework/src/ModuleLogger.js
  -> file:///E:/Aptana%20Jaxer%20Apache/Jaxer/Apache2-4Build/jaxer/framework/src/ParseStart.js
  -> file:///E:/Aptana%20Jaxer%20Apache/Jaxer/Apache2-4Build/jaxer/framework/src/CoreEvents.js
  -> file:///E:/Aptana%20Jaxer%20Apache/Jaxer/Apache2-4Build/jaxer/components/aptEventHandler.js

01:12:58 12/24/2025 [ 22864] [TRACE] [JS Framework] [App.init] Initializing app 'DEFAULT' (urlTest: /.*/)
stack:
  ->  [ModuleLogger.js:98] trace("Initializing app 'DEFAULT' (urlTest: /.*/)")
  ->  [App.js:184] init()
  ->  [ParseStart.js:110] onParseStart([object XPCWrappedNative_NoHelper])
  ->  [CoreEvents.js:293] fireEvent("PARSE_START",[object Array])
  ->  [CoreEvents.js:238] fire("PARSE_START",[object XPCWrappedNative_NoHelper])
  ->  [aptEventHandler.js:306] observe([object XPCWrappedNative_NoHelper],"jaxerEvent.HTMLParseStart",null)
paths:
  -> file:///E:/Aptana%20Jaxer%20Apache/Jaxer/Apache2-4Build/jaxer/framework/src/ModuleLogger.js
  -> file:///E:/Aptana%20Jaxer%20Apache/Jaxer/Apache2-4Build/jaxer/framework/src/App.js
  -> file:///E:/Aptana%20Jaxer%20Apache/Jaxer/Apache2-4Build/jaxer/framework/src/ParseStart.js
  -> file:///E:/Aptana%20Jaxer%20Apache/Jaxer/Apache2-4Build/jaxer/framework/src/CoreEvents.js
  -> file:///E:/Aptana%20Jaxer%20Apache/Jaxer/Apache2-4Build/jaxer/components/aptEventHandler.js

01:12:58 12/24/2025 [ 22864] [TRACE] [JS Framework] [App.init] APP_KEY for app 'DEFAULT': localhost:8081
stack:
  ->  [ModuleLogger.js:98] trace("APP_KEY for app 'DEFAULT': localhost:8081")
  ->  [App.js:196] init()
  ->  [ParseStart.js:110] onParseStart([object XPCWrappedNative_NoHelper])
  ->  [CoreEvents.js:293] fireEvent("PARSE_START",[object Array])
  ->  [CoreEvents.js:238] fire("PARSE_START",[object XPCWrappedNative_NoHelper])
  ->  [aptEventHandler.js:306] observe([object XPCWrappedNative_NoHelper],"jaxerEvent.HTMLParseStart",null)
paths:
  -> file:///E:/Aptana%20Jaxer%20Apache/Jaxer/Apache2-4Build/jaxer/framework/src/ModuleLogger.js
  -> file:///E:/Aptana%20Jaxer%20Apache/Jaxer/Apache2-4Build/jaxer/framework/src/App.js
  -> file:///E:/Aptana%20Jaxer%20Apache/Jaxer/Apache2-4Build/jaxer/framework/src/ParseStart.js
  -> file:///E:/Aptana%20Jaxer%20Apache/Jaxer/Apache2-4Build/jaxer/framework/src/CoreEvents.js
  -> file:///E:/Aptana%20Jaxer%20Apache/Jaxer/Apache2-4Build/jaxer/components/aptEventHandler.js

01:12:58 12/24/2025 [ 22864] [TRACE] [JS Framework] [App.init] PAGE_KEY for app 'DEFAULT': localhost:8081/aptana/doc/api/Jaxer.index.html
stack:
  ->  [ModuleLogger.js:98] trace("PAGE_KEY for app 'DEFAULT': localhost:8081/aptana/doc/api/Jaxer.index.html")
  ->  [App.js:208] init()
  ->  [ParseStart.js:110] onParseStart([object XPCWrappedNative_NoHelper])
  ->  [CoreEvents.js:293] fireEvent("PARSE_START",[object Array])
  ->  [CoreEvents.js:238] fire("PARSE_START",[object XPCWrappedNative_NoHelper])
  ->  [aptEventHandler.js:306] observe([object XPCWrappedNative_NoHelper],"jaxerEvent.HTMLParseStart",null)
paths:
  -> file:///E:/Aptana%20Jaxer%20Apache/Jaxer/Apache2-4Build/jaxer/framework/src/ModuleLogger.js
  -> file:///E:/Aptana%20Jaxer%20Apache/Jaxer/Apache2-4Build/jaxer/framework/src/App.js
  -> file:///E:/Aptana%20Jaxer%20Apache/Jaxer/Apache2-4Build/jaxer/framework/src/ParseStart.js
  -> file:///E:/Aptana%20Jaxer%20Apache/Jaxer/Apache2-4Build/jaxer/framework/src/CoreEvents.js
  -> file:///E:/Aptana%20Jaxer%20Apache/Jaxer/Apache2-4Build/jaxer/components/aptEventHandler.js

01:12:58 12/24/2025 [ 22864] [TRACE] [JS Framework] [App.init] PATH for app 'DEFAULT': resource:///../local_jaxer/data/DEFAULT
stack:
  ->  [ModuleLogger.js:98] trace("PATH for app 'DEFAULT': resource:///../local_jaxer/data/DEFAULT")
  ->  [App.js:231] init()
  ->  [ParseStart.js:110] onParseStart([object XPCWrappedNative_NoHelper])
  ->  [CoreEvents.js:293] fireEvent("PARSE_START",[object Array])
  ->  [CoreEvents.js:238] fire("PARSE_START",[object XPCWrappedNative_NoHelper])
  ->  [aptEventHandler.js:306] observe([object XPCWrappedNative_NoHelper],"jaxerEvent.HTMLParseStart",null)
paths:
  -> file:///E:/Aptana%20Jaxer%20Apache/Jaxer/Apache2-4Build/jaxer/framework/src/ModuleLogger.js
  -> file:///E:/Aptana%20Jaxer%20Apache/Jaxer/Apache2-4Build/jaxer/framework/src/App.js
  -> file:///E:/Aptana%20Jaxer%20Apache/Jaxer/Apache2-4Build/jaxer/framework/src/ParseStart.js
  -> file:///E:/Aptana%20Jaxer%20Apache/Jaxer/Apache2-4Build/jaxer/framework/src/CoreEvents.js
  -> file:///E:/Aptana%20Jaxer%20Apache/Jaxer/Apache2-4Build/jaxer/components/aptEventHandler.js

01:12:58 12/24/2025 [ 22864] [TRACE] [JS Framework] [ParseStart.onParseStart] Using app 'DEFAULT': urlTest = /.*/
stack:
  ->  [ModuleLogger.js:98] trace("Using app 'DEFAULT': urlTest = /.*/")
  ->  [ParseStart.js:113] onParseStart([object XPCWrappedNative_NoHelper])
  ->  [CoreEvents.js:293] fireEvent("PARSE_START",[object Array])
  ->  [CoreEvents.js:238] fire("PARSE_START",[object XPCWrappedNative_NoHelper])
  ->  [aptEventHandler.js:306] observe([object XPCWrappedNative_NoHelper],"jaxerEvent.HTMLParseStart",null)
paths:
  -> file:///E:/Aptana%20Jaxer%20Apache/Jaxer/Apache2-4Build/jaxer/framework/src/ModuleLogger.js
  -> file:///E:/Aptana%20Jaxer%20Apache/Jaxer/Apache2-4Build/jaxer/framework/src/ParseStart.js
  -> file:///E:/Aptana%20Jaxer%20Apache/Jaxer/Apache2-4Build/jaxer/framework/src/CoreEvents.js
  -> file:///E:/Aptana%20Jaxer%20Apache/Jaxer/Apache2-4Build/jaxer/components/aptEventHandler.js

01:12:58 12/24/2025 [ 22864] [DEBUG] [JS Framework] [SessionManager.keyFromRequest] Getting session key from the client via cookie JaxerSessionId$$localhost:8081: 176589175647709027719934159097
stack:
  ->  [ModuleLogger.js:98] debug("Getting session key from the client via cookie JaxerSessionId$$localhost:8081: 176589175647709027719934159097")
  ->  [SessionManager.js:59] keyFromRequest("localhost:8081")
  ->  [Container.js:474] init("localhost:8081","localhost:8081/aptana/doc/api/Jaxer.index.html")
  ->  [ParseStart.js:122] onParseStart([object XPCWrappedNative_NoHelper])
  ->  [CoreEvents.js:293] fireEvent("PARSE_START",[object Array])
  ->  [CoreEvents.js:238] fire("PARSE_START",[object XPCWrappedNative_NoHelper])
  ->  [aptEventHandler.js:306] observe([object XPCWrappedNative_NoHelper],"jaxerEvent.HTMLParseStart",null)
paths:
  -> file:///E:/Aptana%20Jaxer%20Apache/Jaxer/Apache2-4Build/jaxer/framework/src/ModuleLogger.js
  -> file:///E:/Aptana%20Jaxer%20Apache/Jaxer/Apache2-4Build/jaxer/framework/src/SessionManager.js
  -> file:///E:/Aptana%20Jaxer%20Apache/Jaxer/Apache2-4Build/jaxer/framework/src/Container.js
  -> file:///E:/Aptana%20Jaxer%20Apache/Jaxer/Apache2-4Build/jaxer/framework/src/ParseStart.js
  -> file:///E:/Aptana%20Jaxer%20Apache/Jaxer/Apache2-4Build/jaxer/framework/src/CoreEvents.js
  -> file:///E:/Aptana%20Jaxer%20Apache/Jaxer/Apache2-4Build/jaxer/components/aptEventHandler.js

01:12:58 12/24/2025 [ 22864] [DEBUG] [JS Framework] [Container.init] Created APPLICATION container as Jaxer.application with key localhost:8081
stack:
  ->  [ModuleLogger.js:98] debug("Created APPLICATION container as Jaxer.application with key localhost:8081")
  ->  [Container.js:485] init("localhost:8081","localhost:8081/aptana/doc/api/Jaxer.index.html")
  ->  [ParseStart.js:122] onParseStart([object XPCWrappedNative_NoHelper])
  ->  [CoreEvents.js:293] fireEvent("PARSE_START",[object Array])
  ->  [CoreEvents.js:238] fire("PARSE_START",[object XPCWrappedNative_NoHelper])
  ->  [aptEventHandler.js:306] observe([object XPCWrappedNative_NoHelper],"jaxerEvent.HTMLParseStart",null)
paths:
  -> file:///E:/Aptana%20Jaxer%20Apache/Jaxer/Apache2-4Build/jaxer/framework/src/ModuleLogger.js
  -> file:///E:/Aptana%20Jaxer%20Apache/Jaxer/Apache2-4Build/jaxer/framework/src/Container.js
  -> file:///E:/Aptana%20Jaxer%20Apache/Jaxer/Apache2-4Build/jaxer/framework/src/ParseStart.js
  -> file:///E:/Aptana%20Jaxer%20Apache/Jaxer/Apache2-4Build/jaxer/framework/src/CoreEvents.js
  -> file:///E:/Aptana%20Jaxer%20Apache/Jaxer/Apache2-4Build/jaxer/components/aptEventHandler.js

01:12:58 12/24/2025 [ 22864] [DEBUG] [JS Framework] [Container.init] Created PAGE container as Jaxer.page with key localhost:8081/aptana/doc/api/Jaxer.index.html
stack:
  ->  [ModuleLogger.js:98] debug("Created PAGE container as Jaxer.page with key localhost:8081/aptana/doc/api/Jaxer.index.html")
  ->  [Container.js:485] init("localhost:8081","localhost:8081/aptana/doc/api/Jaxer.index.html")
  ->  [ParseStart.js:122] onParseStart([object XPCWrappedNative_NoHelper])
  ->  [CoreEvents.js:293] fireEvent("PARSE_START",[object Array])
  ->  [CoreEvents.js:238] fire("PARSE_START",[object XPCWrappedNative_NoHelper])
  ->  [aptEventHandler.js:306] observe([object XPCWrappedNative_NoHelper],"jaxerEvent.HTMLParseStart",null)
paths:
  -> file:///E:/Aptana%20Jaxer%20Apache/Jaxer/Apache2-4Build/jaxer/framework/src/ModuleLogger.js
  -> file:///E:/Aptana%20Jaxer%20Apache/Jaxer/Apache2-4Build/jaxer/framework/src/Container.js
  -> file:///E:/Aptana%20Jaxer%20Apache/Jaxer/Apache2-4Build/jaxer/framework/src/ParseStart.js
  -> file:///E:/Aptana%20Jaxer%20Apache/Jaxer/Apache2-4Build/jaxer/framework/src/CoreEvents.js
  -> file:///E:/Aptana%20Jaxer%20Apache/Jaxer/Apache2-4Build/jaxer/components/aptEventHandler.js

01:12:58 12/24/2025 [ 22864] [DEBUG] [JS Framework] [Container.init] Created SESSION container as Jaxer.session with key 176589175647709027719934159097
stack:
  ->  [ModuleLogger.js:98] debug("Created SESSION container as Jaxer.session with key 176589175647709027719934159097")
  ->  [Container.js:485] init("localhost:8081","localhost:8081/aptana/doc/api/Jaxer.index.html")
  ->  [ParseStart.js:122] onParseStart([object XPCWrappedNative_NoHelper])
  ->  [CoreEvents.js:293] fireEvent("PARSE_START",[object Array])
  ->  [CoreEvents.js:238] fire("PARSE_START",[object XPCWrappedNative_NoHelper])
  ->  [aptEventHandler.js:306] observe([object XPCWrappedNative_NoHelper],"jaxerEvent.HTMLParseStart",null)
paths:
  -> file:///E:/Aptana%20Jaxer%20Apache/Jaxer/Apache2-4Build/jaxer/framework/src/ModuleLogger.js
  -> file:///E:/Aptana%20Jaxer%20Apache/Jaxer/Apache2-4Build/jaxer/framework/src/Container.js
  -> file:///E:/Aptana%20Jaxer%20Apache/Jaxer/Apache2-4Build/jaxer/framework/src/ParseStart.js
  -> file:///E:/Aptana%20Jaxer%20Apache/Jaxer/Apache2-4Build/jaxer/framework/src/CoreEvents.js
  -> file:///E:/Aptana%20Jaxer%20Apache/Jaxer/Apache2-4Build/jaxer/components/aptEventHandler.js

01:12:58 12/24/2025 [ 22864] [DEBUG] [JS Framework] [Container.init] Created SESSION_PAGE container as Jaxer.sessionPage with key 176589175647709027719934159097$$localhost:8081/aptana/doc/api/Jaxer.index.html
stack:
  ->  [ModuleLogger.js:98] debug("Created SESSION_PAGE container as Jaxer.sessionPage with key 176589175647709027719934159097$$localhost:8081/aptana/doc/api/Jaxer.index.html")
  ->  [Container.js:485] init("localhost:8081","localhost:8081/aptana/doc/api/Jaxer.index.html")
  ->  [ParseStart.js:122] onParseStart([object XPCWrappedNative_NoHelper])
  ->  [CoreEvents.js:293] fireEvent("PARSE_START",[object Array])
  ->  [CoreEvents.js:238] fire("PARSE_START",[object XPCWrappedNative_NoHelper])
  ->  [aptEventHandler.js:306] observe([object XPCWrappedNative_NoHelper],"jaxerEvent.HTMLParseStart",null)
paths:
  -> file:///E:/Aptana%20Jaxer%20Apache/Jaxer/Apache2-4Build/jaxer/framework/src/ModuleLogger.js
  -> file:///E:/Aptana%20Jaxer%20Apache/Jaxer/Apache2-4Build/jaxer/framework/src/Container.js
  -> file:///E:/Aptana%20Jaxer%20Apache/Jaxer/Apache2-4Build/jaxer/framework/src/ParseStart.js
  -> file:///E:/Aptana%20Jaxer%20Apache/Jaxer/Apache2-4Build/jaxer/framework/src/CoreEvents.js
  -> file:///E:/Aptana%20Jaxer%20Apache/Jaxer/Apache2-4Build/jaxer/components/aptEventHandler.js

01:12:58 12/24/2025 [ 15324] [TRACE] [JS Framework] [CoreEvents.fire] At this time, evt.Request.isHandler=false and eventType: REQUEST_START
stack:
  ->  [ModuleLogger.js:98] trace("At this time, evt.Request.isHandler=false and eventType: REQUEST_START")
  ->  [CoreEvents.js:205] fire("REQUEST_START",[object XPCWrappedNative_NoHelper])
  ->  [aptEventHandler.js:292] observe([object XPCWrappedNative_NoHelper],"jaxerEvent.RequestStart",null)
paths:
  -> file:///E:/Aptana%20Jaxer%20Apache/Jaxer/Apache2-4Build/jaxer/framework/src/ModuleLogger.js
  -> file:///E:/Aptana%20Jaxer%20Apache/Jaxer/Apache2-4Build/jaxer/framework/src/CoreEvents.js
  -> file:///E:/Aptana%20Jaxer%20Apache/Jaxer/Apache2-4Build/jaxer/components/aptEventHandler.js

01:12:58 12/24/2025 [ 22864] [TRACE] [JS Framework] [DB.setDefault] Setting default connection for app: DEFAULT
stack:
  ->  [ModuleLogger.js:98] trace("Setting default connection for app: DEFAULT")
  ->  [DB.js:162] setDefault("DEFAULT",[object Object])
  ->  [ParseStart.js:123] onParseStart([object XPCWrappedNative_NoHelper])
  ->  [CoreEvents.js:293] fireEvent("PARSE_START",[object Array])
  ->  [CoreEvents.js:238] fire("PARSE_START",[object XPCWrappedNative_NoHelper])
  ->  [aptEventHandler.js:306] observe([object XPCWrappedNative_NoHelper],"jaxerEvent.HTMLParseStart",null)
paths:
  -> file:///E:/Aptana%20Jaxer%20Apache/Jaxer/Apache2-4Build/jaxer/framework/src/ModuleLogger.js
  -> file:///E:/Aptana%20Jaxer%20Apache/Jaxer/Apache2-4Build/jaxer/framework/src/DB.js
  -> file:///E:/Aptana%20Jaxer%20Apache/Jaxer/Apache2-4Build/jaxer/framework/src/ParseStart.js
  -> file:///E:/Aptana%20Jaxer%20Apache/Jaxer/Apache2-4Build/jaxer/framework/src/CoreEvents.js
  -> file:///E:/Aptana%20Jaxer%20Apache/Jaxer/Apache2-4Build/jaxer/components/aptEventHandler.js

01:12:58 12/24/2025 [ 15324] [TRACE] [JS Framework] [CoreEvents.fireEvent] Firing an event for REQUEST_START
stack:
  ->  [ModuleLogger.js:98] trace("Firing an event for REQUEST_START")
  ->  [CoreEvents.js:282] fireEvent("REQUEST_START",[object Array])
  ->  [CoreEvents.js:238] fire("REQUEST_START",[object XPCWrappedNative_NoHelper])
  ->  [aptEventHandler.js:292] observe([object XPCWrappedNative_NoHelper],"jaxerEvent.RequestStart",null)
paths:
  -> file:///E:/Aptana%20Jaxer%20Apache/Jaxer/Apache2-4Build/jaxer/framework/src/ModuleLogger.js
  -> file:///E:/Aptana%20Jaxer%20Apache/Jaxer/Apache2-4Build/jaxer/framework/src/CoreEvents.js
  -> file:///E:/Aptana%20Jaxer%20Apache/Jaxer/Apache2-4Build/jaxer/components/aptEventHandler.js

01:12:58 12/24/2025 [ 22864] [TRACE] [JS Framework] [CoreEvents.fire] At this time, evt.Request.isHandler=false and eventType: NEW_ELEMENT - HTML
stack:
  ->  [ModuleLogger.js:98] trace("At this time, evt.Request.isHandler=false and eventType: NEW_ELEMENT - HTML")
  ->  [CoreEvents.js:205] fire("NEW_ELEMENT",[object XPCWrappedNative_NoHelper],[object HTMLDocument],[object HTMLHtmlElement])
  ->  [aptEventHandler.js:157] observe([object XPCWrappedNative_NoHelper],"jaxerEvent.NewHTMLElement",null)
paths:
  -> file:///E:/Aptana%20Jaxer%20Apache/Jaxer/Apache2-4Build/jaxer/framework/src/ModuleLogger.js
  -> file:///E:/Aptana%20Jaxer%20Apache/Jaxer/Apache2-4Build/jaxer/framework/src/CoreEvents.js
  -> file:///E:/Aptana%20Jaxer%20Apache/Jaxer/Apache2-4Build/jaxer/components/aptEventHandler.js

01:12:58 12/24/2025 [ 15324] [TRACE] [JS Framework] [CoreEvents.fireEvent] Calling event handler: function onRequestStart(evt) {
}...
stack:
  ->  [ModuleLogger.js:98] trace("Calling event handler: function onRequestStart(evt) {\n}...")
  ->  [CoreEvents.js:292] fireEvent("REQUEST_START",[object Array])
  ->  [CoreEvents.js:238] fire("REQUEST_START",[object XPCWrappedNative_NoHelper])
  ->  [aptEventHandler.js:292] observe([object XPCWrappedNative_NoHelper],"jaxerEvent.RequestStart",null)
paths:
  -> file:///E:/Aptana%20Jaxer%20Apache/Jaxer/Apache2-4Build/jaxer/framework/src/ModuleLogger.js
  -> file:///E:/Aptana%20Jaxer%20Apache/Jaxer/Apache2-4Build/jaxer/framework/src/CoreEvents.js
  -> file:///E:/Aptana%20Jaxer%20Apache/Jaxer/Apache2-4Build/jaxer/components/aptEventHandler.js

01:12:58 12/24/2025 [ 15324] [TRACE] [JS Framework] [CoreEvents.fire] At this time, evt.Request.isHandler=false and eventType: PARSE_START
stack:
  ->  [ModuleLogger.js:98] trace("At this time, evt.Request.isHandler=false and eventType: PARSE_START")
  ->  [CoreEvents.js:205] fire("PARSE_START",[object XPCWrappedNative_NoHelper])
  ->  [aptEventHandler.js:306] observe([object XPCWrappedNative_NoHelper],"jaxerEvent.HTMLParseStart",null)
paths:
  -> file:///E:/Aptana%20Jaxer%20Apache/Jaxer/Apache2-4Build/jaxer/framework/src/ModuleLogger.js
  -> file:///E:/Aptana%20Jaxer%20Apache/Jaxer/Apache2-4Build/jaxer/framework/src/CoreEvents.js
  -> file:///E:/Aptana%20Jaxer%20Apache/Jaxer/Apache2-4Build/jaxer/components/aptEventHandler.js

01:12:58 12/24/2025 [ 22864] [TRACE] [JS Framework] [CoreEvents.fireEvent] Firing an event for NEW_ELEMENT
stack:
  ->  [ModuleLogger.js:98] trace("Firing an event for NEW_ELEMENT")
  ->  [CoreEvents.js:282] fireEvent("NEW_ELEMENT",[object Array])
  ->  [CoreEvents.js:238] fire("NEW_ELEMENT",[object XPCWrappedNative_NoHelper],[object HTMLDocument],[object HTMLHtmlElement])
  ->  [aptEventHandler.js:157] observe([object XPCWrappedNative_NoHelper],"jaxerEvent.NewHTMLElement",null)
paths:
  -> file:///E:/Aptana%20Jaxer%20Apache/Jaxer/Apache2-4Build/jaxer/framework/src/ModuleLogger.js
  -> file:///E:/Aptana%20Jaxer%20Apache/Jaxer/Apache2-4Build/jaxer/framework/src/CoreEvents.js
  -> file:///E:/Aptana%20Jaxer%20Apache/Jaxer/Apache2-4Build/jaxer/components/aptEventHandler.js

01:12:58 12/24/2025 [ 15324] [TRACE] [JS Framework] [CoreEvents.fireEvent] Firing an event for PARSE_START
stack:
  ->  [ModuleLogger.js:98] trace("Firing an event for PARSE_START")
  ->  [CoreEvents.js:282] fireEvent("PARSE_START",[object Array])
  ->  [CoreEvents.js:238] fire("PARSE_START",[object XPCWrappedNative_NoHelper])
  ->  [aptEventHandler.js:306] observe([object XPCWrappedNative_NoHelper],"jaxerEvent.HTMLParseStart",null)
paths:
  -> file:///E:/Aptana%20Jaxer%20Apache/Jaxer/Apache2-4Build/jaxer/framework/src/ModuleLogger.js
  -> file:///E:/Aptana%20Jaxer%20Apache/Jaxer/Apache2-4Build/jaxer/framework/src/CoreEvents.js
  -> file:///E:/Aptana%20Jaxer%20Apache/Jaxer/Apache2-4Build/jaxer/components/aptEventHandler.js

01:12:58 12/24/2025 [ 15324] [TRACE] [JS Framework] [CoreEvents.fireEvent] Calling event handler: function onParseStart(evt) {
    Jaxer.request = frameworkGl...
stack:
  ->  [ModuleLogger.js:98] trace("Calling event handler: function onParseStart(evt) {\n    Jaxer.request = frameworkGl...")
  ->  [CoreEvents.js:292] fireEvent("PARSE_START",[object Array])
  ->  [CoreEvents.js:238] fire("PARSE_START",[object XPCWrappedNative_NoHelper])
  ->  [aptEventHandler.js:306] observe([object XPCWrappedNative_NoHelper],"jaxerEvent.HTMLParseStart",null)
paths:
  -> file:///E:/Aptana%20Jaxer%20Apache/Jaxer/Apache2-4Build/jaxer/framework/src/ModuleLogger.js
  -> file:///E:/Aptana%20Jaxer%20Apache/Jaxer/Apache2-4Build/jaxer/framework/src/CoreEvents.js
  -> file:///E:/Aptana%20Jaxer%20Apache/Jaxer/Apache2-4Build/jaxer/components/aptEventHandler.js

01:12:58 12/24/2025 [ 22864] [TRACE] [JS Framework] [CoreEvents.fireEvent] Calling event handler: function onNewElement(evt, doc, elt) {
    switch (elt.tagNa...
stack:
  ->  [ModuleLogger.js:98] trace("Calling event handler: function onNewElement(evt, doc, elt) {\n    switch (elt.tagNa...")
  ->  [CoreEvents.js:292] fireEvent("NEW_ELEMENT",[object Array])
  ->  [CoreEvents.js:238] fire("NEW_ELEMENT",[object XPCWrappedNative_NoHelper],[object HTMLDocument],[object HTMLHtmlElement])
  ->  [aptEventHandler.js:157] observe([object XPCWrappedNative_NoHelper],"jaxerEvent.NewHTMLElement",null)
paths:
  -> file:///E:/Aptana%20Jaxer%20Apache/Jaxer/Apache2-4Build/jaxer/framework/src/ModuleLogger.js
  -> file:///E:/Aptana%20Jaxer%20Apache/Jaxer/Apache2-4Build/jaxer/framework/src/CoreEvents.js
  -> file:///E:/Aptana%20Jaxer%20Apache/Jaxer/Apache2-4Build/jaxer/components/aptEventHandler.js

01:12:58 12/24/2025 [ 22864] [TRACE] [JS Framework] [CoreEvents.fire] At this time, evt.Request.isHandler=false and eventType: NEW_ELEMENT - HEAD
stack:
  ->  [ModuleLogger.js:98] trace("At this time, evt.Request.isHandler=false and eventType: NEW_ELEMENT - HEAD")
  ->  [CoreEvents.js:205] fire("NEW_ELEMENT",[object XPCWrappedNative_NoHelper],[object HTMLDocument],[object HTMLHeadElement])
  ->  [aptEventHandler.js:157] observe([object XPCWrappedNative_NoHelper],"jaxerEvent.NewHTMLElement",null)
paths:
  -> file:///E:/Aptana%20Jaxer%20Apache/Jaxer/Apache2-4Build/jaxer/framework/src/ModuleLogger.js
  -> file:///E:/Aptana%20Jaxer%20Apache/Jaxer/Apache2-4Build/jaxer/framework/src/CoreEvents.js
  -> file:///E:/Aptana%20Jaxer%20Apache/Jaxer/Apache2-4Build/jaxer/components/aptEventHandler.js

01:12:58 12/24/2025 [ 22864] [TRACE] [JS Framework] [CoreEvents.fireEvent] Firing an event for NEW_ELEMENT
stack:
  ->  [ModuleLogger.js:98] trace("Firing an event for NEW_ELEMENT")
  ->  [CoreEvents.js:282] fireEvent("NEW_ELEMENT",[object Array])
  ->  [CoreEvents.js:238] fire("NEW_ELEMENT",[object XPCWrappedNative_NoHelper],[object HTMLDocument],[object HTMLHeadElement])
  ->  [aptEventHandler.js:157] observe([object XPCWrappedNative_NoHelper],"jaxerEvent.NewHTMLElement",null)
paths:
  -> file:///E:/Aptana%20Jaxer%20Apache/Jaxer/Apache2-4Build/jaxer/framework/src/ModuleLogger.js
  -> file:///E:/Aptana%20Jaxer%20Apache/Jaxer/Apache2-4Build/jaxer/framework/src/CoreEvents.js
  -> file:///E:/Aptana%20Jaxer%20Apache/Jaxer/Apache2-4Build/jaxer/components/aptEventHandler.js

01:12:58 12/24/2025 [ 22864] [TRACE] [JS Framework] [CoreEvents.fireEvent] Calling event handler: function onNewElement(evt, doc, elt) {
    switch (elt.tagNa...
stack:
  ->  [ModuleLogger.js:98] trace("Calling event handler: function onNewElement(evt, doc, elt) {\n    switch (elt.tagNa...")
  ->  [CoreEvents.js:292] fireEvent("NEW_ELEMENT",[object Array])
  ->  [CoreEvents.js:238] fire("NEW_ELEMENT",[object XPCWrappedNative_NoHelper],[object HTMLDocument],[object HTMLHeadElement])
  ->  [aptEventHandler.js:157] observe([object XPCWrappedNative_NoHelper],"jaxerEvent.NewHTMLElement",null)
paths:
  -> file:///E:/Aptana%20Jaxer%20Apache/Jaxer/Apache2-4Build/jaxer/framework/src/ModuleLogger.js
  -> file:///E:/Aptana%20Jaxer%20Apache/Jaxer/Apache2-4Build/jaxer/framework/src/CoreEvents.js
  -> file:///E:/Aptana%20Jaxer%20Apache/Jaxer/Apache2-4Build/jaxer/components/aptEventHandler.js

01:12:58 12/24/2025 [ 22864] [TRACE] [JS Framework] [CoreEvents.fire] At this time, evt.Request.isHandler=false and eventType: INIT_HEAD
stack:
  ->  [ModuleLogger.js:98] trace("At this time, evt.Request.isHandler=false and eventType: INIT_HEAD")
  ->  [CoreEvents.js:205] fire("INIT_HEAD",[object XPCWrappedNative_NoHelper],[object HTMLDocument])
  ->  [aptEventHandler.js:139] observe([object XPCWrappedNative_NoHelper],"jaxerEvent.NewHTMLElement",null)
paths:
  -> file:///E:/Aptana%20Jaxer%20Apache/Jaxer/Apache2-4Build/jaxer/framework/src/ModuleLogger.js
  -> file:///E:/Aptana%20Jaxer%20Apache/Jaxer/Apache2-4Build/jaxer/framework/src/CoreEvents.js
  -> file:///E:/Aptana%20Jaxer%20Apache/Jaxer/Apache2-4Build/jaxer/components/aptEventHandler.js

01:12:58 12/24/2025 [ 22864] [TRACE] [JS Framework] [CoreEvents.fireEvent] Firing an event for INIT_HEAD
stack:
  ->  [ModuleLogger.js:98] trace("Firing an event for INIT_HEAD")
  ->  [CoreEvents.js:282] fireEvent("INIT_HEAD",[object Array])
  ->  [CoreEvents.js:238] fire("INIT_HEAD",[object XPCWrappedNative_NoHelper],[object HTMLDocument])
  ->  [aptEventHandler.js:139] observe([object XPCWrappedNative_NoHelper],"jaxerEvent.NewHTMLElement",null)
paths:
  -> file:///E:/Aptana%20Jaxer%20Apache/Jaxer/Apache2-4Build/jaxer/framework/src/ModuleLogger.js
  -> file:///E:/Aptana%20Jaxer%20Apache/Jaxer/Apache2-4Build/jaxer/framework/src/CoreEvents.js
  -> file:///E:/Aptana%20Jaxer%20Apache/Jaxer/Apache2-4Build/jaxer/components/aptEventHandler.js

01:12:58 12/24/2025 [ 22864] [TRACE] [JS Framework] [CoreEvents.fireEvent] Calling event handler: function onInitHead(evt, doc) {
    Jaxer.load = function lo...
stack:
  ->  [ModuleLogger.js:98] trace("Calling event handler: function onInitHead(evt, doc) {\n    Jaxer.load = function lo...")
  ->  [CoreEvents.js:292] fireEvent("INIT_HEAD",[object Array])
  ->  [CoreEvents.js:238] fire("INIT_HEAD",[object XPCWrappedNative_NoHelper],[object HTMLDocument])
  ->  [aptEventHandler.js:139] observe([object XPCWrappedNative_NoHelper],"jaxerEvent.NewHTMLElement",null)
paths:
  -> file:///E:/Aptana%20Jaxer%20Apache/Jaxer/Apache2-4Build/jaxer/framework/src/ModuleLogger.js
  -> file:///E:/Aptana%20Jaxer%20Apache/Jaxer/Apache2-4Build/jaxer/framework/src/CoreEvents.js
  -> file:///E:/Aptana%20Jaxer%20Apache/Jaxer/Apache2-4Build/jaxer/components/aptEventHandler.js

01:12:58 12/24/2025 [ 15324] [TRACE] [JS Framework] [Request.Request] Constructing request from: ({constructorErrors:[], _request:{}, method:"GET", isHandler:false, uri:"/aptana/doc/api/Jaxer.index-toc.html", protocol:"HTTP/1.1", remoteUser:"", remoteHost:"desktop-lpv0ncp", remoteAddr:"::1", pageFile:"E:/Aptana Jaxer Apache/Jaxer/Apache2-4Build/jaxer/aptana/doc/api/Jaxer.index-toc.html", documentRoot:"E:/Aptana Jaxer Apache/Jaxer/Apache2-4Build/public", OS:"WINNT", isJaxerServer:false, isHTTPS:false, queryString:"", logFileNativePath:"", action:"GET", headers:{Host:"localhost:8081", Connection:"keep-alive", 'sec-ch-ua':"\"Chromium\";v=\"140\", \"Not=A?Brand\";v=\"24\", \"Opera\";v=\"124\"", 'sec-ch-ua-mobile':"?0", 'sec-ch-ua-platform':"\"Windows\"", 'Upgrade-Insecure-Requests':"1", 'User-Agent':"Mozilla/5.0 (Windows NT 10.0; Win64; x64) AppleWebKit/537.36 (KHTML, like Gecko) Chrome/140.0.0.0 Safari/537.36 OPR/124.0.0.0", Accept:"text/html,application/xhtml+xml,application/xml;q=0.9,image/avif,image/webp,image/apng,*/*;q=0.8,application/signed-exchange;v=b3;q=0.7", 'Sec-Fetch-Site':"same-origin", 'Sec-Fetch-Mode':"navigate", 'Sec-Fetch-Dest':"frame", Referer:"http://localhost:8081/aptana/doc/api/Jaxer.index-frame.html", 'Accept-Encoding':"gzip, deflate, br, zstd", 'Accept-Language':"en-US,en;q=0.9", Cookie:"JaxerSessionId%24%24localhost%3A8081=176589175647709027719934159097; JaxerSessionId%24%24diagnostics=1766389857171006019406608883027; JaxerSessionId%24%24chat=176650225815408013378880202926; JaxerSessionId%24%24smtp-email=1766502615487048247814800171795; JaxerSessionId%24%24rss-sample=1766502620172023884340692192807; JaxerSessionId%24%24tasks=176650262827103192941976629359; JaxerSessionId%24%24wikilite=1766502633159009874746526267386; JaxerSessionId%24%24logging=176650264152708165463317747484; JaxerSessionId%24%24csajax=176650265576703773913072428896; JaxerSessionId%24%24shell=176650266145103665372259304419"}})
stack:
  ->  [ModuleLogger.js:98] trace("Constructing request from: ({constructorErrors:[], _request:{}, method:\"GET\", isHandler:false, uri:\"/aptana/doc/api/Jaxer.index-toc.html\", protocol:\"HTTP/1.1\", remoteUser:\"\", remoteHost:\"desktop-lpv0ncp\", remoteAddr:\"::1\", pageFile:\"E:/Aptana Jaxer Apache/Jaxer/Apache2-4Build/jaxer/aptana/doc/api/Jaxer.index-toc.html\", documentRoot:\"E:/Aptana Jaxer Apache/Jaxer/Apache2-4Build/public\", OS:\"WINNT\", isJaxerServer:false, isHTTPS:false, queryString:\"\", logFileNativePath:\"\", action:\"GET\", headers:{Host:\"localhost:8081\", Connection:\"keep-alive\", 'sec-ch-ua':\"\\\"Chromium\\\";v=\\\"140\\\", \\\"Not=A?Brand\\\";v=\\\"24\\\", \\\"Opera\\\";v=\\\"124\\\"\", 'sec-ch-ua-mobile':\"?0\", 'sec-ch-ua-platform':\"\\\"Windows\\\"\", 'Upgrade-Insecure-Requests':\"1\", 'User-Agent':\"Mozilla/5.0 (Windows NT 10.0; Win64; x64) AppleWebKit/537.36 (KHTML, like Gecko) Chrome/140.0.0.0 Safari/537.36 OPR/124.0.0.0\", Accept:\"text/html,application/xhtml+xml,application/xml;q=0.9,image/avif,image/webp,image/apng,*/*;q=0.8,application/signed-exchange;v=b3;q=0.7\", 'Sec-Fetch-Site':\"same-origin\", 'Sec-Fetch-Mode':\"navigate\", 'Sec-Fetch-Dest':\"frame\", Referer:\"http://localhost:8081/aptana/doc/api/Jaxer.index-frame.html\", 'Accept-Encoding':\"gzip, deflate, br, zstd\", 'Accept-Language':\"en-US,en;q=0.9\", Cookie:\"JaxerSessionId%24%24localhost%3A8081=176589175647709027719934159097; JaxerSessionId%24%24diagnostics=1766389857171006019406608883027; JaxerSessionId%24%24chat=176650225815408013378880202926; JaxerSessionId%24%24smtp-email=1766502615487048247814800171795; JaxerSessionId%24%24rss-sample=1766502620172023884340692192807; JaxerSessionId%24%24tasks=176650262827103192941976629359; JaxerSessionId%24%24wikilite=1766502633159009874746526267386; JaxerSessionId%24%24logging=176650264152708165463317747484; JaxerSessionId%24%24csajax=176650265576703773913072428896; JaxerSessionId%24%24shell=176650266145103665372259304419\"}})")
  ->  [Request.js:202] Request([object XPCWrappedNative_NoHelper])
  ->  [ParseStart.js:49] onParseStart([object XPCWrappedNative_NoHelper])
  ->  [CoreEvents.js:293] fireEvent("PARSE_START",[object Array])
  ->  [CoreEvents.js:238] fire("PARSE_START",[object XPCWrappedNative_NoHelper])
  ->  [aptEventHandler.js:306] observe([object XPCWrappedNative_NoHelper],"jaxerEvent.HTMLParseStart",null)
paths:
  -> file:///E:/Aptana%20Jaxer%20Apache/Jaxer/Apache2-4Build/jaxer/framework/src/ModuleLogger.js
  -> file:///E:/Aptana%20Jaxer%20Apache/Jaxer/Apache2-4Build/jaxer/framework/src/Request.js
  -> file:///E:/Aptana%20Jaxer%20Apache/Jaxer/Apache2-4Build/jaxer/framework/src/ParseStart.js
  -> file:///E:/Aptana%20Jaxer%20Apache/Jaxer/Apache2-4Build/jaxer/framework/src/CoreEvents.js
  -> file:///E:/Aptana%20Jaxer%20Apache/Jaxer/Apache2-4Build/jaxer/components/aptEventHandler.js

01:12:58 12/24/2025 [ 22864] [TRACE] [JS Framework] [Includer.evalOn] Evaluating using Jaxer.request.evaluateScript: contents = (function ... with global = [object ChromeWindow] and effectiveUrl = undefined
stack:
  ->  [ModuleLogger.js:98] trace("Evaluating using Jaxer.request.evaluateScript: contents = (function ... with global = [object ChromeWindow] and effectiveUrl = undefined")
  ->  [Includer.js:131] evalOn("(function extendDomSetters(global) {if (global.HTMLInputElement) {var inputValueSetter = global.HTMLInputElement.prototype.__lookupSetter__(\"value\");global.HTMLInputElement.prototype.__defineSetter__(\"value\", function (val) {inputValueSetter.call(this, val);this.setAttribute(\"value\", val);});var inputCheckedSetter = global.HTMLInputElement.prototype.__lookupSetter__(\"checked\");global.HTMLInputElement.prototype.__defineSetter__(\"checked\", function (val) {inputCheckedSetter.call(this, val);if (val) {this.setAttribute(\"checked\", null);} else {this.removeAttribute(\"checked\");}});}if (global.HTMLTextAreaElement) {var textAreaValueSetter = global.HTMLTextAreaElement.prototype.__lookupSetter__(\"value\");global.HTMLTextAreaElement.prototype.__defineSetter__(\"value\", function (val) {textAreaValueSetter.call(this, val);this.textContent = val;});}if (global.HTMLSelectElement) {var selectSelectedIndexSetter = global.HTMLSelectElement.prototype.__lookupSetter__(\"selectedIndex\");global.HTMLSelectElement.prototype.__defineSetter__(\"selectedIndex\", function (index) {selectSelectedIndexSetter.call(this, index);var option = this.options[index];if (option) {for (var i = 0, len = this.options.length; i < len; i++) {if (i == index) {this.options[i].setAttribute(\"selected\", null);} else {this.options[i].removeAttribute(\"selected\");}}}});}if (global.HTMLOptionElement) {var optionSelectedSetter = global.HTMLOptionElement.prototype.__lookupSetter__(\"selected\");global.HTMLOptionElement.prototype.__defineSetter__(\"selected\", function (val) {optionSelectedSetter.call(this, val);if (val) {this.setAttribute(\"selected\", null);} else {this.removeAttribute(\"selected\");}});}})(document.defaultView)",[object ChromeWindow])
  ->  [Overrides.js:370] applyAll([object ChromeWindow])
  ->  [InitHead.js:78] onInitHead([object XPCWrappedNative_NoHelper],[object HTMLDocument])
  ->  [CoreEvents.js:293] fireEvent("INIT_HEAD",[object Array])
  ->  [CoreEvents.js:238] fire("INIT_HEAD",[object XPCWrappedNative_NoHelper],[object HTMLDocument])
  ->  [aptEventHandler.js:139] observe([object XPCWrappedNative_NoHelper],"jaxerEvent.NewHTMLElement",null)
paths:
  -> file:///E:/Aptana%20Jaxer%20Apache/Jaxer/Apache2-4Build/jaxer/framework/src/ModuleLogger.js
  -> file:///E:/Aptana%20Jaxer%20Apache/Jaxer/Apache2-4Build/jaxer/framework/src/Includer.js
  -> file:///E:/Aptana%20Jaxer%20Apache/Jaxer/Apache2-4Build/jaxer/framework/src/Overrides.js
  -> file:///E:/Aptana%20Jaxer%20Apache/Jaxer/Apache2-4Build/jaxer/framework/src/InitHead.js
  -> file:///E:/Aptana%20Jaxer%20Apache/Jaxer/Apache2-4Build/jaxer/framework/src/CoreEvents.js
  -> file:///E:/Aptana%20Jaxer%20Apache/Jaxer/Apache2-4Build/jaxer/components/aptEventHandler.js

01:12:58 12/24/2025 [ 15324] [TRACE] [JS Framework] [ParseStart.onParseStart] Matching app using parsedUrl='({url:"http://localhost:8081/aptana/doc/api/Jaxer.index-toc.html", scheme:"http", protocol:"http", authority:"localhost:8081", path:"/aptana/doc/api/Jaxer.index-toc.html", query:"", fragment:"", userInfo:"", host:"localhost", port:"8081", hostAndPort:"localhost:8081", base:"http://localhost:8081", subdomain:"", domain:"localhost", pathParts:["aptana", "doc", "api", "Jaxer.index-toc.html"], leaf:"Jaxer.index-toc.html", queryParts:{}})'
stack:
  ->  [ModuleLogger.js:98] trace("Matching app using parsedUrl='({url:\"http://localhost:8081/aptana/doc/api/Jaxer.index-toc.html\", scheme:\"http\", protocol:\"http\", authority:\"localhost:8081\", path:\"/aptana/doc/api/Jaxer.index-toc.html\", query:\"\", fragment:\"\", userInfo:\"\", host:\"localhost\", port:\"8081\", hostAndPort:\"localhost:8081\", base:\"http://localhost:8081\", subdomain:\"\", domain:\"localhost\", pathParts:[\"aptana\", \"doc\", \"api\", \"Jaxer.index-toc.html\"], leaf:\"Jaxer.index-toc.html\", queryParts:{}})'")
  ->  [ParseStart.js:81] onParseStart([object XPCWrappedNative_NoHelper])
  ->  [CoreEvents.js:293] fireEvent("PARSE_START",[object Array])
  ->  [CoreEvents.js:238] fire("PARSE_START",[object XPCWrappedNative_NoHelper])
  ->  [aptEventHandler.js:306] observe([object XPCWrappedNative_NoHelper],"jaxerEvent.HTMLParseStart",null)
paths:
  -> file:///E:/Aptana%20Jaxer%20Apache/Jaxer/Apache2-4Build/jaxer/framework/src/ModuleLogger.js
  -> file:///E:/Aptana%20Jaxer%20Apache/Jaxer/Apache2-4Build/jaxer/framework/src/ParseStart.js
  -> file:///E:/Aptana%20Jaxer%20Apache/Jaxer/Apache2-4Build/jaxer/framework/src/CoreEvents.js
  -> file:///E:/Aptana%20Jaxer%20Apache/Jaxer/Apache2-4Build/jaxer/components/aptEventHandler.js

01:12:58 12/24/2025 [ 22864] [TRACE] [JS Framework] [CoreEvents.fire] At this time, evt.Request.isHandler=false and eventType: NEW_ELEMENT - META
stack:
  ->  [ModuleLogger.js:98] trace("At this time, evt.Request.isHandler=false and eventType: NEW_ELEMENT - META")
  ->  [CoreEvents.js:205] fire("NEW_ELEMENT",[object XPCWrappedNative_NoHelper],[object HTMLDocument],[object HTMLMetaElement])
  ->  [aptEventHandler.js:157] observe([object XPCWrappedNative_NoHelper],"jaxerEvent.NewHTMLElement",null)
paths:
  -> file:///E:/Aptana%20Jaxer%20Apache/Jaxer/Apache2-4Build/jaxer/framework/src/ModuleLogger.js
  -> file:///E:/Aptana%20Jaxer%20Apache/Jaxer/Apache2-4Build/jaxer/framework/src/CoreEvents.js
  -> file:///E:/Aptana%20Jaxer%20Apache/Jaxer/Apache2-4Build/jaxer/components/aptEventHandler.js

01:12:58 12/24/2025 [ 15324] [TRACE] [JS Framework] [App.init] Initializing app 'DEFAULT' (urlTest: /.*/)
stack:
  ->  [ModuleLogger.js:98] trace("Initializing app 'DEFAULT' (urlTest: /.*/)")
  ->  [App.js:184] init()
  ->  [ParseStart.js:110] onParseStart([object XPCWrappedNative_NoHelper])
  ->  [CoreEvents.js:293] fireEvent("PARSE_START",[object Array])
  ->  [CoreEvents.js:238] fire("PARSE_START",[object XPCWrappedNative_NoHelper])
  ->  [aptEventHandler.js:306] observe([object XPCWrappedNative_NoHelper],"jaxerEvent.HTMLParseStart",null)
paths:
  -> file:///E:/Aptana%20Jaxer%20Apache/Jaxer/Apache2-4Build/jaxer/framework/src/ModuleLogger.js
  -> file:///E:/Aptana%20Jaxer%20Apache/Jaxer/Apache2-4Build/jaxer/framework/src/App.js
  -> file:///E:/Aptana%20Jaxer%20Apache/Jaxer/Apache2-4Build/jaxer/framework/src/ParseStart.js
  -> file:///E:/Aptana%20Jaxer%20Apache/Jaxer/Apache2-4Build/jaxer/framework/src/CoreEvents.js
  -> file:///E:/Aptana%20Jaxer%20Apache/Jaxer/Apache2-4Build/jaxer/components/aptEventHandler.js

01:12:58 12/24/2025 [ 22864] [TRACE] [JS Framework] [CoreEvents.fireEvent] Firing an event for NEW_ELEMENT
stack:
  ->  [ModuleLogger.js:98] trace("Firing an event for NEW_ELEMENT")
  ->  [CoreEvents.js:282] fireEvent("NEW_ELEMENT",[object Array])
  ->  [CoreEvents.js:238] fire("NEW_ELEMENT",[object XPCWrappedNative_NoHelper],[object HTMLDocument],[object HTMLMetaElement])
  ->  [aptEventHandler.js:157] observe([object XPCWrappedNative_NoHelper],"jaxerEvent.NewHTMLElement",null)
paths:
  -> file:///E:/Aptana%20Jaxer%20Apache/Jaxer/Apache2-4Build/jaxer/framework/src/ModuleLogger.js
  -> file:///E:/Aptana%20Jaxer%20Apache/Jaxer/Apache2-4Build/jaxer/framework/src/CoreEvents.js
  -> file:///E:/Aptana%20Jaxer%20Apache/Jaxer/Apache2-4Build/jaxer/components/aptEventHandler.js

01:12:58 12/24/2025 [ 15324] [TRACE] [JS Framework] [App.init] APP_KEY for app 'DEFAULT': localhost:8081
stack:
  ->  [ModuleLogger.js:98] trace("APP_KEY for app 'DEFAULT': localhost:8081")
  ->  [App.js:196] init()
  ->  [ParseStart.js:110] onParseStart([object XPCWrappedNative_NoHelper])
  ->  [CoreEvents.js:293] fireEvent("PARSE_START",[object Array])
  ->  [CoreEvents.js:238] fire("PARSE_START",[object XPCWrappedNative_NoHelper])
  ->  [aptEventHandler.js:306] observe([object XPCWrappedNative_NoHelper],"jaxerEvent.HTMLParseStart",null)
paths:
  -> file:///E:/Aptana%20Jaxer%20Apache/Jaxer/Apache2-4Build/jaxer/framework/src/ModuleLogger.js
  -> file:///E:/Aptana%20Jaxer%20Apache/Jaxer/Apache2-4Build/jaxer/framework/src/App.js
  -> file:///E:/Aptana%20Jaxer%20Apache/Jaxer/Apache2-4Build/jaxer/framework/src/ParseStart.js
  -> file:///E:/Aptana%20Jaxer%20Apache/Jaxer/Apache2-4Build/jaxer/framework/src/CoreEvents.js
  -> file:///E:/Aptana%20Jaxer%20Apache/Jaxer/Apache2-4Build/jaxer/components/aptEventHandler.js

01:12:58 12/24/2025 [ 22864] [TRACE] [JS Framework] [CoreEvents.fireEvent] Calling event handler: function onNewElement(evt, doc, elt) {
    switch (elt.tagNa...
stack:
  ->  [ModuleLogger.js:98] trace("Calling event handler: function onNewElement(evt, doc, elt) {\n    switch (elt.tagNa...")
  ->  [CoreEvents.js:292] fireEvent("NEW_ELEMENT",[object Array])
  ->  [CoreEvents.js:238] fire("NEW_ELEMENT",[object XPCWrappedNative_NoHelper],[object HTMLDocument],[object HTMLMetaElement])
  ->  [aptEventHandler.js:157] observe([object XPCWrappedNative_NoHelper],"jaxerEvent.NewHTMLElement",null)
paths:
  -> file:///E:/Aptana%20Jaxer%20Apache/Jaxer/Apache2-4Build/jaxer/framework/src/ModuleLogger.js
  -> file:///E:/Aptana%20Jaxer%20Apache/Jaxer/Apache2-4Build/jaxer/framework/src/CoreEvents.js
  -> file:///E:/Aptana%20Jaxer%20Apache/Jaxer/Apache2-4Build/jaxer/components/aptEventHandler.js

01:12:58 12/24/2025 [ 15324] [TRACE] [JS Framework] [App.init] PAGE_KEY for app 'DEFAULT': localhost:8081/aptana/doc/api/Jaxer.index-toc.html
stack:
  ->  [ModuleLogger.js:98] trace("PAGE_KEY for app 'DEFAULT': localhost:8081/aptana/doc/api/Jaxer.index-toc.html")
  ->  [App.js:208] init()
  ->  [ParseStart.js:110] onParseStart([object XPCWrappedNative_NoHelper])
  ->  [CoreEvents.js:293] fireEvent("PARSE_START",[object Array])
  ->  [CoreEvents.js:238] fire("PARSE_START",[object XPCWrappedNative_NoHelper])
  ->  [aptEventHandler.js:306] observe([object XPCWrappedNative_NoHelper],"jaxerEvent.HTMLParseStart",null)
paths:
  -> file:///E:/Aptana%20Jaxer%20Apache/Jaxer/Apache2-4Build/jaxer/framework/src/ModuleLogger.js
  -> file:///E:/Aptana%20Jaxer%20Apache/Jaxer/Apache2-4Build/jaxer/framework/src/App.js
  -> file:///E:/Aptana%20Jaxer%20Apache/Jaxer/Apache2-4Build/jaxer/framework/src/ParseStart.js
  -> file:///E:/Aptana%20Jaxer%20Apache/Jaxer/Apache2-4Build/jaxer/framework/src/CoreEvents.js
  -> file:///E:/Aptana%20Jaxer%20Apache/Jaxer/Apache2-4Build/jaxer/components/aptEventHandler.js

01:12:58 12/24/2025 [ 22864] [TRACE] [JS Framework] [CoreEvents.fire] At this time, evt.Request.isHandler=false and eventType: PARSE_COMPLETE
stack:
  ->  [ModuleLogger.js:98] trace("At this time, evt.Request.isHandler=false and eventType: PARSE_COMPLETE")
  ->  [CoreEvents.js:205] fire("PARSE_COMPLETE",[object XPCWrappedNative_NoHelper],[object HTMLDocument])
  ->  [aptEventHandler.js:337] observe([object XPCWrappedNative_NoHelper],"jaxerEvent.HTMLParseComplete",null)
paths:
  -> file:///E:/Aptana%20Jaxer%20Apache/Jaxer/Apache2-4Build/jaxer/framework/src/ModuleLogger.js
  -> file:///E:/Aptana%20Jaxer%20Apache/Jaxer/Apache2-4Build/jaxer/framework/src/CoreEvents.js
  -> file:///E:/Aptana%20Jaxer%20Apache/Jaxer/Apache2-4Build/jaxer/components/aptEventHandler.js

01:12:58 12/24/2025 [ 15324] [TRACE] [JS Framework] [App.init] PATH for app 'DEFAULT': resource:///../local_jaxer/data/DEFAULT
stack:
  ->  [ModuleLogger.js:98] trace("PATH for app 'DEFAULT': resource:///../local_jaxer/data/DEFAULT")
  ->  [App.js:231] init()
  ->  [ParseStart.js:110] onParseStart([object XPCWrappedNative_NoHelper])
  ->  [CoreEvents.js:293] fireEvent("PARSE_START",[object Array])
  ->  [CoreEvents.js:238] fire("PARSE_START",[object XPCWrappedNative_NoHelper])
  ->  [aptEventHandler.js:306] observe([object XPCWrappedNative_NoHelper],"jaxerEvent.HTMLParseStart",null)
paths:
  -> file:///E:/Aptana%20Jaxer%20Apache/Jaxer/Apache2-4Build/jaxer/framework/src/ModuleLogger.js
  -> file:///E:/Aptana%20Jaxer%20Apache/Jaxer/Apache2-4Build/jaxer/framework/src/App.js
  -> file:///E:/Aptana%20Jaxer%20Apache/Jaxer/Apache2-4Build/jaxer/framework/src/ParseStart.js
  -> file:///E:/Aptana%20Jaxer%20Apache/Jaxer/Apache2-4Build/jaxer/framework/src/CoreEvents.js
  -> file:///E:/Aptana%20Jaxer%20Apache/Jaxer/Apache2-4Build/jaxer/components/aptEventHandler.js

01:12:58 12/24/2025 [ 22864] [TRACE] [JS Framework] [CoreEvents.fireEvent] Firing an event for HANDLE_PAGE
stack:
  ->  [ModuleLogger.js:98] trace("Firing an event for HANDLE_PAGE")
  ->  [CoreEvents.js:282] fireEvent("HANDLE_PAGE",[object Array])
  ->  [CoreEvents.js:234] fire("PARSE_COMPLETE",[object XPCWrappedNative_NoHelper],[object HTMLDocument])
  ->  [aptEventHandler.js:337] observe([object XPCWrappedNative_NoHelper],"jaxerEvent.HTMLParseComplete",null)
paths:
  -> file:///E:/Aptana%20Jaxer%20Apache/Jaxer/Apache2-4Build/jaxer/framework/src/ModuleLogger.js
  -> file:///E:/Aptana%20Jaxer%20Apache/Jaxer/Apache2-4Build/jaxer/framework/src/CoreEvents.js
  -> file:///E:/Aptana%20Jaxer%20Apache/Jaxer/Apache2-4Build/jaxer/components/aptEventHandler.js

01:12:58 12/24/2025 [ 15324] [TRACE] [JS Framework] [ParseStart.onParseStart] Using app 'DEFAULT': urlTest = /.*/
stack:
  ->  [ModuleLogger.js:98] trace("Using app 'DEFAULT': urlTest = /.*/")
  ->  [ParseStart.js:113] onParseStart([object XPCWrappedNative_NoHelper])
  ->  [CoreEvents.js:293] fireEvent("PARSE_START",[object Array])
  ->  [CoreEvents.js:238] fire("PARSE_START",[object XPCWrappedNative_NoHelper])
  ->  [aptEventHandler.js:306] observe([object XPCWrappedNative_NoHelper],"jaxerEvent.HTMLParseStart",null)
paths:
  -> file:///E:/Aptana%20Jaxer%20Apache/Jaxer/Apache2-4Build/jaxer/framework/src/ModuleLogger.js
  -> file:///E:/Aptana%20Jaxer%20Apache/Jaxer/Apache2-4Build/jaxer/framework/src/ParseStart.js
  -> file:///E:/Aptana%20Jaxer%20Apache/Jaxer/Apache2-4Build/jaxer/framework/src/CoreEvents.js
  -> file:///E:/Aptana%20Jaxer%20Apache/Jaxer/Apache2-4Build/jaxer/components/aptEventHandler.js

01:12:58 12/24/2025 [ 22864] [TRACE] [JS Framework] [CoreEvents.fireEvent] Calling event handler: function onHandlePage(evt, doc) {
    if (checkErrors(doc)) ...
stack:
  ->  [ModuleLogger.js:98] trace("Calling event handler: function onHandlePage(evt, doc) {\n    if (checkErrors(doc)) ...")
  ->  [CoreEvents.js:292] fireEvent("HANDLE_PAGE",[object Array])
  ->  [CoreEvents.js:234] fire("PARSE_COMPLETE",[object XPCWrappedNative_NoHelper],[object HTMLDocument])
  ->  [aptEventHandler.js:337] observe([object XPCWrappedNative_NoHelper],"jaxerEvent.HTMLParseComplete",null)
paths:
  -> file:///E:/Aptana%20Jaxer%20Apache/Jaxer/Apache2-4Build/jaxer/framework/src/ModuleLogger.js
  -> file:///E:/Aptana%20Jaxer%20Apache/Jaxer/Apache2-4Build/jaxer/framework/src/CoreEvents.js
  -> file:///E:/Aptana%20Jaxer%20Apache/Jaxer/Apache2-4Build/jaxer/components/aptEventHandler.js

01:12:58 12/24/2025 [ 15324] [DEBUG] [JS Framework] [SessionManager.keyFromRequest] Getting session key from the client via cookie JaxerSessionId$$localhost:8081: 176589175647709027719934159097
stack:
  ->  [ModuleLogger.js:98] debug("Getting session key from the client via cookie JaxerSessionId$$localhost:8081: 176589175647709027719934159097")
  ->  [SessionManager.js:59] keyFromRequest("localhost:8081")
  ->  [Container.js:474] init("localhost:8081","localhost:8081/aptana/doc/api/Jaxer.index-toc.html")
  ->  [ParseStart.js:122] onParseStart([object XPCWrappedNative_NoHelper])
  ->  [CoreEvents.js:293] fireEvent("PARSE_START",[object Array])
  ->  [CoreEvents.js:238] fire("PARSE_START",[object XPCWrappedNative_NoHelper])
  ->  [aptEventHandler.js:306] observe([object XPCWrappedNative_NoHelper],"jaxerEvent.HTMLParseStart",null)
paths:
  -> file:///E:/Aptana%20Jaxer%20Apache/Jaxer/Apache2-4Build/jaxer/framework/src/ModuleLogger.js
  -> file:///E:/Aptana%20Jaxer%20Apache/Jaxer/Apache2-4Build/jaxer/framework/src/SessionManager.js
  -> file:///E:/Aptana%20Jaxer%20Apache/Jaxer/Apache2-4Build/jaxer/framework/src/Container.js
  -> file:///E:/Aptana%20Jaxer%20Apache/Jaxer/Apache2-4Build/jaxer/framework/src/ParseStart.js
  -> file:///E:/Aptana%20Jaxer%20Apache/Jaxer/Apache2-4Build/jaxer/framework/src/CoreEvents.js
  -> file:///E:/Aptana%20Jaxer%20Apache/Jaxer/Apache2-4Build/jaxer/components/aptEventHandler.js

01:12:58 12/24/2025 [ 15324] [DEBUG] [JS Framework] [Container.init] Created APPLICATION container as Jaxer.application with key localhost:8081
stack:
  ->  [ModuleLogger.js:98] debug("Created APPLICATION container as Jaxer.application with key localhost:8081")
  ->  [Container.js:485] init("localhost:8081","localhost:8081/aptana/doc/api/Jaxer.index-toc.html")
  ->  [ParseStart.js:122] onParseStart([object XPCWrappedNative_NoHelper])
  ->  [CoreEvents.js:293] fireEvent("PARSE_START",[object Array])
  ->  [CoreEvents.js:238] fire("PARSE_START",[object XPCWrappedNative_NoHelper])
  ->  [aptEventHandler.js:306] observe([object XPCWrappedNative_NoHelper],"jaxerEvent.HTMLParseStart",null)
paths:
  -> file:///E:/Aptana%20Jaxer%20Apache/Jaxer/Apache2-4Build/jaxer/framework/src/ModuleLogger.js
  -> file:///E:/Aptana%20Jaxer%20Apache/Jaxer/Apache2-4Build/jaxer/framework/src/Container.js
  -> file:///E:/Aptana%20Jaxer%20Apache/Jaxer/Apache2-4Build/jaxer/framework/src/ParseStart.js
  -> file:///E:/Aptana%20Jaxer%20Apache/Jaxer/Apache2-4Build/jaxer/framework/src/CoreEvents.js
  -> file:///E:/Aptana%20Jaxer%20Apache/Jaxer/Apache2-4Build/jaxer/components/aptEventHandler.js

01:12:58 12/24/2025 [ 15324] [DEBUG] [JS Framework] [Container.init] Created PAGE container as Jaxer.page with key localhost:8081/aptana/doc/api/Jaxer.index-toc.html
stack:
  ->  [ModuleLogger.js:98] debug("Created PAGE container as Jaxer.page with key localhost:8081/aptana/doc/api/Jaxer.index-toc.html")
  ->  [Container.js:485] init("localhost:8081","localhost:8081/aptana/doc/api/Jaxer.index-toc.html")
  ->  [ParseStart.js:122] onParseStart([object XPCWrappedNative_NoHelper])
  ->  [CoreEvents.js:293] fireEvent("PARSE_START",[object Array])
  ->  [CoreEvents.js:238] fire("PARSE_START",[object XPCWrappedNative_NoHelper])
  ->  [aptEventHandler.js:306] observe([object XPCWrappedNative_NoHelper],"jaxerEvent.HTMLParseStart",null)
paths:
  -> file:///E:/Aptana%20Jaxer%20Apache/Jaxer/Apache2-4Build/jaxer/framework/src/ModuleLogger.js
  -> file:///E:/Aptana%20Jaxer%20Apache/Jaxer/Apache2-4Build/jaxer/framework/src/Container.js
  -> file:///E:/Aptana%20Jaxer%20Apache/Jaxer/Apache2-4Build/jaxer/framework/src/ParseStart.js
  -> file:///E:/Aptana%20Jaxer%20Apache/Jaxer/Apache2-4Build/jaxer/framework/src/CoreEvents.js
  -> file:///E:/Aptana%20Jaxer%20Apache/Jaxer/Apache2-4Build/jaxer/components/aptEventHandler.js

01:12:58 12/24/2025 [ 15324] [DEBUG] [JS Framework] [Container.init] Created SESSION container as Jaxer.session with key 176589175647709027719934159097
stack:
  ->  [ModuleLogger.js:98] debug("Created SESSION container as Jaxer.session with key 176589175647709027719934159097")
  ->  [Container.js:485] init("localhost:8081","localhost:8081/aptana/doc/api/Jaxer.index-toc.html")
  ->  [ParseStart.js:122] onParseStart([object XPCWrappedNative_NoHelper])
  ->  [CoreEvents.js:293] fireEvent("PARSE_START",[object Array])
  ->  [CoreEvents.js:238] fire("PARSE_START",[object XPCWrappedNative_NoHelper])
  ->  [aptEventHandler.js:306] observe([object XPCWrappedNative_NoHelper],"jaxerEvent.HTMLParseStart",null)
paths:
  -> file:///E:/Aptana%20Jaxer%20Apache/Jaxer/Apache2-4Build/jaxer/framework/src/ModuleLogger.js
  -> file:///E:/Aptana%20Jaxer%20Apache/Jaxer/Apache2-4Build/jaxer/framework/src/Container.js
  -> file:///E:/Aptana%20Jaxer%20Apache/Jaxer/Apache2-4Build/jaxer/framework/src/ParseStart.js
  -> file:///E:/Aptana%20Jaxer%20Apache/Jaxer/Apache2-4Build/jaxer/framework/src/CoreEvents.js
  -> file:///E:/Aptana%20Jaxer%20Apache/Jaxer/Apache2-4Build/jaxer/components/aptEventHandler.js

01:12:58 12/24/2025 [ 15324] [DEBUG] [JS Framework] [Container.init] Created SESSION_PAGE container as Jaxer.sessionPage with key 176589175647709027719934159097$$localhost:8081/aptana/doc/api/Jaxer.index-toc.html
stack:
  ->  [ModuleLogger.js:98] debug("Created SESSION_PAGE container as Jaxer.sessionPage with key 176589175647709027719934159097$$localhost:8081/aptana/doc/api/Jaxer.index-toc.html")
  ->  [Container.js:485] init("localhost:8081","localhost:8081/aptana/doc/api/Jaxer.index-toc.html")
  ->  [ParseStart.js:122] onParseStart([object XPCWrappedNative_NoHelper])
  ->  [CoreEvents.js:293] fireEvent("PARSE_START",[object Array])
  ->  [CoreEvents.js:238] fire("PARSE_START",[object XPCWrappedNative_NoHelper])
  ->  [aptEventHandler.js:306] observe([object XPCWrappedNative_NoHelper],"jaxerEvent.HTMLParseStart",null)
paths:
  -> file:///E:/Aptana%20Jaxer%20Apache/Jaxer/Apache2-4Build/jaxer/framework/src/ModuleLogger.js
  -> file:///E:/Aptana%20Jaxer%20Apache/Jaxer/Apache2-4Build/jaxer/framework/src/Container.js
  -> file:///E:/Aptana%20Jaxer%20Apache/Jaxer/Apache2-4Build/jaxer/framework/src/ParseStart.js
  -> file:///E:/Aptana%20Jaxer%20Apache/Jaxer/Apache2-4Build/jaxer/framework/src/CoreEvents.js
  -> file:///E:/Aptana%20Jaxer%20Apache/Jaxer/Apache2-4Build/jaxer/components/aptEventHandler.js

01:12:58 12/24/2025 [ 15324] [TRACE] [JS Framework] [DB.setDefault] Setting default connection for app: DEFAULT
stack:
  ->  [ModuleLogger.js:98] trace("Setting default connection for app: DEFAULT")
  ->  [DB.js:162] setDefault("DEFAULT",[object Object])
  ->  [ParseStart.js:123] onParseStart([object XPCWrappedNative_NoHelper])
  ->  [CoreEvents.js:293] fireEvent("PARSE_START",[object Array])
  ->  [CoreEvents.js:238] fire("PARSE_START",[object XPCWrappedNative_NoHelper])
  ->  [aptEventHandler.js:306] observe([object XPCWrappedNative_NoHelper],"jaxerEvent.HTMLParseStart",null)
paths:
  -> file:///E:/Aptana%20Jaxer%20Apache/Jaxer/Apache2-4Build/jaxer/framework/src/ModuleLogger.js
  -> file:///E:/Aptana%20Jaxer%20Apache/Jaxer/Apache2-4Build/jaxer/framework/src/DB.js
  -> file:///E:/Aptana%20Jaxer%20Apache/Jaxer/Apache2-4Build/jaxer/framework/src/ParseStart.js
  -> file:///E:/Aptana%20Jaxer%20Apache/Jaxer/Apache2-4Build/jaxer/framework/src/CoreEvents.js
  -> file:///E:/Aptana%20Jaxer%20Apache/Jaxer/Apache2-4Build/jaxer/components/aptEventHandler.js

01:12:58 12/24/2025 [ 15324] [TRACE] [JS Framework] [CoreEvents.fire] At this time, evt.Request.isHandler=false and eventType: NEW_ELEMENT - HTML
stack:
  ->  [ModuleLogger.js:98] trace("At this time, evt.Request.isHandler=false and eventType: NEW_ELEMENT - HTML")
  ->  [CoreEvents.js:205] fire("NEW_ELEMENT",[object XPCWrappedNative_NoHelper],[object HTMLDocument],[object HTMLHtmlElement])
  ->  [aptEventHandler.js:157] observe([object XPCWrappedNative_NoHelper],"jaxerEvent.NewHTMLElement",null)
paths:
  -> file:///E:/Aptana%20Jaxer%20Apache/Jaxer/Apache2-4Build/jaxer/framework/src/ModuleLogger.js
  -> file:///E:/Aptana%20Jaxer%20Apache/Jaxer/Apache2-4Build/jaxer/framework/src/CoreEvents.js
  -> file:///E:/Aptana%20Jaxer%20Apache/Jaxer/Apache2-4Build/jaxer/components/aptEventHandler.js

01:12:58 12/24/2025 [ 15324] [TRACE] [JS Framework] [CoreEvents.fireEvent] Firing an event for NEW_ELEMENT
stack:
  ->  [ModuleLogger.js:98] trace("Firing an event for NEW_ELEMENT")
  ->  [CoreEvents.js:282] fireEvent("NEW_ELEMENT",[object Array])
  ->  [CoreEvents.js:238] fire("NEW_ELEMENT",[object XPCWrappedNative_NoHelper],[object HTMLDocument],[object HTMLHtmlElement])
  ->  [aptEventHandler.js:157] observe([object XPCWrappedNative_NoHelper],"jaxerEvent.NewHTMLElement",null)
paths:
  -> file:///E:/Aptana%20Jaxer%20Apache/Jaxer/Apache2-4Build/jaxer/framework/src/ModuleLogger.js
  -> file:///E:/Aptana%20Jaxer%20Apache/Jaxer/Apache2-4Build/jaxer/framework/src/CoreEvents.js
  -> file:///E:/Aptana%20Jaxer%20Apache/Jaxer/Apache2-4Build/jaxer/components/aptEventHandler.js

01:12:58 12/24/2025 [ 15324] [TRACE] [JS Framework] [CoreEvents.fireEvent] Calling event handler: function onNewElement(evt, doc, elt) {
    switch (elt.tagNa...
stack:
  ->  [ModuleLogger.js:98] trace("Calling event handler: function onNewElement(evt, doc, elt) {\n    switch (elt.tagNa...")
  ->  [CoreEvents.js:292] fireEvent("NEW_ELEMENT",[object Array])
  ->  [CoreEvents.js:238] fire("NEW_ELEMENT",[object XPCWrappedNative_NoHelper],[object HTMLDocument],[object HTMLHtmlElement])
  ->  [aptEventHandler.js:157] observe([object XPCWrappedNative_NoHelper],"jaxerEvent.NewHTMLElement",null)
paths:
  -> file:///E:/Aptana%20Jaxer%20Apache/Jaxer/Apache2-4Build/jaxer/framework/src/ModuleLogger.js
  -> file:///E:/Aptana%20Jaxer%20Apache/Jaxer/Apache2-4Build/jaxer/framework/src/CoreEvents.js
  -> file:///E:/Aptana%20Jaxer%20Apache/Jaxer/Apache2-4Build/jaxer/components/aptEventHandler.js

01:12:58 12/24/2025 [ 22864] [TRACE] [JS Framework] [HandlePage.onHandlePage] Processing onserverload with doc = [object HTMLDocument]
stack:
  ->  [ModuleLogger.js:98] trace("Processing onserverload with doc = [object HTMLDocument]")
  ->  [HandlePage.js:58] onHandlePage([object XPCWrappedNative_NoHelper],[object HTMLDocument])
  ->  [CoreEvents.js:293] fireEvent("HANDLE_PAGE",[object Array])
  ->  [CoreEvents.js:234] fire("PARSE_COMPLETE",[object XPCWrappedNative_NoHelper],[object HTMLDocument])
  ->  [aptEventHandler.js:337] observe([object XPCWrappedNative_NoHelper],"jaxerEvent.HTMLParseComplete",null)
paths:
  -> file:///E:/Aptana%20Jaxer%20Apache/Jaxer/Apache2-4Build/jaxer/framework/src/ModuleLogger.js
  -> file:///E:/Aptana%20Jaxer%20Apache/Jaxer/Apache2-4Build/jaxer/framework/src/HandlePage.js
  -> file:///E:/Aptana%20Jaxer%20Apache/Jaxer/Apache2-4Build/jaxer/framework/src/CoreEvents.js
  -> file:///E:/Aptana%20Jaxer%20Apache/Jaxer/Apache2-4Build/jaxer/components/aptEventHandler.js

01:12:58 12/24/2025 [ 22864] [TRACE] [JS Framework] [HandlePage.processLoadEvent] Processing load event 'serverload' with doc = [object HTMLDocument]
stack:
  ->  [ModuleLogger.js:98] trace("Processing load event 'serverload' with doc = [object HTMLDocument]")
  ->  [HandlePage.js:258] processLoadEvent("serverload",[object HTMLDocument],true)
  ->  [HandlePage.js:222] processOnServerLoad([object HTMLDocument])
  ->  [HandlePage.js:59] onHandlePage([object XPCWrappedNative_NoHelper],[object HTMLDocument])
  ->  [CoreEvents.js:293] fireEvent("HANDLE_PAGE",[object Array])
  ->  [CoreEvents.js:234] fire("PARSE_COMPLETE",[object XPCWrappedNative_NoHelper],[object HTMLDocument])
  ->  [aptEventHandler.js:337] observe([object XPCWrappedNative_NoHelper],"jaxerEvent.HTMLParseComplete",null)
paths:
  -> file:///E:/Aptana%20Jaxer%20Apache/Jaxer/Apache2-4Build/jaxer/framework/src/ModuleLogger.js
  -> file:///E:/Aptana%20Jaxer%20Apache/Jaxer/Apache2-4Build/jaxer/framework/src/HandlePage.js
  -> file:///E:/Aptana%20Jaxer%20Apache/Jaxer/Apache2-4Build/jaxer/framework/src/CoreEvents.js
  -> file:///E:/Aptana%20Jaxer%20Apache/Jaxer/Apache2-4Build/jaxer/components/aptEventHandler.js

01:12:58 12/24/2025 [ 15324] [TRACE] [JS Framework] [CoreEvents.fire] At this time, evt.Request.isHandler=false and eventType: NEW_ELEMENT - HEAD
stack:
  ->  [ModuleLogger.js:98] trace("At this time, evt.Request.isHandler=false and eventType: NEW_ELEMENT - HEAD")
  ->  [CoreEvents.js:205] fire("NEW_ELEMENT",[object XPCWrappedNative_NoHelper],[object HTMLDocument],[object HTMLHeadElement])
  ->  [aptEventHandler.js:157] observe([object XPCWrappedNative_NoHelper],"jaxerEvent.NewHTMLElement",null)
paths:
  -> file:///E:/Aptana%20Jaxer%20Apache/Jaxer/Apache2-4Build/jaxer/framework/src/ModuleLogger.js
  -> file:///E:/Aptana%20Jaxer%20Apache/Jaxer/Apache2-4Build/jaxer/framework/src/CoreEvents.js
  -> file:///E:/Aptana%20Jaxer%20Apache/Jaxer/Apache2-4Build/jaxer/components/aptEventHandler.js

01:12:58 12/24/2025 [ 22864] [TRACE] [JS Framework] [HandlePage.processLoadEvent] Processing load event 'load' with doc = [object HTMLDocument]
stack:
  ->  [ModuleLogger.js:98] trace("Processing load event 'load' with doc = [object HTMLDocument]")
  ->  [HandlePage.js:258] processLoadEvent("load",[object HTMLDocument],false)
  ->  [HandlePage.js:227] processOnServerLoad([object HTMLDocument])
  ->  [HandlePage.js:59] onHandlePage([object XPCWrappedNative_NoHelper],[object HTMLDocument])
  ->  [CoreEvents.js:293] fireEvent("HANDLE_PAGE",[object Array])
  ->  [CoreEvents.js:234] fire("PARSE_COMPLETE",[object XPCWrappedNative_NoHelper],[object HTMLDocument])
  ->  [aptEventHandler.js:337] observe([object XPCWrappedNative_NoHelper],"jaxerEvent.HTMLParseComplete",null)
paths:
  -> file:///E:/Aptana%20Jaxer%20Apache/Jaxer/Apache2-4Build/jaxer/framework/src/ModuleLogger.js
  -> file:///E:/Aptana%20Jaxer%20Apache/Jaxer/Apache2-4Build/jaxer/framework/src/HandlePage.js
  -> file:///E:/Aptana%20Jaxer%20Apache/Jaxer/Apache2-4Build/jaxer/framework/src/CoreEvents.js
  -> file:///E:/Aptana%20Jaxer%20Apache/Jaxer/Apache2-4Build/jaxer/components/aptEventHandler.js

01:12:58 12/24/2025 [ 15324] [TRACE] [JS Framework] [CoreEvents.fireEvent] Firing an event for NEW_ELEMENT
stack:
  ->  [ModuleLogger.js:98] trace("Firing an event for NEW_ELEMENT")
  ->  [CoreEvents.js:282] fireEvent("NEW_ELEMENT",[object Array])
  ->  [CoreEvents.js:238] fire("NEW_ELEMENT",[object XPCWrappedNative_NoHelper],[object HTMLDocument],[object HTMLHeadElement])
  ->  [aptEventHandler.js:157] observe([object XPCWrappedNative_NoHelper],"jaxerEvent.NewHTMLElement",null)
paths:
  -> file:///E:/Aptana%20Jaxer%20Apache/Jaxer/Apache2-4Build/jaxer/framework/src/ModuleLogger.js
  -> file:///E:/Aptana%20Jaxer%20Apache/Jaxer/Apache2-4Build/jaxer/framework/src/CoreEvents.js
  -> file:///E:/Aptana%20Jaxer%20Apache/Jaxer/Apache2-4Build/jaxer/components/aptEventHandler.js

01:12:58 12/24/2025 [ 22864] [DEBUG] [JS Framework] [HandlePage.onHandlePage] Script processing starting
stack:
  ->  [ModuleLogger.js:98] debug("Script processing starting")
  ->  [HandlePage.js:62] onHandlePage([object XPCWrappedNative_NoHelper],[object HTMLDocument])
  ->  [CoreEvents.js:293] fireEvent("HANDLE_PAGE",[object Array])
  ->  [CoreEvents.js:234] fire("PARSE_COMPLETE",[object XPCWrappedNative_NoHelper],[object HTMLDocument])
  ->  [aptEventHandler.js:337] observe([object XPCWrappedNative_NoHelper],"jaxerEvent.HTMLParseComplete",null)
paths:
  -> file:///E:/Aptana%20Jaxer%20Apache/Jaxer/Apache2-4Build/jaxer/framework/src/ModuleLogger.js
  -> file:///E:/Aptana%20Jaxer%20Apache/Jaxer/Apache2-4Build/jaxer/framework/src/HandlePage.js
  -> file:///E:/Aptana%20Jaxer%20Apache/Jaxer/Apache2-4Build/jaxer/framework/src/CoreEvents.js
  -> file:///E:/Aptana%20Jaxer%20Apache/Jaxer/Apache2-4Build/jaxer/components/aptEventHandler.js

01:12:58 12/24/2025 [ 15324] [TRACE] [JS Framework] [CoreEvents.fireEvent] Calling event handler: function onNewElement(evt, doc, elt) {
    switch (elt.tagNa...
stack:
  ->  [ModuleLogger.js:98] trace("Calling event handler: function onNewElement(evt, doc, elt) {\n    switch (elt.tagNa...")
  ->  [CoreEvents.js:292] fireEvent("NEW_ELEMENT",[object Array])
  ->  [CoreEvents.js:238] fire("NEW_ELEMENT",[object XPCWrappedNative_NoHelper],[object HTMLDocument],[object HTMLHeadElement])
  ->  [aptEventHandler.js:157] observe([object XPCWrappedNative_NoHelper],"jaxerEvent.NewHTMLElement",null)
paths:
  -> file:///E:/Aptana%20Jaxer%20Apache/Jaxer/Apache2-4Build/jaxer/framework/src/ModuleLogger.js
  -> file:///E:/Aptana%20Jaxer%20Apache/Jaxer/Apache2-4Build/jaxer/framework/src/CoreEvents.js
  -> file:///E:/Aptana%20Jaxer%20Apache/Jaxer/Apache2-4Build/jaxer/components/aptEventHandler.js

01:12:58 12/24/2025 [ 22864] [DEBUG] [JS Framework] [CallbackManager.processScriptElements] Found 2 script blocks to conditionally post-process
stack:
  ->  [ModuleLogger.js:98] debug("Found 2 script blocks to conditionally post-process")
  ->  [CallbackManager.js:505] processScriptElements([object Object])
  ->  [CallbackManager.js:67] processCallbacks([object HTMLDocument])
  ->  [HandlePage.js:63] onHandlePage([object XPCWrappedNative_NoHelper],[object HTMLDocument])
  ->  [CoreEvents.js:293] fireEvent("HANDLE_PAGE",[object Array])
  ->  [CoreEvents.js:234] fire("PARSE_COMPLETE",[object XPCWrappedNative_NoHelper],[object HTMLDocument])
  ->  [aptEventHandler.js:337] observe([object XPCWrappedNative_NoHelper],"jaxerEvent.HTMLParseComplete",null)
paths:
  -> file:///E:/Aptana%20Jaxer%20Apache/Jaxer/Apache2-4Build/jaxer/framework/src/ModuleLogger.js
  -> file:///E:/Aptana%20Jaxer%20Apache/Jaxer/Apache2-4Build/jaxer/framework/src/CallbackManager.js
  -> file:///E:/Aptana%20Jaxer%20Apache/Jaxer/Apache2-4Build/jaxer/framework/src/HandlePage.js
  -> file:///E:/Aptana%20Jaxer%20Apache/Jaxer/Apache2-4Build/jaxer/framework/src/CoreEvents.js
  -> file:///E:/Aptana%20Jaxer%20Apache/Jaxer/Apache2-4Build/jaxer/components/aptEventHandler.js

01:12:58 12/24/2025 [ 15324] [TRACE] [JS Framework] [CoreEvents.fire] At this time, evt.Request.isHandler=false and eventType: INIT_HEAD
stack:
  ->  [ModuleLogger.js:98] trace("At this time, evt.Request.isHandler=false and eventType: INIT_HEAD")
  ->  [CoreEvents.js:205] fire("INIT_HEAD",[object XPCWrappedNative_NoHelper],[object HTMLDocument])
  ->  [aptEventHandler.js:139] observe([object XPCWrappedNative_NoHelper],"jaxerEvent.NewHTMLElement",null)
paths:
  -> file:///E:/Aptana%20Jaxer%20Apache/Jaxer/Apache2-4Build/jaxer/framework/src/ModuleLogger.js
  -> file:///E:/Aptana%20Jaxer%20Apache/Jaxer/Apache2-4Build/jaxer/framework/src/CoreEvents.js
  -> file:///E:/Aptana%20Jaxer%20Apache/Jaxer/Apache2-4Build/jaxer/components/aptEventHandler.js

01:12:58 12/24/2025 [ 22864] [TRACE] [JS Framework] [CallbackManager.cacheServerFunctions] Going to cache 0 functions...
stack:
  ->  [ModuleLogger.js:98] trace("Going to cache 0 functions...")
  ->  [CallbackManager.js:91] cacheServerFunctions([object Object])
  ->  [CallbackManager.js:73] processCallbacks([object HTMLDocument])
  ->  [HandlePage.js:63] onHandlePage([object XPCWrappedNative_NoHelper],[object HTMLDocument])
  ->  [CoreEvents.js:293] fireEvent("HANDLE_PAGE",[object Array])
  ->  [CoreEvents.js:234] fire("PARSE_COMPLETE",[object XPCWrappedNative_NoHelper],[object HTMLDocument])
  ->  [aptEventHandler.js:337] observe([object XPCWrappedNative_NoHelper],"jaxerEvent.HTMLParseComplete",null)
paths:
  -> file:///E:/Aptana%20Jaxer%20Apache/Jaxer/Apache2-4Build/jaxer/framework/src/ModuleLogger.js
  -> file:///E:/Aptana%20Jaxer%20Apache/Jaxer/Apache2-4Build/jaxer/framework/src/CallbackManager.js
  -> file:///E:/Aptana%20Jaxer%20Apache/Jaxer/Apache2-4Build/jaxer/framework/src/HandlePage.js
  -> file:///E:/Aptana%20Jaxer%20Apache/Jaxer/Apache2-4Build/jaxer/framework/src/CoreEvents.js
  -> file:///E:/Aptana%20Jaxer%20Apache/Jaxer/Apache2-4Build/jaxer/components/aptEventHandler.js

01:12:58 12/24/2025 [ 15324] [TRACE] [JS Framework] [CoreEvents.fireEvent] Firing an event for INIT_HEAD
stack:
  ->  [ModuleLogger.js:98] trace("Firing an event for INIT_HEAD")
  ->  [CoreEvents.js:282] fireEvent("INIT_HEAD",[object Array])
  ->  [CoreEvents.js:238] fire("INIT_HEAD",[object XPCWrappedNative_NoHelper],[object HTMLDocument])
  ->  [aptEventHandler.js:139] observe([object XPCWrappedNative_NoHelper],"jaxerEvent.NewHTMLElement",null)
paths:
  -> file:///E:/Aptana%20Jaxer%20Apache/Jaxer/Apache2-4Build/jaxer/framework/src/ModuleLogger.js
  -> file:///E:/Aptana%20Jaxer%20Apache/Jaxer/Apache2-4Build/jaxer/framework/src/CoreEvents.js
  -> file:///E:/Aptana%20Jaxer%20Apache/Jaxer/Apache2-4Build/jaxer/components/aptEventHandler.js

01:12:58 12/24/2025 [ 22864] [DEBUG] [JS Framework] [HandlePage.onHandlePage] Script processing complete
stack:
  ->  [ModuleLogger.js:98] debug("Script processing complete")
  ->  [HandlePage.js:64] onHandlePage([object XPCWrappedNative_NoHelper],[object HTMLDocument])
  ->  [CoreEvents.js:293] fireEvent("HANDLE_PAGE",[object Array])
  ->  [CoreEvents.js:234] fire("PARSE_COMPLETE",[object XPCWrappedNative_NoHelper],[object HTMLDocument])
  ->  [aptEventHandler.js:337] observe([object XPCWrappedNative_NoHelper],"jaxerEvent.HTMLParseComplete",null)
paths:
  -> file:///E:/Aptana%20Jaxer%20Apache/Jaxer/Apache2-4Build/jaxer/framework/src/ModuleLogger.js
  -> file:///E:/Aptana%20Jaxer%20Apache/Jaxer/Apache2-4Build/jaxer/framework/src/HandlePage.js
  -> file:///E:/Aptana%20Jaxer%20Apache/Jaxer/Apache2-4Build/jaxer/framework/src/CoreEvents.js
  -> file:///E:/Aptana%20Jaxer%20Apache/Jaxer/Apache2-4Build/jaxer/components/aptEventHandler.js

01:12:58 12/24/2025 [ 15324] [TRACE] [JS Framework] [CoreEvents.fireEvent] Calling event handler: function onInitHead(evt, doc) {
    Jaxer.load = function lo...
stack:
  ->  [ModuleLogger.js:98] trace("Calling event handler: function onInitHead(evt, doc) {\n    Jaxer.load = function lo...")
  ->  [CoreEvents.js:292] fireEvent("INIT_HEAD",[object Array])
  ->  [CoreEvents.js:238] fire("INIT_HEAD",[object XPCWrappedNative_NoHelper],[object HTMLDocument])
  ->  [aptEventHandler.js:139] observe([object XPCWrappedNative_NoHelper],"jaxerEvent.NewHTMLElement",null)
paths:
  -> file:///E:/Aptana%20Jaxer%20Apache/Jaxer/Apache2-4Build/jaxer/framework/src/ModuleLogger.js
  -> file:///E:/Aptana%20Jaxer%20Apache/Jaxer/Apache2-4Build/jaxer/framework/src/CoreEvents.js
  -> file:///E:/Aptana%20Jaxer%20Apache/Jaxer/Apache2-4Build/jaxer/components/aptEventHandler.js

01:12:58 12/24/2025 [ 22864] [TRACE] [JS Framework] [HandlePage.processLoadEvent] Processing load event 'aftercallbackprocessing' with doc = [object HTMLDocument]
stack:
  ->  [ModuleLogger.js:98] trace("Processing load event 'aftercallbackprocessing' with doc = [object HTMLDocument]")
  ->  [HandlePage.js:258] processLoadEvent("aftercallbackprocessing",[object HTMLDocument],true)
  ->  [HandlePage.js:241] processAfterCallbackProcessing([object HTMLDocument])
  ->  [HandlePage.js:66] onHandlePage([object XPCWrappedNative_NoHelper],[object HTMLDocument])
  ->  [CoreEvents.js:293] fireEvent("HANDLE_PAGE",[object Array])
  ->  [CoreEvents.js:234] fire("PARSE_COMPLETE",[object XPCWrappedNative_NoHelper],[object HTMLDocument])
  ->  [aptEventHandler.js:337] observe([object XPCWrappedNative_NoHelper],"jaxerEvent.HTMLParseComplete",null)
paths:
  -> file:///E:/Aptana%20Jaxer%20Apache/Jaxer/Apache2-4Build/jaxer/framework/src/ModuleLogger.js
  -> file:///E:/Aptana%20Jaxer%20Apache/Jaxer/Apache2-4Build/jaxer/framework/src/HandlePage.js
  -> file:///E:/Aptana%20Jaxer%20Apache/Jaxer/Apache2-4Build/jaxer/framework/src/CoreEvents.js
  -> file:///E:/Aptana%20Jaxer%20Apache/Jaxer/Apache2-4Build/jaxer/components/aptEventHandler.js

01:12:58 12/24/2025 [ 15324] [TRACE] [JS Framework] [Includer.evalOn] Evaluating using Jaxer.request.evaluateScript: contents = (function ... with global = [object ChromeWindow] and effectiveUrl = undefined
stack:
  ->  [ModuleLogger.js:98] trace("Evaluating using Jaxer.request.evaluateScript: contents = (function ... with global = [object ChromeWindow] and effectiveUrl = undefined")
  ->  [Includer.js:131] evalOn("(function extendDomSetters(global) {if (global.HTMLInputElement) {var inputValueSetter = global.HTMLInputElement.prototype.__lookupSetter__(\"value\");global.HTMLInputElement.prototype.__defineSetter__(\"value\", function (val) {inputValueSetter.call(this, val);this.setAttribute(\"value\", val);});var inputCheckedSetter = global.HTMLInputElement.prototype.__lookupSetter__(\"checked\");global.HTMLInputElement.prototype.__defineSetter__(\"checked\", function (val) {inputCheckedSetter.call(this, val);if (val) {this.setAttribute(\"checked\", null);} else {this.removeAttribute(\"checked\");}});}if (global.HTMLTextAreaElement) {var textAreaValueSetter = global.HTMLTextAreaElement.prototype.__lookupSetter__(\"value\");global.HTMLTextAreaElement.prototype.__defineSetter__(\"value\", function (val) {textAreaValueSetter.call(this, val);this.textContent = val;});}if (global.HTMLSelectElement) {var selectSelectedIndexSetter = global.HTMLSelectElement.prototype.__lookupSetter__(\"selectedIndex\");global.HTMLSelectElement.prototype.__defineSetter__(\"selectedIndex\", function (index) {selectSelectedIndexSetter.call(this, index);var option = this.options[index];if (option) {for (var i = 0, len = this.options.length; i < len; i++) {if (i == index) {this.options[i].setAttribute(\"selected\", null);} else {this.options[i].removeAttribute(\"selected\");}}}});}if (global.HTMLOptionElement) {var optionSelectedSetter = global.HTMLOptionElement.prototype.__lookupSetter__(\"selected\");global.HTMLOptionElement.prototype.__defineSetter__(\"selected\", function (val) {optionSelectedSetter.call(this, val);if (val) {this.setAttribute(\"selected\", null);} else {this.removeAttribute(\"selected\");}});}})(document.defaultView)",[object ChromeWindow])
  ->  [Overrides.js:370] applyAll([object ChromeWindow])
  ->  [InitHead.js:78] onInitHead([object XPCWrappedNative_NoHelper],[object HTMLDocument])
  ->  [CoreEvents.js:293] fireEvent("INIT_HEAD",[object Array])
  ->  [CoreEvents.js:238] fire("INIT_HEAD",[object XPCWrappedNative_NoHelper],[object HTMLDocument])
  ->  [aptEventHandler.js:139] observe([object XPCWrappedNative_NoHelper],"jaxerEvent.NewHTMLElement",null)
paths:
  -> file:///E:/Aptana%20Jaxer%20Apache/Jaxer/Apache2-4Build/jaxer/framework/src/ModuleLogger.js
  -> file:///E:/Aptana%20Jaxer%20Apache/Jaxer/Apache2-4Build/jaxer/framework/src/Includer.js
  -> file:///E:/Aptana%20Jaxer%20Apache/Jaxer/Apache2-4Build/jaxer/framework/src/Overrides.js
  -> file:///E:/Aptana%20Jaxer%20Apache/Jaxer/Apache2-4Build/jaxer/framework/src/InitHead.js
  -> file:///E:/Aptana%20Jaxer%20Apache/Jaxer/Apache2-4Build/jaxer/framework/src/CoreEvents.js
  -> file:///E:/Aptana%20Jaxer%20Apache/Jaxer/Apache2-4Build/jaxer/components/aptEventHandler.js

01:12:58 12/24/2025 [ 22864] [DEBUG] [JS Framework] [SessionManager.keyToResponse] Saving session key to the client via cookie JaxerSessionId$$localhost:8081: 176589175647709027719934159097
stack:
  ->  [ModuleLogger.js:98] debug("Saving session key to the client via cookie JaxerSessionId$$localhost:8081: 176589175647709027719934159097")
  ->  [SessionManager.js:82] keyToResponse("localhost:8081","176589175647709027719934159097")
  ->  [Container.js:614] persistAll([object HTMLDocument])
  ->  [HandlePage.js:73] onHandlePage([object XPCWrappedNative_NoHelper],[object HTMLDocument])
  ->  [CoreEvents.js:293] fireEvent("HANDLE_PAGE",[object Array])
  ->  [CoreEvents.js:234] fire("PARSE_COMPLETE",[object XPCWrappedNative_NoHelper],[object HTMLDocument])
  ->  [aptEventHandler.js:337] observe([object XPCWrappedNative_NoHelper],"jaxerEvent.HTMLParseComplete",null)
paths:
  -> file:///E:/Aptana%20Jaxer%20Apache/Jaxer/Apache2-4Build/jaxer/framework/src/ModuleLogger.js
  -> file:///E:/Aptana%20Jaxer%20Apache/Jaxer/Apache2-4Build/jaxer/framework/src/SessionManager.js
  -> file:///E:/Aptana%20Jaxer%20Apache/Jaxer/Apache2-4Build/jaxer/framework/src/Container.js
  -> file:///E:/Aptana%20Jaxer%20Apache/Jaxer/Apache2-4Build/jaxer/framework/src/HandlePage.js
  -> file:///E:/Aptana%20Jaxer%20Apache/Jaxer/Apache2-4Build/jaxer/framework/src/CoreEvents.js
  -> file:///E:/Aptana%20Jaxer%20Apache/Jaxer/Apache2-4Build/jaxer/components/aptEventHandler.js

01:12:58 12/24/2025 [ 15324] [TRACE] [JS Framework] [CoreEvents.fire] At this time, evt.Request.isHandler=false and eventType: NEW_ELEMENT - META
stack:
  ->  [ModuleLogger.js:98] trace("At this time, evt.Request.isHandler=false and eventType: NEW_ELEMENT - META")
  ->  [CoreEvents.js:205] fire("NEW_ELEMENT",[object XPCWrappedNative_NoHelper],[object HTMLDocument],[object HTMLMetaElement])
  ->  [aptEventHandler.js:157] observe([object XPCWrappedNative_NoHelper],"jaxerEvent.NewHTMLElement",null)
paths:
  -> file:///E:/Aptana%20Jaxer%20Apache/Jaxer/Apache2-4Build/jaxer/framework/src/ModuleLogger.js
  -> file:///E:/Aptana%20Jaxer%20Apache/Jaxer/Apache2-4Build/jaxer/framework/src/CoreEvents.js
  -> file:///E:/Aptana%20Jaxer%20Apache/Jaxer/Apache2-4Build/jaxer/components/aptEventHandler.js

01:12:58 12/24/2025 [ 22864] [TRACE] [JS Framework] [Container.persist] For container APPLICATION:localhost:8081: Persisting
stack:
  ->  [ModuleLogger.js:98] trace("For container APPLICATION:localhost:8081: Persisting")
  ->  [Container.js:313] persist()
  ->  [Container.js:620] persistAll([object HTMLDocument])
  ->  [HandlePage.js:73] onHandlePage([object XPCWrappedNative_NoHelper],[object HTMLDocument])
  ->  [CoreEvents.js:293] fireEvent("HANDLE_PAGE",[object Array])
  ->  [CoreEvents.js:234] fire("PARSE_COMPLETE",[object XPCWrappedNative_NoHelper],[object HTMLDocument])
  ->  [aptEventHandler.js:337] observe([object XPCWrappedNative_NoHelper],"jaxerEvent.HTMLParseComplete",null)
paths:
  -> file:///E:/Aptana%20Jaxer%20Apache/Jaxer/Apache2-4Build/jaxer/framework/src/ModuleLogger.js
  -> file:///E:/Aptana%20Jaxer%20Apache/Jaxer/Apache2-4Build/jaxer/framework/src/Container.js
  -> file:///E:/Aptana%20Jaxer%20Apache/Jaxer/Apache2-4Build/jaxer/framework/src/HandlePage.js
  -> file:///E:/Aptana%20Jaxer%20Apache/Jaxer/Apache2-4Build/jaxer/framework/src/CoreEvents.js
  -> file:///E:/Aptana%20Jaxer%20Apache/Jaxer/Apache2-4Build/jaxer/components/aptEventHandler.js

01:12:58 12/24/2025 [ 15324] [TRACE] [JS Framework] [CoreEvents.fireEvent] Firing an event for NEW_ELEMENT
stack:
  ->  [ModuleLogger.js:98] trace("Firing an event for NEW_ELEMENT")
  ->  [CoreEvents.js:282] fireEvent("NEW_ELEMENT",[object Array])
  ->  [CoreEvents.js:238] fire("NEW_ELEMENT",[object XPCWrappedNative_NoHelper],[object HTMLDocument],[object HTMLMetaElement])
  ->  [aptEventHandler.js:157] observe([object XPCWrappedNative_NoHelper],"jaxerEvent.NewHTMLElement",null)
paths:
  -> file:///E:/Aptana%20Jaxer%20Apache/Jaxer/Apache2-4Build/jaxer/framework/src/ModuleLogger.js
  -> file:///E:/Aptana%20Jaxer%20Apache/Jaxer/Apache2-4Build/jaxer/framework/src/CoreEvents.js
  -> file:///E:/Aptana%20Jaxer%20Apache/Jaxer/Apache2-4Build/jaxer/components/aptEventHandler.js

01:12:58 12/24/2025 [ 22864] [TRACE] [JS Framework] [Container.persist] For container PAGE:localhost:8081/aptana/doc/api/Jaxer.index.html: Persisting
stack:
  ->  [ModuleLogger.js:98] trace("For container PAGE:localhost:8081/aptana/doc/api/Jaxer.index.html: Persisting")
  ->  [Container.js:313] persist()
  ->  [Container.js:620] persistAll([object HTMLDocument])
  ->  [HandlePage.js:73] onHandlePage([object XPCWrappedNative_NoHelper],[object HTMLDocument])
  ->  [CoreEvents.js:293] fireEvent("HANDLE_PAGE",[object Array])
  ->  [CoreEvents.js:234] fire("PARSE_COMPLETE",[object XPCWrappedNative_NoHelper],[object HTMLDocument])
  ->  [aptEventHandler.js:337] observe([object XPCWrappedNative_NoHelper],"jaxerEvent.HTMLParseComplete",null)
paths:
  -> file:///E:/Aptana%20Jaxer%20Apache/Jaxer/Apache2-4Build/jaxer/framework/src/ModuleLogger.js
  -> file:///E:/Aptana%20Jaxer%20Apache/Jaxer/Apache2-4Build/jaxer/framework/src/Container.js
  -> file:///E:/Aptana%20Jaxer%20Apache/Jaxer/Apache2-4Build/jaxer/framework/src/HandlePage.js
  -> file:///E:/Aptana%20Jaxer%20Apache/Jaxer/Apache2-4Build/jaxer/framework/src/CoreEvents.js
  -> file:///E:/Aptana%20Jaxer%20Apache/Jaxer/Apache2-4Build/jaxer/components/aptEventHandler.js

01:12:58 12/24/2025 [ 15324] [TRACE] [JS Framework] [CoreEvents.fireEvent] Calling event handler: function onNewElement(evt, doc, elt) {
    switch (elt.tagNa...
stack:
  ->  [ModuleLogger.js:98] trace("Calling event handler: function onNewElement(evt, doc, elt) {\n    switch (elt.tagNa...")
  ->  [CoreEvents.js:292] fireEvent("NEW_ELEMENT",[object Array])
  ->  [CoreEvents.js:238] fire("NEW_ELEMENT",[object XPCWrappedNative_NoHelper],[object HTMLDocument],[object HTMLMetaElement])
  ->  [aptEventHandler.js:157] observe([object XPCWrappedNative_NoHelper],"jaxerEvent.NewHTMLElement",null)
paths:
  -> file:///E:/Aptana%20Jaxer%20Apache/Jaxer/Apache2-4Build/jaxer/framework/src/ModuleLogger.js
  -> file:///E:/Aptana%20Jaxer%20Apache/Jaxer/Apache2-4Build/jaxer/framework/src/CoreEvents.js
  -> file:///E:/Aptana%20Jaxer%20Apache/Jaxer/Apache2-4Build/jaxer/components/aptEventHandler.js

01:12:58 12/24/2025 [ 22864] [TRACE] [JS Framework] [Container.persist] For container SESSION:176589175647709027719934159097: Persisting
stack:
  ->  [ModuleLogger.js:98] trace("For container SESSION:176589175647709027719934159097: Persisting")
  ->  [Container.js:313] persist()
  ->  [Container.js:620] persistAll([object HTMLDocument])
  ->  [HandlePage.js:73] onHandlePage([object XPCWrappedNative_NoHelper],[object HTMLDocument])
  ->  [CoreEvents.js:293] fireEvent("HANDLE_PAGE",[object Array])
  ->  [CoreEvents.js:234] fire("PARSE_COMPLETE",[object XPCWrappedNative_NoHelper],[object HTMLDocument])
  ->  [aptEventHandler.js:337] observe([object XPCWrappedNative_NoHelper],"jaxerEvent.HTMLParseComplete",null)
paths:
  -> file:///E:/Aptana%20Jaxer%20Apache/Jaxer/Apache2-4Build/jaxer/framework/src/ModuleLogger.js
  -> file:///E:/Aptana%20Jaxer%20Apache/Jaxer/Apache2-4Build/jaxer/framework/src/Container.js
  -> file:///E:/Aptana%20Jaxer%20Apache/Jaxer/Apache2-4Build/jaxer/framework/src/HandlePage.js
  -> file:///E:/Aptana%20Jaxer%20Apache/Jaxer/Apache2-4Build/jaxer/framework/src/CoreEvents.js
  -> file:///E:/Aptana%20Jaxer%20Apache/Jaxer/Apache2-4Build/jaxer/components/aptEventHandler.js

01:12:58 12/24/2025 [ 22864] [TRACE] [JS Framework] [Container.persist] For container SESSION_PAGE:176589175647709027719934159097$$localhost:8081/aptana/doc/api/Jaxer.index.html: Persisting
stack:
  ->  [ModuleLogger.js:98] trace("For container SESSION_PAGE:176589175647709027719934159097$$localhost:8081/aptana/doc/api/Jaxer.index.html: Persisting")
  ->  [Container.js:313] persist()
  ->  [Container.js:620] persistAll([object HTMLDocument])
  ->  [HandlePage.js:73] onHandlePage([object XPCWrappedNative_NoHelper],[object HTMLDocument])
  ->  [CoreEvents.js:293] fireEvent("HANDLE_PAGE",[object Array])
  ->  [CoreEvents.js:234] fire("PARSE_COMPLETE",[object XPCWrappedNative_NoHelper],[object HTMLDocument])
  ->  [aptEventHandler.js:337] observe([object XPCWrappedNative_NoHelper],"jaxerEvent.HTMLParseComplete",null)
paths:
  -> file:///E:/Aptana%20Jaxer%20Apache/Jaxer/Apache2-4Build/jaxer/framework/src/ModuleLogger.js
  -> file:///E:/Aptana%20Jaxer%20Apache/Jaxer/Apache2-4Build/jaxer/framework/src/Container.js
  -> file:///E:/Aptana%20Jaxer%20Apache/Jaxer/Apache2-4Build/jaxer/framework/src/HandlePage.js
  -> file:///E:/Aptana%20Jaxer%20Apache/Jaxer/Apache2-4Build/jaxer/framework/src/CoreEvents.js
  -> file:///E:/Aptana%20Jaxer%20Apache/Jaxer/Apache2-4Build/jaxer/components/aptEventHandler.js

01:12:58 12/24/2025 [ 22864] [TRACE] [JS Framework] [HandlePage.onHandlePage] Containers persisted
stack:
  ->  [ModuleLogger.js:98] trace("Containers persisted")
  ->  [HandlePage.js:74] onHandlePage([object XPCWrappedNative_NoHelper],[object HTMLDocument])
  ->  [CoreEvents.js:293] fireEvent("HANDLE_PAGE",[object Array])
  ->  [CoreEvents.js:234] fire("PARSE_COMPLETE",[object XPCWrappedNative_NoHelper],[object HTMLDocument])
  ->  [aptEventHandler.js:337] observe([object XPCWrappedNative_NoHelper],"jaxerEvent.HTMLParseComplete",null)
paths:
  -> file:///E:/Aptana%20Jaxer%20Apache/Jaxer/Apache2-4Build/jaxer/framework/src/ModuleLogger.js
  -> file:///E:/Aptana%20Jaxer%20Apache/Jaxer/Apache2-4Build/jaxer/framework/src/HandlePage.js
  -> file:///E:/Aptana%20Jaxer%20Apache/Jaxer/Apache2-4Build/jaxer/framework/src/CoreEvents.js
  -> file:///E:/Aptana%20Jaxer%20Apache/Jaxer/Apache2-4Build/jaxer/components/aptEventHandler.js

01:12:58 12/24/2025 [ 22864] [TRACE] [JS Framework] [Response.useOriginalContents] Jaxer did not end up modifying this page or having any (known) side-effects - using original response in lieu of a Jaxer-generated one
stack:
  ->  [ModuleLogger.js:98] trace("Jaxer did not end up modifying this page or having any (known) side-effects - using original response in lieu of a Jaxer-generated one")
  ->  [Response.js:540] useOriginalContents()
  ->  [HandlePage.js:197] onHandlePage([object XPCWrappedNative_NoHelper],[object HTMLDocument])
  ->  [CoreEvents.js:293] fireEvent("HANDLE_PAGE",[object Array])
  ->  [CoreEvents.js:234] fire("PARSE_COMPLETE",[object XPCWrappedNative_NoHelper],[object HTMLDocument])
  ->  [aptEventHandler.js:337] observe([object XPCWrappedNative_NoHelper],"jaxerEvent.HTMLParseComplete",null)
paths:
  -> file:///E:/Aptana%20Jaxer%20Apache/Jaxer/Apache2-4Build/jaxer/framework/src/ModuleLogger.js
  -> file:///E:/Aptana%20Jaxer%20Apache/Jaxer/Apache2-4Build/jaxer/framework/src/Response.js
  -> file:///E:/Aptana%20Jaxer%20Apache/Jaxer/Apache2-4Build/jaxer/framework/src/HandlePage.js
  -> file:///E:/Aptana%20Jaxer%20Apache/Jaxer/Apache2-4Build/jaxer/framework/src/CoreEvents.js
  -> file:///E:/Aptana%20Jaxer%20Apache/Jaxer/Apache2-4Build/jaxer/components/aptEventHandler.js

01:12:58 12/24/2025 [ 22864] [TRACE] [JS Framework] [CoreEvents.fireEvent] Firing an event for PARSE_COMPLETE
stack:
  ->  [ModuleLogger.js:98] trace("Firing an event for PARSE_COMPLETE")
  ->  [CoreEvents.js:282] fireEvent("PARSE_COMPLETE",[object Array])
  ->  [CoreEvents.js:238] fire("PARSE_COMPLETE",[object XPCWrappedNative_NoHelper],[object HTMLDocument])
  ->  [aptEventHandler.js:337] observe([object XPCWrappedNative_NoHelper],"jaxerEvent.HTMLParseComplete",null)
paths:
  -> file:///E:/Aptana%20Jaxer%20Apache/Jaxer/Apache2-4Build/jaxer/framework/src/ModuleLogger.js
  -> file:///E:/Aptana%20Jaxer%20Apache/Jaxer/Apache2-4Build/jaxer/framework/src/CoreEvents.js
  -> file:///E:/Aptana%20Jaxer%20Apache/Jaxer/Apache2-4Build/jaxer/components/aptEventHandler.js

01:12:58 12/24/2025 [ 22864] [TRACE] [JS Framework] [CoreEvents.fireEvent] Calling event handler: function onParseComplete(evt, doc) {
    Jaxer.__tempLoad.cl...
stack:
  ->  [ModuleLogger.js:98] trace("Calling event handler: function onParseComplete(evt, doc) {\n    Jaxer.__tempLoad.cl...")
  ->  [CoreEvents.js:292] fireEvent("PARSE_COMPLETE",[object Array])
  ->  [CoreEvents.js:238] fire("PARSE_COMPLETE",[object XPCWrappedNative_NoHelper],[object HTMLDocument])
  ->  [aptEventHandler.js:337] observe([object XPCWrappedNative_NoHelper],"jaxerEvent.HTMLParseComplete",null)
paths:
  -> file:///E:/Aptana%20Jaxer%20Apache/Jaxer/Apache2-4Build/jaxer/framework/src/ModuleLogger.js
  -> file:///E:/Aptana%20Jaxer%20Apache/Jaxer/Apache2-4Build/jaxer/framework/src/CoreEvents.js
  -> file:///E:/Aptana%20Jaxer%20Apache/Jaxer/Apache2-4Build/jaxer/components/aptEventHandler.js

01:12:58 12/24/2025 [ 22864] [TRACE] [JS Framework] [CoreEvents.fire] At this time, evt.Request.isHandler=false and eventType: REQUEST_COMPLETE
stack:
  ->  [ModuleLogger.js:98] trace("At this time, evt.Request.isHandler=false and eventType: REQUEST_COMPLETE")
  ->  [CoreEvents.js:205] fire("REQUEST_COMPLETE",[object XPCWrappedNative_NoHelper])
  ->  [aptEventHandler.js:351] observe([object XPCWrappedNative_NoHelper],"jaxerEvent.RequestComplete",null)
paths:
  -> file:///E:/Aptana%20Jaxer%20Apache/Jaxer/Apache2-4Build/jaxer/framework/src/ModuleLogger.js
  -> file:///E:/Aptana%20Jaxer%20Apache/Jaxer/Apache2-4Build/jaxer/framework/src/CoreEvents.js
  -> file:///E:/Aptana%20Jaxer%20Apache/Jaxer/Apache2-4Build/jaxer/components/aptEventHandler.js

01:12:58 12/24/2025 [ 22864] [TRACE] [JS Framework] [CoreEvents.fireEvent] Firing an event for REQUEST_COMPLETE
stack:
  ->  [ModuleLogger.js:98] trace("Firing an event for REQUEST_COMPLETE")
  ->  [CoreEvents.js:282] fireEvent("REQUEST_COMPLETE",[object Array])
  ->  [CoreEvents.js:238] fire("REQUEST_COMPLETE",[object XPCWrappedNative_NoHelper])
  ->  [aptEventHandler.js:351] observe([object XPCWrappedNative_NoHelper],"jaxerEvent.RequestComplete",null)
paths:
  -> file:///E:/Aptana%20Jaxer%20Apache/Jaxer/Apache2-4Build/jaxer/framework/src/ModuleLogger.js
  -> file:///E:/Aptana%20Jaxer%20Apache/Jaxer/Apache2-4Build/jaxer/framework/src/CoreEvents.js
  -> file:///E:/Aptana%20Jaxer%20Apache/Jaxer/Apache2-4Build/jaxer/components/aptEventHandler.js

01:12:58 12/24/2025 [ 22864] [TRACE] [JS Framework] [CoreEvents.fireEvent] Calling event handler: function onRequestComplete(evt) {
}...
stack:
  ->  [ModuleLogger.js:98] trace("Calling event handler: function onRequestComplete(evt) {\n}...")
  ->  [CoreEvents.js:292] fireEvent("REQUEST_COMPLETE",[object Array])
  ->  [CoreEvents.js:238] fire("REQUEST_COMPLETE",[object XPCWrappedNative_NoHelper])
  ->  [aptEventHandler.js:351] observe([object XPCWrappedNative_NoHelper],"jaxerEvent.RequestComplete",null)
paths:
  -> file:///E:/Aptana%20Jaxer%20Apache/Jaxer/Apache2-4Build/jaxer/framework/src/ModuleLogger.js
  -> file:///E:/Aptana%20Jaxer%20Apache/Jaxer/Apache2-4Build/jaxer/framework/src/CoreEvents.js
  -> file:///E:/Aptana%20Jaxer%20Apache/Jaxer/Apache2-4Build/jaxer/components/aptEventHandler.js

01:12:58 12/24/2025 [ 15324] [TRACE] [JS Framework] [CoreEvents.fire] At this time, evt.Request.isHandler=false and eventType: PARSE_COMPLETE
stack:
  ->  [ModuleLogger.js:98] trace("At this time, evt.Request.isHandler=false and eventType: PARSE_COMPLETE")
  ->  [CoreEvents.js:205] fire("PARSE_COMPLETE",[object XPCWrappedNative_NoHelper],[object HTMLDocument])
  ->  [aptEventHandler.js:337] observe([object XPCWrappedNative_NoHelper],"jaxerEvent.HTMLParseComplete",null)
paths:
  -> file:///E:/Aptana%20Jaxer%20Apache/Jaxer/Apache2-4Build/jaxer/framework/src/ModuleLogger.js
  -> file:///E:/Aptana%20Jaxer%20Apache/Jaxer/Apache2-4Build/jaxer/framework/src/CoreEvents.js
  -> file:///E:/Aptana%20Jaxer%20Apache/Jaxer/Apache2-4Build/jaxer/components/aptEventHandler.js

01:12:58 12/24/2025 [ 15324] [TRACE] [JS Framework] [CoreEvents.fireEvent] Firing an event for HANDLE_PAGE
stack:
  ->  [ModuleLogger.js:98] trace("Firing an event for HANDLE_PAGE")
  ->  [CoreEvents.js:282] fireEvent("HANDLE_PAGE",[object Array])
  ->  [CoreEvents.js:234] fire("PARSE_COMPLETE",[object XPCWrappedNative_NoHelper],[object HTMLDocument])
  ->  [aptEventHandler.js:337] observe([object XPCWrappedNative_NoHelper],"jaxerEvent.HTMLParseComplete",null)
paths:
  -> file:///E:/Aptana%20Jaxer%20Apache/Jaxer/Apache2-4Build/jaxer/framework/src/ModuleLogger.js
  -> file:///E:/Aptana%20Jaxer%20Apache/Jaxer/Apache2-4Build/jaxer/framework/src/CoreEvents.js
  -> file:///E:/Aptana%20Jaxer%20Apache/Jaxer/Apache2-4Build/jaxer/components/aptEventHandler.js

01:12:58 12/24/2025 [ 15324] [TRACE] [JS Framework] [CoreEvents.fireEvent] Calling event handler: function onHandlePage(evt, doc) {
    if (checkErrors(doc)) ...
stack:
  ->  [ModuleLogger.js:98] trace("Calling event handler: function onHandlePage(evt, doc) {\n    if (checkErrors(doc)) ...")
  ->  [CoreEvents.js:292] fireEvent("HANDLE_PAGE",[object Array])
  ->  [CoreEvents.js:234] fire("PARSE_COMPLETE",[object XPCWrappedNative_NoHelper],[object HTMLDocument])
  ->  [aptEventHandler.js:337] observe([object XPCWrappedNative_NoHelper],"jaxerEvent.HTMLParseComplete",null)
paths:
  -> file:///E:/Aptana%20Jaxer%20Apache/Jaxer/Apache2-4Build/jaxer/framework/src/ModuleLogger.js
  -> file:///E:/Aptana%20Jaxer%20Apache/Jaxer/Apache2-4Build/jaxer/framework/src/CoreEvents.js
  -> file:///E:/Aptana%20Jaxer%20Apache/Jaxer/Apache2-4Build/jaxer/components/aptEventHandler.js

01:12:58 12/24/2025 [ 15324] [TRACE] [JS Framework] [HandlePage.onHandlePage] Processing onserverload with doc = [object HTMLDocument]
stack:
  ->  [ModuleLogger.js:98] trace("Processing onserverload with doc = [object HTMLDocument]")
  ->  [HandlePage.js:58] onHandlePage([object XPCWrappedNative_NoHelper],[object HTMLDocument])
  ->  [CoreEvents.js:293] fireEvent("HANDLE_PAGE",[object Array])
  ->  [CoreEvents.js:234] fire("PARSE_COMPLETE",[object XPCWrappedNative_NoHelper],[object HTMLDocument])
  ->  [aptEventHandler.js:337] observe([object XPCWrappedNative_NoHelper],"jaxerEvent.HTMLParseComplete",null)
paths:
  -> file:///E:/Aptana%20Jaxer%20Apache/Jaxer/Apache2-4Build/jaxer/framework/src/ModuleLogger.js
  -> file:///E:/Aptana%20Jaxer%20Apache/Jaxer/Apache2-4Build/jaxer/framework/src/HandlePage.js
  -> file:///E:/Aptana%20Jaxer%20Apache/Jaxer/Apache2-4Build/jaxer/framework/src/CoreEvents.js
  -> file:///E:/Aptana%20Jaxer%20Apache/Jaxer/Apache2-4Build/jaxer/components/aptEventHandler.js

01:12:58 12/24/2025 [ 15324] [TRACE] [JS Framework] [HandlePage.processLoadEvent] Processing load event 'serverload' with doc = [object HTMLDocument]
stack:
  ->  [ModuleLogger.js:98] trace("Processing load event 'serverload' with doc = [object HTMLDocument]")
  ->  [HandlePage.js:258] processLoadEvent("serverload",[object HTMLDocument],true)
  ->  [HandlePage.js:222] processOnServerLoad([object HTMLDocument])
  ->  [HandlePage.js:59] onHandlePage([object XPCWrappedNative_NoHelper],[object HTMLDocument])
  ->  [CoreEvents.js:293] fireEvent("HANDLE_PAGE",[object Array])
  ->  [CoreEvents.js:234] fire("PARSE_COMPLETE",[object XPCWrappedNative_NoHelper],[object HTMLDocument])
  ->  [aptEventHandler.js:337] observe([object XPCWrappedNative_NoHelper],"jaxerEvent.HTMLParseComplete",null)
paths:
  -> file:///E:/Aptana%20Jaxer%20Apache/Jaxer/Apache2-4Build/jaxer/framework/src/ModuleLogger.js
  -> file:///E:/Aptana%20Jaxer%20Apache/Jaxer/Apache2-4Build/jaxer/framework/src/HandlePage.js
  -> file:///E:/Aptana%20Jaxer%20Apache/Jaxer/Apache2-4Build/jaxer/framework/src/CoreEvents.js
  -> file:///E:/Aptana%20Jaxer%20Apache/Jaxer/Apache2-4Build/jaxer/components/aptEventHandler.js

01:12:58 12/24/2025 [ 15324] [TRACE] [JS Framework] [HandlePage.processLoadEvent] Processing load event 'load' with doc = [object HTMLDocument]
stack:
  ->  [ModuleLogger.js:98] trace("Processing load event 'load' with doc = [object HTMLDocument]")
  ->  [HandlePage.js:258] processLoadEvent("load",[object HTMLDocument],false)
  ->  [HandlePage.js:227] processOnServerLoad([object HTMLDocument])
  ->  [HandlePage.js:59] onHandlePage([object XPCWrappedNative_NoHelper],[object HTMLDocument])
  ->  [CoreEvents.js:293] fireEvent("HANDLE_PAGE",[object Array])
  ->  [CoreEvents.js:234] fire("PARSE_COMPLETE",[object XPCWrappedNative_NoHelper],[object HTMLDocument])
  ->  [aptEventHandler.js:337] observe([object XPCWrappedNative_NoHelper],"jaxerEvent.HTMLParseComplete",null)
paths:
  -> file:///E:/Aptana%20Jaxer%20Apache/Jaxer/Apache2-4Build/jaxer/framework/src/ModuleLogger.js
  -> file:///E:/Aptana%20Jaxer%20Apache/Jaxer/Apache2-4Build/jaxer/framework/src/HandlePage.js
  -> file:///E:/Aptana%20Jaxer%20Apache/Jaxer/Apache2-4Build/jaxer/framework/src/CoreEvents.js
  -> file:///E:/Aptana%20Jaxer%20Apache/Jaxer/Apache2-4Build/jaxer/components/aptEventHandler.js

01:12:58 12/24/2025 [ 15324] [DEBUG] [JS Framework] [HandlePage.onHandlePage] Script processing starting
stack:
  ->  [ModuleLogger.js:98] debug("Script processing starting")
  ->  [HandlePage.js:62] onHandlePage([object XPCWrappedNative_NoHelper],[object HTMLDocument])
  ->  [CoreEvents.js:293] fireEvent("HANDLE_PAGE",[object Array])
  ->  [CoreEvents.js:234] fire("PARSE_COMPLETE",[object XPCWrappedNative_NoHelper],[object HTMLDocument])
  ->  [aptEventHandler.js:337] observe([object XPCWrappedNative_NoHelper],"jaxerEvent.HTMLParseComplete",null)
paths:
  -> file:///E:/Aptana%20Jaxer%20Apache/Jaxer/Apache2-4Build/jaxer/framework/src/ModuleLogger.js
  -> file:///E:/Aptana%20Jaxer%20Apache/Jaxer/Apache2-4Build/jaxer/framework/src/HandlePage.js
  -> file:///E:/Aptana%20Jaxer%20Apache/Jaxer/Apache2-4Build/jaxer/framework/src/CoreEvents.js
  -> file:///E:/Aptana%20Jaxer%20Apache/Jaxer/Apache2-4Build/jaxer/components/aptEventHandler.js

01:12:58 12/24/2025 [ 15324] [DEBUG] [JS Framework] [CallbackManager.processScriptElements] Found 4 script blocks to conditionally post-process
stack:
  ->  [ModuleLogger.js:98] debug("Found 4 script blocks to conditionally post-process")
  ->  [CallbackManager.js:505] processScriptElements([object Object])
  ->  [CallbackManager.js:67] processCallbacks([object HTMLDocument])
  ->  [HandlePage.js:63] onHandlePage([object XPCWrappedNative_NoHelper],[object HTMLDocument])
  ->  [CoreEvents.js:293] fireEvent("HANDLE_PAGE",[object Array])
  ->  [CoreEvents.js:234] fire("PARSE_COMPLETE",[object XPCWrappedNative_NoHelper],[object HTMLDocument])
  ->  [aptEventHandler.js:337] observe([object XPCWrappedNative_NoHelper],"jaxerEvent.HTMLParseComplete",null)
paths:
  -> file:///E:/Aptana%20Jaxer%20Apache/Jaxer/Apache2-4Build/jaxer/framework/src/ModuleLogger.js
  -> file:///E:/Aptana%20Jaxer%20Apache/Jaxer/Apache2-4Build/jaxer/framework/src/CallbackManager.js
  -> file:///E:/Aptana%20Jaxer%20Apache/Jaxer/Apache2-4Build/jaxer/framework/src/HandlePage.js
  -> file:///E:/Aptana%20Jaxer%20Apache/Jaxer/Apache2-4Build/jaxer/framework/src/CoreEvents.js
  -> file:///E:/Aptana%20Jaxer%20Apache/Jaxer/Apache2-4Build/jaxer/components/aptEventHandler.js

01:12:58 12/24/2025 [ 15324] [TRACE] [JS Framework] [CallbackManager.cacheServerFunctions] Going to cache 0 functions...
stack:
  ->  [ModuleLogger.js:98] trace("Going to cache 0 functions...")
  ->  [CallbackManager.js:91] cacheServerFunctions([object Object])
  ->  [CallbackManager.js:73] processCallbacks([object HTMLDocument])
  ->  [HandlePage.js:63] onHandlePage([object XPCWrappedNative_NoHelper],[object HTMLDocument])
  ->  [CoreEvents.js:293] fireEvent("HANDLE_PAGE",[object Array])
  ->  [CoreEvents.js:234] fire("PARSE_COMPLETE",[object XPCWrappedNative_NoHelper],[object HTMLDocument])
  ->  [aptEventHandler.js:337] observe([object XPCWrappedNative_NoHelper],"jaxerEvent.HTMLParseComplete",null)
paths:
  -> file:///E:/Aptana%20Jaxer%20Apache/Jaxer/Apache2-4Build/jaxer/framework/src/ModuleLogger.js
  -> file:///E:/Aptana%20Jaxer%20Apache/Jaxer/Apache2-4Build/jaxer/framework/src/CallbackManager.js
  -> file:///E:/Aptana%20Jaxer%20Apache/Jaxer/Apache2-4Build/jaxer/framework/src/HandlePage.js
  -> file:///E:/Aptana%20Jaxer%20Apache/Jaxer/Apache2-4Build/jaxer/framework/src/CoreEvents.js
  -> file:///E:/Aptana%20Jaxer%20Apache/Jaxer/Apache2-4Build/jaxer/components/aptEventHandler.js

01:12:58 12/24/2025 [ 15324] [DEBUG] [JS Framework] [HandlePage.onHandlePage] Script processing complete
stack:
  ->  [ModuleLogger.js:98] debug("Script processing complete")
  ->  [HandlePage.js:64] onHandlePage([object XPCWrappedNative_NoHelper],[object HTMLDocument])
  ->  [CoreEvents.js:293] fireEvent("HANDLE_PAGE",[object Array])
  ->  [CoreEvents.js:234] fire("PARSE_COMPLETE",[object XPCWrappedNative_NoHelper],[object HTMLDocument])
  ->  [aptEventHandler.js:337] observe([object XPCWrappedNative_NoHelper],"jaxerEvent.HTMLParseComplete",null)
paths:
  -> file:///E:/Aptana%20Jaxer%20Apache/Jaxer/Apache2-4Build/jaxer/framework/src/ModuleLogger.js
  -> file:///E:/Aptana%20Jaxer%20Apache/Jaxer/Apache2-4Build/jaxer/framework/src/HandlePage.js
  -> file:///E:/Aptana%20Jaxer%20Apache/Jaxer/Apache2-4Build/jaxer/framework/src/CoreEvents.js
  -> file:///E:/Aptana%20Jaxer%20Apache/Jaxer/Apache2-4Build/jaxer/components/aptEventHandler.js

01:12:58 12/24/2025 [ 15324] [TRACE] [JS Framework] [HandlePage.processLoadEvent] Processing load event 'aftercallbackprocessing' with doc = [object HTMLDocument]
stack:
  ->  [ModuleLogger.js:98] trace("Processing load event 'aftercallbackprocessing' with doc = [object HTMLDocument]")
  ->  [HandlePage.js:258] processLoadEvent("aftercallbackprocessing",[object HTMLDocument],true)
  ->  [HandlePage.js:241] processAfterCallbackProcessing([object HTMLDocument])
  ->  [HandlePage.js:66] onHandlePage([object XPCWrappedNative_NoHelper],[object HTMLDocument])
  ->  [CoreEvents.js:293] fireEvent("HANDLE_PAGE",[object Array])
  ->  [CoreEvents.js:234] fire("PARSE_COMPLETE",[object XPCWrappedNative_NoHelper],[object HTMLDocument])
  ->  [aptEventHandler.js:337] observe([object XPCWrappedNative_NoHelper],"jaxerEvent.HTMLParseComplete",null)
paths:
  -> file:///E:/Aptana%20Jaxer%20Apache/Jaxer/Apache2-4Build/jaxer/framework/src/ModuleLogger.js
  -> file:///E:/Aptana%20Jaxer%20Apache/Jaxer/Apache2-4Build/jaxer/framework/src/HandlePage.js
  -> file:///E:/Aptana%20Jaxer%20Apache/Jaxer/Apache2-4Build/jaxer/framework/src/CoreEvents.js
  -> file:///E:/Aptana%20Jaxer%20Apache/Jaxer/Apache2-4Build/jaxer/components/aptEventHandler.js

01:12:58 12/24/2025 [ 15324] [DEBUG] [JS Framework] [SessionManager.keyToResponse] Saving session key to the client via cookie JaxerSessionId$$localhost:8081: 176589175647709027719934159097
stack:
  ->  [ModuleLogger.js:98] debug("Saving session key to the client via cookie JaxerSessionId$$localhost:8081: 176589175647709027719934159097")
  ->  [SessionManager.js:82] keyToResponse("localhost:8081","176589175647709027719934159097")
  ->  [Container.js:614] persistAll([object HTMLDocument])
  ->  [HandlePage.js:73] onHandlePage([object XPCWrappedNative_NoHelper],[object HTMLDocument])
  ->  [CoreEvents.js:293] fireEvent("HANDLE_PAGE",[object Array])
  ->  [CoreEvents.js:234] fire("PARSE_COMPLETE",[object XPCWrappedNative_NoHelper],[object HTMLDocument])
  ->  [aptEventHandler.js:337] observe([object XPCWrappedNative_NoHelper],"jaxerEvent.HTMLParseComplete",null)
paths:
  -> file:///E:/Aptana%20Jaxer%20Apache/Jaxer/Apache2-4Build/jaxer/framework/src/ModuleLogger.js
  -> file:///E:/Aptana%20Jaxer%20Apache/Jaxer/Apache2-4Build/jaxer/framework/src/SessionManager.js
  -> file:///E:/Aptana%20Jaxer%20Apache/Jaxer/Apache2-4Build/jaxer/framework/src/Container.js
  -> file:///E:/Aptana%20Jaxer%20Apache/Jaxer/Apache2-4Build/jaxer/framework/src/HandlePage.js
  -> file:///E:/Aptana%20Jaxer%20Apache/Jaxer/Apache2-4Build/jaxer/framework/src/CoreEvents.js
  -> file:///E:/Aptana%20Jaxer%20Apache/Jaxer/Apache2-4Build/jaxer/components/aptEventHandler.js

01:12:58 12/24/2025 [ 15324] [TRACE] [JS Framework] [Container.persist] For container APPLICATION:localhost:8081: Persisting
stack:
  ->  [ModuleLogger.js:98] trace("For container APPLICATION:localhost:8081: Persisting")
  ->  [Container.js:313] persist()
  ->  [Container.js:620] persistAll([object HTMLDocument])
  ->  [HandlePage.js:73] onHandlePage([object XPCWrappedNative_NoHelper],[object HTMLDocument])
  ->  [CoreEvents.js:293] fireEvent("HANDLE_PAGE",[object Array])
  ->  [CoreEvents.js:234] fire("PARSE_COMPLETE",[object XPCWrappedNative_NoHelper],[object HTMLDocument])
  ->  [aptEventHandler.js:337] observe([object XPCWrappedNative_NoHelper],"jaxerEvent.HTMLParseComplete",null)
paths:
  -> file:///E:/Aptana%20Jaxer%20Apache/Jaxer/Apache2-4Build/jaxer/framework/src/ModuleLogger.js
  -> file:///E:/Aptana%20Jaxer%20Apache/Jaxer/Apache2-4Build/jaxer/framework/src/Container.js
  -> file:///E:/Aptana%20Jaxer%20Apache/Jaxer/Apache2-4Build/jaxer/framework/src/HandlePage.js
  -> file:///E:/Aptana%20Jaxer%20Apache/Jaxer/Apache2-4Build/jaxer/framework/src/CoreEvents.js
  -> file:///E:/Aptana%20Jaxer%20Apache/Jaxer/Apache2-4Build/jaxer/components/aptEventHandler.js

01:12:58 12/24/2025 [ 15324] [TRACE] [JS Framework] [Container.persist] For container PAGE:localhost:8081/aptana/doc/api/Jaxer.index-toc.html: Persisting
stack:
  ->  [ModuleLogger.js:98] trace("For container PAGE:localhost:8081/aptana/doc/api/Jaxer.index-toc.html: Persisting")
  ->  [Container.js:313] persist()
  ->  [Container.js:620] persistAll([object HTMLDocument])
  ->  [HandlePage.js:73] onHandlePage([object XPCWrappedNative_NoHelper],[object HTMLDocument])
  ->  [CoreEvents.js:293] fireEvent("HANDLE_PAGE",[object Array])
  ->  [CoreEvents.js:234] fire("PARSE_COMPLETE",[object XPCWrappedNative_NoHelper],[object HTMLDocument])
  ->  [aptEventHandler.js:337] observe([object XPCWrappedNative_NoHelper],"jaxerEvent.HTMLParseComplete",null)
paths:
  -> file:///E:/Aptana%20Jaxer%20Apache/Jaxer/Apache2-4Build/jaxer/framework/src/ModuleLogger.js
  -> file:///E:/Aptana%20Jaxer%20Apache/Jaxer/Apache2-4Build/jaxer/framework/src/Container.js
  -> file:///E:/Aptana%20Jaxer%20Apache/Jaxer/Apache2-4Build/jaxer/framework/src/HandlePage.js
  -> file:///E:/Aptana%20Jaxer%20Apache/Jaxer/Apache2-4Build/jaxer/framework/src/CoreEvents.js
  -> file:///E:/Aptana%20Jaxer%20Apache/Jaxer/Apache2-4Build/jaxer/components/aptEventHandler.js

01:12:58 12/24/2025 [ 15324] [TRACE] [JS Framework] [Container.persist] For container SESSION:176589175647709027719934159097: Persisting
stack:
  ->  [ModuleLogger.js:98] trace("For container SESSION:176589175647709027719934159097: Persisting")
  ->  [Container.js:313] persist()
  ->  [Container.js:620] persistAll([object HTMLDocument])
  ->  [HandlePage.js:73] onHandlePage([object XPCWrappedNative_NoHelper],[object HTMLDocument])
  ->  [CoreEvents.js:293] fireEvent("HANDLE_PAGE",[object Array])
  ->  [CoreEvents.js:234] fire("PARSE_COMPLETE",[object XPCWrappedNative_NoHelper],[object HTMLDocument])
  ->  [aptEventHandler.js:337] observe([object XPCWrappedNative_NoHelper],"jaxerEvent.HTMLParseComplete",null)
paths:
  -> file:///E:/Aptana%20Jaxer%20Apache/Jaxer/Apache2-4Build/jaxer/framework/src/ModuleLogger.js
  -> file:///E:/Aptana%20Jaxer%20Apache/Jaxer/Apache2-4Build/jaxer/framework/src/Container.js
  -> file:///E:/Aptana%20Jaxer%20Apache/Jaxer/Apache2-4Build/jaxer/framework/src/HandlePage.js
  -> file:///E:/Aptana%20Jaxer%20Apache/Jaxer/Apache2-4Build/jaxer/framework/src/CoreEvents.js
  -> file:///E:/Aptana%20Jaxer%20Apache/Jaxer/Apache2-4Build/jaxer/components/aptEventHandler.js

01:12:58 12/24/2025 [ 15324] [TRACE] [JS Framework] [Container.persist] For container SESSION_PAGE:176589175647709027719934159097$$localhost:8081/aptana/doc/api/Jaxer.index-toc.html: Persisting
stack:
  ->  [ModuleLogger.js:98] trace("For container SESSION_PAGE:176589175647709027719934159097$$localhost:8081/aptana/doc/api/Jaxer.index-toc.html: Persisting")
  ->  [Container.js:313] persist()
  ->  [Container.js:620] persistAll([object HTMLDocument])
  ->  [HandlePage.js:73] onHandlePage([object XPCWrappedNative_NoHelper],[object HTMLDocument])
  ->  [CoreEvents.js:293] fireEvent("HANDLE_PAGE",[object Array])
  ->  [CoreEvents.js:234] fire("PARSE_COMPLETE",[object XPCWrappedNative_NoHelper],[object HTMLDocument])
  ->  [aptEventHandler.js:337] observe([object XPCWrappedNative_NoHelper],"jaxerEvent.HTMLParseComplete",null)
paths:
  -> file:///E:/Aptana%20Jaxer%20Apache/Jaxer/Apache2-4Build/jaxer/framework/src/ModuleLogger.js
  -> file:///E:/Aptana%20Jaxer%20Apache/Jaxer/Apache2-4Build/jaxer/framework/src/Container.js
  -> file:///E:/Aptana%20Jaxer%20Apache/Jaxer/Apache2-4Build/jaxer/framework/src/HandlePage.js
  -> file:///E:/Aptana%20Jaxer%20Apache/Jaxer/Apache2-4Build/jaxer/framework/src/CoreEvents.js
  -> file:///E:/Aptana%20Jaxer%20Apache/Jaxer/Apache2-4Build/jaxer/components/aptEventHandler.js

01:12:58 12/24/2025 [ 15324] [TRACE] [JS Framework] [HandlePage.onHandlePage] Containers persisted
stack:
  ->  [ModuleLogger.js:98] trace("Containers persisted")
  ->  [HandlePage.js:74] onHandlePage([object XPCWrappedNative_NoHelper],[object HTMLDocument])
  ->  [CoreEvents.js:293] fireEvent("HANDLE_PAGE",[object Array])
  ->  [CoreEvents.js:234] fire("PARSE_COMPLETE",[object XPCWrappedNative_NoHelper],[object HTMLDocument])
  ->  [aptEventHandler.js:337] observe([object XPCWrappedNative_NoHelper],"jaxerEvent.HTMLParseComplete",null)
paths:
  -> file:///E:/Aptana%20Jaxer%20Apache/Jaxer/Apache2-4Build/jaxer/framework/src/ModuleLogger.js
  -> file:///E:/Aptana%20Jaxer%20Apache/Jaxer/Apache2-4Build/jaxer/framework/src/HandlePage.js
  -> file:///E:/Aptana%20Jaxer%20Apache/Jaxer/Apache2-4Build/jaxer/framework/src/CoreEvents.js
  -> file:///E:/Aptana%20Jaxer%20Apache/Jaxer/Apache2-4Build/jaxer/components/aptEventHandler.js

01:12:58 12/24/2025 [ 15324] [TRACE] [JS Framework] [Response.useOriginalContents] Jaxer did not end up modifying this page or having any (known) side-effects - using original response in lieu of a Jaxer-generated one
stack:
  ->  [ModuleLogger.js:98] trace("Jaxer did not end up modifying this page or having any (known) side-effects - using original response in lieu of a Jaxer-generated one")
  ->  [Response.js:540] useOriginalContents()
  ->  [HandlePage.js:197] onHandlePage([object XPCWrappedNative_NoHelper],[object HTMLDocument])
  ->  [CoreEvents.js:293] fireEvent("HANDLE_PAGE",[object Array])
  ->  [CoreEvents.js:234] fire("PARSE_COMPLETE",[object XPCWrappedNative_NoHelper],[object HTMLDocument])
  ->  [aptEventHandler.js:337] observe([object XPCWrappedNative_NoHelper],"jaxerEvent.HTMLParseComplete",null)
paths:
  -> file:///E:/Aptana%20Jaxer%20Apache/Jaxer/Apache2-4Build/jaxer/framework/src/ModuleLogger.js
  -> file:///E:/Aptana%20Jaxer%20Apache/Jaxer/Apache2-4Build/jaxer/framework/src/Response.js
  -> file:///E:/Aptana%20Jaxer%20Apache/Jaxer/Apache2-4Build/jaxer/framework/src/HandlePage.js
  -> file:///E:/Aptana%20Jaxer%20Apache/Jaxer/Apache2-4Build/jaxer/framework/src/CoreEvents.js
  -> file:///E:/Aptana%20Jaxer%20Apache/Jaxer/Apache2-4Build/jaxer/components/aptEventHandler.js

01:12:58 12/24/2025 [ 15324] [TRACE] [JS Framework] [CoreEvents.fireEvent] Firing an event for PARSE_COMPLETE
stack:
  ->  [ModuleLogger.js:98] trace("Firing an event for PARSE_COMPLETE")
  ->  [CoreEvents.js:282] fireEvent("PARSE_COMPLETE",[object Array])
  ->  [CoreEvents.js:238] fire("PARSE_COMPLETE",[object XPCWrappedNative_NoHelper],[object HTMLDocument])
  ->  [aptEventHandler.js:337] observe([object XPCWrappedNative_NoHelper],"jaxerEvent.HTMLParseComplete",null)
paths:
  -> file:///E:/Aptana%20Jaxer%20Apache/Jaxer/Apache2-4Build/jaxer/framework/src/ModuleLogger.js
  -> file:///E:/Aptana%20Jaxer%20Apache/Jaxer/Apache2-4Build/jaxer/framework/src/CoreEvents.js
  -> file:///E:/Aptana%20Jaxer%20Apache/Jaxer/Apache2-4Build/jaxer/components/aptEventHandler.js

01:12:58 12/24/2025 [ 15324] [TRACE] [JS Framework] [CoreEvents.fireEvent] Calling event handler: function onParseComplete(evt, doc) {
    Jaxer.__tempLoad.cl...
stack:
  ->  [ModuleLogger.js:98] trace("Calling event handler: function onParseComplete(evt, doc) {\n    Jaxer.__tempLoad.cl...")
  ->  [CoreEvents.js:292] fireEvent("PARSE_COMPLETE",[object Array])
  ->  [CoreEvents.js:238] fire("PARSE_COMPLETE",[object XPCWrappedNative_NoHelper],[object HTMLDocument])
  ->  [aptEventHandler.js:337] observe([object XPCWrappedNative_NoHelper],"jaxerEvent.HTMLParseComplete",null)
paths:
  -> file:///E:/Aptana%20Jaxer%20Apache/Jaxer/Apache2-4Build/jaxer/framework/src/ModuleLogger.js
  -> file:///E:/Aptana%20Jaxer%20Apache/Jaxer/Apache2-4Build/jaxer/framework/src/CoreEvents.js
  -> file:///E:/Aptana%20Jaxer%20Apache/Jaxer/Apache2-4Build/jaxer/components/aptEventHandler.js

01:12:58 12/24/2025 [ 15324] [TRACE] [JS Framework] [CoreEvents.fire] At this time, evt.Request.isHandler=false and eventType: REQUEST_COMPLETE
stack:
  ->  [ModuleLogger.js:98] trace("At this time, evt.Request.isHandler=false and eventType: REQUEST_COMPLETE")
  ->  [CoreEvents.js:205] fire("REQUEST_COMPLETE",[object XPCWrappedNative_NoHelper])
  ->  [aptEventHandler.js:351] observe([object XPCWrappedNative_NoHelper],"jaxerEvent.RequestComplete",null)
paths:
  -> file:///E:/Aptana%20Jaxer%20Apache/Jaxer/Apache2-4Build/jaxer/framework/src/ModuleLogger.js
  -> file:///E:/Aptana%20Jaxer%20Apache/Jaxer/Apache2-4Build/jaxer/framework/src/CoreEvents.js
  -> file:///E:/Aptana%20Jaxer%20Apache/Jaxer/Apache2-4Build/jaxer/components/aptEventHandler.js

01:12:58 12/24/2025 [ 15324] [TRACE] [JS Framework] [CoreEvents.fireEvent] Firing an event for REQUEST_COMPLETE
stack:
  ->  [ModuleLogger.js:98] trace("Firing an event for REQUEST_COMPLETE")
  ->  [CoreEvents.js:282] fireEvent("REQUEST_COMPLETE",[object Array])
  ->  [CoreEvents.js:238] fire("REQUEST_COMPLETE",[object XPCWrappedNative_NoHelper])
  ->  [aptEventHandler.js:351] observe([object XPCWrappedNative_NoHelper],"jaxerEvent.RequestComplete",null)
paths:
  -> file:///E:/Aptana%20Jaxer%20Apache/Jaxer/Apache2-4Build/jaxer/framework/src/ModuleLogger.js
  -> file:///E:/Aptana%20Jaxer%20Apache/Jaxer/Apache2-4Build/jaxer/framework/src/CoreEvents.js
  -> file:///E:/Aptana%20Jaxer%20Apache/Jaxer/Apache2-4Build/jaxer/components/aptEventHandler.js

01:12:58 12/24/2025 [ 15324] [TRACE] [JS Framework] [CoreEvents.fireEvent] Calling event handler: function onRequestComplete(evt) {
}...
stack:
  ->  [ModuleLogger.js:98] trace("Calling event handler: function onRequestComplete(evt) {\n}...")
  ->  [CoreEvents.js:292] fireEvent("REQUEST_COMPLETE",[object Array])
  ->  [CoreEvents.js:238] fire("REQUEST_COMPLETE",[object XPCWrappedNative_NoHelper])
  ->  [aptEventHandler.js:351] observe([object XPCWrappedNative_NoHelper],"jaxerEvent.RequestComplete",null)
paths:
  -> file:///E:/Aptana%20Jaxer%20Apache/Jaxer/Apache2-4Build/jaxer/framework/src/ModuleLogger.js
  -> file:///E:/Aptana%20Jaxer%20Apache/Jaxer/Apache2-4Build/jaxer/framework/src/CoreEvents.js
  -> file:///E:/Aptana%20Jaxer%20Apache/Jaxer/Apache2-4Build/jaxer/components/aptEventHandler.js

01:13:03 12/24/2025 [ 32928] [TRACE] [JS Framework] [CoreEvents.fire] At this time, evt.Request.isHandler=false and eventType: REQUEST_START
stack:
  ->  [ModuleLogger.js:98] trace("At this time, evt.Request.isHandler=false and eventType: REQUEST_START")
  ->  [CoreEvents.js:205] fire("REQUEST_START",[object XPCWrappedNative_NoHelper])
  ->  [aptEventHandler.js:292] observe([object XPCWrappedNative_NoHelper],"jaxerEvent.RequestStart",null)
paths:
  -> file:///E:/Aptana%20Jaxer%20Apache/Jaxer/Apache2-4Build/jaxer/framework/src/ModuleLogger.js
  -> file:///E:/Aptana%20Jaxer%20Apache/Jaxer/Apache2-4Build/jaxer/framework/src/CoreEvents.js
  -> file:///E:/Aptana%20Jaxer%20Apache/Jaxer/Apache2-4Build/jaxer/components/aptEventHandler.js

01:13:03 12/24/2025 [ 32928] [TRACE] [JS Framework] [CoreEvents.fireEvent] Firing an event for REQUEST_START
stack:
  ->  [ModuleLogger.js:98] trace("Firing an event for REQUEST_START")
  ->  [CoreEvents.js:282] fireEvent("REQUEST_START",[object Array])
  ->  [CoreEvents.js:238] fire("REQUEST_START",[object XPCWrappedNative_NoHelper])
  ->  [aptEventHandler.js:292] observe([object XPCWrappedNative_NoHelper],"jaxerEvent.RequestStart",null)
paths:
  -> file:///E:/Aptana%20Jaxer%20Apache/Jaxer/Apache2-4Build/jaxer/framework/src/ModuleLogger.js
  -> file:///E:/Aptana%20Jaxer%20Apache/Jaxer/Apache2-4Build/jaxer/framework/src/CoreEvents.js
  -> file:///E:/Aptana%20Jaxer%20Apache/Jaxer/Apache2-4Build/jaxer/components/aptEventHandler.js

01:13:03 12/24/2025 [ 32928] [TRACE] [JS Framework] [CoreEvents.fireEvent] Calling event handler: function onRequestStart(evt) {
}...
stack:
  ->  [ModuleLogger.js:98] trace("Calling event handler: function onRequestStart(evt) {\n}...")
  ->  [CoreEvents.js:292] fireEvent("REQUEST_START",[object Array])
  ->  [CoreEvents.js:238] fire("REQUEST_START",[object XPCWrappedNative_NoHelper])
  ->  [aptEventHandler.js:292] observe([object XPCWrappedNative_NoHelper],"jaxerEvent.RequestStart",null)
paths:
  -> file:///E:/Aptana%20Jaxer%20Apache/Jaxer/Apache2-4Build/jaxer/framework/src/ModuleLogger.js
  -> file:///E:/Aptana%20Jaxer%20Apache/Jaxer/Apache2-4Build/jaxer/framework/src/CoreEvents.js
  -> file:///E:/Aptana%20Jaxer%20Apache/Jaxer/Apache2-4Build/jaxer/components/aptEventHandler.js

01:13:03 12/24/2025 [ 32928] [TRACE] [JS Framework] [CoreEvents.fire] At this time, evt.Request.isHandler=false and eventType: PARSE_START
stack:
  ->  [ModuleLogger.js:98] trace("At this time, evt.Request.isHandler=false and eventType: PARSE_START")
  ->  [CoreEvents.js:205] fire("PARSE_START",[object XPCWrappedNative_NoHelper])
  ->  [aptEventHandler.js:306] observe([object XPCWrappedNative_NoHelper],"jaxerEvent.HTMLParseStart",null)
paths:
  -> file:///E:/Aptana%20Jaxer%20Apache/Jaxer/Apache2-4Build/jaxer/framework/src/ModuleLogger.js
  -> file:///E:/Aptana%20Jaxer%20Apache/Jaxer/Apache2-4Build/jaxer/framework/src/CoreEvents.js
  -> file:///E:/Aptana%20Jaxer%20Apache/Jaxer/Apache2-4Build/jaxer/components/aptEventHandler.js

01:13:03 12/24/2025 [ 32928] [TRACE] [JS Framework] [CoreEvents.fireEvent] Firing an event for PARSE_START
stack:
  ->  [ModuleLogger.js:98] trace("Firing an event for PARSE_START")
  ->  [CoreEvents.js:282] fireEvent("PARSE_START",[object Array])
  ->  [CoreEvents.js:238] fire("PARSE_START",[object XPCWrappedNative_NoHelper])
  ->  [aptEventHandler.js:306] observe([object XPCWrappedNative_NoHelper],"jaxerEvent.HTMLParseStart",null)
paths:
  -> file:///E:/Aptana%20Jaxer%20Apache/Jaxer/Apache2-4Build/jaxer/framework/src/ModuleLogger.js
  -> file:///E:/Aptana%20Jaxer%20Apache/Jaxer/Apache2-4Build/jaxer/framework/src/CoreEvents.js
  -> file:///E:/Aptana%20Jaxer%20Apache/Jaxer/Apache2-4Build/jaxer/components/aptEventHandler.js

01:13:03 12/24/2025 [ 32928] [TRACE] [JS Framework] [CoreEvents.fireEvent] Calling event handler: function onParseStart(evt) {
    Jaxer.request = frameworkGl...
stack:
  ->  [ModuleLogger.js:98] trace("Calling event handler: function onParseStart(evt) {\n    Jaxer.request = frameworkGl...")
  ->  [CoreEvents.js:292] fireEvent("PARSE_START",[object Array])
  ->  [CoreEvents.js:238] fire("PARSE_START",[object XPCWrappedNative_NoHelper])
  ->  [aptEventHandler.js:306] observe([object XPCWrappedNative_NoHelper],"jaxerEvent.HTMLParseStart",null)
paths:
  -> file:///E:/Aptana%20Jaxer%20Apache/Jaxer/Apache2-4Build/jaxer/framework/src/ModuleLogger.js
  -> file:///E:/Aptana%20Jaxer%20Apache/Jaxer/Apache2-4Build/jaxer/framework/src/CoreEvents.js
  -> file:///E:/Aptana%20Jaxer%20Apache/Jaxer/Apache2-4Build/jaxer/components/aptEventHandler.js

01:13:03 12/24/2025 [ 32928] [TRACE] [JS Framework] [Request.Request] Constructing request from: ({constructorErrors:[], _request:{}, method:"GET", isHandler:false, uri:"/aptana/diagnostics/index.html", protocol:"HTTP/1.1", remoteUser:"", remoteHost:"desktop-lpv0ncp", remoteAddr:"::1", pageFile:"E:/Aptana Jaxer Apache/Jaxer/Apache2-4Build/jaxer/aptana/diagnostics/index.html", documentRoot:"E:/Aptana Jaxer Apache/Jaxer/Apache2-4Build/public", OS:"WINNT", isJaxerServer:false, isHTTPS:false, queryString:"", logFileNativePath:"", action:"GET", headers:{Host:"localhost:8081", Connection:"keep-alive", 'sec-ch-ua':"\"Chromium\";v=\"140\", \"Not=A?Brand\";v=\"24\", \"Opera\";v=\"124\"", 'sec-ch-ua-mobile':"?0", 'sec-ch-ua-platform':"\"Windows\"", 'Upgrade-Insecure-Requests':"1", 'User-Agent':"Mozilla/5.0 (Windows NT 10.0; Win64; x64) AppleWebKit/537.36 (KHTML, like Gecko) Chrome/140.0.0.0 Safari/537.36 OPR/124.0.0.0", Accept:"text/html,application/xhtml+xml,application/xml;q=0.9,image/avif,image/webp,image/apng,*/*;q=0.8,application/signed-exchange;v=b3;q=0.7", 'Sec-Fetch-Site':"same-origin", 'Sec-Fetch-Mode':"navigate", 'Sec-Fetch-User':"?1", 'Sec-Fetch-Dest':"document", Referer:"http://localhost:8081/aptana/", 'Accept-Encoding':"gzip, deflate, br, zstd", 'Accept-Language':"en-US,en;q=0.9", Cookie:"JaxerSessionId%24%24localhost%3A8081=176589175647709027719934159097; JaxerSessionId%24%24diagnostics=1766389857171006019406608883027; JaxerSessionId%24%24chat=176650225815408013378880202926; JaxerSessionId%24%24smtp-email=1766502615487048247814800171795; JaxerSessionId%24%24rss-sample=1766502620172023884340692192807; JaxerSessionId%24%24tasks=176650262827103192941976629359; JaxerSessionId%24%24wikilite=1766502633159009874746526267386; JaxerSessionId%24%24logging=176650264152708165463317747484; JaxerSessionId%24%24csajax=176650265576703773913072428896; JaxerSessionId%24%24shell=176650266145103665372259304419"}})
stack:
  ->  [ModuleLogger.js:98] trace("Constructing request from: ({constructorErrors:[], _request:{}, method:\"GET\", isHandler:false, uri:\"/aptana/diagnostics/index.html\", protocol:\"HTTP/1.1\", remoteUser:\"\", remoteHost:\"desktop-lpv0ncp\", remoteAddr:\"::1\", pageFile:\"E:/Aptana Jaxer Apache/Jaxer/Apache2-4Build/jaxer/aptana/diagnostics/index.html\", documentRoot:\"E:/Aptana Jaxer Apache/Jaxer/Apache2-4Build/public\", OS:\"WINNT\", isJaxerServer:false, isHTTPS:false, queryString:\"\", logFileNativePath:\"\", action:\"GET\", headers:{Host:\"localhost:8081\", Connection:\"keep-alive\", 'sec-ch-ua':\"\\\"Chromium\\\";v=\\\"140\\\", \\\"Not=A?Brand\\\";v=\\\"24\\\", \\\"Opera\\\";v=\\\"124\\\"\", 'sec-ch-ua-mobile':\"?0\", 'sec-ch-ua-platform':\"\\\"Windows\\\"\", 'Upgrade-Insecure-Requests':\"1\", 'User-Agent':\"Mozilla/5.0 (Windows NT 10.0; Win64; x64) AppleWebKit/537.36 (KHTML, like Gecko) Chrome/140.0.0.0 Safari/537.36 OPR/124.0.0.0\", Accept:\"text/html,application/xhtml+xml,application/xml;q=0.9,image/avif,image/webp,image/apng,*/*;q=0.8,application/signed-exchange;v=b3;q=0.7\", 'Sec-Fetch-Site':\"same-origin\", 'Sec-Fetch-Mode':\"navigate\", 'Sec-Fetch-User':\"?1\", 'Sec-Fetch-Dest':\"document\", Referer:\"http://localhost:8081/aptana/\", 'Accept-Encoding':\"gzip, deflate, br, zstd\", 'Accept-Language':\"en-US,en;q=0.9\", Cookie:\"JaxerSessionId%24%24localhost%3A8081=176589175647709027719934159097; JaxerSessionId%24%24diagnostics=1766389857171006019406608883027; JaxerSessionId%24%24chat=176650225815408013378880202926; JaxerSessionId%24%24smtp-email=1766502615487048247814800171795; JaxerSessionId%24%24rss-sample=1766502620172023884340692192807; JaxerSessionId%24%24tasks=176650262827103192941976629359; JaxerSessionId%24%24wikilite=1766502633159009874746526267386; JaxerSessionId%24%24logging=176650264152708165463317747484; JaxerSessionId%24%24csajax=176650265576703773913072428896; JaxerSessionId%24%24shell=176650266145103665372259304419\"}})")
  ->  [Request.js:202] Request([object XPCWrappedNative_NoHelper])
  ->  [ParseStart.js:49] onParseStart([object XPCWrappedNative_NoHelper])
  ->  [CoreEvents.js:293] fireEvent("PARSE_START",[object Array])
  ->  [CoreEvents.js:238] fire("PARSE_START",[object XPCWrappedNative_NoHelper])
  ->  [aptEventHandler.js:306] observe([object XPCWrappedNative_NoHelper],"jaxerEvent.HTMLParseStart",null)
paths:
  -> file:///E:/Aptana%20Jaxer%20Apache/Jaxer/Apache2-4Build/jaxer/framework/src/ModuleLogger.js
  -> file:///E:/Aptana%20Jaxer%20Apache/Jaxer/Apache2-4Build/jaxer/framework/src/Request.js
  -> file:///E:/Aptana%20Jaxer%20Apache/Jaxer/Apache2-4Build/jaxer/framework/src/ParseStart.js
  -> file:///E:/Aptana%20Jaxer%20Apache/Jaxer/Apache2-4Build/jaxer/framework/src/CoreEvents.js
  -> file:///E:/Aptana%20Jaxer%20Apache/Jaxer/Apache2-4Build/jaxer/components/aptEventHandler.js

01:13:03 12/24/2025 [ 32928] [TRACE] [JS Framework] [ParseStart.onParseStart] Matching app using parsedUrl='({url:"http://localhost:8081/aptana/diagnostics/index.html", scheme:"http", protocol:"http", authority:"localhost:8081", path:"/aptana/diagnostics/index.html", query:"", fragment:"", userInfo:"", host:"localhost", port:"8081", hostAndPort:"localhost:8081", base:"http://localhost:8081", subdomain:"", domain:"localhost", pathParts:["aptana", "diagnostics", "index.html"], leaf:"index.html", queryParts:{}})'
stack:
  ->  [ModuleLogger.js:98] trace("Matching app using parsedUrl='({url:\"http://localhost:8081/aptana/diagnostics/index.html\", scheme:\"http\", protocol:\"http\", authority:\"localhost:8081\", path:\"/aptana/diagnostics/index.html\", query:\"\", fragment:\"\", userInfo:\"\", host:\"localhost\", port:\"8081\", hostAndPort:\"localhost:8081\", base:\"http://localhost:8081\", subdomain:\"\", domain:\"localhost\", pathParts:[\"aptana\", \"diagnostics\", \"index.html\"], leaf:\"index.html\", queryParts:{}})'")
  ->  [ParseStart.js:81] onParseStart([object XPCWrappedNative_NoHelper])
  ->  [CoreEvents.js:293] fireEvent("PARSE_START",[object Array])
  ->  [CoreEvents.js:238] fire("PARSE_START",[object XPCWrappedNative_NoHelper])
  ->  [aptEventHandler.js:306] observe([object XPCWrappedNative_NoHelper],"jaxerEvent.HTMLParseStart",null)
paths:
  -> file:///E:/Aptana%20Jaxer%20Apache/Jaxer/Apache2-4Build/jaxer/framework/src/ModuleLogger.js
  -> file:///E:/Aptana%20Jaxer%20Apache/Jaxer/Apache2-4Build/jaxer/framework/src/ParseStart.js
  -> file:///E:/Aptana%20Jaxer%20Apache/Jaxer/Apache2-4Build/jaxer/framework/src/CoreEvents.js
  -> file:///E:/Aptana%20Jaxer%20Apache/Jaxer/Apache2-4Build/jaxer/components/aptEventHandler.js

01:13:03 12/24/2025 [ 32928] [TRACE] [JS Framework] [App.init] Initializing app 'DEFAULT' (urlTest: /.*/)
stack:
  ->  [ModuleLogger.js:98] trace("Initializing app 'DEFAULT' (urlTest: /.*/)")
  ->  [App.js:184] init()
  ->  [ParseStart.js:110] onParseStart([object XPCWrappedNative_NoHelper])
  ->  [CoreEvents.js:293] fireEvent("PARSE_START",[object Array])
  ->  [CoreEvents.js:238] fire("PARSE_START",[object XPCWrappedNative_NoHelper])
  ->  [aptEventHandler.js:306] observe([object XPCWrappedNative_NoHelper],"jaxerEvent.HTMLParseStart",null)
paths:
  -> file:///E:/Aptana%20Jaxer%20Apache/Jaxer/Apache2-4Build/jaxer/framework/src/ModuleLogger.js
  -> file:///E:/Aptana%20Jaxer%20Apache/Jaxer/Apache2-4Build/jaxer/framework/src/App.js
  -> file:///E:/Aptana%20Jaxer%20Apache/Jaxer/Apache2-4Build/jaxer/framework/src/ParseStart.js
  -> file:///E:/Aptana%20Jaxer%20Apache/Jaxer/Apache2-4Build/jaxer/framework/src/CoreEvents.js
  -> file:///E:/Aptana%20Jaxer%20Apache/Jaxer/Apache2-4Build/jaxer/components/aptEventHandler.js

