01:13:03 12/24/2025 [ 32928] [TRACE] [JS Framework] [App.init] APP_KEY for app 'DEFAULT': localhost:8081
stack:
  ->  [ModuleLogger.js:98] trace("APP_KEY for app 'DEFAULT': localhost:8081")
  ->  [App.js:196] init()
  ->  [ParseStart.js:110] onParseStart([object XPCWrappedNative_NoHelper])
  ->  [CoreEvents.js:293] fireEvent("PARSE_START",[object Array])
  ->  [CoreEvents.js:238] fire("PARSE_START",[object XPCWrappedNative_NoHelper])
  ->  [aptEventHandler.js:306] observe([object XPCWrappedNative_NoHelper],"jaxerEvent.HTMLParseStart",null)
paths:
  -> file:///E:/Aptana%20Jaxer%20Apache/Jaxer/Apache2-4Build/jaxer/framework/src/ModuleLogger.js
  -> file:///E:/Aptana%20Jaxer%20Apache/Jaxer/Apache2-4Build/jaxer/framework/src/App.js
  -> file:///E:/Aptana%20Jaxer%20Apache/Jaxer/Apache2-4Build/jaxer/framework/src/ParseStart.js
  -> file:///E:/Aptana%20Jaxer%20Apache/Jaxer/Apache2-4Build/jaxer/framework/src/CoreEvents.js
  -> file:///E:/Aptana%20Jaxer%20Apache/Jaxer/Apache2-4Build/jaxer/components/aptEventHandler.js

01:13:03 12/24/2025 [ 32928] [TRACE] [JS Framework] [App.init] PAGE_KEY for app 'DEFAULT': localhost:8081/aptana/diagnostics/index.html
stack:
  ->  [ModuleLogger.js:98] trace("PAGE_KEY for app 'DEFAULT': localhost:8081/aptana/diagnostics/index.html")
  ->  [App.js:208] init()
  ->  [ParseStart.js:110] onParseStart([object XPCWrappedNative_NoHelper])
  ->  [CoreEvents.js:293] fireEvent("PARSE_START",[object Array])
  ->  [CoreEvents.js:238] fire("PARSE_START",[object XPCWrappedNative_NoHelper])
  ->  [aptEventHandler.js:306] observe([object XPCWrappedNative_NoHelper],"jaxerEvent.HTMLParseStart",null)
paths:
  -> file:///E:/Aptana%20Jaxer%20Apache/Jaxer/Apache2-4Build/jaxer/framework/src/ModuleLogger.js
  -> file:///E:/Aptana%20Jaxer%20Apache/Jaxer/Apache2-4Build/jaxer/framework/src/App.js
  -> file:///E:/Aptana%20Jaxer%20Apache/Jaxer/Apache2-4Build/jaxer/framework/src/ParseStart.js
  -> file:///E:/Aptana%20Jaxer%20Apache/Jaxer/Apache2-4Build/jaxer/framework/src/CoreEvents.js
  -> file:///E:/Aptana%20Jaxer%20Apache/Jaxer/Apache2-4Build/jaxer/components/aptEventHandler.js

01:13:03 12/24/2025 [ 32928] [TRACE] [JS Framework] [App.init] PATH for app 'DEFAULT': resource:///../local_jaxer/data/DEFAULT
stack:
  ->  [ModuleLogger.js:98] trace("PATH for app 'DEFAULT': resource:///../local_jaxer/data/DEFAULT")
  ->  [App.js:231] init()
  ->  [ParseStart.js:110] onParseStart([object XPCWrappedNative_NoHelper])
  ->  [CoreEvents.js:293] fireEvent("PARSE_START",[object Array])
  ->  [CoreEvents.js:238] fire("PARSE_START",[object XPCWrappedNative_NoHelper])
  ->  [aptEventHandler.js:306] observe([object XPCWrappedNative_NoHelper],"jaxerEvent.HTMLParseStart",null)
paths:
  -> file:///E:/Aptana%20Jaxer%20Apache/Jaxer/Apache2-4Build/jaxer/framework/src/ModuleLogger.js
  -> file:///E:/Aptana%20Jaxer%20Apache/Jaxer/Apache2-4Build/jaxer/framework/src/App.js
  -> file:///E:/Aptana%20Jaxer%20Apache/Jaxer/Apache2-4Build/jaxer/framework/src/ParseStart.js
  -> file:///E:/Aptana%20Jaxer%20Apache/Jaxer/Apache2-4Build/jaxer/framework/src/CoreEvents.js
  -> file:///E:/Aptana%20Jaxer%20Apache/Jaxer/Apache2-4Build/jaxer/components/aptEventHandler.js

01:13:03 12/24/2025 [ 32928] [TRACE] [JS Framework] [App.App] Constructing App from props: ({urlTest:(function (parsedUrl) {return parsedUrl.pathParts.length > 1 && parsedUrl.pathParts[0] == "aptana" && parsedUrl.pathParts[1] == "diagnostics";}), name:(function (parsedUrl) {return "diagnostics";}), path:(function (resolvedName, parsedUrl) {return Dir.combine(Config.DEFAULT_PATH_BASE, "diagnostics");}), db:(function (resolvedName, parsedUrl) {switch (Config.DEFAULT_DB.IMPLEMENTATION) {case "SQLite":return Util.extend(Config.DEFAULT_DB, {PATH: Dir.combine(Config.DEFAULT_PATH_BASE, "diagnostics", "diagnostics.sqlite")});case "MySQL":return Util.extend(Config.DEFAULT_DB, {NAME: resolvedName});default:throw new Exception("Unrecognized database implementation: " + Config.DEFAULT_DB.IMPLEMENTATION);}}), MAIL_SERVER:"localhost", APPLICATION_LABEL:"diagnostic tests"}) and a default app of: ({urlTest:/.*/, name:"DEFAULT", appKey:(function (parsedUrl) {return parsedUrl.hostAndPort;}), pageKey:(function (parsedUrl) {return parsedUrl.hostAndPort + parsedUrl.path;}), db:function smartDB(resolvedName, parsedUrl) {switch (Config.DEFAULT_DB.IMPLEMENTATION) {case "SQLite":return Util.extend(Config.DEFAULT_DB, {PATH: Dir.combine(Config.DEFAULT_PATH_BASE, resolvedName, "appdata.sqlite")});case "MySQL":return Util.extend(Config.DEFAULT_DB, {NAME: resolvedName});default:throw new Exception("Unrecognized database implementation: " + Config.DEFAULT_DB.IMPLEMENTATION);}}, path:(function (resolvedName, parsedUrl) {return Dir.combine(Config.DEFAULT_PATH_BASE, resolvedName);}), handler:(void 0), get NAME () {return _NAME;}, get APP_KEY () {return _APP_KEY;}, get PAGE_KEY () {return _PAGE_KEY;}, get DB () {return _DB;}, get PATH () {return _PATH;}})
stack:
  ->  [ModuleLogger.js:98] trace("Constructing App from props: ({urlTest:(function (parsedUrl) {return parsedUrl.pathParts.length > 1 && parsedUrl.pathParts[0] == \"aptana\" && parsedUrl.pathParts[1] == \"diagnostics\";}), name:(function (parsedUrl) {return \"diagnostics\";}), path:(function (resolvedName, parsedUrl) {return Dir.combine(Config.DEFAULT_PATH_BASE, \"diagnostics\");}), db:(function (resolvedName, parsedUrl) {switch (Config.DEFAULT_DB.IMPLEMENTATION) {case \"SQLite\":return Util.extend(Config.DEFAULT_DB, {PATH: Dir.combine(Config.DEFAULT_PATH_BASE, \"diagnostics\", \"diagnostics.sqlite\")});case \"MySQL\":return Util.extend(Config.DEFAULT_DB, {NAME: resolvedName});default:throw new Exception(\"Unrecognized database implementation: \" + Config.DEFAULT_DB.IMPLEMENTATION);}}), MAIL_SERVER:\"localhost\", APPLICATION_LABEL:\"diagnostic tests\"}) and a default app of: ({urlTest:/.*/, name:\"DEFAULT\", appKey:(function (parsedUrl) {return parsedUrl.hostAndPort;}), pageKey:(function (parsedUrl) {return parsedUrl.hostAndPort + parsedUrl.path;}), db:function smartDB(resolvedName, parsedUrl) {switch (Config.DEFAULT_DB.IMPLEMENTATION) {case \"SQLite\":return Util.extend(Config.DEFAULT_DB, {PATH: Dir.combine(Config.DEFAULT_PATH_BASE, resolvedName, \"appdata.sqlite\")});case \"MySQL\":return Util.extend(Config.DEFAULT_DB, {NAME: resolvedName});default:throw new Exception(\"Unrecognized database implementation: \" + Config.DEFAULT_DB.IMPLEMENTATION);}}, path:(function (resolvedName, parsedUrl) {return Dir.combine(Config.DEFAULT_PATH_BASE, resolvedName);}), handler:(void 0), get NAME () {return _NAME;}, get APP_KEY () {return _APP_KEY;}, get PAGE_KEY () {return _PAGE_KEY;}, get DB () {return _DB;}, get PATH () {return _PATH;}})")
  ->  [App.js:56] App([object Object])
  ->  [ParseStart.js:111] onParseStart([object XPCWrappedNative_NoHelper])
  ->  [CoreEvents.js:293] fireEvent("PARSE_START",[object Array])
  ->  [CoreEvents.js:238] fire("PARSE_START",[object XPCWrappedNative_NoHelper])
  ->  [aptEventHandler.js:306] observe([object XPCWrappedNative_NoHelper],"jaxerEvent.HTMLParseStart",null)
paths:
  -> file:///E:/Aptana%20Jaxer%20Apache/Jaxer/Apache2-4Build/jaxer/framework/src/ModuleLogger.js
  -> file:///E:/Aptana%20Jaxer%20Apache/Jaxer/Apache2-4Build/jaxer/framework/src/App.js
  -> file:///E:/Aptana%20Jaxer%20Apache/Jaxer/Apache2-4Build/jaxer/framework/src/ParseStart.js
  -> file:///E:/Aptana%20Jaxer%20Apache/Jaxer/Apache2-4Build/jaxer/framework/src/CoreEvents.js
  -> file:///E:/Aptana%20Jaxer%20Apache/Jaxer/Apache2-4Build/jaxer/components/aptEventHandler.js

01:13:03 12/24/2025 [ 32928] [TRACE] [JS Framework] [App.init] Initializing app 'diagnostics' (urlTest: function (parsedUrl) {
    return parsedUrl.pathParts.length > 1 &&
        parsedUrl.pathParts[0] == "aptana" &&
        parsedUrl.pathParts[1] == "diagnostics";
})
stack:
  ->  [ModuleLogger.js:98] trace("Initializing app 'diagnostics' (urlTest: function (parsedUrl) {\n    return parsedUrl.pathParts.length > 1 &&\n        parsedUrl.pathParts[0] == \"aptana\" &&\n        parsedUrl.pathParts[1] == \"diagnostics\";\n})")
  ->  [App.js:184] init()
  ->  [App.js:151] App([object Object])
  ->  [ParseStart.js:111] onParseStart([object XPCWrappedNative_NoHelper])
  ->  [CoreEvents.js:293] fireEvent("PARSE_START",[object Array])
  ->  [CoreEvents.js:238] fire("PARSE_START",[object XPCWrappedNative_NoHelper])
  ->  [aptEventHandler.js:306] observe([object XPCWrappedNative_NoHelper],"jaxerEvent.HTMLParseStart",null)
paths:
  -> file:///E:/Aptana%20Jaxer%20Apache/Jaxer/Apache2-4Build/jaxer/framework/src/ModuleLogger.js
  -> file:///E:/Aptana%20Jaxer%20Apache/Jaxer/Apache2-4Build/jaxer/framework/src/App.js
  -> file:///E:/Aptana%20Jaxer%20Apache/Jaxer/Apache2-4Build/jaxer/framework/src/ParseStart.js
  -> file:///E:/Aptana%20Jaxer%20Apache/Jaxer/Apache2-4Build/jaxer/framework/src/CoreEvents.js
  -> file:///E:/Aptana%20Jaxer%20Apache/Jaxer/Apache2-4Build/jaxer/components/aptEventHandler.js

01:13:03 12/24/2025 [ 32928] [TRACE] [JS Framework] [App.init] APP_KEY for app 'diagnostics': diagnostics
stack:
  ->  [ModuleLogger.js:98] trace("APP_KEY for app 'diagnostics': diagnostics")
  ->  [App.js:196] init()
  ->  [App.js:151] App([object Object])
  ->  [ParseStart.js:111] onParseStart([object XPCWrappedNative_NoHelper])
  ->  [CoreEvents.js:293] fireEvent("PARSE_START",[object Array])
  ->  [CoreEvents.js:238] fire("PARSE_START",[object XPCWrappedNative_NoHelper])
  ->  [aptEventHandler.js:306] observe([object XPCWrappedNative_NoHelper],"jaxerEvent.HTMLParseStart",null)
paths:
  -> file:///E:/Aptana%20Jaxer%20Apache/Jaxer/Apache2-4Build/jaxer/framework/src/ModuleLogger.js
  -> file:///E:/Aptana%20Jaxer%20Apache/Jaxer/Apache2-4Build/jaxer/framework/src/App.js
  -> file:///E:/Aptana%20Jaxer%20Apache/Jaxer/Apache2-4Build/jaxer/framework/src/ParseStart.js
  -> file:///E:/Aptana%20Jaxer%20Apache/Jaxer/Apache2-4Build/jaxer/framework/src/CoreEvents.js
  -> file:///E:/Aptana%20Jaxer%20Apache/Jaxer/Apache2-4Build/jaxer/components/aptEventHandler.js

01:13:03 12/24/2025 [ 32928] [TRACE] [JS Framework] [App.init] PAGE_KEY for app 'diagnostics': localhost:8081/aptana/diagnostics/index.html
stack:
  ->  [ModuleLogger.js:98] trace("PAGE_KEY for app 'diagnostics': localhost:8081/aptana/diagnostics/index.html")
  ->  [App.js:208] init()
  ->  [App.js:151] App([object Object])
  ->  [ParseStart.js:111] onParseStart([object XPCWrappedNative_NoHelper])
  ->  [CoreEvents.js:293] fireEvent("PARSE_START",[object Array])
  ->  [CoreEvents.js:238] fire("PARSE_START",[object XPCWrappedNative_NoHelper])
  ->  [aptEventHandler.js:306] observe([object XPCWrappedNative_NoHelper],"jaxerEvent.HTMLParseStart",null)
paths:
  -> file:///E:/Aptana%20Jaxer%20Apache/Jaxer/Apache2-4Build/jaxer/framework/src/ModuleLogger.js
  -> file:///E:/Aptana%20Jaxer%20Apache/Jaxer/Apache2-4Build/jaxer/framework/src/App.js
  -> file:///E:/Aptana%20Jaxer%20Apache/Jaxer/Apache2-4Build/jaxer/framework/src/ParseStart.js
  -> file:///E:/Aptana%20Jaxer%20Apache/Jaxer/Apache2-4Build/jaxer/framework/src/CoreEvents.js
  -> file:///E:/Aptana%20Jaxer%20Apache/Jaxer/Apache2-4Build/jaxer/components/aptEventHandler.js

01:13:03 12/24/2025 [ 32928] [TRACE] [JS Framework] [App.init] PATH for app 'diagnostics': resource:///../local_jaxer/data/diagnostics
stack:
  ->  [ModuleLogger.js:98] trace("PATH for app 'diagnostics': resource:///../local_jaxer/data/diagnostics")
  ->  [App.js:231] init()
  ->  [App.js:151] App([object Object])
  ->  [ParseStart.js:111] onParseStart([object XPCWrappedNative_NoHelper])
  ->  [CoreEvents.js:293] fireEvent("PARSE_START",[object Array])
  ->  [CoreEvents.js:238] fire("PARSE_START",[object XPCWrappedNative_NoHelper])
  ->  [aptEventHandler.js:306] observe([object XPCWrappedNative_NoHelper],"jaxerEvent.HTMLParseStart",null)
paths:
  -> file:///E:/Aptana%20Jaxer%20Apache/Jaxer/Apache2-4Build/jaxer/framework/src/ModuleLogger.js
  -> file:///E:/Aptana%20Jaxer%20Apache/Jaxer/Apache2-4Build/jaxer/framework/src/App.js
  -> file:///E:/Aptana%20Jaxer%20Apache/Jaxer/Apache2-4Build/jaxer/framework/src/ParseStart.js
  -> file:///E:/Aptana%20Jaxer%20Apache/Jaxer/Apache2-4Build/jaxer/framework/src/CoreEvents.js
  -> file:///E:/Aptana%20Jaxer%20Apache/Jaxer/Apache2-4Build/jaxer/components/aptEventHandler.js

01:13:03 12/24/2025 [ 32928] [TRACE] [JS Framework] [ParseStart.onParseStart] Using app 'diagnostics': urlTest = function (parsedUrl) {
    return parsedUrl.pathParts.length > 1 &&
        parsedUrl.pathParts[0] == "aptana" &&
        parsedUrl.pathParts[1] == "diagnostics";
}
stack:
  ->  [ModuleLogger.js:98] trace("Using app 'diagnostics': urlTest = function (parsedUrl) {\n    return parsedUrl.pathParts.length > 1 &&\n        parsedUrl.pathParts[0] == \"aptana\" &&\n        parsedUrl.pathParts[1] == \"diagnostics\";\n}")
  ->  [ParseStart.js:113] onParseStart([object XPCWrappedNative_NoHelper])
  ->  [CoreEvents.js:293] fireEvent("PARSE_START",[object Array])
  ->  [CoreEvents.js:238] fire("PARSE_START",[object XPCWrappedNative_NoHelper])
  ->  [aptEventHandler.js:306] observe([object XPCWrappedNative_NoHelper],"jaxerEvent.HTMLParseStart",null)
paths:
  -> file:///E:/Aptana%20Jaxer%20Apache/Jaxer/Apache2-4Build/jaxer/framework/src/ModuleLogger.js
  -> file:///E:/Aptana%20Jaxer%20Apache/Jaxer/Apache2-4Build/jaxer/framework/src/ParseStart.js
  -> file:///E:/Aptana%20Jaxer%20Apache/Jaxer/Apache2-4Build/jaxer/framework/src/CoreEvents.js
  -> file:///E:/Aptana%20Jaxer%20Apache/Jaxer/Apache2-4Build/jaxer/components/aptEventHandler.js

01:13:03 12/24/2025 [ 32928] [DEBUG] [JS Framework] [SessionManager.keyFromRequest] Getting session key from the client via cookie JaxerSessionId$$diagnostics: 1766389857171006019406608883027
stack:
  ->  [ModuleLogger.js:98] debug("Getting session key from the client via cookie JaxerSessionId$$diagnostics: 1766389857171006019406608883027")
  ->  [SessionManager.js:59] keyFromRequest("diagnostics")
  ->  [Container.js:474] init("diagnostics","localhost:8081/aptana/diagnostics/index.html")
  ->  [ParseStart.js:122] onParseStart([object XPCWrappedNative_NoHelper])
  ->  [CoreEvents.js:293] fireEvent("PARSE_START",[object Array])
  ->  [CoreEvents.js:238] fire("PARSE_START",[object XPCWrappedNative_NoHelper])
  ->  [aptEventHandler.js:306] observe([object XPCWrappedNative_NoHelper],"jaxerEvent.HTMLParseStart",null)
paths:
  -> file:///E:/Aptana%20Jaxer%20Apache/Jaxer/Apache2-4Build/jaxer/framework/src/ModuleLogger.js
  -> file:///E:/Aptana%20Jaxer%20Apache/Jaxer/Apache2-4Build/jaxer/framework/src/SessionManager.js
  -> file:///E:/Aptana%20Jaxer%20Apache/Jaxer/Apache2-4Build/jaxer/framework/src/Container.js
  -> file:///E:/Aptana%20Jaxer%20Apache/Jaxer/Apache2-4Build/jaxer/framework/src/ParseStart.js
  -> file:///E:/Aptana%20Jaxer%20Apache/Jaxer/Apache2-4Build/jaxer/framework/src/CoreEvents.js
  -> file:///E:/Aptana%20Jaxer%20Apache/Jaxer/Apache2-4Build/jaxer/components/aptEventHandler.js

01:13:03 12/24/2025 [ 32928] [DEBUG] [JS Framework] [Container.init] Created APPLICATION container as Jaxer.application with key diagnostics
stack:
  ->  [ModuleLogger.js:98] debug("Created APPLICATION container as Jaxer.application with key diagnostics")
  ->  [Container.js:485] init("diagnostics","localhost:8081/aptana/diagnostics/index.html")
  ->  [ParseStart.js:122] onParseStart([object XPCWrappedNative_NoHelper])
  ->  [CoreEvents.js:293] fireEvent("PARSE_START",[object Array])
  ->  [CoreEvents.js:238] fire("PARSE_START",[object XPCWrappedNative_NoHelper])
  ->  [aptEventHandler.js:306] observe([object XPCWrappedNative_NoHelper],"jaxerEvent.HTMLParseStart",null)
paths:
  -> file:///E:/Aptana%20Jaxer%20Apache/Jaxer/Apache2-4Build/jaxer/framework/src/ModuleLogger.js
  -> file:///E:/Aptana%20Jaxer%20Apache/Jaxer/Apache2-4Build/jaxer/framework/src/Container.js
  -> file:///E:/Aptana%20Jaxer%20Apache/Jaxer/Apache2-4Build/jaxer/framework/src/ParseStart.js
  -> file:///E:/Aptana%20Jaxer%20Apache/Jaxer/Apache2-4Build/jaxer/framework/src/CoreEvents.js
  -> file:///E:/Aptana%20Jaxer%20Apache/Jaxer/Apache2-4Build/jaxer/components/aptEventHandler.js

01:13:03 12/24/2025 [ 32928] [DEBUG] [JS Framework] [Container.init] Created PAGE container as Jaxer.page with key localhost:8081/aptana/diagnostics/index.html
stack:
  ->  [ModuleLogger.js:98] debug("Created PAGE container as Jaxer.page with key localhost:8081/aptana/diagnostics/index.html")
  ->  [Container.js:485] init("diagnostics","localhost:8081/aptana/diagnostics/index.html")
  ->  [ParseStart.js:122] onParseStart([object XPCWrappedNative_NoHelper])
  ->  [CoreEvents.js:293] fireEvent("PARSE_START",[object Array])
  ->  [CoreEvents.js:238] fire("PARSE_START",[object XPCWrappedNative_NoHelper])
  ->  [aptEventHandler.js:306] observe([object XPCWrappedNative_NoHelper],"jaxerEvent.HTMLParseStart",null)
paths:
  -> file:///E:/Aptana%20Jaxer%20Apache/Jaxer/Apache2-4Build/jaxer/framework/src/ModuleLogger.js
  -> file:///E:/Aptana%20Jaxer%20Apache/Jaxer/Apache2-4Build/jaxer/framework/src/Container.js
  -> file:///E:/Aptana%20Jaxer%20Apache/Jaxer/Apache2-4Build/jaxer/framework/src/ParseStart.js
  -> file:///E:/Aptana%20Jaxer%20Apache/Jaxer/Apache2-4Build/jaxer/framework/src/CoreEvents.js
  -> file:///E:/Aptana%20Jaxer%20Apache/Jaxer/Apache2-4Build/jaxer/components/aptEventHandler.js

01:13:03 12/24/2025 [ 32928] [DEBUG] [JS Framework] [Container.init] Created SESSION container as Jaxer.session with key 1766389857171006019406608883027
stack:
  ->  [ModuleLogger.js:98] debug("Created SESSION container as Jaxer.session with key 1766389857171006019406608883027")
  ->  [Container.js:485] init("diagnostics","localhost:8081/aptana/diagnostics/index.html")
  ->  [ParseStart.js:122] onParseStart([object XPCWrappedNative_NoHelper])
  ->  [CoreEvents.js:293] fireEvent("PARSE_START",[object Array])
  ->  [CoreEvents.js:238] fire("PARSE_START",[object XPCWrappedNative_NoHelper])
  ->  [aptEventHandler.js:306] observe([object XPCWrappedNative_NoHelper],"jaxerEvent.HTMLParseStart",null)
paths:
  -> file:///E:/Aptana%20Jaxer%20Apache/Jaxer/Apache2-4Build/jaxer/framework/src/ModuleLogger.js
  -> file:///E:/Aptana%20Jaxer%20Apache/Jaxer/Apache2-4Build/jaxer/framework/src/Container.js
  -> file:///E:/Aptana%20Jaxer%20Apache/Jaxer/Apache2-4Build/jaxer/framework/src/ParseStart.js
  -> file:///E:/Aptana%20Jaxer%20Apache/Jaxer/Apache2-4Build/jaxer/framework/src/CoreEvents.js
  -> file:///E:/Aptana%20Jaxer%20Apache/Jaxer/Apache2-4Build/jaxer/components/aptEventHandler.js

01:13:03 12/24/2025 [ 32928] [DEBUG] [JS Framework] [Container.init] Created SESSION_PAGE container as Jaxer.sessionPage with key 1766389857171006019406608883027$$localhost:8081/aptana/diagnostics/index.html
stack:
  ->  [ModuleLogger.js:98] debug("Created SESSION_PAGE container as Jaxer.sessionPage with key 1766389857171006019406608883027$$localhost:8081/aptana/diagnostics/index.html")
  ->  [Container.js:485] init("diagnostics","localhost:8081/aptana/diagnostics/index.html")
  ->  [ParseStart.js:122] onParseStart([object XPCWrappedNative_NoHelper])
  ->  [CoreEvents.js:293] fireEvent("PARSE_START",[object Array])
  ->  [CoreEvents.js:238] fire("PARSE_START",[object XPCWrappedNative_NoHelper])
  ->  [aptEventHandler.js:306] observe([object XPCWrappedNative_NoHelper],"jaxerEvent.HTMLParseStart",null)
paths:
  -> file:///E:/Aptana%20Jaxer%20Apache/Jaxer/Apache2-4Build/jaxer/framework/src/ModuleLogger.js
  -> file:///E:/Aptana%20Jaxer%20Apache/Jaxer/Apache2-4Build/jaxer/framework/src/Container.js
  -> file:///E:/Aptana%20Jaxer%20Apache/Jaxer/Apache2-4Build/jaxer/framework/src/ParseStart.js
  -> file:///E:/Aptana%20Jaxer%20Apache/Jaxer/Apache2-4Build/jaxer/framework/src/CoreEvents.js
  -> file:///E:/Aptana%20Jaxer%20Apache/Jaxer/Apache2-4Build/jaxer/components/aptEventHandler.js

01:13:03 12/24/2025 [ 32928] [TRACE] [JS Framework] [DB.setDefault] Setting default connection for app: diagnostics
stack:
  ->  [ModuleLogger.js:98] trace("Setting default connection for app: diagnostics")
  ->  [DB.js:162] setDefault("diagnostics",[object Object])
  ->  [ParseStart.js:123] onParseStart([object XPCWrappedNative_NoHelper])
  ->  [CoreEvents.js:293] fireEvent("PARSE_START",[object Array])
  ->  [CoreEvents.js:238] fire("PARSE_START",[object XPCWrappedNative_NoHelper])
  ->  [aptEventHandler.js:306] observe([object XPCWrappedNative_NoHelper],"jaxerEvent.HTMLParseStart",null)
paths:
  -> file:///E:/Aptana%20Jaxer%20Apache/Jaxer/Apache2-4Build/jaxer/framework/src/ModuleLogger.js
  -> file:///E:/Aptana%20Jaxer%20Apache/Jaxer/Apache2-4Build/jaxer/framework/src/DB.js
  -> file:///E:/Aptana%20Jaxer%20Apache/Jaxer/Apache2-4Build/jaxer/framework/src/ParseStart.js
  -> file:///E:/Aptana%20Jaxer%20Apache/Jaxer/Apache2-4Build/jaxer/framework/src/CoreEvents.js
  -> file:///E:/Aptana%20Jaxer%20Apache/Jaxer/Apache2-4Build/jaxer/components/aptEventHandler.js

01:13:03 12/24/2025 [ 32928] [TRACE] [JS Framework] [DB.initDefault] Creating database (if necessary) for app: diagnostics
stack:
  ->  [ModuleLogger.js:98] trace("Creating database (if necessary) for app: diagnostics")
  ->  [DB.js:136] initDefault("diagnostics",[object Object])
  ->  [DB.js:174] setDefault("diagnostics",[object Object])
  ->  [ParseStart.js:123] onParseStart([object XPCWrappedNative_NoHelper])
  ->  [CoreEvents.js:293] fireEvent("PARSE_START",[object Array])
  ->  [CoreEvents.js:238] fire("PARSE_START",[object XPCWrappedNative_NoHelper])
  ->  [aptEventHandler.js:306] observe([object XPCWrappedNative_NoHelper],"jaxerEvent.HTMLParseStart",null)
paths:
  -> file:///E:/Aptana%20Jaxer%20Apache/Jaxer/Apache2-4Build/jaxer/framework/src/ModuleLogger.js
  -> file:///E:/Aptana%20Jaxer%20Apache/Jaxer/Apache2-4Build/jaxer/framework/src/DB.js
  -> file:///E:/Aptana%20Jaxer%20Apache/Jaxer/Apache2-4Build/jaxer/framework/src/ParseStart.js
  -> file:///E:/Aptana%20Jaxer%20Apache/Jaxer/Apache2-4Build/jaxer/framework/src/CoreEvents.js
  -> file:///E:/Aptana%20Jaxer%20Apache/Jaxer/Apache2-4Build/jaxer/components/aptEventHandler.js

01:13:03 12/24/2025 [ 32928] [TRACE] [JS Framework] [DB.SQLite.validateConnectionParameters] Connection parameters OK :({IMPLEMENTATION:"SQLite", PATH:"resource:///../local_jaxer/data/diagnostics/diagnostics.sqlite", CLOSE_AFTER_EXECUTE:false, CLOSE_AFTER_REQUEST:true, MAX_NUM_TRIES:100, MILLIS_BETWEEN_TRIES:37})
stack:
  ->  [ModuleLogger.js:98] trace("Connection parameters OK :({IMPLEMENTATION:\"SQLite\", PATH:\"resource:///../local_jaxer/data/diagnostics/diagnostics.sqlite\", CLOSE_AFTER_EXECUTE:false, CLOSE_AFTER_REQUEST:true, MAX_NUM_TRIES:100, MILLIS_BETWEEN_TRIES:37})")
  ->  [DB_SQLite.js:83] validateConnectionParameters([object Object])
  ->  [DB_SQLite.js:148] Connection([object Object])
  ->  [DB_SQLite.js:104] createDB([object Object])
  ->  [DB.js:137] initDefault("diagnostics",[object Object])
  ->  [DB.js:174] setDefault("diagnostics",[object Object])
  ->  [ParseStart.js:123] onParseStart([object XPCWrappedNative_NoHelper])
  ->  [CoreEvents.js:293] fireEvent("PARSE_START",[object Array])
  ->  [CoreEvents.js:238] fire("PARSE_START",[object XPCWrappedNative_NoHelper])
  ->  [aptEventHandler.js:306] observe([object XPCWrappedNative_NoHelper],"jaxerEvent.HTMLParseStart",null)
paths:
  -> file:///E:/Aptana%20Jaxer%20Apache/Jaxer/Apache2-4Build/jaxer/framework/src/ModuleLogger.js
  -> file:///E:/Aptana%20Jaxer%20Apache/Jaxer/Apache2-4Build/jaxer/framework/src/DB_SQLite.js
  -> file:///E:/Aptana%20Jaxer%20Apache/Jaxer/Apache2-4Build/jaxer/framework/src/DB.js
  -> file:///E:/Aptana%20Jaxer%20Apache/Jaxer/Apache2-4Build/jaxer/framework/src/ParseStart.js
  -> file:///E:/Aptana%20Jaxer%20Apache/Jaxer/Apache2-4Build/jaxer/framework/src/CoreEvents.js
  -> file:///E:/Aptana%20Jaxer%20Apache/Jaxer/Apache2-4Build/jaxer/components/aptEventHandler.js

01:13:03 12/24/2025 [ 32928] [DEBUG] [JS Framework] [DB.SQLite.createDB] Creating/verifying connection to database file at E:\Aptana Jaxer Apache\Jaxer\Apache2-4Build\jaxer\..\local_jaxer\data\diagnostics\diagnostics.sqlite
stack:
  ->  [ModuleLogger.js:98] debug("Creating/verifying connection to database file at E:\\Aptana Jaxer Apache\\Jaxer\\Apache2-4Build\\jaxer\\..\\local_jaxer\\data\\diagnostics\\diagnostics.sqlite")
  ->  [DB_SQLite.js:105] createDB([object Object])
  ->  [DB.js:137] initDefault("diagnostics",[object Object])
  ->  [DB.js:174] setDefault("diagnostics",[object Object])
  ->  [ParseStart.js:123] onParseStart([object XPCWrappedNative_NoHelper])
  ->  [CoreEvents.js:293] fireEvent("PARSE_START",[object Array])
  ->  [CoreEvents.js:238] fire("PARSE_START",[object XPCWrappedNative_NoHelper])
  ->  [aptEventHandler.js:306] observe([object XPCWrappedNative_NoHelper],"jaxerEvent.HTMLParseStart",null)
paths:
  -> file:///E:/Aptana%20Jaxer%20Apache/Jaxer/Apache2-4Build/jaxer/framework/src/ModuleLogger.js
  -> file:///E:/Aptana%20Jaxer%20Apache/Jaxer/Apache2-4Build/jaxer/framework/src/DB_SQLite.js
  -> file:///E:/Aptana%20Jaxer%20Apache/Jaxer/Apache2-4Build/jaxer/framework/src/DB.js
  -> file:///E:/Aptana%20Jaxer%20Apache/Jaxer/Apache2-4Build/jaxer/framework/src/ParseStart.js
  -> file:///E:/Aptana%20Jaxer%20Apache/Jaxer/Apache2-4Build/jaxer/framework/src/CoreEvents.js
  -> file:///E:/Aptana%20Jaxer%20Apache/Jaxer/Apache2-4Build/jaxer/components/aptEventHandler.js

01:13:03 12/24/2025 [ 32928] [DEBUG] [JS Framework] [DB.SQLite.open] Opening connection to database: E:\Aptana Jaxer Apache\Jaxer\Apache2-4Build\jaxer\..\local_jaxer\data\diagnostics\diagnostics.sqlite
stack:
  ->  [ModuleLogger.js:98] debug("Opening connection to database: E:\\Aptana Jaxer Apache\\Jaxer\\Apache2-4Build\\jaxer\\..\\local_jaxer\\data\\diagnostics\\diagnostics.sqlite")
  ->  [DB_SQLite.js:212] open()
  ->  [DB_SQLite.js:109] createDB([object Object])
  ->  [DB.js:137] initDefault("diagnostics",[object Object])
  ->  [DB.js:174] setDefault("diagnostics",[object Object])
  ->  [ParseStart.js:123] onParseStart([object XPCWrappedNative_NoHelper])
  ->  [CoreEvents.js:293] fireEvent("PARSE_START",[object Array])
  ->  [CoreEvents.js:238] fire("PARSE_START",[object XPCWrappedNative_NoHelper])
  ->  [aptEventHandler.js:306] observe([object XPCWrappedNative_NoHelper],"jaxerEvent.HTMLParseStart",null)
paths:
  -> file:///E:/Aptana%20Jaxer%20Apache/Jaxer/Apache2-4Build/jaxer/framework/src/ModuleLogger.js
  -> file:///E:/Aptana%20Jaxer%20Apache/Jaxer/Apache2-4Build/jaxer/framework/src/DB_SQLite.js
  -> file:///E:/Aptana%20Jaxer%20Apache/Jaxer/Apache2-4Build/jaxer/framework/src/DB.js
  -> file:///E:/Aptana%20Jaxer%20Apache/Jaxer/Apache2-4Build/jaxer/framework/src/ParseStart.js
  -> file:///E:/Aptana%20Jaxer%20Apache/Jaxer/Apache2-4Build/jaxer/framework/src/CoreEvents.js
  -> file:///E:/Aptana%20Jaxer%20Apache/Jaxer/Apache2-4Build/jaxer/components/aptEventHandler.js

01:13:03 12/24/2025 [ 32928] [TRACE] [JS Framework] [DB.SQLite.open] Tried 1 time(s) in 1 ms to open connection to SQLite database file E:\Aptana Jaxer Apache\Jaxer\Apache2-4Build\jaxer\..\local_jaxer\data\diagnostics\diagnostics.sqlite
stack:
  ->  [ModuleLogger.js:98] trace("Tried 1 time(s) in 1 ms to open connection to SQLite database file E:\\Aptana Jaxer Apache\\Jaxer\\Apache2-4Build\\jaxer\\..\\local_jaxer\\data\\diagnostics\\diagnostics.sqlite")
  ->  [DB_SQLite.js:266] open()
  ->  [DB_SQLite.js:109] createDB([object Object])
  ->  [DB.js:137] initDefault("diagnostics",[object Object])
  ->  [DB.js:174] setDefault("diagnostics",[object Object])
  ->  [ParseStart.js:123] onParseStart([object XPCWrappedNative_NoHelper])
  ->  [CoreEvents.js:293] fireEvent("PARSE_START",[object Array])
  ->  [CoreEvents.js:238] fire("PARSE_START",[object XPCWrappedNative_NoHelper])
  ->  [aptEventHandler.js:306] observe([object XPCWrappedNative_NoHelper],"jaxerEvent.HTMLParseStart",null)
paths:
  -> file:///E:/Aptana%20Jaxer%20Apache/Jaxer/Apache2-4Build/jaxer/framework/src/ModuleLogger.js
  -> file:///E:/Aptana%20Jaxer%20Apache/Jaxer/Apache2-4Build/jaxer/framework/src/DB_SQLite.js
  -> file:///E:/Aptana%20Jaxer%20Apache/Jaxer/Apache2-4Build/jaxer/framework/src/DB.js
  -> file:///E:/Aptana%20Jaxer%20Apache/Jaxer/Apache2-4Build/jaxer/framework/src/ParseStart.js
  -> file:///E:/Aptana%20Jaxer%20Apache/Jaxer/Apache2-4Build/jaxer/framework/src/CoreEvents.js
  -> file:///E:/Aptana%20Jaxer%20Apache/Jaxer/Apache2-4Build/jaxer/components/aptEventHandler.js

01:13:03 12/24/2025 [ 32928] [DEBUG] [JS Framework] [DB.SQLite.open] Opened
stack:
  ->  [ModuleLogger.js:98] debug("Opened")
  ->  [DB_SQLite.js:268] open()
  ->  [DB_SQLite.js:109] createDB([object Object])
  ->  [DB.js:137] initDefault("diagnostics",[object Object])
  ->  [DB.js:174] setDefault("diagnostics",[object Object])
  ->  [ParseStart.js:123] onParseStart([object XPCWrappedNative_NoHelper])
  ->  [CoreEvents.js:293] fireEvent("PARSE_START",[object Array])
  ->  [CoreEvents.js:238] fire("PARSE_START",[object XPCWrappedNative_NoHelper])
  ->  [aptEventHandler.js:306] observe([object XPCWrappedNative_NoHelper],"jaxerEvent.HTMLParseStart",null)
paths:
  -> file:///E:/Aptana%20Jaxer%20Apache/Jaxer/Apache2-4Build/jaxer/framework/src/ModuleLogger.js
  -> file:///E:/Aptana%20Jaxer%20Apache/Jaxer/Apache2-4Build/jaxer/framework/src/DB_SQLite.js
  -> file:///E:/Aptana%20Jaxer%20Apache/Jaxer/Apache2-4Build/jaxer/framework/src/DB.js
  -> file:///E:/Aptana%20Jaxer%20Apache/Jaxer/Apache2-4Build/jaxer/framework/src/ParseStart.js
  -> file:///E:/Aptana%20Jaxer%20Apache/Jaxer/Apache2-4Build/jaxer/framework/src/CoreEvents.js
  -> file:///E:/Aptana%20Jaxer%20Apache/Jaxer/Apache2-4Build/jaxer/components/aptEventHandler.js

01:13:03 12/24/2025 [ 32928] [TRACE] [JS Framework] [DB.SQLite.close] Closing the connection
stack:
  ->  [ModuleLogger.js:98] trace("Closing the connection")
  ->  [DB_SQLite.js:739] close()
  ->  [DB_SQLite.js:110] createDB([object Object])
  ->  [DB.js:137] initDefault("diagnostics",[object Object])
  ->  [DB.js:174] setDefault("diagnostics",[object Object])
  ->  [ParseStart.js:123] onParseStart([object XPCWrappedNative_NoHelper])
  ->  [CoreEvents.js:293] fireEvent("PARSE_START",[object Array])
  ->  [CoreEvents.js:238] fire("PARSE_START",[object XPCWrappedNative_NoHelper])
  ->  [aptEventHandler.js:306] observe([object XPCWrappedNative_NoHelper],"jaxerEvent.HTMLParseStart",null)
paths:
  -> file:///E:/Aptana%20Jaxer%20Apache/Jaxer/Apache2-4Build/jaxer/framework/src/ModuleLogger.js
  -> file:///E:/Aptana%20Jaxer%20Apache/Jaxer/Apache2-4Build/jaxer/framework/src/DB_SQLite.js
  -> file:///E:/Aptana%20Jaxer%20Apache/Jaxer/Apache2-4Build/jaxer/framework/src/DB.js
  -> file:///E:/Aptana%20Jaxer%20Apache/Jaxer/Apache2-4Build/jaxer/framework/src/ParseStart.js
  -> file:///E:/Aptana%20Jaxer%20Apache/Jaxer/Apache2-4Build/jaxer/framework/src/CoreEvents.js
  -> file:///E:/Aptana%20Jaxer%20Apache/Jaxer/Apache2-4Build/jaxer/components/aptEventHandler.js

01:13:03 12/24/2025 [ 32928] [TRACE] [JS Framework] [DB.SQLite.validateConnectionParameters] Connection parameters OK :({IMPLEMENTATION:"SQLite", PATH:"resource:///../local_jaxer/data/diagnostics/diagnostics.sqlite", CLOSE_AFTER_EXECUTE:false, CLOSE_AFTER_REQUEST:true, MAX_NUM_TRIES:100, MILLIS_BETWEEN_TRIES:37})
stack:
  ->  [ModuleLogger.js:98] trace("Connection parameters OK :({IMPLEMENTATION:\"SQLite\", PATH:\"resource:///../local_jaxer/data/diagnostics/diagnostics.sqlite\", CLOSE_AFTER_EXECUTE:false, CLOSE_AFTER_REQUEST:true, MAX_NUM_TRIES:100, MILLIS_BETWEEN_TRIES:37})")
  ->  [DB_SQLite.js:83] validateConnectionParameters([object Object])
  ->  [DB_SQLite.js:148] Connection([object Object])
  ->  [DB_SQLite.js:111] createDB([object Object])
  ->  [DB.js:137] initDefault("diagnostics",[object Object])
  ->  [DB.js:174] setDefault("diagnostics",[object Object])
  ->  [ParseStart.js:123] onParseStart([object XPCWrappedNative_NoHelper])
  ->  [CoreEvents.js:293] fireEvent("PARSE_START",[object Array])
  ->  [CoreEvents.js:238] fire("PARSE_START",[object XPCWrappedNative_NoHelper])
  ->  [aptEventHandler.js:306] observe([object XPCWrappedNative_NoHelper],"jaxerEvent.HTMLParseStart",null)
paths:
  -> file:///E:/Aptana%20Jaxer%20Apache/Jaxer/Apache2-4Build/jaxer/framework/src/ModuleLogger.js
  -> file:///E:/Aptana%20Jaxer%20Apache/Jaxer/Apache2-4Build/jaxer/framework/src/DB_SQLite.js
  -> file:///E:/Aptana%20Jaxer%20Apache/Jaxer/Apache2-4Build/jaxer/framework/src/DB.js
  -> file:///E:/Aptana%20Jaxer%20Apache/Jaxer/Apache2-4Build/jaxer/framework/src/ParseStart.js
  -> file:///E:/Aptana%20Jaxer%20Apache/Jaxer/Apache2-4Build/jaxer/framework/src/CoreEvents.js
  -> file:///E:/Aptana%20Jaxer%20Apache/Jaxer/Apache2-4Build/jaxer/components/aptEventHandler.js

01:13:03 12/24/2025 [ 32928] [TRACE] [JS Framework] [DB.SQLite.validateConnectionParameters] Connection parameters OK :({IMPLEMENTATION:"SQLite", PATH:"resource:///../local_jaxer/data/diagnostics/diagnostics.sqlite", CLOSE_AFTER_EXECUTE:false, CLOSE_AFTER_REQUEST:true, MAX_NUM_TRIES:100, MILLIS_BETWEEN_TRIES:37})
stack:
  ->  [ModuleLogger.js:98] trace("Connection parameters OK :({IMPLEMENTATION:\"SQLite\", PATH:\"resource:///../local_jaxer/data/diagnostics/diagnostics.sqlite\", CLOSE_AFTER_EXECUTE:false, CLOSE_AFTER_REQUEST:true, MAX_NUM_TRIES:100, MILLIS_BETWEEN_TRIES:37})")
  ->  [DB_SQLite.js:83] validateConnectionParameters([object Object])
  ->  [DB_SQLite.js:148] Connection([object Object])
  ->  [DB.js:139] initDefault("diagnostics",[object Object])
  ->  [DB.js:174] setDefault("diagnostics",[object Object])
  ->  [ParseStart.js:123] onParseStart([object XPCWrappedNative_NoHelper])
  ->  [CoreEvents.js:293] fireEvent("PARSE_START",[object Array])
  ->  [CoreEvents.js:238] fire("PARSE_START",[object XPCWrappedNative_NoHelper])
  ->  [aptEventHandler.js:306] observe([object XPCWrappedNative_NoHelper],"jaxerEvent.HTMLParseStart",null)
paths:
  -> file:///E:/Aptana%20Jaxer%20Apache/Jaxer/Apache2-4Build/jaxer/framework/src/ModuleLogger.js
  -> file:///E:/Aptana%20Jaxer%20Apache/Jaxer/Apache2-4Build/jaxer/framework/src/DB_SQLite.js
  -> file:///E:/Aptana%20Jaxer%20Apache/Jaxer/Apache2-4Build/jaxer/framework/src/DB.js
  -> file:///E:/Aptana%20Jaxer%20Apache/Jaxer/Apache2-4Build/jaxer/framework/src/ParseStart.js
  -> file:///E:/Aptana%20Jaxer%20Apache/Jaxer/Apache2-4Build/jaxer/framework/src/CoreEvents.js
  -> file:///E:/Aptana%20Jaxer%20Apache/Jaxer/Apache2-4Build/jaxer/components/aptEventHandler.js

01:13:03 12/24/2025 [ 32928] [TRACE] [JS Framework] [CoreEvents.fire] At this time, evt.Request.isHandler=false and eventType: NEW_ELEMENT - HTML
stack:
  ->  [ModuleLogger.js:98] trace("At this time, evt.Request.isHandler=false and eventType: NEW_ELEMENT - HTML")
  ->  [CoreEvents.js:205] fire("NEW_ELEMENT",[object XPCWrappedNative_NoHelper],[object HTMLDocument],[object HTMLHtmlElement])
  ->  [aptEventHandler.js:157] observe([object XPCWrappedNative_NoHelper],"jaxerEvent.NewHTMLElement",null)
paths:
  -> file:///E:/Aptana%20Jaxer%20Apache/Jaxer/Apache2-4Build/jaxer/framework/src/ModuleLogger.js
  -> file:///E:/Aptana%20Jaxer%20Apache/Jaxer/Apache2-4Build/jaxer/framework/src/CoreEvents.js
  -> file:///E:/Aptana%20Jaxer%20Apache/Jaxer/Apache2-4Build/jaxer/components/aptEventHandler.js

01:13:03 12/24/2025 [ 32928] [TRACE] [JS Framework] [CoreEvents.fireEvent] Firing an event for NEW_ELEMENT
stack:
  ->  [ModuleLogger.js:98] trace("Firing an event for NEW_ELEMENT")
  ->  [CoreEvents.js:282] fireEvent("NEW_ELEMENT",[object Array])
  ->  [CoreEvents.js:238] fire("NEW_ELEMENT",[object XPCWrappedNative_NoHelper],[object HTMLDocument],[object HTMLHtmlElement])
  ->  [aptEventHandler.js:157] observe([object XPCWrappedNative_NoHelper],"jaxerEvent.NewHTMLElement",null)
paths:
  -> file:///E:/Aptana%20Jaxer%20Apache/Jaxer/Apache2-4Build/jaxer/framework/src/ModuleLogger.js
  -> file:///E:/Aptana%20Jaxer%20Apache/Jaxer/Apache2-4Build/jaxer/framework/src/CoreEvents.js
  -> file:///E:/Aptana%20Jaxer%20Apache/Jaxer/Apache2-4Build/jaxer/components/aptEventHandler.js

01:13:03 12/24/2025 [ 32928] [TRACE] [JS Framework] [CoreEvents.fireEvent] Calling event handler: function onNewElement(evt, doc, elt) {
    switch (elt.tagNa...
stack:
  ->  [ModuleLogger.js:98] trace("Calling event handler: function onNewElement(evt, doc, elt) {\n    switch (elt.tagNa...")
  ->  [CoreEvents.js:292] fireEvent("NEW_ELEMENT",[object Array])
  ->  [CoreEvents.js:238] fire("NEW_ELEMENT",[object XPCWrappedNative_NoHelper],[object HTMLDocument],[object HTMLHtmlElement])
  ->  [aptEventHandler.js:157] observe([object XPCWrappedNative_NoHelper],"jaxerEvent.NewHTMLElement",null)
paths:
  -> file:///E:/Aptana%20Jaxer%20Apache/Jaxer/Apache2-4Build/jaxer/framework/src/ModuleLogger.js
  -> file:///E:/Aptana%20Jaxer%20Apache/Jaxer/Apache2-4Build/jaxer/framework/src/CoreEvents.js
  -> file:///E:/Aptana%20Jaxer%20Apache/Jaxer/Apache2-4Build/jaxer/components/aptEventHandler.js

01:13:03 12/24/2025 [ 32928] [TRACE] [JS Framework] [CoreEvents.fire] At this time, evt.Request.isHandler=false and eventType: NEW_ELEMENT - HEAD
stack:
  ->  [ModuleLogger.js:98] trace("At this time, evt.Request.isHandler=false and eventType: NEW_ELEMENT - HEAD")
  ->  [CoreEvents.js:205] fire("NEW_ELEMENT",[object XPCWrappedNative_NoHelper],[object HTMLDocument],[object HTMLHeadElement])
  ->  [aptEventHandler.js:157] observe([object XPCWrappedNative_NoHelper],"jaxerEvent.NewHTMLElement",null)
paths:
  -> file:///E:/Aptana%20Jaxer%20Apache/Jaxer/Apache2-4Build/jaxer/framework/src/ModuleLogger.js
  -> file:///E:/Aptana%20Jaxer%20Apache/Jaxer/Apache2-4Build/jaxer/framework/src/CoreEvents.js
  -> file:///E:/Aptana%20Jaxer%20Apache/Jaxer/Apache2-4Build/jaxer/components/aptEventHandler.js

01:13:03 12/24/2025 [ 32928] [TRACE] [JS Framework] [CoreEvents.fireEvent] Firing an event for NEW_ELEMENT
stack:
  ->  [ModuleLogger.js:98] trace("Firing an event for NEW_ELEMENT")
  ->  [CoreEvents.js:282] fireEvent("NEW_ELEMENT",[object Array])
  ->  [CoreEvents.js:238] fire("NEW_ELEMENT",[object XPCWrappedNative_NoHelper],[object HTMLDocument],[object HTMLHeadElement])
  ->  [aptEventHandler.js:157] observe([object XPCWrappedNative_NoHelper],"jaxerEvent.NewHTMLElement",null)
paths:
  -> file:///E:/Aptana%20Jaxer%20Apache/Jaxer/Apache2-4Build/jaxer/framework/src/ModuleLogger.js
  -> file:///E:/Aptana%20Jaxer%20Apache/Jaxer/Apache2-4Build/jaxer/framework/src/CoreEvents.js
  -> file:///E:/Aptana%20Jaxer%20Apache/Jaxer/Apache2-4Build/jaxer/components/aptEventHandler.js

01:13:03 12/24/2025 [ 32928] [TRACE] [JS Framework] [CoreEvents.fireEvent] Calling event handler: function onNewElement(evt, doc, elt) {
    switch (elt.tagNa...
stack:
  ->  [ModuleLogger.js:98] trace("Calling event handler: function onNewElement(evt, doc, elt) {\n    switch (elt.tagNa...")
  ->  [CoreEvents.js:292] fireEvent("NEW_ELEMENT",[object Array])
  ->  [CoreEvents.js:238] fire("NEW_ELEMENT",[object XPCWrappedNative_NoHelper],[object HTMLDocument],[object HTMLHeadElement])
  ->  [aptEventHandler.js:157] observe([object XPCWrappedNative_NoHelper],"jaxerEvent.NewHTMLElement",null)
paths:
  -> file:///E:/Aptana%20Jaxer%20Apache/Jaxer/Apache2-4Build/jaxer/framework/src/ModuleLogger.js
  -> file:///E:/Aptana%20Jaxer%20Apache/Jaxer/Apache2-4Build/jaxer/framework/src/CoreEvents.js
  -> file:///E:/Aptana%20Jaxer%20Apache/Jaxer/Apache2-4Build/jaxer/components/aptEventHandler.js

01:13:03 12/24/2025 [ 32928] [TRACE] [JS Framework] [CoreEvents.fire] At this time, evt.Request.isHandler=false and eventType: INIT_HEAD
stack:
  ->  [ModuleLogger.js:98] trace("At this time, evt.Request.isHandler=false and eventType: INIT_HEAD")
  ->  [CoreEvents.js:205] fire("INIT_HEAD",[object XPCWrappedNative_NoHelper],[object HTMLDocument])
  ->  [aptEventHandler.js:139] observe([object XPCWrappedNative_NoHelper],"jaxerEvent.NewHTMLElement",null)
paths:
  -> file:///E:/Aptana%20Jaxer%20Apache/Jaxer/Apache2-4Build/jaxer/framework/src/ModuleLogger.js
  -> file:///E:/Aptana%20Jaxer%20Apache/Jaxer/Apache2-4Build/jaxer/framework/src/CoreEvents.js
  -> file:///E:/Aptana%20Jaxer%20Apache/Jaxer/Apache2-4Build/jaxer/components/aptEventHandler.js

01:13:03 12/24/2025 [ 32928] [TRACE] [JS Framework] [CoreEvents.fireEvent] Firing an event for INIT_HEAD
stack:
  ->  [ModuleLogger.js:98] trace("Firing an event for INIT_HEAD")
  ->  [CoreEvents.js:282] fireEvent("INIT_HEAD",[object Array])
  ->  [CoreEvents.js:238] fire("INIT_HEAD",[object XPCWrappedNative_NoHelper],[object HTMLDocument])
  ->  [aptEventHandler.js:139] observe([object XPCWrappedNative_NoHelper],"jaxerEvent.NewHTMLElement",null)
paths:
  -> file:///E:/Aptana%20Jaxer%20Apache/Jaxer/Apache2-4Build/jaxer/framework/src/ModuleLogger.js
  -> file:///E:/Aptana%20Jaxer%20Apache/Jaxer/Apache2-4Build/jaxer/framework/src/CoreEvents.js
  -> file:///E:/Aptana%20Jaxer%20Apache/Jaxer/Apache2-4Build/jaxer/components/aptEventHandler.js

01:13:03 12/24/2025 [ 32928] [TRACE] [JS Framework] [CoreEvents.fireEvent] Calling event handler: function onInitHead(evt, doc) {
    Jaxer.load = function lo...
stack:
  ->  [ModuleLogger.js:98] trace("Calling event handler: function onInitHead(evt, doc) {\n    Jaxer.load = function lo...")
  ->  [CoreEvents.js:292] fireEvent("INIT_HEAD",[object Array])
  ->  [CoreEvents.js:238] fire("INIT_HEAD",[object XPCWrappedNative_NoHelper],[object HTMLDocument])
  ->  [aptEventHandler.js:139] observe([object XPCWrappedNative_NoHelper],"jaxerEvent.NewHTMLElement",null)
paths:
  -> file:///E:/Aptana%20Jaxer%20Apache/Jaxer/Apache2-4Build/jaxer/framework/src/ModuleLogger.js
  -> file:///E:/Aptana%20Jaxer%20Apache/Jaxer/Apache2-4Build/jaxer/framework/src/CoreEvents.js
  -> file:///E:/Aptana%20Jaxer%20Apache/Jaxer/Apache2-4Build/jaxer/components/aptEventHandler.js

01:13:03 12/24/2025 [ 32928] [TRACE] [JS Framework] [Includer.evalOn] Evaluating using Jaxer.request.evaluateScript: contents = (function ... with global = [object ChromeWindow] and effectiveUrl = undefined
stack:
  ->  [ModuleLogger.js:98] trace("Evaluating using Jaxer.request.evaluateScript: contents = (function ... with global = [object ChromeWindow] and effectiveUrl = undefined")
  ->  [Includer.js:131] evalOn("(function extendDomSetters(global) {if (global.HTMLInputElement) {var inputValueSetter = global.HTMLInputElement.prototype.__lookupSetter__(\"value\");global.HTMLInputElement.prototype.__defineSetter__(\"value\", function (val) {inputValueSetter.call(this, val);this.setAttribute(\"value\", val);});var inputCheckedSetter = global.HTMLInputElement.prototype.__lookupSetter__(\"checked\");global.HTMLInputElement.prototype.__defineSetter__(\"checked\", function (val) {inputCheckedSetter.call(this, val);if (val) {this.setAttribute(\"checked\", null);} else {this.removeAttribute(\"checked\");}});}if (global.HTMLTextAreaElement) {var textAreaValueSetter = global.HTMLTextAreaElement.prototype.__lookupSetter__(\"value\");global.HTMLTextAreaElement.prototype.__defineSetter__(\"value\", function (val) {textAreaValueSetter.call(this, val);this.textContent = val;});}if (global.HTMLSelectElement) {var selectSelectedIndexSetter = global.HTMLSelectElement.prototype.__lookupSetter__(\"selectedIndex\");global.HTMLSelectElement.prototype.__defineSetter__(\"selectedIndex\", function (index) {selectSelectedIndexSetter.call(this, index);var option = this.options[index];if (option) {for (var i = 0, len = this.options.length; i < len; i++) {if (i == index) {this.options[i].setAttribute(\"selected\", null);} else {this.options[i].removeAttribute(\"selected\");}}}});}if (global.HTMLOptionElement) {var optionSelectedSetter = global.HTMLOptionElement.prototype.__lookupSetter__(\"selected\");global.HTMLOptionElement.prototype.__defineSetter__(\"selected\", function (val) {optionSelectedSetter.call(this, val);if (val) {this.setAttribute(\"selected\", null);} else {this.removeAttribute(\"selected\");}});}})(document.defaultView)",[object ChromeWindow])
  ->  [Overrides.js:370] applyAll([object ChromeWindow])
  ->  [InitHead.js:78] onInitHead([object XPCWrappedNative_NoHelper],[object HTMLDocument])
  ->  [CoreEvents.js:293] fireEvent("INIT_HEAD",[object Array])
  ->  [CoreEvents.js:238] fire("INIT_HEAD",[object XPCWrappedNative_NoHelper],[object HTMLDocument])
  ->  [aptEventHandler.js:139] observe([object XPCWrappedNative_NoHelper],"jaxerEvent.NewHTMLElement",null)
paths:
  -> file:///E:/Aptana%20Jaxer%20Apache/Jaxer/Apache2-4Build/jaxer/framework/src/ModuleLogger.js
  -> file:///E:/Aptana%20Jaxer%20Apache/Jaxer/Apache2-4Build/jaxer/framework/src/Includer.js
  -> file:///E:/Aptana%20Jaxer%20Apache/Jaxer/Apache2-4Build/jaxer/framework/src/Overrides.js
  -> file:///E:/Aptana%20Jaxer%20Apache/Jaxer/Apache2-4Build/jaxer/framework/src/InitHead.js
  -> file:///E:/Aptana%20Jaxer%20Apache/Jaxer/Apache2-4Build/jaxer/framework/src/CoreEvents.js
  -> file:///E:/Aptana%20Jaxer%20Apache/Jaxer/Apache2-4Build/jaxer/components/aptEventHandler.js

01:13:03 12/24/2025 [ 32928] [TRACE] [JS Framework] [CoreEvents.fire] At this time, evt.Request.isHandler=false and eventType: NEW_ELEMENT - META
stack:
  ->  [ModuleLogger.js:98] trace("At this time, evt.Request.isHandler=false and eventType: NEW_ELEMENT - META")
  ->  [CoreEvents.js:205] fire("NEW_ELEMENT",[object XPCWrappedNative_NoHelper],[object HTMLDocument],[object HTMLMetaElement])
  ->  [aptEventHandler.js:157] observe([object XPCWrappedNative_NoHelper],"jaxerEvent.NewHTMLElement",null)
paths:
  -> file:///E:/Aptana%20Jaxer%20Apache/Jaxer/Apache2-4Build/jaxer/framework/src/ModuleLogger.js
  -> file:///E:/Aptana%20Jaxer%20Apache/Jaxer/Apache2-4Build/jaxer/framework/src/CoreEvents.js
  -> file:///E:/Aptana%20Jaxer%20Apache/Jaxer/Apache2-4Build/jaxer/components/aptEventHandler.js

01:13:03 12/24/2025 [ 32928] [TRACE] [JS Framework] [CoreEvents.fireEvent] Firing an event for NEW_ELEMENT
stack:
  ->  [ModuleLogger.js:98] trace("Firing an event for NEW_ELEMENT")
  ->  [CoreEvents.js:282] fireEvent("NEW_ELEMENT",[object Array])
  ->  [CoreEvents.js:238] fire("NEW_ELEMENT",[object XPCWrappedNative_NoHelper],[object HTMLDocument],[object HTMLMetaElement])
  ->  [aptEventHandler.js:157] observe([object XPCWrappedNative_NoHelper],"jaxerEvent.NewHTMLElement",null)
paths:
  -> file:///E:/Aptana%20Jaxer%20Apache/Jaxer/Apache2-4Build/jaxer/framework/src/ModuleLogger.js
  -> file:///E:/Aptana%20Jaxer%20Apache/Jaxer/Apache2-4Build/jaxer/framework/src/CoreEvents.js
  -> file:///E:/Aptana%20Jaxer%20Apache/Jaxer/Apache2-4Build/jaxer/components/aptEventHandler.js

01:13:03 12/24/2025 [ 32928] [TRACE] [JS Framework] [CoreEvents.fireEvent] Calling event handler: function onNewElement(evt, doc, elt) {
    switch (elt.tagNa...
stack:
  ->  [ModuleLogger.js:98] trace("Calling event handler: function onNewElement(evt, doc, elt) {\n    switch (elt.tagNa...")
  ->  [CoreEvents.js:292] fireEvent("NEW_ELEMENT",[object Array])
  ->  [CoreEvents.js:238] fire("NEW_ELEMENT",[object XPCWrappedNative_NoHelper],[object HTMLDocument],[object HTMLMetaElement])
  ->  [aptEventHandler.js:157] observe([object XPCWrappedNative_NoHelper],"jaxerEvent.NewHTMLElement",null)
paths:
  -> file:///E:/Aptana%20Jaxer%20Apache/Jaxer/Apache2-4Build/jaxer/framework/src/ModuleLogger.js
  -> file:///E:/Aptana%20Jaxer%20Apache/Jaxer/Apache2-4Build/jaxer/framework/src/CoreEvents.js
  -> file:///E:/Aptana%20Jaxer%20Apache/Jaxer/Apache2-4Build/jaxer/components/aptEventHandler.js

01:13:03 12/24/2025 [ 32928] [TRACE] [JS Framework] [CoreEvents.fire] At this time, evt.Request.isHandler=false and eventType: NEW_ELEMENT - SCRIPT
stack:
  ->  [ModuleLogger.js:98] trace("At this time, evt.Request.isHandler=false and eventType: NEW_ELEMENT - SCRIPT")
  ->  [CoreEvents.js:205] fire("NEW_ELEMENT",[object XPCWrappedNative_NoHelper],[object HTMLDocument],[object HTMLScriptElement])
  ->  [aptEventHandler.js:157] observe([object XPCWrappedNative_NoHelper],"jaxerEvent.NewHTMLElement",null)
paths:
  -> file:///E:/Aptana%20Jaxer%20Apache/Jaxer/Apache2-4Build/jaxer/framework/src/ModuleLogger.js
  -> file:///E:/Aptana%20Jaxer%20Apache/Jaxer/Apache2-4Build/jaxer/framework/src/CoreEvents.js
  -> file:///E:/Aptana%20Jaxer%20Apache/Jaxer/Apache2-4Build/jaxer/components/aptEventHandler.js

01:13:03 12/24/2025 [ 32928] [TRACE] [JS Framework] [CoreEvents.fireEvent] Firing an event for NEW_ELEMENT
stack:
  ->  [ModuleLogger.js:98] trace("Firing an event for NEW_ELEMENT")
  ->  [CoreEvents.js:282] fireEvent("NEW_ELEMENT",[object Array])
  ->  [CoreEvents.js:238] fire("NEW_ELEMENT",[object XPCWrappedNative_NoHelper],[object HTMLDocument],[object HTMLScriptElement])
  ->  [aptEventHandler.js:157] observe([object XPCWrappedNative_NoHelper],"jaxerEvent.NewHTMLElement",null)
paths:
  -> file:///E:/Aptana%20Jaxer%20Apache/Jaxer/Apache2-4Build/jaxer/framework/src/ModuleLogger.js
  -> file:///E:/Aptana%20Jaxer%20Apache/Jaxer/Apache2-4Build/jaxer/framework/src/CoreEvents.js
  -> file:///E:/Aptana%20Jaxer%20Apache/Jaxer/Apache2-4Build/jaxer/components/aptEventHandler.js

01:13:03 12/24/2025 [ 32928] [TRACE] [JS Framework] [CoreEvents.fireEvent] Calling event handler: function onNewElement(evt, doc, elt) {
    switch (elt.tagNa...
stack:
  ->  [ModuleLogger.js:98] trace("Calling event handler: function onNewElement(evt, doc, elt) {\n    switch (elt.tagNa...")
  ->  [CoreEvents.js:292] fireEvent("NEW_ELEMENT",[object Array])
  ->  [CoreEvents.js:238] fire("NEW_ELEMENT",[object XPCWrappedNative_NoHelper],[object HTMLDocument],[object HTMLScriptElement])
  ->  [aptEventHandler.js:157] observe([object XPCWrappedNative_NoHelper],"jaxerEvent.NewHTMLElement",null)
paths:
  -> file:///E:/Aptana%20Jaxer%20Apache/Jaxer/Apache2-4Build/jaxer/framework/src/ModuleLogger.js
  -> file:///E:/Aptana%20Jaxer%20Apache/Jaxer/Apache2-4Build/jaxer/framework/src/CoreEvents.js
  -> file:///E:/Aptana%20Jaxer%20Apache/Jaxer/Apache2-4Build/jaxer/components/aptEventHandler.js

01:13:03 12/24/2025 [ 32928] [TRACE] [JS Framework] [NewElement.onNewElement] Received element: SCRIPT with src='jaxer-include/setup.js' and runat='server'
stack:
  ->  [ModuleLogger.js:98] trace("Received element: SCRIPT with src='jaxer-include/setup.js' and runat='server'")
  ->  [NewElement.js:88] onNewElement([object XPCWrappedNative_NoHelper],[object HTMLDocument],[object HTMLScriptElement])
  ->  [CoreEvents.js:293] fireEvent("NEW_ELEMENT",[object Array])
  ->  [CoreEvents.js:238] fire("NEW_ELEMENT",[object XPCWrappedNative_NoHelper],[object HTMLDocument],[object HTMLScriptElement])
  ->  [aptEventHandler.js:157] observe([object XPCWrappedNative_NoHelper],"jaxerEvent.NewHTMLElement",null)
paths:
  -> file:///E:/Aptana%20Jaxer%20Apache/Jaxer/Apache2-4Build/jaxer/framework/src/ModuleLogger.js
  -> file:///E:/Aptana%20Jaxer%20Apache/Jaxer/Apache2-4Build/jaxer/framework/src/NewElement.js
  -> file:///E:/Aptana%20Jaxer%20Apache/Jaxer/Apache2-4Build/jaxer/framework/src/CoreEvents.js
  -> file:///E:/Aptana%20Jaxer%20Apache/Jaxer/Apache2-4Build/jaxer/components/aptEventHandler.js

01:13:03 12/24/2025 [ 32928] [TRACE] [JS Framework] [NewElement.load] Loading src'ed script with [src, global, useCache, forceRefreshCache] = jaxer-include/setup.js,[object ChromeWindow],server,false,false,false
stack:
  ->  [ModuleLogger.js:98] trace("Loading src'ed script with [src, global, useCache, forceRefreshCache] = jaxer-include/setup.js,[object ChromeWindow],server,false,false,false")
  ->  [NewElement.js:66] load("tempLoad_0.94881054258634521766502783865")
  ->  [index.html:10] <no name>
paths:
  -> file:///E:/Aptana%20Jaxer%20Apache/Jaxer/Apache2-4Build/jaxer/framework/src/ModuleLogger.js
  -> file:///E:/Aptana%20Jaxer%20Apache/Jaxer/Apache2-4Build/jaxer/framework/src/NewElement.js
  -> http://localhost:8081/aptana/diagnostics/index.html

01:13:03 12/24/2025 [ 32928] [TRACE] [JS Framework] [Includer.load] Retrieved 2595 characters from 'file:///E:/Aptana%20Jaxer%20Apache/Jaxer/Apache2-4Build/jaxer/aptana/diagnostics/jaxer-include/setup.js'
stack:
  ->  [ModuleLogger.js:98] trace("Retrieved 2595 characters from 'file:///E:/Aptana%20Jaxer%20Apache/Jaxer/Apache2-4Build/jaxer/aptana/diagnostics/jaxer-include/setup.js'")
  ->  [Includer.js:290] load("file:///E:/Aptana%20Jaxer%20Apache/Jaxer/Apache2-4Build/jaxer/aptana/diagnostics/jaxer-include/setup.js",[object ChromeWindow],"server",false,false,false)
  ->  [NewElement.js:67] load("tempLoad_0.94881054258634521766502783865")
  ->  [index.html:10] <no name>
paths:
  -> file:///E:/Aptana%20Jaxer%20Apache/Jaxer/Apache2-4Build/jaxer/framework/src/ModuleLogger.js
  -> file:///E:/Aptana%20Jaxer%20Apache/Jaxer/Apache2-4Build/jaxer/framework/src/Includer.js
  -> file:///E:/Aptana%20Jaxer%20Apache/Jaxer/Apache2-4Build/jaxer/framework/src/NewElement.js
  -> http://localhost:8081/aptana/diagnostics/index.html

01:13:03 12/24/2025 [ 32928] [TRACE] [JS Framework] [Includer.load] Evaluating 'file:///E:/Aptana%20Jaxer%20Apache/Jaxer/Apache2-4Build/jaxer/aptana/diagnostics/jaxer-include/setup.js'
stack:
  ->  [ModuleLogger.js:98] trace("Evaluating 'file:///E:/Aptana%20Jaxer%20Apache/Jaxer/Apache2-4Build/jaxer/aptana/diagnostics/jaxer-include/setup.js'")
  ->  [Includer.js:328] load("file:///E:/Aptana%20Jaxer%20Apache/Jaxer/Apache2-4Build/jaxer/aptana/diagnostics/jaxer-include/setup.js",[object ChromeWindow],"server",false,false,false)
  ->  [NewElement.js:67] load("tempLoad_0.94881054258634521766502783865")
  ->  [index.html:10] <no name>
paths:
  -> file:///E:/Aptana%20Jaxer%20Apache/Jaxer/Apache2-4Build/jaxer/framework/src/ModuleLogger.js
  -> file:///E:/Aptana%20Jaxer%20Apache/Jaxer/Apache2-4Build/jaxer/framework/src/Includer.js
  -> file:///E:/Aptana%20Jaxer%20Apache/Jaxer/Apache2-4Build/jaxer/framework/src/NewElement.js
  -> http://localhost:8081/aptana/diagnostics/index.html

01:13:03 12/24/2025 [ 32928] [TRACE] [JS Framework] [Includer.evalOn] Evaluating using Jaxer.request.evaluateScript: contents = function g... with global = [object ChromeWindow] and effectiveUrl = file:///E:/Aptana%20Jaxer%20Apache/Jaxer/Apache2-4Build/jaxer/aptana/diagnostics/jaxer-include/setup.js
stack:
  ->  [ModuleLogger.js:98] trace("Evaluating using Jaxer.request.evaluateScript: contents = function g... with global = [object ChromeWindow] and effectiveUrl = file:///E:/Aptana%20Jaxer%20Apache/Jaxer/Apache2-4Build/jaxer/aptana/diagnostics/jaxer-include/setup.js")
  ->  [Includer.js:131] evalOn("function getBuildNumber()\r\n{\r\n    return Jaxer.buildNumber;\r\n}\r\ngetBuildNumber.proxy = true;\r\n\r\nfunction resolvePath(path, referencePath)\r\n{\r\n\treturn Jaxer.Dir.resolve(path, referencePath);\r\n}\r\nresolvePath.proxy=true;\r\n\r\nfunction getFileContents(aPath)\r\n{\r\n    return Jaxer.File.readLines(aPath, \"<BR>\") || \"\";\r\n}\r\ngetFileContents.proxy = true;\r\n\r\nfunction doesFileExist(aPath)\r\n{\r\n    return Jaxer.File.exists(aPath);\r\n}\r\ndoesFileExist.proxy = true;\r\n\r\nfunction getConfigFileName()\r\n{\r\n\treturn resolvePath(Jaxer.Config.CONFIG_PATH);\r\n}\r\ngetConfigFileName.proxy = true;\r\n\r\nfunction getLocalConfigFileName()\r\n{\r\n\treturn resolvePath(Jaxer.Dir.combine(Jaxer.Config.LOCAL_CONF_DIR, \"config.js\"), Jaxer.System.executableFolder);\r\n}\r\ngetLocalConfigFileName.proxy = true;\r\n\r\nfunction testDatabase()\r\n{\r\n    var resultSet = Jaxer.DB.frameworkExecute(\"SELECT * FROM callback_page\");\r\n    var numCallbacks = resultSet.rows.length;\r\n    return \"Success!\";\r\n}\r\ntestDatabase.proxy = true;\r\n\r\nfunction findAndShowSuccess(id, message)\r\n{\r\n    var elt = document.getElementById(id);\r\n    if (elt) \r\n    {\r\n        elt.innerHTML = message || \"SUCCESS\";\r\n        elt.className = \"emphatic\";\r\n    }\r\n}\r\nfindAndShowSuccess.runat = \"both\";\r\n\r\nfunction isOnServer()\r\n{\r\n    return (typeof window.Jaxer != \"undefined\" &&\r\n    \tJaxer != null &&\r\n    \ttypeof Jaxer.isOnServer != null &&\r\n    \tJaxer.isOnServer);\r\n}\r\nisOnServer.runat = \"both\";\r\n\r\nfunction showServerSide(id)\r\n{\r\n    var success = isOnServer();\r\n    if (success) \r\n    {\r\n        findAndShowSuccess(id);\r\n    }\r\n}\r\n\r\nfunction testCallback()\r\n{\r\n    return isOnServer();\r\n}\r\ntestCallback.proxy = true;\r\n\r\nfunction showTestCallback(id)\r\n{\r\n    try \r\n    {\r\n        var success = testCallback();\r\n        if (success) \r\n        {\r\n            //findAndShowSuccess(id);\r\n            return \"Server callback succeeded\";\r\n        }\r\n        else \r\n        {\r\n            throw \"Ran on the client, not on the server!\";\r\n        }\r\n    } \r\n    catch (e) \r\n    {\r\n        alert(\"Error: \" + e);\r\n    }\r\n}\r\nshowTestCallback.runat = \"client\";\r\n\r\nfunction testDatabase()\r\n{\r\n    var resultSet = Jaxer.DB.frameworkExecute(\"SELECT * FROM callback_page\");\r\n    var numCallbacks = resultSet.rows.length;\r\n    return \"There are currently \" + numCallbacks + \" function blocks saved to the database\";\r\n}\r\ntestDatabase.proxy = true;\r\n\r\nfunction showTestDatabase(id)\r\n{\r\n    try \r\n    {\r\n        var result = testDatabase();\r\n        findAndShowSuccess(id, result);\r\n    } \r\n    catch (e) \r\n    {\r\n        alert(\"Error: \" + e);\r\n    }\r\n}\r\nshowTestDatabase.runat = \"client\";\r\n\r\n",[object ChromeWindow],"file:///E:/Aptana%20Jaxer%20Apache/Jaxer/Apache2-4Build/jaxer/aptana/diagnostics/jaxer-include/setup.js")
  ->  [Includer.js:329] load("file:///E:/Aptana%20Jaxer%20Apache/Jaxer/Apache2-4Build/jaxer/aptana/diagnostics/jaxer-include/setup.js",[object ChromeWindow],"server",false,false,false)
  ->  [NewElement.js:67] load("tempLoad_0.94881054258634521766502783865")
  ->  [index.html:10] <no name>
paths:
  -> file:///E:/Aptana%20Jaxer%20Apache/Jaxer/Apache2-4Build/jaxer/framework/src/ModuleLogger.js
  -> file:///E:/Aptana%20Jaxer%20Apache/Jaxer/Apache2-4Build/jaxer/framework/src/Includer.js
  -> file:///E:/Aptana%20Jaxer%20Apache/Jaxer/Apache2-4Build/jaxer/framework/src/NewElement.js
  -> http://localhost:8081/aptana/diagnostics/index.html

01:13:03 12/24/2025 [ 32928] [TRACE] [JS Framework] [Includer.load] Jaxer.pageWindow.Jaxer.__newFunctions contains 14 items
stack:
  ->  [ModuleLogger.js:98] trace("Jaxer.pageWindow.Jaxer.__newFunctions contains 14 items")
  ->  [Includer.js:334] load("file:///E:/Aptana%20Jaxer%20Apache/Jaxer/Apache2-4Build/jaxer/aptana/diagnostics/jaxer-include/setup.js",[object ChromeWindow],"server",false,false,false)
  ->  [NewElement.js:67] load("tempLoad_0.94881054258634521766502783865")
  ->  [index.html:10] <no name>
paths:
  -> file:///E:/Aptana%20Jaxer%20Apache/Jaxer/Apache2-4Build/jaxer/framework/src/ModuleLogger.js
  -> file:///E:/Aptana%20Jaxer%20Apache/Jaxer/Apache2-4Build/jaxer/framework/src/Includer.js
  -> file:///E:/Aptana%20Jaxer%20Apache/Jaxer/Apache2-4Build/jaxer/framework/src/NewElement.js
  -> http://localhost:8081/aptana/diagnostics/index.html

01:13:03 12/24/2025 [ 32928] [TRACE] [JS Framework] [Includer.setRunat] Set runat='server' on function named 'getBuildNumber'
stack:
  ->  [ModuleLogger.js:98] trace("Set runat='server' on function named 'getBuildNumber'")
  ->  [Includer.js:345] setRunat("getBuildNumber",0,[object Array])
  ->  [Includer.js:336] load("file:///E:/Aptana%20Jaxer%20Apache/Jaxer/Apache2-4Build/jaxer/aptana/diagnostics/jaxer-include/setup.js",[object ChromeWindow],"server",false,false,false)
  ->  [NewElement.js:67] load("tempLoad_0.94881054258634521766502783865")
  ->  [index.html:10] <no name>
paths:
  -> file:///E:/Aptana%20Jaxer%20Apache/Jaxer/Apache2-4Build/jaxer/framework/src/ModuleLogger.js
  -> file:///E:/Aptana%20Jaxer%20Apache/Jaxer/Apache2-4Build/jaxer/framework/src/Includer.js
  -> file:///E:/Aptana%20Jaxer%20Apache/Jaxer/Apache2-4Build/jaxer/framework/src/NewElement.js
  -> http://localhost:8081/aptana/diagnostics/index.html

01:13:03 12/24/2025 [ 32928] [TRACE] [JS Framework] [Includer.setRunat] Set runat='server' on function named 'resolvePath'
stack:
  ->  [ModuleLogger.js:98] trace("Set runat='server' on function named 'resolvePath'")
  ->  [Includer.js:345] setRunat("resolvePath",1,[object Array])
  ->  [Includer.js:336] load("file:///E:/Aptana%20Jaxer%20Apache/Jaxer/Apache2-4Build/jaxer/aptana/diagnostics/jaxer-include/setup.js",[object ChromeWindow],"server",false,false,false)
  ->  [NewElement.js:67] load("tempLoad_0.94881054258634521766502783865")
  ->  [index.html:10] <no name>
paths:
  -> file:///E:/Aptana%20Jaxer%20Apache/Jaxer/Apache2-4Build/jaxer/framework/src/ModuleLogger.js
  -> file:///E:/Aptana%20Jaxer%20Apache/Jaxer/Apache2-4Build/jaxer/framework/src/Includer.js
  -> file:///E:/Aptana%20Jaxer%20Apache/Jaxer/Apache2-4Build/jaxer/framework/src/NewElement.js
  -> http://localhost:8081/aptana/diagnostics/index.html

01:13:03 12/24/2025 [ 32928] [TRACE] [JS Framework] [Includer.setRunat] Set runat='server' on function named 'getFileContents'
stack:
  ->  [ModuleLogger.js:98] trace("Set runat='server' on function named 'getFileContents'")
  ->  [Includer.js:345] setRunat("getFileContents",2,[object Array])
  ->  [Includer.js:336] load("file:///E:/Aptana%20Jaxer%20Apache/Jaxer/Apache2-4Build/jaxer/aptana/diagnostics/jaxer-include/setup.js",[object ChromeWindow],"server",false,false,false)
  ->  [NewElement.js:67] load("tempLoad_0.94881054258634521766502783865")
  ->  [index.html:10] <no name>
paths:
  -> file:///E:/Aptana%20Jaxer%20Apache/Jaxer/Apache2-4Build/jaxer/framework/src/ModuleLogger.js
  -> file:///E:/Aptana%20Jaxer%20Apache/Jaxer/Apache2-4Build/jaxer/framework/src/Includer.js
  -> file:///E:/Aptana%20Jaxer%20Apache/Jaxer/Apache2-4Build/jaxer/framework/src/NewElement.js
  -> http://localhost:8081/aptana/diagnostics/index.html

01:13:03 12/24/2025 [ 32928] [TRACE] [JS Framework] [Includer.setRunat] Set runat='server' on function named 'doesFileExist'
stack:
  ->  [ModuleLogger.js:98] trace("Set runat='server' on function named 'doesFileExist'")
  ->  [Includer.js:345] setRunat("doesFileExist",3,[object Array])
  ->  [Includer.js:336] load("file:///E:/Aptana%20Jaxer%20Apache/Jaxer/Apache2-4Build/jaxer/aptana/diagnostics/jaxer-include/setup.js",[object ChromeWindow],"server",false,false,false)
  ->  [NewElement.js:67] load("tempLoad_0.94881054258634521766502783865")
  ->  [index.html:10] <no name>
paths:
  -> file:///E:/Aptana%20Jaxer%20Apache/Jaxer/Apache2-4Build/jaxer/framework/src/ModuleLogger.js
  -> file:///E:/Aptana%20Jaxer%20Apache/Jaxer/Apache2-4Build/jaxer/framework/src/Includer.js
  -> file:///E:/Aptana%20Jaxer%20Apache/Jaxer/Apache2-4Build/jaxer/framework/src/NewElement.js
  -> http://localhost:8081/aptana/diagnostics/index.html

01:13:03 12/24/2025 [ 32928] [TRACE] [JS Framework] [Includer.setRunat] Set runat='server' on function named 'getConfigFileName'
stack:
  ->  [ModuleLogger.js:98] trace("Set runat='server' on function named 'getConfigFileName'")
  ->  [Includer.js:345] setRunat("getConfigFileName",4,[object Array])
  ->  [Includer.js:336] load("file:///E:/Aptana%20Jaxer%20Apache/Jaxer/Apache2-4Build/jaxer/aptana/diagnostics/jaxer-include/setup.js",[object ChromeWindow],"server",false,false,false)
  ->  [NewElement.js:67] load("tempLoad_0.94881054258634521766502783865")
  ->  [index.html:10] <no name>
paths:
  -> file:///E:/Aptana%20Jaxer%20Apache/Jaxer/Apache2-4Build/jaxer/framework/src/ModuleLogger.js
  -> file:///E:/Aptana%20Jaxer%20Apache/Jaxer/Apache2-4Build/jaxer/framework/src/Includer.js
  -> file:///E:/Aptana%20Jaxer%20Apache/Jaxer/Apache2-4Build/jaxer/framework/src/NewElement.js
  -> http://localhost:8081/aptana/diagnostics/index.html

01:13:03 12/24/2025 [ 32928] [TRACE] [JS Framework] [Includer.setRunat] Set runat='server' on function named 'getLocalConfigFileName'
stack:
  ->  [ModuleLogger.js:98] trace("Set runat='server' on function named 'getLocalConfigFileName'")
  ->  [Includer.js:345] setRunat("getLocalConfigFileName",5,[object Array])
  ->  [Includer.js:336] load("file:///E:/Aptana%20Jaxer%20Apache/Jaxer/Apache2-4Build/jaxer/aptana/diagnostics/jaxer-include/setup.js",[object ChromeWindow],"server",false,false,false)
  ->  [NewElement.js:67] load("tempLoad_0.94881054258634521766502783865")
  ->  [index.html:10] <no name>
paths:
  -> file:///E:/Aptana%20Jaxer%20Apache/Jaxer/Apache2-4Build/jaxer/framework/src/ModuleLogger.js
  -> file:///E:/Aptana%20Jaxer%20Apache/Jaxer/Apache2-4Build/jaxer/framework/src/Includer.js
  -> file:///E:/Aptana%20Jaxer%20Apache/Jaxer/Apache2-4Build/jaxer/framework/src/NewElement.js
  -> http://localhost:8081/aptana/diagnostics/index.html

01:13:03 12/24/2025 [ 32928] [TRACE] [JS Framework] [Includer.setRunat] Set runat='server' on function named 'testDatabase'
stack:
  ->  [ModuleLogger.js:98] trace("Set runat='server' on function named 'testDatabase'")
  ->  [Includer.js:345] setRunat("testDatabase",6,[object Array])
  ->  [Includer.js:336] load("file:///E:/Aptana%20Jaxer%20Apache/Jaxer/Apache2-4Build/jaxer/aptana/diagnostics/jaxer-include/setup.js",[object ChromeWindow],"server",false,false,false)
  ->  [NewElement.js:67] load("tempLoad_0.94881054258634521766502783865")
  ->  [index.html:10] <no name>
paths:
  -> file:///E:/Aptana%20Jaxer%20Apache/Jaxer/Apache2-4Build/jaxer/framework/src/ModuleLogger.js
  -> file:///E:/Aptana%20Jaxer%20Apache/Jaxer/Apache2-4Build/jaxer/framework/src/Includer.js
  -> file:///E:/Aptana%20Jaxer%20Apache/Jaxer/Apache2-4Build/jaxer/framework/src/NewElement.js
  -> http://localhost:8081/aptana/diagnostics/index.html

01:13:03 12/24/2025 [ 32928] [TRACE] [JS Framework] [Includer.setRunat] Set runat='server' on function named 'showServerSide'
stack:
  ->  [ModuleLogger.js:98] trace("Set runat='server' on function named 'showServerSide'")
  ->  [Includer.js:345] setRunat("showServerSide",9,[object Array])
  ->  [Includer.js:336] load("file:///E:/Aptana%20Jaxer%20Apache/Jaxer/Apache2-4Build/jaxer/aptana/diagnostics/jaxer-include/setup.js",[object ChromeWindow],"server",false,false,false)
  ->  [NewElement.js:67] load("tempLoad_0.94881054258634521766502783865")
  ->  [index.html:10] <no name>
paths:
  -> file:///E:/Aptana%20Jaxer%20Apache/Jaxer/Apache2-4Build/jaxer/framework/src/ModuleLogger.js
  -> file:///E:/Aptana%20Jaxer%20Apache/Jaxer/Apache2-4Build/jaxer/framework/src/Includer.js
  -> file:///E:/Aptana%20Jaxer%20Apache/Jaxer/Apache2-4Build/jaxer/framework/src/NewElement.js
  -> http://localhost:8081/aptana/diagnostics/index.html

01:13:03 12/24/2025 [ 32928] [TRACE] [JS Framework] [Includer.setRunat] Set runat='server' on function named 'testCallback'
stack:
  ->  [ModuleLogger.js:98] trace("Set runat='server' on function named 'testCallback'")
  ->  [Includer.js:345] setRunat("testCallback",10,[object Array])
  ->  [Includer.js:336] load("file:///E:/Aptana%20Jaxer%20Apache/Jaxer/Apache2-4Build/jaxer/aptana/diagnostics/jaxer-include/setup.js",[object ChromeWindow],"server",false,false,false)
  ->  [NewElement.js:67] load("tempLoad_0.94881054258634521766502783865")
  ->  [index.html:10] <no name>
paths:
  -> file:///E:/Aptana%20Jaxer%20Apache/Jaxer/Apache2-4Build/jaxer/framework/src/ModuleLogger.js
  -> file:///E:/Aptana%20Jaxer%20Apache/Jaxer/Apache2-4Build/jaxer/framework/src/Includer.js
  -> file:///E:/Aptana%20Jaxer%20Apache/Jaxer/Apache2-4Build/jaxer/framework/src/NewElement.js
  -> http://localhost:8081/aptana/diagnostics/index.html

01:13:03 12/24/2025 [ 32928] [DEBUG] [JS Framework] [Includer.load] Included: file:///E:/Aptana%20Jaxer%20Apache/Jaxer/Apache2-4Build/jaxer/aptana/diagnostics/jaxer-include/setup.js
stack:
  ->  [ModuleLogger.js:98] debug("Included: file:///E:/Aptana%20Jaxer%20Apache/Jaxer/Apache2-4Build/jaxer/aptana/diagnostics/jaxer-include/setup.js")
  ->  [Includer.js:351] load("file:///E:/Aptana%20Jaxer%20Apache/Jaxer/Apache2-4Build/jaxer/aptana/diagnostics/jaxer-include/setup.js",[object ChromeWindow],"server",false,false,false)
  ->  [NewElement.js:67] load("tempLoad_0.94881054258634521766502783865")
  ->  [index.html:10] <no name>
paths:
  -> file:///E:/Aptana%20Jaxer%20Apache/Jaxer/Apache2-4Build/jaxer/framework/src/ModuleLogger.js
  -> file:///E:/Aptana%20Jaxer%20Apache/Jaxer/Apache2-4Build/jaxer/framework/src/Includer.js
  -> file:///E:/Aptana%20Jaxer%20Apache/Jaxer/Apache2-4Build/jaxer/framework/src/NewElement.js
  -> http://localhost:8081/aptana/diagnostics/index.html

01:13:03 12/24/2025 [ 32928] [TRACE] [JS Framework] [CoreEvents.fire] At this time, evt.Request.isHandler=false and eventType: NEW_ELEMENT - JAXER:INCLUDE
stack:
  ->  [ModuleLogger.js:98] trace("At this time, evt.Request.isHandler=false and eventType: NEW_ELEMENT - JAXER:INCLUDE")
  ->  [CoreEvents.js:205] fire("NEW_ELEMENT",[object XPCWrappedNative_NoHelper],[object HTMLDocument],[object HTMLUnknownElement])
  ->  [aptEventHandler.js:157] observe([object XPCWrappedNative_NoHelper],"jaxerEvent.NewHTMLElement",null)
paths:
  -> file:///E:/Aptana%20Jaxer%20Apache/Jaxer/Apache2-4Build/jaxer/framework/src/ModuleLogger.js
  -> file:///E:/Aptana%20Jaxer%20Apache/Jaxer/Apache2-4Build/jaxer/framework/src/CoreEvents.js
  -> file:///E:/Aptana%20Jaxer%20Apache/Jaxer/Apache2-4Build/jaxer/components/aptEventHandler.js

01:13:03 12/24/2025 [ 32928] [TRACE] [JS Framework] [CoreEvents.fireEvent] Firing an event for NEW_ELEMENT
stack:
  ->  [ModuleLogger.js:98] trace("Firing an event for NEW_ELEMENT")
  ->  [CoreEvents.js:282] fireEvent("NEW_ELEMENT",[object Array])
  ->  [CoreEvents.js:238] fire("NEW_ELEMENT",[object XPCWrappedNative_NoHelper],[object HTMLDocument],[object HTMLUnknownElement])
  ->  [aptEventHandler.js:157] observe([object XPCWrappedNative_NoHelper],"jaxerEvent.NewHTMLElement",null)
paths:
  -> file:///E:/Aptana%20Jaxer%20Apache/Jaxer/Apache2-4Build/jaxer/framework/src/ModuleLogger.js
  -> file:///E:/Aptana%20Jaxer%20Apache/Jaxer/Apache2-4Build/jaxer/framework/src/CoreEvents.js
  -> file:///E:/Aptana%20Jaxer%20Apache/Jaxer/Apache2-4Build/jaxer/components/aptEventHandler.js

01:13:03 12/24/2025 [ 32928] [TRACE] [JS Framework] [CoreEvents.fireEvent] Calling event handler: function onNewElement(evt, doc, elt) {
    switch (elt.tagNa...
stack:
  ->  [ModuleLogger.js:98] trace("Calling event handler: function onNewElement(evt, doc, elt) {\n    switch (elt.tagNa...")
  ->  [CoreEvents.js:292] fireEvent("NEW_ELEMENT",[object Array])
  ->  [CoreEvents.js:238] fire("NEW_ELEMENT",[object XPCWrappedNative_NoHelper],[object HTMLDocument],[object HTMLUnknownElement])
  ->  [aptEventHandler.js:157] observe([object XPCWrappedNative_NoHelper],"jaxerEvent.NewHTMLElement",null)
paths:
  -> file:///E:/Aptana%20Jaxer%20Apache/Jaxer/Apache2-4Build/jaxer/framework/src/ModuleLogger.js
  -> file:///E:/Aptana%20Jaxer%20Apache/Jaxer/Apache2-4Build/jaxer/framework/src/CoreEvents.js
  -> file:///E:/Aptana%20Jaxer%20Apache/Jaxer/Apache2-4Build/jaxer/components/aptEventHandler.js

01:13:03 12/24/2025 [ 32928] [TRACE] [JS Framework] [NewElement.onNewElement] Received element: JAXER:INCLUDE with src='jaxer-include/jversions.html' and no path
stack:
  ->  [ModuleLogger.js:98] trace("Received element: JAXER:INCLUDE with src='jaxer-include/jversions.html' and no path")
  ->  [NewElement.js:139] onNewElement([object XPCWrappedNative_NoHelper],[object HTMLDocument],[object HTMLUnknownElement])
  ->  [CoreEvents.js:293] fireEvent("NEW_ELEMENT",[object Array])
  ->  [CoreEvents.js:238] fire("NEW_ELEMENT",[object XPCWrappedNative_NoHelper],[object HTMLDocument],[object HTMLUnknownElement])
  ->  [aptEventHandler.js:157] observe([object XPCWrappedNative_NoHelper],"jaxerEvent.NewHTMLElement",null)
paths:
  -> file:///E:/Aptana%20Jaxer%20Apache/Jaxer/Apache2-4Build/jaxer/framework/src/ModuleLogger.js
  -> file:///E:/Aptana%20Jaxer%20Apache/Jaxer/Apache2-4Build/jaxer/framework/src/NewElement.js
  -> file:///E:/Aptana%20Jaxer%20Apache/Jaxer/Apache2-4Build/jaxer/framework/src/CoreEvents.js
  -> file:///E:/Aptana%20Jaxer%20Apache/Jaxer/Apache2-4Build/jaxer/components/aptEventHandler.js

01:13:03 12/24/2025 [ 32928] [TRACE] [JS Framework] [Includer.includeElement] Entering with element to include having src = jaxer-include/jversions.html and path = null
stack:
  ->  [ModuleLogger.js:98] trace("Entering with element to include having src = jaxer-include/jversions.html and path = null")
  ->  [Includer.js:57] includeElement([object HTMLDocument],[object HTMLUnknownElement])
  ->  [NewElement.js:142] onNewElement([object XPCWrappedNative_NoHelper],[object HTMLDocument],[object HTMLUnknownElement])
  ->  [CoreEvents.js:293] fireEvent("NEW_ELEMENT",[object Array])
  ->  [CoreEvents.js:238] fire("NEW_ELEMENT",[object XPCWrappedNative_NoHelper],[object HTMLDocument],[object HTMLUnknownElement])
  ->  [aptEventHandler.js:157] observe([object XPCWrappedNative_NoHelper],"jaxerEvent.NewHTMLElement",null)
paths:
  -> file:///E:/Aptana%20Jaxer%20Apache/Jaxer/Apache2-4Build/jaxer/framework/src/ModuleLogger.js
  -> file:///E:/Aptana%20Jaxer%20Apache/Jaxer/Apache2-4Build/jaxer/framework/src/Includer.js
  -> file:///E:/Aptana%20Jaxer%20Apache/Jaxer/Apache2-4Build/jaxer/framework/src/NewElement.js
  -> file:///E:/Aptana%20Jaxer%20Apache/Jaxer/Apache2-4Build/jaxer/framework/src/CoreEvents.js
  -> file:///E:/Aptana%20Jaxer%20Apache/Jaxer/Apache2-4Build/jaxer/components/aptEventHandler.js

01:13:03 12/24/2025 [ 32928] [TRACE] [JS Framework] [Web.get] Retrieving from file URL: file:///E:/Aptana%20Jaxer%20Apache/Jaxer/Apache2-4Build/jaxer/aptana/diagnostics/jaxer-include/jversions.html
stack:
  ->  [ModuleLogger.js:98] trace("Retrieving from file URL: file:///E:/Aptana%20Jaxer%20Apache/Jaxer/Apache2-4Build/jaxer/aptana/diagnostics/jaxer-include/jversions.html")
  ->  [Web.js:227] get("file:///E:/Aptana%20Jaxer%20Apache/Jaxer/Apache2-4Build/jaxer/aptana/diagnostics/jaxer-include/jversions.html",[object Object])
  ->  [Includer.js:68] includeElement([object HTMLDocument],[object HTMLUnknownElement])
  ->  [NewElement.js:142] onNewElement([object XPCWrappedNative_NoHelper],[object HTMLDocument],[object HTMLUnknownElement])
  ->  [CoreEvents.js:293] fireEvent("NEW_ELEMENT",[object Array])
  ->  [CoreEvents.js:238] fire("NEW_ELEMENT",[object XPCWrappedNative_NoHelper],[object HTMLDocument],[object HTMLUnknownElement])
  ->  [aptEventHandler.js:157] observe([object XPCWrappedNative_NoHelper],"jaxerEvent.NewHTMLElement",null)
paths:
  -> file:///E:/Aptana%20Jaxer%20Apache/Jaxer/Apache2-4Build/jaxer/framework/src/ModuleLogger.js
  -> file:///E:/Aptana%20Jaxer%20Apache/Jaxer/Apache2-4Build/jaxer/framework/src/Web.js
  -> file:///E:/Aptana%20Jaxer%20Apache/Jaxer/Apache2-4Build/jaxer/framework/src/Includer.js
  -> file:///E:/Aptana%20Jaxer%20Apache/Jaxer/Apache2-4Build/jaxer/framework/src/NewElement.js
  -> file:///E:/Aptana%20Jaxer%20Apache/Jaxer/Apache2-4Build/jaxer/framework/src/CoreEvents.js
  -> file:///E:/Aptana%20Jaxer%20Apache/Jaxer/Apache2-4Build/jaxer/components/aptEventHandler.js

01:13:03 12/24/2025 [ 32928] [TRACE] [JS Framework] [Web.get] Resolved to path: E:\Aptana Jaxer Apache\Jaxer\Apache2-4Build\jaxer\aptana\diagnostics\jaxer-include\jversions.html
stack:
  ->  [ModuleLogger.js:98] trace("Resolved to path: E:\\Aptana Jaxer Apache\\Jaxer\\Apache2-4Build\\jaxer\\aptana\\diagnostics\\jaxer-include\\jversions.html")
  ->  [Web.js:229] get("file:///E:/Aptana%20Jaxer%20Apache/Jaxer/Apache2-4Build/jaxer/aptana/diagnostics/jaxer-include/jversions.html",[object Object])
  ->  [Includer.js:68] includeElement([object HTMLDocument],[object HTMLUnknownElement])
  ->  [NewElement.js:142] onNewElement([object XPCWrappedNative_NoHelper],[object HTMLDocument],[object HTMLUnknownElement])
  ->  [CoreEvents.js:293] fireEvent("NEW_ELEMENT",[object Array])
  ->  [CoreEvents.js:238] fire("NEW_ELEMENT",[object XPCWrappedNative_NoHelper],[object HTMLDocument],[object HTMLUnknownElement])
  ->  [aptEventHandler.js:157] observe([object XPCWrappedNative_NoHelper],"jaxerEvent.NewHTMLElement",null)
paths:
  -> file:///E:/Aptana%20Jaxer%20Apache/Jaxer/Apache2-4Build/jaxer/framework/src/ModuleLogger.js
  -> file:///E:/Aptana%20Jaxer%20Apache/Jaxer/Apache2-4Build/jaxer/framework/src/Web.js
  -> file:///E:/Aptana%20Jaxer%20Apache/Jaxer/Apache2-4Build/jaxer/framework/src/Includer.js
  -> file:///E:/Aptana%20Jaxer%20Apache/Jaxer/Apache2-4Build/jaxer/framework/src/NewElement.js
  -> file:///E:/Aptana%20Jaxer%20Apache/Jaxer/Apache2-4Build/jaxer/framework/src/CoreEvents.js
  -> file:///E:/Aptana%20Jaxer%20Apache/Jaxer/Apache2-4Build/jaxer/components/aptEventHandler.js

01:13:03 12/24/2025 [ 32928] [TRACE] [JS Framework] [Web.get] Read 1599 characters from file
stack:
  ->  [ModuleLogger.js:98] trace("Read 1599 characters from file")
  ->  [Web.js:231] get("file:///E:/Aptana%20Jaxer%20Apache/Jaxer/Apache2-4Build/jaxer/aptana/diagnostics/jaxer-include/jversions.html",[object Object])
  ->  [Includer.js:68] includeElement([object HTMLDocument],[object HTMLUnknownElement])
  ->  [NewElement.js:142] onNewElement([object XPCWrappedNative_NoHelper],[object HTMLDocument],[object HTMLUnknownElement])
  ->  [CoreEvents.js:293] fireEvent("NEW_ELEMENT",[object Array])
  ->  [CoreEvents.js:238] fire("NEW_ELEMENT",[object XPCWrappedNative_NoHelper],[object HTMLDocument],[object HTMLUnknownElement])
  ->  [aptEventHandler.js:157] observe([object XPCWrappedNative_NoHelper],"jaxerEvent.NewHTMLElement",null)
paths:
  -> file:///E:/Aptana%20Jaxer%20Apache/Jaxer/Apache2-4Build/jaxer/framework/src/ModuleLogger.js
  -> file:///E:/Aptana%20Jaxer%20Apache/Jaxer/Apache2-4Build/jaxer/framework/src/Web.js
  -> file:///E:/Aptana%20Jaxer%20Apache/Jaxer/Apache2-4Build/jaxer/framework/src/Includer.js
  -> file:///E:/Aptana%20Jaxer%20Apache/Jaxer/Apache2-4Build/jaxer/framework/src/NewElement.js
  -> file:///E:/Aptana%20Jaxer%20Apache/Jaxer/Apache2-4Build/jaxer/framework/src/CoreEvents.js
  -> file:///E:/Aptana%20Jaxer%20Apache/Jaxer/Apache2-4Build/jaxer/components/aptEventHandler.js

01:13:03 12/24/2025 [ 32928] [DEBUG] [JS Framework] [Includer.includeElement] Successfully included file at jaxer-include/jversions.html for this JAXER:INCLUDE element
stack:
  ->  [ModuleLogger.js:98] debug("Successfully included file at jaxer-include/jversions.html for this JAXER:INCLUDE element")
  ->  [Includer.js:84] includeElement([object HTMLDocument],[object HTMLUnknownElement])
  ->  [NewElement.js:142] onNewElement([object XPCWrappedNative_NoHelper],[object HTMLDocument],[object HTMLUnknownElement])
  ->  [CoreEvents.js:293] fireEvent("NEW_ELEMENT",[object Array])
  ->  [CoreEvents.js:238] fire("NEW_ELEMENT",[object XPCWrappedNative_NoHelper],[object HTMLDocument],[object HTMLUnknownElement])
  ->  [aptEventHandler.js:157] observe([object XPCWrappedNative_NoHelper],"jaxerEvent.NewHTMLElement",null)
paths:
  -> file:///E:/Aptana%20Jaxer%20Apache/Jaxer/Apache2-4Build/jaxer/framework/src/ModuleLogger.js
  -> file:///E:/Aptana%20Jaxer%20Apache/Jaxer/Apache2-4Build/jaxer/framework/src/Includer.js
  -> file:///E:/Aptana%20Jaxer%20Apache/Jaxer/Apache2-4Build/jaxer/framework/src/NewElement.js
  -> file:///E:/Aptana%20Jaxer%20Apache/Jaxer/Apache2-4Build/jaxer/framework/src/CoreEvents.js
  -> file:///E:/Aptana%20Jaxer%20Apache/Jaxer/Apache2-4Build/jaxer/components/aptEventHandler.js

01:13:03 12/24/2025 [ 32928] [ERROR] [JavaScript Error: "args is undefined" {file: "file:///E:/Aptana%20Jaxer%20Apache/Jaxer/Apache2-4Build/jaxer/components/aptEventHandler.js -> file:///E:/Aptana%20Jaxer%20Apache/Jaxer/Apache2-4Build/jaxer/framework/src/CoreEvents.js" line: 243}]
01:13:03 12/24/2025 [ 32928] [ERROR] [JavaScript Error: "args is undefined" {file: "file:///E:/Aptana%20Jaxer%20Apache/Jaxer/Apache2-4Build/jaxer/components/aptEventHandler.js -> file:///E:/Aptana%20Jaxer%20Apache/Jaxer/Apache2-4Build/jaxer/framework/src/CoreEvents.js" line: 243}]
01:13:03 12/24/2025 [ 32928] [ERROR] [JavaScript Error: "args is undefined" {file: "file:///E:/Aptana%20Jaxer%20Apache/Jaxer/Apache2-4Build/jaxer/components/aptEventHandler.js -> file:///E:/Aptana%20Jaxer%20Apache/Jaxer/Apache2-4Build/jaxer/framework/src/CoreEvents.js" line: 243}]
01:13:03 12/24/2025 [ 32928] [ERROR] [JavaScript Error: "args is undefined" {file: "file:///E:/Aptana%20Jaxer%20Apache/Jaxer/Apache2-4Build/jaxer/components/aptEventHandler.js -> file:///E:/Aptana%20Jaxer%20Apache/Jaxer/Apache2-4Build/jaxer/framework/src/CoreEvents.js" line: 243}]
01:13:03 12/24/2025 [ 32928] [ERROR] [JavaScript Error: "args is undefined" {file: "file:///E:/Aptana%20Jaxer%20Apache/Jaxer/Apache2-4Build/jaxer/components/aptEventHandler.js -> file:///E:/Aptana%20Jaxer%20Apache/Jaxer/Apache2-4Build/jaxer/framework/src/CoreEvents.js" line: 243}]
01:13:03 12/24/2025 [ 32928] [ERROR] [JavaScript Error: "args is undefined" {file: "file:///E:/Aptana%20Jaxer%20Apache/Jaxer/Apache2-4Build/jaxer/components/aptEventHandler.js -> file:///E:/Aptana%20Jaxer%20Apache/Jaxer/Apache2-4Build/jaxer/framework/src/CoreEvents.js" line: 243}]
01:13:03 12/24/2025 [ 32928] [ERROR] [JavaScript Error: "args is undefined" {file: "file:///E:/Aptana%20Jaxer%20Apache/Jaxer/Apache2-4Build/jaxer/components/aptEventHandler.js -> file:///E:/Aptana%20Jaxer%20Apache/Jaxer/Apache2-4Build/jaxer/framework/src/CoreEvents.js" line: 243}]
01:13:03 12/24/2025 [ 32928] [ERROR] [JavaScript Error: "args is undefined" {file: "file:///E:/Aptana%20Jaxer%20Apache/Jaxer/Apache2-4Build/jaxer/components/aptEventHandler.js -> file:///E:/Aptana%20Jaxer%20Apache/Jaxer/Apache2-4Build/jaxer/framework/src/CoreEvents.js" line: 243}]
01:13:03 12/24/2025 [ 32928] [ERROR] [JavaScript Error: "args is undefined" {file: "file:///E:/Aptana%20Jaxer%20Apache/Jaxer/Apache2-4Build/jaxer/components/aptEventHandler.js -> file:///E:/Aptana%20Jaxer%20Apache/Jaxer/Apache2-4Build/jaxer/framework/src/CoreEvents.js" line: 243}]
01:13:03 12/24/2025 [ 32928] [ERROR] [JavaScript Error: "args is undefined" {file: "file:///E:/Aptana%20Jaxer%20Apache/Jaxer/Apache2-4Build/jaxer/components/aptEventHandler.js -> file:///E:/Aptana%20Jaxer%20Apache/Jaxer/Apache2-4Build/jaxer/framework/src/CoreEvents.js" line: 243}]
01:13:03 12/24/2025 [ 32928] [ERROR] [JavaScript Error: "args is undefined" {file: "file:///E:/Aptana%20Jaxer%20Apache/Jaxer/Apache2-4Build/jaxer/components/aptEventHandler.js -> file:///E:/Aptana%20Jaxer%20Apache/Jaxer/Apache2-4Build/jaxer/framework/src/CoreEvents.js" line: 243}]
01:13:03 12/24/2025 [ 32928] [ERROR] [JavaScript Error: "args is undefined" {file: "file:///E:/Aptana%20Jaxer%20Apache/Jaxer/Apache2-4Build/jaxer/components/aptEventHandler.js -> file:///E:/Aptana%20Jaxer%20Apache/Jaxer/Apache2-4Build/jaxer/framework/src/CoreEvents.js" line: 243}]
01:13:03 12/24/2025 [ 32928] [TRACE] [JS Framework] [CoreEvents.fire] At this time, evt.Request.isHandler=false and eventType: PARSE_COMPLETE
stack:
  ->  [ModuleLogger.js:98] trace("At this time, evt.Request.isHandler=false and eventType: PARSE_COMPLETE")
  ->  [CoreEvents.js:205] fire("PARSE_COMPLETE",[object XPCWrappedNative_NoHelper],[object HTMLDocument])
  ->  [aptEventHandler.js:337] observe([object XPCWrappedNative_NoHelper],"jaxerEvent.HTMLParseComplete",null)
paths:
  -> file:///E:/Aptana%20Jaxer%20Apache/Jaxer/Apache2-4Build/jaxer/framework/src/ModuleLogger.js
  -> file:///E:/Aptana%20Jaxer%20Apache/Jaxer/Apache2-4Build/jaxer/framework/src/CoreEvents.js
  -> file:///E:/Aptana%20Jaxer%20Apache/Jaxer/Apache2-4Build/jaxer/components/aptEventHandler.js

01:13:03 12/24/2025 [ 32928] [TRACE] [JS Framework] [CoreEvents.fireEvent] Firing an event for HANDLE_PAGE
stack:
  ->  [ModuleLogger.js:98] trace("Firing an event for HANDLE_PAGE")
  ->  [CoreEvents.js:282] fireEvent("HANDLE_PAGE",[object Array])
  ->  [CoreEvents.js:234] fire("PARSE_COMPLETE",[object XPCWrappedNative_NoHelper],[object HTMLDocument])
  ->  [aptEventHandler.js:337] observe([object XPCWrappedNative_NoHelper],"jaxerEvent.HTMLParseComplete",null)
paths:
  -> file:///E:/Aptana%20Jaxer%20Apache/Jaxer/Apache2-4Build/jaxer/framework/src/ModuleLogger.js
  -> file:///E:/Aptana%20Jaxer%20Apache/Jaxer/Apache2-4Build/jaxer/framework/src/CoreEvents.js
  -> file:///E:/Aptana%20Jaxer%20Apache/Jaxer/Apache2-4Build/jaxer/components/aptEventHandler.js

01:13:03 12/24/2025 [ 32928] [TRACE] [JS Framework] [CoreEvents.fireEvent] Calling event handler: function onHandlePage(evt, doc) {
    if (checkErrors(doc)) ...
stack:
  ->  [ModuleLogger.js:98] trace("Calling event handler: function onHandlePage(evt, doc) {\n    if (checkErrors(doc)) ...")
  ->  [CoreEvents.js:292] fireEvent("HANDLE_PAGE",[object Array])
  ->  [CoreEvents.js:234] fire("PARSE_COMPLETE",[object XPCWrappedNative_NoHelper],[object HTMLDocument])
  ->  [aptEventHandler.js:337] observe([object XPCWrappedNative_NoHelper],"jaxerEvent.HTMLParseComplete",null)
paths:
  -> file:///E:/Aptana%20Jaxer%20Apache/Jaxer/Apache2-4Build/jaxer/framework/src/ModuleLogger.js
  -> file:///E:/Aptana%20Jaxer%20Apache/Jaxer/Apache2-4Build/jaxer/framework/src/CoreEvents.js
  -> file:///E:/Aptana%20Jaxer%20Apache/Jaxer/Apache2-4Build/jaxer/components/aptEventHandler.js

01:13:03 12/24/2025 [ 32928] [TRACE] [JS Framework] [Response.setNoCacheHeaders] Setting no-cache headers
stack:
  ->  [ModuleLogger.js:98] trace("Setting no-cache headers")
  ->  [Response.js:772] setNoCacheHeaders()
  ->  [HandlePage.js:48] onHandlePage([object XPCWrappedNative_NoHelper],[object HTMLDocument])
  ->  [CoreEvents.js:293] fireEvent("HANDLE_PAGE",[object Array])
  ->  [CoreEvents.js:234] fire("PARSE_COMPLETE",[object XPCWrappedNative_NoHelper],[object HTMLDocument])
  ->  [aptEventHandler.js:337] observe([object XPCWrappedNative_NoHelper],"jaxerEvent.HTMLParseComplete",null)
paths:
  -> file:///E:/Aptana%20Jaxer%20Apache/Jaxer/Apache2-4Build/jaxer/framework/src/ModuleLogger.js
  -> file:///E:/Aptana%20Jaxer%20Apache/Jaxer/Apache2-4Build/jaxer/framework/src/Response.js
  -> file:///E:/Aptana%20Jaxer%20Apache/Jaxer/Apache2-4Build/jaxer/framework/src/HandlePage.js
  -> file:///E:/Aptana%20Jaxer%20Apache/Jaxer/Apache2-4Build/jaxer/framework/src/CoreEvents.js
  -> file:///E:/Aptana%20Jaxer%20Apache/Jaxer/Apache2-4Build/jaxer/components/aptEventHandler.js

01:13:03 12/24/2025 [ 32928] [TRACE] [JS Framework] [Response.setNoCacheHeaders] Setting no-cache headers
stack:
  ->  [ModuleLogger.js:98] trace("Setting no-cache headers")
  ->  [Response.js:772] setNoCacheHeaders()
  ->  [HandlePage.js:85] onHandlePage([object XPCWrappedNative_NoHelper],[object HTMLDocument])
  ->  [CoreEvents.js:293] fireEvent("HANDLE_PAGE",[object Array])
  ->  [CoreEvents.js:234] fire("PARSE_COMPLETE",[object XPCWrappedNative_NoHelper],[object HTMLDocument])
  ->  [aptEventHandler.js:337] observe([object XPCWrappedNative_NoHelper],"jaxerEvent.HTMLParseComplete",null)
paths:
  -> file:///E:/Aptana%20Jaxer%20Apache/Jaxer/Apache2-4Build/jaxer/framework/src/ModuleLogger.js
  -> file:///E:/Aptana%20Jaxer%20Apache/Jaxer/Apache2-4Build/jaxer/framework/src/Response.js
  -> file:///E:/Aptana%20Jaxer%20Apache/Jaxer/Apache2-4Build/jaxer/framework/src/HandlePage.js
  -> file:///E:/Aptana%20Jaxer%20Apache/Jaxer/Apache2-4Build/jaxer/framework/src/CoreEvents.js
  -> file:///E:/Aptana%20Jaxer%20Apache/Jaxer/Apache2-4Build/jaxer/components/aptEventHandler.js

01:13:03 12/24/2025 [ 32928] [TRACE] [JS Framework] [CoreEvents.fireEvent] Firing an event for PARSE_COMPLETE
stack:
  ->  [ModuleLogger.js:98] trace("Firing an event for PARSE_COMPLETE")
  ->  [CoreEvents.js:282] fireEvent("PARSE_COMPLETE",[object Array])
  ->  [CoreEvents.js:238] fire("PARSE_COMPLETE",[object XPCWrappedNative_NoHelper],[object HTMLDocument])
  ->  [aptEventHandler.js:337] observe([object XPCWrappedNative_NoHelper],"jaxerEvent.HTMLParseComplete",null)
paths:
  -> file:///E:/Aptana%20Jaxer%20Apache/Jaxer/Apache2-4Build/jaxer/framework/src/ModuleLogger.js
  -> file:///E:/Aptana%20Jaxer%20Apache/Jaxer/Apache2-4Build/jaxer/framework/src/CoreEvents.js
  -> file:///E:/Aptana%20Jaxer%20Apache/Jaxer/Apache2-4Build/jaxer/components/aptEventHandler.js

01:13:03 12/24/2025 [ 32928] [TRACE] [JS Framework] [CoreEvents.fireEvent] Calling event handler: function onParseComplete(evt, doc) {
    Jaxer.__tempLoad.cl...
stack:
  ->  [ModuleLogger.js:98] trace("Calling event handler: function onParseComplete(evt, doc) {\n    Jaxer.__tempLoad.cl...")
  ->  [CoreEvents.js:292] fireEvent("PARSE_COMPLETE",[object Array])
  ->  [CoreEvents.js:238] fire("PARSE_COMPLETE",[object XPCWrappedNative_NoHelper],[object HTMLDocument])
  ->  [aptEventHandler.js:337] observe([object XPCWrappedNative_NoHelper],"jaxerEvent.HTMLParseComplete",null)
paths:
  -> file:///E:/Aptana%20Jaxer%20Apache/Jaxer/Apache2-4Build/jaxer/framework/src/ModuleLogger.js
  -> file:///E:/Aptana%20Jaxer%20Apache/Jaxer/Apache2-4Build/jaxer/framework/src/CoreEvents.js
  -> file:///E:/Aptana%20Jaxer%20Apache/Jaxer/Apache2-4Build/jaxer/components/aptEventHandler.js

01:13:03 12/24/2025 [ 32928] [TRACE] [JS Framework] [CoreEvents.fire] At this time, evt.Request.isHandler=false and eventType: REQUEST_COMPLETE
stack:
  ->  [ModuleLogger.js:98] trace("At this time, evt.Request.isHandler=false and eventType: REQUEST_COMPLETE")
  ->  [CoreEvents.js:205] fire("REQUEST_COMPLETE",[object XPCWrappedNative_NoHelper])
  ->  [aptEventHandler.js:351] observe([object XPCWrappedNative_NoHelper],"jaxerEvent.RequestComplete",null)
paths:
  -> file:///E:/Aptana%20Jaxer%20Apache/Jaxer/Apache2-4Build/jaxer/framework/src/ModuleLogger.js
  -> file:///E:/Aptana%20Jaxer%20Apache/Jaxer/Apache2-4Build/jaxer/framework/src/CoreEvents.js
  -> file:///E:/Aptana%20Jaxer%20Apache/Jaxer/Apache2-4Build/jaxer/components/aptEventHandler.js

01:13:03 12/24/2025 [ 32928] [TRACE] [JS Framework] [CoreEvents.fireEvent] Firing an event for REQUEST_COMPLETE
stack:
  ->  [ModuleLogger.js:98] trace("Firing an event for REQUEST_COMPLETE")
  ->  [CoreEvents.js:282] fireEvent("REQUEST_COMPLETE",[object Array])
  ->  [CoreEvents.js:238] fire("REQUEST_COMPLETE",[object XPCWrappedNative_NoHelper])
  ->  [aptEventHandler.js:351] observe([object XPCWrappedNative_NoHelper],"jaxerEvent.RequestComplete",null)
paths:
  -> file:///E:/Aptana%20Jaxer%20Apache/Jaxer/Apache2-4Build/jaxer/framework/src/ModuleLogger.js
  -> file:///E:/Aptana%20Jaxer%20Apache/Jaxer/Apache2-4Build/jaxer/framework/src/CoreEvents.js
  -> file:///E:/Aptana%20Jaxer%20Apache/Jaxer/Apache2-4Build/jaxer/components/aptEventHandler.js

01:13:03 12/24/2025 [ 32928] [TRACE] [JS Framework] [CoreEvents.fireEvent] Calling event handler: function onRequestComplete(evt) {
}...
stack:
  ->  [ModuleLogger.js:98] trace("Calling event handler: function onRequestComplete(evt) {\n}...")
  ->  [CoreEvents.js:292] fireEvent("REQUEST_COMPLETE",[object Array])
  ->  [CoreEvents.js:238] fire("REQUEST_COMPLETE",[object XPCWrappedNative_NoHelper])
  ->  [aptEventHandler.js:351] observe([object XPCWrappedNative_NoHelper],"jaxerEvent.RequestComplete",null)
paths:
  -> file:///E:/Aptana%20Jaxer%20Apache/Jaxer/Apache2-4Build/jaxer/framework/src/ModuleLogger.js
  -> file:///E:/Aptana%20Jaxer%20Apache/Jaxer/Apache2-4Build/jaxer/framework/src/CoreEvents.js
  -> file:///E:/Aptana%20Jaxer%20Apache/Jaxer/Apache2-4Build/jaxer/components/aptEventHandler.js

01:13:09 12/24/2025 [ 22864] [TRACE] [JS Framework] [CoreEvents.fire] At this time, evt.Request.isHandler=false and eventType: REQUEST_START
stack:
  ->  [ModuleLogger.js:98] trace("At this time, evt.Request.isHandler=false and eventType: REQUEST_START")
  ->  [CoreEvents.js:205] fire("REQUEST_START",[object XPCWrappedNative_NoHelper])
  ->  [aptEventHandler.js:292] observe([object XPCWrappedNative_NoHelper],"jaxerEvent.RequestStart",null)
paths:
  -> file:///E:/Aptana%20Jaxer%20Apache/Jaxer/Apache2-4Build/jaxer/framework/src/ModuleLogger.js
  -> file:///E:/Aptana%20Jaxer%20Apache/Jaxer/Apache2-4Build/jaxer/framework/src/CoreEvents.js
  -> file:///E:/Aptana%20Jaxer%20Apache/Jaxer/Apache2-4Build/jaxer/components/aptEventHandler.js

01:13:09 12/24/2025 [ 22864] [TRACE] [JS Framework] [CoreEvents.fireEvent] Firing an event for REQUEST_START
stack:
  ->  [ModuleLogger.js:98] trace("Firing an event for REQUEST_START")
  ->  [CoreEvents.js:282] fireEvent("REQUEST_START",[object Array])
  ->  [CoreEvents.js:238] fire("REQUEST_START",[object XPCWrappedNative_NoHelper])
  ->  [aptEventHandler.js:292] observe([object XPCWrappedNative_NoHelper],"jaxerEvent.RequestStart",null)
paths:
  -> file:///E:/Aptana%20Jaxer%20Apache/Jaxer/Apache2-4Build/jaxer/framework/src/ModuleLogger.js
  -> file:///E:/Aptana%20Jaxer%20Apache/Jaxer/Apache2-4Build/jaxer/framework/src/CoreEvents.js
  -> file:///E:/Aptana%20Jaxer%20Apache/Jaxer/Apache2-4Build/jaxer/components/aptEventHandler.js

01:13:09 12/24/2025 [ 22864] [TRACE] [JS Framework] [CoreEvents.fireEvent] Calling event handler: function onRequestStart(evt) {
}...
stack:
  ->  [ModuleLogger.js:98] trace("Calling event handler: function onRequestStart(evt) {\n}...")
  ->  [CoreEvents.js:292] fireEvent("REQUEST_START",[object Array])
  ->  [CoreEvents.js:238] fire("REQUEST_START",[object XPCWrappedNative_NoHelper])
  ->  [aptEventHandler.js:292] observe([object XPCWrappedNative_NoHelper],"jaxerEvent.RequestStart",null)
paths:
  -> file:///E:/Aptana%20Jaxer%20Apache/Jaxer/Apache2-4Build/jaxer/framework/src/ModuleLogger.js
  -> file:///E:/Aptana%20Jaxer%20Apache/Jaxer/Apache2-4Build/jaxer/framework/src/CoreEvents.js
  -> file:///E:/Aptana%20Jaxer%20Apache/Jaxer/Apache2-4Build/jaxer/components/aptEventHandler.js

01:13:09 12/24/2025 [ 22864] [TRACE] [JS Framework] [CoreEvents.fire] At this time, evt.Request.isHandler=false and eventType: PARSE_START
stack:
  ->  [ModuleLogger.js:98] trace("At this time, evt.Request.isHandler=false and eventType: PARSE_START")
  ->  [CoreEvents.js:205] fire("PARSE_START",[object XPCWrappedNative_NoHelper])
  ->  [aptEventHandler.js:306] observe([object XPCWrappedNative_NoHelper],"jaxerEvent.HTMLParseStart",null)
paths:
  -> file:///E:/Aptana%20Jaxer%20Apache/Jaxer/Apache2-4Build/jaxer/framework/src/ModuleLogger.js
  -> file:///E:/Aptana%20Jaxer%20Apache/Jaxer/Apache2-4Build/jaxer/framework/src/CoreEvents.js
  -> file:///E:/Aptana%20Jaxer%20Apache/Jaxer/Apache2-4Build/jaxer/components/aptEventHandler.js

01:13:09 12/24/2025 [ 22864] [TRACE] [JS Framework] [CoreEvents.fireEvent] Firing an event for PARSE_START
stack:
  ->  [ModuleLogger.js:98] trace("Firing an event for PARSE_START")
  ->  [CoreEvents.js:282] fireEvent("PARSE_START",[object Array])
  ->  [CoreEvents.js:238] fire("PARSE_START",[object XPCWrappedNative_NoHelper])
  ->  [aptEventHandler.js:306] observe([object XPCWrappedNative_NoHelper],"jaxerEvent.HTMLParseStart",null)
paths:
  -> file:///E:/Aptana%20Jaxer%20Apache/Jaxer/Apache2-4Build/jaxer/framework/src/ModuleLogger.js
  -> file:///E:/Aptana%20Jaxer%20Apache/Jaxer/Apache2-4Build/jaxer/framework/src/CoreEvents.js
  -> file:///E:/Aptana%20Jaxer%20Apache/Jaxer/Apache2-4Build/jaxer/components/aptEventHandler.js

01:13:09 12/24/2025 [ 22864] [TRACE] [JS Framework] [CoreEvents.fireEvent] Calling event handler: function onParseStart(evt) {
    Jaxer.request = frameworkGl...
stack:
  ->  [ModuleLogger.js:98] trace("Calling event handler: function onParseStart(evt) {\n    Jaxer.request = frameworkGl...")
  ->  [CoreEvents.js:292] fireEvent("PARSE_START",[object Array])
  ->  [CoreEvents.js:238] fire("PARSE_START",[object XPCWrappedNative_NoHelper])
  ->  [aptEventHandler.js:306] observe([object XPCWrappedNative_NoHelper],"jaxerEvent.HTMLParseStart",null)
paths:
  -> file:///E:/Aptana%20Jaxer%20Apache/Jaxer/Apache2-4Build/jaxer/framework/src/ModuleLogger.js
  -> file:///E:/Aptana%20Jaxer%20Apache/Jaxer/Apache2-4Build/jaxer/framework/src/CoreEvents.js
  -> file:///E:/Aptana%20Jaxer%20Apache/Jaxer/Apache2-4Build/jaxer/components/aptEventHandler.js

01:13:09 12/24/2025 [ 22864] [TRACE] [JS Framework] [Request.Request] Constructing request from: ({constructorErrors:[], _request:{}, method:"POST", isHandler:false, uri:"/aptana/apps_and_tools.html", protocol:"HTTP/1.1", remoteUser:"", remoteHost:"desktop-lpv0ncp", remoteAddr:"::1", pageFile:"E:/Aptana Jaxer Apache/Jaxer/Apache2-4Build/jaxer/aptana/apps_and_tools.html", documentRoot:"E:/Aptana Jaxer Apache/Jaxer/Apache2-4Build/public", OS:"WINNT", isJaxerServer:false, isHTTPS:false, queryString:"", logFileNativePath:"", action:"POST", headers:{Host:"localhost:8081", Connection:"keep-alive", 'Content-Length':"0", 'X-Prototype-Version':"1.6.0.2", 'sec-ch-ua-platform':"\"Windows\"", 'sec-ch-ua':"\"Chromium\";v=\"140\", \"Not=A?Brand\";v=\"24\", \"Opera\";v=\"124\"", 'sec-ch-ua-mobile':"?0", 'X-Requested-With':"XMLHttpRequest", 'User-Agent':"Mozilla/5.0 (Windows NT 10.0; Win64; x64) AppleWebKit/537.36 (KHTML, like Gecko) Chrome/140.0.0.0 Safari/537.36 OPR/124.0.0.0", Accept:"text/javascript, text/html, application/xml, text/xml, */*", 'Content-type':"application/x-www-form-urlencoded; charset=UTF-8", Origin:"http://localhost:8081", 'Sec-Fetch-Site':"same-origin", 'Sec-Fetch-Mode':"cors", 'Sec-Fetch-Dest':"empty", Referer:"http://localhost:8081/aptana/", 'Accept-Encoding':"gzip, deflate, br, zstd", 'Accept-Language':"en-US,en;q=0.9", Cookie:"JaxerSessionId%24%24localhost%3A8081=176589175647709027719934159097; JaxerSessionId%24%24diagnostics=1766389857171006019406608883027; JaxerSessionId%24%24chat=176650225815408013378880202926; JaxerSessionId%24%24smtp-email=1766502615487048247814800171795; JaxerSessionId%24%24rss-sample=1766502620172023884340692192807; JaxerSessionId%24%24tasks=176650262827103192941976629359; JaxerSessionId%24%24wikilite=1766502633159009874746526267386; JaxerSessionId%24%24logging=176650264152708165463317747484; JaxerSessionId%24%24csajax=176650265576703773913072428896; JaxerSessionId%24%24shell=176650266145103665372259304419"}})
stack:
  ->  [ModuleLogger.js:98] trace("Constructing request from: ({constructorErrors:[], _request:{}, method:\"POST\", isHandler:false, uri:\"/aptana/apps_and_tools.html\", protocol:\"HTTP/1.1\", remoteUser:\"\", remoteHost:\"desktop-lpv0ncp\", remoteAddr:\"::1\", pageFile:\"E:/Aptana Jaxer Apache/Jaxer/Apache2-4Build/jaxer/aptana/apps_and_tools.html\", documentRoot:\"E:/Aptana Jaxer Apache/Jaxer/Apache2-4Build/public\", OS:\"WINNT\", isJaxerServer:false, isHTTPS:false, queryString:\"\", logFileNativePath:\"\", action:\"POST\", headers:{Host:\"localhost:8081\", Connection:\"keep-alive\", 'Content-Length':\"0\", 'X-Prototype-Version':\"1.6.0.2\", 'sec-ch-ua-platform':\"\\\"Windows\\\"\", 'sec-ch-ua':\"\\\"Chromium\\\";v=\\\"140\\\", \\\"Not=A?Brand\\\";v=\\\"24\\\", \\\"Opera\\\";v=\\\"124\\\"\", 'sec-ch-ua-mobile':\"?0\", 'X-Requested-With':\"XMLHttpRequest\", 'User-Agent':\"Mozilla/5.0 (Windows NT 10.0; Win64; x64) AppleWebKit/537.36 (KHTML, like Gecko) Chrome/140.0.0.0 Safari/537.36 OPR/124.0.0.0\", Accept:\"text/javascript, text/html, application/xml, text/xml, */*\", 'Content-type':\"application/x-www-form-urlencoded; charset=UTF-8\", Origin:\"http://localhost:8081\", 'Sec-Fetch-Site':\"same-origin\", 'Sec-Fetch-Mode':\"cors\", 'Sec-Fetch-Dest':\"empty\", Referer:\"http://localhost:8081/aptana/\", 'Accept-Encoding':\"gzip, deflate, br, zstd\", 'Accept-Language':\"en-US,en;q=0.9\", Cookie:\"JaxerSessionId%24%24localhost%3A8081=176589175647709027719934159097; JaxerSessionId%24%24diagnostics=1766389857171006019406608883027; JaxerSessionId%24%24chat=176650225815408013378880202926; JaxerSessionId%24%24smtp-email=1766502615487048247814800171795; JaxerSessionId%24%24rss-sample=1766502620172023884340692192807; JaxerSessionId%24%24tasks=176650262827103192941976629359; JaxerSessionId%24%24wikilite=1766502633159009874746526267386; JaxerSessionId%24%24logging=176650264152708165463317747484; JaxerSessionId%24%24csajax=176650265576703773913072428896; JaxerSessionId%24%24shell=176650266145103665372259304419\"}})")
  ->  [Request.js:202] Request([object XPCWrappedNative_NoHelper])
  ->  [ParseStart.js:49] onParseStart([object XPCWrappedNative_NoHelper])
  ->  [CoreEvents.js:293] fireEvent("PARSE_START",[object Array])
  ->  [CoreEvents.js:238] fire("PARSE_START",[object XPCWrappedNative_NoHelper])
  ->  [aptEventHandler.js:306] observe([object XPCWrappedNative_NoHelper],"jaxerEvent.HTMLParseStart",null)
paths:
  -> file:///E:/Aptana%20Jaxer%20Apache/Jaxer/Apache2-4Build/jaxer/framework/src/ModuleLogger.js
  -> file:///E:/Aptana%20Jaxer%20Apache/Jaxer/Apache2-4Build/jaxer/framework/src/Request.js
  -> file:///E:/Aptana%20Jaxer%20Apache/Jaxer/Apache2-4Build/jaxer/framework/src/ParseStart.js
  -> file:///E:/Aptana%20Jaxer%20Apache/Jaxer/Apache2-4Build/jaxer/framework/src/CoreEvents.js
  -> file:///E:/Aptana%20Jaxer%20Apache/Jaxer/Apache2-4Build/jaxer/components/aptEventHandler.js

01:13:09 12/24/2025 [ 22864] [TRACE] [JS Framework] [ParseStart.onParseStart] Matching app using parsedUrl='({url:"http://localhost:8081/aptana/apps_and_tools.html", scheme:"http", protocol:"http", authority:"localhost:8081", path:"/aptana/apps_and_tools.html", query:"", fragment:"", userInfo:"", host:"localhost", port:"8081", hostAndPort:"localhost:8081", base:"http://localhost:8081", subdomain:"", domain:"localhost", pathParts:["aptana", "apps_and_tools.html"], leaf:"apps_and_tools.html", queryParts:{}})'
stack:
  ->  [ModuleLogger.js:98] trace("Matching app using parsedUrl='({url:\"http://localhost:8081/aptana/apps_and_tools.html\", scheme:\"http\", protocol:\"http\", authority:\"localhost:8081\", path:\"/aptana/apps_and_tools.html\", query:\"\", fragment:\"\", userInfo:\"\", host:\"localhost\", port:\"8081\", hostAndPort:\"localhost:8081\", base:\"http://localhost:8081\", subdomain:\"\", domain:\"localhost\", pathParts:[\"aptana\", \"apps_and_tools.html\"], leaf:\"apps_and_tools.html\", queryParts:{}})'")
  ->  [ParseStart.js:81] onParseStart([object XPCWrappedNative_NoHelper])
  ->  [CoreEvents.js:293] fireEvent("PARSE_START",[object Array])
  ->  [CoreEvents.js:238] fire("PARSE_START",[object XPCWrappedNative_NoHelper])
  ->  [aptEventHandler.js:306] observe([object XPCWrappedNative_NoHelper],"jaxerEvent.HTMLParseStart",null)
paths:
  -> file:///E:/Aptana%20Jaxer%20Apache/Jaxer/Apache2-4Build/jaxer/framework/src/ModuleLogger.js
  -> file:///E:/Aptana%20Jaxer%20Apache/Jaxer/Apache2-4Build/jaxer/framework/src/ParseStart.js
  -> file:///E:/Aptana%20Jaxer%20Apache/Jaxer/Apache2-4Build/jaxer/framework/src/CoreEvents.js
  -> file:///E:/Aptana%20Jaxer%20Apache/Jaxer/Apache2-4Build/jaxer/components/aptEventHandler.js

01:13:09 12/24/2025 [ 22864] [TRACE] [JS Framework] [App.init] Initializing app 'DEFAULT' (urlTest: /.*/)
stack:
  ->  [ModuleLogger.js:98] trace("Initializing app 'DEFAULT' (urlTest: /.*/)")
  ->  [App.js:184] init()
  ->  [ParseStart.js:110] onParseStart([object XPCWrappedNative_NoHelper])
  ->  [CoreEvents.js:293] fireEvent("PARSE_START",[object Array])
  ->  [CoreEvents.js:238] fire("PARSE_START",[object XPCWrappedNative_NoHelper])
  ->  [aptEventHandler.js:306] observe([object XPCWrappedNative_NoHelper],"jaxerEvent.HTMLParseStart",null)
paths:
  -> file:///E:/Aptana%20Jaxer%20Apache/Jaxer/Apache2-4Build/jaxer/framework/src/ModuleLogger.js
  -> file:///E:/Aptana%20Jaxer%20Apache/Jaxer/Apache2-4Build/jaxer/framework/src/App.js
  -> file:///E:/Aptana%20Jaxer%20Apache/Jaxer/Apache2-4Build/jaxer/framework/src/ParseStart.js
  -> file:///E:/Aptana%20Jaxer%20Apache/Jaxer/Apache2-4Build/jaxer/framework/src/CoreEvents.js
  -> file:///E:/Aptana%20Jaxer%20Apache/Jaxer/Apache2-4Build/jaxer/components/aptEventHandler.js

01:13:09 12/24/2025 [ 22864] [TRACE] [JS Framework] [App.init] APP_KEY for app 'DEFAULT': localhost:8081
stack:
  ->  [ModuleLogger.js:98] trace("APP_KEY for app 'DEFAULT': localhost:8081")
  ->  [App.js:196] init()
  ->  [ParseStart.js:110] onParseStart([object XPCWrappedNative_NoHelper])
  ->  [CoreEvents.js:293] fireEvent("PARSE_START",[object Array])
  ->  [CoreEvents.js:238] fire("PARSE_START",[object XPCWrappedNative_NoHelper])
  ->  [aptEventHandler.js:306] observe([object XPCWrappedNative_NoHelper],"jaxerEvent.HTMLParseStart",null)
paths:
  -> file:///E:/Aptana%20Jaxer%20Apache/Jaxer/Apache2-4Build/jaxer/framework/src/ModuleLogger.js
  -> file:///E:/Aptana%20Jaxer%20Apache/Jaxer/Apache2-4Build/jaxer/framework/src/App.js
  -> file:///E:/Aptana%20Jaxer%20Apache/Jaxer/Apache2-4Build/jaxer/framework/src/ParseStart.js
  -> file:///E:/Aptana%20Jaxer%20Apache/Jaxer/Apache2-4Build/jaxer/framework/src/CoreEvents.js
  -> file:///E:/Aptana%20Jaxer%20Apache/Jaxer/Apache2-4Build/jaxer/components/aptEventHandler.js

01:13:09 12/24/2025 [ 22864] [TRACE] [JS Framework] [App.init] PAGE_KEY for app 'DEFAULT': localhost:8081/aptana/apps_and_tools.html
stack:
  ->  [ModuleLogger.js:98] trace("PAGE_KEY for app 'DEFAULT': localhost:8081/aptana/apps_and_tools.html")
  ->  [App.js:208] init()
  ->  [ParseStart.js:110] onParseStart([object XPCWrappedNative_NoHelper])
  ->  [CoreEvents.js:293] fireEvent("PARSE_START",[object Array])
  ->  [CoreEvents.js:238] fire("PARSE_START",[object XPCWrappedNative_NoHelper])
  ->  [aptEventHandler.js:306] observe([object XPCWrappedNative_NoHelper],"jaxerEvent.HTMLParseStart",null)
paths:
  -> file:///E:/Aptana%20Jaxer%20Apache/Jaxer/Apache2-4Build/jaxer/framework/src/ModuleLogger.js
  -> file:///E:/Aptana%20Jaxer%20Apache/Jaxer/Apache2-4Build/jaxer/framework/src/App.js
  -> file:///E:/Aptana%20Jaxer%20Apache/Jaxer/Apache2-4Build/jaxer/framework/src/ParseStart.js
  -> file:///E:/Aptana%20Jaxer%20Apache/Jaxer/Apache2-4Build/jaxer/framework/src/CoreEvents.js
  -> file:///E:/Aptana%20Jaxer%20Apache/Jaxer/Apache2-4Build/jaxer/components/aptEventHandler.js

01:13:09 12/24/2025 [ 22864] [TRACE] [JS Framework] [App.init] PATH for app 'DEFAULT': resource:///../local_jaxer/data/DEFAULT
stack:
  ->  [ModuleLogger.js:98] trace("PATH for app 'DEFAULT': resource:///../local_jaxer/data/DEFAULT")
  ->  [App.js:231] init()
  ->  [ParseStart.js:110] onParseStart([object XPCWrappedNative_NoHelper])
  ->  [CoreEvents.js:293] fireEvent("PARSE_START",[object Array])
  ->  [CoreEvents.js:238] fire("PARSE_START",[object XPCWrappedNative_NoHelper])
  ->  [aptEventHandler.js:306] observe([object XPCWrappedNative_NoHelper],"jaxerEvent.HTMLParseStart",null)
paths:
  -> file:///E:/Aptana%20Jaxer%20Apache/Jaxer/Apache2-4Build/jaxer/framework/src/ModuleLogger.js
  -> file:///E:/Aptana%20Jaxer%20Apache/Jaxer/Apache2-4Build/jaxer/framework/src/App.js
  -> file:///E:/Aptana%20Jaxer%20Apache/Jaxer/Apache2-4Build/jaxer/framework/src/ParseStart.js
  -> file:///E:/Aptana%20Jaxer%20Apache/Jaxer/Apache2-4Build/jaxer/framework/src/CoreEvents.js
  -> file:///E:/Aptana%20Jaxer%20Apache/Jaxer/Apache2-4Build/jaxer/components/aptEventHandler.js

01:13:09 12/24/2025 [ 22864] [TRACE] [JS Framework] [ParseStart.onParseStart] Using app 'DEFAULT': urlTest = /.*/
stack:
  ->  [ModuleLogger.js:98] trace("Using app 'DEFAULT': urlTest = /.*/")
  ->  [ParseStart.js:113] onParseStart([object XPCWrappedNative_NoHelper])
  ->  [CoreEvents.js:293] fireEvent("PARSE_START",[object Array])
  ->  [CoreEvents.js:238] fire("PARSE_START",[object XPCWrappedNative_NoHelper])
  ->  [aptEventHandler.js:306] observe([object XPCWrappedNative_NoHelper],"jaxerEvent.HTMLParseStart",null)
paths:
  -> file:///E:/Aptana%20Jaxer%20Apache/Jaxer/Apache2-4Build/jaxer/framework/src/ModuleLogger.js
  -> file:///E:/Aptana%20Jaxer%20Apache/Jaxer/Apache2-4Build/jaxer/framework/src/ParseStart.js
  -> file:///E:/Aptana%20Jaxer%20Apache/Jaxer/Apache2-4Build/jaxer/framework/src/CoreEvents.js
  -> file:///E:/Aptana%20Jaxer%20Apache/Jaxer/Apache2-4Build/jaxer/components/aptEventHandler.js

01:13:09 12/24/2025 [ 22864] [DEBUG] [JS Framework] [SessionManager.keyFromRequest] Getting session key from the client via cookie JaxerSessionId$$localhost:8081: 176589175647709027719934159097
stack:
  ->  [ModuleLogger.js:98] debug("Getting session key from the client via cookie JaxerSessionId$$localhost:8081: 176589175647709027719934159097")
  ->  [SessionManager.js:59] keyFromRequest("localhost:8081")
  ->  [Container.js:474] init("localhost:8081","localhost:8081/aptana/apps_and_tools.html")
  ->  [ParseStart.js:122] onParseStart([object XPCWrappedNative_NoHelper])
  ->  [CoreEvents.js:293] fireEvent("PARSE_START",[object Array])
  ->  [CoreEvents.js:238] fire("PARSE_START",[object XPCWrappedNative_NoHelper])
  ->  [aptEventHandler.js:306] observe([object XPCWrappedNative_NoHelper],"jaxerEvent.HTMLParseStart",null)
paths:
  -> file:///E:/Aptana%20Jaxer%20Apache/Jaxer/Apache2-4Build/jaxer/framework/src/ModuleLogger.js
  -> file:///E:/Aptana%20Jaxer%20Apache/Jaxer/Apache2-4Build/jaxer/framework/src/SessionManager.js
  -> file:///E:/Aptana%20Jaxer%20Apache/Jaxer/Apache2-4Build/jaxer/framework/src/Container.js
  -> file:///E:/Aptana%20Jaxer%20Apache/Jaxer/Apache2-4Build/jaxer/framework/src/ParseStart.js
  -> file:///E:/Aptana%20Jaxer%20Apache/Jaxer/Apache2-4Build/jaxer/framework/src/CoreEvents.js
  -> file:///E:/Aptana%20Jaxer%20Apache/Jaxer/Apache2-4Build/jaxer/components/aptEventHandler.js

01:13:09 12/24/2025 [ 22864] [DEBUG] [JS Framework] [Container.init] Created APPLICATION container as Jaxer.application with key localhost:8081
stack:
  ->  [ModuleLogger.js:98] debug("Created APPLICATION container as Jaxer.application with key localhost:8081")
  ->  [Container.js:485] init("localhost:8081","localhost:8081/aptana/apps_and_tools.html")
  ->  [ParseStart.js:122] onParseStart([object XPCWrappedNative_NoHelper])
  ->  [CoreEvents.js:293] fireEvent("PARSE_START",[object Array])
  ->  [CoreEvents.js:238] fire("PARSE_START",[object XPCWrappedNative_NoHelper])
  ->  [aptEventHandler.js:306] observe([object XPCWrappedNative_NoHelper],"jaxerEvent.HTMLParseStart",null)
paths:
  -> file:///E:/Aptana%20Jaxer%20Apache/Jaxer/Apache2-4Build/jaxer/framework/src/ModuleLogger.js
  -> file:///E:/Aptana%20Jaxer%20Apache/Jaxer/Apache2-4Build/jaxer/framework/src/Container.js
  -> file:///E:/Aptana%20Jaxer%20Apache/Jaxer/Apache2-4Build/jaxer/framework/src/ParseStart.js
  -> file:///E:/Aptana%20Jaxer%20Apache/Jaxer/Apache2-4Build/jaxer/framework/src/CoreEvents.js
  -> file:///E:/Aptana%20Jaxer%20Apache/Jaxer/Apache2-4Build/jaxer/components/aptEventHandler.js

01:13:09 12/24/2025 [ 22864] [DEBUG] [JS Framework] [Container.init] Created PAGE container as Jaxer.page with key localhost:8081/aptana/apps_and_tools.html
stack:
  ->  [ModuleLogger.js:98] debug("Created PAGE container as Jaxer.page with key localhost:8081/aptana/apps_and_tools.html")
  ->  [Container.js:485] init("localhost:8081","localhost:8081/aptana/apps_and_tools.html")
  ->  [ParseStart.js:122] onParseStart([object XPCWrappedNative_NoHelper])
  ->  [CoreEvents.js:293] fireEvent("PARSE_START",[object Array])
  ->  [CoreEvents.js:238] fire("PARSE_START",[object XPCWrappedNative_NoHelper])
  ->  [aptEventHandler.js:306] observe([object XPCWrappedNative_NoHelper],"jaxerEvent.HTMLParseStart",null)
paths:
  -> file:///E:/Aptana%20Jaxer%20Apache/Jaxer/Apache2-4Build/jaxer/framework/src/ModuleLogger.js
  -> file:///E:/Aptana%20Jaxer%20Apache/Jaxer/Apache2-4Build/jaxer/framework/src/Container.js
  -> file:///E:/Aptana%20Jaxer%20Apache/Jaxer/Apache2-4Build/jaxer/framework/src/ParseStart.js
  -> file:///E:/Aptana%20Jaxer%20Apache/Jaxer/Apache2-4Build/jaxer/framework/src/CoreEvents.js
  -> file:///E:/Aptana%20Jaxer%20Apache/Jaxer/Apache2-4Build/jaxer/components/aptEventHandler.js

01:13:09 12/24/2025 [ 22864] [DEBUG] [JS Framework] [Container.init] Created SESSION container as Jaxer.session with key 176589175647709027719934159097
stack:
  ->  [ModuleLogger.js:98] debug("Created SESSION container as Jaxer.session with key 176589175647709027719934159097")
  ->  [Container.js:485] init("localhost:8081","localhost:8081/aptana/apps_and_tools.html")
  ->  [ParseStart.js:122] onParseStart([object XPCWrappedNative_NoHelper])
  ->  [CoreEvents.js:293] fireEvent("PARSE_START",[object Array])
  ->  [CoreEvents.js:238] fire("PARSE_START",[object XPCWrappedNative_NoHelper])
  ->  [aptEventHandler.js:306] observe([object XPCWrappedNative_NoHelper],"jaxerEvent.HTMLParseStart",null)
paths:
  -> file:///E:/Aptana%20Jaxer%20Apache/Jaxer/Apache2-4Build/jaxer/framework/src/ModuleLogger.js
  -> file:///E:/Aptana%20Jaxer%20Apache/Jaxer/Apache2-4Build/jaxer/framework/src/Container.js
  -> file:///E:/Aptana%20Jaxer%20Apache/Jaxer/Apache2-4Build/jaxer/framework/src/ParseStart.js
  -> file:///E:/Aptana%20Jaxer%20Apache/Jaxer/Apache2-4Build/jaxer/framework/src/CoreEvents.js
  -> file:///E:/Aptana%20Jaxer%20Apache/Jaxer/Apache2-4Build/jaxer/components/aptEventHandler.js

01:13:09 12/24/2025 [ 22864] [DEBUG] [JS Framework] [Container.init] Created SESSION_PAGE container as Jaxer.sessionPage with key 176589175647709027719934159097$$localhost:8081/aptana/apps_and_tools.html
stack:
  ->  [ModuleLogger.js:98] debug("Created SESSION_PAGE container as Jaxer.sessionPage with key 176589175647709027719934159097$$localhost:8081/aptana/apps_and_tools.html")
  ->  [Container.js:485] init("localhost:8081","localhost:8081/aptana/apps_and_tools.html")
  ->  [ParseStart.js:122] onParseStart([object XPCWrappedNative_NoHelper])
  ->  [CoreEvents.js:293] fireEvent("PARSE_START",[object Array])
  ->  [CoreEvents.js:238] fire("PARSE_START",[object XPCWrappedNative_NoHelper])
  ->  [aptEventHandler.js:306] observe([object XPCWrappedNative_NoHelper],"jaxerEvent.HTMLParseStart",null)
paths:
  -> file:///E:/Aptana%20Jaxer%20Apache/Jaxer/Apache2-4Build/jaxer/framework/src/ModuleLogger.js
  -> file:///E:/Aptana%20Jaxer%20Apache/Jaxer/Apache2-4Build/jaxer/framework/src/Container.js
  -> file:///E:/Aptana%20Jaxer%20Apache/Jaxer/Apache2-4Build/jaxer/framework/src/ParseStart.js
  -> file:///E:/Aptana%20Jaxer%20Apache/Jaxer/Apache2-4Build/jaxer/framework/src/CoreEvents.js
  -> file:///E:/Aptana%20Jaxer%20Apache/Jaxer/Apache2-4Build/jaxer/components/aptEventHandler.js

01:13:09 12/24/2025 [ 22864] [TRACE] [JS Framework] [DB.setDefault] Setting default connection for app: DEFAULT
stack:
  ->  [ModuleLogger.js:98] trace("Setting default connection for app: DEFAULT")
  ->  [DB.js:162] setDefault("DEFAULT",[object Object])
  ->  [ParseStart.js:123] onParseStart([object XPCWrappedNative_NoHelper])
  ->  [CoreEvents.js:293] fireEvent("PARSE_START",[object Array])
  ->  [CoreEvents.js:238] fire("PARSE_START",[object XPCWrappedNative_NoHelper])
  ->  [aptEventHandler.js:306] observe([object XPCWrappedNative_NoHelper],"jaxerEvent.HTMLParseStart",null)
paths:
  -> file:///E:/Aptana%20Jaxer%20Apache/Jaxer/Apache2-4Build/jaxer/framework/src/ModuleLogger.js
  -> file:///E:/Aptana%20Jaxer%20Apache/Jaxer/Apache2-4Build/jaxer/framework/src/DB.js
  -> file:///E:/Aptana%20Jaxer%20Apache/Jaxer/Apache2-4Build/jaxer/framework/src/ParseStart.js
  -> file:///E:/Aptana%20Jaxer%20Apache/Jaxer/Apache2-4Build/jaxer/framework/src/CoreEvents.js
  -> file:///E:/Aptana%20Jaxer%20Apache/Jaxer/Apache2-4Build/jaxer/components/aptEventHandler.js

01:13:09 12/24/2025 [ 22864] [TRACE] [JS Framework] [CoreEvents.fire] At this time, evt.Request.isHandler=false and eventType: NEW_ELEMENT - HTML
stack:
  ->  [ModuleLogger.js:98] trace("At this time, evt.Request.isHandler=false and eventType: NEW_ELEMENT - HTML")
  ->  [CoreEvents.js:205] fire("NEW_ELEMENT",[object XPCWrappedNative_NoHelper],[object HTMLDocument],[object HTMLHtmlElement])
  ->  [aptEventHandler.js:157] observe([object XPCWrappedNative_NoHelper],"jaxerEvent.NewHTMLElement",null)
paths:
  -> file:///E:/Aptana%20Jaxer%20Apache/Jaxer/Apache2-4Build/jaxer/framework/src/ModuleLogger.js
  -> file:///E:/Aptana%20Jaxer%20Apache/Jaxer/Apache2-4Build/jaxer/framework/src/CoreEvents.js
  -> file:///E:/Aptana%20Jaxer%20Apache/Jaxer/Apache2-4Build/jaxer/components/aptEventHandler.js

01:13:09 12/24/2025 [ 22864] [TRACE] [JS Framework] [CoreEvents.fireEvent] Firing an event for NEW_ELEMENT
stack:
  ->  [ModuleLogger.js:98] trace("Firing an event for NEW_ELEMENT")
  ->  [CoreEvents.js:282] fireEvent("NEW_ELEMENT",[object Array])
  ->  [CoreEvents.js:238] fire("NEW_ELEMENT",[object XPCWrappedNative_NoHelper],[object HTMLDocument],[object HTMLHtmlElement])
  ->  [aptEventHandler.js:157] observe([object XPCWrappedNative_NoHelper],"jaxerEvent.NewHTMLElement",null)
paths:
  -> file:///E:/Aptana%20Jaxer%20Apache/Jaxer/Apache2-4Build/jaxer/framework/src/ModuleLogger.js
  -> file:///E:/Aptana%20Jaxer%20Apache/Jaxer/Apache2-4Build/jaxer/framework/src/CoreEvents.js
  -> file:///E:/Aptana%20Jaxer%20Apache/Jaxer/Apache2-4Build/jaxer/components/aptEventHandler.js

01:13:09 12/24/2025 [ 22864] [TRACE] [JS Framework] [CoreEvents.fireEvent] Calling event handler: function onNewElement(evt, doc, elt) {
    switch (elt.tagNa...
stack:
  ->  [ModuleLogger.js:98] trace("Calling event handler: function onNewElement(evt, doc, elt) {\n    switch (elt.tagNa...")
  ->  [CoreEvents.js:292] fireEvent("NEW_ELEMENT",[object Array])
  ->  [CoreEvents.js:238] fire("NEW_ELEMENT",[object XPCWrappedNative_NoHelper],[object HTMLDocument],[object HTMLHtmlElement])
  ->  [aptEventHandler.js:157] observe([object XPCWrappedNative_NoHelper],"jaxerEvent.NewHTMLElement",null)
paths:
  -> file:///E:/Aptana%20Jaxer%20Apache/Jaxer/Apache2-4Build/jaxer/framework/src/ModuleLogger.js
  -> file:///E:/Aptana%20Jaxer%20Apache/Jaxer/Apache2-4Build/jaxer/framework/src/CoreEvents.js
  -> file:///E:/Aptana%20Jaxer%20Apache/Jaxer/Apache2-4Build/jaxer/components/aptEventHandler.js

01:13:09 12/24/2025 [ 22864] [TRACE] [JS Framework] [CoreEvents.fire] At this time, evt.Request.isHandler=false and eventType: NEW_ELEMENT - HEAD
stack:
  ->  [ModuleLogger.js:98] trace("At this time, evt.Request.isHandler=false and eventType: NEW_ELEMENT - HEAD")
  ->  [CoreEvents.js:205] fire("NEW_ELEMENT",[object XPCWrappedNative_NoHelper],[object HTMLDocument],[object HTMLHeadElement])
  ->  [aptEventHandler.js:157] observe([object XPCWrappedNative_NoHelper],"jaxerEvent.NewHTMLElement",null)
paths:
  -> file:///E:/Aptana%20Jaxer%20Apache/Jaxer/Apache2-4Build/jaxer/framework/src/ModuleLogger.js
  -> file:///E:/Aptana%20Jaxer%20Apache/Jaxer/Apache2-4Build/jaxer/framework/src/CoreEvents.js
  -> file:///E:/Aptana%20Jaxer%20Apache/Jaxer/Apache2-4Build/jaxer/components/aptEventHandler.js

01:13:09 12/24/2025 [ 22864] [TRACE] [JS Framework] [CoreEvents.fireEvent] Firing an event for NEW_ELEMENT
stack:
  ->  [ModuleLogger.js:98] trace("Firing an event for NEW_ELEMENT")
  ->  [CoreEvents.js:282] fireEvent("NEW_ELEMENT",[object Array])
  ->  [CoreEvents.js:238] fire("NEW_ELEMENT",[object XPCWrappedNative_NoHelper],[object HTMLDocument],[object HTMLHeadElement])
  ->  [aptEventHandler.js:157] observe([object XPCWrappedNative_NoHelper],"jaxerEvent.NewHTMLElement",null)
paths:
  -> file:///E:/Aptana%20Jaxer%20Apache/Jaxer/Apache2-4Build/jaxer/framework/src/ModuleLogger.js
  -> file:///E:/Aptana%20Jaxer%20Apache/Jaxer/Apache2-4Build/jaxer/framework/src/CoreEvents.js
  -> file:///E:/Aptana%20Jaxer%20Apache/Jaxer/Apache2-4Build/jaxer/components/aptEventHandler.js

01:13:09 12/24/2025 [ 22864] [TRACE] [JS Framework] [CoreEvents.fireEvent] Calling event handler: function onNewElement(evt, doc, elt) {
    switch (elt.tagNa...
stack:
  ->  [ModuleLogger.js:98] trace("Calling event handler: function onNewElement(evt, doc, elt) {\n    switch (elt.tagNa...")
  ->  [CoreEvents.js:292] fireEvent("NEW_ELEMENT",[object Array])
  ->  [CoreEvents.js:238] fire("NEW_ELEMENT",[object XPCWrappedNative_NoHelper],[object HTMLDocument],[object HTMLHeadElement])
  ->  [aptEventHandler.js:157] observe([object XPCWrappedNative_NoHelper],"jaxerEvent.NewHTMLElement",null)
paths:
  -> file:///E:/Aptana%20Jaxer%20Apache/Jaxer/Apache2-4Build/jaxer/framework/src/ModuleLogger.js
  -> file:///E:/Aptana%20Jaxer%20Apache/Jaxer/Apache2-4Build/jaxer/framework/src/CoreEvents.js
  -> file:///E:/Aptana%20Jaxer%20Apache/Jaxer/Apache2-4Build/jaxer/components/aptEventHandler.js

01:13:09 12/24/2025 [ 22864] [TRACE] [JS Framework] [CoreEvents.fire] At this time, evt.Request.isHandler=false and eventType: INIT_HEAD
stack:
  ->  [ModuleLogger.js:98] trace("At this time, evt.Request.isHandler=false and eventType: INIT_HEAD")
  ->  [CoreEvents.js:205] fire("INIT_HEAD",[object XPCWrappedNative_NoHelper],[object HTMLDocument])
  ->  [aptEventHandler.js:139] observe([object XPCWrappedNative_NoHelper],"jaxerEvent.NewHTMLElement",null)
paths:
  -> file:///E:/Aptana%20Jaxer%20Apache/Jaxer/Apache2-4Build/jaxer/framework/src/ModuleLogger.js
  -> file:///E:/Aptana%20Jaxer%20Apache/Jaxer/Apache2-4Build/jaxer/framework/src/CoreEvents.js
  -> file:///E:/Aptana%20Jaxer%20Apache/Jaxer/Apache2-4Build/jaxer/components/aptEventHandler.js

01:13:09 12/24/2025 [ 22864] [TRACE] [JS Framework] [CoreEvents.fireEvent] Firing an event for INIT_HEAD
stack:
  ->  [ModuleLogger.js:98] trace("Firing an event for INIT_HEAD")
  ->  [CoreEvents.js:282] fireEvent("INIT_HEAD",[object Array])
  ->  [CoreEvents.js:238] fire("INIT_HEAD",[object XPCWrappedNative_NoHelper],[object HTMLDocument])
  ->  [aptEventHandler.js:139] observe([object XPCWrappedNative_NoHelper],"jaxerEvent.NewHTMLElement",null)
paths:
  -> file:///E:/Aptana%20Jaxer%20Apache/Jaxer/Apache2-4Build/jaxer/framework/src/ModuleLogger.js
  -> file:///E:/Aptana%20Jaxer%20Apache/Jaxer/Apache2-4Build/jaxer/framework/src/CoreEvents.js
  -> file:///E:/Aptana%20Jaxer%20Apache/Jaxer/Apache2-4Build/jaxer/components/aptEventHandler.js

01:13:09 12/24/2025 [ 22864] [TRACE] [JS Framework] [CoreEvents.fireEvent] Calling event handler: function onInitHead(evt, doc) {
    Jaxer.load = function lo...
stack:
  ->  [ModuleLogger.js:98] trace("Calling event handler: function onInitHead(evt, doc) {\n    Jaxer.load = function lo...")
  ->  [CoreEvents.js:292] fireEvent("INIT_HEAD",[object Array])
  ->  [CoreEvents.js:238] fire("INIT_HEAD",[object XPCWrappedNative_NoHelper],[object HTMLDocument])
  ->  [aptEventHandler.js:139] observe([object XPCWrappedNative_NoHelper],"jaxerEvent.NewHTMLElement",null)
paths:
  -> file:///E:/Aptana%20Jaxer%20Apache/Jaxer/Apache2-4Build/jaxer/framework/src/ModuleLogger.js
  -> file:///E:/Aptana%20Jaxer%20Apache/Jaxer/Apache2-4Build/jaxer/framework/src/CoreEvents.js
  -> file:///E:/Aptana%20Jaxer%20Apache/Jaxer/Apache2-4Build/jaxer/components/aptEventHandler.js

01:13:09 12/24/2025 [ 22864] [TRACE] [JS Framework] [Includer.evalOn] Evaluating using Jaxer.request.evaluateScript: contents = (function ... with global = [object ChromeWindow] and effectiveUrl = undefined
stack:
  ->  [ModuleLogger.js:98] trace("Evaluating using Jaxer.request.evaluateScript: contents = (function ... with global = [object ChromeWindow] and effectiveUrl = undefined")
  ->  [Includer.js:131] evalOn("(function extendDomSetters(global) {if (global.HTMLInputElement) {var inputValueSetter = global.HTMLInputElement.prototype.__lookupSetter__(\"value\");global.HTMLInputElement.prototype.__defineSetter__(\"value\", function (val) {inputValueSetter.call(this, val);this.setAttribute(\"value\", val);});var inputCheckedSetter = global.HTMLInputElement.prototype.__lookupSetter__(\"checked\");global.HTMLInputElement.prototype.__defineSetter__(\"checked\", function (val) {inputCheckedSetter.call(this, val);if (val) {this.setAttribute(\"checked\", null);} else {this.removeAttribute(\"checked\");}});}if (global.HTMLTextAreaElement) {var textAreaValueSetter = global.HTMLTextAreaElement.prototype.__lookupSetter__(\"value\");global.HTMLTextAreaElement.prototype.__defineSetter__(\"value\", function (val) {textAreaValueSetter.call(this, val);this.textContent = val;});}if (global.HTMLSelectElement) {var selectSelectedIndexSetter = global.HTMLSelectElement.prototype.__lookupSetter__(\"selectedIndex\");global.HTMLSelectElement.prototype.__defineSetter__(\"selectedIndex\", function (index) {selectSelectedIndexSetter.call(this, index);var option = this.options[index];if (option) {for (var i = 0, len = this.options.length; i < len; i++) {if (i == index) {this.options[i].setAttribute(\"selected\", null);} else {this.options[i].removeAttribute(\"selected\");}}}});}if (global.HTMLOptionElement) {var optionSelectedSetter = global.HTMLOptionElement.prototype.__lookupSetter__(\"selected\");global.HTMLOptionElement.prototype.__defineSetter__(\"selected\", function (val) {optionSelectedSetter.call(this, val);if (val) {this.setAttribute(\"selected\", null);} else {this.removeAttribute(\"selected\");}});}})(document.defaultView)",[object ChromeWindow])
  ->  [Overrides.js:370] applyAll([object ChromeWindow])
  ->  [InitHead.js:78] onInitHead([object XPCWrappedNative_NoHelper],[object HTMLDocument])
  ->  [CoreEvents.js:293] fireEvent("INIT_HEAD",[object Array])
  ->  [CoreEvents.js:238] fire("INIT_HEAD",[object XPCWrappedNative_NoHelper],[object HTMLDocument])
  ->  [aptEventHandler.js:139] observe([object XPCWrappedNative_NoHelper],"jaxerEvent.NewHTMLElement",null)
paths:
  -> file:///E:/Aptana%20Jaxer%20Apache/Jaxer/Apache2-4Build/jaxer/framework/src/ModuleLogger.js
  -> file:///E:/Aptana%20Jaxer%20Apache/Jaxer/Apache2-4Build/jaxer/framework/src/Includer.js
  -> file:///E:/Aptana%20Jaxer%20Apache/Jaxer/Apache2-4Build/jaxer/framework/src/Overrides.js
  -> file:///E:/Aptana%20Jaxer%20Apache/Jaxer/Apache2-4Build/jaxer/framework/src/InitHead.js
  -> file:///E:/Aptana%20Jaxer%20Apache/Jaxer/Apache2-4Build/jaxer/framework/src/CoreEvents.js
  -> file:///E:/Aptana%20Jaxer%20Apache/Jaxer/Apache2-4Build/jaxer/components/aptEventHandler.js

01:13:09 12/24/2025 [ 22864] [TRACE] [JS Framework] [CoreEvents.fire] At this time, evt.Request.isHandler=false and eventType: NEW_ELEMENT - BODY
stack:
  ->  [ModuleLogger.js:98] trace("At this time, evt.Request.isHandler=false and eventType: NEW_ELEMENT - BODY")
  ->  [CoreEvents.js:205] fire("NEW_ELEMENT",[object XPCWrappedNative_NoHelper],[object HTMLDocument],[object HTMLBodyElement])
  ->  [aptEventHandler.js:157] observe([object XPCWrappedNative_NoHelper],"jaxerEvent.NewHTMLElement",null)
paths:
  -> file:///E:/Aptana%20Jaxer%20Apache/Jaxer/Apache2-4Build/jaxer/framework/src/ModuleLogger.js
  -> file:///E:/Aptana%20Jaxer%20Apache/Jaxer/Apache2-4Build/jaxer/framework/src/CoreEvents.js
  -> file:///E:/Aptana%20Jaxer%20Apache/Jaxer/Apache2-4Build/jaxer/components/aptEventHandler.js

01:13:09 12/24/2025 [ 22864] [TRACE] [JS Framework] [CoreEvents.fireEvent] Firing an event for NEW_ELEMENT
stack:
  ->  [ModuleLogger.js:98] trace("Firing an event for NEW_ELEMENT")
  ->  [CoreEvents.js:282] fireEvent("NEW_ELEMENT",[object Array])
  ->  [CoreEvents.js:238] fire("NEW_ELEMENT",[object XPCWrappedNative_NoHelper],[object HTMLDocument],[object HTMLBodyElement])
  ->  [aptEventHandler.js:157] observe([object XPCWrappedNative_NoHelper],"jaxerEvent.NewHTMLElement",null)
paths:
  -> file:///E:/Aptana%20Jaxer%20Apache/Jaxer/Apache2-4Build/jaxer/framework/src/ModuleLogger.js
  -> file:///E:/Aptana%20Jaxer%20Apache/Jaxer/Apache2-4Build/jaxer/framework/src/CoreEvents.js
  -> file:///E:/Aptana%20Jaxer%20Apache/Jaxer/Apache2-4Build/jaxer/components/aptEventHandler.js

01:13:09 12/24/2025 [ 22864] [TRACE] [JS Framework] [CoreEvents.fireEvent] Calling event handler: function onNewElement(evt, doc, elt) {
    switch (elt.tagNa...
stack:
  ->  [ModuleLogger.js:98] trace("Calling event handler: function onNewElement(evt, doc, elt) {\n    switch (elt.tagNa...")
  ->  [CoreEvents.js:292] fireEvent("NEW_ELEMENT",[object Array])
  ->  [CoreEvents.js:238] fire("NEW_ELEMENT",[object XPCWrappedNative_NoHelper],[object HTMLDocument],[object HTMLBodyElement])
  ->  [aptEventHandler.js:157] observe([object XPCWrappedNative_NoHelper],"jaxerEvent.NewHTMLElement",null)
paths:
  -> file:///E:/Aptana%20Jaxer%20Apache/Jaxer/Apache2-4Build/jaxer/framework/src/ModuleLogger.js
  -> file:///E:/Aptana%20Jaxer%20Apache/Jaxer/Apache2-4Build/jaxer/framework/src/CoreEvents.js
  -> file:///E:/Aptana%20Jaxer%20Apache/Jaxer/Apache2-4Build/jaxer/components/aptEventHandler.js

01:13:09 12/24/2025 [ 22864] [TRACE] [JS Framework] [CoreEvents.fire] At this time, evt.Request.isHandler=false and eventType: PARSE_COMPLETE
stack:
  ->  [ModuleLogger.js:98] trace("At this time, evt.Request.isHandler=false and eventType: PARSE_COMPLETE")
  ->  [CoreEvents.js:205] fire("PARSE_COMPLETE",[object XPCWrappedNative_NoHelper],[object HTMLDocument])
  ->  [aptEventHandler.js:337] observe([object XPCWrappedNative_NoHelper],"jaxerEvent.HTMLParseComplete",null)
paths:
  -> file:///E:/Aptana%20Jaxer%20Apache/Jaxer/Apache2-4Build/jaxer/framework/src/ModuleLogger.js
  -> file:///E:/Aptana%20Jaxer%20Apache/Jaxer/Apache2-4Build/jaxer/framework/src/CoreEvents.js
  -> file:///E:/Aptana%20Jaxer%20Apache/Jaxer/Apache2-4Build/jaxer/components/aptEventHandler.js

01:13:09 12/24/2025 [ 22864] [TRACE] [JS Framework] [CoreEvents.fireEvent] Firing an event for HANDLE_PAGE
stack:
  ->  [ModuleLogger.js:98] trace("Firing an event for HANDLE_PAGE")
  ->  [CoreEvents.js:282] fireEvent("HANDLE_PAGE",[object Array])
  ->  [CoreEvents.js:234] fire("PARSE_COMPLETE",[object XPCWrappedNative_NoHelper],[object HTMLDocument])
  ->  [aptEventHandler.js:337] observe([object XPCWrappedNative_NoHelper],"jaxerEvent.HTMLParseComplete",null)
paths:
  -> file:///E:/Aptana%20Jaxer%20Apache/Jaxer/Apache2-4Build/jaxer/framework/src/ModuleLogger.js
  -> file:///E:/Aptana%20Jaxer%20Apache/Jaxer/Apache2-4Build/jaxer/framework/src/CoreEvents.js
  -> file:///E:/Aptana%20Jaxer%20Apache/Jaxer/Apache2-4Build/jaxer/components/aptEventHandler.js

01:13:09 12/24/2025 [ 22864] [TRACE] [JS Framework] [CoreEvents.fireEvent] Calling event handler: function onHandlePage(evt, doc) {
    if (checkErrors(doc)) ...
stack:
  ->  [ModuleLogger.js:98] trace("Calling event handler: function onHandlePage(evt, doc) {\n    if (checkErrors(doc)) ...")
  ->  [CoreEvents.js:292] fireEvent("HANDLE_PAGE",[object Array])
  ->  [CoreEvents.js:234] fire("PARSE_COMPLETE",[object XPCWrappedNative_NoHelper],[object HTMLDocument])
  ->  [aptEventHandler.js:337] observe([object XPCWrappedNative_NoHelper],"jaxerEvent.HTMLParseComplete",null)
paths:
  -> file:///E:/Aptana%20Jaxer%20Apache/Jaxer/Apache2-4Build/jaxer/framework/src/ModuleLogger.js
  -> file:///E:/Aptana%20Jaxer%20Apache/Jaxer/Apache2-4Build/jaxer/framework/src/CoreEvents.js
  -> file:///E:/Aptana%20Jaxer%20Apache/Jaxer/Apache2-4Build/jaxer/components/aptEventHandler.js

01:13:09 12/24/2025 [ 22864] [TRACE] [JS Framework] [HandlePage.onHandlePage] Processing onserverload with doc = [object HTMLDocument]
stack:
  ->  [ModuleLogger.js:98] trace("Processing onserverload with doc = [object HTMLDocument]")
  ->  [HandlePage.js:58] onHandlePage([object XPCWrappedNative_NoHelper],[object HTMLDocument])
  ->  [CoreEvents.js:293] fireEvent("HANDLE_PAGE",[object Array])
  ->  [CoreEvents.js:234] fire("PARSE_COMPLETE",[object XPCWrappedNative_NoHelper],[object HTMLDocument])
  ->  [aptEventHandler.js:337] observe([object XPCWrappedNative_NoHelper],"jaxerEvent.HTMLParseComplete",null)
paths:
  -> file:///E:/Aptana%20Jaxer%20Apache/Jaxer/Apache2-4Build/jaxer/framework/src/ModuleLogger.js
  -> file:///E:/Aptana%20Jaxer%20Apache/Jaxer/Apache2-4Build/jaxer/framework/src/HandlePage.js
  -> file:///E:/Aptana%20Jaxer%20Apache/Jaxer/Apache2-4Build/jaxer/framework/src/CoreEvents.js
  -> file:///E:/Aptana%20Jaxer%20Apache/Jaxer/Apache2-4Build/jaxer/components/aptEventHandler.js

01:13:09 12/24/2025 [ 22864] [TRACE] [JS Framework] [HandlePage.processLoadEvent] Processing load event 'serverload' with doc = [object HTMLDocument]
stack:
  ->  [ModuleLogger.js:98] trace("Processing load event 'serverload' with doc = [object HTMLDocument]")
  ->  [HandlePage.js:258] processLoadEvent("serverload",[object HTMLDocument],true)
  ->  [HandlePage.js:222] processOnServerLoad([object HTMLDocument])
  ->  [HandlePage.js:59] onHandlePage([object XPCWrappedNative_NoHelper],[object HTMLDocument])
  ->  [CoreEvents.js:293] fireEvent("HANDLE_PAGE",[object Array])
  ->  [CoreEvents.js:234] fire("PARSE_COMPLETE",[object XPCWrappedNative_NoHelper],[object HTMLDocument])
  ->  [aptEventHandler.js:337] observe([object XPCWrappedNative_NoHelper],"jaxerEvent.HTMLParseComplete",null)
paths:
  -> file:///E:/Aptana%20Jaxer%20Apache/Jaxer/Apache2-4Build/jaxer/framework/src/ModuleLogger.js
  -> file:///E:/Aptana%20Jaxer%20Apache/Jaxer/Apache2-4Build/jaxer/framework/src/HandlePage.js
  -> file:///E:/Aptana%20Jaxer%20Apache/Jaxer/Apache2-4Build/jaxer/framework/src/CoreEvents.js
  -> file:///E:/Aptana%20Jaxer%20Apache/Jaxer/Apache2-4Build/jaxer/components/aptEventHandler.js

01:13:09 12/24/2025 [ 22864] [TRACE] [JS Framework] [HandlePage.processLoadEvent] Processing load event 'load' with doc = [object HTMLDocument]
stack:
  ->  [ModuleLogger.js:98] trace("Processing load event 'load' with doc = [object HTMLDocument]")
  ->  [HandlePage.js:258] processLoadEvent("load",[object HTMLDocument],false)
  ->  [HandlePage.js:227] processOnServerLoad([object HTMLDocument])
  ->  [HandlePage.js:59] onHandlePage([object XPCWrappedNative_NoHelper],[object HTMLDocument])
  ->  [CoreEvents.js:293] fireEvent("HANDLE_PAGE",[object Array])
  ->  [CoreEvents.js:234] fire("PARSE_COMPLETE",[object XPCWrappedNative_NoHelper],[object HTMLDocument])
  ->  [aptEventHandler.js:337] observe([object XPCWrappedNative_NoHelper],"jaxerEvent.HTMLParseComplete",null)
paths:
  -> file:///E:/Aptana%20Jaxer%20Apache/Jaxer/Apache2-4Build/jaxer/framework/src/ModuleLogger.js
  -> file:///E:/Aptana%20Jaxer%20Apache/Jaxer/Apache2-4Build/jaxer/framework/src/HandlePage.js
  -> file:///E:/Aptana%20Jaxer%20Apache/Jaxer/Apache2-4Build/jaxer/framework/src/CoreEvents.js
  -> file:///E:/Aptana%20Jaxer%20Apache/Jaxer/Apache2-4Build/jaxer/components/aptEventHandler.js

01:13:09 12/24/2025 [ 22864] [DEBUG] [JS Framework] [HandlePage.onHandlePage] Script processing starting
stack:
  ->  [ModuleLogger.js:98] debug("Script processing starting")
  ->  [HandlePage.js:62] onHandlePage([object XPCWrappedNative_NoHelper],[object HTMLDocument])
  ->  [CoreEvents.js:293] fireEvent("HANDLE_PAGE",[object Array])
  ->  [CoreEvents.js:234] fire("PARSE_COMPLETE",[object XPCWrappedNative_NoHelper],[object HTMLDocument])
  ->  [aptEventHandler.js:337] observe([object XPCWrappedNative_NoHelper],"jaxerEvent.HTMLParseComplete",null)
paths:
  -> file:///E:/Aptana%20Jaxer%20Apache/Jaxer/Apache2-4Build/jaxer/framework/src/ModuleLogger.js
  -> file:///E:/Aptana%20Jaxer%20Apache/Jaxer/Apache2-4Build/jaxer/framework/src/HandlePage.js
  -> file:///E:/Aptana%20Jaxer%20Apache/Jaxer/Apache2-4Build/jaxer/framework/src/CoreEvents.js
  -> file:///E:/Aptana%20Jaxer%20Apache/Jaxer/Apache2-4Build/jaxer/components/aptEventHandler.js

01:13:09 12/24/2025 [ 22864] [DEBUG] [JS Framework] [CallbackManager.processScriptElements] Found 0 script blocks to conditionally post-process
stack:
  ->  [ModuleLogger.js:98] debug("Found 0 script blocks to conditionally post-process")
  ->  [CallbackManager.js:505] processScriptElements([object Object])
  ->  [CallbackManager.js:67] processCallbacks([object HTMLDocument])
  ->  [HandlePage.js:63] onHandlePage([object XPCWrappedNative_NoHelper],[object HTMLDocument])
  ->  [CoreEvents.js:293] fireEvent("HANDLE_PAGE",[object Array])
  ->  [CoreEvents.js:234] fire("PARSE_COMPLETE",[object XPCWrappedNative_NoHelper],[object HTMLDocument])
  ->  [aptEventHandler.js:337] observe([object XPCWrappedNative_NoHelper],"jaxerEvent.HTMLParseComplete",null)
paths:
  -> file:///E:/Aptana%20Jaxer%20Apache/Jaxer/Apache2-4Build/jaxer/framework/src/ModuleLogger.js
  -> file:///E:/Aptana%20Jaxer%20Apache/Jaxer/Apache2-4Build/jaxer/framework/src/CallbackManager.js
  -> file:///E:/Aptana%20Jaxer%20Apache/Jaxer/Apache2-4Build/jaxer/framework/src/HandlePage.js
  -> file:///E:/Aptana%20Jaxer%20Apache/Jaxer/Apache2-4Build/jaxer/framework/src/CoreEvents.js
  -> file:///E:/Aptana%20Jaxer%20Apache/Jaxer/Apache2-4Build/jaxer/components/aptEventHandler.js

01:13:09 12/24/2025 [ 22864] [TRACE] [JS Framework] [CallbackManager.cacheServerFunctions] Going to cache 0 functions...
stack:
  ->  [ModuleLogger.js:98] trace("Going to cache 0 functions...")
  ->  [CallbackManager.js:91] cacheServerFunctions([object Object])
  ->  [CallbackManager.js:73] processCallbacks([object HTMLDocument])
  ->  [HandlePage.js:63] onHandlePage([object XPCWrappedNative_NoHelper],[object HTMLDocument])
  ->  [CoreEvents.js:293] fireEvent("HANDLE_PAGE",[object Array])
  ->  [CoreEvents.js:234] fire("PARSE_COMPLETE",[object XPCWrappedNative_NoHelper],[object HTMLDocument])
  ->  [aptEventHandler.js:337] observe([object XPCWrappedNative_NoHelper],"jaxerEvent.HTMLParseComplete",null)
paths:
  -> file:///E:/Aptana%20Jaxer%20Apache/Jaxer/Apache2-4Build/jaxer/framework/src/ModuleLogger.js
  -> file:///E:/Aptana%20Jaxer%20Apache/Jaxer/Apache2-4Build/jaxer/framework/src/CallbackManager.js
  -> file:///E:/Aptana%20Jaxer%20Apache/Jaxer/Apache2-4Build/jaxer/framework/src/HandlePage.js
  -> file:///E:/Aptana%20Jaxer%20Apache/Jaxer/Apache2-4Build/jaxer/framework/src/CoreEvents.js
  -> file:///E:/Aptana%20Jaxer%20Apache/Jaxer/Apache2-4Build/jaxer/components/aptEventHandler.js

01:13:09 12/24/2025 [ 22864] [DEBUG] [JS Framework] [HandlePage.onHandlePage] Script processing complete
stack:
  ->  [ModuleLogger.js:98] debug("Script processing complete")
  ->  [HandlePage.js:64] onHandlePage([object XPCWrappedNative_NoHelper],[object HTMLDocument])
  ->  [CoreEvents.js:293] fireEvent("HANDLE_PAGE",[object Array])
  ->  [CoreEvents.js:234] fire("PARSE_COMPLETE",[object XPCWrappedNative_NoHelper],[object HTMLDocument])
  ->  [aptEventHandler.js:337] observe([object XPCWrappedNative_NoHelper],"jaxerEvent.HTMLParseComplete",null)
paths:
  -> file:///E:/Aptana%20Jaxer%20Apache/Jaxer/Apache2-4Build/jaxer/framework/src/ModuleLogger.js
  -> file:///E:/Aptana%20Jaxer%20Apache/Jaxer/Apache2-4Build/jaxer/framework/src/HandlePage.js
  -> file:///E:/Aptana%20Jaxer%20Apache/Jaxer/Apache2-4Build/jaxer/framework/src/CoreEvents.js
  -> file:///E:/Aptana%20Jaxer%20Apache/Jaxer/Apache2-4Build/jaxer/components/aptEventHandler.js

01:13:09 12/24/2025 [ 22864] [TRACE] [JS Framework] [HandlePage.processLoadEvent] Processing load event 'aftercallbackprocessing' with doc = [object HTMLDocument]
stack:
  ->  [ModuleLogger.js:98] trace("Processing load event 'aftercallbackprocessing' with doc = [object HTMLDocument]")
  ->  [HandlePage.js:258] processLoadEvent("aftercallbackprocessing",[object HTMLDocument],true)
  ->  [HandlePage.js:241] processAfterCallbackProcessing([object HTMLDocument])
  ->  [HandlePage.js:66] onHandlePage([object XPCWrappedNative_NoHelper],[object HTMLDocument])
  ->  [CoreEvents.js:293] fireEvent("HANDLE_PAGE",[object Array])
  ->  [CoreEvents.js:234] fire("PARSE_COMPLETE",[object XPCWrappedNative_NoHelper],[object HTMLDocument])
  ->  [aptEventHandler.js:337] observe([object XPCWrappedNative_NoHelper],"jaxerEvent.HTMLParseComplete",null)
paths:
  -> file:///E:/Aptana%20Jaxer%20Apache/Jaxer/Apache2-4Build/jaxer/framework/src/ModuleLogger.js
  -> file:///E:/Aptana%20Jaxer%20Apache/Jaxer/Apache2-4Build/jaxer/framework/src/HandlePage.js
  -> file:///E:/Aptana%20Jaxer%20Apache/Jaxer/Apache2-4Build/jaxer/framework/src/CoreEvents.js
  -> file:///E:/Aptana%20Jaxer%20Apache/Jaxer/Apache2-4Build/jaxer/components/aptEventHandler.js

01:13:09 12/24/2025 [ 22864] [DEBUG] [JS Framework] [SessionManager.keyToResponse] Saving session key to the client via cookie JaxerSessionId$$localhost:8081: 176589175647709027719934159097
stack:
  ->  [ModuleLogger.js:98] debug("Saving session key to the client via cookie JaxerSessionId$$localhost:8081: 176589175647709027719934159097")
  ->  [SessionManager.js:82] keyToResponse("localhost:8081","176589175647709027719934159097")
  ->  [Container.js:614] persistAll([object HTMLDocument])
  ->  [HandlePage.js:73] onHandlePage([object XPCWrappedNative_NoHelper],[object HTMLDocument])
  ->  [CoreEvents.js:293] fireEvent("HANDLE_PAGE",[object Array])
  ->  [CoreEvents.js:234] fire("PARSE_COMPLETE",[object XPCWrappedNative_NoHelper],[object HTMLDocument])
  ->  [aptEventHandler.js:337] observe([object XPCWrappedNative_NoHelper],"jaxerEvent.HTMLParseComplete",null)
paths:
  -> file:///E:/Aptana%20Jaxer%20Apache/Jaxer/Apache2-4Build/jaxer/framework/src/ModuleLogger.js
  -> file:///E:/Aptana%20Jaxer%20Apache/Jaxer/Apache2-4Build/jaxer/framework/src/SessionManager.js
  -> file:///E:/Aptana%20Jaxer%20Apache/Jaxer/Apache2-4Build/jaxer/framework/src/Container.js
  -> file:///E:/Aptana%20Jaxer%20Apache/Jaxer/Apache2-4Build/jaxer/framework/src/HandlePage.js
  -> file:///E:/Aptana%20Jaxer%20Apache/Jaxer/Apache2-4Build/jaxer/framework/src/CoreEvents.js
  -> file:///E:/Aptana%20Jaxer%20Apache/Jaxer/Apache2-4Build/jaxer/components/aptEventHandler.js

01:13:09 12/24/2025 [ 22864] [TRACE] [JS Framework] [Container.persist] For container APPLICATION:localhost:8081: Persisting
stack:
  ->  [ModuleLogger.js:98] trace("For container APPLICATION:localhost:8081: Persisting")
  ->  [Container.js:313] persist()
  ->  [Container.js:620] persistAll([object HTMLDocument])
  ->  [HandlePage.js:73] onHandlePage([object XPCWrappedNative_NoHelper],[object HTMLDocument])
  ->  [CoreEvents.js:293] fireEvent("HANDLE_PAGE",[object Array])
  ->  [CoreEvents.js:234] fire("PARSE_COMPLETE",[object XPCWrappedNative_NoHelper],[object HTMLDocument])
  ->  [aptEventHandler.js:337] observe([object XPCWrappedNative_NoHelper],"jaxerEvent.HTMLParseComplete",null)
paths:
  -> file:///E:/Aptana%20Jaxer%20Apache/Jaxer/Apache2-4Build/jaxer/framework/src/ModuleLogger.js
  -> file:///E:/Aptana%20Jaxer%20Apache/Jaxer/Apache2-4Build/jaxer/framework/src/Container.js
  -> file:///E:/Aptana%20Jaxer%20Apache/Jaxer/Apache2-4Build/jaxer/framework/src/HandlePage.js
  -> file:///E:/Aptana%20Jaxer%20Apache/Jaxer/Apache2-4Build/jaxer/framework/src/CoreEvents.js
  -> file:///E:/Aptana%20Jaxer%20Apache/Jaxer/Apache2-4Build/jaxer/components/aptEventHandler.js

01:13:09 12/24/2025 [ 22864] [TRACE] [JS Framework] [Container.persist] For container PAGE:localhost:8081/aptana/apps_and_tools.html: Persisting
stack:
  ->  [ModuleLogger.js:98] trace("For container PAGE:localhost:8081/aptana/apps_and_tools.html: Persisting")
  ->  [Container.js:313] persist()
  ->  [Container.js:620] persistAll([object HTMLDocument])
  ->  [HandlePage.js:73] onHandlePage([object XPCWrappedNative_NoHelper],[object HTMLDocument])
  ->  [CoreEvents.js:293] fireEvent("HANDLE_PAGE",[object Array])
  ->  [CoreEvents.js:234] fire("PARSE_COMPLETE",[object XPCWrappedNative_NoHelper],[object HTMLDocument])
  ->  [aptEventHandler.js:337] observe([object XPCWrappedNative_NoHelper],"jaxerEvent.HTMLParseComplete",null)
paths:
  -> file:///E:/Aptana%20Jaxer%20Apache/Jaxer/Apache2-4Build/jaxer/framework/src/ModuleLogger.js
  -> file:///E:/Aptana%20Jaxer%20Apache/Jaxer/Apache2-4Build/jaxer/framework/src/Container.js
  -> file:///E:/Aptana%20Jaxer%20Apache/Jaxer/Apache2-4Build/jaxer/framework/src/HandlePage.js
  -> file:///E:/Aptana%20Jaxer%20Apache/Jaxer/Apache2-4Build/jaxer/framework/src/CoreEvents.js
  -> file:///E:/Aptana%20Jaxer%20Apache/Jaxer/Apache2-4Build/jaxer/components/aptEventHandler.js

01:13:09 12/24/2025 [ 22864] [TRACE] [JS Framework] [Container.persist] For container SESSION:176589175647709027719934159097: Persisting
stack:
  ->  [ModuleLogger.js:98] trace("For container SESSION:176589175647709027719934159097: Persisting")
  ->  [Container.js:313] persist()
  ->  [Container.js:620] persistAll([object HTMLDocument])
  ->  [HandlePage.js:73] onHandlePage([object XPCWrappedNative_NoHelper],[object HTMLDocument])
  ->  [CoreEvents.js:293] fireEvent("HANDLE_PAGE",[object Array])
  ->  [CoreEvents.js:234] fire("PARSE_COMPLETE",[object XPCWrappedNative_NoHelper],[object HTMLDocument])
  ->  [aptEventHandler.js:337] observe([object XPCWrappedNative_NoHelper],"jaxerEvent.HTMLParseComplete",null)
paths:
  -> file:///E:/Aptana%20Jaxer%20Apache/Jaxer/Apache2-4Build/jaxer/framework/src/ModuleLogger.js
  -> file:///E:/Aptana%20Jaxer%20Apache/Jaxer/Apache2-4Build/jaxer/framework/src/Container.js
  -> file:///E:/Aptana%20Jaxer%20Apache/Jaxer/Apache2-4Build/jaxer/framework/src/HandlePage.js
  -> file:///E:/Aptana%20Jaxer%20Apache/Jaxer/Apache2-4Build/jaxer/framework/src/CoreEvents.js
  -> file:///E:/Aptana%20Jaxer%20Apache/Jaxer/Apache2-4Build/jaxer/components/aptEventHandler.js

01:13:09 12/24/2025 [ 22864] [TRACE] [JS Framework] [Container.persist] For container SESSION_PAGE:176589175647709027719934159097$$localhost:8081/aptana/apps_and_tools.html: Persisting
stack:
  ->  [ModuleLogger.js:98] trace("For container SESSION_PAGE:176589175647709027719934159097$$localhost:8081/aptana/apps_and_tools.html: Persisting")
  ->  [Container.js:313] persist()
  ->  [Container.js:620] persistAll([object HTMLDocument])
  ->  [HandlePage.js:73] onHandlePage([object XPCWrappedNative_NoHelper],[object HTMLDocument])
  ->  [CoreEvents.js:293] fireEvent("HANDLE_PAGE",[object Array])
  ->  [CoreEvents.js:234] fire("PARSE_COMPLETE",[object XPCWrappedNative_NoHelper],[object HTMLDocument])
  ->  [aptEventHandler.js:337] observe([object XPCWrappedNative_NoHelper],"jaxerEvent.HTMLParseComplete",null)
paths:
  -> file:///E:/Aptana%20Jaxer%20Apache/Jaxer/Apache2-4Build/jaxer/framework/src/ModuleLogger.js
  -> file:///E:/Aptana%20Jaxer%20Apache/Jaxer/Apache2-4Build/jaxer/framework/src/Container.js
  -> file:///E:/Aptana%20Jaxer%20Apache/Jaxer/Apache2-4Build/jaxer/framework/src/HandlePage.js
  -> file:///E:/Aptana%20Jaxer%20Apache/Jaxer/Apache2-4Build/jaxer/framework/src/CoreEvents.js
  -> file:///E:/Aptana%20Jaxer%20Apache/Jaxer/Apache2-4Build/jaxer/components/aptEventHandler.js

01:13:09 12/24/2025 [ 22864] [TRACE] [JS Framework] [HandlePage.onHandlePage] Containers persisted
stack:
  ->  [ModuleLogger.js:98] trace("Containers persisted")
  ->  [HandlePage.js:74] onHandlePage([object XPCWrappedNative_NoHelper],[object HTMLDocument])
  ->  [CoreEvents.js:293] fireEvent("HANDLE_PAGE",[object Array])
  ->  [CoreEvents.js:234] fire("PARSE_COMPLETE",[object XPCWrappedNative_NoHelper],[object HTMLDocument])
  ->  [aptEventHandler.js:337] observe([object XPCWrappedNative_NoHelper],"jaxerEvent.HTMLParseComplete",null)
paths:
  -> file:///E:/Aptana%20Jaxer%20Apache/Jaxer/Apache2-4Build/jaxer/framework/src/ModuleLogger.js
  -> file:///E:/Aptana%20Jaxer%20Apache/Jaxer/Apache2-4Build/jaxer/framework/src/HandlePage.js
  -> file:///E:/Aptana%20Jaxer%20Apache/Jaxer/Apache2-4Build/jaxer/framework/src/CoreEvents.js
  -> file:///E:/Aptana%20Jaxer%20Apache/Jaxer/Apache2-4Build/jaxer/components/aptEventHandler.js

01:13:09 12/24/2025 [ 22864] [TRACE] [JS Framework] [Response.useOriginalContents] Jaxer did not end up modifying this page or having any (known) side-effects - using original response in lieu of a Jaxer-generated one
stack:
  ->  [ModuleLogger.js:98] trace("Jaxer did not end up modifying this page or having any (known) side-effects - using original response in lieu of a Jaxer-generated one")
  ->  [Response.js:540] useOriginalContents()
  ->  [HandlePage.js:197] onHandlePage([object XPCWrappedNative_NoHelper],[object HTMLDocument])
  ->  [CoreEvents.js:293] fireEvent("HANDLE_PAGE",[object Array])
  ->  [CoreEvents.js:234] fire("PARSE_COMPLETE",[object XPCWrappedNative_NoHelper],[object HTMLDocument])
  ->  [aptEventHandler.js:337] observe([object XPCWrappedNative_NoHelper],"jaxerEvent.HTMLParseComplete",null)
paths:
  -> file:///E:/Aptana%20Jaxer%20Apache/Jaxer/Apache2-4Build/jaxer/framework/src/ModuleLogger.js
  -> file:///E:/Aptana%20Jaxer%20Apache/Jaxer/Apache2-4Build/jaxer/framework/src/Response.js
  -> file:///E:/Aptana%20Jaxer%20Apache/Jaxer/Apache2-4Build/jaxer/framework/src/HandlePage.js
  -> file:///E:/Aptana%20Jaxer%20Apache/Jaxer/Apache2-4Build/jaxer/framework/src/CoreEvents.js
  -> file:///E:/Aptana%20Jaxer%20Apache/Jaxer/Apache2-4Build/jaxer/components/aptEventHandler.js

01:13:09 12/24/2025 [ 22864] [TRACE] [JS Framework] [CoreEvents.fireEvent] Firing an event for PARSE_COMPLETE
stack:
  ->  [ModuleLogger.js:98] trace("Firing an event for PARSE_COMPLETE")
  ->  [CoreEvents.js:282] fireEvent("PARSE_COMPLETE",[object Array])
  ->  [CoreEvents.js:238] fire("PARSE_COMPLETE",[object XPCWrappedNative_NoHelper],[object HTMLDocument])
  ->  [aptEventHandler.js:337] observe([object XPCWrappedNative_NoHelper],"jaxerEvent.HTMLParseComplete",null)
paths:
  -> file:///E:/Aptana%20Jaxer%20Apache/Jaxer/Apache2-4Build/jaxer/framework/src/ModuleLogger.js
  -> file:///E:/Aptana%20Jaxer%20Apache/Jaxer/Apache2-4Build/jaxer/framework/src/CoreEvents.js
  -> file:///E:/Aptana%20Jaxer%20Apache/Jaxer/Apache2-4Build/jaxer/components/aptEventHandler.js

01:13:09 12/24/2025 [ 22864] [TRACE] [JS Framework] [CoreEvents.fireEvent] Calling event handler: function onParseComplete(evt, doc) {
    Jaxer.__tempLoad.cl...
stack:
  ->  [ModuleLogger.js:98] trace("Calling event handler: function onParseComplete(evt, doc) {\n    Jaxer.__tempLoad.cl...")
  ->  [CoreEvents.js:292] fireEvent("PARSE_COMPLETE",[object Array])
  ->  [CoreEvents.js:238] fire("PARSE_COMPLETE",[object XPCWrappedNative_NoHelper],[object HTMLDocument])
  ->  [aptEventHandler.js:337] observe([object XPCWrappedNative_NoHelper],"jaxerEvent.HTMLParseComplete",null)
paths:
  -> file:///E:/Aptana%20Jaxer%20Apache/Jaxer/Apache2-4Build/jaxer/framework/src/ModuleLogger.js
  -> file:///E:/Aptana%20Jaxer%20Apache/Jaxer/Apache2-4Build/jaxer/framework/src/CoreEvents.js
  -> file:///E:/Aptana%20Jaxer%20Apache/Jaxer/Apache2-4Build/jaxer/components/aptEventHandler.js

01:13:09 12/24/2025 [ 22864] [TRACE] [JS Framework] [CoreEvents.fire] At this time, evt.Request.isHandler=false and eventType: REQUEST_COMPLETE
stack:
  ->  [ModuleLogger.js:98] trace("At this time, evt.Request.isHandler=false and eventType: REQUEST_COMPLETE")
  ->  [CoreEvents.js:205] fire("REQUEST_COMPLETE",[object XPCWrappedNative_NoHelper])
  ->  [aptEventHandler.js:351] observe([object XPCWrappedNative_NoHelper],"jaxerEvent.RequestComplete",null)
paths:
  -> file:///E:/Aptana%20Jaxer%20Apache/Jaxer/Apache2-4Build/jaxer/framework/src/ModuleLogger.js
  -> file:///E:/Aptana%20Jaxer%20Apache/Jaxer/Apache2-4Build/jaxer/framework/src/CoreEvents.js
  -> file:///E:/Aptana%20Jaxer%20Apache/Jaxer/Apache2-4Build/jaxer/components/aptEventHandler.js

01:13:09 12/24/2025 [ 22864] [TRACE] [JS Framework] [CoreEvents.fireEvent] Firing an event for REQUEST_COMPLETE
stack:
  ->  [ModuleLogger.js:98] trace("Firing an event for REQUEST_COMPLETE")
  ->  [CoreEvents.js:282] fireEvent("REQUEST_COMPLETE",[object Array])
  ->  [CoreEvents.js:238] fire("REQUEST_COMPLETE",[object XPCWrappedNative_NoHelper])
  ->  [aptEventHandler.js:351] observe([object XPCWrappedNative_NoHelper],"jaxerEvent.RequestComplete",null)
paths:
  -> file:///E:/Aptana%20Jaxer%20Apache/Jaxer/Apache2-4Build/jaxer/framework/src/ModuleLogger.js
  -> file:///E:/Aptana%20Jaxer%20Apache/Jaxer/Apache2-4Build/jaxer/framework/src/CoreEvents.js
  -> file:///E:/Aptana%20Jaxer%20Apache/Jaxer/Apache2-4Build/jaxer/components/aptEventHandler.js

01:13:09 12/24/2025 [ 22864] [TRACE] [JS Framework] [CoreEvents.fireEvent] Calling event handler: function onRequestComplete(evt) {
}...
stack:
  ->  [ModuleLogger.js:98] trace("Calling event handler: function onRequestComplete(evt) {\n}...")
  ->  [CoreEvents.js:292] fireEvent("REQUEST_COMPLETE",[object Array])
  ->  [CoreEvents.js:238] fire("REQUEST_COMPLETE",[object XPCWrappedNative_NoHelper])
  ->  [aptEventHandler.js:351] observe([object XPCWrappedNative_NoHelper],"jaxerEvent.RequestComplete",null)
paths:
  -> file:///E:/Aptana%20Jaxer%20Apache/Jaxer/Apache2-4Build/jaxer/framework/src/ModuleLogger.js
  -> file:///E:/Aptana%20Jaxer%20Apache/Jaxer/Apache2-4Build/jaxer/framework/src/CoreEvents.js
  -> file:///E:/Aptana%20Jaxer%20Apache/Jaxer/Apache2-4Build/jaxer/components/aptEventHandler.js

01:13:12 12/24/2025 [ 15324] [TRACE] [JS Framework] [CoreEvents.fire] At this time, evt.Request.isHandler=false and eventType: REQUEST_START
stack:
  ->  [ModuleLogger.js:98] trace("At this time, evt.Request.isHandler=false and eventType: REQUEST_START")
  ->  [CoreEvents.js:205] fire("REQUEST_START",[object XPCWrappedNative_NoHelper])
  ->  [aptEventHandler.js:292] observe([object XPCWrappedNative_NoHelper],"jaxerEvent.RequestStart",null)
paths:
  -> file:///E:/Aptana%20Jaxer%20Apache/Jaxer/Apache2-4Build/jaxer/framework/src/ModuleLogger.js
  -> file:///E:/Aptana%20Jaxer%20Apache/Jaxer/Apache2-4Build/jaxer/framework/src/CoreEvents.js
  -> file:///E:/Aptana%20Jaxer%20Apache/Jaxer/Apache2-4Build/jaxer/components/aptEventHandler.js

01:13:12 12/24/2025 [ 15324] [TRACE] [JS Framework] [CoreEvents.fireEvent] Firing an event for REQUEST_START
stack:
  ->  [ModuleLogger.js:98] trace("Firing an event for REQUEST_START")
  ->  [CoreEvents.js:282] fireEvent("REQUEST_START",[object Array])
  ->  [CoreEvents.js:238] fire("REQUEST_START",[object XPCWrappedNative_NoHelper])
  ->  [aptEventHandler.js:292] observe([object XPCWrappedNative_NoHelper],"jaxerEvent.RequestStart",null)
paths:
  -> file:///E:/Aptana%20Jaxer%20Apache/Jaxer/Apache2-4Build/jaxer/framework/src/ModuleLogger.js
  -> file:///E:/Aptana%20Jaxer%20Apache/Jaxer/Apache2-4Build/jaxer/framework/src/CoreEvents.js
  -> file:///E:/Aptana%20Jaxer%20Apache/Jaxer/Apache2-4Build/jaxer/components/aptEventHandler.js

01:13:12 12/24/2025 [ 15324] [TRACE] [JS Framework] [CoreEvents.fireEvent] Calling event handler: function onRequestStart(evt) {
}...
stack:
  ->  [ModuleLogger.js:98] trace("Calling event handler: function onRequestStart(evt) {\n}...")
  ->  [CoreEvents.js:292] fireEvent("REQUEST_START",[object Array])
  ->  [CoreEvents.js:238] fire("REQUEST_START",[object XPCWrappedNative_NoHelper])
  ->  [aptEventHandler.js:292] observe([object XPCWrappedNative_NoHelper],"jaxerEvent.RequestStart",null)
paths:
  -> file:///E:/Aptana%20Jaxer%20Apache/Jaxer/Apache2-4Build/jaxer/framework/src/ModuleLogger.js
  -> file:///E:/Aptana%20Jaxer%20Apache/Jaxer/Apache2-4Build/jaxer/framework/src/CoreEvents.js
  -> file:///E:/Aptana%20Jaxer%20Apache/Jaxer/Apache2-4Build/jaxer/components/aptEventHandler.js

01:13:12 12/24/2025 [ 15324] [TRACE] [JS Framework] [CoreEvents.fire] At this time, evt.Request.isHandler=false and eventType: PARSE_START
stack:
  ->  [ModuleLogger.js:98] trace("At this time, evt.Request.isHandler=false and eventType: PARSE_START")
  ->  [CoreEvents.js:205] fire("PARSE_START",[object XPCWrappedNative_NoHelper])
  ->  [aptEventHandler.js:306] observe([object XPCWrappedNative_NoHelper],"jaxerEvent.HTMLParseStart",null)
paths:
  -> file:///E:/Aptana%20Jaxer%20Apache/Jaxer/Apache2-4Build/jaxer/framework/src/ModuleLogger.js
  -> file:///E:/Aptana%20Jaxer%20Apache/Jaxer/Apache2-4Build/jaxer/framework/src/CoreEvents.js
  -> file:///E:/Aptana%20Jaxer%20Apache/Jaxer/Apache2-4Build/jaxer/components/aptEventHandler.js

01:13:12 12/24/2025 [ 15324] [TRACE] [JS Framework] [CoreEvents.fireEvent] Firing an event for PARSE_START
stack:
  ->  [ModuleLogger.js:98] trace("Firing an event for PARSE_START")
  ->  [CoreEvents.js:282] fireEvent("PARSE_START",[object Array])
  ->  [CoreEvents.js:238] fire("PARSE_START",[object XPCWrappedNative_NoHelper])
  ->  [aptEventHandler.js:306] observe([object XPCWrappedNative_NoHelper],"jaxerEvent.HTMLParseStart",null)
paths:
  -> file:///E:/Aptana%20Jaxer%20Apache/Jaxer/Apache2-4Build/jaxer/framework/src/ModuleLogger.js
  -> file:///E:/Aptana%20Jaxer%20Apache/Jaxer/Apache2-4Build/jaxer/framework/src/CoreEvents.js
  -> file:///E:/Aptana%20Jaxer%20Apache/Jaxer/Apache2-4Build/jaxer/components/aptEventHandler.js

01:13:12 12/24/2025 [ 15324] [TRACE] [JS Framework] [CoreEvents.fireEvent] Calling event handler: function onParseStart(evt) {
    Jaxer.request = frameworkGl...
stack:
  ->  [ModuleLogger.js:98] trace("Calling event handler: function onParseStart(evt) {\n    Jaxer.request = frameworkGl...")
  ->  [CoreEvents.js:292] fireEvent("PARSE_START",[object Array])
  ->  [CoreEvents.js:238] fire("PARSE_START",[object XPCWrappedNative_NoHelper])
  ->  [aptEventHandler.js:306] observe([object XPCWrappedNative_NoHelper],"jaxerEvent.HTMLParseStart",null)
paths:
  -> file:///E:/Aptana%20Jaxer%20Apache/Jaxer/Apache2-4Build/jaxer/framework/src/ModuleLogger.js
  -> file:///E:/Aptana%20Jaxer%20Apache/Jaxer/Apache2-4Build/jaxer/framework/src/CoreEvents.js
  -> file:///E:/Aptana%20Jaxer%20Apache/Jaxer/Apache2-4Build/jaxer/components/aptEventHandler.js

01:13:12 12/24/2025 [ 15324] [TRACE] [JS Framework] [Request.Request] Constructing request from: ({constructorErrors:[], _request:{}, method:"GET", isHandler:false, uri:"/aptana/diagnostics/index.html", protocol:"HTTP/1.1", remoteUser:"", remoteHost:"desktop-lpv0ncp", remoteAddr:"::1", pageFile:"E:/Aptana Jaxer Apache/Jaxer/Apache2-4Build/jaxer/aptana/diagnostics/index.html", documentRoot:"E:/Aptana Jaxer Apache/Jaxer/Apache2-4Build/public", OS:"WINNT", isJaxerServer:false, isHTTPS:false, queryString:"", logFileNativePath:"", action:"GET", headers:{Host:"localhost:8081", Connection:"keep-alive", 'sec-ch-ua':"\"Chromium\";v=\"140\", \"Not=A?Brand\";v=\"24\", \"Opera\";v=\"124\"", 'sec-ch-ua-mobile':"?0", 'sec-ch-ua-platform':"\"Windows\"", 'Upgrade-Insecure-Requests':"1", 'User-Agent':"Mozilla/5.0 (Windows NT 10.0; Win64; x64) AppleWebKit/537.36 (KHTML, like Gecko) Chrome/140.0.0.0 Safari/537.36 OPR/124.0.0.0", Accept:"text/html,application/xhtml+xml,application/xml;q=0.9,image/avif,image/webp,image/apng,*/*;q=0.8,application/signed-exchange;v=b3;q=0.7", 'Sec-Fetch-Site':"same-origin", 'Sec-Fetch-Mode':"navigate", 'Sec-Fetch-User':"?1", 'Sec-Fetch-Dest':"document", Referer:"http://localhost:8081/aptana/", 'Accept-Encoding':"gzip, deflate, br, zstd", 'Accept-Language':"en-US,en;q=0.9", Cookie:"JaxerSessionId%24%24localhost%3A8081=176589175647709027719934159097; JaxerSessionId%24%24diagnostics=1766389857171006019406608883027; JaxerSessionId%24%24chat=176650225815408013378880202926; JaxerSessionId%24%24smtp-email=1766502615487048247814800171795; JaxerSessionId%24%24rss-sample=1766502620172023884340692192807; JaxerSessionId%24%24tasks=176650262827103192941976629359; JaxerSessionId%24%24wikilite=1766502633159009874746526267386; JaxerSessionId%24%24logging=176650264152708165463317747484; JaxerSessionId%24%24csajax=176650265576703773913072428896; JaxerSessionId%24%24shell=176650266145103665372259304419"}})
stack:
  ->  [ModuleLogger.js:98] trace("Constructing request from: ({constructorErrors:[], _request:{}, method:\"GET\", isHandler:false, uri:\"/aptana/diagnostics/index.html\", protocol:\"HTTP/1.1\", remoteUser:\"\", remoteHost:\"desktop-lpv0ncp\", remoteAddr:\"::1\", pageFile:\"E:/Aptana Jaxer Apache/Jaxer/Apache2-4Build/jaxer/aptana/diagnostics/index.html\", documentRoot:\"E:/Aptana Jaxer Apache/Jaxer/Apache2-4Build/public\", OS:\"WINNT\", isJaxerServer:false, isHTTPS:false, queryString:\"\", logFileNativePath:\"\", action:\"GET\", headers:{Host:\"localhost:8081\", Connection:\"keep-alive\", 'sec-ch-ua':\"\\\"Chromium\\\";v=\\\"140\\\", \\\"Not=A?Brand\\\";v=\\\"24\\\", \\\"Opera\\\";v=\\\"124\\\"\", 'sec-ch-ua-mobile':\"?0\", 'sec-ch-ua-platform':\"\\\"Windows\\\"\", 'Upgrade-Insecure-Requests':\"1\", 'User-Agent':\"Mozilla/5.0 (Windows NT 10.0; Win64; x64) AppleWebKit/537.36 (KHTML, like Gecko) Chrome/140.0.0.0 Safari/537.36 OPR/124.0.0.0\", Accept:\"text/html,application/xhtml+xml,application/xml;q=0.9,image/avif,image/webp,image/apng,*/*;q=0.8,application/signed-exchange;v=b3;q=0.7\", 'Sec-Fetch-Site':\"same-origin\", 'Sec-Fetch-Mode':\"navigate\", 'Sec-Fetch-User':\"?1\", 'Sec-Fetch-Dest':\"document\", Referer:\"http://localhost:8081/aptana/\", 'Accept-Encoding':\"gzip, deflate, br, zstd\", 'Accept-Language':\"en-US,en;q=0.9\", Cookie:\"JaxerSessionId%24%24localhost%3A8081=176589175647709027719934159097; JaxerSessionId%24%24diagnostics=1766389857171006019406608883027; JaxerSessionId%24%24chat=176650225815408013378880202926; JaxerSessionId%24%24smtp-email=1766502615487048247814800171795; JaxerSessionId%24%24rss-sample=1766502620172023884340692192807; JaxerSessionId%24%24tasks=176650262827103192941976629359; JaxerSessionId%24%24wikilite=1766502633159009874746526267386; JaxerSessionId%24%24logging=176650264152708165463317747484; JaxerSessionId%24%24csajax=176650265576703773913072428896; JaxerSessionId%24%24shell=176650266145103665372259304419\"}})")
  ->  [Request.js:202] Request([object XPCWrappedNative_NoHelper])
  ->  [ParseStart.js:49] onParseStart([object XPCWrappedNative_NoHelper])
  ->  [CoreEvents.js:293] fireEvent("PARSE_START",[object Array])
  ->  [CoreEvents.js:238] fire("PARSE_START",[object XPCWrappedNative_NoHelper])
  ->  [aptEventHandler.js:306] observe([object XPCWrappedNative_NoHelper],"jaxerEvent.HTMLParseStart",null)
paths:
  -> file:///E:/Aptana%20Jaxer%20Apache/Jaxer/Apache2-4Build/jaxer/framework/src/ModuleLogger.js
  -> file:///E:/Aptana%20Jaxer%20Apache/Jaxer/Apache2-4Build/jaxer/framework/src/Request.js
  -> file:///E:/Aptana%20Jaxer%20Apache/Jaxer/Apache2-4Build/jaxer/framework/src/ParseStart.js
  -> file:///E:/Aptana%20Jaxer%20Apache/Jaxer/Apache2-4Build/jaxer/framework/src/CoreEvents.js
  -> file:///E:/Aptana%20Jaxer%20Apache/Jaxer/Apache2-4Build/jaxer/components/aptEventHandler.js

01:13:12 12/24/2025 [ 15324] [TRACE] [JS Framework] [ParseStart.onParseStart] Matching app using parsedUrl='({url:"http://localhost:8081/aptana/diagnostics/index.html", scheme:"http", protocol:"http", authority:"localhost:8081", path:"/aptana/diagnostics/index.html", query:"", fragment:"", userInfo:"", host:"localhost", port:"8081", hostAndPort:"localhost:8081", base:"http://localhost:8081", subdomain:"", domain:"localhost", pathParts:["aptana", "diagnostics", "index.html"], leaf:"index.html", queryParts:{}})'
stack:
  ->  [ModuleLogger.js:98] trace("Matching app using parsedUrl='({url:\"http://localhost:8081/aptana/diagnostics/index.html\", scheme:\"http\", protocol:\"http\", authority:\"localhost:8081\", path:\"/aptana/diagnostics/index.html\", query:\"\", fragment:\"\", userInfo:\"\", host:\"localhost\", port:\"8081\", hostAndPort:\"localhost:8081\", base:\"http://localhost:8081\", subdomain:\"\", domain:\"localhost\", pathParts:[\"aptana\", \"diagnostics\", \"index.html\"], leaf:\"index.html\", queryParts:{}})'")
  ->  [ParseStart.js:81] onParseStart([object XPCWrappedNative_NoHelper])
  ->  [CoreEvents.js:293] fireEvent("PARSE_START",[object Array])
  ->  [CoreEvents.js:238] fire("PARSE_START",[object XPCWrappedNative_NoHelper])
  ->  [aptEventHandler.js:306] observe([object XPCWrappedNative_NoHelper],"jaxerEvent.HTMLParseStart",null)
paths:
  -> file:///E:/Aptana%20Jaxer%20Apache/Jaxer/Apache2-4Build/jaxer/framework/src/ModuleLogger.js
  -> file:///E:/Aptana%20Jaxer%20Apache/Jaxer/Apache2-4Build/jaxer/framework/src/ParseStart.js
  -> file:///E:/Aptana%20Jaxer%20Apache/Jaxer/Apache2-4Build/jaxer/framework/src/CoreEvents.js
  -> file:///E:/Aptana%20Jaxer%20Apache/Jaxer/Apache2-4Build/jaxer/components/aptEventHandler.js

01:13:12 12/24/2025 [ 15324] [TRACE] [JS Framework] [App.init] Initializing app 'DEFAULT' (urlTest: /.*/)
stack:
  ->  [ModuleLogger.js:98] trace("Initializing app 'DEFAULT' (urlTest: /.*/)")
  ->  [App.js:184] init()
  ->  [ParseStart.js:110] onParseStart([object XPCWrappedNative_NoHelper])
  ->  [CoreEvents.js:293] fireEvent("PARSE_START",[object Array])
  ->  [CoreEvents.js:238] fire("PARSE_START",[object XPCWrappedNative_NoHelper])
  ->  [aptEventHandler.js:306] observe([object XPCWrappedNative_NoHelper],"jaxerEvent.HTMLParseStart",null)
paths:
  -> file:///E:/Aptana%20Jaxer%20Apache/Jaxer/Apache2-4Build/jaxer/framework/src/ModuleLogger.js
  -> file:///E:/Aptana%20Jaxer%20Apache/Jaxer/Apache2-4Build/jaxer/framework/src/App.js
  -> file:///E:/Aptana%20Jaxer%20Apache/Jaxer/Apache2-4Build/jaxer/framework/src/ParseStart.js
  -> file:///E:/Aptana%20Jaxer%20Apache/Jaxer/Apache2-4Build/jaxer/framework/src/CoreEvents.js
  -> file:///E:/Aptana%20Jaxer%20Apache/Jaxer/Apache2-4Build/jaxer/components/aptEventHandler.js

01:13:12 12/24/2025 [ 15324] [TRACE] [JS Framework] [App.init] APP_KEY for app 'DEFAULT': localhost:8081
stack:
  ->  [ModuleLogger.js:98] trace("APP_KEY for app 'DEFAULT': localhost:8081")
  ->  [App.js:196] init()
  ->  [ParseStart.js:110] onParseStart([object XPCWrappedNative_NoHelper])
  ->  [CoreEvents.js:293] fireEvent("PARSE_START",[object Array])
  ->  [CoreEvents.js:238] fire("PARSE_START",[object XPCWrappedNative_NoHelper])
  ->  [aptEventHandler.js:306] observe([object XPCWrappedNative_NoHelper],"jaxerEvent.HTMLParseStart",null)
paths:
  -> file:///E:/Aptana%20Jaxer%20Apache/Jaxer/Apache2-4Build/jaxer/framework/src/ModuleLogger.js
  -> file:///E:/Aptana%20Jaxer%20Apache/Jaxer/Apache2-4Build/jaxer/framework/src/App.js
  -> file:///E:/Aptana%20Jaxer%20Apache/Jaxer/Apache2-4Build/jaxer/framework/src/ParseStart.js
  -> file:///E:/Aptana%20Jaxer%20Apache/Jaxer/Apache2-4Build/jaxer/framework/src/CoreEvents.js
  -> file:///E:/Aptana%20Jaxer%20Apache/Jaxer/Apache2-4Build/jaxer/components/aptEventHandler.js

01:13:12 12/24/2025 [ 15324] [TRACE] [JS Framework] [App.init] PAGE_KEY for app 'DEFAULT': localhost:8081/aptana/diagnostics/index.html
stack:
  ->  [ModuleLogger.js:98] trace("PAGE_KEY for app 'DEFAULT': localhost:8081/aptana/diagnostics/index.html")
  ->  [App.js:208] init()
  ->  [ParseStart.js:110] onParseStart([object XPCWrappedNative_NoHelper])
  ->  [CoreEvents.js:293] fireEvent("PARSE_START",[object Array])
  ->  [CoreEvents.js:238] fire("PARSE_START",[object XPCWrappedNative_NoHelper])
  ->  [aptEventHandler.js:306] observe([object XPCWrappedNative_NoHelper],"jaxerEvent.HTMLParseStart",null)
paths:
  -> file:///E:/Aptana%20Jaxer%20Apache/Jaxer/Apache2-4Build/jaxer/framework/src/ModuleLogger.js
  -> file:///E:/Aptana%20Jaxer%20Apache/Jaxer/Apache2-4Build/jaxer/framework/src/App.js
  -> file:///E:/Aptana%20Jaxer%20Apache/Jaxer/Apache2-4Build/jaxer/framework/src/ParseStart.js
  -> file:///E:/Aptana%20Jaxer%20Apache/Jaxer/Apache2-4Build/jaxer/framework/src/CoreEvents.js
  -> file:///E:/Aptana%20Jaxer%20Apache/Jaxer/Apache2-4Build/jaxer/components/aptEventHandler.js

01:13:12 12/24/2025 [ 15324] [TRACE] [JS Framework] [App.init] PATH for app 'DEFAULT': resource:///../local_jaxer/data/DEFAULT
stack:
  ->  [ModuleLogger.js:98] trace("PATH for app 'DEFAULT': resource:///../local_jaxer/data/DEFAULT")
  ->  [App.js:231] init()
  ->  [ParseStart.js:110] onParseStart([object XPCWrappedNative_NoHelper])
  ->  [CoreEvents.js:293] fireEvent("PARSE_START",[object Array])
  ->  [CoreEvents.js:238] fire("PARSE_START",[object XPCWrappedNative_NoHelper])
  ->  [aptEventHandler.js:306] observe([object XPCWrappedNative_NoHelper],"jaxerEvent.HTMLParseStart",null)
paths:
  -> file:///E:/Aptana%20Jaxer%20Apache/Jaxer/Apache2-4Build/jaxer/framework/src/ModuleLogger.js
  -> file:///E:/Aptana%20Jaxer%20Apache/Jaxer/Apache2-4Build/jaxer/framework/src/App.js
  -> file:///E:/Aptana%20Jaxer%20Apache/Jaxer/Apache2-4Build/jaxer/framework/src/ParseStart.js
  -> file:///E:/Aptana%20Jaxer%20Apache/Jaxer/Apache2-4Build/jaxer/framework/src/CoreEvents.js
  -> file:///E:/Aptana%20Jaxer%20Apache/Jaxer/Apache2-4Build/jaxer/components/aptEventHandler.js

01:13:12 12/24/2025 [ 15324] [TRACE] [JS Framework] [App.App] Constructing App from props: ({urlTest:(function (parsedUrl) {return parsedUrl.pathParts.length > 1 && parsedUrl.pathParts[0] == "aptana" && parsedUrl.pathParts[1] == "diagnostics";}), name:(function (parsedUrl) {return "diagnostics";}), path:(function (resolvedName, parsedUrl) {return Dir.combine(Config.DEFAULT_PATH_BASE, "diagnostics");}), db:(function (resolvedName, parsedUrl) {switch (Config.DEFAULT_DB.IMPLEMENTATION) {case "SQLite":return Util.extend(Config.DEFAULT_DB, {PATH: Dir.combine(Config.DEFAULT_PATH_BASE, "diagnostics", "diagnostics.sqlite")});case "MySQL":return Util.extend(Config.DEFAULT_DB, {NAME: resolvedName});default:throw new Exception("Unrecognized database implementation: " + Config.DEFAULT_DB.IMPLEMENTATION);}}), MAIL_SERVER:"localhost", APPLICATION_LABEL:"diagnostic tests"}) and a default app of: ({urlTest:/.*/, name:"DEFAULT", appKey:(function (parsedUrl) {return parsedUrl.hostAndPort;}), pageKey:(function (parsedUrl) {return parsedUrl.hostAndPort + parsedUrl.path;}), db:function smartDB(resolvedName, parsedUrl) {switch (Config.DEFAULT_DB.IMPLEMENTATION) {case "SQLite":return Util.extend(Config.DEFAULT_DB, {PATH: Dir.combine(Config.DEFAULT_PATH_BASE, resolvedName, "appdata.sqlite")});case "MySQL":return Util.extend(Config.DEFAULT_DB, {NAME: resolvedName});default:throw new Exception("Unrecognized database implementation: " + Config.DEFAULT_DB.IMPLEMENTATION);}}, path:(function (resolvedName, parsedUrl) {return Dir.combine(Config.DEFAULT_PATH_BASE, resolvedName);}), handler:(void 0), get NAME () {return _NAME;}, get APP_KEY () {return _APP_KEY;}, get PAGE_KEY () {return _PAGE_KEY;}, get DB () {return _DB;}, get PATH () {return _PATH;}})
stack:
  ->  [ModuleLogger.js:98] trace("Constructing App from props: ({urlTest:(function (parsedUrl) {return parsedUrl.pathParts.length > 1 && parsedUrl.pathParts[0] == \"aptana\" && parsedUrl.pathParts[1] == \"diagnostics\";}), name:(function (parsedUrl) {return \"diagnostics\";}), path:(function (resolvedName, parsedUrl) {return Dir.combine(Config.DEFAULT_PATH_BASE, \"diagnostics\");}), db:(function (resolvedName, parsedUrl) {switch (Config.DEFAULT_DB.IMPLEMENTATION) {case \"SQLite\":return Util.extend(Config.DEFAULT_DB, {PATH: Dir.combine(Config.DEFAULT_PATH_BASE, \"diagnostics\", \"diagnostics.sqlite\")});case \"MySQL\":return Util.extend(Config.DEFAULT_DB, {NAME: resolvedName});default:throw new Exception(\"Unrecognized database implementation: \" + Config.DEFAULT_DB.IMPLEMENTATION);}}), MAIL_SERVER:\"localhost\", APPLICATION_LABEL:\"diagnostic tests\"}) and a default app of: ({urlTest:/.*/, name:\"DEFAULT\", appKey:(function (parsedUrl) {return parsedUrl.hostAndPort;}), pageKey:(function (parsedUrl) {return parsedUrl.hostAndPort + parsedUrl.path;}), db:function smartDB(resolvedName, parsedUrl) {switch (Config.DEFAULT_DB.IMPLEMENTATION) {case \"SQLite\":return Util.extend(Config.DEFAULT_DB, {PATH: Dir.combine(Config.DEFAULT_PATH_BASE, resolvedName, \"appdata.sqlite\")});case \"MySQL\":return Util.extend(Config.DEFAULT_DB, {NAME: resolvedName});default:throw new Exception(\"Unrecognized database implementation: \" + Config.DEFAULT_DB.IMPLEMENTATION);}}, path:(function (resolvedName, parsedUrl) {return Dir.combine(Config.DEFAULT_PATH_BASE, resolvedName);}), handler:(void 0), get NAME () {return _NAME;}, get APP_KEY () {return _APP_KEY;}, get PAGE_KEY () {return _PAGE_KEY;}, get DB () {return _DB;}, get PATH () {return _PATH;}})")
  ->  [App.js:56] App([object Object])
  ->  [ParseStart.js:111] onParseStart([object XPCWrappedNative_NoHelper])
  ->  [CoreEvents.js:293] fireEvent("PARSE_START",[object Array])
  ->  [CoreEvents.js:238] fire("PARSE_START",[object XPCWrappedNative_NoHelper])
  ->  [aptEventHandler.js:306] observe([object XPCWrappedNative_NoHelper],"jaxerEvent.HTMLParseStart",null)
paths:
  -> file:///E:/Aptana%20Jaxer%20Apache/Jaxer/Apache2-4Build/jaxer/framework/src/ModuleLogger.js
  -> file:///E:/Aptana%20Jaxer%20Apache/Jaxer/Apache2-4Build/jaxer/framework/src/App.js
  -> file:///E:/Aptana%20Jaxer%20Apache/Jaxer/Apache2-4Build/jaxer/framework/src/ParseStart.js
  -> file:///E:/Aptana%20Jaxer%20Apache/Jaxer/Apache2-4Build/jaxer/framework/src/CoreEvents.js
  -> file:///E:/Aptana%20Jaxer%20Apache/Jaxer/Apache2-4Build/jaxer/components/aptEventHandler.js

01:13:12 12/24/2025 [ 15324] [TRACE] [JS Framework] [App.init] Initializing app 'diagnostics' (urlTest: function (parsedUrl) {
    return parsedUrl.pathParts.length > 1 &&
        parsedUrl.pathParts[0] == "aptana" &&
        parsedUrl.pathParts[1] == "diagnostics";
})
stack:
  ->  [ModuleLogger.js:98] trace("Initializing app 'diagnostics' (urlTest: function (parsedUrl) {\n    return parsedUrl.pathParts.length > 1 &&\n        parsedUrl.pathParts[0] == \"aptana\" &&\n        parsedUrl.pathParts[1] == \"diagnostics\";\n})")
  ->  [App.js:184] init()
  ->  [App.js:151] App([object Object])
  ->  [ParseStart.js:111] onParseStart([object XPCWrappedNative_NoHelper])
  ->  [CoreEvents.js:293] fireEvent("PARSE_START",[object Array])
  ->  [CoreEvents.js:238] fire("PARSE_START",[object XPCWrappedNative_NoHelper])
  ->  [aptEventHandler.js:306] observe([object XPCWrappedNative_NoHelper],"jaxerEvent.HTMLParseStart",null)
paths:
  -> file:///E:/Aptana%20Jaxer%20Apache/Jaxer/Apache2-4Build/jaxer/framework/src/ModuleLogger.js
  -> file:///E:/Aptana%20Jaxer%20Apache/Jaxer/Apache2-4Build/jaxer/framework/src/App.js
  -> file:///E:/Aptana%20Jaxer%20Apache/Jaxer/Apache2-4Build/jaxer/framework/src/ParseStart.js
  -> file:///E:/Aptana%20Jaxer%20Apache/Jaxer/Apache2-4Build/jaxer/framework/src/CoreEvents.js
  -> file:///E:/Aptana%20Jaxer%20Apache/Jaxer/Apache2-4Build/jaxer/components/aptEventHandler.js

01:13:12 12/24/2025 [ 15324] [TRACE] [JS Framework] [App.init] APP_KEY for app 'diagnostics': diagnostics
stack:
  ->  [ModuleLogger.js:98] trace("APP_KEY for app 'diagnostics': diagnostics")
  ->  [App.js:196] init()
  ->  [App.js:151] App([object Object])
  ->  [ParseStart.js:111] onParseStart([object XPCWrappedNative_NoHelper])
  ->  [CoreEvents.js:293] fireEvent("PARSE_START",[object Array])
  ->  [CoreEvents.js:238] fire("PARSE_START",[object XPCWrappedNative_NoHelper])
  ->  [aptEventHandler.js:306] observe([object XPCWrappedNative_NoHelper],"jaxerEvent.HTMLParseStart",null)
paths:
  -> file:///E:/Aptana%20Jaxer%20Apache/Jaxer/Apache2-4Build/jaxer/framework/src/ModuleLogger.js
  -> file:///E:/Aptana%20Jaxer%20Apache/Jaxer/Apache2-4Build/jaxer/framework/src/App.js
  -> file:///E:/Aptana%20Jaxer%20Apache/Jaxer/Apache2-4Build/jaxer/framework/src/ParseStart.js
  -> file:///E:/Aptana%20Jaxer%20Apache/Jaxer/Apache2-4Build/jaxer/framework/src/CoreEvents.js
  -> file:///E:/Aptana%20Jaxer%20Apache/Jaxer/Apache2-4Build/jaxer/components/aptEventHandler.js

01:13:12 12/24/2025 [ 15324] [TRACE] [JS Framework] [App.init] PAGE_KEY for app 'diagnostics': localhost:8081/aptana/diagnostics/index.html
stack:
  ->  [ModuleLogger.js:98] trace("PAGE_KEY for app 'diagnostics': localhost:8081/aptana/diagnostics/index.html")
  ->  [App.js:208] init()
  ->  [App.js:151] App([object Object])
  ->  [ParseStart.js:111] onParseStart([object XPCWrappedNative_NoHelper])
  ->  [CoreEvents.js:293] fireEvent("PARSE_START",[object Array])
  ->  [CoreEvents.js:238] fire("PARSE_START",[object XPCWrappedNative_NoHelper])
  ->  [aptEventHandler.js:306] observe([object XPCWrappedNative_NoHelper],"jaxerEvent.HTMLParseStart",null)
paths:
  -> file:///E:/Aptana%20Jaxer%20Apache/Jaxer/Apache2-4Build/jaxer/framework/src/ModuleLogger.js
  -> file:///E:/Aptana%20Jaxer%20Apache/Jaxer/Apache2-4Build/jaxer/framework/src/App.js
  -> file:///E:/Aptana%20Jaxer%20Apache/Jaxer/Apache2-4Build/jaxer/framework/src/ParseStart.js
  -> file:///E:/Aptana%20Jaxer%20Apache/Jaxer/Apache2-4Build/jaxer/framework/src/CoreEvents.js
  -> file:///E:/Aptana%20Jaxer%20Apache/Jaxer/Apache2-4Build/jaxer/components/aptEventHandler.js

01:13:12 12/24/2025 [ 15324] [TRACE] [JS Framework] [App.init] PATH for app 'diagnostics': resource:///../local_jaxer/data/diagnostics
stack:
  ->  [ModuleLogger.js:98] trace("PATH for app 'diagnostics': resource:///../local_jaxer/data/diagnostics")
  ->  [App.js:231] init()
  ->  [App.js:151] App([object Object])
  ->  [ParseStart.js:111] onParseStart([object XPCWrappedNative_NoHelper])
  ->  [CoreEvents.js:293] fireEvent("PARSE_START",[object Array])
  ->  [CoreEvents.js:238] fire("PARSE_START",[object XPCWrappedNative_NoHelper])
  ->  [aptEventHandler.js:306] observe([object XPCWrappedNative_NoHelper],"jaxerEvent.HTMLParseStart",null)
paths:
  -> file:///E:/Aptana%20Jaxer%20Apache/Jaxer/Apache2-4Build/jaxer/framework/src/ModuleLogger.js
  -> file:///E:/Aptana%20Jaxer%20Apache/Jaxer/Apache2-4Build/jaxer/framework/src/App.js
  -> file:///E:/Aptana%20Jaxer%20Apache/Jaxer/Apache2-4Build/jaxer/framework/src/ParseStart.js
  -> file:///E:/Aptana%20Jaxer%20Apache/Jaxer/Apache2-4Build/jaxer/framework/src/CoreEvents.js
  -> file:///E:/Aptana%20Jaxer%20Apache/Jaxer/Apache2-4Build/jaxer/components/aptEventHandler.js

01:13:12 12/24/2025 [ 15324] [TRACE] [JS Framework] [ParseStart.onParseStart] Using app 'diagnostics': urlTest = function (parsedUrl) {
    return parsedUrl.pathParts.length > 1 &&
        parsedUrl.pathParts[0] == "aptana" &&
        parsedUrl.pathParts[1] == "diagnostics";
}
stack:
  ->  [ModuleLogger.js:98] trace("Using app 'diagnostics': urlTest = function (parsedUrl) {\n    return parsedUrl.pathParts.length > 1 &&\n        parsedUrl.pathParts[0] == \"aptana\" &&\n        parsedUrl.pathParts[1] == \"diagnostics\";\n}")
  ->  [ParseStart.js:113] onParseStart([object XPCWrappedNative_NoHelper])
  ->  [CoreEvents.js:293] fireEvent("PARSE_START",[object Array])
  ->  [CoreEvents.js:238] fire("PARSE_START",[object XPCWrappedNative_NoHelper])
  ->  [aptEventHandler.js:306] observe([object XPCWrappedNative_NoHelper],"jaxerEvent.HTMLParseStart",null)
paths:
  -> file:///E:/Aptana%20Jaxer%20Apache/Jaxer/Apache2-4Build/jaxer/framework/src/ModuleLogger.js
  -> file:///E:/Aptana%20Jaxer%20Apache/Jaxer/Apache2-4Build/jaxer/framework/src/ParseStart.js
  -> file:///E:/Aptana%20Jaxer%20Apache/Jaxer/Apache2-4Build/jaxer/framework/src/CoreEvents.js
  -> file:///E:/Aptana%20Jaxer%20Apache/Jaxer/Apache2-4Build/jaxer/components/aptEventHandler.js

01:13:12 12/24/2025 [ 15324] [DEBUG] [JS Framework] [SessionManager.keyFromRequest] Getting session key from the client via cookie JaxerSessionId$$diagnostics: 1766389857171006019406608883027
stack:
  ->  [ModuleLogger.js:98] debug("Getting session key from the client via cookie JaxerSessionId$$diagnostics: 1766389857171006019406608883027")
  ->  [SessionManager.js:59] keyFromRequest("diagnostics")
  ->  [Container.js:474] init("diagnostics","localhost:8081/aptana/diagnostics/index.html")
  ->  [ParseStart.js:122] onParseStart([object XPCWrappedNative_NoHelper])
  ->  [CoreEvents.js:293] fireEvent("PARSE_START",[object Array])
  ->  [CoreEvents.js:238] fire("PARSE_START",[object XPCWrappedNative_NoHelper])
  ->  [aptEventHandler.js:306] observe([object XPCWrappedNative_NoHelper],"jaxerEvent.HTMLParseStart",null)
paths:
  -> file:///E:/Aptana%20Jaxer%20Apache/Jaxer/Apache2-4Build/jaxer/framework/src/ModuleLogger.js
  -> file:///E:/Aptana%20Jaxer%20Apache/Jaxer/Apache2-4Build/jaxer/framework/src/SessionManager.js
  -> file:///E:/Aptana%20Jaxer%20Apache/Jaxer/Apache2-4Build/jaxer/framework/src/Container.js
  -> file:///E:/Aptana%20Jaxer%20Apache/Jaxer/Apache2-4Build/jaxer/framework/src/ParseStart.js
  -> file:///E:/Aptana%20Jaxer%20Apache/Jaxer/Apache2-4Build/jaxer/framework/src/CoreEvents.js
  -> file:///E:/Aptana%20Jaxer%20Apache/Jaxer/Apache2-4Build/jaxer/components/aptEventHandler.js

01:13:12 12/24/2025 [ 15324] [DEBUG] [JS Framework] [Container.init] Created APPLICATION container as Jaxer.application with key diagnostics
stack:
  ->  [ModuleLogger.js:98] debug("Created APPLICATION container as Jaxer.application with key diagnostics")
  ->  [Container.js:485] init("diagnostics","localhost:8081/aptana/diagnostics/index.html")
  ->  [ParseStart.js:122] onParseStart([object XPCWrappedNative_NoHelper])
  ->  [CoreEvents.js:293] fireEvent("PARSE_START",[object Array])
  ->  [CoreEvents.js:238] fire("PARSE_START",[object XPCWrappedNative_NoHelper])
  ->  [aptEventHandler.js:306] observe([object XPCWrappedNative_NoHelper],"jaxerEvent.HTMLParseStart",null)
paths:
  -> file:///E:/Aptana%20Jaxer%20Apache/Jaxer/Apache2-4Build/jaxer/framework/src/ModuleLogger.js
  -> file:///E:/Aptana%20Jaxer%20Apache/Jaxer/Apache2-4Build/jaxer/framework/src/Container.js
  -> file:///E:/Aptana%20Jaxer%20Apache/Jaxer/Apache2-4Build/jaxer/framework/src/ParseStart.js
  -> file:///E:/Aptana%20Jaxer%20Apache/Jaxer/Apache2-4Build/jaxer/framework/src/CoreEvents.js
  -> file:///E:/Aptana%20Jaxer%20Apache/Jaxer/Apache2-4Build/jaxer/components/aptEventHandler.js

01:13:12 12/24/2025 [ 15324] [DEBUG] [JS Framework] [Container.init] Created PAGE container as Jaxer.page with key localhost:8081/aptana/diagnostics/index.html
stack:
  ->  [ModuleLogger.js:98] debug("Created PAGE container as Jaxer.page with key localhost:8081/aptana/diagnostics/index.html")
  ->  [Container.js:485] init("diagnostics","localhost:8081/aptana/diagnostics/index.html")
  ->  [ParseStart.js:122] onParseStart([object XPCWrappedNative_NoHelper])
  ->  [CoreEvents.js:293] fireEvent("PARSE_START",[object Array])
  ->  [CoreEvents.js:238] fire("PARSE_START",[object XPCWrappedNative_NoHelper])
  ->  [aptEventHandler.js:306] observe([object XPCWrappedNative_NoHelper],"jaxerEvent.HTMLParseStart",null)
paths:
  -> file:///E:/Aptana%20Jaxer%20Apache/Jaxer/Apache2-4Build/jaxer/framework/src/ModuleLogger.js
  -> file:///E:/Aptana%20Jaxer%20Apache/Jaxer/Apache2-4Build/jaxer/framework/src/Container.js
  -> file:///E:/Aptana%20Jaxer%20Apache/Jaxer/Apache2-4Build/jaxer/framework/src/ParseStart.js
  -> file:///E:/Aptana%20Jaxer%20Apache/Jaxer/Apache2-4Build/jaxer/framework/src/CoreEvents.js
  -> file:///E:/Aptana%20Jaxer%20Apache/Jaxer/Apache2-4Build/jaxer/components/aptEventHandler.js

01:13:12 12/24/2025 [ 15324] [DEBUG] [JS Framework] [Container.init] Created SESSION container as Jaxer.session with key 1766389857171006019406608883027
stack:
  ->  [ModuleLogger.js:98] debug("Created SESSION container as Jaxer.session with key 1766389857171006019406608883027")
  ->  [Container.js:485] init("diagnostics","localhost:8081/aptana/diagnostics/index.html")
  ->  [ParseStart.js:122] onParseStart([object XPCWrappedNative_NoHelper])
  ->  [CoreEvents.js:293] fireEvent("PARSE_START",[object Array])
  ->  [CoreEvents.js:238] fire("PARSE_START",[object XPCWrappedNative_NoHelper])
  ->  [aptEventHandler.js:306] observe([object XPCWrappedNative_NoHelper],"jaxerEvent.HTMLParseStart",null)
paths:
  -> file:///E:/Aptana%20Jaxer%20Apache/Jaxer/Apache2-4Build/jaxer/framework/src/ModuleLogger.js
  -> file:///E:/Aptana%20Jaxer%20Apache/Jaxer/Apache2-4Build/jaxer/framework/src/Container.js
  -> file:///E:/Aptana%20Jaxer%20Apache/Jaxer/Apache2-4Build/jaxer/framework/src/ParseStart.js
  -> file:///E:/Aptana%20Jaxer%20Apache/Jaxer/Apache2-4Build/jaxer/framework/src/CoreEvents.js
  -> file:///E:/Aptana%20Jaxer%20Apache/Jaxer/Apache2-4Build/jaxer/components/aptEventHandler.js

01:13:12 12/24/2025 [ 15324] [DEBUG] [JS Framework] [Container.init] Created SESSION_PAGE container as Jaxer.sessionPage with key 1766389857171006019406608883027$$localhost:8081/aptana/diagnostics/index.html
stack:
  ->  [ModuleLogger.js:98] debug("Created SESSION_PAGE container as Jaxer.sessionPage with key 1766389857171006019406608883027$$localhost:8081/aptana/diagnostics/index.html")
  ->  [Container.js:485] init("diagnostics","localhost:8081/aptana/diagnostics/index.html")
  ->  [ParseStart.js:122] onParseStart([object XPCWrappedNative_NoHelper])
  ->  [CoreEvents.js:293] fireEvent("PARSE_START",[object Array])
  ->  [CoreEvents.js:238] fire("PARSE_START",[object XPCWrappedNative_NoHelper])
  ->  [aptEventHandler.js:306] observe([object XPCWrappedNative_NoHelper],"jaxerEvent.HTMLParseStart",null)
paths:
  -> file:///E:/Aptana%20Jaxer%20Apache/Jaxer/Apache2-4Build/jaxer/framework/src/ModuleLogger.js
  -> file:///E:/Aptana%20Jaxer%20Apache/Jaxer/Apache2-4Build/jaxer/framework/src/Container.js
  -> file:///E:/Aptana%20Jaxer%20Apache/Jaxer/Apache2-4Build/jaxer/framework/src/ParseStart.js
  -> file:///E:/Aptana%20Jaxer%20Apache/Jaxer/Apache2-4Build/jaxer/framework/src/CoreEvents.js
  -> file:///E:/Aptana%20Jaxer%20Apache/Jaxer/Apache2-4Build/jaxer/components/aptEventHandler.js

01:13:12 12/24/2025 [ 15324] [TRACE] [JS Framework] [DB.setDefault] Setting default connection for app: diagnostics
stack:
  ->  [ModuleLogger.js:98] trace("Setting default connection for app: diagnostics")
  ->  [DB.js:162] setDefault("diagnostics",[object Object])
  ->  [ParseStart.js:123] onParseStart([object XPCWrappedNative_NoHelper])
  ->  [CoreEvents.js:293] fireEvent("PARSE_START",[object Array])
  ->  [CoreEvents.js:238] fire("PARSE_START",[object XPCWrappedNative_NoHelper])
  ->  [aptEventHandler.js:306] observe([object XPCWrappedNative_NoHelper],"jaxerEvent.HTMLParseStart",null)
paths:
  -> file:///E:/Aptana%20Jaxer%20Apache/Jaxer/Apache2-4Build/jaxer/framework/src/ModuleLogger.js
  -> file:///E:/Aptana%20Jaxer%20Apache/Jaxer/Apache2-4Build/jaxer/framework/src/DB.js
  -> file:///E:/Aptana%20Jaxer%20Apache/Jaxer/Apache2-4Build/jaxer/framework/src/ParseStart.js
  -> file:///E:/Aptana%20Jaxer%20Apache/Jaxer/Apache2-4Build/jaxer/framework/src/CoreEvents.js
  -> file:///E:/Aptana%20Jaxer%20Apache/Jaxer/Apache2-4Build/jaxer/components/aptEventHandler.js

01:13:12 12/24/2025 [ 15324] [TRACE] [JS Framework] [CoreEvents.fire] At this time, evt.Request.isHandler=false and eventType: NEW_ELEMENT - HTML
stack:
  ->  [ModuleLogger.js:98] trace("At this time, evt.Request.isHandler=false and eventType: NEW_ELEMENT - HTML")
  ->  [CoreEvents.js:205] fire("NEW_ELEMENT",[object XPCWrappedNative_NoHelper],[object HTMLDocument],[object HTMLHtmlElement])
  ->  [aptEventHandler.js:157] observe([object XPCWrappedNative_NoHelper],"jaxerEvent.NewHTMLElement",null)
paths:
  -> file:///E:/Aptana%20Jaxer%20Apache/Jaxer/Apache2-4Build/jaxer/framework/src/ModuleLogger.js
  -> file:///E:/Aptana%20Jaxer%20Apache/Jaxer/Apache2-4Build/jaxer/framework/src/CoreEvents.js
  -> file:///E:/Aptana%20Jaxer%20Apache/Jaxer/Apache2-4Build/jaxer/components/aptEventHandler.js

01:13:12 12/24/2025 [ 15324] [TRACE] [JS Framework] [CoreEvents.fireEvent] Firing an event for NEW_ELEMENT
stack:
  ->  [ModuleLogger.js:98] trace("Firing an event for NEW_ELEMENT")
  ->  [CoreEvents.js:282] fireEvent("NEW_ELEMENT",[object Array])
  ->  [CoreEvents.js:238] fire("NEW_ELEMENT",[object XPCWrappedNative_NoHelper],[object HTMLDocument],[object HTMLHtmlElement])
  ->  [aptEventHandler.js:157] observe([object XPCWrappedNative_NoHelper],"jaxerEvent.NewHTMLElement",null)
paths:
  -> file:///E:/Aptana%20Jaxer%20Apache/Jaxer/Apache2-4Build/jaxer/framework/src/ModuleLogger.js
  -> file:///E:/Aptana%20Jaxer%20Apache/Jaxer/Apache2-4Build/jaxer/framework/src/CoreEvents.js
  -> file:///E:/Aptana%20Jaxer%20Apache/Jaxer/Apache2-4Build/jaxer/components/aptEventHandler.js

01:13:12 12/24/2025 [ 15324] [TRACE] [JS Framework] [CoreEvents.fireEvent] Calling event handler: function onNewElement(evt, doc, elt) {
    switch (elt.tagNa...
stack:
  ->  [ModuleLogger.js:98] trace("Calling event handler: function onNewElement(evt, doc, elt) {\n    switch (elt.tagNa...")
  ->  [CoreEvents.js:292] fireEvent("NEW_ELEMENT",[object Array])
  ->  [CoreEvents.js:238] fire("NEW_ELEMENT",[object XPCWrappedNative_NoHelper],[object HTMLDocument],[object HTMLHtmlElement])
  ->  [aptEventHandler.js:157] observe([object XPCWrappedNative_NoHelper],"jaxerEvent.NewHTMLElement",null)
paths:
  -> file:///E:/Aptana%20Jaxer%20Apache/Jaxer/Apache2-4Build/jaxer/framework/src/ModuleLogger.js
  -> file:///E:/Aptana%20Jaxer%20Apache/Jaxer/Apache2-4Build/jaxer/framework/src/CoreEvents.js
  -> file:///E:/Aptana%20Jaxer%20Apache/Jaxer/Apache2-4Build/jaxer/components/aptEventHandler.js

01:13:12 12/24/2025 [ 15324] [TRACE] [JS Framework] [CoreEvents.fire] At this time, evt.Request.isHandler=false and eventType: NEW_ELEMENT - HEAD
stack:
  ->  [ModuleLogger.js:98] trace("At this time, evt.Request.isHandler=false and eventType: NEW_ELEMENT - HEAD")
  ->  [CoreEvents.js:205] fire("NEW_ELEMENT",[object XPCWrappedNative_NoHelper],[object HTMLDocument],[object HTMLHeadElement])
  ->  [aptEventHandler.js:157] observe([object XPCWrappedNative_NoHelper],"jaxerEvent.NewHTMLElement",null)
paths:
  -> file:///E:/Aptana%20Jaxer%20Apache/Jaxer/Apache2-4Build/jaxer/framework/src/ModuleLogger.js
  -> file:///E:/Aptana%20Jaxer%20Apache/Jaxer/Apache2-4Build/jaxer/framework/src/CoreEvents.js
  -> file:///E:/Aptana%20Jaxer%20Apache/Jaxer/Apache2-4Build/jaxer/components/aptEventHandler.js

01:13:12 12/24/2025 [ 15324] [TRACE] [JS Framework] [CoreEvents.fireEvent] Firing an event for NEW_ELEMENT
stack:
  ->  [ModuleLogger.js:98] trace("Firing an event for NEW_ELEMENT")
  ->  [CoreEvents.js:282] fireEvent("NEW_ELEMENT",[object Array])
  ->  [CoreEvents.js:238] fire("NEW_ELEMENT",[object XPCWrappedNative_NoHelper],[object HTMLDocument],[object HTMLHeadElement])
  ->  [aptEventHandler.js:157] observe([object XPCWrappedNative_NoHelper],"jaxerEvent.NewHTMLElement",null)
paths:
  -> file:///E:/Aptana%20Jaxer%20Apache/Jaxer/Apache2-4Build/jaxer/framework/src/ModuleLogger.js
  -> file:///E:/Aptana%20Jaxer%20Apache/Jaxer/Apache2-4Build/jaxer/framework/src/CoreEvents.js
  -> file:///E:/Aptana%20Jaxer%20Apache/Jaxer/Apache2-4Build/jaxer/components/aptEventHandler.js

01:13:12 12/24/2025 [ 15324] [TRACE] [JS Framework] [CoreEvents.fireEvent] Calling event handler: function onNewElement(evt, doc, elt) {
    switch (elt.tagNa...
stack:
  ->  [ModuleLogger.js:98] trace("Calling event handler: function onNewElement(evt, doc, elt) {\n    switch (elt.tagNa...")
  ->  [CoreEvents.js:292] fireEvent("NEW_ELEMENT",[object Array])
  ->  [CoreEvents.js:238] fire("NEW_ELEMENT",[object XPCWrappedNative_NoHelper],[object HTMLDocument],[object HTMLHeadElement])
  ->  [aptEventHandler.js:157] observe([object XPCWrappedNative_NoHelper],"jaxerEvent.NewHTMLElement",null)
paths:
  -> file:///E:/Aptana%20Jaxer%20Apache/Jaxer/Apache2-4Build/jaxer/framework/src/ModuleLogger.js
  -> file:///E:/Aptana%20Jaxer%20Apache/Jaxer/Apache2-4Build/jaxer/framework/src/CoreEvents.js
  -> file:///E:/Aptana%20Jaxer%20Apache/Jaxer/Apache2-4Build/jaxer/components/aptEventHandler.js

01:13:12 12/24/2025 [ 15324] [TRACE] [JS Framework] [CoreEvents.fire] At this time, evt.Request.isHandler=false and eventType: INIT_HEAD
stack:
  ->  [ModuleLogger.js:98] trace("At this time, evt.Request.isHandler=false and eventType: INIT_HEAD")
  ->  [CoreEvents.js:205] fire("INIT_HEAD",[object XPCWrappedNative_NoHelper],[object HTMLDocument])
  ->  [aptEventHandler.js:139] observe([object XPCWrappedNative_NoHelper],"jaxerEvent.NewHTMLElement",null)
paths:
  -> file:///E:/Aptana%20Jaxer%20Apache/Jaxer/Apache2-4Build/jaxer/framework/src/ModuleLogger.js
  -> file:///E:/Aptana%20Jaxer%20Apache/Jaxer/Apache2-4Build/jaxer/framework/src/CoreEvents.js
  -> file:///E:/Aptana%20Jaxer%20Apache/Jaxer/Apache2-4Build/jaxer/components/aptEventHandler.js

01:13:12 12/24/2025 [ 15324] [TRACE] [JS Framework] [CoreEvents.fireEvent] Firing an event for INIT_HEAD
stack:
  ->  [ModuleLogger.js:98] trace("Firing an event for INIT_HEAD")
  ->  [CoreEvents.js:282] fireEvent("INIT_HEAD",[object Array])
  ->  [CoreEvents.js:238] fire("INIT_HEAD",[object XPCWrappedNative_NoHelper],[object HTMLDocument])
  ->  [aptEventHandler.js:139] observe([object XPCWrappedNative_NoHelper],"jaxerEvent.NewHTMLElement",null)
paths:
  -> file:///E:/Aptana%20Jaxer%20Apache/Jaxer/Apache2-4Build/jaxer/framework/src/ModuleLogger.js
  -> file:///E:/Aptana%20Jaxer%20Apache/Jaxer/Apache2-4Build/jaxer/framework/src/CoreEvents.js
  -> file:///E:/Aptana%20Jaxer%20Apache/Jaxer/Apache2-4Build/jaxer/components/aptEventHandler.js

01:13:12 12/24/2025 [ 15324] [TRACE] [JS Framework] [CoreEvents.fireEvent] Calling event handler: function onInitHead(evt, doc) {
    Jaxer.load = function lo...
stack:
  ->  [ModuleLogger.js:98] trace("Calling event handler: function onInitHead(evt, doc) {\n    Jaxer.load = function lo...")
  ->  [CoreEvents.js:292] fireEvent("INIT_HEAD",[object Array])
  ->  [CoreEvents.js:238] fire("INIT_HEAD",[object XPCWrappedNative_NoHelper],[object HTMLDocument])
  ->  [aptEventHandler.js:139] observe([object XPCWrappedNative_NoHelper],"jaxerEvent.NewHTMLElement",null)
paths:
  -> file:///E:/Aptana%20Jaxer%20Apache/Jaxer/Apache2-4Build/jaxer/framework/src/ModuleLogger.js
  -> file:///E:/Aptana%20Jaxer%20Apache/Jaxer/Apache2-4Build/jaxer/framework/src/CoreEvents.js
  -> file:///E:/Aptana%20Jaxer%20Apache/Jaxer/Apache2-4Build/jaxer/components/aptEventHandler.js

01:13:12 12/24/2025 [ 15324] [TRACE] [JS Framework] [Includer.evalOn] Evaluating using Jaxer.request.evaluateScript: contents = (function ... with global = [object ChromeWindow] and effectiveUrl = undefined
stack:
  ->  [ModuleLogger.js:98] trace("Evaluating using Jaxer.request.evaluateScript: contents = (function ... with global = [object ChromeWindow] and effectiveUrl = undefined")
  ->  [Includer.js:131] evalOn("(function extendDomSetters(global) {if (global.HTMLInputElement) {var inputValueSetter = global.HTMLInputElement.prototype.__lookupSetter__(\"value\");global.HTMLInputElement.prototype.__defineSetter__(\"value\", function (val) {inputValueSetter.call(this, val);this.setAttribute(\"value\", val);});var inputCheckedSetter = global.HTMLInputElement.prototype.__lookupSetter__(\"checked\");global.HTMLInputElement.prototype.__defineSetter__(\"checked\", function (val) {inputCheckedSetter.call(this, val);if (val) {this.setAttribute(\"checked\", null);} else {this.removeAttribute(\"checked\");}});}if (global.HTMLTextAreaElement) {var textAreaValueSetter = global.HTMLTextAreaElement.prototype.__lookupSetter__(\"value\");global.HTMLTextAreaElement.prototype.__defineSetter__(\"value\", function (val) {textAreaValueSetter.call(this, val);this.textContent = val;});}if (global.HTMLSelectElement) {var selectSelectedIndexSetter = global.HTMLSelectElement.prototype.__lookupSetter__(\"selectedIndex\");global.HTMLSelectElement.prototype.__defineSetter__(\"selectedIndex\", function (index) {selectSelectedIndexSetter.call(this, index);var option = this.options[index];if (option) {for (var i = 0, len = this.options.length; i < len; i++) {if (i == index) {this.options[i].setAttribute(\"selected\", null);} else {this.options[i].removeAttribute(\"selected\");}}}});}if (global.HTMLOptionElement) {var optionSelectedSetter = global.HTMLOptionElement.prototype.__lookupSetter__(\"selected\");global.HTMLOptionElement.prototype.__defineSetter__(\"selected\", function (val) {optionSelectedSetter.call(this, val);if (val) {this.setAttribute(\"selected\", null);} else {this.removeAttribute(\"selected\");}});}})(document.defaultView)",[object ChromeWindow])
  ->  [Overrides.js:370] applyAll([object ChromeWindow])
  ->  [InitHead.js:78] onInitHead([object XPCWrappedNative_NoHelper],[object HTMLDocument])
  ->  [CoreEvents.js:293] fireEvent("INIT_HEAD",[object Array])
  ->  [CoreEvents.js:238] fire("INIT_HEAD",[object XPCWrappedNative_NoHelper],[object HTMLDocument])
  ->  [aptEventHandler.js:139] observe([object XPCWrappedNative_NoHelper],"jaxerEvent.NewHTMLElement",null)
paths:
  -> file:///E:/Aptana%20Jaxer%20Apache/Jaxer/Apache2-4Build/jaxer/framework/src/ModuleLogger.js
  -> file:///E:/Aptana%20Jaxer%20Apache/Jaxer/Apache2-4Build/jaxer/framework/src/Includer.js
  -> file:///E:/Aptana%20Jaxer%20Apache/Jaxer/Apache2-4Build/jaxer/framework/src/Overrides.js
  -> file:///E:/Aptana%20Jaxer%20Apache/Jaxer/Apache2-4Build/jaxer/framework/src/InitHead.js
  -> file:///E:/Aptana%20Jaxer%20Apache/Jaxer/Apache2-4Build/jaxer/framework/src/CoreEvents.js
  -> file:///E:/Aptana%20Jaxer%20Apache/Jaxer/Apache2-4Build/jaxer/components/aptEventHandler.js

01:13:12 12/24/2025 [ 15324] [TRACE] [JS Framework] [CoreEvents.fire] At this time, evt.Request.isHandler=false and eventType: NEW_ELEMENT - META
stack:
  ->  [ModuleLogger.js:98] trace("At this time, evt.Request.isHandler=false and eventType: NEW_ELEMENT - META")
  ->  [CoreEvents.js:205] fire("NEW_ELEMENT",[object XPCWrappedNative_NoHelper],[object HTMLDocument],[object HTMLMetaElement])
  ->  [aptEventHandler.js:157] observe([object XPCWrappedNative_NoHelper],"jaxerEvent.NewHTMLElement",null)
paths:
  -> file:///E:/Aptana%20Jaxer%20Apache/Jaxer/Apache2-4Build/jaxer/framework/src/ModuleLogger.js
  -> file:///E:/Aptana%20Jaxer%20Apache/Jaxer/Apache2-4Build/jaxer/framework/src/CoreEvents.js
  -> file:///E:/Aptana%20Jaxer%20Apache/Jaxer/Apache2-4Build/jaxer/components/aptEventHandler.js

01:13:12 12/24/2025 [ 15324] [TRACE] [JS Framework] [CoreEvents.fireEvent] Firing an event for NEW_ELEMENT
stack:
  ->  [ModuleLogger.js:98] trace("Firing an event for NEW_ELEMENT")
  ->  [CoreEvents.js:282] fireEvent("NEW_ELEMENT",[object Array])
  ->  [CoreEvents.js:238] fire("NEW_ELEMENT",[object XPCWrappedNative_NoHelper],[object HTMLDocument],[object HTMLMetaElement])
  ->  [aptEventHandler.js:157] observe([object XPCWrappedNative_NoHelper],"jaxerEvent.NewHTMLElement",null)
paths:
  -> file:///E:/Aptana%20Jaxer%20Apache/Jaxer/Apache2-4Build/jaxer/framework/src/ModuleLogger.js
  -> file:///E:/Aptana%20Jaxer%20Apache/Jaxer/Apache2-4Build/jaxer/framework/src/CoreEvents.js
  -> file:///E:/Aptana%20Jaxer%20Apache/Jaxer/Apache2-4Build/jaxer/components/aptEventHandler.js

01:13:12 12/24/2025 [ 15324] [TRACE] [JS Framework] [CoreEvents.fireEvent] Calling event handler: function onNewElement(evt, doc, elt) {
    switch (elt.tagNa...
stack:
  ->  [ModuleLogger.js:98] trace("Calling event handler: function onNewElement(evt, doc, elt) {\n    switch (elt.tagNa...")
  ->  [CoreEvents.js:292] fireEvent("NEW_ELEMENT",[object Array])
  ->  [CoreEvents.js:238] fire("NEW_ELEMENT",[object XPCWrappedNative_NoHelper],[object HTMLDocument],[object HTMLMetaElement])
  ->  [aptEventHandler.js:157] observe([object XPCWrappedNative_NoHelper],"jaxerEvent.NewHTMLElement",null)
paths:
  -> file:///E:/Aptana%20Jaxer%20Apache/Jaxer/Apache2-4Build/jaxer/framework/src/ModuleLogger.js
  -> file:///E:/Aptana%20Jaxer%20Apache/Jaxer/Apache2-4Build/jaxer/framework/src/CoreEvents.js
  -> file:///E:/Aptana%20Jaxer%20Apache/Jaxer/Apache2-4Build/jaxer/components/aptEventHandler.js

01:13:12 12/24/2025 [ 15324] [TRACE] [JS Framework] [CoreEvents.fire] At this time, evt.Request.isHandler=false and eventType: NEW_ELEMENT - SCRIPT
stack:
  ->  [ModuleLogger.js:98] trace("At this time, evt.Request.isHandler=false and eventType: NEW_ELEMENT - SCRIPT")
  ->  [CoreEvents.js:205] fire("NEW_ELEMENT",[object XPCWrappedNative_NoHelper],[object HTMLDocument],[object HTMLScriptElement])
  ->  [aptEventHandler.js:157] observe([object XPCWrappedNative_NoHelper],"jaxerEvent.NewHTMLElement",null)
paths:
  -> file:///E:/Aptana%20Jaxer%20Apache/Jaxer/Apache2-4Build/jaxer/framework/src/ModuleLogger.js
  -> file:///E:/Aptana%20Jaxer%20Apache/Jaxer/Apache2-4Build/jaxer/framework/src/CoreEvents.js
  -> file:///E:/Aptana%20Jaxer%20Apache/Jaxer/Apache2-4Build/jaxer/components/aptEventHandler.js

01:13:12 12/24/2025 [ 15324] [TRACE] [JS Framework] [CoreEvents.fireEvent] Firing an event for NEW_ELEMENT
stack:
  ->  [ModuleLogger.js:98] trace("Firing an event for NEW_ELEMENT")
  ->  [CoreEvents.js:282] fireEvent("NEW_ELEMENT",[object Array])
  ->  [CoreEvents.js:238] fire("NEW_ELEMENT",[object XPCWrappedNative_NoHelper],[object HTMLDocument],[object HTMLScriptElement])
  ->  [aptEventHandler.js:157] observe([object XPCWrappedNative_NoHelper],"jaxerEvent.NewHTMLElement",null)
paths:
  -> file:///E:/Aptana%20Jaxer%20Apache/Jaxer/Apache2-4Build/jaxer/framework/src/ModuleLogger.js
  -> file:///E:/Aptana%20Jaxer%20Apache/Jaxer/Apache2-4Build/jaxer/framework/src/CoreEvents.js
  -> file:///E:/Aptana%20Jaxer%20Apache/Jaxer/Apache2-4Build/jaxer/components/aptEventHandler.js

01:13:12 12/24/2025 [ 15324] [TRACE] [JS Framework] [CoreEvents.fireEvent] Calling event handler: function onNewElement(evt, doc, elt) {
    switch (elt.tagNa...
stack:
  ->  [ModuleLogger.js:98] trace("Calling event handler: function onNewElement(evt, doc, elt) {\n    switch (elt.tagNa...")
  ->  [CoreEvents.js:292] fireEvent("NEW_ELEMENT",[object Array])
  ->  [CoreEvents.js:238] fire("NEW_ELEMENT",[object XPCWrappedNative_NoHelper],[object HTMLDocument],[object HTMLScriptElement])
  ->  [aptEventHandler.js:157] observe([object XPCWrappedNative_NoHelper],"jaxerEvent.NewHTMLElement",null)
paths:
  -> file:///E:/Aptana%20Jaxer%20Apache/Jaxer/Apache2-4Build/jaxer/framework/src/ModuleLogger.js
  -> file:///E:/Aptana%20Jaxer%20Apache/Jaxer/Apache2-4Build/jaxer/framework/src/CoreEvents.js
  -> file:///E:/Aptana%20Jaxer%20Apache/Jaxer/Apache2-4Build/jaxer/components/aptEventHandler.js

01:13:12 12/24/2025 [ 15324] [TRACE] [JS Framework] [NewElement.onNewElement] Received element: SCRIPT with src='jaxer-include/setup.js' and runat='server'
stack:
  ->  [ModuleLogger.js:98] trace("Received element: SCRIPT with src='jaxer-include/setup.js' and runat='server'")
  ->  [NewElement.js:88] onNewElement([object XPCWrappedNative_NoHelper],[object HTMLDocument],[object HTMLScriptElement])
  ->  [CoreEvents.js:293] fireEvent("NEW_ELEMENT",[object Array])
  ->  [CoreEvents.js:238] fire("NEW_ELEMENT",[object XPCWrappedNative_NoHelper],[object HTMLDocument],[object HTMLScriptElement])
  ->  [aptEventHandler.js:157] observe([object XPCWrappedNative_NoHelper],"jaxerEvent.NewHTMLElement",null)
paths:
  -> file:///E:/Aptana%20Jaxer%20Apache/Jaxer/Apache2-4Build/jaxer/framework/src/ModuleLogger.js
  -> file:///E:/Aptana%20Jaxer%20Apache/Jaxer/Apache2-4Build/jaxer/framework/src/NewElement.js
  -> file:///E:/Aptana%20Jaxer%20Apache/Jaxer/Apache2-4Build/jaxer/framework/src/CoreEvents.js
  -> file:///E:/Aptana%20Jaxer%20Apache/Jaxer/Apache2-4Build/jaxer/components/aptEventHandler.js

01:13:12 12/24/2025 [ 15324] [TRACE] [JS Framework] [NewElement.load] Loading src'ed script with [src, global, useCache, forceRefreshCache] = jaxer-include/setup.js,[object ChromeWindow],server,false,false,false
stack:
  ->  [ModuleLogger.js:98] trace("Loading src'ed script with [src, global, useCache, forceRefreshCache] = jaxer-include/setup.js,[object ChromeWindow],server,false,false,false")
  ->  [NewElement.js:66] load("tempLoad_0.30246001274181691766502792308")
  ->  [index.html:10] <no name>
paths:
  -> file:///E:/Aptana%20Jaxer%20Apache/Jaxer/Apache2-4Build/jaxer/framework/src/ModuleLogger.js
  -> file:///E:/Aptana%20Jaxer%20Apache/Jaxer/Apache2-4Build/jaxer/framework/src/NewElement.js
  -> http://localhost:8081/aptana/diagnostics/index.html

01:13:12 12/24/2025 [ 15324] [TRACE] [JS Framework] [Includer.load] Retrieved 2595 characters from 'file:///E:/Aptana%20Jaxer%20Apache/Jaxer/Apache2-4Build/jaxer/aptana/diagnostics/jaxer-include/setup.js'
stack:
  ->  [ModuleLogger.js:98] trace("Retrieved 2595 characters from 'file:///E:/Aptana%20Jaxer%20Apache/Jaxer/Apache2-4Build/jaxer/aptana/diagnostics/jaxer-include/setup.js'")
  ->  [Includer.js:290] load("file:///E:/Aptana%20Jaxer%20Apache/Jaxer/Apache2-4Build/jaxer/aptana/diagnostics/jaxer-include/setup.js",[object ChromeWindow],"server",false,false,false)
  ->  [NewElement.js:67] load("tempLoad_0.30246001274181691766502792308")
  ->  [index.html:10] <no name>
paths:
  -> file:///E:/Aptana%20Jaxer%20Apache/Jaxer/Apache2-4Build/jaxer/framework/src/ModuleLogger.js
  -> file:///E:/Aptana%20Jaxer%20Apache/Jaxer/Apache2-4Build/jaxer/framework/src/Includer.js
  -> file:///E:/Aptana%20Jaxer%20Apache/Jaxer/Apache2-4Build/jaxer/framework/src/NewElement.js
  -> http://localhost:8081/aptana/diagnostics/index.html

01:13:12 12/24/2025 [ 15324] [TRACE] [JS Framework] [Includer.load] Evaluating 'file:///E:/Aptana%20Jaxer%20Apache/Jaxer/Apache2-4Build/jaxer/aptana/diagnostics/jaxer-include/setup.js'
stack:
  ->  [ModuleLogger.js:98] trace("Evaluating 'file:///E:/Aptana%20Jaxer%20Apache/Jaxer/Apache2-4Build/jaxer/aptana/diagnostics/jaxer-include/setup.js'")
  ->  [Includer.js:328] load("file:///E:/Aptana%20Jaxer%20Apache/Jaxer/Apache2-4Build/jaxer/aptana/diagnostics/jaxer-include/setup.js",[object ChromeWindow],"server",false,false,false)
  ->  [NewElement.js:67] load("tempLoad_0.30246001274181691766502792308")
  ->  [index.html:10] <no name>
paths:
  -> file:///E:/Aptana%20Jaxer%20Apache/Jaxer/Apache2-4Build/jaxer/framework/src/ModuleLogger.js
  -> file:///E:/Aptana%20Jaxer%20Apache/Jaxer/Apache2-4Build/jaxer/framework/src/Includer.js
  -> file:///E:/Aptana%20Jaxer%20Apache/Jaxer/Apache2-4Build/jaxer/framework/src/NewElement.js
  -> http://localhost:8081/aptana/diagnostics/index.html

01:13:12 12/24/2025 [ 15324] [TRACE] [JS Framework] [Includer.evalOn] Evaluating using Jaxer.request.evaluateScript: contents = function g... with global = [object ChromeWindow] and effectiveUrl = file:///E:/Aptana%20Jaxer%20Apache/Jaxer/Apache2-4Build/jaxer/aptana/diagnostics/jaxer-include/setup.js
stack:
  ->  [ModuleLogger.js:98] trace("Evaluating using Jaxer.request.evaluateScript: contents = function g... with global = [object ChromeWindow] and effectiveUrl = file:///E:/Aptana%20Jaxer%20Apache/Jaxer/Apache2-4Build/jaxer/aptana/diagnostics/jaxer-include/setup.js")
  ->  [Includer.js:131] evalOn("function getBuildNumber()\r\n{\r\n    return Jaxer.buildNumber;\r\n}\r\ngetBuildNumber.proxy = true;\r\n\r\nfunction resolvePath(path, referencePath)\r\n{\r\n\treturn Jaxer.Dir.resolve(path, referencePath);\r\n}\r\nresolvePath.proxy=true;\r\n\r\nfunction getFileContents(aPath)\r\n{\r\n    return Jaxer.File.readLines(aPath, \"<BR>\") || \"\";\r\n}\r\ngetFileContents.proxy = true;\r\n\r\nfunction doesFileExist(aPath)\r\n{\r\n    return Jaxer.File.exists(aPath);\r\n}\r\ndoesFileExist.proxy = true;\r\n\r\nfunction getConfigFileName()\r\n{\r\n\treturn resolvePath(Jaxer.Config.CONFIG_PATH);\r\n}\r\ngetConfigFileName.proxy = true;\r\n\r\nfunction getLocalConfigFileName()\r\n{\r\n\treturn resolvePath(Jaxer.Dir.combine(Jaxer.Config.LOCAL_CONF_DIR, \"config.js\"), Jaxer.System.executableFolder);\r\n}\r\ngetLocalConfigFileName.proxy = true;\r\n\r\nfunction testDatabase()\r\n{\r\n    var resultSet = Jaxer.DB.frameworkExecute(\"SELECT * FROM callback_page\");\r\n    var numCallbacks = resultSet.rows.length;\r\n    return \"Success!\";\r\n}\r\ntestDatabase.proxy = true;\r\n\r\nfunction findAndShowSuccess(id, message)\r\n{\r\n    var elt = document.getElementById(id);\r\n    if (elt) \r\n    {\r\n        elt.innerHTML = message || \"SUCCESS\";\r\n        elt.className = \"emphatic\";\r\n    }\r\n}\r\nfindAndShowSuccess.runat = \"both\";\r\n\r\nfunction isOnServer()\r\n{\r\n    return (typeof window.Jaxer != \"undefined\" &&\r\n    \tJaxer != null &&\r\n    \ttypeof Jaxer.isOnServer != null &&\r\n    \tJaxer.isOnServer);\r\n}\r\nisOnServer.runat = \"both\";\r\n\r\nfunction showServerSide(id)\r\n{\r\n    var success = isOnServer();\r\n    if (success) \r\n    {\r\n        findAndShowSuccess(id);\r\n    }\r\n}\r\n\r\nfunction testCallback()\r\n{\r\n    return isOnServer();\r\n}\r\ntestCallback.proxy = true;\r\n\r\nfunction showTestCallback(id)\r\n{\r\n    try \r\n    {\r\n        var success = testCallback();\r\n        if (success) \r\n        {\r\n            //findAndShowSuccess(id);\r\n            return \"Server callback succeeded\";\r\n        }\r\n        else \r\n        {\r\n            throw \"Ran on the client, not on the server!\";\r\n        }\r\n    } \r\n    catch (e) \r\n    {\r\n        alert(\"Error: \" + e);\r\n    }\r\n}\r\nshowTestCallback.runat = \"client\";\r\n\r\nfunction testDatabase()\r\n{\r\n    var resultSet = Jaxer.DB.frameworkExecute(\"SELECT * FROM callback_page\");\r\n    var numCallbacks = resultSet.rows.length;\r\n    return \"There are currently \" + numCallbacks + \" function blocks saved to the database\";\r\n}\r\ntestDatabase.proxy = true;\r\n\r\nfunction showTestDatabase(id)\r\n{\r\n    try \r\n    {\r\n        var result = testDatabase();\r\n        findAndShowSuccess(id, result);\r\n    } \r\n    catch (e) \r\n    {\r\n        alert(\"Error: \" + e);\r\n    }\r\n}\r\nshowTestDatabase.runat = \"client\";\r\n\r\n",[object ChromeWindow],"file:///E:/Aptana%20Jaxer%20Apache/Jaxer/Apache2-4Build/jaxer/aptana/diagnostics/jaxer-include/setup.js")
  ->  [Includer.js:329] load("file:///E:/Aptana%20Jaxer%20Apache/Jaxer/Apache2-4Build/jaxer/aptana/diagnostics/jaxer-include/setup.js",[object ChromeWindow],"server",false,false,false)
  ->  [NewElement.js:67] load("tempLoad_0.30246001274181691766502792308")
  ->  [index.html:10] <no name>
paths:
  -> file:///E:/Aptana%20Jaxer%20Apache/Jaxer/Apache2-4Build/jaxer/framework/src/ModuleLogger.js
  -> file:///E:/Aptana%20Jaxer%20Apache/Jaxer/Apache2-4Build/jaxer/framework/src/Includer.js
  -> file:///E:/Aptana%20Jaxer%20Apache/Jaxer/Apache2-4Build/jaxer/framework/src/NewElement.js
  -> http://localhost:8081/aptana/diagnostics/index.html

01:13:12 12/24/2025 [ 15324] [TRACE] [JS Framework] [Includer.load] Jaxer.pageWindow.Jaxer.__newFunctions contains 14 items
stack:
  ->  [ModuleLogger.js:98] trace("Jaxer.pageWindow.Jaxer.__newFunctions contains 14 items")
  ->  [Includer.js:334] load("file:///E:/Aptana%20Jaxer%20Apache/Jaxer/Apache2-4Build/jaxer/aptana/diagnostics/jaxer-include/setup.js",[object ChromeWindow],"server",false,false,false)
  ->  [NewElement.js:67] load("tempLoad_0.30246001274181691766502792308")
  ->  [index.html:10] <no name>
paths:
  -> file:///E:/Aptana%20Jaxer%20Apache/Jaxer/Apache2-4Build/jaxer/framework/src/ModuleLogger.js
  -> file:///E:/Aptana%20Jaxer%20Apache/Jaxer/Apache2-4Build/jaxer/framework/src/Includer.js
  -> file:///E:/Aptana%20Jaxer%20Apache/Jaxer/Apache2-4Build/jaxer/framework/src/NewElement.js
  -> http://localhost:8081/aptana/diagnostics/index.html

01:13:12 12/24/2025 [ 15324] [TRACE] [JS Framework] [Includer.setRunat] Set runat='server' on function named 'getBuildNumber'
stack:
  ->  [ModuleLogger.js:98] trace("Set runat='server' on function named 'getBuildNumber'")
  ->  [Includer.js:345] setRunat("getBuildNumber",0,[object Array])
  ->  [Includer.js:336] load("file:///E:/Aptana%20Jaxer%20Apache/Jaxer/Apache2-4Build/jaxer/aptana/diagnostics/jaxer-include/setup.js",[object ChromeWindow],"server",false,false,false)
  ->  [NewElement.js:67] load("tempLoad_0.30246001274181691766502792308")
  ->  [index.html:10] <no name>
paths:
  -> file:///E:/Aptana%20Jaxer%20Apache/Jaxer/Apache2-4Build/jaxer/framework/src/ModuleLogger.js
  -> file:///E:/Aptana%20Jaxer%20Apache/Jaxer/Apache2-4Build/jaxer/framework/src/Includer.js
  -> file:///E:/Aptana%20Jaxer%20Apache/Jaxer/Apache2-4Build/jaxer/framework/src/NewElement.js
  -> http://localhost:8081/aptana/diagnostics/index.html

01:13:12 12/24/2025 [ 15324] [TRACE] [JS Framework] [Includer.setRunat] Set runat='server' on function named 'resolvePath'
stack:
  ->  [ModuleLogger.js:98] trace("Set runat='server' on function named 'resolvePath'")
  ->  [Includer.js:345] setRunat("resolvePath",1,[object Array])
  ->  [Includer.js:336] load("file:///E:/Aptana%20Jaxer%20Apache/Jaxer/Apache2-4Build/jaxer/aptana/diagnostics/jaxer-include/setup.js",[object ChromeWindow],"server",false,false,false)
  ->  [NewElement.js:67] load("tempLoad_0.30246001274181691766502792308")
  ->  [index.html:10] <no name>
paths:
  -> file:///E:/Aptana%20Jaxer%20Apache/Jaxer/Apache2-4Build/jaxer/framework/src/ModuleLogger.js
  -> file:///E:/Aptana%20Jaxer%20Apache/Jaxer/Apache2-4Build/jaxer/framework/src/Includer.js
  -> file:///E:/Aptana%20Jaxer%20Apache/Jaxer/Apache2-4Build/jaxer/framework/src/NewElement.js
  -> http://localhost:8081/aptana/diagnostics/index.html

01:13:12 12/24/2025 [ 15324] [TRACE] [JS Framework] [Includer.setRunat] Set runat='server' on function named 'getFileContents'
stack:
  ->  [ModuleLogger.js:98] trace("Set runat='server' on function named 'getFileContents'")
  ->  [Includer.js:345] setRunat("getFileContents",2,[object Array])
  ->  [Includer.js:336] load("file:///E:/Aptana%20Jaxer%20Apache/Jaxer/Apache2-4Build/jaxer/aptana/diagnostics/jaxer-include/setup.js",[object ChromeWindow],"server",false,false,false)
  ->  [NewElement.js:67] load("tempLoad_0.30246001274181691766502792308")
  ->  [index.html:10] <no name>
paths:
  -> file:///E:/Aptana%20Jaxer%20Apache/Jaxer/Apache2-4Build/jaxer/framework/src/ModuleLogger.js
  -> file:///E:/Aptana%20Jaxer%20Apache/Jaxer/Apache2-4Build/jaxer/framework/src/Includer.js
  -> file:///E:/Aptana%20Jaxer%20Apache/Jaxer/Apache2-4Build/jaxer/framework/src/NewElement.js
  -> http://localhost:8081/aptana/diagnostics/index.html

01:13:12 12/24/2025 [ 15324] [TRACE] [JS Framework] [Includer.setRunat] Set runat='server' on function named 'doesFileExist'
stack:
  ->  [ModuleLogger.js:98] trace("Set runat='server' on function named 'doesFileExist'")
  ->  [Includer.js:345] setRunat("doesFileExist",3,[object Array])
  ->  [Includer.js:336] load("file:///E:/Aptana%20Jaxer%20Apache/Jaxer/Apache2-4Build/jaxer/aptana/diagnostics/jaxer-include/setup.js",[object ChromeWindow],"server",false,false,false)
  ->  [NewElement.js:67] load("tempLoad_0.30246001274181691766502792308")
  ->  [index.html:10] <no name>
paths:
  -> file:///E:/Aptana%20Jaxer%20Apache/Jaxer/Apache2-4Build/jaxer/framework/src/ModuleLogger.js
  -> file:///E:/Aptana%20Jaxer%20Apache/Jaxer/Apache2-4Build/jaxer/framework/src/Includer.js
  -> file:///E:/Aptana%20Jaxer%20Apache/Jaxer/Apache2-4Build/jaxer/framework/src/NewElement.js
  -> http://localhost:8081/aptana/diagnostics/index.html

01:13:12 12/24/2025 [ 15324] [TRACE] [JS Framework] [Includer.setRunat] Set runat='server' on function named 'getConfigFileName'
stack:
  ->  [ModuleLogger.js:98] trace("Set runat='server' on function named 'getConfigFileName'")
  ->  [Includer.js:345] setRunat("getConfigFileName",4,[object Array])
  ->  [Includer.js:336] load("file:///E:/Aptana%20Jaxer%20Apache/Jaxer/Apache2-4Build/jaxer/aptana/diagnostics/jaxer-include/setup.js",[object ChromeWindow],"server",false,false,false)
  ->  [NewElement.js:67] load("tempLoad_0.30246001274181691766502792308")
  ->  [index.html:10] <no name>
paths:
  -> file:///E:/Aptana%20Jaxer%20Apache/Jaxer/Apache2-4Build/jaxer/framework/src/ModuleLogger.js
  -> file:///E:/Aptana%20Jaxer%20Apache/Jaxer/Apache2-4Build/jaxer/framework/src/Includer.js
  -> file:///E:/Aptana%20Jaxer%20Apache/Jaxer/Apache2-4Build/jaxer/framework/src/NewElement.js
  -> http://localhost:8081/aptana/diagnostics/index.html

01:13:12 12/24/2025 [ 15324] [TRACE] [JS Framework] [Includer.setRunat] Set runat='server' on function named 'getLocalConfigFileName'
stack:
  ->  [ModuleLogger.js:98] trace("Set runat='server' on function named 'getLocalConfigFileName'")
  ->  [Includer.js:345] setRunat("getLocalConfigFileName",5,[object Array])
  ->  [Includer.js:336] load("file:///E:/Aptana%20Jaxer%20Apache/Jaxer/Apache2-4Build/jaxer/aptana/diagnostics/jaxer-include/setup.js",[object ChromeWindow],"server",false,false,false)
  ->  [NewElement.js:67] load("tempLoad_0.30246001274181691766502792308")
  ->  [index.html:10] <no name>
paths:
  -> file:///E:/Aptana%20Jaxer%20Apache/Jaxer/Apache2-4Build/jaxer/framework/src/ModuleLogger.js
  -> file:///E:/Aptana%20Jaxer%20Apache/Jaxer/Apache2-4Build/jaxer/framework/src/Includer.js
  -> file:///E:/Aptana%20Jaxer%20Apache/Jaxer/Apache2-4Build/jaxer/framework/src/NewElement.js
  -> http://localhost:8081/aptana/diagnostics/index.html

01:13:12 12/24/2025 [ 15324] [TRACE] [JS Framework] [Includer.setRunat] Set runat='server' on function named 'testDatabase'
stack:
  ->  [ModuleLogger.js:98] trace("Set runat='server' on function named 'testDatabase'")
  ->  [Includer.js:345] setRunat("testDatabase",6,[object Array])
  ->  [Includer.js:336] load("file:///E:/Aptana%20Jaxer%20Apache/Jaxer/Apache2-4Build/jaxer/aptana/diagnostics/jaxer-include/setup.js",[object ChromeWindow],"server",false,false,false)
  ->  [NewElement.js:67] load("tempLoad_0.30246001274181691766502792308")
  ->  [index.html:10] <no name>
paths:
  -> file:///E:/Aptana%20Jaxer%20Apache/Jaxer/Apache2-4Build/jaxer/framework/src/ModuleLogger.js
  -> file:///E:/Aptana%20Jaxer%20Apache/Jaxer/Apache2-4Build/jaxer/framework/src/Includer.js
  -> file:///E:/Aptana%20Jaxer%20Apache/Jaxer/Apache2-4Build/jaxer/framework/src/NewElement.js
  -> http://localhost:8081/aptana/diagnostics/index.html

01:13:12 12/24/2025 [ 15324] [TRACE] [JS Framework] [Includer.setRunat] Set runat='server' on function named 'showServerSide'
stack:
  ->  [ModuleLogger.js:98] trace("Set runat='server' on function named 'showServerSide'")
  ->  [Includer.js:345] setRunat("showServerSide",9,[object Array])
  ->  [Includer.js:336] load("file:///E:/Aptana%20Jaxer%20Apache/Jaxer/Apache2-4Build/jaxer/aptana/diagnostics/jaxer-include/setup.js",[object ChromeWindow],"server",false,false,false)
  ->  [NewElement.js:67] load("tempLoad_0.30246001274181691766502792308")
  ->  [index.html:10] <no name>
paths:
  -> file:///E:/Aptana%20Jaxer%20Apache/Jaxer/Apache2-4Build/jaxer/framework/src/ModuleLogger.js
  -> file:///E:/Aptana%20Jaxer%20Apache/Jaxer/Apache2-4Build/jaxer/framework/src/Includer.js
  -> file:///E:/Aptana%20Jaxer%20Apache/Jaxer/Apache2-4Build/jaxer/framework/src/NewElement.js
  -> http://localhost:8081/aptana/diagnostics/index.html

01:13:12 12/24/2025 [ 15324] [TRACE] [JS Framework] [Includer.setRunat] Set runat='server' on function named 'testCallback'
stack:
  ->  [ModuleLogger.js:98] trace("Set runat='server' on function named 'testCallback'")
  ->  [Includer.js:345] setRunat("testCallback",10,[object Array])
  ->  [Includer.js:336] load("file:///E:/Aptana%20Jaxer%20Apache/Jaxer/Apache2-4Build/jaxer/aptana/diagnostics/jaxer-include/setup.js",[object ChromeWindow],"server",false,false,false)
  ->  [NewElement.js:67] load("tempLoad_0.30246001274181691766502792308")
  ->  [index.html:10] <no name>
paths:
  -> file:///E:/Aptana%20Jaxer%20Apache/Jaxer/Apache2-4Build/jaxer/framework/src/ModuleLogger.js
  -> file:///E:/Aptana%20Jaxer%20Apache/Jaxer/Apache2-4Build/jaxer/framework/src/Includer.js
  -> file:///E:/Aptana%20Jaxer%20Apache/Jaxer/Apache2-4Build/jaxer/framework/src/NewElement.js
  -> http://localhost:8081/aptana/diagnostics/index.html

01:13:12 12/24/2025 [ 15324] [DEBUG] [JS Framework] [Includer.load] Included: file:///E:/Aptana%20Jaxer%20Apache/Jaxer/Apache2-4Build/jaxer/aptana/diagnostics/jaxer-include/setup.js
stack:
  ->  [ModuleLogger.js:98] debug("Included: file:///E:/Aptana%20Jaxer%20Apache/Jaxer/Apache2-4Build/jaxer/aptana/diagnostics/jaxer-include/setup.js")
  ->  [Includer.js:351] load("file:///E:/Aptana%20Jaxer%20Apache/Jaxer/Apache2-4Build/jaxer/aptana/diagnostics/jaxer-include/setup.js",[object ChromeWindow],"server",false,false,false)
  ->  [NewElement.js:67] load("tempLoad_0.30246001274181691766502792308")
  ->  [index.html:10] <no name>
paths:
  -> file:///E:/Aptana%20Jaxer%20Apache/Jaxer/Apache2-4Build/jaxer/framework/src/ModuleLogger.js
  -> file:///E:/Aptana%20Jaxer%20Apache/Jaxer/Apache2-4Build/jaxer/framework/src/Includer.js
  -> file:///E:/Aptana%20Jaxer%20Apache/Jaxer/Apache2-4Build/jaxer/framework/src/NewElement.js
  -> http://localhost:8081/aptana/diagnostics/index.html

01:13:12 12/24/2025 [ 15324] [TRACE] [JS Framework] [CoreEvents.fire] At this time, evt.Request.isHandler=false and eventType: NEW_ELEMENT - JAXER:INCLUDE
stack:
  ->  [ModuleLogger.js:98] trace("At this time, evt.Request.isHandler=false and eventType: NEW_ELEMENT - JAXER:INCLUDE")
  ->  [CoreEvents.js:205] fire("NEW_ELEMENT",[object XPCWrappedNative_NoHelper],[object HTMLDocument],[object HTMLUnknownElement])
  ->  [aptEventHandler.js:157] observe([object XPCWrappedNative_NoHelper],"jaxerEvent.NewHTMLElement",null)
paths:
  -> file:///E:/Aptana%20Jaxer%20Apache/Jaxer/Apache2-4Build/jaxer/framework/src/ModuleLogger.js
  -> file:///E:/Aptana%20Jaxer%20Apache/Jaxer/Apache2-4Build/jaxer/framework/src/CoreEvents.js
  -> file:///E:/Aptana%20Jaxer%20Apache/Jaxer/Apache2-4Build/jaxer/components/aptEventHandler.js

01:13:12 12/24/2025 [ 15324] [TRACE] [JS Framework] [CoreEvents.fireEvent] Firing an event for NEW_ELEMENT
stack:
  ->  [ModuleLogger.js:98] trace("Firing an event for NEW_ELEMENT")
  ->  [CoreEvents.js:282] fireEvent("NEW_ELEMENT",[object Array])
  ->  [CoreEvents.js:238] fire("NEW_ELEMENT",[object XPCWrappedNative_NoHelper],[object HTMLDocument],[object HTMLUnknownElement])
  ->  [aptEventHandler.js:157] observe([object XPCWrappedNative_NoHelper],"jaxerEvent.NewHTMLElement",null)
paths:
  -> file:///E:/Aptana%20Jaxer%20Apache/Jaxer/Apache2-4Build/jaxer/framework/src/ModuleLogger.js
  -> file:///E:/Aptana%20Jaxer%20Apache/Jaxer/Apache2-4Build/jaxer/framework/src/CoreEvents.js
  -> file:///E:/Aptana%20Jaxer%20Apache/Jaxer/Apache2-4Build/jaxer/components/aptEventHandler.js

01:13:12 12/24/2025 [ 15324] [TRACE] [JS Framework] [CoreEvents.fireEvent] Calling event handler: function onNewElement(evt, doc, elt) {
    switch (elt.tagNa...
stack:
  ->  [ModuleLogger.js:98] trace("Calling event handler: function onNewElement(evt, doc, elt) {\n    switch (elt.tagNa...")
  ->  [CoreEvents.js:292] fireEvent("NEW_ELEMENT",[object Array])
  ->  [CoreEvents.js:238] fire("NEW_ELEMENT",[object XPCWrappedNative_NoHelper],[object HTMLDocument],[object HTMLUnknownElement])
  ->  [aptEventHandler.js:157] observe([object XPCWrappedNative_NoHelper],"jaxerEvent.NewHTMLElement",null)
paths:
  -> file:///E:/Aptana%20Jaxer%20Apache/Jaxer/Apache2-4Build/jaxer/framework/src/ModuleLogger.js
  -> file:///E:/Aptana%20Jaxer%20Apache/Jaxer/Apache2-4Build/jaxer/framework/src/CoreEvents.js
  -> file:///E:/Aptana%20Jaxer%20Apache/Jaxer/Apache2-4Build/jaxer/components/aptEventHandler.js

01:13:12 12/24/2025 [ 15324] [TRACE] [JS Framework] [NewElement.onNewElement] Received element: JAXER:INCLUDE with src='jaxer-include/jversions.html' and no path
stack:
  ->  [ModuleLogger.js:98] trace("Received element: JAXER:INCLUDE with src='jaxer-include/jversions.html' and no path")
  ->  [NewElement.js:139] onNewElement([object XPCWrappedNative_NoHelper],[object HTMLDocument],[object HTMLUnknownElement])
  ->  [CoreEvents.js:293] fireEvent("NEW_ELEMENT",[object Array])
  ->  [CoreEvents.js:238] fire("NEW_ELEMENT",[object XPCWrappedNative_NoHelper],[object HTMLDocument],[object HTMLUnknownElement])
  ->  [aptEventHandler.js:157] observe([object XPCWrappedNative_NoHelper],"jaxerEvent.NewHTMLElement",null)
paths:
  -> file:///E:/Aptana%20Jaxer%20Apache/Jaxer/Apache2-4Build/jaxer/framework/src/ModuleLogger.js
  -> file:///E:/Aptana%20Jaxer%20Apache/Jaxer/Apache2-4Build/jaxer/framework/src/NewElement.js
  -> file:///E:/Aptana%20Jaxer%20Apache/Jaxer/Apache2-4Build/jaxer/framework/src/CoreEvents.js
  -> file:///E:/Aptana%20Jaxer%20Apache/Jaxer/Apache2-4Build/jaxer/components/aptEventHandler.js

01:13:12 12/24/2025 [ 15324] [TRACE] [JS Framework] [Includer.includeElement] Entering with element to include having src = jaxer-include/jversions.html and path = null
stack:
  ->  [ModuleLogger.js:98] trace("Entering with element to include having src = jaxer-include/jversions.html and path = null")
  ->  [Includer.js:57] includeElement([object HTMLDocument],[object HTMLUnknownElement])
  ->  [NewElement.js:142] onNewElement([object XPCWrappedNative_NoHelper],[object HTMLDocument],[object HTMLUnknownElement])
  ->  [CoreEvents.js:293] fireEvent("NEW_ELEMENT",[object Array])
  ->  [CoreEvents.js:238] fire("NEW_ELEMENT",[object XPCWrappedNative_NoHelper],[object HTMLDocument],[object HTMLUnknownElement])
  ->  [aptEventHandler.js:157] observe([object XPCWrappedNative_NoHelper],"jaxerEvent.NewHTMLElement",null)
paths:
  -> file:///E:/Aptana%20Jaxer%20Apache/Jaxer/Apache2-4Build/jaxer/framework/src/ModuleLogger.js
  -> file:///E:/Aptana%20Jaxer%20Apache/Jaxer/Apache2-4Build/jaxer/framework/src/Includer.js
  -> file:///E:/Aptana%20Jaxer%20Apache/Jaxer/Apache2-4Build/jaxer/framework/src/NewElement.js
  -> file:///E:/Aptana%20Jaxer%20Apache/Jaxer/Apache2-4Build/jaxer/framework/src/CoreEvents.js
  -> file:///E:/Aptana%20Jaxer%20Apache/Jaxer/Apache2-4Build/jaxer/components/aptEventHandler.js

01:13:12 12/24/2025 [ 15324] [TRACE] [JS Framework] [Web.get] Retrieving from file URL: file:///E:/Aptana%20Jaxer%20Apache/Jaxer/Apache2-4Build/jaxer/aptana/diagnostics/jaxer-include/jversions.html
stack:
  ->  [ModuleLogger.js:98] trace("Retrieving from file URL: file:///E:/Aptana%20Jaxer%20Apache/Jaxer/Apache2-4Build/jaxer/aptana/diagnostics/jaxer-include/jversions.html")
  ->  [Web.js:227] get("file:///E:/Aptana%20Jaxer%20Apache/Jaxer/Apache2-4Build/jaxer/aptana/diagnostics/jaxer-include/jversions.html",[object Object])
  ->  [Includer.js:68] includeElement([object HTMLDocument],[object HTMLUnknownElement])
  ->  [NewElement.js:142] onNewElement([object XPCWrappedNative_NoHelper],[object HTMLDocument],[object HTMLUnknownElement])
  ->  [CoreEvents.js:293] fireEvent("NEW_ELEMENT",[object Array])
  ->  [CoreEvents.js:238] fire("NEW_ELEMENT",[object XPCWrappedNative_NoHelper],[object HTMLDocument],[object HTMLUnknownElement])
  ->  [aptEventHandler.js:157] observe([object XPCWrappedNative_NoHelper],"jaxerEvent.NewHTMLElement",null)
paths:
  -> file:///E:/Aptana%20Jaxer%20Apache/Jaxer/Apache2-4Build/jaxer/framework/src/ModuleLogger.js
  -> file:///E:/Aptana%20Jaxer%20Apache/Jaxer/Apache2-4Build/jaxer/framework/src/Web.js
  -> file:///E:/Aptana%20Jaxer%20Apache/Jaxer/Apache2-4Build/jaxer/framework/src/Includer.js
  -> file:///E:/Aptana%20Jaxer%20Apache/Jaxer/Apache2-4Build/jaxer/framework/src/NewElement.js
  -> file:///E:/Aptana%20Jaxer%20Apache/Jaxer/Apache2-4Build/jaxer/framework/src/CoreEvents.js
  -> file:///E:/Aptana%20Jaxer%20Apache/Jaxer/Apache2-4Build/jaxer/components/aptEventHandler.js

01:13:12 12/24/2025 [ 15324] [TRACE] [JS Framework] [Web.get] Resolved to path: E:\Aptana Jaxer Apache\Jaxer\Apache2-4Build\jaxer\aptana\diagnostics\jaxer-include\jversions.html
stack:
  ->  [ModuleLogger.js:98] trace("Resolved to path: E:\\Aptana Jaxer Apache\\Jaxer\\Apache2-4Build\\jaxer\\aptana\\diagnostics\\jaxer-include\\jversions.html")
  ->  [Web.js:229] get("file:///E:/Aptana%20Jaxer%20Apache/Jaxer/Apache2-4Build/jaxer/aptana/diagnostics/jaxer-include/jversions.html",[object Object])
  ->  [Includer.js:68] includeElement([object HTMLDocument],[object HTMLUnknownElement])
  ->  [NewElement.js:142] onNewElement([object XPCWrappedNative_NoHelper],[object HTMLDocument],[object HTMLUnknownElement])
  ->  [CoreEvents.js:293] fireEvent("NEW_ELEMENT",[object Array])
  ->  [CoreEvents.js:238] fire("NEW_ELEMENT",[object XPCWrappedNative_NoHelper],[object HTMLDocument],[object HTMLUnknownElement])
  ->  [aptEventHandler.js:157] observe([object XPCWrappedNative_NoHelper],"jaxerEvent.NewHTMLElement",null)
paths:
  -> file:///E:/Aptana%20Jaxer%20Apache/Jaxer/Apache2-4Build/jaxer/framework/src/ModuleLogger.js
  -> file:///E:/Aptana%20Jaxer%20Apache/Jaxer/Apache2-4Build/jaxer/framework/src/Web.js
  -> file:///E:/Aptana%20Jaxer%20Apache/Jaxer/Apache2-4Build/jaxer/framework/src/Includer.js
  -> file:///E:/Aptana%20Jaxer%20Apache/Jaxer/Apache2-4Build/jaxer/framework/src/NewElement.js
  -> file:///E:/Aptana%20Jaxer%20Apache/Jaxer/Apache2-4Build/jaxer/framework/src/CoreEvents.js
  -> file:///E:/Aptana%20Jaxer%20Apache/Jaxer/Apache2-4Build/jaxer/components/aptEventHandler.js

01:13:12 12/24/2025 [ 15324] [TRACE] [JS Framework] [Web.get] Read 1599 characters from file
stack:
  ->  [ModuleLogger.js:98] trace("Read 1599 characters from file")
  ->  [Web.js:231] get("file:///E:/Aptana%20Jaxer%20Apache/Jaxer/Apache2-4Build/jaxer/aptana/diagnostics/jaxer-include/jversions.html",[object Object])
  ->  [Includer.js:68] includeElement([object HTMLDocument],[object HTMLUnknownElement])
  ->  [NewElement.js:142] onNewElement([object XPCWrappedNative_NoHelper],[object HTMLDocument],[object HTMLUnknownElement])
  ->  [CoreEvents.js:293] fireEvent("NEW_ELEMENT",[object Array])
  ->  [CoreEvents.js:238] fire("NEW_ELEMENT",[object XPCWrappedNative_NoHelper],[object HTMLDocument],[object HTMLUnknownElement])
  ->  [aptEventHandler.js:157] observe([object XPCWrappedNative_NoHelper],"jaxerEvent.NewHTMLElement",null)
paths:
  -> file:///E:/Aptana%20Jaxer%20Apache/Jaxer/Apache2-4Build/jaxer/framework/src/ModuleLogger.js
  -> file:///E:/Aptana%20Jaxer%20Apache/Jaxer/Apache2-4Build/jaxer/framework/src/Web.js
  -> file:///E:/Aptana%20Jaxer%20Apache/Jaxer/Apache2-4Build/jaxer/framework/src/Includer.js
  -> file:///E:/Aptana%20Jaxer%20Apache/Jaxer/Apache2-4Build/jaxer/framework/src/NewElement.js
  -> file:///E:/Aptana%20Jaxer%20Apache/Jaxer/Apache2-4Build/jaxer/framework/src/CoreEvents.js
  -> file:///E:/Aptana%20Jaxer%20Apache/Jaxer/Apache2-4Build/jaxer/components/aptEventHandler.js

01:13:12 12/24/2025 [ 15324] [DEBUG] [JS Framework] [Includer.includeElement] Successfully included file at jaxer-include/jversions.html for this JAXER:INCLUDE element
stack:
  ->  [ModuleLogger.js:98] debug("Successfully included file at jaxer-include/jversions.html for this JAXER:INCLUDE element")
  ->  [Includer.js:84] includeElement([object HTMLDocument],[object HTMLUnknownElement])
  ->  [NewElement.js:142] onNewElement([object XPCWrappedNative_NoHelper],[object HTMLDocument],[object HTMLUnknownElement])
  ->  [CoreEvents.js:293] fireEvent("NEW_ELEMENT",[object Array])
  ->  [CoreEvents.js:238] fire("NEW_ELEMENT",[object XPCWrappedNative_NoHelper],[object HTMLDocument],[object HTMLUnknownElement])
  ->  [aptEventHandler.js:157] observe([object XPCWrappedNative_NoHelper],"jaxerEvent.NewHTMLElement",null)
paths:
  -> file:///E:/Aptana%20Jaxer%20Apache/Jaxer/Apache2-4Build/jaxer/framework/src/ModuleLogger.js
  -> file:///E:/Aptana%20Jaxer%20Apache/Jaxer/Apache2-4Build/jaxer/framework/src/Includer.js
  -> file:///E:/Aptana%20Jaxer%20Apache/Jaxer/Apache2-4Build/jaxer/framework/src/NewElement.js
  -> file:///E:/Aptana%20Jaxer%20Apache/Jaxer/Apache2-4Build/jaxer/framework/src/CoreEvents.js
  -> file:///E:/Aptana%20Jaxer%20Apache/Jaxer/Apache2-4Build/jaxer/components/aptEventHandler.js

01:13:12 12/24/2025 [ 15324] [ERROR] [JavaScript Error: "args is undefined" {file: "file:///E:/Aptana%20Jaxer%20Apache/Jaxer/Apache2-4Build/jaxer/components/aptEventHandler.js -> file:///E:/Aptana%20Jaxer%20Apache/Jaxer/Apache2-4Build/jaxer/framework/src/CoreEvents.js" line: 243}]
01:13:12 12/24/2025 [ 15324] [ERROR] [JavaScript Error: "args is undefined" {file: "file:///E:/Aptana%20Jaxer%20Apache/Jaxer/Apache2-4Build/jaxer/components/aptEventHandler.js -> file:///E:/Aptana%20Jaxer%20Apache/Jaxer/Apache2-4Build/jaxer/framework/src/CoreEvents.js" line: 243}]
01:13:12 12/24/2025 [ 15324] [ERROR] [JavaScript Error: "args is undefined" {file: "file:///E:/Aptana%20Jaxer%20Apache/Jaxer/Apache2-4Build/jaxer/components/aptEventHandler.js -> file:///E:/Aptana%20Jaxer%20Apache/Jaxer/Apache2-4Build/jaxer/framework/src/CoreEvents.js" line: 243}]
01:13:12 12/24/2025 [ 15324] [ERROR] [JavaScript Error: "args is undefined" {file: "file:///E:/Aptana%20Jaxer%20Apache/Jaxer/Apache2-4Build/jaxer/components/aptEventHandler.js -> file:///E:/Aptana%20Jaxer%20Apache/Jaxer/Apache2-4Build/jaxer/framework/src/CoreEvents.js" line: 243}]
01:13:12 12/24/2025 [ 15324] [ERROR] [JavaScript Error: "args is undefined" {file: "file:///E:/Aptana%20Jaxer%20Apache/Jaxer/Apache2-4Build/jaxer/components/aptEventHandler.js -> file:///E:/Aptana%20Jaxer%20Apache/Jaxer/Apache2-4Build/jaxer/framework/src/CoreEvents.js" line: 243}]
01:13:12 12/24/2025 [ 15324] [ERROR] [JavaScript Error: "args is undefined" {file: "file:///E:/Aptana%20Jaxer%20Apache/Jaxer/Apache2-4Build/jaxer/components/aptEventHandler.js -> file:///E:/Aptana%20Jaxer%20Apache/Jaxer/Apache2-4Build/jaxer/framework/src/CoreEvents.js" line: 243}]
01:13:12 12/24/2025 [ 15324] [ERROR] [JavaScript Error: "args is undefined" {file: "file:///E:/Aptana%20Jaxer%20Apache/Jaxer/Apache2-4Build/jaxer/components/aptEventHandler.js -> file:///E:/Aptana%20Jaxer%20Apache/Jaxer/Apache2-4Build/jaxer/framework/src/CoreEvents.js" line: 243}]
01:13:12 12/24/2025 [ 15324] [ERROR] [JavaScript Error: "args is undefined" {file: "file:///E:/Aptana%20Jaxer%20Apache/Jaxer/Apache2-4Build/jaxer/components/aptEventHandler.js -> file:///E:/Aptana%20Jaxer%20Apache/Jaxer/Apache2-4Build/jaxer/framework/src/CoreEvents.js" line: 243}]
01:13:12 12/24/2025 [ 15324] [ERROR] [JavaScript Error: "args is undefined" {file: "file:///E:/Aptana%20Jaxer%20Apache/Jaxer/Apache2-4Build/jaxer/components/aptEventHandler.js -> file:///E:/Aptana%20Jaxer%20Apache/Jaxer/Apache2-4Build/jaxer/framework/src/CoreEvents.js" line: 243}]
01:13:12 12/24/2025 [ 15324] [ERROR] [JavaScript Error: "args is undefined" {file: "file:///E:/Aptana%20Jaxer%20Apache/Jaxer/Apache2-4Build/jaxer/components/aptEventHandler.js -> file:///E:/Aptana%20Jaxer%20Apache/Jaxer/Apache2-4Build/jaxer/framework/src/CoreEvents.js" line: 243}]
01:13:12 12/24/2025 [ 15324] [ERROR] [JavaScript Error: "args is undefined" {file: "file:///E:/Aptana%20Jaxer%20Apache/Jaxer/Apache2-4Build/jaxer/components/aptEventHandler.js -> file:///E:/Aptana%20Jaxer%20Apache/Jaxer/Apache2-4Build/jaxer/framework/src/CoreEvents.js" line: 243}]
01:13:12 12/24/2025 [ 15324] [ERROR] [JavaScript Error: "args is undefined" {file: "file:///E:/Aptana%20Jaxer%20Apache/Jaxer/Apache2-4Build/jaxer/components/aptEventHandler.js -> file:///E:/Aptana%20Jaxer%20Apache/Jaxer/Apache2-4Build/jaxer/framework/src/CoreEvents.js" line: 243}]
01:13:12 12/24/2025 [ 15324] [TRACE] [JS Framework] [CoreEvents.fire] At this time, evt.Request.isHandler=false and eventType: PARSE_COMPLETE
stack:
  ->  [ModuleLogger.js:98] trace("At this time, evt.Request.isHandler=false and eventType: PARSE_COMPLETE")
  ->  [CoreEvents.js:205] fire("PARSE_COMPLETE",[object XPCWrappedNative_NoHelper],[object HTMLDocument])
  ->  [aptEventHandler.js:337] observe([object XPCWrappedNative_NoHelper],"jaxerEvent.HTMLParseComplete",null)
paths:
  -> file:///E:/Aptana%20Jaxer%20Apache/Jaxer/Apache2-4Build/jaxer/framework/src/ModuleLogger.js
  -> file:///E:/Aptana%20Jaxer%20Apache/Jaxer/Apache2-4Build/jaxer/framework/src/CoreEvents.js
  -> file:///E:/Aptana%20Jaxer%20Apache/Jaxer/Apache2-4Build/jaxer/components/aptEventHandler.js

01:13:12 12/24/2025 [ 15324] [TRACE] [JS Framework] [CoreEvents.fireEvent] Firing an event for HANDLE_PAGE
stack:
  ->  [ModuleLogger.js:98] trace("Firing an event for HANDLE_PAGE")
  ->  [CoreEvents.js:282] fireEvent("HANDLE_PAGE",[object Array])
  ->  [CoreEvents.js:234] fire("PARSE_COMPLETE",[object XPCWrappedNative_NoHelper],[object HTMLDocument])
  ->  [aptEventHandler.js:337] observe([object XPCWrappedNative_NoHelper],"jaxerEvent.HTMLParseComplete",null)
paths:
  -> file:///E:/Aptana%20Jaxer%20Apache/Jaxer/Apache2-4Build/jaxer/framework/src/ModuleLogger.js
  -> file:///E:/Aptana%20Jaxer%20Apache/Jaxer/Apache2-4Build/jaxer/framework/src/CoreEvents.js
  -> file:///E:/Aptana%20Jaxer%20Apache/Jaxer/Apache2-4Build/jaxer/components/aptEventHandler.js

01:13:12 12/24/2025 [ 15324] [TRACE] [JS Framework] [CoreEvents.fireEvent] Calling event handler: function onHandlePage(evt, doc) {
    if (checkErrors(doc)) ...
stack:
  ->  [ModuleLogger.js:98] trace("Calling event handler: function onHandlePage(evt, doc) {\n    if (checkErrors(doc)) ...")
  ->  [CoreEvents.js:292] fireEvent("HANDLE_PAGE",[object Array])
  ->  [CoreEvents.js:234] fire("PARSE_COMPLETE",[object XPCWrappedNative_NoHelper],[object HTMLDocument])
  ->  [aptEventHandler.js:337] observe([object XPCWrappedNative_NoHelper],"jaxerEvent.HTMLParseComplete",null)
paths:
  -> file:///E:/Aptana%20Jaxer%20Apache/Jaxer/Apache2-4Build/jaxer/framework/src/ModuleLogger.js
  -> file:///E:/Aptana%20Jaxer%20Apache/Jaxer/Apache2-4Build/jaxer/framework/src/CoreEvents.js
  -> file:///E:/Aptana%20Jaxer%20Apache/Jaxer/Apache2-4Build/jaxer/components/aptEventHandler.js

01:13:12 12/24/2025 [ 15324] [TRACE] [JS Framework] [Response.setNoCacheHeaders] Setting no-cache headers
stack:
  ->  [ModuleLogger.js:98] trace("Setting no-cache headers")
  ->  [Response.js:772] setNoCacheHeaders()
  ->  [HandlePage.js:48] onHandlePage([object XPCWrappedNative_NoHelper],[object HTMLDocument])
  ->  [CoreEvents.js:293] fireEvent("HANDLE_PAGE",[object Array])
  ->  [CoreEvents.js:234] fire("PARSE_COMPLETE",[object XPCWrappedNative_NoHelper],[object HTMLDocument])
  ->  [aptEventHandler.js:337] observe([object XPCWrappedNative_NoHelper],"jaxerEvent.HTMLParseComplete",null)
paths:
  -> file:///E:/Aptana%20Jaxer%20Apache/Jaxer/Apache2-4Build/jaxer/framework/src/ModuleLogger.js
  -> file:///E:/Aptana%20Jaxer%20Apache/Jaxer/Apache2-4Build/jaxer/framework/src/Response.js
  -> file:///E:/Aptana%20Jaxer%20Apache/Jaxer/Apache2-4Build/jaxer/framework/src/HandlePage.js
  -> file:///E:/Aptana%20Jaxer%20Apache/Jaxer/Apache2-4Build/jaxer/framework/src/CoreEvents.js
  -> file:///E:/Aptana%20Jaxer%20Apache/Jaxer/Apache2-4Build/jaxer/components/aptEventHandler.js

01:13:12 12/24/2025 [ 15324] [TRACE] [JS Framework] [Response.setNoCacheHeaders] Setting no-cache headers
stack:
  ->  [ModuleLogger.js:98] trace("Setting no-cache headers")
  ->  [Response.js:772] setNoCacheHeaders()
  ->  [HandlePage.js:85] onHandlePage([object XPCWrappedNative_NoHelper],[object HTMLDocument])
  ->  [CoreEvents.js:293] fireEvent("HANDLE_PAGE",[object Array])
  ->  [CoreEvents.js:234] fire("PARSE_COMPLETE",[object XPCWrappedNative_NoHelper],[object HTMLDocument])
  ->  [aptEventHandler.js:337] observe([object XPCWrappedNative_NoHelper],"jaxerEvent.HTMLParseComplete",null)
paths:
  -> file:///E:/Aptana%20Jaxer%20Apache/Jaxer/Apache2-4Build/jaxer/framework/src/ModuleLogger.js
  -> file:///E:/Aptana%20Jaxer%20Apache/Jaxer/Apache2-4Build/jaxer/framework/src/Response.js
  -> file:///E:/Aptana%20Jaxer%20Apache/Jaxer/Apache2-4Build/jaxer/framework/src/HandlePage.js
  -> file:///E:/Aptana%20Jaxer%20Apache/Jaxer/Apache2-4Build/jaxer/framework/src/CoreEvents.js
  -> file:///E:/Aptana%20Jaxer%20Apache/Jaxer/Apache2-4Build/jaxer/components/aptEventHandler.js

01:13:12 12/24/2025 [ 15324] [TRACE] [JS Framework] [CoreEvents.fireEvent] Firing an event for PARSE_COMPLETE
stack:
  ->  [ModuleLogger.js:98] trace("Firing an event for PARSE_COMPLETE")
  ->  [CoreEvents.js:282] fireEvent("PARSE_COMPLETE",[object Array])
  ->  [CoreEvents.js:238] fire("PARSE_COMPLETE",[object XPCWrappedNative_NoHelper],[object HTMLDocument])
  ->  [aptEventHandler.js:337] observe([object XPCWrappedNative_NoHelper],"jaxerEvent.HTMLParseComplete",null)
paths:
  -> file:///E:/Aptana%20Jaxer%20Apache/Jaxer/Apache2-4Build/jaxer/framework/src/ModuleLogger.js
  -> file:///E:/Aptana%20Jaxer%20Apache/Jaxer/Apache2-4Build/jaxer/framework/src/CoreEvents.js
  -> file:///E:/Aptana%20Jaxer%20Apache/Jaxer/Apache2-4Build/jaxer/components/aptEventHandler.js

01:13:12 12/24/2025 [ 15324] [TRACE] [JS Framework] [CoreEvents.fireEvent] Calling event handler: function onParseComplete(evt, doc) {
    Jaxer.__tempLoad.cl...
stack:
  ->  [ModuleLogger.js:98] trace("Calling event handler: function onParseComplete(evt, doc) {\n    Jaxer.__tempLoad.cl...")
  ->  [CoreEvents.js:292] fireEvent("PARSE_COMPLETE",[object Array])
  ->  [CoreEvents.js:238] fire("PARSE_COMPLETE",[object XPCWrappedNative_NoHelper],[object HTMLDocument])
  ->  [aptEventHandler.js:337] observe([object XPCWrappedNative_NoHelper],"jaxerEvent.HTMLParseComplete",null)
paths:
  -> file:///E:/Aptana%20Jaxer%20Apache/Jaxer/Apache2-4Build/jaxer/framework/src/ModuleLogger.js
  -> file:///E:/Aptana%20Jaxer%20Apache/Jaxer/Apache2-4Build/jaxer/framework/src/CoreEvents.js
  -> file:///E:/Aptana%20Jaxer%20Apache/Jaxer/Apache2-4Build/jaxer/components/aptEventHandler.js

01:13:12 12/24/2025 [ 15324] [TRACE] [JS Framework] [CoreEvents.fire] At this time, evt.Request.isHandler=false and eventType: REQUEST_COMPLETE
stack:
  ->  [ModuleLogger.js:98] trace("At this time, evt.Request.isHandler=false and eventType: REQUEST_COMPLETE")
  ->  [CoreEvents.js:205] fire("REQUEST_COMPLETE",[object XPCWrappedNative_NoHelper])
  ->  [aptEventHandler.js:351] observe([object XPCWrappedNative_NoHelper],"jaxerEvent.RequestComplete",null)
paths:
  -> file:///E:/Aptana%20Jaxer%20Apache/Jaxer/Apache2-4Build/jaxer/framework/src/ModuleLogger.js
  -> file:///E:/Aptana%20Jaxer%20Apache/Jaxer/Apache2-4Build/jaxer/framework/src/CoreEvents.js
  -> file:///E:/Aptana%20Jaxer%20Apache/Jaxer/Apache2-4Build/jaxer/components/aptEventHandler.js

01:13:12 12/24/2025 [ 15324] [TRACE] [JS Framework] [CoreEvents.fireEvent] Firing an event for REQUEST_COMPLETE
stack:
  ->  [ModuleLogger.js:98] trace("Firing an event for REQUEST_COMPLETE")
  ->  [CoreEvents.js:282] fireEvent("REQUEST_COMPLETE",[object Array])
  ->  [CoreEvents.js:238] fire("REQUEST_COMPLETE",[object XPCWrappedNative_NoHelper])
  ->  [aptEventHandler.js:351] observe([object XPCWrappedNative_NoHelper],"jaxerEvent.RequestComplete",null)
paths:
  -> file:///E:/Aptana%20Jaxer%20Apache/Jaxer/Apache2-4Build/jaxer/framework/src/ModuleLogger.js
  -> file:///E:/Aptana%20Jaxer%20Apache/Jaxer/Apache2-4Build/jaxer/framework/src/CoreEvents.js
  -> file:///E:/Aptana%20Jaxer%20Apache/Jaxer/Apache2-4Build/jaxer/components/aptEventHandler.js

01:13:12 12/24/2025 [ 15324] [TRACE] [JS Framework] [CoreEvents.fireEvent] Calling event handler: function onRequestComplete(evt) {
}...
stack:
  ->  [ModuleLogger.js:98] trace("Calling event handler: function onRequestComplete(evt) {\n}...")
  ->  [CoreEvents.js:292] fireEvent("REQUEST_COMPLETE",[object Array])
  ->  [CoreEvents.js:238] fire("REQUEST_COMPLETE",[object XPCWrappedNative_NoHelper])
  ->  [aptEventHandler.js:351] observe([object XPCWrappedNative_NoHelper],"jaxerEvent.RequestComplete",null)
paths:
  -> file:///E:/Aptana%20Jaxer%20Apache/Jaxer/Apache2-4Build/jaxer/framework/src/ModuleLogger.js
  -> file:///E:/Aptana%20Jaxer%20Apache/Jaxer/Apache2-4Build/jaxer/framework/src/CoreEvents.js
  -> file:///E:/Aptana%20Jaxer%20Apache/Jaxer/Apache2-4Build/jaxer/components/aptEventHandler.js

01:13:16 12/24/2025 [ 32928] [TRACE] [JS Framework] [CoreEvents.fire] At this time, evt.Request.isHandler=false and eventType: REQUEST_START
stack:
  ->  [ModuleLogger.js:98] trace("At this time, evt.Request.isHandler=false and eventType: REQUEST_START")
  ->  [CoreEvents.js:205] fire("REQUEST_START",[object XPCWrappedNative_NoHelper])
  ->  [aptEventHandler.js:292] observe([object XPCWrappedNative_NoHelper],"jaxerEvent.RequestStart",null)
paths:
  -> file:///E:/Aptana%20Jaxer%20Apache/Jaxer/Apache2-4Build/jaxer/framework/src/ModuleLogger.js
  -> file:///E:/Aptana%20Jaxer%20Apache/Jaxer/Apache2-4Build/jaxer/framework/src/CoreEvents.js
  -> file:///E:/Aptana%20Jaxer%20Apache/Jaxer/Apache2-4Build/jaxer/components/aptEventHandler.js

01:13:16 12/24/2025 [ 32928] [TRACE] [JS Framework] [CoreEvents.fireEvent] Firing an event for REQUEST_START
stack:
  ->  [ModuleLogger.js:98] trace("Firing an event for REQUEST_START")
  ->  [CoreEvents.js:282] fireEvent("REQUEST_START",[object Array])
  ->  [CoreEvents.js:238] fire("REQUEST_START",[object XPCWrappedNative_NoHelper])
  ->  [aptEventHandler.js:292] observe([object XPCWrappedNative_NoHelper],"jaxerEvent.RequestStart",null)
paths:
  -> file:///E:/Aptana%20Jaxer%20Apache/Jaxer/Apache2-4Build/jaxer/framework/src/ModuleLogger.js
  -> file:///E:/Aptana%20Jaxer%20Apache/Jaxer/Apache2-4Build/jaxer/framework/src/CoreEvents.js
  -> file:///E:/Aptana%20Jaxer%20Apache/Jaxer/Apache2-4Build/jaxer/components/aptEventHandler.js

01:13:16 12/24/2025 [ 32928] [TRACE] [JS Framework] [CoreEvents.fireEvent] Calling event handler: function onRequestStart(evt) {
}...
stack:
  ->  [ModuleLogger.js:98] trace("Calling event handler: function onRequestStart(evt) {\n}...")
  ->  [CoreEvents.js:292] fireEvent("REQUEST_START",[object Array])
  ->  [CoreEvents.js:238] fire("REQUEST_START",[object XPCWrappedNative_NoHelper])
  ->  [aptEventHandler.js:292] observe([object XPCWrappedNative_NoHelper],"jaxerEvent.RequestStart",null)
paths:
  -> file:///E:/Aptana%20Jaxer%20Apache/Jaxer/Apache2-4Build/jaxer/framework/src/ModuleLogger.js
  -> file:///E:/Aptana%20Jaxer%20Apache/Jaxer/Apache2-4Build/jaxer/framework/src/CoreEvents.js
  -> file:///E:/Aptana%20Jaxer%20Apache/Jaxer/Apache2-4Build/jaxer/components/aptEventHandler.js

01:13:16 12/24/2025 [ 32928] [TRACE] [JS Framework] [CoreEvents.fire] At this time, evt.Request.isHandler=false and eventType: PARSE_START
stack:
  ->  [ModuleLogger.js:98] trace("At this time, evt.Request.isHandler=false and eventType: PARSE_START")
  ->  [CoreEvents.js:205] fire("PARSE_START",[object XPCWrappedNative_NoHelper])
  ->  [aptEventHandler.js:306] observe([object XPCWrappedNative_NoHelper],"jaxerEvent.HTMLParseStart",null)
paths:
  -> file:///E:/Aptana%20Jaxer%20Apache/Jaxer/Apache2-4Build/jaxer/framework/src/ModuleLogger.js
  -> file:///E:/Aptana%20Jaxer%20Apache/Jaxer/Apache2-4Build/jaxer/framework/src/CoreEvents.js
  -> file:///E:/Aptana%20Jaxer%20Apache/Jaxer/Apache2-4Build/jaxer/components/aptEventHandler.js

01:13:16 12/24/2025 [ 32928] [TRACE] [JS Framework] [CoreEvents.fireEvent] Firing an event for PARSE_START
stack:
  ->  [ModuleLogger.js:98] trace("Firing an event for PARSE_START")
  ->  [CoreEvents.js:282] fireEvent("PARSE_START",[object Array])
  ->  [CoreEvents.js:238] fire("PARSE_START",[object XPCWrappedNative_NoHelper])
  ->  [aptEventHandler.js:306] observe([object XPCWrappedNative_NoHelper],"jaxerEvent.HTMLParseStart",null)
paths:
  -> file:///E:/Aptana%20Jaxer%20Apache/Jaxer/Apache2-4Build/jaxer/framework/src/ModuleLogger.js
  -> file:///E:/Aptana%20Jaxer%20Apache/Jaxer/Apache2-4Build/jaxer/framework/src/CoreEvents.js
  -> file:///E:/Aptana%20Jaxer%20Apache/Jaxer/Apache2-4Build/jaxer/components/aptEventHandler.js

01:13:16 12/24/2025 [ 32928] [TRACE] [JS Framework] [CoreEvents.fireEvent] Calling event handler: function onParseStart(evt) {
    Jaxer.request = frameworkGl...
stack:
  ->  [ModuleLogger.js:98] trace("Calling event handler: function onParseStart(evt) {\n    Jaxer.request = frameworkGl...")
  ->  [CoreEvents.js:292] fireEvent("PARSE_START",[object Array])
  ->  [CoreEvents.js:238] fire("PARSE_START",[object XPCWrappedNative_NoHelper])
  ->  [aptEventHandler.js:306] observe([object XPCWrappedNative_NoHelper],"jaxerEvent.HTMLParseStart",null)
paths:
  -> file:///E:/Aptana%20Jaxer%20Apache/Jaxer/Apache2-4Build/jaxer/framework/src/ModuleLogger.js
  -> file:///E:/Aptana%20Jaxer%20Apache/Jaxer/Apache2-4Build/jaxer/framework/src/CoreEvents.js
  -> file:///E:/Aptana%20Jaxer%20Apache/Jaxer/Apache2-4Build/jaxer/components/aptEventHandler.js

01:13:16 12/24/2025 [ 32928] [TRACE] [JS Framework] [Request.Request] Constructing request from: ({constructorErrors:[], _request:{}, method:"GET", isHandler:false, uri:"/aptana/diagnostics/testRunner.html", protocol:"HTTP/1.1", remoteUser:"", remoteHost:"desktop-lpv0ncp", remoteAddr:"::1", pageFile:"E:/Aptana Jaxer Apache/Jaxer/Apache2-4Build/jaxer/aptana/diagnostics/testRunner.html", documentRoot:"E:/Aptana Jaxer Apache/Jaxer/Apache2-4Build/public", OS:"WINNT", isJaxerServer:false, isHTTPS:false, queryString:"", logFileNativePath:"", action:"GET", headers:{Host:"localhost:8081", Connection:"keep-alive", 'sec-ch-ua':"\"Chromium\";v=\"140\", \"Not=A?Brand\";v=\"24\", \"Opera\";v=\"124\"", 'sec-ch-ua-mobile':"?0", 'sec-ch-ua-platform':"\"Windows\"", 'Upgrade-Insecure-Requests':"1", 'User-Agent':"Mozilla/5.0 (Windows NT 10.0; Win64; x64) AppleWebKit/537.36 (KHTML, like Gecko) Chrome/140.0.0.0 Safari/537.36 OPR/124.0.0.0", Accept:"text/html,application/xhtml+xml,application/xml;q=0.9,image/avif,image/webp,image/apng,*/*;q=0.8,application/signed-exchange;v=b3;q=0.7", 'Sec-Fetch-Site':"same-origin", 'Sec-Fetch-Mode':"navigate", 'Sec-Fetch-User':"?1", 'Sec-Fetch-Dest':"document", Referer:"http://localhost:8081/aptana/", 'Accept-Encoding':"gzip, deflate, br, zstd", 'Accept-Language':"en-US,en;q=0.9", Cookie:"JaxerSessionId%24%24localhost%3A8081=176589175647709027719934159097; JaxerSessionId%24%24diagnostics=1766389857171006019406608883027; JaxerSessionId%24%24chat=176650225815408013378880202926; JaxerSessionId%24%24smtp-email=1766502615487048247814800171795; JaxerSessionId%24%24rss-sample=1766502620172023884340692192807; JaxerSessionId%24%24tasks=176650262827103192941976629359; JaxerSessionId%24%24wikilite=1766502633159009874746526267386; JaxerSessionId%24%24logging=176650264152708165463317747484; JaxerSessionId%24%24csajax=176650265576703773913072428896; JaxerSessionId%24%24shell=176650266145103665372259304419"}})
stack:
  ->  [ModuleLogger.js:98] trace("Constructing request from: ({constructorErrors:[], _request:{}, method:\"GET\", isHandler:false, uri:\"/aptana/diagnostics/testRunner.html\", protocol:\"HTTP/1.1\", remoteUser:\"\", remoteHost:\"desktop-lpv0ncp\", remoteAddr:\"::1\", pageFile:\"E:/Aptana Jaxer Apache/Jaxer/Apache2-4Build/jaxer/aptana/diagnostics/testRunner.html\", documentRoot:\"E:/Aptana Jaxer Apache/Jaxer/Apache2-4Build/public\", OS:\"WINNT\", isJaxerServer:false, isHTTPS:false, queryString:\"\", logFileNativePath:\"\", action:\"GET\", headers:{Host:\"localhost:8081\", Connection:\"keep-alive\", 'sec-ch-ua':\"\\\"Chromium\\\";v=\\\"140\\\", \\\"Not=A?Brand\\\";v=\\\"24\\\", \\\"Opera\\\";v=\\\"124\\\"\", 'sec-ch-ua-mobile':\"?0\", 'sec-ch-ua-platform':\"\\\"Windows\\\"\", 'Upgrade-Insecure-Requests':\"1\", 'User-Agent':\"Mozilla/5.0 (Windows NT 10.0; Win64; x64) AppleWebKit/537.36 (KHTML, like Gecko) Chrome/140.0.0.0 Safari/537.36 OPR/124.0.0.0\", Accept:\"text/html,application/xhtml+xml,application/xml;q=0.9,image/avif,image/webp,image/apng,*/*;q=0.8,application/signed-exchange;v=b3;q=0.7\", 'Sec-Fetch-Site':\"same-origin\", 'Sec-Fetch-Mode':\"navigate\", 'Sec-Fetch-User':\"?1\", 'Sec-Fetch-Dest':\"document\", Referer:\"http://localhost:8081/aptana/\", 'Accept-Encoding':\"gzip, deflate, br, zstd\", 'Accept-Language':\"en-US,en;q=0.9\", Cookie:\"JaxerSessionId%24%24localhost%3A8081=176589175647709027719934159097; JaxerSessionId%24%24diagnostics=1766389857171006019406608883027; JaxerSessionId%24%24chat=176650225815408013378880202926; JaxerSessionId%24%24smtp-email=1766502615487048247814800171795; JaxerSessionId%24%24rss-sample=1766502620172023884340692192807; JaxerSessionId%24%24tasks=176650262827103192941976629359; JaxerSessionId%24%24wikilite=1766502633159009874746526267386; JaxerSessionId%24%24logging=176650264152708165463317747484; JaxerSessionId%24%24csajax=176650265576703773913072428896; JaxerSessionId%24%24shell=176650266145103665372259304419\"}})")
  ->  [Request.js:202] Request([object XPCWrappedNative_NoHelper])
  ->  [ParseStart.js:49] onParseStart([object XPCWrappedNative_NoHelper])
  ->  [CoreEvents.js:293] fireEvent("PARSE_START",[object Array])
  ->  [CoreEvents.js:238] fire("PARSE_START",[object XPCWrappedNative_NoHelper])
  ->  [aptEventHandler.js:306] observe([object XPCWrappedNative_NoHelper],"jaxerEvent.HTMLParseStart",null)
paths:
  -> file:///E:/Aptana%20Jaxer%20Apache/Jaxer/Apache2-4Build/jaxer/framework/src/ModuleLogger.js
  -> file:///E:/Aptana%20Jaxer%20Apache/Jaxer/Apache2-4Build/jaxer/framework/src/Request.js
  -> file:///E:/Aptana%20Jaxer%20Apache/Jaxer/Apache2-4Build/jaxer/framework/src/ParseStart.js
  -> file:///E:/Aptana%20Jaxer%20Apache/Jaxer/Apache2-4Build/jaxer/framework/src/CoreEvents.js
  -> file:///E:/Aptana%20Jaxer%20Apache/Jaxer/Apache2-4Build/jaxer/components/aptEventHandler.js

01:13:16 12/24/2025 [ 32928] [TRACE] [JS Framework] [ParseStart.onParseStart] Matching app using parsedUrl='({url:"http://localhost:8081/aptana/diagnostics/testRunner.html", scheme:"http", protocol:"http", authority:"localhost:8081", path:"/aptana/diagnostics/testRunner.html", query:"", fragment:"", userInfo:"", host:"localhost", port:"8081", hostAndPort:"localhost:8081", base:"http://localhost:8081", subdomain:"", domain:"localhost", pathParts:["aptana", "diagnostics", "testRunner.html"], leaf:"testRunner.html", queryParts:{}})'
stack:
  ->  [ModuleLogger.js:98] trace("Matching app using parsedUrl='({url:\"http://localhost:8081/aptana/diagnostics/testRunner.html\", scheme:\"http\", protocol:\"http\", authority:\"localhost:8081\", path:\"/aptana/diagnostics/testRunner.html\", query:\"\", fragment:\"\", userInfo:\"\", host:\"localhost\", port:\"8081\", hostAndPort:\"localhost:8081\", base:\"http://localhost:8081\", subdomain:\"\", domain:\"localhost\", pathParts:[\"aptana\", \"diagnostics\", \"testRunner.html\"], leaf:\"testRunner.html\", queryParts:{}})'")
  ->  [ParseStart.js:81] onParseStart([object XPCWrappedNative_NoHelper])
  ->  [CoreEvents.js:293] fireEvent("PARSE_START",[object Array])
  ->  [CoreEvents.js:238] fire("PARSE_START",[object XPCWrappedNative_NoHelper])
  ->  [aptEventHandler.js:306] observe([object XPCWrappedNative_NoHelper],"jaxerEvent.HTMLParseStart",null)
paths:
  -> file:///E:/Aptana%20Jaxer%20Apache/Jaxer/Apache2-4Build/jaxer/framework/src/ModuleLogger.js
  -> file:///E:/Aptana%20Jaxer%20Apache/Jaxer/Apache2-4Build/jaxer/framework/src/ParseStart.js
  -> file:///E:/Aptana%20Jaxer%20Apache/Jaxer/Apache2-4Build/jaxer/framework/src/CoreEvents.js
  -> file:///E:/Aptana%20Jaxer%20Apache/Jaxer/Apache2-4Build/jaxer/components/aptEventHandler.js

01:13:16 12/24/2025 [ 32928] [TRACE] [JS Framework] [App.init] Initializing app 'DEFAULT' (urlTest: /.*/)
stack:
  ->  [ModuleLogger.js:98] trace("Initializing app 'DEFAULT' (urlTest: /.*/)")
  ->  [App.js:184] init()
  ->  [ParseStart.js:110] onParseStart([object XPCWrappedNative_NoHelper])
  ->  [CoreEvents.js:293] fireEvent("PARSE_START",[object Array])
  ->  [CoreEvents.js:238] fire("PARSE_START",[object XPCWrappedNative_NoHelper])
  ->  [aptEventHandler.js:306] observe([object XPCWrappedNative_NoHelper],"jaxerEvent.HTMLParseStart",null)
paths:
  -> file:///E:/Aptana%20Jaxer%20Apache/Jaxer/Apache2-4Build/jaxer/framework/src/ModuleLogger.js
  -> file:///E:/Aptana%20Jaxer%20Apache/Jaxer/Apache2-4Build/jaxer/framework/src/App.js
  -> file:///E:/Aptana%20Jaxer%20Apache/Jaxer/Apache2-4Build/jaxer/framework/src/ParseStart.js
  -> file:///E:/Aptana%20Jaxer%20Apache/Jaxer/Apache2-4Build/jaxer/framework/src/CoreEvents.js
  -> file:///E:/Aptana%20Jaxer%20Apache/Jaxer/Apache2-4Build/jaxer/components/aptEventHandler.js

01:13:16 12/24/2025 [ 32928] [TRACE] [JS Framework] [App.init] APP_KEY for app 'DEFAULT': localhost:8081
stack:
  ->  [ModuleLogger.js:98] trace("APP_KEY for app 'DEFAULT': localhost:8081")
  ->  [App.js:196] init()
  ->  [ParseStart.js:110] onParseStart([object XPCWrappedNative_NoHelper])
  ->  [CoreEvents.js:293] fireEvent("PARSE_START",[object Array])
  ->  [CoreEvents.js:238] fire("PARSE_START",[object XPCWrappedNative_NoHelper])
  ->  [aptEventHandler.js:306] observe([object XPCWrappedNative_NoHelper],"jaxerEvent.HTMLParseStart",null)
paths:
  -> file:///E:/Aptana%20Jaxer%20Apache/Jaxer/Apache2-4Build/jaxer/framework/src/ModuleLogger.js
  -> file:///E:/Aptana%20Jaxer%20Apache/Jaxer/Apache2-4Build/jaxer/framework/src/App.js
  -> file:///E:/Aptana%20Jaxer%20Apache/Jaxer/Apache2-4Build/jaxer/framework/src/ParseStart.js
  -> file:///E:/Aptana%20Jaxer%20Apache/Jaxer/Apache2-4Build/jaxer/framework/src/CoreEvents.js
  -> file:///E:/Aptana%20Jaxer%20Apache/Jaxer/Apache2-4Build/jaxer/components/aptEventHandler.js

01:13:16 12/24/2025 [ 32928] [TRACE] [JS Framework] [App.init] PAGE_KEY for app 'DEFAULT': localhost:8081/aptana/diagnostics/testRunner.html
stack:
  ->  [ModuleLogger.js:98] trace("PAGE_KEY for app 'DEFAULT': localhost:8081/aptana/diagnostics/testRunner.html")
  ->  [App.js:208] init()
  ->  [ParseStart.js:110] onParseStart([object XPCWrappedNative_NoHelper])
  ->  [CoreEvents.js:293] fireEvent("PARSE_START",[object Array])
  ->  [CoreEvents.js:238] fire("PARSE_START",[object XPCWrappedNative_NoHelper])
  ->  [aptEventHandler.js:306] observe([object XPCWrappedNative_NoHelper],"jaxerEvent.HTMLParseStart",null)
paths:
  -> file:///E:/Aptana%20Jaxer%20Apache/Jaxer/Apache2-4Build/jaxer/framework/src/ModuleLogger.js
  -> file:///E:/Aptana%20Jaxer%20Apache/Jaxer/Apache2-4Build/jaxer/framework/src/App.js
  -> file:///E:/Aptana%20Jaxer%20Apache/Jaxer/Apache2-4Build/jaxer/framework/src/ParseStart.js
  -> file:///E:/Aptana%20Jaxer%20Apache/Jaxer/Apache2-4Build/jaxer/framework/src/CoreEvents.js
  -> file:///E:/Aptana%20Jaxer%20Apache/Jaxer/Apache2-4Build/jaxer/components/aptEventHandler.js

01:13:16 12/24/2025 [ 32928] [TRACE] [JS Framework] [App.init] PATH for app 'DEFAULT': resource:///../local_jaxer/data/DEFAULT
stack:
  ->  [ModuleLogger.js:98] trace("PATH for app 'DEFAULT': resource:///../local_jaxer/data/DEFAULT")
  ->  [App.js:231] init()
  ->  [ParseStart.js:110] onParseStart([object XPCWrappedNative_NoHelper])
  ->  [CoreEvents.js:293] fireEvent("PARSE_START",[object Array])
  ->  [CoreEvents.js:238] fire("PARSE_START",[object XPCWrappedNative_NoHelper])
  ->  [aptEventHandler.js:306] observe([object XPCWrappedNative_NoHelper],"jaxerEvent.HTMLParseStart",null)
paths:
  -> file:///E:/Aptana%20Jaxer%20Apache/Jaxer/Apache2-4Build/jaxer/framework/src/ModuleLogger.js
  -> file:///E:/Aptana%20Jaxer%20Apache/Jaxer/Apache2-4Build/jaxer/framework/src/App.js
  -> file:///E:/Aptana%20Jaxer%20Apache/Jaxer/Apache2-4Build/jaxer/framework/src/ParseStart.js
  -> file:///E:/Aptana%20Jaxer%20Apache/Jaxer/Apache2-4Build/jaxer/framework/src/CoreEvents.js
  -> file:///E:/Aptana%20Jaxer%20Apache/Jaxer/Apache2-4Build/jaxer/components/aptEventHandler.js

01:13:16 12/24/2025 [ 32928] [TRACE] [JS Framework] [App.App] Constructing App from props: ({urlTest:(function (parsedUrl) {return parsedUrl.pathParts.length > 1 && parsedUrl.pathParts[0] == "aptana" && parsedUrl.pathParts[1] == "diagnostics";}), name:(function (parsedUrl) {return "diagnostics";}), path:(function (resolvedName, parsedUrl) {return Dir.combine(Config.DEFAULT_PATH_BASE, "diagnostics");}), db:(function (resolvedName, parsedUrl) {switch (Config.DEFAULT_DB.IMPLEMENTATION) {case "SQLite":return Util.extend(Config.DEFAULT_DB, {PATH: Dir.combine(Config.DEFAULT_PATH_BASE, "diagnostics", "diagnostics.sqlite")});case "MySQL":return Util.extend(Config.DEFAULT_DB, {NAME: resolvedName});default:throw new Exception("Unrecognized database implementation: " + Config.DEFAULT_DB.IMPLEMENTATION);}}), MAIL_SERVER:"localhost", APPLICATION_LABEL:"diagnostic tests"}) and a default app of: ({urlTest:/.*/, name:"DEFAULT", appKey:(function (parsedUrl) {return parsedUrl.hostAndPort;}), pageKey:(function (parsedUrl) {return parsedUrl.hostAndPort + parsedUrl.path;}), db:function smartDB(resolvedName, parsedUrl) {switch (Config.DEFAULT_DB.IMPLEMENTATION) {case "SQLite":return Util.extend(Config.DEFAULT_DB, {PATH: Dir.combine(Config.DEFAULT_PATH_BASE, resolvedName, "appdata.sqlite")});case "MySQL":return Util.extend(Config.DEFAULT_DB, {NAME: resolvedName});default:throw new Exception("Unrecognized database implementation: " + Config.DEFAULT_DB.IMPLEMENTATION);}}, path:(function (resolvedName, parsedUrl) {return Dir.combine(Config.DEFAULT_PATH_BASE, resolvedName);}), handler:(void 0), get NAME () {return _NAME;}, get APP_KEY () {return _APP_KEY;}, get PAGE_KEY () {return _PAGE_KEY;}, get DB () {return _DB;}, get PATH () {return _PATH;}})
stack:
  ->  [ModuleLogger.js:98] trace("Constructing App from props: ({urlTest:(function (parsedUrl) {return parsedUrl.pathParts.length > 1 && parsedUrl.pathParts[0] == \"aptana\" && parsedUrl.pathParts[1] == \"diagnostics\";}), name:(function (parsedUrl) {return \"diagnostics\";}), path:(function (resolvedName, parsedUrl) {return Dir.combine(Config.DEFAULT_PATH_BASE, \"diagnostics\");}), db:(function (resolvedName, parsedUrl) {switch (Config.DEFAULT_DB.IMPLEMENTATION) {case \"SQLite\":return Util.extend(Config.DEFAULT_DB, {PATH: Dir.combine(Config.DEFAULT_PATH_BASE, \"diagnostics\", \"diagnostics.sqlite\")});case \"MySQL\":return Util.extend(Config.DEFAULT_DB, {NAME: resolvedName});default:throw new Exception(\"Unrecognized database implementation: \" + Config.DEFAULT_DB.IMPLEMENTATION);}}), MAIL_SERVER:\"localhost\", APPLICATION_LABEL:\"diagnostic tests\"}) and a default app of: ({urlTest:/.*/, name:\"DEFAULT\", appKey:(function (parsedUrl) {return parsedUrl.hostAndPort;}), pageKey:(function (parsedUrl) {return parsedUrl.hostAndPort + parsedUrl.path;}), db:function smartDB(resolvedName, parsedUrl) {switch (Config.DEFAULT_DB.IMPLEMENTATION) {case \"SQLite\":return Util.extend(Config.DEFAULT_DB, {PATH: Dir.combine(Config.DEFAULT_PATH_BASE, resolvedName, \"appdata.sqlite\")});case \"MySQL\":return Util.extend(Config.DEFAULT_DB, {NAME: resolvedName});default:throw new Exception(\"Unrecognized database implementation: \" + Config.DEFAULT_DB.IMPLEMENTATION);}}, path:(function (resolvedName, parsedUrl) {return Dir.combine(Config.DEFAULT_PATH_BASE, resolvedName);}), handler:(void 0), get NAME () {return _NAME;}, get APP_KEY () {return _APP_KEY;}, get PAGE_KEY () {return _PAGE_KEY;}, get DB () {return _DB;}, get PATH () {return _PATH;}})")
  ->  [App.js:56] App([object Object])
  ->  [ParseStart.js:111] onParseStart([object XPCWrappedNative_NoHelper])
  ->  [CoreEvents.js:293] fireEvent("PARSE_START",[object Array])
  ->  [CoreEvents.js:238] fire("PARSE_START",[object XPCWrappedNative_NoHelper])
  ->  [aptEventHandler.js:306] observe([object XPCWrappedNative_NoHelper],"jaxerEvent.HTMLParseStart",null)
paths:
  -> file:///E:/Aptana%20Jaxer%20Apache/Jaxer/Apache2-4Build/jaxer/framework/src/ModuleLogger.js
  -> file:///E:/Aptana%20Jaxer%20Apache/Jaxer/Apache2-4Build/jaxer/framework/src/App.js
  -> file:///E:/Aptana%20Jaxer%20Apache/Jaxer/Apache2-4Build/jaxer/framework/src/ParseStart.js
  -> file:///E:/Aptana%20Jaxer%20Apache/Jaxer/Apache2-4Build/jaxer/framework/src/CoreEvents.js
  -> file:///E:/Aptana%20Jaxer%20Apache/Jaxer/Apache2-4Build/jaxer/components/aptEventHandler.js

01:13:16 12/24/2025 [ 32928] [TRACE] [JS Framework] [App.init] Initializing app 'diagnostics' (urlTest: function (parsedUrl) {
    return parsedUrl.pathParts.length > 1 &&
        parsedUrl.pathParts[0] == "aptana" &&
        parsedUrl.pathParts[1] == "diagnostics";
})
stack:
  ->  [ModuleLogger.js:98] trace("Initializing app 'diagnostics' (urlTest: function (parsedUrl) {\n    return parsedUrl.pathParts.length > 1 &&\n        parsedUrl.pathParts[0] == \"aptana\" &&\n        parsedUrl.pathParts[1] == \"diagnostics\";\n})")
  ->  [App.js:184] init()
  ->  [App.js:151] App([object Object])
  ->  [ParseStart.js:111] onParseStart([object XPCWrappedNative_NoHelper])
  ->  [CoreEvents.js:293] fireEvent("PARSE_START",[object Array])
  ->  [CoreEvents.js:238] fire("PARSE_START",[object XPCWrappedNative_NoHelper])
  ->  [aptEventHandler.js:306] observe([object XPCWrappedNative_NoHelper],"jaxerEvent.HTMLParseStart",null)
paths:
  -> file:///E:/Aptana%20Jaxer%20Apache/Jaxer/Apache2-4Build/jaxer/framework/src/ModuleLogger.js
  -> file:///E:/Aptana%20Jaxer%20Apache/Jaxer/Apache2-4Build/jaxer/framework/src/App.js
  -> file:///E:/Aptana%20Jaxer%20Apache/Jaxer/Apache2-4Build/jaxer/framework/src/ParseStart.js
  -> file:///E:/Aptana%20Jaxer%20Apache/Jaxer/Apache2-4Build/jaxer/framework/src/CoreEvents.js
  -> file:///E:/Aptana%20Jaxer%20Apache/Jaxer/Apache2-4Build/jaxer/components/aptEventHandler.js

01:13:16 12/24/2025 [ 32928] [TRACE] [JS Framework] [App.init] APP_KEY for app 'diagnostics': diagnostics
stack:
  ->  [ModuleLogger.js:98] trace("APP_KEY for app 'diagnostics': diagnostics")
  ->  [App.js:196] init()
  ->  [App.js:151] App([object Object])
  ->  [ParseStart.js:111] onParseStart([object XPCWrappedNative_NoHelper])
  ->  [CoreEvents.js:293] fireEvent("PARSE_START",[object Array])
  ->  [CoreEvents.js:238] fire("PARSE_START",[object XPCWrappedNative_NoHelper])
  ->  [aptEventHandler.js:306] observe([object XPCWrappedNative_NoHelper],"jaxerEvent.HTMLParseStart",null)
paths:
  -> file:///E:/Aptana%20Jaxer%20Apache/Jaxer/Apache2-4Build/jaxer/framework/src/ModuleLogger.js
  -> file:///E:/Aptana%20Jaxer%20Apache/Jaxer/Apache2-4Build/jaxer/framework/src/App.js
  -> file:///E:/Aptana%20Jaxer%20Apache/Jaxer/Apache2-4Build/jaxer/framework/src/ParseStart.js
  -> file:///E:/Aptana%20Jaxer%20Apache/Jaxer/Apache2-4Build/jaxer/framework/src/CoreEvents.js
  -> file:///E:/Aptana%20Jaxer%20Apache/Jaxer/Apache2-4Build/jaxer/components/aptEventHandler.js

01:13:16 12/24/2025 [ 32928] [TRACE] [JS Framework] [App.init] PAGE_KEY for app 'diagnostics': localhost:8081/aptana/diagnostics/testRunner.html
stack:
  ->  [ModuleLogger.js:98] trace("PAGE_KEY for app 'diagnostics': localhost:8081/aptana/diagnostics/testRunner.html")
  ->  [App.js:208] init()
  ->  [App.js:151] App([object Object])
  ->  [ParseStart.js:111] onParseStart([object XPCWrappedNative_NoHelper])
  ->  [CoreEvents.js:293] fireEvent("PARSE_START",[object Array])
  ->  [CoreEvents.js:238] fire("PARSE_START",[object XPCWrappedNative_NoHelper])
  ->  [aptEventHandler.js:306] observe([object XPCWrappedNative_NoHelper],"jaxerEvent.HTMLParseStart",null)
paths:
  -> file:///E:/Aptana%20Jaxer%20Apache/Jaxer/Apache2-4Build/jaxer/framework/src/ModuleLogger.js
  -> file:///E:/Aptana%20Jaxer%20Apache/Jaxer/Apache2-4Build/jaxer/framework/src/App.js
  -> file:///E:/Aptana%20Jaxer%20Apache/Jaxer/Apache2-4Build/jaxer/framework/src/ParseStart.js
  -> file:///E:/Aptana%20Jaxer%20Apache/Jaxer/Apache2-4Build/jaxer/framework/src/CoreEvents.js
  -> file:///E:/Aptana%20Jaxer%20Apache/Jaxer/Apache2-4Build/jaxer/components/aptEventHandler.js

01:13:16 12/24/2025 [ 32928] [TRACE] [JS Framework] [App.init] PATH for app 'diagnostics': resource:///../local_jaxer/data/diagnostics
stack:
  ->  [ModuleLogger.js:98] trace("PATH for app 'diagnostics': resource:///../local_jaxer/data/diagnostics")
  ->  [App.js:231] init()
  ->  [App.js:151] App([object Object])
  ->  [ParseStart.js:111] onParseStart([object XPCWrappedNative_NoHelper])
  ->  [CoreEvents.js:293] fireEvent("PARSE_START",[object Array])
  ->  [CoreEvents.js:238] fire("PARSE_START",[object XPCWrappedNative_NoHelper])
  ->  [aptEventHandler.js:306] observe([object XPCWrappedNative_NoHelper],"jaxerEvent.HTMLParseStart",null)
paths:
  -> file:///E:/Aptana%20Jaxer%20Apache/Jaxer/Apache2-4Build/jaxer/framework/src/ModuleLogger.js
  -> file:///E:/Aptana%20Jaxer%20Apache/Jaxer/Apache2-4Build/jaxer/framework/src/App.js
  -> file:///E:/Aptana%20Jaxer%20Apache/Jaxer/Apache2-4Build/jaxer/framework/src/ParseStart.js
  -> file:///E:/Aptana%20Jaxer%20Apache/Jaxer/Apache2-4Build/jaxer/framework/src/CoreEvents.js
  -> file:///E:/Aptana%20Jaxer%20Apache/Jaxer/Apache2-4Build/jaxer/components/aptEventHandler.js

01:13:16 12/24/2025 [ 32928] [TRACE] [JS Framework] [ParseStart.onParseStart] Using app 'diagnostics': urlTest = function (parsedUrl) {
    return parsedUrl.pathParts.length > 1 &&
        parsedUrl.pathParts[0] == "aptana" &&
        parsedUrl.pathParts[1] == "diagnostics";
}
stack:
  ->  [ModuleLogger.js:98] trace("Using app 'diagnostics': urlTest = function (parsedUrl) {\n    return parsedUrl.pathParts.length > 1 &&\n        parsedUrl.pathParts[0] == \"aptana\" &&\n        parsedUrl.pathParts[1] == \"diagnostics\";\n}")
  ->  [ParseStart.js:113] onParseStart([object XPCWrappedNative_NoHelper])
  ->  [CoreEvents.js:293] fireEvent("PARSE_START",[object Array])
  ->  [CoreEvents.js:238] fire("PARSE_START",[object XPCWrappedNative_NoHelper])
  ->  [aptEventHandler.js:306] observe([object XPCWrappedNative_NoHelper],"jaxerEvent.HTMLParseStart",null)
paths:
  -> file:///E:/Aptana%20Jaxer%20Apache/Jaxer/Apache2-4Build/jaxer/framework/src/ModuleLogger.js
  -> file:///E:/Aptana%20Jaxer%20Apache/Jaxer/Apache2-4Build/jaxer/framework/src/ParseStart.js
  -> file:///E:/Aptana%20Jaxer%20Apache/Jaxer/Apache2-4Build/jaxer/framework/src/CoreEvents.js
  -> file:///E:/Aptana%20Jaxer%20Apache/Jaxer/Apache2-4Build/jaxer/components/aptEventHandler.js

01:13:16 12/24/2025 [ 32928] [DEBUG] [JS Framework] [SessionManager.keyFromRequest] Getting session key from the client via cookie JaxerSessionId$$diagnostics: 1766389857171006019406608883027
stack:
  ->  [ModuleLogger.js:98] debug("Getting session key from the client via cookie JaxerSessionId$$diagnostics: 1766389857171006019406608883027")
  ->  [SessionManager.js:59] keyFromRequest("diagnostics")
  ->  [Container.js:474] init("diagnostics","localhost:8081/aptana/diagnostics/testRunner.html")
  ->  [ParseStart.js:122] onParseStart([object XPCWrappedNative_NoHelper])
  ->  [CoreEvents.js:293] fireEvent("PARSE_START",[object Array])
  ->  [CoreEvents.js:238] fire("PARSE_START",[object XPCWrappedNative_NoHelper])
  ->  [aptEventHandler.js:306] observe([object XPCWrappedNative_NoHelper],"jaxerEvent.HTMLParseStart",null)
paths:
  -> file:///E:/Aptana%20Jaxer%20Apache/Jaxer/Apache2-4Build/jaxer/framework/src/ModuleLogger.js
  -> file:///E:/Aptana%20Jaxer%20Apache/Jaxer/Apache2-4Build/jaxer/framework/src/SessionManager.js
  -> file:///E:/Aptana%20Jaxer%20Apache/Jaxer/Apache2-4Build/jaxer/framework/src/Container.js
  -> file:///E:/Aptana%20Jaxer%20Apache/Jaxer/Apache2-4Build/jaxer/framework/src/ParseStart.js
  -> file:///E:/Aptana%20Jaxer%20Apache/Jaxer/Apache2-4Build/jaxer/framework/src/CoreEvents.js
  -> file:///E:/Aptana%20Jaxer%20Apache/Jaxer/Apache2-4Build/jaxer/components/aptEventHandler.js

01:13:16 12/24/2025 [ 32928] [DEBUG] [JS Framework] [Container.init] Created APPLICATION container as Jaxer.application with key diagnostics
stack:
  ->  [ModuleLogger.js:98] debug("Created APPLICATION container as Jaxer.application with key diagnostics")
  ->  [Container.js:485] init("diagnostics","localhost:8081/aptana/diagnostics/testRunner.html")
  ->  [ParseStart.js:122] onParseStart([object XPCWrappedNative_NoHelper])
  ->  [CoreEvents.js:293] fireEvent("PARSE_START",[object Array])
  ->  [CoreEvents.js:238] fire("PARSE_START",[object XPCWrappedNative_NoHelper])
  ->  [aptEventHandler.js:306] observe([object XPCWrappedNative_NoHelper],"jaxerEvent.HTMLParseStart",null)
paths:
  -> file:///E:/Aptana%20Jaxer%20Apache/Jaxer/Apache2-4Build/jaxer/framework/src/ModuleLogger.js
  -> file:///E:/Aptana%20Jaxer%20Apache/Jaxer/Apache2-4Build/jaxer/framework/src/Container.js
  -> file:///E:/Aptana%20Jaxer%20Apache/Jaxer/Apache2-4Build/jaxer/framework/src/ParseStart.js
  -> file:///E:/Aptana%20Jaxer%20Apache/Jaxer/Apache2-4Build/jaxer/framework/src/CoreEvents.js
  -> file:///E:/Aptana%20Jaxer%20Apache/Jaxer/Apache2-4Build/jaxer/components/aptEventHandler.js

01:13:16 12/24/2025 [ 32928] [DEBUG] [JS Framework] [Container.init] Created PAGE container as Jaxer.page with key localhost:8081/aptana/diagnostics/testRunner.html
stack:
  ->  [ModuleLogger.js:98] debug("Created PAGE container as Jaxer.page with key localhost:8081/aptana/diagnostics/testRunner.html")
  ->  [Container.js:485] init("diagnostics","localhost:8081/aptana/diagnostics/testRunner.html")
  ->  [ParseStart.js:122] onParseStart([object XPCWrappedNative_NoHelper])
  ->  [CoreEvents.js:293] fireEvent("PARSE_START",[object Array])
  ->  [CoreEvents.js:238] fire("PARSE_START",[object XPCWrappedNative_NoHelper])
  ->  [aptEventHandler.js:306] observe([object XPCWrappedNative_NoHelper],"jaxerEvent.HTMLParseStart",null)
paths:
  -> file:///E:/Aptana%20Jaxer%20Apache/Jaxer/Apache2-4Build/jaxer/framework/src/ModuleLogger.js
  -> file:///E:/Aptana%20Jaxer%20Apache/Jaxer/Apache2-4Build/jaxer/framework/src/Container.js
  -> file:///E:/Aptana%20Jaxer%20Apache/Jaxer/Apache2-4Build/jaxer/framework/src/ParseStart.js
  -> file:///E:/Aptana%20Jaxer%20Apache/Jaxer/Apache2-4Build/jaxer/framework/src/CoreEvents.js
  -> file:///E:/Aptana%20Jaxer%20Apache/Jaxer/Apache2-4Build/jaxer/components/aptEventHandler.js

01:13:16 12/24/2025 [ 32928] [DEBUG] [JS Framework] [Container.init] Created SESSION container as Jaxer.session with key 1766389857171006019406608883027
stack:
  ->  [ModuleLogger.js:98] debug("Created SESSION container as Jaxer.session with key 1766389857171006019406608883027")
  ->  [Container.js:485] init("diagnostics","localhost:8081/aptana/diagnostics/testRunner.html")
  ->  [ParseStart.js:122] onParseStart([object XPCWrappedNative_NoHelper])
  ->  [CoreEvents.js:293] fireEvent("PARSE_START",[object Array])
  ->  [CoreEvents.js:238] fire("PARSE_START",[object XPCWrappedNative_NoHelper])
  ->  [aptEventHandler.js:306] observe([object XPCWrappedNative_NoHelper],"jaxerEvent.HTMLParseStart",null)
paths:
  -> file:///E:/Aptana%20Jaxer%20Apache/Jaxer/Apache2-4Build/jaxer/framework/src/ModuleLogger.js
  -> file:///E:/Aptana%20Jaxer%20Apache/Jaxer/Apache2-4Build/jaxer/framework/src/Container.js
  -> file:///E:/Aptana%20Jaxer%20Apache/Jaxer/Apache2-4Build/jaxer/framework/src/ParseStart.js
  -> file:///E:/Aptana%20Jaxer%20Apache/Jaxer/Apache2-4Build/jaxer/framework/src/CoreEvents.js
  -> file:///E:/Aptana%20Jaxer%20Apache/Jaxer/Apache2-4Build/jaxer/components/aptEventHandler.js

01:13:16 12/24/2025 [ 32928] [DEBUG] [JS Framework] [Container.init] Created SESSION_PAGE container as Jaxer.sessionPage with key 1766389857171006019406608883027$$localhost:8081/aptana/diagnostics/testRunner.html
stack:
  ->  [ModuleLogger.js:98] debug("Created SESSION_PAGE container as Jaxer.sessionPage with key 1766389857171006019406608883027$$localhost:8081/aptana/diagnostics/testRunner.html")
  ->  [Container.js:485] init("diagnostics","localhost:8081/aptana/diagnostics/testRunner.html")
  ->  [ParseStart.js:122] onParseStart([object XPCWrappedNative_NoHelper])
  ->  [CoreEvents.js:293] fireEvent("PARSE_START",[object Array])
  ->  [CoreEvents.js:238] fire("PARSE_START",[object XPCWrappedNative_NoHelper])
  ->  [aptEventHandler.js:306] observe([object XPCWrappedNative_NoHelper],"jaxerEvent.HTMLParseStart",null)
paths:
  -> file:///E:/Aptana%20Jaxer%20Apache/Jaxer/Apache2-4Build/jaxer/framework/src/ModuleLogger.js
  -> file:///E:/Aptana%20Jaxer%20Apache/Jaxer/Apache2-4Build/jaxer/framework/src/Container.js
  -> file:///E:/Aptana%20Jaxer%20Apache/Jaxer/Apache2-4Build/jaxer/framework/src/ParseStart.js
  -> file:///E:/Aptana%20Jaxer%20Apache/Jaxer/Apache2-4Build/jaxer/framework/src/CoreEvents.js
  -> file:///E:/Aptana%20Jaxer%20Apache/Jaxer/Apache2-4Build/jaxer/components/aptEventHandler.js

01:13:16 12/24/2025 [ 32928] [TRACE] [JS Framework] [DB.setDefault] Setting default connection for app: diagnostics
stack:
  ->  [ModuleLogger.js:98] trace("Setting default connection for app: diagnostics")
  ->  [DB.js:162] setDefault("diagnostics",[object Object])
  ->  [ParseStart.js:123] onParseStart([object XPCWrappedNative_NoHelper])
  ->  [CoreEvents.js:293] fireEvent("PARSE_START",[object Array])
  ->  [CoreEvents.js:238] fire("PARSE_START",[object XPCWrappedNative_NoHelper])
  ->  [aptEventHandler.js:306] observe([object XPCWrappedNative_NoHelper],"jaxerEvent.HTMLParseStart",null)
paths:
  -> file:///E:/Aptana%20Jaxer%20Apache/Jaxer/Apache2-4Build/jaxer/framework/src/ModuleLogger.js
  -> file:///E:/Aptana%20Jaxer%20Apache/Jaxer/Apache2-4Build/jaxer/framework/src/DB.js
  -> file:///E:/Aptana%20Jaxer%20Apache/Jaxer/Apache2-4Build/jaxer/framework/src/ParseStart.js
  -> file:///E:/Aptana%20Jaxer%20Apache/Jaxer/Apache2-4Build/jaxer/framework/src/CoreEvents.js
  -> file:///E:/Aptana%20Jaxer%20Apache/Jaxer/Apache2-4Build/jaxer/components/aptEventHandler.js

01:13:16 12/24/2025 [ 32928] [TRACE] [JS Framework] [CoreEvents.fire] At this time, evt.Request.isHandler=false and eventType: NEW_ELEMENT - HTML
stack:
  ->  [ModuleLogger.js:98] trace("At this time, evt.Request.isHandler=false and eventType: NEW_ELEMENT - HTML")
  ->  [CoreEvents.js:205] fire("NEW_ELEMENT",[object XPCWrappedNative_NoHelper],[object HTMLDocument],[object HTMLHtmlElement])
  ->  [aptEventHandler.js:157] observe([object XPCWrappedNative_NoHelper],"jaxerEvent.NewHTMLElement",null)
paths:
  -> file:///E:/Aptana%20Jaxer%20Apache/Jaxer/Apache2-4Build/jaxer/framework/src/ModuleLogger.js
  -> file:///E:/Aptana%20Jaxer%20Apache/Jaxer/Apache2-4Build/jaxer/framework/src/CoreEvents.js
  -> file:///E:/Aptana%20Jaxer%20Apache/Jaxer/Apache2-4Build/jaxer/components/aptEventHandler.js

01:13:16 12/24/2025 [ 32928] [TRACE] [JS Framework] [CoreEvents.fireEvent] Firing an event for NEW_ELEMENT
stack:
  ->  [ModuleLogger.js:98] trace("Firing an event for NEW_ELEMENT")
  ->  [CoreEvents.js:282] fireEvent("NEW_ELEMENT",[object Array])
  ->  [CoreEvents.js:238] fire("NEW_ELEMENT",[object XPCWrappedNative_NoHelper],[object HTMLDocument],[object HTMLHtmlElement])
  ->  [aptEventHandler.js:157] observe([object XPCWrappedNative_NoHelper],"jaxerEvent.NewHTMLElement",null)
paths:
  -> file:///E:/Aptana%20Jaxer%20Apache/Jaxer/Apache2-4Build/jaxer/framework/src/ModuleLogger.js
  -> file:///E:/Aptana%20Jaxer%20Apache/Jaxer/Apache2-4Build/jaxer/framework/src/CoreEvents.js
  -> file:///E:/Aptana%20Jaxer%20Apache/Jaxer/Apache2-4Build/jaxer/components/aptEventHandler.js

01:13:16 12/24/2025 [ 32928] [TRACE] [JS Framework] [CoreEvents.fireEvent] Calling event handler: function onNewElement(evt, doc, elt) {
    switch (elt.tagNa...
stack:
  ->  [ModuleLogger.js:98] trace("Calling event handler: function onNewElement(evt, doc, elt) {\n    switch (elt.tagNa...")
  ->  [CoreEvents.js:292] fireEvent("NEW_ELEMENT",[object Array])
  ->  [CoreEvents.js:238] fire("NEW_ELEMENT",[object XPCWrappedNative_NoHelper],[object HTMLDocument],[object HTMLHtmlElement])
  ->  [aptEventHandler.js:157] observe([object XPCWrappedNative_NoHelper],"jaxerEvent.NewHTMLElement",null)
paths:
  -> file:///E:/Aptana%20Jaxer%20Apache/Jaxer/Apache2-4Build/jaxer/framework/src/ModuleLogger.js
  -> file:///E:/Aptana%20Jaxer%20Apache/Jaxer/Apache2-4Build/jaxer/framework/src/CoreEvents.js
  -> file:///E:/Aptana%20Jaxer%20Apache/Jaxer/Apache2-4Build/jaxer/components/aptEventHandler.js

01:13:16 12/24/2025 [ 32928] [TRACE] [JS Framework] [CoreEvents.fire] At this time, evt.Request.isHandler=false and eventType: NEW_ELEMENT - HEAD
stack:
  ->  [ModuleLogger.js:98] trace("At this time, evt.Request.isHandler=false and eventType: NEW_ELEMENT - HEAD")
  ->  [CoreEvents.js:205] fire("NEW_ELEMENT",[object XPCWrappedNative_NoHelper],[object HTMLDocument],[object HTMLHeadElement])
  ->  [aptEventHandler.js:157] observe([object XPCWrappedNative_NoHelper],"jaxerEvent.NewHTMLElement",null)
paths:
  -> file:///E:/Aptana%20Jaxer%20Apache/Jaxer/Apache2-4Build/jaxer/framework/src/ModuleLogger.js
  -> file:///E:/Aptana%20Jaxer%20Apache/Jaxer/Apache2-4Build/jaxer/framework/src/CoreEvents.js
  -> file:///E:/Aptana%20Jaxer%20Apache/Jaxer/Apache2-4Build/jaxer/components/aptEventHandler.js

01:13:16 12/24/2025 [ 32928] [TRACE] [JS Framework] [CoreEvents.fireEvent] Firing an event for NEW_ELEMENT
stack:
  ->  [ModuleLogger.js:98] trace("Firing an event for NEW_ELEMENT")
  ->  [CoreEvents.js:282] fireEvent("NEW_ELEMENT",[object Array])
  ->  [CoreEvents.js:238] fire("NEW_ELEMENT",[object XPCWrappedNative_NoHelper],[object HTMLDocument],[object HTMLHeadElement])
  ->  [aptEventHandler.js:157] observe([object XPCWrappedNative_NoHelper],"jaxerEvent.NewHTMLElement",null)
paths:
  -> file:///E:/Aptana%20Jaxer%20Apache/Jaxer/Apache2-4Build/jaxer/framework/src/ModuleLogger.js
  -> file:///E:/Aptana%20Jaxer%20Apache/Jaxer/Apache2-4Build/jaxer/framework/src/CoreEvents.js
  -> file:///E:/Aptana%20Jaxer%20Apache/Jaxer/Apache2-4Build/jaxer/components/aptEventHandler.js

01:13:16 12/24/2025 [ 32928] [TRACE] [JS Framework] [CoreEvents.fireEvent] Calling event handler: function onNewElement(evt, doc, elt) {
    switch (elt.tagNa...
stack:
  ->  [ModuleLogger.js:98] trace("Calling event handler: function onNewElement(evt, doc, elt) {\n    switch (elt.tagNa...")
  ->  [CoreEvents.js:292] fireEvent("NEW_ELEMENT",[object Array])
  ->  [CoreEvents.js:238] fire("NEW_ELEMENT",[object XPCWrappedNative_NoHelper],[object HTMLDocument],[object HTMLHeadElement])
  ->  [aptEventHandler.js:157] observe([object XPCWrappedNative_NoHelper],"jaxerEvent.NewHTMLElement",null)
paths:
  -> file:///E:/Aptana%20Jaxer%20Apache/Jaxer/Apache2-4Build/jaxer/framework/src/ModuleLogger.js
  -> file:///E:/Aptana%20Jaxer%20Apache/Jaxer/Apache2-4Build/jaxer/framework/src/CoreEvents.js
  -> file:///E:/Aptana%20Jaxer%20Apache/Jaxer/Apache2-4Build/jaxer/components/aptEventHandler.js

01:13:16 12/24/2025 [ 32928] [TRACE] [JS Framework] [CoreEvents.fire] At this time, evt.Request.isHandler=false and eventType: INIT_HEAD
stack:
  ->  [ModuleLogger.js:98] trace("At this time, evt.Request.isHandler=false and eventType: INIT_HEAD")
  ->  [CoreEvents.js:205] fire("INIT_HEAD",[object XPCWrappedNative_NoHelper],[object HTMLDocument])
  ->  [aptEventHandler.js:139] observe([object XPCWrappedNative_NoHelper],"jaxerEvent.NewHTMLElement",null)
paths:
  -> file:///E:/Aptana%20Jaxer%20Apache/Jaxer/Apache2-4Build/jaxer/framework/src/ModuleLogger.js
  -> file:///E:/Aptana%20Jaxer%20Apache/Jaxer/Apache2-4Build/jaxer/framework/src/CoreEvents.js
  -> file:///E:/Aptana%20Jaxer%20Apache/Jaxer/Apache2-4Build/jaxer/components/aptEventHandler.js

01:13:16 12/24/2025 [ 32928] [TRACE] [JS Framework] [CoreEvents.fireEvent] Firing an event for INIT_HEAD
stack:
  ->  [ModuleLogger.js:98] trace("Firing an event for INIT_HEAD")
  ->  [CoreEvents.js:282] fireEvent("INIT_HEAD",[object Array])
  ->  [CoreEvents.js:238] fire("INIT_HEAD",[object XPCWrappedNative_NoHelper],[object HTMLDocument])
  ->  [aptEventHandler.js:139] observe([object XPCWrappedNative_NoHelper],"jaxerEvent.NewHTMLElement",null)
paths:
  -> file:///E:/Aptana%20Jaxer%20Apache/Jaxer/Apache2-4Build/jaxer/framework/src/ModuleLogger.js
  -> file:///E:/Aptana%20Jaxer%20Apache/Jaxer/Apache2-4Build/jaxer/framework/src/CoreEvents.js
  -> file:///E:/Aptana%20Jaxer%20Apache/Jaxer/Apache2-4Build/jaxer/components/aptEventHandler.js

01:13:16 12/24/2025 [ 32928] [TRACE] [JS Framework] [CoreEvents.fireEvent] Calling event handler: function onInitHead(evt, doc) {
    Jaxer.load = function lo...
stack:
  ->  [ModuleLogger.js:98] trace("Calling event handler: function onInitHead(evt, doc) {\n    Jaxer.load = function lo...")
  ->  [CoreEvents.js:292] fireEvent("INIT_HEAD",[object Array])
  ->  [CoreEvents.js:238] fire("INIT_HEAD",[object XPCWrappedNative_NoHelper],[object HTMLDocument])
  ->  [aptEventHandler.js:139] observe([object XPCWrappedNative_NoHelper],"jaxerEvent.NewHTMLElement",null)
paths:
  -> file:///E:/Aptana%20Jaxer%20Apache/Jaxer/Apache2-4Build/jaxer/framework/src/ModuleLogger.js
  -> file:///E:/Aptana%20Jaxer%20Apache/Jaxer/Apache2-4Build/jaxer/framework/src/CoreEvents.js
  -> file:///E:/Aptana%20Jaxer%20Apache/Jaxer/Apache2-4Build/jaxer/components/aptEventHandler.js

01:13:16 12/24/2025 [ 32928] [TRACE] [JS Framework] [Includer.evalOn] Evaluating using Jaxer.request.evaluateScript: contents = (function ... with global = [object ChromeWindow] and effectiveUrl = undefined
stack:
  ->  [ModuleLogger.js:98] trace("Evaluating using Jaxer.request.evaluateScript: contents = (function ... with global = [object ChromeWindow] and effectiveUrl = undefined")
  ->  [Includer.js:131] evalOn("(function extendDomSetters(global) {if (global.HTMLInputElement) {var inputValueSetter = global.HTMLInputElement.prototype.__lookupSetter__(\"value\");global.HTMLInputElement.prototype.__defineSetter__(\"value\", function (val) {inputValueSetter.call(this, val);this.setAttribute(\"value\", val);});var inputCheckedSetter = global.HTMLInputElement.prototype.__lookupSetter__(\"checked\");global.HTMLInputElement.prototype.__defineSetter__(\"checked\", function (val) {inputCheckedSetter.call(this, val);if (val) {this.setAttribute(\"checked\", null);} else {this.removeAttribute(\"checked\");}});}if (global.HTMLTextAreaElement) {var textAreaValueSetter = global.HTMLTextAreaElement.prototype.__lookupSetter__(\"value\");global.HTMLTextAreaElement.prototype.__defineSetter__(\"value\", function (val) {textAreaValueSetter.call(this, val);this.textContent = val;});}if (global.HTMLSelectElement) {var selectSelectedIndexSetter = global.HTMLSelectElement.prototype.__lookupSetter__(\"selectedIndex\");global.HTMLSelectElement.prototype.__defineSetter__(\"selectedIndex\", function (index) {selectSelectedIndexSetter.call(this, index);var option = this.options[index];if (option) {for (var i = 0, len = this.options.length; i < len; i++) {if (i == index) {this.options[i].setAttribute(\"selected\", null);} else {this.options[i].removeAttribute(\"selected\");}}}});}if (global.HTMLOptionElement) {var optionSelectedSetter = global.HTMLOptionElement.prototype.__lookupSetter__(\"selected\");global.HTMLOptionElement.prototype.__defineSetter__(\"selected\", function (val) {optionSelectedSetter.call(this, val);if (val) {this.setAttribute(\"selected\", null);} else {this.removeAttribute(\"selected\");}});}})(document.defaultView)",[object ChromeWindow])
  ->  [Overrides.js:370] applyAll([object ChromeWindow])
  ->  [InitHead.js:78] onInitHead([object XPCWrappedNative_NoHelper],[object HTMLDocument])
  ->  [CoreEvents.js:293] fireEvent("INIT_HEAD",[object Array])
  ->  [CoreEvents.js:238] fire("INIT_HEAD",[object XPCWrappedNative_NoHelper],[object HTMLDocument])
  ->  [aptEventHandler.js:139] observe([object XPCWrappedNative_NoHelper],"jaxerEvent.NewHTMLElement",null)
paths:
  -> file:///E:/Aptana%20Jaxer%20Apache/Jaxer/Apache2-4Build/jaxer/framework/src/ModuleLogger.js
  -> file:///E:/Aptana%20Jaxer%20Apache/Jaxer/Apache2-4Build/jaxer/framework/src/Includer.js
  -> file:///E:/Aptana%20Jaxer%20Apache/Jaxer/Apache2-4Build/jaxer/framework/src/Overrides.js
  -> file:///E:/Aptana%20Jaxer%20Apache/Jaxer/Apache2-4Build/jaxer/framework/src/InitHead.js
  -> file:///E:/Aptana%20Jaxer%20Apache/Jaxer/Apache2-4Build/jaxer/framework/src/CoreEvents.js
  -> file:///E:/Aptana%20Jaxer%20Apache/Jaxer/Apache2-4Build/jaxer/components/aptEventHandler.js

01:13:16 12/24/2025 [ 32928] [TRACE] [JS Framework] [CoreEvents.fire] At this time, evt.Request.isHandler=false and eventType: NEW_ELEMENT - TITLE
stack:
  ->  [ModuleLogger.js:98] trace("At this time, evt.Request.isHandler=false and eventType: NEW_ELEMENT - TITLE")
  ->  [CoreEvents.js:205] fire("NEW_ELEMENT",[object XPCWrappedNative_NoHelper],[object HTMLDocument],[object HTMLTitleElement])
  ->  [aptEventHandler.js:157] observe([object XPCWrappedNative_NoHelper],"jaxerEvent.NewHTMLElement",null)
paths:
  -> file:///E:/Aptana%20Jaxer%20Apache/Jaxer/Apache2-4Build/jaxer/framework/src/ModuleLogger.js
  -> file:///E:/Aptana%20Jaxer%20Apache/Jaxer/Apache2-4Build/jaxer/framework/src/CoreEvents.js
  -> file:///E:/Aptana%20Jaxer%20Apache/Jaxer/Apache2-4Build/jaxer/components/aptEventHandler.js

01:13:16 12/24/2025 [ 32928] [TRACE] [JS Framework] [CoreEvents.fireEvent] Firing an event for NEW_ELEMENT
stack:
  ->  [ModuleLogger.js:98] trace("Firing an event for NEW_ELEMENT")
  ->  [CoreEvents.js:282] fireEvent("NEW_ELEMENT",[object Array])
  ->  [CoreEvents.js:238] fire("NEW_ELEMENT",[object XPCWrappedNative_NoHelper],[object HTMLDocument],[object HTMLTitleElement])
  ->  [aptEventHandler.js:157] observe([object XPCWrappedNative_NoHelper],"jaxerEvent.NewHTMLElement",null)
paths:
  -> file:///E:/Aptana%20Jaxer%20Apache/Jaxer/Apache2-4Build/jaxer/framework/src/ModuleLogger.js
  -> file:///E:/Aptana%20Jaxer%20Apache/Jaxer/Apache2-4Build/jaxer/framework/src/CoreEvents.js
  -> file:///E:/Aptana%20Jaxer%20Apache/Jaxer/Apache2-4Build/jaxer/components/aptEventHandler.js

01:13:16 12/24/2025 [ 32928] [TRACE] [JS Framework] [CoreEvents.fireEvent] Calling event handler: function onNewElement(evt, doc, elt) {
    switch (elt.tagNa...
stack:
  ->  [ModuleLogger.js:98] trace("Calling event handler: function onNewElement(evt, doc, elt) {\n    switch (elt.tagNa...")
  ->  [CoreEvents.js:292] fireEvent("NEW_ELEMENT",[object Array])
  ->  [CoreEvents.js:238] fire("NEW_ELEMENT",[object XPCWrappedNative_NoHelper],[object HTMLDocument],[object HTMLTitleElement])
  ->  [aptEventHandler.js:157] observe([object XPCWrappedNative_NoHelper],"jaxerEvent.NewHTMLElement",null)
paths:
  -> file:///E:/Aptana%20Jaxer%20Apache/Jaxer/Apache2-4Build/jaxer/framework/src/ModuleLogger.js
  -> file:///E:/Aptana%20Jaxer%20Apache/Jaxer/Apache2-4Build/jaxer/framework/src/CoreEvents.js
  -> file:///E:/Aptana%20Jaxer%20Apache/Jaxer/Apache2-4Build/jaxer/components/aptEventHandler.js

01:13:16 12/24/2025 [ 32928] [TRACE] [JS Framework] [CoreEvents.fire] At this time, evt.Request.isHandler=false and eventType: NEW_ELEMENT - SCRIPT
stack:
  ->  [ModuleLogger.js:98] trace("At this time, evt.Request.isHandler=false and eventType: NEW_ELEMENT - SCRIPT")
  ->  [CoreEvents.js:205] fire("NEW_ELEMENT",[object XPCWrappedNative_NoHelper],[object HTMLDocument],[object HTMLScriptElement])
  ->  [aptEventHandler.js:157] observe([object XPCWrappedNative_NoHelper],"jaxerEvent.NewHTMLElement",null)
paths:
  -> file:///E:/Aptana%20Jaxer%20Apache/Jaxer/Apache2-4Build/jaxer/framework/src/ModuleLogger.js
  -> file:///E:/Aptana%20Jaxer%20Apache/Jaxer/Apache2-4Build/jaxer/framework/src/CoreEvents.js
  -> file:///E:/Aptana%20Jaxer%20Apache/Jaxer/Apache2-4Build/jaxer/components/aptEventHandler.js

01:13:16 12/24/2025 [ 32928] [TRACE] [JS Framework] [CoreEvents.fireEvent] Firing an event for NEW_ELEMENT
stack:
  ->  [ModuleLogger.js:98] trace("Firing an event for NEW_ELEMENT")
  ->  [CoreEvents.js:282] fireEvent("NEW_ELEMENT",[object Array])
  ->  [CoreEvents.js:238] fire("NEW_ELEMENT",[object XPCWrappedNative_NoHelper],[object HTMLDocument],[object HTMLScriptElement])
  ->  [aptEventHandler.js:157] observe([object XPCWrappedNative_NoHelper],"jaxerEvent.NewHTMLElement",null)
paths:
  -> file:///E:/Aptana%20Jaxer%20Apache/Jaxer/Apache2-4Build/jaxer/framework/src/ModuleLogger.js
  -> file:///E:/Aptana%20Jaxer%20Apache/Jaxer/Apache2-4Build/jaxer/framework/src/CoreEvents.js
  -> file:///E:/Aptana%20Jaxer%20Apache/Jaxer/Apache2-4Build/jaxer/components/aptEventHandler.js

01:13:16 12/24/2025 [ 32928] [TRACE] [JS Framework] [CoreEvents.fireEvent] Calling event handler: function onNewElement(evt, doc, elt) {
    switch (elt.tagNa...
stack:
  ->  [ModuleLogger.js:98] trace("Calling event handler: function onNewElement(evt, doc, elt) {\n    switch (elt.tagNa...")
  ->  [CoreEvents.js:292] fireEvent("NEW_ELEMENT",[object Array])
  ->  [CoreEvents.js:238] fire("NEW_ELEMENT",[object XPCWrappedNative_NoHelper],[object HTMLDocument],[object HTMLScriptElement])
  ->  [aptEventHandler.js:157] observe([object XPCWrappedNative_NoHelper],"jaxerEvent.NewHTMLElement",null)
paths:
  -> file:///E:/Aptana%20Jaxer%20Apache/Jaxer/Apache2-4Build/jaxer/framework/src/ModuleLogger.js
  -> file:///E:/Aptana%20Jaxer%20Apache/Jaxer/Apache2-4Build/jaxer/framework/src/CoreEvents.js
  -> file:///E:/Aptana%20Jaxer%20Apache/Jaxer/Apache2-4Build/jaxer/components/aptEventHandler.js

01:13:16 12/24/2025 [ 32928] [TRACE] [JS Framework] [NewElement.onNewElement] Received element: SCRIPT with no src and runat='server'
stack:
  ->  [ModuleLogger.js:98] trace("Received element: SCRIPT with no src and runat='server'")
  ->  [NewElement.js:88] onNewElement([object XPCWrappedNative_NoHelper],[object HTMLDocument],[object HTMLScriptElement])
  ->  [CoreEvents.js:293] fireEvent("NEW_ELEMENT",[object Array])
  ->  [CoreEvents.js:238] fire("NEW_ELEMENT",[object XPCWrappedNative_NoHelper],[object HTMLDocument],[object HTMLScriptElement])
  ->  [aptEventHandler.js:157] observe([object XPCWrappedNative_NoHelper],"jaxerEvent.NewHTMLElement",null)
paths:
  -> file:///E:/Aptana%20Jaxer%20Apache/Jaxer/Apache2-4Build/jaxer/framework/src/ModuleLogger.js
  -> file:///E:/Aptana%20Jaxer%20Apache/Jaxer/Apache2-4Build/jaxer/framework/src/NewElement.js
  -> file:///E:/Aptana%20Jaxer%20Apache/Jaxer/Apache2-4Build/jaxer/framework/src/CoreEvents.js
  -> file:///E:/Aptana%20Jaxer%20Apache/Jaxer/Apache2-4Build/jaxer/components/aptEventHandler.js

01:13:16 12/24/2025 [ 32928] [TRACE] [JS Framework] [TestRunner.findTestcasesInFolder] path: E:\Aptana Jaxer Apache\Jaxer\Apache2-4Build\jaxer\aptana\diagnostics\css; url: css; result: 
stack:
  ->  [ModuleLogger.js:98] trace("path: E:\\Aptana Jaxer Apache\\Jaxer\\Apache2-4Build\\jaxer\\aptana\\diagnostics\\css; url: css; result: ")
  ->  [testRunner.html:61] findTestcasesInFolder("E:\\Aptana Jaxer Apache\\Jaxer\\Apache2-4Build\\jaxer\\aptana\\diagnostics\\css","css",false)
  ->  [testRunner.html:48] pushFilepath([object Object],0,[object Array])
  ->  [testRunner.html:42] findTestcasesInFolder("E:\\Aptana Jaxer Apache\\Jaxer\\Apache2-4Build\\jaxer\\aptana\\diagnostics","",false)
  ->  [testRunner.html:109] getTestcases()
  ->  [testRunner.html:148] <no name>
paths:
  -> file:///E:/Aptana%20Jaxer%20Apache/Jaxer/Apache2-4Build/jaxer/framework/src/ModuleLogger.js
  -> http://localhost:8081/aptana/diagnostics/testRunner.html

01:13:16 12/24/2025 [ 32928] [TRACE] [JS Framework] [TestRunner.findTestcasesInFolder] path: E:\Aptana Jaxer Apache\Jaxer\Apache2-4Build\jaxer\aptana\diagnostics\images; url: images; result: 
stack:
  ->  [ModuleLogger.js:98] trace("path: E:\\Aptana Jaxer Apache\\Jaxer\\Apache2-4Build\\jaxer\\aptana\\diagnostics\\images; url: images; result: ")
  ->  [testRunner.html:61] findTestcasesInFolder("E:\\Aptana Jaxer Apache\\Jaxer\\Apache2-4Build\\jaxer\\aptana\\diagnostics\\images","images",false)
  ->  [testRunner.html:48] pushFilepath([object Object],2,[object Array])
  ->  [testRunner.html:42] findTestcasesInFolder("E:\\Aptana Jaxer Apache\\Jaxer\\Apache2-4Build\\jaxer\\aptana\\diagnostics","",false)
  ->  [testRunner.html:109] getTestcases()
  ->  [testRunner.html:148] <no name>
paths:
  -> file:///E:/Aptana%20Jaxer%20Apache/Jaxer/Apache2-4Build/jaxer/framework/src/ModuleLogger.js
  -> http://localhost:8081/aptana/diagnostics/testRunner.html

01:13:16 12/24/2025 [ 32928] [TRACE] [JS Framework] [TestRunner.findTestcasesInFolder] path: E:\Aptana Jaxer Apache\Jaxer\Apache2-4Build\jaxer\aptana\diagnostics\jaxer-include; url: jaxer-include; result: 
stack:
  ->  [ModuleLogger.js:98] trace("path: E:\\Aptana Jaxer Apache\\Jaxer\\Apache2-4Build\\jaxer\\aptana\\diagnostics\\jaxer-include; url: jaxer-include; result: ")
  ->  [testRunner.html:61] findTestcasesInFolder("E:\\Aptana Jaxer Apache\\Jaxer\\Apache2-4Build\\jaxer\\aptana\\diagnostics\\jaxer-include","jaxer-include",false)
  ->  [testRunner.html:48] pushFilepath([object Object],5,[object Array])
  ->  [testRunner.html:42] findTestcasesInFolder("E:\\Aptana Jaxer Apache\\Jaxer\\Apache2-4Build\\jaxer\\aptana\\diagnostics","",false)
  ->  [testRunner.html:109] getTestcases()
  ->  [testRunner.html:148] <no name>
paths:
  -> file:///E:/Aptana%20Jaxer%20Apache/Jaxer/Apache2-4Build/jaxer/framework/src/ModuleLogger.js
  -> http://localhost:8081/aptana/diagnostics/testRunner.html

01:13:16 12/24/2025 [ 32928] [TRACE] [JS Framework] [TestRunner.findTestcasesInFolder] path: E:\Aptana Jaxer Apache\Jaxer\Apache2-4Build\jaxer\aptana\diagnostics\lib; url: lib; result: 
stack:
  ->  [ModuleLogger.js:98] trace("path: E:\\Aptana Jaxer Apache\\Jaxer\\Apache2-4Build\\jaxer\\aptana\\diagnostics\\lib; url: lib; result: ")
  ->  [testRunner.html:61] findTestcasesInFolder("E:\\Aptana Jaxer Apache\\Jaxer\\Apache2-4Build\\jaxer\\aptana\\diagnostics\\lib","lib",false)
  ->  [testRunner.html:48] pushFilepath([object Object],7,[object Array])
  ->  [testRunner.html:42] findTestcasesInFolder("E:\\Aptana Jaxer Apache\\Jaxer\\Apache2-4Build\\jaxer\\aptana\\diagnostics","",false)
  ->  [testRunner.html:109] getTestcases()
  ->  [testRunner.html:148] <no name>
paths:
  -> file:///E:/Aptana%20Jaxer%20Apache/Jaxer/Apache2-4Build/jaxer/framework/src/ModuleLogger.js
  -> http://localhost:8081/aptana/diagnostics/testRunner.html

01:13:16 12/24/2025 [ 32928] [TRACE] [JS Framework] [TestRunner.findTestcasesInFolder] path: E:\Aptana Jaxer Apache\Jaxer\Apache2-4Build\jaxer\aptana\diagnostics\unit_tests_jaxer\App; url: unit_tests_jaxer/App; result: unit_tests_jaxer/App/test_App_diagnostics.html
stack:
  ->  [ModuleLogger.js:98] trace("path: E:\\Aptana Jaxer Apache\\Jaxer\\Apache2-4Build\\jaxer\\aptana\\diagnostics\\unit_tests_jaxer\\App; url: unit_tests_jaxer/App; result: unit_tests_jaxer/App/test_App_diagnostics.html")
  ->  [testRunner.html:61] findTestcasesInFolder("E:\\Aptana Jaxer Apache\\Jaxer\\Apache2-4Build\\jaxer\\aptana\\diagnostics\\unit_tests_jaxer\\App","unit_tests_jaxer/App",false)
  ->  [testRunner.html:48] pushFilepath([object Object],0,[object Array])
  ->  [testRunner.html:42] findTestcasesInFolder("E:\\Aptana Jaxer Apache\\Jaxer\\Apache2-4Build\\jaxer\\aptana\\diagnostics\\unit_tests_jaxer","unit_tests_jaxer",false)
  ->  [testRunner.html:48] pushFilepath([object Object],12,[object Array])
  ->  [testRunner.html:42] findTestcasesInFolder("E:\\Aptana Jaxer Apache\\Jaxer\\Apache2-4Build\\jaxer\\aptana\\diagnostics","",false)
  ->  [testRunner.html:109] getTestcases()
  ->  [testRunner.html:148] <no name>
paths:
  -> file:///E:/Aptana%20Jaxer%20Apache/Jaxer/Apache2-4Build/jaxer/framework/src/ModuleLogger.js
  -> http://localhost:8081/aptana/diagnostics/testRunner.html

01:13:16 12/24/2025 [ 32928] [TRACE] [JS Framework] [TestRunner.findTestcasesInFolder] path: E:\Aptana Jaxer Apache\Jaxer\Apache2-4Build\jaxer\aptana\diagnostics\unit_tests_jaxer\Comm; url: unit_tests_jaxer/Comm; result: unit_tests_jaxer/Comm/test_Comm_AsyncCallbacks.html,unit_tests_jaxer/Comm/test_Comm_Callback.html
stack:
  ->  [ModuleLogger.js:98] trace("path: E:\\Aptana Jaxer Apache\\Jaxer\\Apache2-4Build\\jaxer\\aptana\\diagnostics\\unit_tests_jaxer\\Comm; url: unit_tests_jaxer/Comm; result: unit_tests_jaxer/Comm/test_Comm_AsyncCallbacks.html,unit_tests_jaxer/Comm/test_Comm_Callback.html")
  ->  [testRunner.html:61] findTestcasesInFolder("E:\\Aptana Jaxer Apache\\Jaxer\\Apache2-4Build\\jaxer\\aptana\\diagnostics\\unit_tests_jaxer\\Comm","unit_tests_jaxer/Comm",false)
  ->  [testRunner.html:48] pushFilepath([object Object],1,[object Array])
  ->  [testRunner.html:42] findTestcasesInFolder("E:\\Aptana Jaxer Apache\\Jaxer\\Apache2-4Build\\jaxer\\aptana\\diagnostics\\unit_tests_jaxer","unit_tests_jaxer",false)
  ->  [testRunner.html:48] pushFilepath([object Object],12,[object Array])
  ->  [testRunner.html:42] findTestcasesInFolder("E:\\Aptana Jaxer Apache\\Jaxer\\Apache2-4Build\\jaxer\\aptana\\diagnostics","",false)
  ->  [testRunner.html:109] getTestcases()
  ->  [testRunner.html:148] <no name>
paths:
  -> file:///E:/Aptana%20Jaxer%20Apache/Jaxer/Apache2-4Build/jaxer/framework/src/ModuleLogger.js
  -> http://localhost:8081/aptana/diagnostics/testRunner.html

01:13:16 12/24/2025 [ 32928] [TRACE] [JS Framework] [TestRunner.findTestcasesInFolder] path: E:\Aptana Jaxer Apache\Jaxer\Apache2-4Build\jaxer\aptana\diagnostics\unit_tests_jaxer\Container; url: unit_tests_jaxer/Container; result: unit_tests_jaxer/Container/test_Container_basic.html,unit_tests_jaxer/Container/test_Container_basic2.html,unit_tests_jaxer/Container/test_SessionManager_key.html
stack:
  ->  [ModuleLogger.js:98] trace("path: E:\\Aptana Jaxer Apache\\Jaxer\\Apache2-4Build\\jaxer\\aptana\\diagnostics\\unit_tests_jaxer\\Container; url: unit_tests_jaxer/Container; result: unit_tests_jaxer/Container/test_Container_basic.html,unit_tests_jaxer/Container/test_Container_basic2.html,unit_tests_jaxer/Container/test_SessionManager_key.html")
  ->  [testRunner.html:61] findTestcasesInFolder("E:\\Aptana Jaxer Apache\\Jaxer\\Apache2-4Build\\jaxer\\aptana\\diagnostics\\unit_tests_jaxer\\Container","unit_tests_jaxer/Container",false)
  ->  [testRunner.html:48] pushFilepath([object Object],2,[object Array])
  ->  [testRunner.html:42] findTestcasesInFolder("E:\\Aptana Jaxer Apache\\Jaxer\\Apache2-4Build\\jaxer\\aptana\\diagnostics\\unit_tests_jaxer","unit_tests_jaxer",false)
  ->  [testRunner.html:48] pushFilepath([object Object],12,[object Array])
  ->  [testRunner.html:42] findTestcasesInFolder("E:\\Aptana Jaxer Apache\\Jaxer\\Apache2-4Build\\jaxer\\aptana\\diagnostics","",false)
  ->  [testRunner.html:109] getTestcases()
  ->  [testRunner.html:148] <no name>
paths:
  -> file:///E:/Aptana%20Jaxer%20Apache/Jaxer/Apache2-4Build/jaxer/framework/src/ModuleLogger.js
  -> http://localhost:8081/aptana/diagnostics/testRunner.html

01:13:16 12/24/2025 [ 32928] [TRACE] [JS Framework] [TestRunner.findTestcasesInFolder] path: E:\Aptana Jaxer Apache\Jaxer\Apache2-4Build\jaxer\aptana\diagnostics\unit_tests_jaxer\DB; url: unit_tests_jaxer/DB; result: unit_tests_jaxer/DB/test_DB_MySQL.html,unit_tests_jaxer/DB/test_DB_ResultSet.html,unit_tests_jaxer/DB/test_DB_SQLite.html,unit_tests_jaxer/DB/test_DB_SQLite_basic.html
stack:
  ->  [ModuleLogger.js:98] trace("path: E:\\Aptana Jaxer Apache\\Jaxer\\Apache2-4Build\\jaxer\\aptana\\diagnostics\\unit_tests_jaxer\\DB; url: unit_tests_jaxer/DB; result: unit_tests_jaxer/DB/test_DB_MySQL.html,unit_tests_jaxer/DB/test_DB_ResultSet.html,unit_tests_jaxer/DB/test_DB_SQLite.html,unit_tests_jaxer/DB/test_DB_SQLite_basic.html")
  ->  [testRunner.html:61] findTestcasesInFolder("E:\\Aptana Jaxer Apache\\Jaxer\\Apache2-4Build\\jaxer\\aptana\\diagnostics\\unit_tests_jaxer\\DB","unit_tests_jaxer/DB",false)
  ->  [testRunner.html:48] pushFilepath([object Object],3,[object Array])
  ->  [testRunner.html:42] findTestcasesInFolder("E:\\Aptana Jaxer Apache\\Jaxer\\Apache2-4Build\\jaxer\\aptana\\diagnostics\\unit_tests_jaxer","unit_tests_jaxer",false)
  ->  [testRunner.html:48] pushFilepath([object Object],12,[object Array])
  ->  [testRunner.html:42] findTestcasesInFolder("E:\\Aptana Jaxer Apache\\Jaxer\\Apache2-4Build\\jaxer\\aptana\\diagnostics","",false)
  ->  [testRunner.html:109] getTestcases()
  ->  [testRunner.html:148] <no name>
paths:
  -> file:///E:/Aptana%20Jaxer%20Apache/Jaxer/Apache2-4Build/jaxer/framework/src/ModuleLogger.js
  -> http://localhost:8081/aptana/diagnostics/testRunner.html

01:13:16 12/24/2025 [ 32928] [TRACE] [JS Framework] [TestRunner.findTestcasesInFolder] path: E:\Aptana Jaxer Apache\Jaxer\Apache2-4Build\jaxer\aptana\diagnostics\unit_tests_jaxer\IO\jaxer-include; url: unit_tests_jaxer/IO/jaxer-include; result: 
stack:
  ->  [ModuleLogger.js:98] trace("path: E:\\Aptana Jaxer Apache\\Jaxer\\Apache2-4Build\\jaxer\\aptana\\diagnostics\\unit_tests_jaxer\\IO\\jaxer-include; url: unit_tests_jaxer/IO/jaxer-include; result: ")
  ->  [testRunner.html:61] findTestcasesInFolder("E:\\Aptana Jaxer Apache\\Jaxer\\Apache2-4Build\\jaxer\\aptana\\diagnostics\\unit_tests_jaxer\\IO\\jaxer-include","unit_tests_jaxer/IO/jaxer-include",false)
  ->  [testRunner.html:48] pushFilepath([object Object],1,[object Array])
  ->  [testRunner.html:42] findTestcasesInFolder("E:\\Aptana Jaxer Apache\\Jaxer\\Apache2-4Build\\jaxer\\aptana\\diagnostics\\unit_tests_jaxer\\IO","unit_tests_jaxer/IO",false)
  ->  [testRunner.html:48] pushFilepath([object Object],4,[object Array])
  ->  [testRunner.html:42] findTestcasesInFolder("E:\\Aptana Jaxer Apache\\Jaxer\\Apache2-4Build\\jaxer\\aptana\\diagnostics\\unit_tests_jaxer","unit_tests_jaxer",false)
  ->  [testRunner.html:48] pushFilepath([object Object],12,[object Array])
  ->  [testRunner.html:42] findTestcasesInFolder("E:\\Aptana Jaxer Apache\\Jaxer\\Apache2-4Build\\jaxer\\aptana\\diagnostics","",false)
  ->  [testRunner.html:109] getTestcases()
  ->  [testRunner.html:148] <no name>
paths:
  -> file:///E:/Aptana%20Jaxer%20Apache/Jaxer/Apache2-4Build/jaxer/framework/src/ModuleLogger.js
  -> http://localhost:8081/aptana/diagnostics/testRunner.html

01:13:16 12/24/2025 [ 32928] [TRACE] [JS Framework] [TestRunner.findTestcasesInFolder] path: E:\Aptana Jaxer Apache\Jaxer\Apache2-4Build\jaxer\aptana\diagnostics\unit_tests_jaxer\IO; url: unit_tests_jaxer/IO; result: unit_tests_jaxer/IO/test_IO_BinarySocket.html,unit_tests_jaxer/IO/test_IO_Dir.html,unit_tests_jaxer/IO/test_IO_File.html,unit_tests_jaxer/IO/test_IO_File_Static_Methods.html,unit_tests_jaxer/IO/test_IO_Includer.html,unit_tests_jaxer/IO/test_IO_Socket.html,unit_tests_jaxer/IO/test_IO_StaticAccess.html,unit_tests_jaxer/IO/test_IO_Web.html
stack:
  ->  [ModuleLogger.js:98] trace("path: E:\\Aptana Jaxer Apache\\Jaxer\\Apache2-4Build\\jaxer\\aptana\\diagnostics\\unit_tests_jaxer\\IO; url: unit_tests_jaxer/IO; result: unit_tests_jaxer/IO/test_IO_BinarySocket.html,unit_tests_jaxer/IO/test_IO_Dir.html,unit_tests_jaxer/IO/test_IO_File.html,unit_tests_jaxer/IO/test_IO_File_Static_Methods.html,unit_tests_jaxer/IO/test_IO_Includer.html,unit_tests_jaxer/IO/test_IO_Socket.html,unit_tests_jaxer/IO/test_IO_StaticAccess.html,unit_tests_jaxer/IO/test_IO_Web.html")
  ->  [testRunner.html:61] findTestcasesInFolder("E:\\Aptana Jaxer Apache\\Jaxer\\Apache2-4Build\\jaxer\\aptana\\diagnostics\\unit_tests_jaxer\\IO","unit_tests_jaxer/IO",false)
  ->  [testRunner.html:48] pushFilepath([object Object],4,[object Array])
  ->  [testRunner.html:42] findTestcasesInFolder("E:\\Aptana Jaxer Apache\\Jaxer\\Apache2-4Build\\jaxer\\aptana\\diagnostics\\unit_tests_jaxer","unit_tests_jaxer",false)
  ->  [testRunner.html:48] pushFilepath([object Object],12,[object Array])
  ->  [testRunner.html:42] findTestcasesInFolder("E:\\Aptana Jaxer Apache\\Jaxer\\Apache2-4Build\\jaxer\\aptana\\diagnostics","",false)
  ->  [testRunner.html:109] getTestcases()
  ->  [testRunner.html:148] <no name>
paths:
  -> file:///E:/Aptana%20Jaxer%20Apache/Jaxer/Apache2-4Build/jaxer/framework/src/ModuleLogger.js
  -> http://localhost:8081/aptana/diagnostics/testRunner.html

01:13:16 12/24/2025 [ 32928] [TRACE] [JS Framework] [TestRunner.findTestcasesInFolder] path: E:\Aptana Jaxer Apache\Jaxer\Apache2-4Build\jaxer\aptana\diagnostics\unit_tests_jaxer\JSLIB; url: unit_tests_jaxer/JSLIB; result: unit_tests_jaxer/JSLIB/test_JSLib_dir.html,unit_tests_jaxer/JSLIB/test_JSLib_dirUtils.html,unit_tests_jaxer/JSLIB/test_JSLib_file.html,unit_tests_jaxer/JSLIB/test_JSLib_fileUtils.html,unit_tests_jaxer/JSLIB/test_JSLib_system.html
stack:
  ->  [ModuleLogger.js:98] trace("path: E:\\Aptana Jaxer Apache\\Jaxer\\Apache2-4Build\\jaxer\\aptana\\diagnostics\\unit_tests_jaxer\\JSLIB; url: unit_tests_jaxer/JSLIB; result: unit_tests_jaxer/JSLIB/test_JSLib_dir.html,unit_tests_jaxer/JSLIB/test_JSLib_dirUtils.html,unit_tests_jaxer/JSLIB/test_JSLib_file.html,unit_tests_jaxer/JSLIB/test_JSLib_fileUtils.html,unit_tests_jaxer/JSLIB/test_JSLib_system.html")
  ->  [testRunner.html:61] findTestcasesInFolder("E:\\Aptana Jaxer Apache\\Jaxer\\Apache2-4Build\\jaxer\\aptana\\diagnostics\\unit_tests_jaxer\\JSLIB","unit_tests_jaxer/JSLIB",false)
  ->  [testRunner.html:48] pushFilepath([object Object],5,[object Array])
  ->  [testRunner.html:42] findTestcasesInFolder("E:\\Aptana Jaxer Apache\\Jaxer\\Apache2-4Build\\jaxer\\aptana\\diagnostics\\unit_tests_jaxer","unit_tests_jaxer",false)
  ->  [testRunner.html:48] pushFilepath([object Object],12,[object Array])
  ->  [testRunner.html:42] findTestcasesInFolder("E:\\Aptana Jaxer Apache\\Jaxer\\Apache2-4Build\\jaxer\\aptana\\diagnostics","",false)
  ->  [testRunner.html:109] getTestcases()
  ->  [testRunner.html:148] <no name>
paths:
  -> file:///E:/Aptana%20Jaxer%20Apache/Jaxer/Apache2-4Build/jaxer/framework/src/ModuleLogger.js
  -> http://localhost:8081/aptana/diagnostics/testRunner.html

01:13:16 12/24/2025 [ 32928] [TRACE] [JS Framework] [TestRunner.findTestcasesInFolder] path: E:\Aptana Jaxer Apache\Jaxer\Apache2-4Build\jaxer\aptana\diagnostics\unit_tests_jaxer\packaging; url: unit_tests_jaxer/packaging; result: 
stack:
  ->  [ModuleLogger.js:98] trace("path: E:\\Aptana Jaxer Apache\\Jaxer\\Apache2-4Build\\jaxer\\aptana\\diagnostics\\unit_tests_jaxer\\packaging; url: unit_tests_jaxer/packaging; result: ")
  ->  [testRunner.html:61] findTestcasesInFolder("E:\\Aptana Jaxer Apache\\Jaxer\\Apache2-4Build\\jaxer\\aptana\\diagnostics\\unit_tests_jaxer\\packaging","unit_tests_jaxer/packaging",false)
  ->  [testRunner.html:48] pushFilepath([object Object],6,[object Array])
  ->  [testRunner.html:42] findTestcasesInFolder("E:\\Aptana Jaxer Apache\\Jaxer\\Apache2-4Build\\jaxer\\aptana\\diagnostics\\unit_tests_jaxer","unit_tests_jaxer",false)
  ->  [testRunner.html:48] pushFilepath([object Object],12,[object Array])
  ->  [testRunner.html:42] findTestcasesInFolder("E:\\Aptana Jaxer Apache\\Jaxer\\Apache2-4Build\\jaxer\\aptana\\diagnostics","",false)
  ->  [testRunner.html:109] getTestcases()
  ->  [testRunner.html:148] <no name>
paths:
  -> file:///E:/Aptana%20Jaxer%20Apache/Jaxer/Apache2-4Build/jaxer/framework/src/ModuleLogger.js
  -> http://localhost:8081/aptana/diagnostics/testRunner.html

01:13:16 12/24/2025 [ 32928] [TRACE] [JS Framework] [TestRunner.findTestcasesInFolder] path: E:\Aptana Jaxer Apache\Jaxer\Apache2-4Build\jaxer\aptana\diagnostics\unit_tests_jaxer\Parsing\unchangedDOM; url: unit_tests_jaxer/Parsing/unchangedDOM; result: 
stack:
  ->  [ModuleLogger.js:98] trace("path: E:\\Aptana Jaxer Apache\\Jaxer\\Apache2-4Build\\jaxer\\aptana\\diagnostics\\unit_tests_jaxer\\Parsing\\unchangedDOM; url: unit_tests_jaxer/Parsing/unchangedDOM; result: ")
  ->  [testRunner.html:61] findTestcasesInFolder("E:\\Aptana Jaxer Apache\\Jaxer\\Apache2-4Build\\jaxer\\aptana\\diagnostics\\unit_tests_jaxer\\Parsing\\unchangedDOM","unit_tests_jaxer/Parsing/unchangedDOM",false)
  ->  [testRunner.html:48] pushFilepath([object Object],4,[object Array])
  ->  [testRunner.html:42] findTestcasesInFolder("E:\\Aptana Jaxer Apache\\Jaxer\\Apache2-4Build\\jaxer\\aptana\\diagnostics\\unit_tests_jaxer\\Parsing","unit_tests_jaxer/Parsing",false)
  ->  [testRunner.html:48] pushFilepath([object Object],7,[object Array])
  ->  [testRunner.html:42] findTestcasesInFolder("E:\\Aptana Jaxer Apache\\Jaxer\\Apache2-4Build\\jaxer\\aptana\\diagnostics\\unit_tests_jaxer","unit_tests_jaxer",false)
  ->  [testRunner.html:48] pushFilepath([object Object],12,[object Array])
  ->  [testRunner.html:42] findTestcasesInFolder("E:\\Aptana Jaxer Apache\\Jaxer\\Apache2-4Build\\jaxer\\aptana\\diagnostics","",false)
  ->  [testRunner.html:109] getTestcases()
  ->  [testRunner.html:148] <no name>
paths:
  -> file:///E:/Aptana%20Jaxer%20Apache/Jaxer/Apache2-4Build/jaxer/framework/src/ModuleLogger.js
  -> http://localhost:8081/aptana/diagnostics/testRunner.html

01:13:16 12/24/2025 [ 32928] [TRACE] [JS Framework] [TestRunner.findTestcasesInFolder] path: E:\Aptana Jaxer Apache\Jaxer\Apache2-4Build\jaxer\aptana\diagnostics\unit_tests_jaxer\Parsing; url: unit_tests_jaxer/Parsing; result: unit_tests_jaxer/Parsing/test_Parsing_globals.html,unit_tests_jaxer/Parsing/test_Parsing_Runat.html,unit_tests_jaxer/Parsing/test_Parsing_textParser.html,unit_tests_jaxer/Parsing/test_Parsing_unchangedDOM.html
stack:
  ->  [ModuleLogger.js:98] trace("path: E:\\Aptana Jaxer Apache\\Jaxer\\Apache2-4Build\\jaxer\\aptana\\diagnostics\\unit_tests_jaxer\\Parsing; url: unit_tests_jaxer/Parsing; result: unit_tests_jaxer/Parsing/test_Parsing_globals.html,unit_tests_jaxer/Parsing/test_Parsing_Runat.html,unit_tests_jaxer/Parsing/test_Parsing_textParser.html,unit_tests_jaxer/Parsing/test_Parsing_unchangedDOM.html")
  ->  [testRunner.html:61] findTestcasesInFolder("E:\\Aptana Jaxer Apache\\Jaxer\\Apache2-4Build\\jaxer\\aptana\\diagnostics\\unit_tests_jaxer\\Parsing","unit_tests_jaxer/Parsing",false)
  ->  [testRunner.html:48] pushFilepath([object Object],7,[object Array])
  ->  [testRunner.html:42] findTestcasesInFolder("E:\\Aptana Jaxer Apache\\Jaxer\\Apache2-4Build\\jaxer\\aptana\\diagnostics\\unit_tests_jaxer","unit_tests_jaxer",false)
  ->  [testRunner.html:48] pushFilepath([object Object],12,[object Array])
  ->  [testRunner.html:42] findTestcasesInFolder("E:\\Aptana Jaxer Apache\\Jaxer\\Apache2-4Build\\jaxer\\aptana\\diagnostics","",false)
  ->  [testRunner.html:109] getTestcases()
  ->  [testRunner.html:148] <no name>
paths:
  -> file:///E:/Aptana%20Jaxer%20Apache/Jaxer/Apache2-4Build/jaxer/framework/src/ModuleLogger.js
  -> http://localhost:8081/aptana/diagnostics/testRunner.html

01:13:16 12/24/2025 [ 32928] [TRACE] [JS Framework] [TestRunner.findTestcasesInFolder] path: E:\Aptana Jaxer Apache\Jaxer\Apache2-4Build\jaxer\aptana\diagnostics\unit_tests_jaxer\Serialization; url: unit_tests_jaxer/Serialization; result: unit_tests_jaxer/Serialization/test_CrockfordSerialization_Array.html,unit_tests_jaxer/Serialization/test_CrockfordSerialization_Boolean.html,unit_tests_jaxer/Serialization/test_CrockfordSerialization_Date.html,unit_tests_jaxer/Serialization/test_CrockfordSerialization_Null.html,unit_tests_jaxer/Serialization/test_CrockfordSerialization_Number.html,unit_tests_jaxer/Serialization/test_CrockfordSerialization_Object.html,unit_tests_jaxer/Serialization/test_CrockfordSerialization_String.html,unit_tests_jaxer/Serialization/test_CrockfordSerialization_Undefined.html,unit_tests_jaxer/Serialization/test_JaxerSerialization_Array.html,unit_tests_jaxer/Serialization/test_JaxerSerialization_Boolean.html,unit_tests_jaxer/Serialization/test_JaxerSerialization_Date.html,unit_tests_jaxer/Serialization/test_JaxerSerialization_Null.html,unit_tests_jaxer/Serialization/test_JaxerSerialization_Number.html,unit_tests_jaxer/Serialization/test_JaxerSerialization_Object.html,unit_tests_jaxer/Serialization/test_JaxerSerialization_String.html,unit_tests_jaxer/Serialization/test_JaxerSerialization_Undefined.html,unit_tests_jaxer/Serialization/test_NativeSerialization_Array.html,unit_tests_jaxer/Serialization/test_NativeSerialization_Boolean.html,unit_tests_jaxer/Serialization/test_NativeSerialization_Date.html,unit_tests_jaxer/Serialization/test_NativeSerialization_Null.html,unit_tests_jaxer/Serialization/test_NativeSerialization_Number.html,unit_tests_jaxer/Serialization/test_NativeSerialization_Object.html,unit_tests_jaxer/Serialization/test_NativeSerialization_String.html,unit_tests_jaxer/Serialization/test_Serialization_Bugs.html,unit_tests_jaxer/Serialization/test_Serialization_Cycles.html,unit_tests_jaxer/Serialization/test_Serialization_MultiReferences.html,unit_tests_jaxer/Serialization/test_Serialization_RegExp.html,unit_tests_jaxer/Serialization/test_Serialization_XML.html
stack:
  ->  [ModuleLogger.js:98] trace("path: E:\\Aptana Jaxer Apache\\Jaxer\\Apache2-4Build\\jaxer\\aptana\\diagnostics\\unit_tests_jaxer\\Serialization; url: unit_tests_jaxer/Serialization; result: unit_tests_jaxer/Serialization/test_CrockfordSerialization_Array.html,unit_tests_jaxer/Serialization/test_CrockfordSerialization_Boolean.html,unit_tests_jaxer/Serialization/test_CrockfordSerialization_Date.html,unit_tests_jaxer/Serialization/test_CrockfordSerialization_Null.html,unit_tests_jaxer/Serialization/test_CrockfordSerialization_Number.html,unit_tests_jaxer/Serialization/test_CrockfordSerialization_Object.html,unit_tests_jaxer/Serialization/test_CrockfordSerialization_String.html,unit_tests_jaxer/Serialization/test_CrockfordSerialization_Undefined.html,unit_tests_jaxer/Serialization/test_JaxerSerialization_Array.html,unit_tests_jaxer/Serialization/test_JaxerSerialization_Boolean.html,unit_tests_jaxer/Serialization/test_JaxerSerialization_Date.html,unit_tests_jaxer/Serialization/test_JaxerSerialization_Null.html,unit_tests_jaxer/Serialization/test_JaxerSerialization_Number.html,unit_tests_jaxer/Serialization/test_JaxerSerialization_Object.html,unit_tests_jaxer/Serialization/test_JaxerSerialization_String.html,unit_tests_jaxer/Serialization/test_JaxerSerialization_Undefined.html,unit_tests_jaxer/Serialization/test_NativeSerialization_Array.html,unit_tests_jaxer/Serialization/test_NativeSerialization_Boolean.html,unit_tests_jaxer/Serialization/test_NativeSerialization_Date.html,unit_tests_jaxer/Serialization/test_NativeSerialization_Null.html,unit_tests_jaxer/Serialization/test_NativeSerialization_Number.html,unit_tests_jaxer/Serialization/test_NativeSerialization_Object.html,unit_tests_jaxer/Serialization/test_NativeSerialization_String.html,unit_tests_jaxer/Serialization/test_Serialization_Bugs.html,unit_tests_jaxer/Serialization/test_Serialization_Cycles.html,unit_tests_jaxer/Serialization/test_Serialization_MultiReferences.html,unit_tests_jaxer/Serialization/test_Serialization_RegExp.html,unit_tests_jaxer/Serialization/test_Serialization_XML.html")
  ->  [testRunner.html:61] findTestcasesInFolder("E:\\Aptana Jaxer Apache\\Jaxer\\Apache2-4Build\\jaxer\\aptana\\diagnostics\\unit_tests_jaxer\\Serialization","unit_tests_jaxer/Serialization",false)
  ->  [testRunner.html:48] pushFilepath([object Object],8,[object Array])
  ->  [testRunner.html:42] findTestcasesInFolder("E:\\Aptana Jaxer Apache\\Jaxer\\Apache2-4Build\\jaxer\\aptana\\diagnostics\\unit_tests_jaxer","unit_tests_jaxer",false)
  ->  [testRunner.html:48] pushFilepath([object Object],12,[object Array])
  ->  [testRunner.html:42] findTestcasesInFolder("E:\\Aptana Jaxer Apache\\Jaxer\\Apache2-4Build\\jaxer\\aptana\\diagnostics","",false)
  ->  [testRunner.html:109] getTestcases()
  ->  [testRunner.html:148] <no name>
paths:
  -> file:///E:/Aptana%20Jaxer%20Apache/Jaxer/Apache2-4Build/jaxer/framework/src/ModuleLogger.js
  -> http://localhost:8081/aptana/diagnostics/testRunner.html

01:13:16 12/24/2025 [ 32928] [TRACE] [JS Framework] [TestRunner.findTestcasesInFolder] path: E:\Aptana Jaxer Apache\Jaxer\Apache2-4Build\jaxer\aptana\diagnostics\unit_tests_jaxer\System; url: unit_tests_jaxer/System; result: unit_tests_jaxer/System/test_System_Process.html
stack:
  ->  [ModuleLogger.js:98] trace("path: E:\\Aptana Jaxer Apache\\Jaxer\\Apache2-4Build\\jaxer\\aptana\\diagnostics\\unit_tests_jaxer\\System; url: unit_tests_jaxer/System; result: unit_tests_jaxer/System/test_System_Process.html")
  ->  [testRunner.html:61] findTestcasesInFolder("E:\\Aptana Jaxer Apache\\Jaxer\\Apache2-4Build\\jaxer\\aptana\\diagnostics\\unit_tests_jaxer\\System","unit_tests_jaxer/System",false)
  ->  [testRunner.html:48] pushFilepath([object Object],9,[object Array])
  ->  [testRunner.html:42] findTestcasesInFolder("E:\\Aptana Jaxer Apache\\Jaxer\\Apache2-4Build\\jaxer\\aptana\\diagnostics\\unit_tests_jaxer","unit_tests_jaxer",false)
  ->  [testRunner.html:48] pushFilepath([object Object],12,[object Array])
  ->  [testRunner.html:42] findTestcasesInFolder("E:\\Aptana Jaxer Apache\\Jaxer\\Apache2-4Build\\jaxer\\aptana\\diagnostics","",false)
  ->  [testRunner.html:109] getTestcases()
  ->  [testRunner.html:148] <no name>
paths:
  -> file:///E:/Aptana%20Jaxer%20Apache/Jaxer/Apache2-4Build/jaxer/framework/src/ModuleLogger.js
  -> http://localhost:8081/aptana/diagnostics/testRunner.html

01:13:16 12/24/2025 [ 32928] [TRACE] [JS Framework] [TestRunner.findTestcasesInFolder] path: E:\Aptana Jaxer Apache\Jaxer\Apache2-4Build\jaxer\aptana\diagnostics\unit_tests_jaxer\Threading; url: unit_tests_jaxer/Threading; result: unit_tests_jaxer/Threading/test_Threading_Thread.html
stack:
  ->  [ModuleLogger.js:98] trace("path: E:\\Aptana Jaxer Apache\\Jaxer\\Apache2-4Build\\jaxer\\aptana\\diagnostics\\unit_tests_jaxer\\Threading; url: unit_tests_jaxer/Threading; result: unit_tests_jaxer/Threading/test_Threading_Thread.html")
  ->  [testRunner.html:61] findTestcasesInFolder("E:\\Aptana Jaxer Apache\\Jaxer\\Apache2-4Build\\jaxer\\aptana\\diagnostics\\unit_tests_jaxer\\Threading","unit_tests_jaxer/Threading",false)
  ->  [testRunner.html:48] pushFilepath([object Object],10,[object Array])
  ->  [testRunner.html:42] findTestcasesInFolder("E:\\Aptana Jaxer Apache\\Jaxer\\Apache2-4Build\\jaxer\\aptana\\diagnostics\\unit_tests_jaxer","unit_tests_jaxer",false)
  ->  [testRunner.html:48] pushFilepath([object Object],12,[object Array])
  ->  [testRunner.html:42] findTestcasesInFolder("E:\\Aptana Jaxer Apache\\Jaxer\\Apache2-4Build\\jaxer\\aptana\\diagnostics","",false)
  ->  [testRunner.html:109] getTestcases()
  ->  [testRunner.html:148] <no name>
paths:
  -> file:///E:/Aptana%20Jaxer%20Apache/Jaxer/Apache2-4Build/jaxer/framework/src/ModuleLogger.js
  -> http://localhost:8081/aptana/diagnostics/testRunner.html

01:13:16 12/24/2025 [ 32928] [TRACE] [JS Framework] [TestRunner.findTestcasesInFolder] path: E:\Aptana Jaxer Apache\Jaxer\Apache2-4Build\jaxer\aptana\diagnostics\unit_tests_jaxer; url: unit_tests_jaxer; result: unit_tests_jaxer/App/test_App_diagnostics.html,unit_tests_jaxer/Comm/test_Comm_AsyncCallbacks.html,unit_tests_jaxer/Comm/test_Comm_Callback.html,unit_tests_jaxer/Container/test_Container_basic.html,unit_tests_jaxer/Container/test_Container_basic2.html,unit_tests_jaxer/Container/test_SessionManager_key.html,unit_tests_jaxer/DB/test_DB_MySQL.html,unit_tests_jaxer/DB/test_DB_ResultSet.html,unit_tests_jaxer/DB/test_DB_SQLite.html,unit_tests_jaxer/DB/test_DB_SQLite_basic.html,unit_tests_jaxer/IO/test_IO_BinarySocket.html,unit_tests_jaxer/IO/test_IO_Dir.html,unit_tests_jaxer/IO/test_IO_File.html,unit_tests_jaxer/IO/test_IO_File_Static_Methods.html,unit_tests_jaxer/IO/test_IO_Includer.html,unit_tests_jaxer/IO/test_IO_Socket.html,unit_tests_jaxer/IO/test_IO_StaticAccess.html,unit_tests_jaxer/IO/test_IO_Web.html,unit_tests_jaxer/JSLIB/test_JSLib_dir.html,unit_tests_jaxer/JSLIB/test_JSLib_dirUtils.html,unit_tests_jaxer/JSLIB/test_JSLib_file.html,unit_tests_jaxer/JSLIB/test_JSLib_fileUtils.html,unit_tests_jaxer/JSLIB/test_JSLib_system.html,unit_tests_jaxer/Parsing/test_Parsing_globals.html,unit_tests_jaxer/Parsing/test_Parsing_Runat.html,unit_tests_jaxer/Parsing/test_Parsing_textParser.html,unit_tests_jaxer/Parsing/test_Parsing_unchangedDOM.html,unit_tests_jaxer/Serialization/test_CrockfordSerialization_Array.html,unit_tests_jaxer/Serialization/test_CrockfordSerialization_Boolean.html,unit_tests_jaxer/Serialization/test_CrockfordSerialization_Date.html,unit_tests_jaxer/Serialization/test_CrockfordSerialization_Null.html,unit_tests_jaxer/Serialization/test_CrockfordSerialization_Number.html,unit_tests_jaxer/Serialization/test_CrockfordSerialization_Object.html,unit_tests_jaxer/Serialization/test_CrockfordSerialization_String.html,unit_tests_jaxer/Serialization/test_CrockfordSerialization_Undefined.html,unit_tests_jaxer/Serialization/test_JaxerSerialization_Array.html,unit_tests_jaxer/Serialization/test_JaxerSerialization_Boolean.html,unit_tests_jaxer/Serialization/test_JaxerSerialization_Date.html,unit_tests_jaxer/Serialization/test_JaxerSerialization_Null.html,unit_tests_jaxer/Serialization/test_JaxerSerialization_Number.html,unit_tests_jaxer/Serialization/test_JaxerSerialization_Object.html,unit_tests_jaxer/Serialization/test_JaxerSerialization_String.html,unit_tests_jaxer/Serialization/test_JaxerSerialization_Undefined.html,unit_tests_jaxer/Serialization/test_NativeSerialization_Array.html,unit_tests_jaxer/Serialization/test_NativeSerialization_Boolean.html,unit_tests_jaxer/Serialization/test_NativeSerialization_Date.html,unit_tests_jaxer/Serialization/test_NativeSerialization_Null.html,unit_tests_jaxer/Serialization/test_NativeSerialization_Number.html,unit_tests_jaxer/Serialization/test_NativeSerialization_Object.html,unit_tests_jaxer/Serialization/test_NativeSerialization_String.html,unit_tests_jaxer/Serialization/test_Serialization_Bugs.html,unit_tests_jaxer/Serialization/test_Serialization_Cycles.html,unit_tests_jaxer/Serialization/test_Serialization_MultiReferences.html,unit_tests_jaxer/Serialization/test_Serialization_RegExp.html,unit_tests_jaxer/Serialization/test_Serialization_XML.html,unit_tests_jaxer/System/test_System_Process.html,unit_tests_jaxer/Threading/test_Threading_Thread.html
stack:
  ->  [ModuleLogger.js:98] trace("path: E:\\Aptana Jaxer Apache\\Jaxer\\Apache2-4Build\\jaxer\\aptana\\diagnostics\\unit_tests_jaxer; url: unit_tests_jaxer; result: unit_tests_jaxer/App/test_App_diagnostics.html,unit_tests_jaxer/Comm/test_Comm_AsyncCallbacks.html,unit_tests_jaxer/Comm/test_Comm_Callback.html,unit_tests_jaxer/Container/test_Container_basic.html,unit_tests_jaxer/Container/test_Container_basic2.html,unit_tests_jaxer/Container/test_SessionManager_key.html,unit_tests_jaxer/DB/test_DB_MySQL.html,unit_tests_jaxer/DB/test_DB_ResultSet.html,unit_tests_jaxer/DB/test_DB_SQLite.html,unit_tests_jaxer/DB/test_DB_SQLite_basic.html,unit_tests_jaxer/IO/test_IO_BinarySocket.html,unit_tests_jaxer/IO/test_IO_Dir.html,unit_tests_jaxer/IO/test_IO_File.html,unit_tests_jaxer/IO/test_IO_File_Static_Methods.html,unit_tests_jaxer/IO/test_IO_Includer.html,unit_tests_jaxer/IO/test_IO_Socket.html,unit_tests_jaxer/IO/test_IO_StaticAccess.html,unit_tests_jaxer/IO/test_IO_Web.html,unit_tests_jaxer/JSLIB/test_JSLib_dir.html,unit_tests_jaxer/JSLIB/test_JSLib_dirUtils.html,unit_tests_jaxer/JSLIB/test_JSLib_file.html,unit_tests_jaxer/JSLIB/test_JSLib_fileUtils.html,unit_tests_jaxer/JSLIB/test_JSLib_system.html,unit_tests_jaxer/Parsing/test_Parsing_globals.html,unit_tests_jaxer/Parsing/test_Parsing_Runat.html,unit_tests_jaxer/Parsing/test_Parsing_textParser.html,unit_tests_jaxer/Parsing/test_Parsing_unchangedDOM.html,unit_tests_jaxer/Serialization/test_CrockfordSerialization_Array.html,unit_tests_jaxer/Serialization/test_CrockfordSerialization_Boolean.html,unit_tests_jaxer/Serialization/test_CrockfordSerialization_Date.html,unit_tests_jaxer/Serialization/test_CrockfordSerialization_Null.html,unit_tests_jaxer/Serialization/test_CrockfordSerialization_Number.html,unit_tests_jaxer/Serialization/test_CrockfordSerialization_Object.html,unit_tests_jaxer/Serialization/test_CrockfordSerialization_String.html,unit_tests_jaxer/Serialization/test_CrockfordSerialization_Undefined.html,unit_tests_jaxer/Serialization/test_JaxerSerialization_Array.html,unit_tests_jaxer/Serialization/test_JaxerSerialization_Boolean.html,unit_tests_jaxer/Serialization/test_JaxerSerialization_Date.html,unit_tests_jaxer/Serialization/test_JaxerSerialization_Null.html,unit_tests_jaxer/Serialization/test_JaxerSerialization_Number.html,unit_tests_jaxer/Serialization/test_JaxerSerialization_Object.html,unit_tests_jaxer/Serialization/test_JaxerSerialization_String.html,unit_tests_jaxer/Serialization/test_JaxerSerialization_Undefined.html,unit_tests_jaxer/Serialization/test_NativeSerialization_Array.html,unit_tests_jaxer/Serialization/test_NativeSerialization_Boolean.html,unit_tests_jaxer/Serialization/test_NativeSerialization_Date.html,unit_tests_jaxer/Serialization/test_NativeSerialization_Null.html,unit_tests_jaxer/Serialization/test_NativeSerialization_Number.html,unit_tests_jaxer/Serialization/test_NativeSerialization_Object.html,unit_tests_jaxer/Serialization/test_NativeSerialization_String.html,unit_tests_jaxer/Serialization/test_Serialization_Bugs.html,unit_tests_jaxer/Serialization/test_Serialization_Cycles.html,unit_tests_jaxer/Serialization/test_Serialization_MultiReferences.html,unit_tests_jaxer/Serialization/test_Serialization_RegExp.html,unit_tests_jaxer/Serialization/test_Serialization_XML.html,unit_tests_jaxer/System/test_System_Process.html,unit_tests_jaxer/Threading/test_Threading_Thread.html")
  ->  [testRunner.html:61] findTestcasesInFolder("E:\\Aptana Jaxer Apache\\Jaxer\\Apache2-4Build\\jaxer\\aptana\\diagnostics\\unit_tests_jaxer","unit_tests_jaxer",false)
  ->  [testRunner.html:48] pushFilepath([object Object],12,[object Array])
  ->  [testRunner.html:42] findTestcasesInFolder("E:\\Aptana Jaxer Apache\\Jaxer\\Apache2-4Build\\jaxer\\aptana\\diagnostics","",false)
  ->  [testRunner.html:109] getTestcases()
  ->  [testRunner.html:148] <no name>
paths:
  -> file:///E:/Aptana%20Jaxer%20Apache/Jaxer/Apache2-4Build/jaxer/framework/src/ModuleLogger.js
  -> http://localhost:8081/aptana/diagnostics/testRunner.html

01:13:16 12/24/2025 [ 32928] [TRACE] [JS Framework] [TestRunner.findTestcasesInFolder] path: E:\Aptana Jaxer Apache\Jaxer\Apache2-4Build\jaxer\aptana\diagnostics\unit_tests_library\jQueryTestSuite; url: unit_tests_library/jQueryTestSuite; result: 
stack:
  ->  [ModuleLogger.js:98] trace("path: E:\\Aptana Jaxer Apache\\Jaxer\\Apache2-4Build\\jaxer\\aptana\\diagnostics\\unit_tests_library\\jQueryTestSuite; url: unit_tests_library/jQueryTestSuite; result: ")
  ->  [testRunner.html:61] findTestcasesInFolder("E:\\Aptana Jaxer Apache\\Jaxer\\Apache2-4Build\\jaxer\\aptana\\diagnostics\\unit_tests_library\\jQueryTestSuite","unit_tests_library/jQueryTestSuite",false)
  ->  [testRunner.html:48] pushFilepath([object Object],2,[object Array])
  ->  [testRunner.html:42] findTestcasesInFolder("E:\\Aptana Jaxer Apache\\Jaxer\\Apache2-4Build\\jaxer\\aptana\\diagnostics\\unit_tests_library","unit_tests_library",false)
  ->  [testRunner.html:48] pushFilepath([object Object],13,[object Array])
  ->  [testRunner.html:42] findTestcasesInFolder("E:\\Aptana Jaxer Apache\\Jaxer\\Apache2-4Build\\jaxer\\aptana\\diagnostics","",false)
  ->  [testRunner.html:109] getTestcases()
  ->  [testRunner.html:148] <no name>
paths:
  -> file:///E:/Aptana%20Jaxer%20Apache/Jaxer/Apache2-4Build/jaxer/framework/src/ModuleLogger.js
  -> http://localhost:8081/aptana/diagnostics/testRunner.html

01:13:16 12/24/2025 [ 32928] [TRACE] [JS Framework] [TestRunner.findTestcasesInFolder] path: E:\Aptana Jaxer Apache\Jaxer\Apache2-4Build\jaxer\aptana\diagnostics\unit_tests_library; url: unit_tests_library; result: 
stack:
  ->  [ModuleLogger.js:98] trace("path: E:\\Aptana Jaxer Apache\\Jaxer\\Apache2-4Build\\jaxer\\aptana\\diagnostics\\unit_tests_library; url: unit_tests_library; result: ")
  ->  [testRunner.html:61] findTestcasesInFolder("E:\\Aptana Jaxer Apache\\Jaxer\\Apache2-4Build\\jaxer\\aptana\\diagnostics\\unit_tests_library","unit_tests_library",false)
  ->  [testRunner.html:48] pushFilepath([object Object],13,[object Array])
  ->  [testRunner.html:42] findTestcasesInFolder("E:\\Aptana Jaxer Apache\\Jaxer\\Apache2-4Build\\jaxer\\aptana\\diagnostics","",false)
  ->  [testRunner.html:109] getTestcases()
  ->  [testRunner.html:148] <no name>
paths:
  -> file:///E:/Aptana%20Jaxer%20Apache/Jaxer/Apache2-4Build/jaxer/framework/src/ModuleLogger.js
  -> http://localhost:8081/aptana/diagnostics/testRunner.html

01:13:16 12/24/2025 [ 32928] [TRACE] [JS Framework] [TestRunner.findTestcasesInFolder] path: E:\Aptana Jaxer Apache\Jaxer\Apache2-4Build\jaxer\aptana\diagnostics; url: ; result: unit_tests_jaxer/App/test_App_diagnostics.html,unit_tests_jaxer/Comm/test_Comm_AsyncCallbacks.html,unit_tests_jaxer/Comm/test_Comm_Callback.html,unit_tests_jaxer/Container/test_Container_basic.html,unit_tests_jaxer/Container/test_Container_basic2.html,unit_tests_jaxer/Container/test_SessionManager_key.html,unit_tests_jaxer/DB/test_DB_MySQL.html,unit_tests_jaxer/DB/test_DB_ResultSet.html,unit_tests_jaxer/DB/test_DB_SQLite.html,unit_tests_jaxer/DB/test_DB_SQLite_basic.html,unit_tests_jaxer/IO/test_IO_BinarySocket.html,unit_tests_jaxer/IO/test_IO_Dir.html,unit_tests_jaxer/IO/test_IO_File.html,unit_tests_jaxer/IO/test_IO_File_Static_Methods.html,unit_tests_jaxer/IO/test_IO_Includer.html,unit_tests_jaxer/IO/test_IO_Socket.html,unit_tests_jaxer/IO/test_IO_StaticAccess.html,unit_tests_jaxer/IO/test_IO_Web.html,unit_tests_jaxer/JSLIB/test_JSLib_dir.html,unit_tests_jaxer/JSLIB/test_JSLib_dirUtils.html,unit_tests_jaxer/JSLIB/test_JSLib_file.html,unit_tests_jaxer/JSLIB/test_JSLib_fileUtils.html,unit_tests_jaxer/JSLIB/test_JSLib_system.html,unit_tests_jaxer/Parsing/test_Parsing_globals.html,unit_tests_jaxer/Parsing/test_Parsing_Runat.html,unit_tests_jaxer/Parsing/test_Parsing_textParser.html,unit_tests_jaxer/Parsing/test_Parsing_unchangedDOM.html,unit_tests_jaxer/Serialization/test_CrockfordSerialization_Array.html,unit_tests_jaxer/Serialization/test_CrockfordSerialization_Boolean.html,unit_tests_jaxer/Serialization/test_CrockfordSerialization_Date.html,unit_tests_jaxer/Serialization/test_CrockfordSerialization_Null.html,unit_tests_jaxer/Serialization/test_CrockfordSerialization_Number.html,unit_tests_jaxer/Serialization/test_CrockfordSerialization_Object.html,unit_tests_jaxer/Serialization/test_CrockfordSerialization_String.html,unit_tests_jaxer/Serialization/test_CrockfordSerialization_Undefined.html,unit_tests_jaxer/Serialization/test_JaxerSerialization_Array.html,unit_tests_jaxer/Serialization/test_JaxerSerialization_Boolean.html,unit_tests_jaxer/Serialization/test_JaxerSerialization_Date.html,unit_tests_jaxer/Serialization/test_JaxerSerialization_Null.html,unit_tests_jaxer/Serialization/test_JaxerSerialization_Number.html,unit_tests_jaxer/Serialization/test_JaxerSerialization_Object.html,unit_tests_jaxer/Serialization/test_JaxerSerialization_String.html,unit_tests_jaxer/Serialization/test_JaxerSerialization_Undefined.html,unit_tests_jaxer/Serialization/test_NativeSerialization_Array.html,unit_tests_jaxer/Serialization/test_NativeSerialization_Boolean.html,unit_tests_jaxer/Serialization/test_NativeSerialization_Date.html,unit_tests_jaxer/Serialization/test_NativeSerialization_Null.html,unit_tests_jaxer/Serialization/test_NativeSerialization_Number.html,unit_tests_jaxer/Serialization/test_NativeSerialization_Object.html,unit_tests_jaxer/Serialization/test_NativeSerialization_String.html,unit_tests_jaxer/Serialization/test_Serialization_Bugs.html,unit_tests_jaxer/Serialization/test_Serialization_Cycles.html,unit_tests_jaxer/Serialization/test_Serialization_MultiReferences.html,unit_tests_jaxer/Serialization/test_Serialization_RegExp.html,unit_tests_jaxer/Serialization/test_Serialization_XML.html,unit_tests_jaxer/System/test_System_Process.html,unit_tests_jaxer/Threading/test_Threading_Thread.html
stack:
  ->  [ModuleLogger.js:98] trace("path: E:\\Aptana Jaxer Apache\\Jaxer\\Apache2-4Build\\jaxer\\aptana\\diagnostics; url: ; result: unit_tests_jaxer/App/test_App_diagnostics.html,unit_tests_jaxer/Comm/test_Comm_AsyncCallbacks.html,unit_tests_jaxer/Comm/test_Comm_Callback.html,unit_tests_jaxer/Container/test_Container_basic.html,unit_tests_jaxer/Container/test_Container_basic2.html,unit_tests_jaxer/Container/test_SessionManager_key.html,unit_tests_jaxer/DB/test_DB_MySQL.html,unit_tests_jaxer/DB/test_DB_ResultSet.html,unit_tests_jaxer/DB/test_DB_SQLite.html,unit_tests_jaxer/DB/test_DB_SQLite_basic.html,unit_tests_jaxer/IO/test_IO_BinarySocket.html,unit_tests_jaxer/IO/test_IO_Dir.html,unit_tests_jaxer/IO/test_IO_File.html,unit_tests_jaxer/IO/test_IO_File_Static_Methods.html,unit_tests_jaxer/IO/test_IO_Includer.html,unit_tests_jaxer/IO/test_IO_Socket.html,unit_tests_jaxer/IO/test_IO_StaticAccess.html,unit_tests_jaxer/IO/test_IO_Web.html,unit_tests_jaxer/JSLIB/test_JSLib_dir.html,unit_tests_jaxer/JSLIB/test_JSLib_dirUtils.html,unit_tests_jaxer/JSLIB/test_JSLib_file.html,unit_tests_jaxer/JSLIB/test_JSLib_fileUtils.html,unit_tests_jaxer/JSLIB/test_JSLib_system.html,unit_tests_jaxer/Parsing/test_Parsing_globals.html,unit_tests_jaxer/Parsing/test_Parsing_Runat.html,unit_tests_jaxer/Parsing/test_Parsing_textParser.html,unit_tests_jaxer/Parsing/test_Parsing_unchangedDOM.html,unit_tests_jaxer/Serialization/test_CrockfordSerialization_Array.html,unit_tests_jaxer/Serialization/test_CrockfordSerialization_Boolean.html,unit_tests_jaxer/Serialization/test_CrockfordSerialization_Date.html,unit_tests_jaxer/Serialization/test_CrockfordSerialization_Null.html,unit_tests_jaxer/Serialization/test_CrockfordSerialization_Number.html,unit_tests_jaxer/Serialization/test_CrockfordSerialization_Object.html,unit_tests_jaxer/Serialization/test_CrockfordSerialization_String.html,unit_tests_jaxer/Serialization/test_CrockfordSerialization_Undefined.html,unit_tests_jaxer/Serialization/test_JaxerSerialization_Array.html,unit_tests_jaxer/Serialization/test_JaxerSerialization_Boolean.html,unit_tests_jaxer/Serialization/test_JaxerSerialization_Date.html,unit_tests_jaxer/Serialization/test_JaxerSerialization_Null.html,unit_tests_jaxer/Serialization/test_JaxerSerialization_Number.html,unit_tests_jaxer/Serialization/test_JaxerSerialization_Object.html,unit_tests_jaxer/Serialization/test_JaxerSerialization_String.html,unit_tests_jaxer/Serialization/test_JaxerSerialization_Undefined.html,unit_tests_jaxer/Serialization/test_NativeSerialization_Array.html,unit_tests_jaxer/Serialization/test_NativeSerialization_Boolean.html,unit_tests_jaxer/Serialization/test_NativeSerialization_Date.html,unit_tests_jaxer/Serialization/test_NativeSerialization_Null.html,unit_tests_jaxer/Serialization/test_NativeSerialization_Number.html,unit_tests_jaxer/Serialization/test_NativeSerialization_Object.html,unit_tests_jaxer/Serialization/test_NativeSerialization_String.html,unit_tests_jaxer/Serialization/test_Serialization_Bugs.html,unit_tests_jaxer/Serialization/test_Serialization_Cycles.html,unit_tests_jaxer/Serialization/test_Serialization_MultiReferences.html,unit_tests_jaxer/Serialization/test_Serialization_RegExp.html,unit_tests_jaxer/Serialization/test_Serialization_XML.html,unit_tests_jaxer/System/test_System_Process.html,unit_tests_jaxer/Threading/test_Threading_Thread.html")
  ->  [testRunner.html:61] findTestcasesInFolder("E:\\Aptana Jaxer Apache\\Jaxer\\Apache2-4Build\\jaxer\\aptana\\diagnostics","",false)
  ->  [testRunner.html:109] getTestcases()
  ->  [testRunner.html:148] <no name>
paths:
  -> file:///E:/Aptana%20Jaxer%20Apache/Jaxer/Apache2-4Build/jaxer/framework/src/ModuleLogger.js
  -> http://localhost:8081/aptana/diagnostics/testRunner.html

01:13:16 12/24/2025 [ 32928] [TRACE] [JS Framework] [TestRunner.findLibraryInFolder] path: E:\Aptana Jaxer Apache\Jaxer\Apache2-4Build\jaxer\aptana\diagnostics\css; url: css; result: 
stack:
  ->  [ModuleLogger.js:98] trace("path: E:\\Aptana Jaxer Apache\\Jaxer\\Apache2-4Build\\jaxer\\aptana\\diagnostics\\css; url: css; result: ")
  ->  [testRunner.html:90] findLibraryInFolder("E:\\Aptana Jaxer Apache\\Jaxer\\Apache2-4Build\\jaxer\\aptana\\diagnostics\\css","css")
  ->  [testRunner.html:80] pushFilepath([object Object],0,[object Array])
  ->  [testRunner.html:74] findLibraryInFolder("E:\\Aptana Jaxer Apache\\Jaxer\\Apache2-4Build\\jaxer\\aptana\\diagnostics","",true)
  ->  [testRunner.html:116] getLibraries()
  ->  [testRunner.html:153] <no name>
paths:
  -> file:///E:/Aptana%20Jaxer%20Apache/Jaxer/Apache2-4Build/jaxer/framework/src/ModuleLogger.js
  -> http://localhost:8081/aptana/diagnostics/testRunner.html

01:13:16 12/24/2025 [ 32928] [TRACE] [JS Framework] [TestRunner.findLibraryInFolder] path: E:\Aptana Jaxer Apache\Jaxer\Apache2-4Build\jaxer\aptana\diagnostics\images; url: images; result: 
stack:
  ->  [ModuleLogger.js:98] trace("path: E:\\Aptana Jaxer Apache\\Jaxer\\Apache2-4Build\\jaxer\\aptana\\diagnostics\\images; url: images; result: ")
  ->  [testRunner.html:90] findLibraryInFolder("E:\\Aptana Jaxer Apache\\Jaxer\\Apache2-4Build\\jaxer\\aptana\\diagnostics\\images","images")
  ->  [testRunner.html:80] pushFilepath([object Object],2,[object Array])
  ->  [testRunner.html:74] findLibraryInFolder("E:\\Aptana Jaxer Apache\\Jaxer\\Apache2-4Build\\jaxer\\aptana\\diagnostics","",true)
  ->  [testRunner.html:116] getLibraries()
  ->  [testRunner.html:153] <no name>
paths:
  -> file:///E:/Aptana%20Jaxer%20Apache/Jaxer/Apache2-4Build/jaxer/framework/src/ModuleLogger.js
  -> http://localhost:8081/aptana/diagnostics/testRunner.html

01:13:16 12/24/2025 [ 32928] [TRACE] [JS Framework] [TestRunner.findLibraryInFolder] path: E:\Aptana Jaxer Apache\Jaxer\Apache2-4Build\jaxer\aptana\diagnostics\jaxer-include; url: jaxer-include; result: 
stack:
  ->  [ModuleLogger.js:98] trace("path: E:\\Aptana Jaxer Apache\\Jaxer\\Apache2-4Build\\jaxer\\aptana\\diagnostics\\jaxer-include; url: jaxer-include; result: ")
  ->  [testRunner.html:90] findLibraryInFolder("E:\\Aptana Jaxer Apache\\Jaxer\\Apache2-4Build\\jaxer\\aptana\\diagnostics\\jaxer-include","jaxer-include")
  ->  [testRunner.html:80] pushFilepath([object Object],5,[object Array])
  ->  [testRunner.html:74] findLibraryInFolder("E:\\Aptana Jaxer Apache\\Jaxer\\Apache2-4Build\\jaxer\\aptana\\diagnostics","",true)
  ->  [testRunner.html:116] getLibraries()
  ->  [testRunner.html:153] <no name>
paths:
  -> file:///E:/Aptana%20Jaxer%20Apache/Jaxer/Apache2-4Build/jaxer/framework/src/ModuleLogger.js
  -> http://localhost:8081/aptana/diagnostics/testRunner.html

01:13:16 12/24/2025 [ 32928] [TRACE] [JS Framework] [TestRunner.findLibraryInFolder] path: E:\Aptana Jaxer Apache\Jaxer\Apache2-4Build\jaxer\aptana\diagnostics\lib; url: lib; result: 
stack:
  ->  [ModuleLogger.js:98] trace("path: E:\\Aptana Jaxer Apache\\Jaxer\\Apache2-4Build\\jaxer\\aptana\\diagnostics\\lib; url: lib; result: ")
  ->  [testRunner.html:90] findLibraryInFolder("E:\\Aptana Jaxer Apache\\Jaxer\\Apache2-4Build\\jaxer\\aptana\\diagnostics\\lib","lib")
  ->  [testRunner.html:80] pushFilepath([object Object],7,[object Array])
  ->  [testRunner.html:74] findLibraryInFolder("E:\\Aptana Jaxer Apache\\Jaxer\\Apache2-4Build\\jaxer\\aptana\\diagnostics","",true)
  ->  [testRunner.html:116] getLibraries()
  ->  [testRunner.html:153] <no name>
paths:
  -> file:///E:/Aptana%20Jaxer%20Apache/Jaxer/Apache2-4Build/jaxer/framework/src/ModuleLogger.js
  -> http://localhost:8081/aptana/diagnostics/testRunner.html

01:13:16 12/24/2025 [ 32928] [TRACE] [JS Framework] [TestRunner.findLibraryInFolder] path: E:\Aptana Jaxer Apache\Jaxer\Apache2-4Build\jaxer\aptana\diagnostics\unit_tests_jaxer\App; url: unit_tests_jaxer/App; result: 
stack:
  ->  [ModuleLogger.js:98] trace("path: E:\\Aptana Jaxer Apache\\Jaxer\\Apache2-4Build\\jaxer\\aptana\\diagnostics\\unit_tests_jaxer\\App; url: unit_tests_jaxer/App; result: ")
  ->  [testRunner.html:90] findLibraryInFolder("E:\\Aptana Jaxer Apache\\Jaxer\\Apache2-4Build\\jaxer\\aptana\\diagnostics\\unit_tests_jaxer\\App","unit_tests_jaxer/App")
  ->  [testRunner.html:80] pushFilepath([object Object],0,[object Array])
  ->  [testRunner.html:74] findLibraryInFolder("E:\\Aptana Jaxer Apache\\Jaxer\\Apache2-4Build\\jaxer\\aptana\\diagnostics\\unit_tests_jaxer","unit_tests_jaxer")
  ->  [testRunner.html:80] pushFilepath([object Object],12,[object Array])
  ->  [testRunner.html:74] findLibraryInFolder("E:\\Aptana Jaxer Apache\\Jaxer\\Apache2-4Build\\jaxer\\aptana\\diagnostics","",true)
  ->  [testRunner.html:116] getLibraries()
  ->  [testRunner.html:153] <no name>
paths:
  -> file:///E:/Aptana%20Jaxer%20Apache/Jaxer/Apache2-4Build/jaxer/framework/src/ModuleLogger.js
  -> http://localhost:8081/aptana/diagnostics/testRunner.html

01:13:16 12/24/2025 [ 32928] [TRACE] [JS Framework] [TestRunner.findLibraryInFolder] path: E:\Aptana Jaxer Apache\Jaxer\Apache2-4Build\jaxer\aptana\diagnostics\unit_tests_jaxer\Comm; url: unit_tests_jaxer/Comm; result: 
stack:
  ->  [ModuleLogger.js:98] trace("path: E:\\Aptana Jaxer Apache\\Jaxer\\Apache2-4Build\\jaxer\\aptana\\diagnostics\\unit_tests_jaxer\\Comm; url: unit_tests_jaxer/Comm; result: ")
  ->  [testRunner.html:90] findLibraryInFolder("E:\\Aptana Jaxer Apache\\Jaxer\\Apache2-4Build\\jaxer\\aptana\\diagnostics\\unit_tests_jaxer\\Comm","unit_tests_jaxer/Comm")
  ->  [testRunner.html:80] pushFilepath([object Object],1,[object Array])
  ->  [testRunner.html:74] findLibraryInFolder("E:\\Aptana Jaxer Apache\\Jaxer\\Apache2-4Build\\jaxer\\aptana\\diagnostics\\unit_tests_jaxer","unit_tests_jaxer")
  ->  [testRunner.html:80] pushFilepath([object Object],12,[object Array])
  ->  [testRunner.html:74] findLibraryInFolder("E:\\Aptana Jaxer Apache\\Jaxer\\Apache2-4Build\\jaxer\\aptana\\diagnostics","",true)
  ->  [testRunner.html:116] getLibraries()
  ->  [testRunner.html:153] <no name>
paths:
  -> file:///E:/Aptana%20Jaxer%20Apache/Jaxer/Apache2-4Build/jaxer/framework/src/ModuleLogger.js
  -> http://localhost:8081/aptana/diagnostics/testRunner.html

01:13:16 12/24/2025 [ 32928] [TRACE] [JS Framework] [TestRunner.findLibraryInFolder] path: E:\Aptana Jaxer Apache\Jaxer\Apache2-4Build\jaxer\aptana\diagnostics\unit_tests_jaxer\Container; url: unit_tests_jaxer/Container; result: 
stack:
  ->  [ModuleLogger.js:98] trace("path: E:\\Aptana Jaxer Apache\\Jaxer\\Apache2-4Build\\jaxer\\aptana\\diagnostics\\unit_tests_jaxer\\Container; url: unit_tests_jaxer/Container; result: ")
  ->  [testRunner.html:90] findLibraryInFolder("E:\\Aptana Jaxer Apache\\Jaxer\\Apache2-4Build\\jaxer\\aptana\\diagnostics\\unit_tests_jaxer\\Container","unit_tests_jaxer/Container")
  ->  [testRunner.html:80] pushFilepath([object Object],2,[object Array])
  ->  [testRunner.html:74] findLibraryInFolder("E:\\Aptana Jaxer Apache\\Jaxer\\Apache2-4Build\\jaxer\\aptana\\diagnostics\\unit_tests_jaxer","unit_tests_jaxer")
  ->  [testRunner.html:80] pushFilepath([object Object],12,[object Array])
  ->  [testRunner.html:74] findLibraryInFolder("E:\\Aptana Jaxer Apache\\Jaxer\\Apache2-4Build\\jaxer\\aptana\\diagnostics","",true)
  ->  [testRunner.html:116] getLibraries()
  ->  [testRunner.html:153] <no name>
paths:
  -> file:///E:/Aptana%20Jaxer%20Apache/Jaxer/Apache2-4Build/jaxer/framework/src/ModuleLogger.js
  -> http://localhost:8081/aptana/diagnostics/testRunner.html

01:13:16 12/24/2025 [ 32928] [TRACE] [JS Framework] [TestRunner.findLibraryInFolder] path: E:\Aptana Jaxer Apache\Jaxer\Apache2-4Build\jaxer\aptana\diagnostics\unit_tests_jaxer\DB; url: unit_tests_jaxer/DB; result: 
stack:
  ->  [ModuleLogger.js:98] trace("path: E:\\Aptana Jaxer Apache\\Jaxer\\Apache2-4Build\\jaxer\\aptana\\diagnostics\\unit_tests_jaxer\\DB; url: unit_tests_jaxer/DB; result: ")
  ->  [testRunner.html:90] findLibraryInFolder("E:\\Aptana Jaxer Apache\\Jaxer\\Apache2-4Build\\jaxer\\aptana\\diagnostics\\unit_tests_jaxer\\DB","unit_tests_jaxer/DB")
  ->  [testRunner.html:80] pushFilepath([object Object],3,[object Array])
  ->  [testRunner.html:74] findLibraryInFolder("E:\\Aptana Jaxer Apache\\Jaxer\\Apache2-4Build\\jaxer\\aptana\\diagnostics\\unit_tests_jaxer","unit_tests_jaxer")
  ->  [testRunner.html:80] pushFilepath([object Object],12,[object Array])
  ->  [testRunner.html:74] findLibraryInFolder("E:\\Aptana Jaxer Apache\\Jaxer\\Apache2-4Build\\jaxer\\aptana\\diagnostics","",true)
  ->  [testRunner.html:116] getLibraries()
  ->  [testRunner.html:153] <no name>
paths:
  -> file:///E:/Aptana%20Jaxer%20Apache/Jaxer/Apache2-4Build/jaxer/framework/src/ModuleLogger.js
  -> http://localhost:8081/aptana/diagnostics/testRunner.html

01:13:16 12/24/2025 [ 32928] [TRACE] [JS Framework] [TestRunner.findLibraryInFolder] path: E:\Aptana Jaxer Apache\Jaxer\Apache2-4Build\jaxer\aptana\diagnostics\unit_tests_jaxer\IO\jaxer-include; url: unit_tests_jaxer/IO/jaxer-include; result: 
stack:
  ->  [ModuleLogger.js:98] trace("path: E:\\Aptana Jaxer Apache\\Jaxer\\Apache2-4Build\\jaxer\\aptana\\diagnostics\\unit_tests_jaxer\\IO\\jaxer-include; url: unit_tests_jaxer/IO/jaxer-include; result: ")
  ->  [testRunner.html:90] findLibraryInFolder("E:\\Aptana Jaxer Apache\\Jaxer\\Apache2-4Build\\jaxer\\aptana\\diagnostics\\unit_tests_jaxer\\IO\\jaxer-include","unit_tests_jaxer/IO/jaxer-include")
  ->  [testRunner.html:80] pushFilepath([object Object],1,[object Array])
  ->  [testRunner.html:74] findLibraryInFolder("E:\\Aptana Jaxer Apache\\Jaxer\\Apache2-4Build\\jaxer\\aptana\\diagnostics\\unit_tests_jaxer\\IO","unit_tests_jaxer/IO")
  ->  [testRunner.html:80] pushFilepath([object Object],4,[object Array])
  ->  [testRunner.html:74] findLibraryInFolder("E:\\Aptana Jaxer Apache\\Jaxer\\Apache2-4Build\\jaxer\\aptana\\diagnostics\\unit_tests_jaxer","unit_tests_jaxer")
  ->  [testRunner.html:80] pushFilepath([object Object],12,[object Array])
  ->  [testRunner.html:74] findLibraryInFolder("E:\\Aptana Jaxer Apache\\Jaxer\\Apache2-4Build\\jaxer\\aptana\\diagnostics","",true)
  ->  [testRunner.html:116] getLibraries()
  ->  [testRunner.html:153] <no name>
paths:
  -> file:///E:/Aptana%20Jaxer%20Apache/Jaxer/Apache2-4Build/jaxer/framework/src/ModuleLogger.js
  -> http://localhost:8081/aptana/diagnostics/testRunner.html

01:13:16 12/24/2025 [ 32928] [TRACE] [JS Framework] [TestRunner.findLibraryInFolder] path: E:\Aptana Jaxer Apache\Jaxer\Apache2-4Build\jaxer\aptana\diagnostics\unit_tests_jaxer\IO; url: unit_tests_jaxer/IO; result: 
stack:
  ->  [ModuleLogger.js:98] trace("path: E:\\Aptana Jaxer Apache\\Jaxer\\Apache2-4Build\\jaxer\\aptana\\diagnostics\\unit_tests_jaxer\\IO; url: unit_tests_jaxer/IO; result: ")
  ->  [testRunner.html:90] findLibraryInFolder("E:\\Aptana Jaxer Apache\\Jaxer\\Apache2-4Build\\jaxer\\aptana\\diagnostics\\unit_tests_jaxer\\IO","unit_tests_jaxer/IO")
  ->  [testRunner.html:80] pushFilepath([object Object],4,[object Array])
  ->  [testRunner.html:74] findLibraryInFolder("E:\\Aptana Jaxer Apache\\Jaxer\\Apache2-4Build\\jaxer\\aptana\\diagnostics\\unit_tests_jaxer","unit_tests_jaxer")
  ->  [testRunner.html:80] pushFilepath([object Object],12,[object Array])
  ->  [testRunner.html:74] findLibraryInFolder("E:\\Aptana Jaxer Apache\\Jaxer\\Apache2-4Build\\jaxer\\aptana\\diagnostics","",true)
  ->  [testRunner.html:116] getLibraries()
  ->  [testRunner.html:153] <no name>
paths:
  -> file:///E:/Aptana%20Jaxer%20Apache/Jaxer/Apache2-4Build/jaxer/framework/src/ModuleLogger.js
  -> http://localhost:8081/aptana/diagnostics/testRunner.html

01:13:16 12/24/2025 [ 32928] [TRACE] [JS Framework] [TestRunner.findLibraryInFolder] path: E:\Aptana Jaxer Apache\Jaxer\Apache2-4Build\jaxer\aptana\diagnostics\unit_tests_jaxer\JSLIB; url: unit_tests_jaxer/JSLIB; result: 
stack:
  ->  [ModuleLogger.js:98] trace("path: E:\\Aptana Jaxer Apache\\Jaxer\\Apache2-4Build\\jaxer\\aptana\\diagnostics\\unit_tests_jaxer\\JSLIB; url: unit_tests_jaxer/JSLIB; result: ")
  ->  [testRunner.html:90] findLibraryInFolder("E:\\Aptana Jaxer Apache\\Jaxer\\Apache2-4Build\\jaxer\\aptana\\diagnostics\\unit_tests_jaxer\\JSLIB","unit_tests_jaxer/JSLIB")
  ->  [testRunner.html:80] pushFilepath([object Object],5,[object Array])
  ->  [testRunner.html:74] findLibraryInFolder("E:\\Aptana Jaxer Apache\\Jaxer\\Apache2-4Build\\jaxer\\aptana\\diagnostics\\unit_tests_jaxer","unit_tests_jaxer")
  ->  [testRunner.html:80] pushFilepath([object Object],12,[object Array])
  ->  [testRunner.html:74] findLibraryInFolder("E:\\Aptana Jaxer Apache\\Jaxer\\Apache2-4Build\\jaxer\\aptana\\diagnostics","",true)
  ->  [testRunner.html:116] getLibraries()
  ->  [testRunner.html:153] <no name>
paths:
  -> file:///E:/Aptana%20Jaxer%20Apache/Jaxer/Apache2-4Build/jaxer/framework/src/ModuleLogger.js
  -> http://localhost:8081/aptana/diagnostics/testRunner.html

01:13:16 12/24/2025 [ 32928] [TRACE] [JS Framework] [TestRunner.findLibraryInFolder] path: E:\Aptana Jaxer Apache\Jaxer\Apache2-4Build\jaxer\aptana\diagnostics\unit_tests_jaxer\packaging; url: unit_tests_jaxer/packaging; result: 
stack:
  ->  [ModuleLogger.js:98] trace("path: E:\\Aptana Jaxer Apache\\Jaxer\\Apache2-4Build\\jaxer\\aptana\\diagnostics\\unit_tests_jaxer\\packaging; url: unit_tests_jaxer/packaging; result: ")
  ->  [testRunner.html:90] findLibraryInFolder("E:\\Aptana Jaxer Apache\\Jaxer\\Apache2-4Build\\jaxer\\aptana\\diagnostics\\unit_tests_jaxer\\packaging","unit_tests_jaxer/packaging")
  ->  [testRunner.html:80] pushFilepath([object Object],6,[object Array])
  ->  [testRunner.html:74] findLibraryInFolder("E:\\Aptana Jaxer Apache\\Jaxer\\Apache2-4Build\\jaxer\\aptana\\diagnostics\\unit_tests_jaxer","unit_tests_jaxer")
  ->  [testRunner.html:80] pushFilepath([object Object],12,[object Array])
  ->  [testRunner.html:74] findLibraryInFolder("E:\\Aptana Jaxer Apache\\Jaxer\\Apache2-4Build\\jaxer\\aptana\\diagnostics","",true)
  ->  [testRunner.html:116] getLibraries()
  ->  [testRunner.html:153] <no name>
paths:
  -> file:///E:/Aptana%20Jaxer%20Apache/Jaxer/Apache2-4Build/jaxer/framework/src/ModuleLogger.js
  -> http://localhost:8081/aptana/diagnostics/testRunner.html

01:13:16 12/24/2025 [ 32928] [TRACE] [JS Framework] [TestRunner.findLibraryInFolder] path: E:\Aptana Jaxer Apache\Jaxer\Apache2-4Build\jaxer\aptana\diagnostics\unit_tests_jaxer\Parsing\unchangedDOM; url: unit_tests_jaxer/Parsing/unchangedDOM; result: 
stack:
  ->  [ModuleLogger.js:98] trace("path: E:\\Aptana Jaxer Apache\\Jaxer\\Apache2-4Build\\jaxer\\aptana\\diagnostics\\unit_tests_jaxer\\Parsing\\unchangedDOM; url: unit_tests_jaxer/Parsing/unchangedDOM; result: ")
  ->  [testRunner.html:90] findLibraryInFolder("E:\\Aptana Jaxer Apache\\Jaxer\\Apache2-4Build\\jaxer\\aptana\\diagnostics\\unit_tests_jaxer\\Parsing\\unchangedDOM","unit_tests_jaxer/Parsing/unchangedDOM")
  ->  [testRunner.html:80] pushFilepath([object Object],4,[object Array])
  ->  [testRunner.html:74] findLibraryInFolder("E:\\Aptana Jaxer Apache\\Jaxer\\Apache2-4Build\\jaxer\\aptana\\diagnostics\\unit_tests_jaxer\\Parsing","unit_tests_jaxer/Parsing")
  ->  [testRunner.html:80] pushFilepath([object Object],7,[object Array])
  ->  [testRunner.html:74] findLibraryInFolder("E:\\Aptana Jaxer Apache\\Jaxer\\Apache2-4Build\\jaxer\\aptana\\diagnostics\\unit_tests_jaxer","unit_tests_jaxer")
  ->  [testRunner.html:80] pushFilepath([object Object],12,[object Array])
  ->  [testRunner.html:74] findLibraryInFolder("E:\\Aptana Jaxer Apache\\Jaxer\\Apache2-4Build\\jaxer\\aptana\\diagnostics","",true)
  ->  [testRunner.html:116] getLibraries()
  ->  [testRunner.html:153] <no name>
paths:
  -> file:///E:/Aptana%20Jaxer%20Apache/Jaxer/Apache2-4Build/jaxer/framework/src/ModuleLogger.js
  -> http://localhost:8081/aptana/diagnostics/testRunner.html

01:13:16 12/24/2025 [ 32928] [TRACE] [JS Framework] [TestRunner.findLibraryInFolder] path: E:\Aptana Jaxer Apache\Jaxer\Apache2-4Build\jaxer\aptana\diagnostics\unit_tests_jaxer\Parsing; url: unit_tests_jaxer/Parsing; result: 
stack:
  ->  [ModuleLogger.js:98] trace("path: E:\\Aptana Jaxer Apache\\Jaxer\\Apache2-4Build\\jaxer\\aptana\\diagnostics\\unit_tests_jaxer\\Parsing; url: unit_tests_jaxer/Parsing; result: ")
  ->  [testRunner.html:90] findLibraryInFolder("E:\\Aptana Jaxer Apache\\Jaxer\\Apache2-4Build\\jaxer\\aptana\\diagnostics\\unit_tests_jaxer\\Parsing","unit_tests_jaxer/Parsing")
  ->  [testRunner.html:80] pushFilepath([object Object],7,[object Array])
  ->  [testRunner.html:74] findLibraryInFolder("E:\\Aptana Jaxer Apache\\Jaxer\\Apache2-4Build\\jaxer\\aptana\\diagnostics\\unit_tests_jaxer","unit_tests_jaxer")
  ->  [testRunner.html:80] pushFilepath([object Object],12,[object Array])
  ->  [testRunner.html:74] findLibraryInFolder("E:\\Aptana Jaxer Apache\\Jaxer\\Apache2-4Build\\jaxer\\aptana\\diagnostics","",true)
  ->  [testRunner.html:116] getLibraries()
  ->  [testRunner.html:153] <no name>
paths:
  -> file:///E:/Aptana%20Jaxer%20Apache/Jaxer/Apache2-4Build/jaxer/framework/src/ModuleLogger.js
  -> http://localhost:8081/aptana/diagnostics/testRunner.html

01:13:16 12/24/2025 [ 32928] [TRACE] [JS Framework] [TestRunner.findLibraryInFolder] path: E:\Aptana Jaxer Apache\Jaxer\Apache2-4Build\jaxer\aptana\diagnostics\unit_tests_jaxer\Serialization; url: unit_tests_jaxer/Serialization; result: 
stack:
  ->  [ModuleLogger.js:98] trace("path: E:\\Aptana Jaxer Apache\\Jaxer\\Apache2-4Build\\jaxer\\aptana\\diagnostics\\unit_tests_jaxer\\Serialization; url: unit_tests_jaxer/Serialization; result: ")
  ->  [testRunner.html:90] findLibraryInFolder("E:\\Aptana Jaxer Apache\\Jaxer\\Apache2-4Build\\jaxer\\aptana\\diagnostics\\unit_tests_jaxer\\Serialization","unit_tests_jaxer/Serialization")
  ->  [testRunner.html:80] pushFilepath([object Object],8,[object Array])
  ->  [testRunner.html:74] findLibraryInFolder("E:\\Aptana Jaxer Apache\\Jaxer\\Apache2-4Build\\jaxer\\aptana\\diagnostics\\unit_tests_jaxer","unit_tests_jaxer")
  ->  [testRunner.html:80] pushFilepath([object Object],12,[object Array])
  ->  [testRunner.html:74] findLibraryInFolder("E:\\Aptana Jaxer Apache\\Jaxer\\Apache2-4Build\\jaxer\\aptana\\diagnostics","",true)
  ->  [testRunner.html:116] getLibraries()
  ->  [testRunner.html:153] <no name>
paths:
  -> file:///E:/Aptana%20Jaxer%20Apache/Jaxer/Apache2-4Build/jaxer/framework/src/ModuleLogger.js
  -> http://localhost:8081/aptana/diagnostics/testRunner.html

01:13:16 12/24/2025 [ 32928] [TRACE] [JS Framework] [TestRunner.findLibraryInFolder] path: E:\Aptana Jaxer Apache\Jaxer\Apache2-4Build\jaxer\aptana\diagnostics\unit_tests_jaxer\System; url: unit_tests_jaxer/System; result: 
stack:
  ->  [ModuleLogger.js:98] trace("path: E:\\Aptana Jaxer Apache\\Jaxer\\Apache2-4Build\\jaxer\\aptana\\diagnostics\\unit_tests_jaxer\\System; url: unit_tests_jaxer/System; result: ")
  ->  [testRunner.html:90] findLibraryInFolder("E:\\Aptana Jaxer Apache\\Jaxer\\Apache2-4Build\\jaxer\\aptana\\diagnostics\\unit_tests_jaxer\\System","unit_tests_jaxer/System")
  ->  [testRunner.html:80] pushFilepath([object Object],9,[object Array])
  ->  [testRunner.html:74] findLibraryInFolder("E:\\Aptana Jaxer Apache\\Jaxer\\Apache2-4Build\\jaxer\\aptana\\diagnostics\\unit_tests_jaxer","unit_tests_jaxer")
  ->  [testRunner.html:80] pushFilepath([object Object],12,[object Array])
  ->  [testRunner.html:74] findLibraryInFolder("E:\\Aptana Jaxer Apache\\Jaxer\\Apache2-4Build\\jaxer\\aptana\\diagnostics","",true)
  ->  [testRunner.html:116] getLibraries()
  ->  [testRunner.html:153] <no name>
paths:
  -> file:///E:/Aptana%20Jaxer%20Apache/Jaxer/Apache2-4Build/jaxer/framework/src/ModuleLogger.js
  -> http://localhost:8081/aptana/diagnostics/testRunner.html

01:13:16 12/24/2025 [ 32928] [TRACE] [JS Framework] [TestRunner.findLibraryInFolder] path: E:\Aptana Jaxer Apache\Jaxer\Apache2-4Build\jaxer\aptana\diagnostics\unit_tests_jaxer\Threading; url: unit_tests_jaxer/Threading; result: 
stack:
  ->  [ModuleLogger.js:98] trace("path: E:\\Aptana Jaxer Apache\\Jaxer\\Apache2-4Build\\jaxer\\aptana\\diagnostics\\unit_tests_jaxer\\Threading; url: unit_tests_jaxer/Threading; result: ")
  ->  [testRunner.html:90] findLibraryInFolder("E:\\Aptana Jaxer Apache\\Jaxer\\Apache2-4Build\\jaxer\\aptana\\diagnostics\\unit_tests_jaxer\\Threading","unit_tests_jaxer/Threading")
  ->  [testRunner.html:80] pushFilepath([object Object],10,[object Array])
  ->  [testRunner.html:74] findLibraryInFolder("E:\\Aptana Jaxer Apache\\Jaxer\\Apache2-4Build\\jaxer\\aptana\\diagnostics\\unit_tests_jaxer","unit_tests_jaxer")
  ->  [testRunner.html:80] pushFilepath([object Object],12,[object Array])
  ->  [testRunner.html:74] findLibraryInFolder("E:\\Aptana Jaxer Apache\\Jaxer\\Apache2-4Build\\jaxer\\aptana\\diagnostics","",true)
  ->  [testRunner.html:116] getLibraries()
  ->  [testRunner.html:153] <no name>
paths:
  -> file:///E:/Aptana%20Jaxer%20Apache/Jaxer/Apache2-4Build/jaxer/framework/src/ModuleLogger.js
  -> http://localhost:8081/aptana/diagnostics/testRunner.html

01:13:16 12/24/2025 [ 32928] [TRACE] [JS Framework] [TestRunner.findLibraryInFolder] path: E:\Aptana Jaxer Apache\Jaxer\Apache2-4Build\jaxer\aptana\diagnostics\unit_tests_jaxer; url: unit_tests_jaxer; result: 
stack:
  ->  [ModuleLogger.js:98] trace("path: E:\\Aptana Jaxer Apache\\Jaxer\\Apache2-4Build\\jaxer\\aptana\\diagnostics\\unit_tests_jaxer; url: unit_tests_jaxer; result: ")
  ->  [testRunner.html:90] findLibraryInFolder("E:\\Aptana Jaxer Apache\\Jaxer\\Apache2-4Build\\jaxer\\aptana\\diagnostics\\unit_tests_jaxer","unit_tests_jaxer")
  ->  [testRunner.html:80] pushFilepath([object Object],12,[object Array])
  ->  [testRunner.html:74] findLibraryInFolder("E:\\Aptana Jaxer Apache\\Jaxer\\Apache2-4Build\\jaxer\\aptana\\diagnostics","",true)
  ->  [testRunner.html:116] getLibraries()
  ->  [testRunner.html:153] <no name>
paths:
  -> file:///E:/Aptana%20Jaxer%20Apache/Jaxer/Apache2-4Build/jaxer/framework/src/ModuleLogger.js
  -> http://localhost:8081/aptana/diagnostics/testRunner.html

01:13:16 12/24/2025 [ 32928] [TRACE] [JS Framework] [TestRunner.findLibraryInFolder] path: E:\Aptana Jaxer Apache\Jaxer\Apache2-4Build\jaxer\aptana\diagnostics\unit_tests_library\jQueryTestSuite; url: unit_tests_library/jQueryTestSuite; result: 
stack:
  ->  [ModuleLogger.js:98] trace("path: E:\\Aptana Jaxer Apache\\Jaxer\\Apache2-4Build\\jaxer\\aptana\\diagnostics\\unit_tests_library\\jQueryTestSuite; url: unit_tests_library/jQueryTestSuite; result: ")
  ->  [testRunner.html:90] findLibraryInFolder("E:\\Aptana Jaxer Apache\\Jaxer\\Apache2-4Build\\jaxer\\aptana\\diagnostics\\unit_tests_library\\jQueryTestSuite","unit_tests_library/jQueryTestSuite")
  ->  [testRunner.html:80] pushFilepath([object Object],2,[object Array])
  ->  [testRunner.html:74] findLibraryInFolder("E:\\Aptana Jaxer Apache\\Jaxer\\Apache2-4Build\\jaxer\\aptana\\diagnostics\\unit_tests_library","unit_tests_library")
  ->  [testRunner.html:80] pushFilepath([object Object],13,[object Array])
  ->  [testRunner.html:74] findLibraryInFolder("E:\\Aptana Jaxer Apache\\Jaxer\\Apache2-4Build\\jaxer\\aptana\\diagnostics","",true)
  ->  [testRunner.html:116] getLibraries()
  ->  [testRunner.html:153] <no name>
paths:
  -> file:///E:/Aptana%20Jaxer%20Apache/Jaxer/Apache2-4Build/jaxer/framework/src/ModuleLogger.js
  -> http://localhost:8081/aptana/diagnostics/testRunner.html

01:13:16 12/24/2025 [ 32928] [TRACE] [JS Framework] [TestRunner.findLibraryInFolder] path: E:\Aptana Jaxer Apache\Jaxer\Apache2-4Build\jaxer\aptana\diagnostics\unit_tests_library; url: unit_tests_library; result: 
stack:
  ->  [ModuleLogger.js:98] trace("path: E:\\Aptana Jaxer Apache\\Jaxer\\Apache2-4Build\\jaxer\\aptana\\diagnostics\\unit_tests_library; url: unit_tests_library; result: ")
  ->  [testRunner.html:90] findLibraryInFolder("E:\\Aptana Jaxer Apache\\Jaxer\\Apache2-4Build\\jaxer\\aptana\\diagnostics\\unit_tests_library","unit_tests_library")
  ->  [testRunner.html:80] pushFilepath([object Object],13,[object Array])
  ->  [testRunner.html:74] findLibraryInFolder("E:\\Aptana Jaxer Apache\\Jaxer\\Apache2-4Build\\jaxer\\aptana\\diagnostics","",true)
  ->  [testRunner.html:116] getLibraries()
  ->  [testRunner.html:153] <no name>
paths:
  -> file:///E:/Aptana%20Jaxer%20Apache/Jaxer/Apache2-4Build/jaxer/framework/src/ModuleLogger.js
  -> http://localhost:8081/aptana/diagnostics/testRunner.html

01:13:16 12/24/2025 [ 32928] [TRACE] [JS Framework] [TestRunner.findLibraryInFolder] path: E:\Aptana Jaxer Apache\Jaxer\Apache2-4Build\jaxer\aptana\diagnostics; url: ; result: 
stack:
  ->  [ModuleLogger.js:98] trace("path: E:\\Aptana Jaxer Apache\\Jaxer\\Apache2-4Build\\jaxer\\aptana\\diagnostics; url: ; result: ")
  ->  [testRunner.html:90] findLibraryInFolder("E:\\Aptana Jaxer Apache\\Jaxer\\Apache2-4Build\\jaxer\\aptana\\diagnostics","",true)
  ->  [testRunner.html:116] getLibraries()
  ->  [testRunner.html:153] <no name>
paths:
  -> file:///E:/Aptana%20Jaxer%20Apache/Jaxer/Apache2-4Build/jaxer/framework/src/ModuleLogger.js
  -> http://localhost:8081/aptana/diagnostics/testRunner.html

01:13:16 12/24/2025 [ 32928] [TRACE] [JS Framework] [CoreEvents.fire] At this time, evt.Request.isHandler=false and eventType: NEW_ELEMENT - SCRIPT
stack:
  ->  [ModuleLogger.js:98] trace("At this time, evt.Request.isHandler=false and eventType: NEW_ELEMENT - SCRIPT")
  ->  [CoreEvents.js:205] fire("NEW_ELEMENT",[object XPCWrappedNative_NoHelper],[object HTMLDocument],[object HTMLScriptElement])
  ->  [aptEventHandler.js:157] observe([object XPCWrappedNative_NoHelper],"jaxerEvent.NewHTMLElement",null)
paths:
  -> file:///E:/Aptana%20Jaxer%20Apache/Jaxer/Apache2-4Build/jaxer/framework/src/ModuleLogger.js
  -> file:///E:/Aptana%20Jaxer%20Apache/Jaxer/Apache2-4Build/jaxer/framework/src/CoreEvents.js
  -> file:///E:/Aptana%20Jaxer%20Apache/Jaxer/Apache2-4Build/jaxer/components/aptEventHandler.js

01:13:16 12/24/2025 [ 32928] [TRACE] [JS Framework] [CoreEvents.fireEvent] Firing an event for NEW_ELEMENT
stack:
  ->  [ModuleLogger.js:98] trace("Firing an event for NEW_ELEMENT")
  ->  [CoreEvents.js:282] fireEvent("NEW_ELEMENT",[object Array])
  ->  [CoreEvents.js:238] fire("NEW_ELEMENT",[object XPCWrappedNative_NoHelper],[object HTMLDocument],[object HTMLScriptElement])
  ->  [aptEventHandler.js:157] observe([object XPCWrappedNative_NoHelper],"jaxerEvent.NewHTMLElement",null)
paths:
  -> file:///E:/Aptana%20Jaxer%20Apache/Jaxer/Apache2-4Build/jaxer/framework/src/ModuleLogger.js
  -> file:///E:/Aptana%20Jaxer%20Apache/Jaxer/Apache2-4Build/jaxer/framework/src/CoreEvents.js
  -> file:///E:/Aptana%20Jaxer%20Apache/Jaxer/Apache2-4Build/jaxer/components/aptEventHandler.js

01:13:16 12/24/2025 [ 32928] [TRACE] [JS Framework] [CoreEvents.fireEvent] Calling event handler: function onNewElement(evt, doc, elt) {
    switch (elt.tagNa...
stack:
  ->  [ModuleLogger.js:98] trace("Calling event handler: function onNewElement(evt, doc, elt) {\n    switch (elt.tagNa...")
  ->  [CoreEvents.js:292] fireEvent("NEW_ELEMENT",[object Array])
  ->  [CoreEvents.js:238] fire("NEW_ELEMENT",[object XPCWrappedNative_NoHelper],[object HTMLDocument],[object HTMLScriptElement])
  ->  [aptEventHandler.js:157] observe([object XPCWrappedNative_NoHelper],"jaxerEvent.NewHTMLElement",null)
paths:
  -> file:///E:/Aptana%20Jaxer%20Apache/Jaxer/Apache2-4Build/jaxer/framework/src/ModuleLogger.js
  -> file:///E:/Aptana%20Jaxer%20Apache/Jaxer/Apache2-4Build/jaxer/framework/src/CoreEvents.js
  -> file:///E:/Aptana%20Jaxer%20Apache/Jaxer/Apache2-4Build/jaxer/components/aptEventHandler.js

01:13:16 12/24/2025 [ 32928] [TRACE] [JS Framework] [NewElement.onNewElement] Received element: SCRIPT with no src and runat='both'
stack:
  ->  [ModuleLogger.js:98] trace("Received element: SCRIPT with no src and runat='both'")
  ->  [NewElement.js:88] onNewElement([object XPCWrappedNative_NoHelper],[object HTMLDocument],[object HTMLScriptElement])
  ->  [CoreEvents.js:293] fireEvent("NEW_ELEMENT",[object Array])
  ->  [CoreEvents.js:238] fire("NEW_ELEMENT",[object XPCWrappedNative_NoHelper],[object HTMLDocument],[object HTMLScriptElement])
  ->  [aptEventHandler.js:157] observe([object XPCWrappedNative_NoHelper],"jaxerEvent.NewHTMLElement",null)
paths:
  -> file:///E:/Aptana%20Jaxer%20Apache/Jaxer/Apache2-4Build/jaxer/framework/src/ModuleLogger.js
  -> file:///E:/Aptana%20Jaxer%20Apache/Jaxer/Apache2-4Build/jaxer/framework/src/NewElement.js
  -> file:///E:/Aptana%20Jaxer%20Apache/Jaxer/Apache2-4Build/jaxer/framework/src/CoreEvents.js
  -> file:///E:/Aptana%20Jaxer%20Apache/Jaxer/Apache2-4Build/jaxer/components/aptEventHandler.js

01:13:16 12/24/2025 [ 32928] [TRACE] [JS Framework] [CoreEvents.fire] At this time, evt.Request.isHandler=false and eventType: PARSE_COMPLETE
stack:
  ->  [ModuleLogger.js:98] trace("At this time, evt.Request.isHandler=false and eventType: PARSE_COMPLETE")
  ->  [CoreEvents.js:205] fire("PARSE_COMPLETE",[object XPCWrappedNative_NoHelper],[object HTMLDocument])
  ->  [aptEventHandler.js:337] observe([object XPCWrappedNative_NoHelper],"jaxerEvent.HTMLParseComplete",null)
paths:
  -> file:///E:/Aptana%20Jaxer%20Apache/Jaxer/Apache2-4Build/jaxer/framework/src/ModuleLogger.js
  -> file:///E:/Aptana%20Jaxer%20Apache/Jaxer/Apache2-4Build/jaxer/framework/src/CoreEvents.js
  -> file:///E:/Aptana%20Jaxer%20Apache/Jaxer/Apache2-4Build/jaxer/components/aptEventHandler.js

01:13:16 12/24/2025 [ 32928] [TRACE] [JS Framework] [CoreEvents.fireEvent] Firing an event for HANDLE_PAGE
stack:
  ->  [ModuleLogger.js:98] trace("Firing an event for HANDLE_PAGE")
  ->  [CoreEvents.js:282] fireEvent("HANDLE_PAGE",[object Array])
  ->  [CoreEvents.js:234] fire("PARSE_COMPLETE",[object XPCWrappedNative_NoHelper],[object HTMLDocument])
  ->  [aptEventHandler.js:337] observe([object XPCWrappedNative_NoHelper],"jaxerEvent.HTMLParseComplete",null)
paths:
  -> file:///E:/Aptana%20Jaxer%20Apache/Jaxer/Apache2-4Build/jaxer/framework/src/ModuleLogger.js
  -> file:///E:/Aptana%20Jaxer%20Apache/Jaxer/Apache2-4Build/jaxer/framework/src/CoreEvents.js
  -> file:///E:/Aptana%20Jaxer%20Apache/Jaxer/Apache2-4Build/jaxer/components/aptEventHandler.js

01:13:16 12/24/2025 [ 32928] [TRACE] [JS Framework] [CoreEvents.fireEvent] Calling event handler: function onHandlePage(evt, doc) {
    if (checkErrors(doc)) ...
stack:
  ->  [ModuleLogger.js:98] trace("Calling event handler: function onHandlePage(evt, doc) {\n    if (checkErrors(doc)) ...")
  ->  [CoreEvents.js:292] fireEvent("HANDLE_PAGE",[object Array])
  ->  [CoreEvents.js:234] fire("PARSE_COMPLETE",[object XPCWrappedNative_NoHelper],[object HTMLDocument])
  ->  [aptEventHandler.js:337] observe([object XPCWrappedNative_NoHelper],"jaxerEvent.HTMLParseComplete",null)
paths:
  -> file:///E:/Aptana%20Jaxer%20Apache/Jaxer/Apache2-4Build/jaxer/framework/src/ModuleLogger.js
  -> file:///E:/Aptana%20Jaxer%20Apache/Jaxer/Apache2-4Build/jaxer/framework/src/CoreEvents.js
  -> file:///E:/Aptana%20Jaxer%20Apache/Jaxer/Apache2-4Build/jaxer/components/aptEventHandler.js

01:13:16 12/24/2025 [ 32928] [TRACE] [JS Framework] [HandlePage.onHandlePage] Processing onserverload with doc = [object HTMLDocument]
stack:
  ->  [ModuleLogger.js:98] trace("Processing onserverload with doc = [object HTMLDocument]")
  ->  [HandlePage.js:58] onHandlePage([object XPCWrappedNative_NoHelper],[object HTMLDocument])
  ->  [CoreEvents.js:293] fireEvent("HANDLE_PAGE",[object Array])
  ->  [CoreEvents.js:234] fire("PARSE_COMPLETE",[object XPCWrappedNative_NoHelper],[object HTMLDocument])
  ->  [aptEventHandler.js:337] observe([object XPCWrappedNative_NoHelper],"jaxerEvent.HTMLParseComplete",null)
paths:
  -> file:///E:/Aptana%20Jaxer%20Apache/Jaxer/Apache2-4Build/jaxer/framework/src/ModuleLogger.js
  -> file:///E:/Aptana%20Jaxer%20Apache/Jaxer/Apache2-4Build/jaxer/framework/src/HandlePage.js
  -> file:///E:/Aptana%20Jaxer%20Apache/Jaxer/Apache2-4Build/jaxer/framework/src/CoreEvents.js
  -> file:///E:/Aptana%20Jaxer%20Apache/Jaxer/Apache2-4Build/jaxer/components/aptEventHandler.js

01:13:16 12/24/2025 [ 32928] [TRACE] [JS Framework] [HandlePage.processLoadEvent] Processing load event 'serverload' with doc = [object HTMLDocument]
stack:
  ->  [ModuleLogger.js:98] trace("Processing load event 'serverload' with doc = [object HTMLDocument]")
  ->  [HandlePage.js:258] processLoadEvent("serverload",[object HTMLDocument],true)
  ->  [HandlePage.js:222] processOnServerLoad([object HTMLDocument])
  ->  [HandlePage.js:59] onHandlePage([object XPCWrappedNative_NoHelper],[object HTMLDocument])
  ->  [CoreEvents.js:293] fireEvent("HANDLE_PAGE",[object Array])
  ->  [CoreEvents.js:234] fire("PARSE_COMPLETE",[object XPCWrappedNative_NoHelper],[object HTMLDocument])
  ->  [aptEventHandler.js:337] observe([object XPCWrappedNative_NoHelper],"jaxerEvent.HTMLParseComplete",null)
paths:
  -> file:///E:/Aptana%20Jaxer%20Apache/Jaxer/Apache2-4Build/jaxer/framework/src/ModuleLogger.js
  -> file:///E:/Aptana%20Jaxer%20Apache/Jaxer/Apache2-4Build/jaxer/framework/src/HandlePage.js
  -> file:///E:/Aptana%20Jaxer%20Apache/Jaxer/Apache2-4Build/jaxer/framework/src/CoreEvents.js
  -> file:///E:/Aptana%20Jaxer%20Apache/Jaxer/Apache2-4Build/jaxer/components/aptEventHandler.js

01:13:16 12/24/2025 [ 32928] [TRACE] [JS Framework] [HandlePage.processLoadEvent] Processing load event 'load' with doc = [object HTMLDocument]
stack:
  ->  [ModuleLogger.js:98] trace("Processing load event 'load' with doc = [object HTMLDocument]")
  ->  [HandlePage.js:258] processLoadEvent("load",[object HTMLDocument],false)
  ->  [HandlePage.js:227] processOnServerLoad([object HTMLDocument])
  ->  [HandlePage.js:59] onHandlePage([object XPCWrappedNative_NoHelper],[object HTMLDocument])
  ->  [CoreEvents.js:293] fireEvent("HANDLE_PAGE",[object Array])
  ->  [CoreEvents.js:234] fire("PARSE_COMPLETE",[object XPCWrappedNative_NoHelper],[object HTMLDocument])
  ->  [aptEventHandler.js:337] observe([object XPCWrappedNative_NoHelper],"jaxerEvent.HTMLParseComplete",null)
paths:
  -> file:///E:/Aptana%20Jaxer%20Apache/Jaxer/Apache2-4Build/jaxer/framework/src/ModuleLogger.js
  -> file:///E:/Aptana%20Jaxer%20Apache/Jaxer/Apache2-4Build/jaxer/framework/src/HandlePage.js
  -> file:///E:/Aptana%20Jaxer%20Apache/Jaxer/Apache2-4Build/jaxer/framework/src/CoreEvents.js
  -> file:///E:/Aptana%20Jaxer%20Apache/Jaxer/Apache2-4Build/jaxer/components/aptEventHandler.js

01:13:16 12/24/2025 [ 32928] [DEBUG] [JS Framework] [HandlePage.onHandlePage] Script processing starting
stack:
  ->  [ModuleLogger.js:98] debug("Script processing starting")
  ->  [HandlePage.js:62] onHandlePage([object XPCWrappedNative_NoHelper],[object HTMLDocument])
  ->  [CoreEvents.js:293] fireEvent("HANDLE_PAGE",[object Array])
  ->  [CoreEvents.js:234] fire("PARSE_COMPLETE",[object XPCWrappedNative_NoHelper],[object HTMLDocument])
  ->  [aptEventHandler.js:337] observe([object XPCWrappedNative_NoHelper],"jaxerEvent.HTMLParseComplete",null)
paths:
  -> file:///E:/Aptana%20Jaxer%20Apache/Jaxer/Apache2-4Build/jaxer/framework/src/ModuleLogger.js
  -> file:///E:/Aptana%20Jaxer%20Apache/Jaxer/Apache2-4Build/jaxer/framework/src/HandlePage.js
  -> file:///E:/Aptana%20Jaxer%20Apache/Jaxer/Apache2-4Build/jaxer/framework/src/CoreEvents.js
  -> file:///E:/Aptana%20Jaxer%20Apache/Jaxer/Apache2-4Build/jaxer/components/aptEventHandler.js

01:13:16 12/24/2025 [ 32928] [DEBUG] [JS Framework] [CallbackManager.processScriptElements] Found 5 script blocks to conditionally post-process
stack:
  ->  [ModuleLogger.js:98] debug("Found 5 script blocks to conditionally post-process")
  ->  [CallbackManager.js:505] processScriptElements([object Object])
  ->  [CallbackManager.js:67] processCallbacks([object HTMLDocument])
  ->  [HandlePage.js:63] onHandlePage([object XPCWrappedNative_NoHelper],[object HTMLDocument])
  ->  [CoreEvents.js:293] fireEvent("HANDLE_PAGE",[object Array])
  ->  [CoreEvents.js:234] fire("PARSE_COMPLETE",[object XPCWrappedNative_NoHelper],[object HTMLDocument])
  ->  [aptEventHandler.js:337] observe([object XPCWrappedNative_NoHelper],"jaxerEvent.HTMLParseComplete",null)
paths:
  -> file:///E:/Aptana%20Jaxer%20Apache/Jaxer/Apache2-4Build/jaxer/framework/src/ModuleLogger.js
  -> file:///E:/Aptana%20Jaxer%20Apache/Jaxer/Apache2-4Build/jaxer/framework/src/CallbackManager.js
  -> file:///E:/Aptana%20Jaxer%20Apache/Jaxer/Apache2-4Build/jaxer/framework/src/HandlePage.js
  -> file:///E:/Aptana%20Jaxer%20Apache/Jaxer/Apache2-4Build/jaxer/framework/src/CoreEvents.js
  -> file:///E:/Aptana%20Jaxer%20Apache/Jaxer/Apache2-4Build/jaxer/components/aptEventHandler.js

01:13:16 12/24/2025 [ 32928] [DEBUG] [JS Framework] [ScriptProcessor.process] Post-processing script block with no src and runat='server' and contents='

//			Jaxer.response.setClientFramework('/jaxer/framework/clientFramework.js?cachebuster='+Math.ran...'
stack:
  ->  [ModuleLogger.js:98] debug("Post-processing script block with no src and runat='server' and contents='\n\n//\t\t\tJaxer.response.setClientFramework('/jaxer/framework/clientFramework.js?cachebuster='+Math.ran...'")
  ->  [ScriptProcessor.js:280] process()
  ->  [CallbackManager.js:511] processElement([object HTMLScriptElement],0,[object Array])
  ->  [CallbackManager.js:509] processScriptElements([object Object])
  ->  [CallbackManager.js:67] processCallbacks([object HTMLDocument])
  ->  [HandlePage.js:63] onHandlePage([object XPCWrappedNative_NoHelper],[object HTMLDocument])
  ->  [CoreEvents.js:293] fireEvent("HANDLE_PAGE",[object Array])
  ->  [CoreEvents.js:234] fire("PARSE_COMPLETE",[object XPCWrappedNative_NoHelper],[object HTMLDocument])
  ->  [aptEventHandler.js:337] observe([object XPCWrappedNative_NoHelper],"jaxerEvent.HTMLParseComplete",null)
paths:
  -> file:///E:/Aptana%20Jaxer%20Apache/Jaxer/Apache2-4Build/jaxer/framework/src/ModuleLogger.js
  -> file:///E:/Aptana%20Jaxer%20Apache/Jaxer/Apache2-4Build/jaxer/framework/src/ScriptProcessor.js
  -> file:///E:/Aptana%20Jaxer%20Apache/Jaxer/Apache2-4Build/jaxer/framework/src/CallbackManager.js
  -> file:///E:/Aptana%20Jaxer%20Apache/Jaxer/Apache2-4Build/jaxer/framework/src/HandlePage.js
  -> file:///E:/Aptana%20Jaxer%20Apache/Jaxer/Apache2-4Build/jaxer/framework/src/CoreEvents.js
  -> file:///E:/Aptana%20Jaxer%20Apache/Jaxer/Apache2-4Build/jaxer/components/aptEventHandler.js

01:13:16 12/24/2025 [ 32928] [DEBUG] [JS Framework] [ScriptProcessor.process] Found 8 functions to process
stack:
  ->  [ModuleLogger.js:98] debug("Found 8 functions to process")
  ->  [ScriptProcessor.js:284] process()
  ->  [CallbackManager.js:511] processElement([object HTMLScriptElement],0,[object Array])
  ->  [CallbackManager.js:509] processScriptElements([object Object])
  ->  [CallbackManager.js:67] processCallbacks([object HTMLDocument])
  ->  [HandlePage.js:63] onHandlePage([object XPCWrappedNative_NoHelper],[object HTMLDocument])
  ->  [CoreEvents.js:293] fireEvent("HANDLE_PAGE",[object Array])
  ->  [CoreEvents.js:234] fire("PARSE_COMPLETE",[object XPCWrappedNative_NoHelper],[object HTMLDocument])
  ->  [aptEventHandler.js:337] observe([object XPCWrappedNative_NoHelper],"jaxerEvent.HTMLParseComplete",null)
paths:
  -> file:///E:/Aptana%20Jaxer%20Apache/Jaxer/Apache2-4Build/jaxer/framework/src/ModuleLogger.js
  -> file:///E:/Aptana%20Jaxer%20Apache/Jaxer/Apache2-4Build/jaxer/framework/src/ScriptProcessor.js
  -> file:///E:/Aptana%20Jaxer%20Apache/Jaxer/Apache2-4Build/jaxer/framework/src/CallbackManager.js
  -> file:///E:/Aptana%20Jaxer%20Apache/Jaxer/Apache2-4Build/jaxer/framework/src/HandlePage.js
  -> file:///E:/Aptana%20Jaxer%20Apache/Jaxer/Apache2-4Build/jaxer/framework/src/CoreEvents.js
  -> file:///E:/Aptana%20Jaxer%20Apache/Jaxer/Apache2-4Build/jaxer/components/aptEventHandler.js

01:13:16 12/24/2025 [ 32928] [TRACE] [JS Framework] [ScriptProcessor.process] Processing function 'findTestcasesInFolder' with runat=server, proxy=false, effectiveRunat=server
stack:
  ->  [ModuleLogger.js:98] trace("Processing function 'findTestcasesInFolder' with runat=server, proxy=false, effectiveRunat=server")
  ->  [ScriptProcessor.js:307] process()
  ->  [CallbackManager.js:511] processElement([object HTMLScriptElement],0,[object Array])
  ->  [CallbackManager.js:509] processScriptElements([object Object])
  ->  [CallbackManager.js:67] processCallbacks([object HTMLDocument])
  ->  [HandlePage.js:63] onHandlePage([object XPCWrappedNative_NoHelper],[object HTMLDocument])
  ->  [CoreEvents.js:293] fireEvent("HANDLE_PAGE",[object Array])
  ->  [CoreEvents.js:234] fire("PARSE_COMPLETE",[object XPCWrappedNative_NoHelper],[object HTMLDocument])
  ->  [aptEventHandler.js:337] observe([object XPCWrappedNative_NoHelper],"jaxerEvent.HTMLParseComplete",null)
paths:
  -> file:///E:/Aptana%20Jaxer%20Apache/Jaxer/Apache2-4Build/jaxer/framework/src/ModuleLogger.js
  -> file:///E:/Aptana%20Jaxer%20Apache/Jaxer/Apache2-4Build/jaxer/framework/src/ScriptProcessor.js
  -> file:///E:/Aptana%20Jaxer%20Apache/Jaxer/Apache2-4Build/jaxer/framework/src/CallbackManager.js
  -> file:///E:/Aptana%20Jaxer%20Apache/Jaxer/Apache2-4Build/jaxer/framework/src/HandlePage.js
  -> file:///E:/Aptana%20Jaxer%20Apache/Jaxer/Apache2-4Build/jaxer/framework/src/CoreEvents.js
  -> file:///E:/Aptana%20Jaxer%20Apache/Jaxer/Apache2-4Build/jaxer/components/aptEventHandler.js

01:13:16 12/24/2025 [ 32928] [TRACE] [JS Framework] [ScriptProcessor.process] Processing function 'findLibraryInFolder' with runat=server, proxy=false, effectiveRunat=server
stack:
  ->  [ModuleLogger.js:98] trace("Processing function 'findLibraryInFolder' with runat=server, proxy=false, effectiveRunat=server")
  ->  [ScriptProcessor.js:307] process()
  ->  [CallbackManager.js:511] processElement([object HTMLScriptElement],0,[object Array])
  ->  [CallbackManager.js:509] processScriptElements([object Object])
  ->  [CallbackManager.js:67] processCallbacks([object HTMLDocument])
  ->  [HandlePage.js:63] onHandlePage([object XPCWrappedNative_NoHelper],[object HTMLDocument])
  ->  [CoreEvents.js:293] fireEvent("HANDLE_PAGE",[object Array])
  ->  [CoreEvents.js:234] fire("PARSE_COMPLETE",[object XPCWrappedNative_NoHelper],[object HTMLDocument])
  ->  [aptEventHandler.js:337] observe([object XPCWrappedNative_NoHelper],"jaxerEvent.HTMLParseComplete",null)
paths:
  -> file:///E:/Aptana%20Jaxer%20Apache/Jaxer/Apache2-4Build/jaxer/framework/src/ModuleLogger.js
  -> file:///E:/Aptana%20Jaxer%20Apache/Jaxer/Apache2-4Build/jaxer/framework/src/ScriptProcessor.js
  -> file:///E:/Aptana%20Jaxer%20Apache/Jaxer/Apache2-4Build/jaxer/framework/src/CallbackManager.js
  -> file:///E:/Aptana%20Jaxer%20Apache/Jaxer/Apache2-4Build/jaxer/framework/src/HandlePage.js
  -> file:///E:/Aptana%20Jaxer%20Apache/Jaxer/Apache2-4Build/jaxer/framework/src/CoreEvents.js
  -> file:///E:/Aptana%20Jaxer%20Apache/Jaxer/Apache2-4Build/jaxer/components/aptEventHandler.js

01:13:16 12/24/2025 [ 32928] [TRACE] [JS Framework] [ScriptProcessor.process] Processing function 'getPathInfo' with runat=server, proxy=false, effectiveRunat=server
stack:
  ->  [ModuleLogger.js:98] trace("Processing function 'getPathInfo' with runat=server, proxy=false, effectiveRunat=server")
  ->  [ScriptProcessor.js:307] process()
  ->  [CallbackManager.js:511] processElement([object HTMLScriptElement],0,[object Array])
  ->  [CallbackManager.js:509] processScriptElements([object Object])
  ->  [CallbackManager.js:67] processCallbacks([object HTMLDocument])
  ->  [HandlePage.js:63] onHandlePage([object XPCWrappedNative_NoHelper],[object HTMLDocument])
  ->  [CoreEvents.js:293] fireEvent("HANDLE_PAGE",[object Array])
  ->  [CoreEvents.js:234] fire("PARSE_COMPLETE",[object XPCWrappedNative_NoHelper],[object HTMLDocument])
  ->  [aptEventHandler.js:337] observe([object XPCWrappedNative_NoHelper],"jaxerEvent.HTMLParseComplete",null)
paths:
  -> file:///E:/Aptana%20Jaxer%20Apache/Jaxer/Apache2-4Build/jaxer/framework/src/ModuleLogger.js
  -> file:///E:/Aptana%20Jaxer%20Apache/Jaxer/Apache2-4Build/jaxer/framework/src/ScriptProcessor.js
  -> file:///E:/Aptana%20Jaxer%20Apache/Jaxer/Apache2-4Build/jaxer/framework/src/CallbackManager.js
  -> file:///E:/Aptana%20Jaxer%20Apache/Jaxer/Apache2-4Build/jaxer/framework/src/HandlePage.js
  -> file:///E:/Aptana%20Jaxer%20Apache/Jaxer/Apache2-4Build/jaxer/framework/src/CoreEvents.js
  -> file:///E:/Aptana%20Jaxer%20Apache/Jaxer/Apache2-4Build/jaxer/components/aptEventHandler.js

01:13:16 12/24/2025 [ 32928] [TRACE] [JS Framework] [ScriptProcessor.process] Processing function 'getTestcases' with runat=server, proxy=true, effectiveRunat=server-proxy
stack:
  ->  [ModuleLogger.js:98] trace("Processing function 'getTestcases' with runat=server, proxy=true, effectiveRunat=server-proxy")
  ->  [ScriptProcessor.js:307] process()
  ->  [CallbackManager.js:511] processElement([object HTMLScriptElement],0,[object Array])
  ->  [CallbackManager.js:509] processScriptElements([object Object])
  ->  [CallbackManager.js:67] processCallbacks([object HTMLDocument])
  ->  [HandlePage.js:63] onHandlePage([object XPCWrappedNative_NoHelper],[object HTMLDocument])
  ->  [CoreEvents.js:293] fireEvent("HANDLE_PAGE",[object Array])
  ->  [CoreEvents.js:234] fire("PARSE_COMPLETE",[object XPCWrappedNative_NoHelper],[object HTMLDocument])
  ->  [aptEventHandler.js:337] observe([object XPCWrappedNative_NoHelper],"jaxerEvent.HTMLParseComplete",null)
paths:
  -> file:///E:/Aptana%20Jaxer%20Apache/Jaxer/Apache2-4Build/jaxer/framework/src/ModuleLogger.js
  -> file:///E:/Aptana%20Jaxer%20Apache/Jaxer/Apache2-4Build/jaxer/framework/src/ScriptProcessor.js
  -> file:///E:/Aptana%20Jaxer%20Apache/Jaxer/Apache2-4Build/jaxer/framework/src/CallbackManager.js
  -> file:///E:/Aptana%20Jaxer%20Apache/Jaxer/Apache2-4Build/jaxer/framework/src/HandlePage.js
  -> file:///E:/Aptana%20Jaxer%20Apache/Jaxer/Apache2-4Build/jaxer/framework/src/CoreEvents.js
  -> file:///E:/Aptana%20Jaxer%20Apache/Jaxer/Apache2-4Build/jaxer/components/aptEventHandler.js

01:13:16 12/24/2025 [ 32928] [TRACE] [JS Framework] [ScriptProcessor.process] Processing function 'getLibraries' with runat=server, proxy=true, effectiveRunat=server-proxy
stack:
  ->  [ModuleLogger.js:98] trace("Processing function 'getLibraries' with runat=server, proxy=true, effectiveRunat=server-proxy")
  ->  [ScriptProcessor.js:307] process()
  ->  [CallbackManager.js:511] processElement([object HTMLScriptElement],0,[object Array])
  ->  [CallbackManager.js:509] processScriptElements([object Object])
  ->  [CallbackManager.js:67] processCallbacks([object HTMLDocument])
  ->  [HandlePage.js:63] onHandlePage([object XPCWrappedNative_NoHelper],[object HTMLDocument])
  ->  [CoreEvents.js:293] fireEvent("HANDLE_PAGE",[object Array])
  ->  [CoreEvents.js:234] fire("PARSE_COMPLETE",[object XPCWrappedNative_NoHelper],[object HTMLDocument])
  ->  [aptEventHandler.js:337] observe([object XPCWrappedNative_NoHelper],"jaxerEvent.HTMLParseComplete",null)
paths:
  -> file:///E:/Aptana%20Jaxer%20Apache/Jaxer/Apache2-4Build/jaxer/framework/src/ModuleLogger.js
  -> file:///E:/Aptana%20Jaxer%20Apache/Jaxer/Apache2-4Build/jaxer/framework/src/ScriptProcessor.js
  -> file:///E:/Aptana%20Jaxer%20Apache/Jaxer/Apache2-4Build/jaxer/framework/src/CallbackManager.js
  -> file:///E:/Aptana%20Jaxer%20Apache/Jaxer/Apache2-4Build/jaxer/framework/src/HandlePage.js
  -> file:///E:/Aptana%20Jaxer%20Apache/Jaxer/Apache2-4Build/jaxer/framework/src/CoreEvents.js
  -> file:///E:/Aptana%20Jaxer%20Apache/Jaxer/Apache2-4Build/jaxer/components/aptEventHandler.js

01:13:16 12/24/2025 [ 32928] [TRACE] [JS Framework] [ScriptProcessor.process] Processing function 'writeToFile' with runat=server, proxy=true, effectiveRunat=server-proxy
stack:
  ->  [ModuleLogger.js:98] trace("Processing function 'writeToFile' with runat=server, proxy=true, effectiveRunat=server-proxy")
  ->  [ScriptProcessor.js:307] process()
  ->  [CallbackManager.js:511] processElement([object HTMLScriptElement],0,[object Array])
  ->  [CallbackManager.js:509] processScriptElements([object Object])
  ->  [CallbackManager.js:67] processCallbacks([object HTMLDocument])
  ->  [HandlePage.js:63] onHandlePage([object XPCWrappedNative_NoHelper],[object HTMLDocument])
  ->  [CoreEvents.js:293] fireEvent("HANDLE_PAGE",[object Array])
  ->  [CoreEvents.js:234] fire("PARSE_COMPLETE",[object XPCWrappedNative_NoHelper],[object HTMLDocument])
  ->  [aptEventHandler.js:337] observe([object XPCWrappedNative_NoHelper],"jaxerEvent.HTMLParseComplete",null)
paths:
  -> file:///E:/Aptana%20Jaxer%20Apache/Jaxer/Apache2-4Build/jaxer/framework/src/ModuleLogger.js
  -> file:///E:/Aptana%20Jaxer%20Apache/Jaxer/Apache2-4Build/jaxer/framework/src/ScriptProcessor.js
  -> file:///E:/Aptana%20Jaxer%20Apache/Jaxer/Apache2-4Build/jaxer/framework/src/CallbackManager.js
  -> file:///E:/Aptana%20Jaxer%20Apache/Jaxer/Apache2-4Build/jaxer/framework/src/HandlePage.js
  -> file:///E:/Aptana%20Jaxer%20Apache/Jaxer/Apache2-4Build/jaxer/framework/src/CoreEvents.js
  -> file:///E:/Aptana%20Jaxer%20Apache/Jaxer/Apache2-4Build/jaxer/components/aptEventHandler.js

01:13:16 12/24/2025 [ 32928] [TRACE] [JS Framework] [ScriptProcessor.process] Processing function 'setLogLevel' with runat=server, proxy=true, effectiveRunat=server-proxy
stack:
  ->  [ModuleLogger.js:98] trace("Processing function 'setLogLevel' with runat=server, proxy=true, effectiveRunat=server-proxy")
  ->  [ScriptProcessor.js:307] process()
  ->  [CallbackManager.js:511] processElement([object HTMLScriptElement],0,[object Array])
  ->  [CallbackManager.js:509] processScriptElements([object Object])
  ->  [CallbackManager.js:67] processCallbacks([object HTMLDocument])
  ->  [HandlePage.js:63] onHandlePage([object XPCWrappedNative_NoHelper],[object HTMLDocument])
  ->  [CoreEvents.js:293] fireEvent("HANDLE_PAGE",[object Array])
  ->  [CoreEvents.js:234] fire("PARSE_COMPLETE",[object XPCWrappedNative_NoHelper],[object HTMLDocument])
  ->  [aptEventHandler.js:337] observe([object XPCWrappedNative_NoHelper],"jaxerEvent.HTMLParseComplete",null)
paths:
  -> file:///E:/Aptana%20Jaxer%20Apache/Jaxer/Apache2-4Build/jaxer/framework/src/ModuleLogger.js
  -> file:///E:/Aptana%20Jaxer%20Apache/Jaxer/Apache2-4Build/jaxer/framework/src/ScriptProcessor.js
  -> file:///E:/Aptana%20Jaxer%20Apache/Jaxer/Apache2-4Build/jaxer/framework/src/CallbackManager.js
  -> file:///E:/Aptana%20Jaxer%20Apache/Jaxer/Apache2-4Build/jaxer/framework/src/HandlePage.js
  -> file:///E:/Aptana%20Jaxer%20Apache/Jaxer/Apache2-4Build/jaxer/framework/src/CoreEvents.js
  -> file:///E:/Aptana%20Jaxer%20Apache/Jaxer/Apache2-4Build/jaxer/components/aptEventHandler.js

01:13:16 12/24/2025 [ 32928] [TRACE] [JS Framework] [ScriptProcessor.process] Processing function 'prepareDom' with runat=server, proxy=false, effectiveRunat=server
stack:
  ->  [ModuleLogger.js:98] trace("Processing function 'prepareDom' with runat=server, proxy=false, effectiveRunat=server")
  ->  [ScriptProcessor.js:307] process()
  ->  [CallbackManager.js:511] processElement([object HTMLScriptElement],0,[object Array])
  ->  [CallbackManager.js:509] processScriptElements([object Object])
  ->  [CallbackManager.js:67] processCallbacks([object HTMLDocument])
  ->  [HandlePage.js:63] onHandlePage([object XPCWrappedNative_NoHelper],[object HTMLDocument])
  ->  [CoreEvents.js:293] fireEvent("HANDLE_PAGE",[object Array])
  ->  [CoreEvents.js:234] fire("PARSE_COMPLETE",[object XPCWrappedNative_NoHelper],[object HTMLDocument])
  ->  [aptEventHandler.js:337] observe([object XPCWrappedNative_NoHelper],"jaxerEvent.HTMLParseComplete",null)
paths:
  -> file:///E:/Aptana%20Jaxer%20Apache/Jaxer/Apache2-4Build/jaxer/framework/src/ModuleLogger.js
  -> file:///E:/Aptana%20Jaxer%20Apache/Jaxer/Apache2-4Build/jaxer/framework/src/ScriptProcessor.js
  -> file:///E:/Aptana%20Jaxer%20Apache/Jaxer/Apache2-4Build/jaxer/framework/src/CallbackManager.js
  -> file:///E:/Aptana%20Jaxer%20Apache/Jaxer/Apache2-4Build/jaxer/framework/src/HandlePage.js
  -> file:///E:/Aptana%20Jaxer%20Apache/Jaxer/Apache2-4Build/jaxer/framework/src/CoreEvents.js
  -> file:///E:/Aptana%20Jaxer%20Apache/Jaxer/Apache2-4Build/jaxer/components/aptEventHandler.js

01:13:16 12/24/2025 [ 32928] [DEBUG] [JS Framework] [ScriptProcessor.process] Post-processing script block with no src and runat='both' and contents='
			function $(id) { return document.getElementById(id); }
		'
stack:
  ->  [ModuleLogger.js:98] debug("Post-processing script block with no src and runat='both' and contents='\n\t\t\tfunction $(id) { return document.getElementById(id); }\n\t\t'")
  ->  [ScriptProcessor.js:280] process()
  ->  [CallbackManager.js:511] processElement([object HTMLScriptElement],1,[object Array])
  ->  [CallbackManager.js:509] processScriptElements([object Object])
  ->  [CallbackManager.js:67] processCallbacks([object HTMLDocument])
  ->  [HandlePage.js:63] onHandlePage([object XPCWrappedNative_NoHelper],[object HTMLDocument])
  ->  [CoreEvents.js:293] fireEvent("HANDLE_PAGE",[object Array])
  ->  [CoreEvents.js:234] fire("PARSE_COMPLETE",[object XPCWrappedNative_NoHelper],[object HTMLDocument])
  ->  [aptEventHandler.js:337] observe([object XPCWrappedNative_NoHelper],"jaxerEvent.HTMLParseComplete",null)
paths:
  -> file:///E:/Aptana%20Jaxer%20Apache/Jaxer/Apache2-4Build/jaxer/framework/src/ModuleLogger.js
  -> file:///E:/Aptana%20Jaxer%20Apache/Jaxer/Apache2-4Build/jaxer/framework/src/ScriptProcessor.js
  -> file:///E:/Aptana%20Jaxer%20Apache/Jaxer/Apache2-4Build/jaxer/framework/src/CallbackManager.js
  -> file:///E:/Aptana%20Jaxer%20Apache/Jaxer/Apache2-4Build/jaxer/framework/src/HandlePage.js
  -> file:///E:/Aptana%20Jaxer%20Apache/Jaxer/Apache2-4Build/jaxer/framework/src/CoreEvents.js
  -> file:///E:/Aptana%20Jaxer%20Apache/Jaxer/Apache2-4Build/jaxer/components/aptEventHandler.js

01:13:16 12/24/2025 [ 32928] [DEBUG] [JS Framework] [ScriptProcessor.process] Found 1 functions to process
stack:
  ->  [ModuleLogger.js:98] debug("Found 1 functions to process")
  ->  [ScriptProcessor.js:284] process()
  ->  [CallbackManager.js:511] processElement([object HTMLScriptElement],1,[object Array])
  ->  [CallbackManager.js:509] processScriptElements([object Object])
  ->  [CallbackManager.js:67] processCallbacks([object HTMLDocument])
  ->  [HandlePage.js:63] onHandlePage([object XPCWrappedNative_NoHelper],[object HTMLDocument])
  ->  [CoreEvents.js:293] fireEvent("HANDLE_PAGE",[object Array])
  ->  [CoreEvents.js:234] fire("PARSE_COMPLETE",[object XPCWrappedNative_NoHelper],[object HTMLDocument])
  ->  [aptEventHandler.js:337] observe([object XPCWrappedNative_NoHelper],"jaxerEvent.HTMLParseComplete",null)
paths:
  -> file:///E:/Aptana%20Jaxer%20Apache/Jaxer/Apache2-4Build/jaxer/framework/src/ModuleLogger.js
  -> file:///E:/Aptana%20Jaxer%20Apache/Jaxer/Apache2-4Build/jaxer/framework/src/ScriptProcessor.js
  -> file:///E:/Aptana%20Jaxer%20Apache/Jaxer/Apache2-4Build/jaxer/framework/src/CallbackManager.js
  -> file:///E:/Aptana%20Jaxer%20Apache/Jaxer/Apache2-4Build/jaxer/framework/src/HandlePage.js
  -> file:///E:/Aptana%20Jaxer%20Apache/Jaxer/Apache2-4Build/jaxer/framework/src/CoreEvents.js
  -> file:///E:/Aptana%20Jaxer%20Apache/Jaxer/Apache2-4Build/jaxer/components/aptEventHandler.js

01:13:16 12/24/2025 [ 32928] [TRACE] [JS Framework] [ScriptProcessor.process] Processing function '$' with runat=both, proxy=false, effectiveRunat=both
stack:
  ->  [ModuleLogger.js:98] trace("Processing function '$' with runat=both, proxy=false, effectiveRunat=both")
  ->  [ScriptProcessor.js:307] process()
  ->  [CallbackManager.js:511] processElement([object HTMLScriptElement],1,[object Array])
  ->  [CallbackManager.js:509] processScriptElements([object Object])
  ->  [CallbackManager.js:67] processCallbacks([object HTMLDocument])
  ->  [HandlePage.js:63] onHandlePage([object XPCWrappedNative_NoHelper],[object HTMLDocument])
  ->  [CoreEvents.js:293] fireEvent("HANDLE_PAGE",[object Array])
  ->  [CoreEvents.js:234] fire("PARSE_COMPLETE",[object XPCWrappedNative_NoHelper],[object HTMLDocument])
  ->  [aptEventHandler.js:337] observe([object XPCWrappedNative_NoHelper],"jaxerEvent.HTMLParseComplete",null)
paths:
  -> file:///E:/Aptana%20Jaxer%20Apache/Jaxer/Apache2-4Build/jaxer/framework/src/ModuleLogger.js
  -> file:///E:/Aptana%20Jaxer%20Apache/Jaxer/Apache2-4Build/jaxer/framework/src/ScriptProcessor.js
  -> file:///E:/Aptana%20Jaxer%20Apache/Jaxer/Apache2-4Build/jaxer/framework/src/CallbackManager.js
  -> file:///E:/Aptana%20Jaxer%20Apache/Jaxer/Apache2-4Build/jaxer/framework/src/HandlePage.js
  -> file:///E:/Aptana%20Jaxer%20Apache/Jaxer/Apache2-4Build/jaxer/framework/src/CoreEvents.js
  -> file:///E:/Aptana%20Jaxer%20Apache/Jaxer/Apache2-4Build/jaxer/components/aptEventHandler.js

01:13:16 12/24/2025 [ 32928] [DEBUG] [JS Framework] [ScriptProcessor.apply] This script block will be sent to the browser
stack:
  ->  [ModuleLogger.js:98] debug("This script block will be sent to the browser")
  ->  [ScriptProcessor.js:342] apply()
  ->  [CallbackManager.js:537] postProcess([object Object],0,[object Array])
  ->  [CallbackManager.js:519] processScriptElements([object Object])
  ->  [CallbackManager.js:67] processCallbacks([object HTMLDocument])
  ->  [HandlePage.js:63] onHandlePage([object XPCWrappedNative_NoHelper],[object HTMLDocument])
  ->  [CoreEvents.js:293] fireEvent("HANDLE_PAGE",[object Array])
  ->  [CoreEvents.js:234] fire("PARSE_COMPLETE",[object XPCWrappedNative_NoHelper],[object HTMLDocument])
  ->  [aptEventHandler.js:337] observe([object XPCWrappedNative_NoHelper],"jaxerEvent.HTMLParseComplete",null)
paths:
  -> file:///E:/Aptana%20Jaxer%20Apache/Jaxer/Apache2-4Build/jaxer/framework/src/ModuleLogger.js
  -> file:///E:/Aptana%20Jaxer%20Apache/Jaxer/Apache2-4Build/jaxer/framework/src/ScriptProcessor.js
  -> file:///E:/Aptana%20Jaxer%20Apache/Jaxer/Apache2-4Build/jaxer/framework/src/CallbackManager.js
  -> file:///E:/Aptana%20Jaxer%20Apache/Jaxer/Apache2-4Build/jaxer/framework/src/HandlePage.js
  -> file:///E:/Aptana%20Jaxer%20Apache/Jaxer/Apache2-4Build/jaxer/framework/src/CoreEvents.js
  -> file:///E:/Aptana%20Jaxer%20Apache/Jaxer/Apache2-4Build/jaxer/components/aptEventHandler.js

01:13:16 12/24/2025 [ 32928] [DEBUG] [JS Framework] [ScriptProcessor.apply] This script block will be sent to the browser
stack:
  ->  [ModuleLogger.js:98] debug("This script block will be sent to the browser")
  ->  [ScriptProcessor.js:342] apply()
  ->  [CallbackManager.js:537] postProcess([object Object],1,[object Array])
  ->  [CallbackManager.js:519] processScriptElements([object Object])
  ->  [CallbackManager.js:67] processCallbacks([object HTMLDocument])
  ->  [HandlePage.js:63] onHandlePage([object XPCWrappedNative_NoHelper],[object HTMLDocument])
  ->  [CoreEvents.js:293] fireEvent("HANDLE_PAGE",[object Array])
  ->  [CoreEvents.js:234] fire("PARSE_COMPLETE",[object XPCWrappedNative_NoHelper],[object HTMLDocument])
  ->  [aptEventHandler.js:337] observe([object XPCWrappedNative_NoHelper],"jaxerEvent.HTMLParseComplete",null)
paths:
  -> file:///E:/Aptana%20Jaxer%20Apache/Jaxer/Apache2-4Build/jaxer/framework/src/ModuleLogger.js
  -> file:///E:/Aptana%20Jaxer%20Apache/Jaxer/Apache2-4Build/jaxer/framework/src/ScriptProcessor.js
  -> file:///E:/Aptana%20Jaxer%20Apache/Jaxer/Apache2-4Build/jaxer/framework/src/CallbackManager.js
  -> file:///E:/Aptana%20Jaxer%20Apache/Jaxer/Apache2-4Build/jaxer/framework/src/HandlePage.js
  -> file:///E:/Aptana%20Jaxer%20Apache/Jaxer/Apache2-4Build/jaxer/framework/src/CoreEvents.js
  -> file:///E:/Aptana%20Jaxer%20Apache/Jaxer/Apache2-4Build/jaxer/components/aptEventHandler.js

01:13:16 12/24/2025 [ 32928] [TRACE] [JS Framework] [CallbackManager.cacheServerFunctions] Going to cache 9 functions...
stack:
  ->  [ModuleLogger.js:98] trace("Going to cache 9 functions...")
  ->  [CallbackManager.js:91] cacheServerFunctions([object Object])
  ->  [CallbackManager.js:73] processCallbacks([object HTMLDocument])
  ->  [HandlePage.js:63] onHandlePage([object XPCWrappedNative_NoHelper],[object HTMLDocument])
  ->  [CoreEvents.js:293] fireEvent("HANDLE_PAGE",[object Array])
  ->  [CoreEvents.js:234] fire("PARSE_COMPLETE",[object XPCWrappedNative_NoHelper],[object HTMLDocument])
  ->  [aptEventHandler.js:337] observe([object XPCWrappedNative_NoHelper],"jaxerEvent.HTMLParseComplete",null)
paths:
  -> file:///E:/Aptana%20Jaxer%20Apache/Jaxer/Apache2-4Build/jaxer/framework/src/ModuleLogger.js
  -> file:///E:/Aptana%20Jaxer%20Apache/Jaxer/Apache2-4Build/jaxer/framework/src/CallbackManager.js
  -> file:///E:/Aptana%20Jaxer%20Apache/Jaxer/Apache2-4Build/jaxer/framework/src/HandlePage.js
  -> file:///E:/Aptana%20Jaxer%20Apache/Jaxer/Apache2-4Build/jaxer/framework/src/CoreEvents.js
  -> file:///E:/Aptana%20Jaxer%20Apache/Jaxer/Apache2-4Build/jaxer/components/aptEventHandler.js

01:13:16 12/24/2025 [ 32928] [TRACE] [JS Framework] [CallbackManager.cacheServerFunctions] Saving autoloads for this page: []
stack:
  ->  [ModuleLogger.js:98] trace("Saving autoloads for this page: []")
  ->  [CallbackManager.js:167] cacheServerFunctions([object Object])
  ->  [CallbackManager.js:73] processCallbacks([object HTMLDocument])
  ->  [HandlePage.js:63] onHandlePage([object XPCWrappedNative_NoHelper],[object HTMLDocument])
  ->  [CoreEvents.js:293] fireEvent("HANDLE_PAGE",[object Array])
  ->  [CoreEvents.js:234] fire("PARSE_COMPLETE",[object XPCWrappedNative_NoHelper],[object HTMLDocument])
  ->  [aptEventHandler.js:337] observe([object XPCWrappedNative_NoHelper],"jaxerEvent.HTMLParseComplete",null)
paths:
  -> file:///E:/Aptana%20Jaxer%20Apache/Jaxer/Apache2-4Build/jaxer/framework/src/ModuleLogger.js
  -> file:///E:/Aptana%20Jaxer%20Apache/Jaxer/Apache2-4Build/jaxer/framework/src/CallbackManager.js
  -> file:///E:/Aptana%20Jaxer%20Apache/Jaxer/Apache2-4Build/jaxer/framework/src/HandlePage.js
  -> file:///E:/Aptana%20Jaxer%20Apache/Jaxer/Apache2-4Build/jaxer/framework/src/CoreEvents.js
  -> file:///E:/Aptana%20Jaxer%20Apache/Jaxer/Apache2-4Build/jaxer/components/aptEventHandler.js

01:13:16 12/24/2025 [ 32928] [TRACE] [JS Framework] [DB.SQLite.execute] Starting execute
stack:
  ->  [ModuleLogger.js:98] trace("Starting execute")
  ->  [DB_SQLite.js:302] execute("SELECT COUNT(*) FROM callback_page WHERE name = ? AND crc32 = ?",[object Array])
  ->  [DB.js:181] anonymous("SELECT COUNT(*) FROM callback_page WHERE name = ? AND crc32 = ?",[object Array])
  ->  [CallbackManager.js:179] cacheServerFunctions([object Object])
  ->  [CallbackManager.js:73] processCallbacks([object HTMLDocument])
  ->  [HandlePage.js:63] onHandlePage([object XPCWrappedNative_NoHelper],[object HTMLDocument])
  ->  [CoreEvents.js:293] fireEvent("HANDLE_PAGE",[object Array])
  ->  [CoreEvents.js:234] fire("PARSE_COMPLETE",[object XPCWrappedNative_NoHelper],[object HTMLDocument])
  ->  [aptEventHandler.js:337] observe([object XPCWrappedNative_NoHelper],"jaxerEvent.HTMLParseComplete",null)
paths:
  -> file:///E:/Aptana%20Jaxer%20Apache/Jaxer/Apache2-4Build/jaxer/framework/src/ModuleLogger.js
  -> file:///E:/Aptana%20Jaxer%20Apache/Jaxer/Apache2-4Build/jaxer/framework/src/DB_SQLite.js
  -> file:///E:/Aptana%20Jaxer%20Apache/Jaxer/Apache2-4Build/jaxer/framework/src/DB.js
  -> file:///E:/Aptana%20Jaxer%20Apache/Jaxer/Apache2-4Build/jaxer/framework/src/CallbackManager.js
  -> file:///E:/Aptana%20Jaxer%20Apache/Jaxer/Apache2-4Build/jaxer/framework/src/HandlePage.js
  -> file:///E:/Aptana%20Jaxer%20Apache/Jaxer/Apache2-4Build/jaxer/framework/src/CoreEvents.js
  -> file:///E:/Aptana%20Jaxer%20Apache/Jaxer/Apache2-4Build/jaxer/components/aptEventHandler.js

01:13:16 12/24/2025 [ 32928] [DEBUG] [JS Framework] [DB.SQLite.open] Opening connection to database: E:\Aptana Jaxer Apache\Jaxer\Apache2-4Build\jaxer\..\local_jaxer\conf\..\data\frameworkdata.sqlite
stack:
  ->  [ModuleLogger.js:98] debug("Opening connection to database: E:\\Aptana Jaxer Apache\\Jaxer\\Apache2-4Build\\jaxer\\..\\local_jaxer\\conf\\..\\data\\frameworkdata.sqlite")
  ->  [DB_SQLite.js:212] open()
  ->  [DB_SQLite.js:306] execute("SELECT COUNT(*) FROM callback_page WHERE name = ? AND crc32 = ?",[object Array])
  ->  [DB.js:181] anonymous("SELECT COUNT(*) FROM callback_page WHERE name = ? AND crc32 = ?",[object Array])
  ->  [CallbackManager.js:179] cacheServerFunctions([object Object])
  ->  [CallbackManager.js:73] processCallbacks([object HTMLDocument])
  ->  [HandlePage.js:63] onHandlePage([object XPCWrappedNative_NoHelper],[object HTMLDocument])
  ->  [CoreEvents.js:293] fireEvent("HANDLE_PAGE",[object Array])
  ->  [CoreEvents.js:234] fire("PARSE_COMPLETE",[object XPCWrappedNative_NoHelper],[object HTMLDocument])
  ->  [aptEventHandler.js:337] observe([object XPCWrappedNative_NoHelper],"jaxerEvent.HTMLParseComplete",null)
paths:
  -> file:///E:/Aptana%20Jaxer%20Apache/Jaxer/Apache2-4Build/jaxer/framework/src/ModuleLogger.js
  -> file:///E:/Aptana%20Jaxer%20Apache/Jaxer/Apache2-4Build/jaxer/framework/src/DB_SQLite.js
  -> file:///E:/Aptana%20Jaxer%20Apache/Jaxer/Apache2-4Build/jaxer/framework/src/DB.js
  -> file:///E:/Aptana%20Jaxer%20Apache/Jaxer/Apache2-4Build/jaxer/framework/src/CallbackManager.js
  -> file:///E:/Aptana%20Jaxer%20Apache/Jaxer/Apache2-4Build/jaxer/framework/src/HandlePage.js
  -> file:///E:/Aptana%20Jaxer%20Apache/Jaxer/Apache2-4Build/jaxer/framework/src/CoreEvents.js
  -> file:///E:/Aptana%20Jaxer%20Apache/Jaxer/Apache2-4Build/jaxer/components/aptEventHandler.js

01:13:16 12/24/2025 [ 32928] [TRACE] [JS Framework] [DB.SQLite.open] Tried 1 time(s) in 1 ms to open connection to SQLite database file E:\Aptana Jaxer Apache\Jaxer\Apache2-4Build\jaxer\..\local_jaxer\conf\..\data\frameworkdata.sqlite
stack:
  ->  [ModuleLogger.js:98] trace("Tried 1 time(s) in 1 ms to open connection to SQLite database file E:\\Aptana Jaxer Apache\\Jaxer\\Apache2-4Build\\jaxer\\..\\local_jaxer\\conf\\..\\data\\frameworkdata.sqlite")
  ->  [DB_SQLite.js:266] open()
  ->  [DB_SQLite.js:306] execute("SELECT COUNT(*) FROM callback_page WHERE name = ? AND crc32 = ?",[object Array])
  ->  [DB.js:181] anonymous("SELECT COUNT(*) FROM callback_page WHERE name = ? AND crc32 = ?",[object Array])
  ->  [CallbackManager.js:179] cacheServerFunctions([object Object])
  ->  [CallbackManager.js:73] processCallbacks([object HTMLDocument])
  ->  [HandlePage.js:63] onHandlePage([object XPCWrappedNative_NoHelper],[object HTMLDocument])
  ->  [CoreEvents.js:293] fireEvent("HANDLE_PAGE",[object Array])
  ->  [CoreEvents.js:234] fire("PARSE_COMPLETE",[object XPCWrappedNative_NoHelper],[object HTMLDocument])
  ->  [aptEventHandler.js:337] observe([object XPCWrappedNative_NoHelper],"jaxerEvent.HTMLParseComplete",null)
paths:
  -> file:///E:/Aptana%20Jaxer%20Apache/Jaxer/Apache2-4Build/jaxer/framework/src/ModuleLogger.js
  -> file:///E:/Aptana%20Jaxer%20Apache/Jaxer/Apache2-4Build/jaxer/framework/src/DB_SQLite.js
  -> file:///E:/Aptana%20Jaxer%20Apache/Jaxer/Apache2-4Build/jaxer/framework/src/DB.js
  -> file:///E:/Aptana%20Jaxer%20Apache/Jaxer/Apache2-4Build/jaxer/framework/src/CallbackManager.js
  -> file:///E:/Aptana%20Jaxer%20Apache/Jaxer/Apache2-4Build/jaxer/framework/src/HandlePage.js
  -> file:///E:/Aptana%20Jaxer%20Apache/Jaxer/Apache2-4Build/jaxer/framework/src/CoreEvents.js
  -> file:///E:/Aptana%20Jaxer%20Apache/Jaxer/Apache2-4Build/jaxer/components/aptEventHandler.js

01:13:16 12/24/2025 [ 32928] [DEBUG] [JS Framework] [DB.SQLite.open] Opened
stack:
  ->  [ModuleLogger.js:98] debug("Opened")
  ->  [DB_SQLite.js:268] open()
  ->  [DB_SQLite.js:306] execute("SELECT COUNT(*) FROM callback_page WHERE name = ? AND crc32 = ?",[object Array])
  ->  [DB.js:181] anonymous("SELECT COUNT(*) FROM callback_page WHERE name = ? AND crc32 = ?",[object Array])
  ->  [CallbackManager.js:179] cacheServerFunctions([object Object])
  ->  [CallbackManager.js:73] processCallbacks([object HTMLDocument])
  ->  [HandlePage.js:63] onHandlePage([object XPCWrappedNative_NoHelper],[object HTMLDocument])
  ->  [CoreEvents.js:293] fireEvent("HANDLE_PAGE",[object Array])
  ->  [CoreEvents.js:234] fire("PARSE_COMPLETE",[object XPCWrappedNative_NoHelper],[object HTMLDocument])
  ->  [aptEventHandler.js:337] observe([object XPCWrappedNative_NoHelper],"jaxerEvent.HTMLParseComplete",null)
paths:
  -> file:///E:/Aptana%20Jaxer%20Apache/Jaxer/Apache2-4Build/jaxer/framework/src/ModuleLogger.js
  -> file:///E:/Aptana%20Jaxer%20Apache/Jaxer/Apache2-4Build/jaxer/framework/src/DB_SQLite.js
  -> file:///E:/Aptana%20Jaxer%20Apache/Jaxer/Apache2-4Build/jaxer/framework/src/DB.js
  -> file:///E:/Aptana%20Jaxer%20Apache/Jaxer/Apache2-4Build/jaxer/framework/src/CallbackManager.js
  -> file:///E:/Aptana%20Jaxer%20Apache/Jaxer/Apache2-4Build/jaxer/framework/src/HandlePage.js
  -> file:///E:/Aptana%20Jaxer%20Apache/Jaxer/Apache2-4Build/jaxer/framework/src/CoreEvents.js
  -> file:///E:/Aptana%20Jaxer%20Apache/Jaxer/Apache2-4Build/jaxer/components/aptEventHandler.js

01:13:16 12/24/2025 [ 32928] [TRACE] [JS Framework] [DB.SQLite.bindAndExecute] Binding statement SELECT COUNT(*) FROM callback_page WHERE name = ? AND crc32 = ?
with params: localhost:8081/aptana/diagnostics/testRunner.html,-1745174383
stack:
  ->  [ModuleLogger.js:98] trace("Binding statement SELECT COUNT(*) FROM callback_page WHERE name = ? AND crc32 = ?\nwith params: localhost:8081/aptana/diagnostics/testRunner.html,-1745174383")
  ->  [DB_SQLite.js:512] bindAndExecute([object Object],[object XPCWrappedNative_NoHelper],"SELECT COUNT(*) FROM callback_page WHERE name = ? AND crc32 = ?",[object Array],null,[object Object])
  ->  [DB_SQLite.js:464] executeOneWithStatement([object Array],0,[object Array])
  ->  [DB_SQLite.js:456] executeWithStatement([object Object],"SELECT COUNT(*) FROM callback_page WHERE name = ? AND crc32 = ?",[object Array],[object Object])
  ->  [DB_SQLite.js:312] execute("SELECT COUNT(*) FROM callback_page WHERE name = ? AND crc32 = ?",[object Array])
  ->  [DB.js:181] anonymous("SELECT COUNT(*) FROM callback_page WHERE name = ? AND crc32 = ?",[object Array])
  ->  [CallbackManager.js:179] cacheServerFunctions([object Object])
  ->  [CallbackManager.js:73] processCallbacks([object HTMLDocument])
  ->  [HandlePage.js:63] onHandlePage([object XPCWrappedNative_NoHelper],[object HTMLDocument])
  ->  [CoreEvents.js:293] fireEvent("HANDLE_PAGE",[object Array])
  ->  [CoreEvents.js:234] fire("PARSE_COMPLETE",[object XPCWrappedNative_NoHelper],[object HTMLDocument])
  ->  [aptEventHandler.js:337] observe([object XPCWrappedNative_NoHelper],"jaxerEvent.HTMLParseComplete",null)
paths:
  -> file:///E:/Aptana%20Jaxer%20Apache/Jaxer/Apache2-4Build/jaxer/framework/src/ModuleLogger.js
  -> file:///E:/Aptana%20Jaxer%20Apache/Jaxer/Apache2-4Build/jaxer/framework/src/DB_SQLite.js
  -> file:///E:/Aptana%20Jaxer%20Apache/Jaxer/Apache2-4Build/jaxer/framework/src/DB.js
  -> file:///E:/Aptana%20Jaxer%20Apache/Jaxer/Apache2-4Build/jaxer/framework/src/CallbackManager.js
  -> file:///E:/Aptana%20Jaxer%20Apache/Jaxer/Apache2-4Build/jaxer/framework/src/HandlePage.js
  -> file:///E:/Aptana%20Jaxer%20Apache/Jaxer/Apache2-4Build/jaxer/framework/src/CoreEvents.js
  -> file:///E:/Aptana%20Jaxer%20Apache/Jaxer/Apache2-4Build/jaxer/components/aptEventHandler.js

01:13:16 12/24/2025 [ 32928] [TRACE] [JS Framework] [DB.SQLite.bindAndExecute] Tried 1 time(s) in 7 ms to execute statement on SQLite database file E:\Aptana Jaxer Apache\Jaxer\Apache2-4Build\jaxer\..\local_jaxer\conf\..\data\frameworkdata.sqlite
stack:
  ->  [ModuleLogger.js:98] trace("Tried 1 time(s) in 7 ms to execute statement on SQLite database file E:\\Aptana Jaxer Apache\\Jaxer\\Apache2-4Build\\jaxer\\..\\local_jaxer\\conf\\..\\data\\frameworkdata.sqlite")
  ->  [DB_SQLite.js:606] bindAndExecute([object Object],[object XPCWrappedNative_NoHelper],"SELECT COUNT(*) FROM callback_page WHERE name = ? AND crc32 = ?",[object Array],null,[object Object])
  ->  [DB_SQLite.js:464] executeOneWithStatement([object Array],0,[object Array])
  ->  [DB_SQLite.js:456] executeWithStatement([object Object],"SELECT COUNT(*) FROM callback_page WHERE name = ? AND crc32 = ?",[object Array],[object Object])
  ->  [DB_SQLite.js:312] execute("SELECT COUNT(*) FROM callback_page WHERE name = ? AND crc32 = ?",[object Array])
  ->  [DB.js:181] anonymous("SELECT COUNT(*) FROM callback_page WHERE name = ? AND crc32 = ?",[object Array])
  ->  [CallbackManager.js:179] cacheServerFunctions([object Object])
  ->  [CallbackManager.js:73] processCallbacks([object HTMLDocument])
  ->  [HandlePage.js:63] onHandlePage([object XPCWrappedNative_NoHelper],[object HTMLDocument])
  ->  [CoreEvents.js:293] fireEvent("HANDLE_PAGE",[object Array])
  ->  [CoreEvents.js:234] fire("PARSE_COMPLETE",[object XPCWrappedNative_NoHelper],[object HTMLDocument])
  ->  [aptEventHandler.js:337] observe([object XPCWrappedNative_NoHelper],"jaxerEvent.HTMLParseComplete",null)
paths:
  -> file:///E:/Aptana%20Jaxer%20Apache/Jaxer/Apache2-4Build/jaxer/framework/src/ModuleLogger.js
  -> file:///E:/Aptana%20Jaxer%20Apache/Jaxer/Apache2-4Build/jaxer/framework/src/DB_SQLite.js
  -> file:///E:/Aptana%20Jaxer%20Apache/Jaxer/Apache2-4Build/jaxer/framework/src/DB.js
  -> file:///E:/Aptana%20Jaxer%20Apache/Jaxer/Apache2-4Build/jaxer/framework/src/CallbackManager.js
  -> file:///E:/Aptana%20Jaxer%20Apache/Jaxer/Apache2-4Build/jaxer/framework/src/HandlePage.js
  -> file:///E:/Aptana%20Jaxer%20Apache/Jaxer/Apache2-4Build/jaxer/framework/src/CoreEvents.js
  -> file:///E:/Aptana%20Jaxer%20Apache/Jaxer/Apache2-4Build/jaxer/components/aptEventHandler.js

01:13:16 12/24/2025 [ 32928] [TRACE] [JS Framework] [DB.SQLite.bindAndExecute] Populating resultSet
stack:
  ->  [ModuleLogger.js:98] trace("Populating resultSet")
  ->  [DB_SQLite.js:624] bindAndExecute([object Object],[object XPCWrappedNative_NoHelper],"SELECT COUNT(*) FROM callback_page WHERE name = ? AND crc32 = ?",[object Array],[object Object],[object Object])
  ->  [DB_SQLite.js:464] executeOneWithStatement([object Array],0,[object Array])
  ->  [DB_SQLite.js:456] executeWithStatement([object Object],"SELECT COUNT(*) FROM callback_page WHERE name = ? AND crc32 = ?",[object Array],[object Object])
  ->  [DB_SQLite.js:312] execute("SELECT COUNT(*) FROM callback_page WHERE name = ? AND crc32 = ?",[object Array])
  ->  [DB.js:181] anonymous("SELECT COUNT(*) FROM callback_page WHERE name = ? AND crc32 = ?",[object Array])
  ->  [CallbackManager.js:179] cacheServerFunctions([object Object])
  ->  [CallbackManager.js:73] processCallbacks([object HTMLDocument])
  ->  [HandlePage.js:63] onHandlePage([object XPCWrappedNative_NoHelper],[object HTMLDocument])
  ->  [CoreEvents.js:293] fireEvent("HANDLE_PAGE",[object Array])
  ->  [CoreEvents.js:234] fire("PARSE_COMPLETE",[object XPCWrappedNative_NoHelper],[object HTMLDocument])
  ->  [aptEventHandler.js:337] observe([object XPCWrappedNative_NoHelper],"jaxerEvent.HTMLParseComplete",null)
paths:
  -> file:///E:/Aptana%20Jaxer%20Apache/Jaxer/Apache2-4Build/jaxer/framework/src/ModuleLogger.js
  -> file:///E:/Aptana%20Jaxer%20Apache/Jaxer/Apache2-4Build/jaxer/framework/src/DB_SQLite.js
  -> file:///E:/Aptana%20Jaxer%20Apache/Jaxer/Apache2-4Build/jaxer/framework/src/DB.js
  -> file:///E:/Aptana%20Jaxer%20Apache/Jaxer/Apache2-4Build/jaxer/framework/src/CallbackManager.js
  -> file:///E:/Aptana%20Jaxer%20Apache/Jaxer/Apache2-4Build/jaxer/framework/src/HandlePage.js
  -> file:///E:/Aptana%20Jaxer%20Apache/Jaxer/Apache2-4Build/jaxer/framework/src/CoreEvents.js
  -> file:///E:/Aptana%20Jaxer%20Apache/Jaxer/Apache2-4Build/jaxer/components/aptEventHandler.js

01:13:16 12/24/2025 [ 32928] [TRACE] [JS Framework] [DB.SQLite.bindAndExecute] Column 0: COUNT(*)
stack:
  ->  [ModuleLogger.js:98] trace("Column 0: COUNT(*)")
  ->  [DB_SQLite.js:627] bindAndExecute([object Object],[object XPCWrappedNative_NoHelper],"SELECT COUNT(*) FROM callback_page WHERE name = ? AND crc32 = ?",[object Array],[object Object],[object Object])
  ->  [DB_SQLite.js:464] executeOneWithStatement([object Array],0,[object Array])
  ->  [DB_SQLite.js:456] executeWithStatement([object Object],"SELECT COUNT(*) FROM callback_page WHERE name = ? AND crc32 = ?",[object Array],[object Object])
  ->  [DB_SQLite.js:312] execute("SELECT COUNT(*) FROM callback_page WHERE name = ? AND crc32 = ?",[object Array])
  ->  [DB.js:181] anonymous("SELECT COUNT(*) FROM callback_page WHERE name = ? AND crc32 = ?",[object Array])
  ->  [CallbackManager.js:179] cacheServerFunctions([object Object])
  ->  [CallbackManager.js:73] processCallbacks([object HTMLDocument])
  ->  [HandlePage.js:63] onHandlePage([object XPCWrappedNative_NoHelper],[object HTMLDocument])
  ->  [CoreEvents.js:293] fireEvent("HANDLE_PAGE",[object Array])
  ->  [CoreEvents.js:234] fire("PARSE_COMPLETE",[object XPCWrappedNative_NoHelper],[object HTMLDocument])
  ->  [aptEventHandler.js:337] observe([object XPCWrappedNative_NoHelper],"jaxerEvent.HTMLParseComplete",null)
paths:
  -> file:///E:/Aptana%20Jaxer%20Apache/Jaxer/Apache2-4Build/jaxer/framework/src/ModuleLogger.js
  -> file:///E:/Aptana%20Jaxer%20Apache/Jaxer/Apache2-4Build/jaxer/framework/src/DB_SQLite.js
  -> file:///E:/Aptana%20Jaxer%20Apache/Jaxer/Apache2-4Build/jaxer/framework/src/DB.js
  -> file:///E:/Aptana%20Jaxer%20Apache/Jaxer/Apache2-4Build/jaxer/framework/src/CallbackManager.js
  -> file:///E:/Aptana%20Jaxer%20Apache/Jaxer/Apache2-4Build/jaxer/framework/src/HandlePage.js
  -> file:///E:/Aptana%20Jaxer%20Apache/Jaxer/Apache2-4Build/jaxer/framework/src/CoreEvents.js
  -> file:///E:/Aptana%20Jaxer%20Apache/Jaxer/Apache2-4Build/jaxer/components/aptEventHandler.js

01:13:16 12/24/2025 [ 32928] [TRACE] [JS Framework] [DB.SQLite.bindAndExecute] Tried 1 time(s) in 0 ms to execute statement on SQLite database file E:\Aptana Jaxer Apache\Jaxer\Apache2-4Build\jaxer\..\local_jaxer\conf\..\data\frameworkdata.sqlite
stack:
  ->  [ModuleLogger.js:98] trace("Tried 1 time(s) in 0 ms to execute statement on SQLite database file E:\\Aptana Jaxer Apache\\Jaxer\\Apache2-4Build\\jaxer\\..\\local_jaxer\\conf\\..\\data\\frameworkdata.sqlite")
  ->  [DB_SQLite.js:606] bindAndExecute([object Object],[object XPCWrappedNative_NoHelper],"SELECT COUNT(*) FROM callback_page WHERE name = ? AND crc32 = ?",[object Array],[object Object],[object Object])
  ->  [DB_SQLite.js:464] executeOneWithStatement([object Array],0,[object Array])
  ->  [DB_SQLite.js:456] executeWithStatement([object Object],"SELECT COUNT(*) FROM callback_page WHERE name = ? AND crc32 = ?",[object Array],[object Object])
  ->  [DB_SQLite.js:312] execute("SELECT COUNT(*) FROM callback_page WHERE name = ? AND crc32 = ?",[object Array])
  ->  [DB.js:181] anonymous("SELECT COUNT(*) FROM callback_page WHERE name = ? AND crc32 = ?",[object Array])
  ->  [CallbackManager.js:179] cacheServerFunctions([object Object])
  ->  [CallbackManager.js:73] processCallbacks([object HTMLDocument])
  ->  [HandlePage.js:63] onHandlePage([object XPCWrappedNative_NoHelper],[object HTMLDocument])
  ->  [CoreEvents.js:293] fireEvent("HANDLE_PAGE",[object Array])
  ->  [CoreEvents.js:234] fire("PARSE_COMPLETE",[object XPCWrappedNative_NoHelper],[object HTMLDocument])
  ->  [aptEventHandler.js:337] observe([object XPCWrappedNative_NoHelper],"jaxerEvent.HTMLParseComplete",null)
paths:
  -> file:///E:/Aptana%20Jaxer%20Apache/Jaxer/Apache2-4Build/jaxer/framework/src/ModuleLogger.js
  -> file:///E:/Aptana%20Jaxer%20Apache/Jaxer/Apache2-4Build/jaxer/framework/src/DB_SQLite.js
  -> file:///E:/Aptana%20Jaxer%20Apache/Jaxer/Apache2-4Build/jaxer/framework/src/DB.js
  -> file:///E:/Aptana%20Jaxer%20Apache/Jaxer/Apache2-4Build/jaxer/framework/src/CallbackManager.js
  -> file:///E:/Aptana%20Jaxer%20Apache/Jaxer/Apache2-4Build/jaxer/framework/src/HandlePage.js
  -> file:///E:/Aptana%20Jaxer%20Apache/Jaxer/Apache2-4Build/jaxer/framework/src/CoreEvents.js
  -> file:///E:/Aptana%20Jaxer%20Apache/Jaxer/Apache2-4Build/jaxer/components/aptEventHandler.js

01:13:16 12/24/2025 [ 32928] [TRACE] [JS Framework] [DB.SQLite.executeWithStatement] Closing statement
stack:
  ->  [ModuleLogger.js:98] trace("Closing statement")
  ->  [DB_SQLite.js:484] executeWithStatement([object Object],"SELECT COUNT(*) FROM callback_page WHERE name = ? AND crc32 = ?",[object Array],[object Object])
  ->  [DB_SQLite.js:312] execute("SELECT COUNT(*) FROM callback_page WHERE name = ? AND crc32 = ?",[object Array])
  ->  [DB.js:181] anonymous("SELECT COUNT(*) FROM callback_page WHERE name = ? AND crc32 = ?",[object Array])
  ->  [CallbackManager.js:179] cacheServerFunctions([object Object])
  ->  [CallbackManager.js:73] processCallbacks([object HTMLDocument])
  ->  [HandlePage.js:63] onHandlePage([object XPCWrappedNative_NoHelper],[object HTMLDocument])
  ->  [CoreEvents.js:293] fireEvent("HANDLE_PAGE",[object Array])
  ->  [CoreEvents.js:234] fire("PARSE_COMPLETE",[object XPCWrappedNative_NoHelper],[object HTMLDocument])
  ->  [aptEventHandler.js:337] observe([object XPCWrappedNative_NoHelper],"jaxerEvent.HTMLParseComplete",null)
paths:
  -> file:///E:/Aptana%20Jaxer%20Apache/Jaxer/Apache2-4Build/jaxer/framework/src/ModuleLogger.js
  -> file:///E:/Aptana%20Jaxer%20Apache/Jaxer/Apache2-4Build/jaxer/framework/src/DB_SQLite.js
  -> file:///E:/Aptana%20Jaxer%20Apache/Jaxer/Apache2-4Build/jaxer/framework/src/DB.js
  -> file:///E:/Aptana%20Jaxer%20Apache/Jaxer/Apache2-4Build/jaxer/framework/src/CallbackManager.js
  -> file:///E:/Aptana%20Jaxer%20Apache/Jaxer/Apache2-4Build/jaxer/framework/src/HandlePage.js
  -> file:///E:/Aptana%20Jaxer%20Apache/Jaxer/Apache2-4Build/jaxer/framework/src/CoreEvents.js
  -> file:///E:/Aptana%20Jaxer%20Apache/Jaxer/Apache2-4Build/jaxer/components/aptEventHandler.js

01:13:16 12/24/2025 [ 32928] [TRACE] [JS Framework] [DB.SQLite.executeWithStatement] Resetting and finalizing statement
stack:
  ->  [ModuleLogger.js:98] trace("Resetting and finalizing statement")
  ->  [DB_SQLite.js:487] executeWithStatement([object Object],"SELECT COUNT(*) FROM callback_page WHERE name = ? AND crc32 = ?",[object Array],[object Object])
  ->  [DB_SQLite.js:312] execute("SELECT COUNT(*) FROM callback_page WHERE name = ? AND crc32 = ?",[object Array])
  ->  [DB.js:181] anonymous("SELECT COUNT(*) FROM callback_page WHERE name = ? AND crc32 = ?",[object Array])
  ->  [CallbackManager.js:179] cacheServerFunctions([object Object])
  ->  [CallbackManager.js:73] processCallbacks([object HTMLDocument])
  ->  [HandlePage.js:63] onHandlePage([object XPCWrappedNative_NoHelper],[object HTMLDocument])
  ->  [CoreEvents.js:293] fireEvent("HANDLE_PAGE",[object Array])
  ->  [CoreEvents.js:234] fire("PARSE_COMPLETE",[object XPCWrappedNative_NoHelper],[object HTMLDocument])
  ->  [aptEventHandler.js:337] observe([object XPCWrappedNative_NoHelper],"jaxerEvent.HTMLParseComplete",null)
paths:
  -> file:///E:/Aptana%20Jaxer%20Apache/Jaxer/Apache2-4Build/jaxer/framework/src/ModuleLogger.js
  -> file:///E:/Aptana%20Jaxer%20Apache/Jaxer/Apache2-4Build/jaxer/framework/src/DB_SQLite.js
  -> file:///E:/Aptana%20Jaxer%20Apache/Jaxer/Apache2-4Build/jaxer/framework/src/DB.js
  -> file:///E:/Aptana%20Jaxer%20Apache/Jaxer/Apache2-4Build/jaxer/framework/src/CallbackManager.js
  -> file:///E:/Aptana%20Jaxer%20Apache/Jaxer/Apache2-4Build/jaxer/framework/src/HandlePage.js
  -> file:///E:/Aptana%20Jaxer%20Apache/Jaxer/Apache2-4Build/jaxer/framework/src/CoreEvents.js
  -> file:///E:/Aptana%20Jaxer%20Apache/Jaxer/Apache2-4Build/jaxer/components/aptEventHandler.js

01:13:16 12/24/2025 [ 32928] [TRACE] [JS Framework] [DB.SQLite.execute] Populated resultSet with 1 rows of 1 columns
stack:
  ->  [ModuleLogger.js:98] trace("Populated resultSet with 1 rows of 1 columns")
  ->  [DB_SQLite.js:315] execute("SELECT COUNT(*) FROM callback_page WHERE name = ? AND crc32 = ?",[object Array])
  ->  [DB.js:181] anonymous("SELECT COUNT(*) FROM callback_page WHERE name = ? AND crc32 = ?",[object Array])
  ->  [CallbackManager.js:179] cacheServerFunctions([object Object])
  ->  [CallbackManager.js:73] processCallbacks([object HTMLDocument])
  ->  [HandlePage.js:63] onHandlePage([object XPCWrappedNative_NoHelper],[object HTMLDocument])
  ->  [CoreEvents.js:293] fireEvent("HANDLE_PAGE",[object Array])
  ->  [CoreEvents.js:234] fire("PARSE_COMPLETE",[object XPCWrappedNative_NoHelper],[object HTMLDocument])
  ->  [aptEventHandler.js:337] observe([object XPCWrappedNative_NoHelper],"jaxerEvent.HTMLParseComplete",null)
paths:
  -> file:///E:/Aptana%20Jaxer%20Apache/Jaxer/Apache2-4Build/jaxer/framework/src/ModuleLogger.js
  -> file:///E:/Aptana%20Jaxer%20Apache/Jaxer/Apache2-4Build/jaxer/framework/src/DB_SQLite.js
  -> file:///E:/Aptana%20Jaxer%20Apache/Jaxer/Apache2-4Build/jaxer/framework/src/DB.js
  -> file:///E:/Aptana%20Jaxer%20Apache/Jaxer/Apache2-4Build/jaxer/framework/src/CallbackManager.js
  -> file:///E:/Aptana%20Jaxer%20Apache/Jaxer/Apache2-4Build/jaxer/framework/src/HandlePage.js
  -> file:///E:/Aptana%20Jaxer%20Apache/Jaxer/Apache2-4Build/jaxer/framework/src/CoreEvents.js
  -> file:///E:/Aptana%20Jaxer%20Apache/Jaxer/Apache2-4Build/jaxer/components/aptEventHandler.js

01:13:16 12/24/2025 [ 32928] [TRACE] [JS Framework] [DB.SQLite.execute] Finished executing
stack:
  ->  [ModuleLogger.js:98] trace("Finished executing")
  ->  [DB_SQLite.js:338] execute("SELECT COUNT(*) FROM callback_page WHERE name = ? AND crc32 = ?",[object Array])
  ->  [DB.js:181] anonymous("SELECT COUNT(*) FROM callback_page WHERE name = ? AND crc32 = ?",[object Array])
  ->  [CallbackManager.js:179] cacheServerFunctions([object Object])
  ->  [CallbackManager.js:73] processCallbacks([object HTMLDocument])
  ->  [HandlePage.js:63] onHandlePage([object XPCWrappedNative_NoHelper],[object HTMLDocument])
  ->  [CoreEvents.js:293] fireEvent("HANDLE_PAGE",[object Array])
  ->  [CoreEvents.js:234] fire("PARSE_COMPLETE",[object XPCWrappedNative_NoHelper],[object HTMLDocument])
  ->  [aptEventHandler.js:337] observe([object XPCWrappedNative_NoHelper],"jaxerEvent.HTMLParseComplete",null)
paths:
  -> file:///E:/Aptana%20Jaxer%20Apache/Jaxer/Apache2-4Build/jaxer/framework/src/ModuleLogger.js
  -> file:///E:/Aptana%20Jaxer%20Apache/Jaxer/Apache2-4Build/jaxer/framework/src/DB_SQLite.js
  -> file:///E:/Aptana%20Jaxer%20Apache/Jaxer/Apache2-4Build/jaxer/framework/src/DB.js
  -> file:///E:/Aptana%20Jaxer%20Apache/Jaxer/Apache2-4Build/jaxer/framework/src/CallbackManager.js
  -> file:///E:/Aptana%20Jaxer%20Apache/Jaxer/Apache2-4Build/jaxer/framework/src/HandlePage.js
  -> file:///E:/Aptana%20Jaxer%20Apache/Jaxer/Apache2-4Build/jaxer/framework/src/CoreEvents.js
  -> file:///E:/Aptana%20Jaxer%20Apache/Jaxer/Apache2-4Build/jaxer/components/aptEventHandler.js

01:13:16 12/24/2025 [ 32928] [DEBUG] [JS Framework] [CallbackManager.cacheCallbackPage] Caching this page under key = -1745174383::localhost:8081/aptana/diagnostics/testRunner.html
stack:
  ->  [ModuleLogger.js:98] debug("Caching this page under key = -1745174383::localhost:8081/aptana/diagnostics/testRunner.html")
  ->  [CallbackManager.js:281] cacheCallbackPage("localhost:8081/aptana/diagnostics/testRunner.html",-1745174383,"/* callback.js */\nJaxer._autoload([]);\nfindTestcasesInFolder = this.findTestcasesInFolder = function findTestcasesInFolder(path, url, includeOptional) {\n    var log = Jaxer.Log.forModule(\"TestRunner\");\n    var testFolderUrlExpr = /\\bunit_tests_jaxer\\b/;\n    var dir = new (Jaxer.Dir)(path);\n    var dirContents = dir.readDir();\n    var urls = [];\n    dirContents.forEach(function pushFilepath(obj) {var objPath = obj.path;var name = objPath.replace(/^.*[\\\\\\/\\:]/, \"\");if (obj.isDir && (name.substr(0, 1) != \".\")) {var newUrl = (url == \"\") ? name : url + \"/\" + name;urls = urls.concat(findTestcasesInFolder(objPath, newUrl, includeOptional));} else if (url.match(testFolderUrlExpr) && !name.match(/^testRunner.htm[l]?$/) && (name.match(/^test.*\\.htm[l]?$/) || name.match(/^optional.*\\.htm[l]?$/) && includeOptional) && (!objPath.match(/CrashTest/))) {urls.push(url + \"/\" + name);}});\n    log.trace(\"path: \" + path + \"; url: \" + url + \"; result: \" + urls);\n    return urls;\n};\nfindLibraryInFolder = this.findLibraryInFolder = function findLibraryInFolder(path, url) {\n    var log = Jaxer.Log.forModule(\"TestRunner\");\n    var libFolderUrlExpr = /\\blibraries/;\n    var dir = new (Jaxer.Dir)(path);\n    var dirContents = dir.readDir();\n    var urls = [];\n    dirContents.forEach(function pushFilepath(obj) {var objPath = obj.path;var name = objPath.replace(/^.*[\\\\\\/\\:]/, \"\");if (obj.isDir && (name.substr(0, 1) != \".\")) {var newUrl = (url == \"\") ? name : url + \"/\" + name;urls = urls.concat(findLibraryInFolder(objPath, newUrl));} else if (url.match(libFolderUrlExpr) && name.match(/^.*\\.js$/)) {urls.push(url + \"/\" + name);}});\n    log.trace(\"path: \" + path + \"; url: \" + url + \"; result: \" + urls);\n    return urls;\n};\ngetPathInfo = this.getPathInfo = function getPathInfo() {\n    var pathInfo = {};\n    pathInfo.currentFolder = Jaxer.request.pageFile.replace(/\\/[^\\/]*?$/, \"\");\n    pathInfo.currentPath = Jaxer.Dir.resolve(pathInfo.currentFolder);\n    pathInfo.subPath = Jaxer.request.parsedUrl.queryParts.path;\n    pathInfo.includeOptional = Jaxer.request.parsedUrl.queryParts.optional == \"yes\";\n    pathInfo.path = pathInfo.subPath ? Jaxer.Dir.combine(pathInfo.currentPath, pathInfo.subPath) : pathInfo.currentPath;\n    pathInfo.url = pathInfo.subPath ? pathInfo.subPath.replace(/[\\\\\\:]/, \"/\") : \"\";\n    return pathInfo;\n};\ngetTestcases = this.getTestcases = function getTestcases() {\n    var pathInfo = getPathInfo();\n    return findTestcasesInFolder(pathInfo.path, pathInfo.url, pathInfo.includeOptional);\n};\ngetTestcases.proxy = true;\ngetLibraries = this.getLibraries = function getLibraries() {\n    var pathInfo = getPathInfo();\n    return findLibraryInFolder(pathInfo.path, pathInfo.url, true);\n};\ngetLibraries.proxy = true;\nwriteToFile = this.writeToFile = function writeToFile(fileName, contents, append) {\n    var pathInfo = getPathInfo();\n    var filePath = Jaxer.Dir.resolve(fileName, pathInfo.currentPath);\n    Jaxer.Log.info(\"writing to file \" + filePath);\n    if (append) {\n        Jaxer.File.append(filePath, contents);\n    } else {\n        Jaxer.File.write(filePath, contents);\n    }\n};\nwriteToFile.proxy = true;\nsetLogLevel = this.setLogLevel = function setLogLevel(isVerbose) {\n    Jaxer.Log.forModule(\"ServerUnitTesting\").setLevel(isVerbose ? Jaxer.Log.TRACE : Jaxer.Log.INFO);\n};\nsetLogLevel.proxy = true;\nprepareDom = this.prepareDom = function prepareDom() {\n    $(\"chkVerboseLogging\").checked = Jaxer.Log.forModule(\"ServerUnitTesting\").getLevel().isBelow(Jaxer.Log.INFO);\n};\n$ = this.$ = function $(id) {\n    return document.getElementById(id);\n};")
  ->  [CallbackManager.js:224] cacheServerFunctions([object Object])
  ->  [CallbackManager.js:73] processCallbacks([object HTMLDocument])
  ->  [HandlePage.js:63] onHandlePage([object XPCWrappedNative_NoHelper],[object HTMLDocument])
  ->  [CoreEvents.js:293] fireEvent("HANDLE_PAGE",[object Array])
  ->  [CoreEvents.js:234] fire("PARSE_COMPLETE",[object XPCWrappedNative_NoHelper],[object HTMLDocument])
  ->  [aptEventHandler.js:337] observe([object XPCWrappedNative_NoHelper],"jaxerEvent.HTMLParseComplete",null)
paths:
  -> file:///E:/Aptana%20Jaxer%20Apache/Jaxer/Apache2-4Build/jaxer/framework/src/ModuleLogger.js
  -> file:///E:/Aptana%20Jaxer%20Apache/Jaxer/Apache2-4Build/jaxer/framework/src/CallbackManager.js
  -> file:///E:/Aptana%20Jaxer%20Apache/Jaxer/Apache2-4Build/jaxer/framework/src/HandlePage.js
  -> file:///E:/Aptana%20Jaxer%20Apache/Jaxer/Apache2-4Build/jaxer/framework/src/CoreEvents.js
  -> file:///E:/Aptana%20Jaxer%20Apache/Jaxer/Apache2-4Build/jaxer/components/aptEventHandler.js

01:13:16 12/24/2025 [ 32928] [DEBUG] [JS Framework] [HandlePage.onHandlePage] Script processing complete
stack:
  ->  [ModuleLogger.js:98] debug("Script processing complete")
  ->  [HandlePage.js:64] onHandlePage([object XPCWrappedNative_NoHelper],[object HTMLDocument])
  ->  [CoreEvents.js:293] fireEvent("HANDLE_PAGE",[object Array])
  ->  [CoreEvents.js:234] fire("PARSE_COMPLETE",[object XPCWrappedNative_NoHelper],[object HTMLDocument])
  ->  [aptEventHandler.js:337] observe([object XPCWrappedNative_NoHelper],"jaxerEvent.HTMLParseComplete",null)
paths:
  -> file:///E:/Aptana%20Jaxer%20Apache/Jaxer/Apache2-4Build/jaxer/framework/src/ModuleLogger.js
  -> file:///E:/Aptana%20Jaxer%20Apache/Jaxer/Apache2-4Build/jaxer/framework/src/HandlePage.js
  -> file:///E:/Aptana%20Jaxer%20Apache/Jaxer/Apache2-4Build/jaxer/framework/src/CoreEvents.js
  -> file:///E:/Aptana%20Jaxer%20Apache/Jaxer/Apache2-4Build/jaxer/components/aptEventHandler.js

01:13:16 12/24/2025 [ 32928] [TRACE] [JS Framework] [HandlePage.processLoadEvent] Processing load event 'aftercallbackprocessing' with doc = [object HTMLDocument]
stack:
  ->  [ModuleLogger.js:98] trace("Processing load event 'aftercallbackprocessing' with doc = [object HTMLDocument]")
  ->  [HandlePage.js:258] processLoadEvent("aftercallbackprocessing",[object HTMLDocument],true)
  ->  [HandlePage.js:241] processAfterCallbackProcessing([object HTMLDocument])
  ->  [HandlePage.js:66] onHandlePage([object XPCWrappedNative_NoHelper],[object HTMLDocument])
  ->  [CoreEvents.js:293] fireEvent("HANDLE_PAGE",[object Array])
  ->  [CoreEvents.js:234] fire("PARSE_COMPLETE",[object XPCWrappedNative_NoHelper],[object HTMLDocument])
  ->  [aptEventHandler.js:337] observe([object XPCWrappedNative_NoHelper],"jaxerEvent.HTMLParseComplete",null)
paths:
  -> file:///E:/Aptana%20Jaxer%20Apache/Jaxer/Apache2-4Build/jaxer/framework/src/ModuleLogger.js
  -> file:///E:/Aptana%20Jaxer%20Apache/Jaxer/Apache2-4Build/jaxer/framework/src/HandlePage.js
  -> file:///E:/Aptana%20Jaxer%20Apache/Jaxer/Apache2-4Build/jaxer/framework/src/CoreEvents.js
  -> file:///E:/Aptana%20Jaxer%20Apache/Jaxer/Apache2-4Build/jaxer/components/aptEventHandler.js

01:13:16 12/24/2025 [ 32928] [DEBUG] [JS Framework] [SessionManager.keyToResponse] Saving session key to the client via cookie JaxerSessionId$$diagnostics: 1766389857171006019406608883027
stack:
  ->  [ModuleLogger.js:98] debug("Saving session key to the client via cookie JaxerSessionId$$diagnostics: 1766389857171006019406608883027")
  ->  [SessionManager.js:82] keyToResponse("diagnostics","1766389857171006019406608883027")
  ->  [Container.js:614] persistAll([object HTMLDocument])
  ->  [HandlePage.js:73] onHandlePage([object XPCWrappedNative_NoHelper],[object HTMLDocument])
  ->  [CoreEvents.js:293] fireEvent("HANDLE_PAGE",[object Array])
  ->  [CoreEvents.js:234] fire("PARSE_COMPLETE",[object XPCWrappedNative_NoHelper],[object HTMLDocument])
  ->  [aptEventHandler.js:337] observe([object XPCWrappedNative_NoHelper],"jaxerEvent.HTMLParseComplete",null)
paths:
  -> file:///E:/Aptana%20Jaxer%20Apache/Jaxer/Apache2-4Build/jaxer/framework/src/ModuleLogger.js
  -> file:///E:/Aptana%20Jaxer%20Apache/Jaxer/Apache2-4Build/jaxer/framework/src/SessionManager.js
  -> file:///E:/Aptana%20Jaxer%20Apache/Jaxer/Apache2-4Build/jaxer/framework/src/Container.js
  -> file:///E:/Aptana%20Jaxer%20Apache/Jaxer/Apache2-4Build/jaxer/framework/src/HandlePage.js
  -> file:///E:/Aptana%20Jaxer%20Apache/Jaxer/Apache2-4Build/jaxer/framework/src/CoreEvents.js
  -> file:///E:/Aptana%20Jaxer%20Apache/Jaxer/Apache2-4Build/jaxer/components/aptEventHandler.js

01:13:16 12/24/2025 [ 32928] [TRACE] [JS Framework] [Container.persist] For container APPLICATION:diagnostics: Persisting
stack:
  ->  [ModuleLogger.js:98] trace("For container APPLICATION:diagnostics: Persisting")
  ->  [Container.js:313] persist()
  ->  [Container.js:620] persistAll([object HTMLDocument])
  ->  [HandlePage.js:73] onHandlePage([object XPCWrappedNative_NoHelper],[object HTMLDocument])
  ->  [CoreEvents.js:293] fireEvent("HANDLE_PAGE",[object Array])
  ->  [CoreEvents.js:234] fire("PARSE_COMPLETE",[object XPCWrappedNative_NoHelper],[object HTMLDocument])
  ->  [aptEventHandler.js:337] observe([object XPCWrappedNative_NoHelper],"jaxerEvent.HTMLParseComplete",null)
paths:
  -> file:///E:/Aptana%20Jaxer%20Apache/Jaxer/Apache2-4Build/jaxer/framework/src/ModuleLogger.js
  -> file:///E:/Aptana%20Jaxer%20Apache/Jaxer/Apache2-4Build/jaxer/framework/src/Container.js
  -> file:///E:/Aptana%20Jaxer%20Apache/Jaxer/Apache2-4Build/jaxer/framework/src/HandlePage.js
  -> file:///E:/Aptana%20Jaxer%20Apache/Jaxer/Apache2-4Build/jaxer/framework/src/CoreEvents.js
  -> file:///E:/Aptana%20Jaxer%20Apache/Jaxer/Apache2-4Build/jaxer/components/aptEventHandler.js

01:13:16 12/24/2025 [ 32928] [TRACE] [JS Framework] [Container.persist] For container PAGE:localhost:8081/aptana/diagnostics/testRunner.html: Persisting
stack:
  ->  [ModuleLogger.js:98] trace("For container PAGE:localhost:8081/aptana/diagnostics/testRunner.html: Persisting")
  ->  [Container.js:313] persist()
  ->  [Container.js:620] persistAll([object HTMLDocument])
  ->  [HandlePage.js:73] onHandlePage([object XPCWrappedNative_NoHelper],[object HTMLDocument])
  ->  [CoreEvents.js:293] fireEvent("HANDLE_PAGE",[object Array])
  ->  [CoreEvents.js:234] fire("PARSE_COMPLETE",[object XPCWrappedNative_NoHelper],[object HTMLDocument])
  ->  [aptEventHandler.js:337] observe([object XPCWrappedNative_NoHelper],"jaxerEvent.HTMLParseComplete",null)
paths:
  -> file:///E:/Aptana%20Jaxer%20Apache/Jaxer/Apache2-4Build/jaxer/framework/src/ModuleLogger.js
  -> file:///E:/Aptana%20Jaxer%20Apache/Jaxer/Apache2-4Build/jaxer/framework/src/Container.js
  -> file:///E:/Aptana%20Jaxer%20Apache/Jaxer/Apache2-4Build/jaxer/framework/src/HandlePage.js
  -> file:///E:/Aptana%20Jaxer%20Apache/Jaxer/Apache2-4Build/jaxer/framework/src/CoreEvents.js
  -> file:///E:/Aptana%20Jaxer%20Apache/Jaxer/Apache2-4Build/jaxer/components/aptEventHandler.js

01:13:16 12/24/2025 [ 32928] [TRACE] [JS Framework] [Container.persist] For container SESSION:1766389857171006019406608883027: Persisting
stack:
  ->  [ModuleLogger.js:98] trace("For container SESSION:1766389857171006019406608883027: Persisting")
  ->  [Container.js:313] persist()
  ->  [Container.js:620] persistAll([object HTMLDocument])
  ->  [HandlePage.js:73] onHandlePage([object XPCWrappedNative_NoHelper],[object HTMLDocument])
  ->  [CoreEvents.js:293] fireEvent("HANDLE_PAGE",[object Array])
  ->  [CoreEvents.js:234] fire("PARSE_COMPLETE",[object XPCWrappedNative_NoHelper],[object HTMLDocument])
  ->  [aptEventHandler.js:337] observe([object XPCWrappedNative_NoHelper],"jaxerEvent.HTMLParseComplete",null)
paths:
  -> file:///E:/Aptana%20Jaxer%20Apache/Jaxer/Apache2-4Build/jaxer/framework/src/ModuleLogger.js
  -> file:///E:/Aptana%20Jaxer%20Apache/Jaxer/Apache2-4Build/jaxer/framework/src/Container.js
  -> file:///E:/Aptana%20Jaxer%20Apache/Jaxer/Apache2-4Build/jaxer/framework/src/HandlePage.js
  -> file:///E:/Aptana%20Jaxer%20Apache/Jaxer/Apache2-4Build/jaxer/framework/src/CoreEvents.js
  -> file:///E:/Aptana%20Jaxer%20Apache/Jaxer/Apache2-4Build/jaxer/components/aptEventHandler.js

01:13:16 12/24/2025 [ 32928] [TRACE] [JS Framework] [Container.persist] For container SESSION_PAGE:1766389857171006019406608883027$$localhost:8081/aptana/diagnostics/testRunner.html: Persisting
stack:
  ->  [ModuleLogger.js:98] trace("For container SESSION_PAGE:1766389857171006019406608883027$$localhost:8081/aptana/diagnostics/testRunner.html: Persisting")
  ->  [Container.js:313] persist()
  ->  [Container.js:620] persistAll([object HTMLDocument])
  ->  [HandlePage.js:73] onHandlePage([object XPCWrappedNative_NoHelper],[object HTMLDocument])
  ->  [CoreEvents.js:293] fireEvent("HANDLE_PAGE",[object Array])
  ->  [CoreEvents.js:234] fire("PARSE_COMPLETE",[object XPCWrappedNative_NoHelper],[object HTMLDocument])
  ->  [aptEventHandler.js:337] observe([object XPCWrappedNative_NoHelper],"jaxerEvent.HTMLParseComplete",null)
paths:
  -> file:///E:/Aptana%20Jaxer%20Apache/Jaxer/Apache2-4Build/jaxer/framework/src/ModuleLogger.js
  -> file:///E:/Aptana%20Jaxer%20Apache/Jaxer/Apache2-4Build/jaxer/framework/src/Container.js
  -> file:///E:/Aptana%20Jaxer%20Apache/Jaxer/Apache2-4Build/jaxer/framework/src/HandlePage.js
  -> file:///E:/Aptana%20Jaxer%20Apache/Jaxer/Apache2-4Build/jaxer/framework/src/CoreEvents.js
  -> file:///E:/Aptana%20Jaxer%20Apache/Jaxer/Apache2-4Build/jaxer/components/aptEventHandler.js

01:13:16 12/24/2025 [ 32928] [TRACE] [JS Framework] [HandlePage.onHandlePage] Containers persisted
stack:
  ->  [ModuleLogger.js:98] trace("Containers persisted")
  ->  [HandlePage.js:74] onHandlePage([object XPCWrappedNative_NoHelper],[object HTMLDocument])
  ->  [CoreEvents.js:293] fireEvent("HANDLE_PAGE",[object Array])
  ->  [CoreEvents.js:234] fire("PARSE_COMPLETE",[object XPCWrappedNative_NoHelper],[object HTMLDocument])
  ->  [aptEventHandler.js:337] observe([object XPCWrappedNative_NoHelper],"jaxerEvent.HTMLParseComplete",null)
paths:
  -> file:///E:/Aptana%20Jaxer%20Apache/Jaxer/Apache2-4Build/jaxer/framework/src/ModuleLogger.js
  -> file:///E:/Aptana%20Jaxer%20Apache/Jaxer/Apache2-4Build/jaxer/framework/src/HandlePage.js
  -> file:///E:/Aptana%20Jaxer%20Apache/Jaxer/Apache2-4Build/jaxer/framework/src/CoreEvents.js
  -> file:///E:/Aptana%20Jaxer%20Apache/Jaxer/Apache2-4Build/jaxer/components/aptEventHandler.js

01:13:16 12/24/2025 [ 32928] [TRACE] [JS Framework] [Response.setNoCacheHeaders] Setting no-cache headers
stack:
  ->  [ModuleLogger.js:98] trace("Setting no-cache headers")
  ->  [Response.js:772] setNoCacheHeaders()
  ->  [HandlePage.js:85] onHandlePage([object XPCWrappedNative_NoHelper],[object HTMLDocument])
  ->  [CoreEvents.js:293] fireEvent("HANDLE_PAGE",[object Array])
  ->  [CoreEvents.js:234] fire("PARSE_COMPLETE",[object XPCWrappedNative_NoHelper],[object HTMLDocument])
  ->  [aptEventHandler.js:337] observe([object XPCWrappedNative_NoHelper],"jaxerEvent.HTMLParseComplete",null)
paths:
  -> file:///E:/Aptana%20Jaxer%20Apache/Jaxer/Apache2-4Build/jaxer/framework/src/ModuleLogger.js
  -> file:///E:/Aptana%20Jaxer%20Apache/Jaxer/Apache2-4Build/jaxer/framework/src/Response.js
  -> file:///E:/Aptana%20Jaxer%20Apache/Jaxer/Apache2-4Build/jaxer/framework/src/HandlePage.js
  -> file:///E:/Aptana%20Jaxer%20Apache/Jaxer/Apache2-4Build/jaxer/framework/src/CoreEvents.js
  -> file:///E:/Aptana%20Jaxer%20Apache/Jaxer/Apache2-4Build/jaxer/components/aptEventHandler.js

01:13:16 12/24/2025 [ 32928] [TRACE] [JS Framework] [DB.SQLite.close] Closing the connection
stack:
  ->  [ModuleLogger.js:98] trace("Closing the connection")
  ->  [DB_SQLite.js:739] close()
  ->  [DB.js:437] closeAllConnections(true)
  ->  [HandlePage.js:182] onHandlePage([object XPCWrappedNative_NoHelper],[object HTMLDocument])
  ->  [CoreEvents.js:293] fireEvent("HANDLE_PAGE",[object Array])
  ->  [CoreEvents.js:234] fire("PARSE_COMPLETE",[object XPCWrappedNative_NoHelper],[object HTMLDocument])
  ->  [aptEventHandler.js:337] observe([object XPCWrappedNative_NoHelper],"jaxerEvent.HTMLParseComplete",null)
paths:
  -> file:///E:/Aptana%20Jaxer%20Apache/Jaxer/Apache2-4Build/jaxer/framework/src/ModuleLogger.js
  -> file:///E:/Aptana%20Jaxer%20Apache/Jaxer/Apache2-4Build/jaxer/framework/src/DB_SQLite.js
  -> file:///E:/Aptana%20Jaxer%20Apache/Jaxer/Apache2-4Build/jaxer/framework/src/DB.js
  -> file:///E:/Aptana%20Jaxer%20Apache/Jaxer/Apache2-4Build/jaxer/framework/src/HandlePage.js
  -> file:///E:/Aptana%20Jaxer%20Apache/Jaxer/Apache2-4Build/jaxer/framework/src/CoreEvents.js
  -> file:///E:/Aptana%20Jaxer%20Apache/Jaxer/Apache2-4Build/jaxer/components/aptEventHandler.js

01:13:16 12/24/2025 [ 32928] [TRACE] [JS Framework] [CoreEvents.fireEvent] Firing an event for PARSE_COMPLETE
stack:
  ->  [ModuleLogger.js:98] trace("Firing an event for PARSE_COMPLETE")
  ->  [CoreEvents.js:282] fireEvent("PARSE_COMPLETE",[object Array])
  ->  [CoreEvents.js:238] fire("PARSE_COMPLETE",[object XPCWrappedNative_NoHelper],[object HTMLDocument])
  ->  [aptEventHandler.js:337] observe([object XPCWrappedNative_NoHelper],"jaxerEvent.HTMLParseComplete",null)
paths:
  -> file:///E:/Aptana%20Jaxer%20Apache/Jaxer/Apache2-4Build/jaxer/framework/src/ModuleLogger.js
  -> file:///E:/Aptana%20Jaxer%20Apache/Jaxer/Apache2-4Build/jaxer/framework/src/CoreEvents.js
  -> file:///E:/Aptana%20Jaxer%20Apache/Jaxer/Apache2-4Build/jaxer/components/aptEventHandler.js

01:13:16 12/24/2025 [ 32928] [TRACE] [JS Framework] [CoreEvents.fireEvent] Calling event handler: function onParseComplete(evt, doc) {
    Jaxer.__tempLoad.cl...
stack:
  ->  [ModuleLogger.js:98] trace("Calling event handler: function onParseComplete(evt, doc) {\n    Jaxer.__tempLoad.cl...")
  ->  [CoreEvents.js:292] fireEvent("PARSE_COMPLETE",[object Array])
  ->  [CoreEvents.js:238] fire("PARSE_COMPLETE",[object XPCWrappedNative_NoHelper],[object HTMLDocument])
  ->  [aptEventHandler.js:337] observe([object XPCWrappedNative_NoHelper],"jaxerEvent.HTMLParseComplete",null)
paths:
  -> file:///E:/Aptana%20Jaxer%20Apache/Jaxer/Apache2-4Build/jaxer/framework/src/ModuleLogger.js
  -> file:///E:/Aptana%20Jaxer%20Apache/Jaxer/Apache2-4Build/jaxer/framework/src/CoreEvents.js
  -> file:///E:/Aptana%20Jaxer%20Apache/Jaxer/Apache2-4Build/jaxer/components/aptEventHandler.js

01:13:16 12/24/2025 [ 32928] [TRACE] [JS Framework] [CoreEvents.fire] At this time, evt.Request.isHandler=false and eventType: REQUEST_COMPLETE
stack:
  ->  [ModuleLogger.js:98] trace("At this time, evt.Request.isHandler=false and eventType: REQUEST_COMPLETE")
  ->  [CoreEvents.js:205] fire("REQUEST_COMPLETE",[object XPCWrappedNative_NoHelper])
  ->  [aptEventHandler.js:351] observe([object XPCWrappedNative_NoHelper],"jaxerEvent.RequestComplete",null)
paths:
  -> file:///E:/Aptana%20Jaxer%20Apache/Jaxer/Apache2-4Build/jaxer/framework/src/ModuleLogger.js
  -> file:///E:/Aptana%20Jaxer%20Apache/Jaxer/Apache2-4Build/jaxer/framework/src/CoreEvents.js
  -> file:///E:/Aptana%20Jaxer%20Apache/Jaxer/Apache2-4Build/jaxer/components/aptEventHandler.js

01:13:16 12/24/2025 [ 32928] [TRACE] [JS Framework] [CoreEvents.fireEvent] Firing an event for REQUEST_COMPLETE
stack:
  ->  [ModuleLogger.js:98] trace("Firing an event for REQUEST_COMPLETE")
  ->  [CoreEvents.js:282] fireEvent("REQUEST_COMPLETE",[object Array])
  ->  [CoreEvents.js:238] fire("REQUEST_COMPLETE",[object XPCWrappedNative_NoHelper])
  ->  [aptEventHandler.js:351] observe([object XPCWrappedNative_NoHelper],"jaxerEvent.RequestComplete",null)
paths:
  -> file:///E:/Aptana%20Jaxer%20Apache/Jaxer/Apache2-4Build/jaxer/framework/src/ModuleLogger.js
  -> file:///E:/Aptana%20Jaxer%20Apache/Jaxer/Apache2-4Build/jaxer/framework/src/CoreEvents.js
  -> file:///E:/Aptana%20Jaxer%20Apache/Jaxer/Apache2-4Build/jaxer/components/aptEventHandler.js

01:13:16 12/24/2025 [ 32928] [TRACE] [JS Framework] [CoreEvents.fireEvent] Calling event handler: function onRequestComplete(evt) {
}...
stack:
  ->  [ModuleLogger.js:98] trace("Calling event handler: function onRequestComplete(evt) {\n}...")
  ->  [CoreEvents.js:292] fireEvent("REQUEST_COMPLETE",[object Array])
  ->  [CoreEvents.js:238] fire("REQUEST_COMPLETE",[object XPCWrappedNative_NoHelper])
  ->  [aptEventHandler.js:351] observe([object XPCWrappedNative_NoHelper],"jaxerEvent.RequestComplete",null)
paths:
  -> file:///E:/Aptana%20Jaxer%20Apache/Jaxer/Apache2-4Build/jaxer/framework/src/ModuleLogger.js
  -> file:///E:/Aptana%20Jaxer%20Apache/Jaxer/Apache2-4Build/jaxer/framework/src/CoreEvents.js
  -> file:///E:/Aptana%20Jaxer%20Apache/Jaxer/Apache2-4Build/jaxer/components/aptEventHandler.js

01:13:21 12/24/2025 [ 22864] [TRACE] [JS Framework] [CoreEvents.fire] At this time, evt.Request.isHandler=false and eventType: REQUEST_START
stack:
  ->  [ModuleLogger.js:98] trace("At this time, evt.Request.isHandler=false and eventType: REQUEST_START")
  ->  [CoreEvents.js:205] fire("REQUEST_START",[object XPCWrappedNative_NoHelper])
  ->  [aptEventHandler.js:292] observe([object XPCWrappedNative_NoHelper],"jaxerEvent.RequestStart",null)
paths:
  -> file:///E:/Aptana%20Jaxer%20Apache/Jaxer/Apache2-4Build/jaxer/framework/src/ModuleLogger.js
  -> file:///E:/Aptana%20Jaxer%20Apache/Jaxer/Apache2-4Build/jaxer/framework/src/CoreEvents.js
  -> file:///E:/Aptana%20Jaxer%20Apache/Jaxer/Apache2-4Build/jaxer/components/aptEventHandler.js

01:13:21 12/24/2025 [ 22864] [TRACE] [JS Framework] [CoreEvents.fireEvent] Firing an event for REQUEST_START
stack:
  ->  [ModuleLogger.js:98] trace("Firing an event for REQUEST_START")
  ->  [CoreEvents.js:282] fireEvent("REQUEST_START",[object Array])
  ->  [CoreEvents.js:238] fire("REQUEST_START",[object XPCWrappedNative_NoHelper])
  ->  [aptEventHandler.js:292] observe([object XPCWrappedNative_NoHelper],"jaxerEvent.RequestStart",null)
paths:
  -> file:///E:/Aptana%20Jaxer%20Apache/Jaxer/Apache2-4Build/jaxer/framework/src/ModuleLogger.js
  -> file:///E:/Aptana%20Jaxer%20Apache/Jaxer/Apache2-4Build/jaxer/framework/src/CoreEvents.js
  -> file:///E:/Aptana%20Jaxer%20Apache/Jaxer/Apache2-4Build/jaxer/components/aptEventHandler.js

01:13:21 12/24/2025 [ 22864] [TRACE] [JS Framework] [CoreEvents.fireEvent] Calling event handler: function onRequestStart(evt) {
}...
stack:
  ->  [ModuleLogger.js:98] trace("Calling event handler: function onRequestStart(evt) {\n}...")
  ->  [CoreEvents.js:292] fireEvent("REQUEST_START",[object Array])
  ->  [CoreEvents.js:238] fire("REQUEST_START",[object XPCWrappedNative_NoHelper])
  ->  [aptEventHandler.js:292] observe([object XPCWrappedNative_NoHelper],"jaxerEvent.RequestStart",null)
paths:
  -> file:///E:/Aptana%20Jaxer%20Apache/Jaxer/Apache2-4Build/jaxer/framework/src/ModuleLogger.js
  -> file:///E:/Aptana%20Jaxer%20Apache/Jaxer/Apache2-4Build/jaxer/framework/src/CoreEvents.js
  -> file:///E:/Aptana%20Jaxer%20Apache/Jaxer/Apache2-4Build/jaxer/components/aptEventHandler.js

01:13:21 12/24/2025 [ 22864] [TRACE] [JS Framework] [CoreEvents.fire] At this time, evt.Request.isHandler=false and eventType: PARSE_START
stack:
  ->  [ModuleLogger.js:98] trace("At this time, evt.Request.isHandler=false and eventType: PARSE_START")
  ->  [CoreEvents.js:205] fire("PARSE_START",[object XPCWrappedNative_NoHelper])
  ->  [aptEventHandler.js:306] observe([object XPCWrappedNative_NoHelper],"jaxerEvent.HTMLParseStart",null)
paths:
  -> file:///E:/Aptana%20Jaxer%20Apache/Jaxer/Apache2-4Build/jaxer/framework/src/ModuleLogger.js
  -> file:///E:/Aptana%20Jaxer%20Apache/Jaxer/Apache2-4Build/jaxer/framework/src/CoreEvents.js
  -> file:///E:/Aptana%20Jaxer%20Apache/Jaxer/Apache2-4Build/jaxer/components/aptEventHandler.js

01:13:21 12/24/2025 [ 22864] [TRACE] [JS Framework] [CoreEvents.fireEvent] Firing an event for PARSE_START
stack:
  ->  [ModuleLogger.js:98] trace("Firing an event for PARSE_START")
  ->  [CoreEvents.js:282] fireEvent("PARSE_START",[object Array])
  ->  [CoreEvents.js:238] fire("PARSE_START",[object XPCWrappedNative_NoHelper])
  ->  [aptEventHandler.js:306] observe([object XPCWrappedNative_NoHelper],"jaxerEvent.HTMLParseStart",null)
paths:
  -> file:///E:/Aptana%20Jaxer%20Apache/Jaxer/Apache2-4Build/jaxer/framework/src/ModuleLogger.js
  -> file:///E:/Aptana%20Jaxer%20Apache/Jaxer/Apache2-4Build/jaxer/framework/src/CoreEvents.js
  -> file:///E:/Aptana%20Jaxer%20Apache/Jaxer/Apache2-4Build/jaxer/components/aptEventHandler.js

01:13:21 12/24/2025 [ 22864] [TRACE] [JS Framework] [CoreEvents.fireEvent] Calling event handler: function onParseStart(evt) {
    Jaxer.request = frameworkGl...
stack:
  ->  [ModuleLogger.js:98] trace("Calling event handler: function onParseStart(evt) {\n    Jaxer.request = frameworkGl...")
  ->  [CoreEvents.js:292] fireEvent("PARSE_START",[object Array])
  ->  [CoreEvents.js:238] fire("PARSE_START",[object XPCWrappedNative_NoHelper])
  ->  [aptEventHandler.js:306] observe([object XPCWrappedNative_NoHelper],"jaxerEvent.HTMLParseStart",null)
paths:
  -> file:///E:/Aptana%20Jaxer%20Apache/Jaxer/Apache2-4Build/jaxer/framework/src/ModuleLogger.js
  -> file:///E:/Aptana%20Jaxer%20Apache/Jaxer/Apache2-4Build/jaxer/framework/src/CoreEvents.js
  -> file:///E:/Aptana%20Jaxer%20Apache/Jaxer/Apache2-4Build/jaxer/components/aptEventHandler.js

01:13:21 12/24/2025 [ 22864] [TRACE] [JS Framework] [Request.Request] Constructing request from: ({constructorErrors:[], _request:{}, method:"GET", isHandler:false, uri:"/aptana/diagnostics/unit_tests_library/jQueryTestSuite/index.html", protocol:"HTTP/1.1", remoteUser:"", remoteHost:"desktop-lpv0ncp", remoteAddr:"::1", pageFile:"E:/Aptana Jaxer Apache/Jaxer/Apache2-4Build/jaxer/aptana/diagnostics/unit_tests_library/jQueryTestSuite/index.html", documentRoot:"E:/Aptana Jaxer Apache/Jaxer/Apache2-4Build/public", OS:"WINNT", isJaxerServer:false, isHTTPS:false, queryString:"", logFileNativePath:"", action:"GET", headers:{Host:"localhost:8081", Connection:"keep-alive", 'sec-ch-ua':"\"Chromium\";v=\"140\", \"Not=A?Brand\";v=\"24\", \"Opera\";v=\"124\"", 'sec-ch-ua-mobile':"?0", 'sec-ch-ua-platform':"\"Windows\"", 'Upgrade-Insecure-Requests':"1", 'User-Agent':"Mozilla/5.0 (Windows NT 10.0; Win64; x64) AppleWebKit/537.36 (KHTML, like Gecko) Chrome/140.0.0.0 Safari/537.36 OPR/124.0.0.0", Accept:"text/html,application/xhtml+xml,application/xml;q=0.9,image/avif,image/webp,image/apng,*/*;q=0.8,application/signed-exchange;v=b3;q=0.7", 'Sec-Fetch-Site':"same-origin", 'Sec-Fetch-Mode':"navigate", 'Sec-Fetch-User':"?1", 'Sec-Fetch-Dest':"document", Referer:"http://localhost:8081/aptana/", 'Accept-Encoding':"gzip, deflate, br, zstd", 'Accept-Language':"en-US,en;q=0.9", Cookie:"JaxerSessionId%24%24localhost%3A8081=176589175647709027719934159097; JaxerSessionId%24%24diagnostics=1766389857171006019406608883027; JaxerSessionId%24%24chat=176650225815408013378880202926; JaxerSessionId%24%24smtp-email=1766502615487048247814800171795; JaxerSessionId%24%24rss-sample=1766502620172023884340692192807; JaxerSessionId%24%24tasks=176650262827103192941976629359; JaxerSessionId%24%24wikilite=1766502633159009874746526267386; JaxerSessionId%24%24logging=176650264152708165463317747484; JaxerSessionId%24%24csajax=176650265576703773913072428896; JaxerSessionId%24%24shell=176650266145103665372259304419"}})
stack:
  ->  [ModuleLogger.js:98] trace("Constructing request from: ({constructorErrors:[], _request:{}, method:\"GET\", isHandler:false, uri:\"/aptana/diagnostics/unit_tests_library/jQueryTestSuite/index.html\", protocol:\"HTTP/1.1\", remoteUser:\"\", remoteHost:\"desktop-lpv0ncp\", remoteAddr:\"::1\", pageFile:\"E:/Aptana Jaxer Apache/Jaxer/Apache2-4Build/jaxer/aptana/diagnostics/unit_tests_library/jQueryTestSuite/index.html\", documentRoot:\"E:/Aptana Jaxer Apache/Jaxer/Apache2-4Build/public\", OS:\"WINNT\", isJaxerServer:false, isHTTPS:false, queryString:\"\", logFileNativePath:\"\", action:\"GET\", headers:{Host:\"localhost:8081\", Connection:\"keep-alive\", 'sec-ch-ua':\"\\\"Chromium\\\";v=\\\"140\\\", \\\"Not=A?Brand\\\";v=\\\"24\\\", \\\"Opera\\\";v=\\\"124\\\"\", 'sec-ch-ua-mobile':\"?0\", 'sec-ch-ua-platform':\"\\\"Windows\\\"\", 'Upgrade-Insecure-Requests':\"1\", 'User-Agent':\"Mozilla/5.0 (Windows NT 10.0; Win64; x64) AppleWebKit/537.36 (KHTML, like Gecko) Chrome/140.0.0.0 Safari/537.36 OPR/124.0.0.0\", Accept:\"text/html,application/xhtml+xml,application/xml;q=0.9,image/avif,image/webp,image/apng,*/*;q=0.8,application/signed-exchange;v=b3;q=0.7\", 'Sec-Fetch-Site':\"same-origin\", 'Sec-Fetch-Mode':\"navigate\", 'Sec-Fetch-User':\"?1\", 'Sec-Fetch-Dest':\"document\", Referer:\"http://localhost:8081/aptana/\", 'Accept-Encoding':\"gzip, deflate, br, zstd\", 'Accept-Language':\"en-US,en;q=0.9\", Cookie:\"JaxerSessionId%24%24localhost%3A8081=176589175647709027719934159097; JaxerSessionId%24%24diagnostics=1766389857171006019406608883027; JaxerSessionId%24%24chat=176650225815408013378880202926; JaxerSessionId%24%24smtp-email=1766502615487048247814800171795; JaxerSessionId%24%24rss-sample=1766502620172023884340692192807; JaxerSessionId%24%24tasks=176650262827103192941976629359; JaxerSessionId%24%24wikilite=1766502633159009874746526267386; JaxerSessionId%24%24logging=176650264152708165463317747484; JaxerSessionId%24%24csajax=176650265576703773913072428896; JaxerSessionId%24%24shell=176650266145103665372259304419\"}})")
  ->  [Request.js:202] Request([object XPCWrappedNative_NoHelper])
  ->  [ParseStart.js:49] onParseStart([object XPCWrappedNative_NoHelper])
  ->  [CoreEvents.js:293] fireEvent("PARSE_START",[object Array])
  ->  [CoreEvents.js:238] fire("PARSE_START",[object XPCWrappedNative_NoHelper])
  ->  [aptEventHandler.js:306] observe([object XPCWrappedNative_NoHelper],"jaxerEvent.HTMLParseStart",null)
paths:
  -> file:///E:/Aptana%20Jaxer%20Apache/Jaxer/Apache2-4Build/jaxer/framework/src/ModuleLogger.js
  -> file:///E:/Aptana%20Jaxer%20Apache/Jaxer/Apache2-4Build/jaxer/framework/src/Request.js
  -> file:///E:/Aptana%20Jaxer%20Apache/Jaxer/Apache2-4Build/jaxer/framework/src/ParseStart.js
  -> file:///E:/Aptana%20Jaxer%20Apache/Jaxer/Apache2-4Build/jaxer/framework/src/CoreEvents.js
  -> file:///E:/Aptana%20Jaxer%20Apache/Jaxer/Apache2-4Build/jaxer/components/aptEventHandler.js

01:13:21 12/24/2025 [ 22864] [TRACE] [JS Framework] [ParseStart.onParseStart] Matching app using parsedUrl='({url:"http://localhost:8081/aptana/diagnostics/unit_tests_library/jQueryTestSuite/index.html", scheme:"http", protocol:"http", authority:"localhost:8081", path:"/aptana/diagnostics/unit_tests_library/jQueryTestSuite/index.html", query:"", fragment:"", userInfo:"", host:"localhost", port:"8081", hostAndPort:"localhost:8081", base:"http://localhost:8081", subdomain:"", domain:"localhost", pathParts:["aptana", "diagnostics", "unit_tests_library", "jQueryTestSuite", "index.html"], leaf:"index.html", queryParts:{}})'
stack:
  ->  [ModuleLogger.js:98] trace("Matching app using parsedUrl='({url:\"http://localhost:8081/aptana/diagnostics/unit_tests_library/jQueryTestSuite/index.html\", scheme:\"http\", protocol:\"http\", authority:\"localhost:8081\", path:\"/aptana/diagnostics/unit_tests_library/jQueryTestSuite/index.html\", query:\"\", fragment:\"\", userInfo:\"\", host:\"localhost\", port:\"8081\", hostAndPort:\"localhost:8081\", base:\"http://localhost:8081\", subdomain:\"\", domain:\"localhost\", pathParts:[\"aptana\", \"diagnostics\", \"unit_tests_library\", \"jQueryTestSuite\", \"index.html\"], leaf:\"index.html\", queryParts:{}})'")
  ->  [ParseStart.js:81] onParseStart([object XPCWrappedNative_NoHelper])
  ->  [CoreEvents.js:293] fireEvent("PARSE_START",[object Array])
  ->  [CoreEvents.js:238] fire("PARSE_START",[object XPCWrappedNative_NoHelper])
  ->  [aptEventHandler.js:306] observe([object XPCWrappedNative_NoHelper],"jaxerEvent.HTMLParseStart",null)
paths:
  -> file:///E:/Aptana%20Jaxer%20Apache/Jaxer/Apache2-4Build/jaxer/framework/src/ModuleLogger.js
  -> file:///E:/Aptana%20Jaxer%20Apache/Jaxer/Apache2-4Build/jaxer/framework/src/ParseStart.js
  -> file:///E:/Aptana%20Jaxer%20Apache/Jaxer/Apache2-4Build/jaxer/framework/src/CoreEvents.js
  -> file:///E:/Aptana%20Jaxer%20Apache/Jaxer/Apache2-4Build/jaxer/components/aptEventHandler.js

01:13:21 12/24/2025 [ 22864] [TRACE] [JS Framework] [App.init] Initializing app 'DEFAULT' (urlTest: /.*/)
stack:
  ->  [ModuleLogger.js:98] trace("Initializing app 'DEFAULT' (urlTest: /.*/)")
  ->  [App.js:184] init()
  ->  [ParseStart.js:110] onParseStart([object XPCWrappedNative_NoHelper])
  ->  [CoreEvents.js:293] fireEvent("PARSE_START",[object Array])
  ->  [CoreEvents.js:238] fire("PARSE_START",[object XPCWrappedNative_NoHelper])
  ->  [aptEventHandler.js:306] observe([object XPCWrappedNative_NoHelper],"jaxerEvent.HTMLParseStart",null)
paths:
  -> file:///E:/Aptana%20Jaxer%20Apache/Jaxer/Apache2-4Build/jaxer/framework/src/ModuleLogger.js
  -> file:///E:/Aptana%20Jaxer%20Apache/Jaxer/Apache2-4Build/jaxer/framework/src/App.js
  -> file:///E:/Aptana%20Jaxer%20Apache/Jaxer/Apache2-4Build/jaxer/framework/src/ParseStart.js
  -> file:///E:/Aptana%20Jaxer%20Apache/Jaxer/Apache2-4Build/jaxer/framework/src/CoreEvents.js
  -> file:///E:/Aptana%20Jaxer%20Apache/Jaxer/Apache2-4Build/jaxer/components/aptEventHandler.js

01:13:21 12/24/2025 [ 22864] [TRACE] [JS Framework] [App.init] APP_KEY for app 'DEFAULT': localhost:8081
stack:
  ->  [ModuleLogger.js:98] trace("APP_KEY for app 'DEFAULT': localhost:8081")
  ->  [App.js:196] init()
  ->  [ParseStart.js:110] onParseStart([object XPCWrappedNative_NoHelper])
  ->  [CoreEvents.js:293] fireEvent("PARSE_START",[object Array])
  ->  [CoreEvents.js:238] fire("PARSE_START",[object XPCWrappedNative_NoHelper])
  ->  [aptEventHandler.js:306] observe([object XPCWrappedNative_NoHelper],"jaxerEvent.HTMLParseStart",null)
paths:
  -> file:///E:/Aptana%20Jaxer%20Apache/Jaxer/Apache2-4Build/jaxer/framework/src/ModuleLogger.js
  -> file:///E:/Aptana%20Jaxer%20Apache/Jaxer/Apache2-4Build/jaxer/framework/src/App.js
  -> file:///E:/Aptana%20Jaxer%20Apache/Jaxer/Apache2-4Build/jaxer/framework/src/ParseStart.js
  -> file:///E:/Aptana%20Jaxer%20Apache/Jaxer/Apache2-4Build/jaxer/framework/src/CoreEvents.js
  -> file:///E:/Aptana%20Jaxer%20Apache/Jaxer/Apache2-4Build/jaxer/components/aptEventHandler.js

01:13:21 12/24/2025 [ 22864] [TRACE] [JS Framework] [App.init] PAGE_KEY for app 'DEFAULT': localhost:8081/aptana/diagnostics/unit_tests_library/jQueryTestSuite/index.html
stack:
  ->  [ModuleLogger.js:98] trace("PAGE_KEY for app 'DEFAULT': localhost:8081/aptana/diagnostics/unit_tests_library/jQueryTestSuite/index.html")
  ->  [App.js:208] init()
  ->  [ParseStart.js:110] onParseStart([object XPCWrappedNative_NoHelper])
  ->  [CoreEvents.js:293] fireEvent("PARSE_START",[object Array])
  ->  [CoreEvents.js:238] fire("PARSE_START",[object XPCWrappedNative_NoHelper])
  ->  [aptEventHandler.js:306] observe([object XPCWrappedNative_NoHelper],"jaxerEvent.HTMLParseStart",null)
paths:
  -> file:///E:/Aptana%20Jaxer%20Apache/Jaxer/Apache2-4Build/jaxer/framework/src/ModuleLogger.js
  -> file:///E:/Aptana%20Jaxer%20Apache/Jaxer/Apache2-4Build/jaxer/framework/src/App.js
  -> file:///E:/Aptana%20Jaxer%20Apache/Jaxer/Apache2-4Build/jaxer/framework/src/ParseStart.js
  -> file:///E:/Aptana%20Jaxer%20Apache/Jaxer/Apache2-4Build/jaxer/framework/src/CoreEvents.js
  -> file:///E:/Aptana%20Jaxer%20Apache/Jaxer/Apache2-4Build/jaxer/components/aptEventHandler.js

01:13:21 12/24/2025 [ 22864] [TRACE] [JS Framework] [App.init] PATH for app 'DEFAULT': resource:///../local_jaxer/data/DEFAULT
stack:
  ->  [ModuleLogger.js:98] trace("PATH for app 'DEFAULT': resource:///../local_jaxer/data/DEFAULT")
  ->  [App.js:231] init()
  ->  [ParseStart.js:110] onParseStart([object XPCWrappedNative_NoHelper])
  ->  [CoreEvents.js:293] fireEvent("PARSE_START",[object Array])
  ->  [CoreEvents.js:238] fire("PARSE_START",[object XPCWrappedNative_NoHelper])
  ->  [aptEventHandler.js:306] observe([object XPCWrappedNative_NoHelper],"jaxerEvent.HTMLParseStart",null)
paths:
  -> file:///E:/Aptana%20Jaxer%20Apache/Jaxer/Apache2-4Build/jaxer/framework/src/ModuleLogger.js
  -> file:///E:/Aptana%20Jaxer%20Apache/Jaxer/Apache2-4Build/jaxer/framework/src/App.js
  -> file:///E:/Aptana%20Jaxer%20Apache/Jaxer/Apache2-4Build/jaxer/framework/src/ParseStart.js
  -> file:///E:/Aptana%20Jaxer%20Apache/Jaxer/Apache2-4Build/jaxer/framework/src/CoreEvents.js
  -> file:///E:/Aptana%20Jaxer%20Apache/Jaxer/Apache2-4Build/jaxer/components/aptEventHandler.js

01:13:21 12/24/2025 [ 22864] [TRACE] [JS Framework] [App.App] Constructing App from props: ({urlTest:(function (parsedUrl) {return parsedUrl.pathParts.length > 1 && parsedUrl.pathParts[0] == "aptana" && parsedUrl.pathParts[1] == "diagnostics";}), name:(function (parsedUrl) {return "diagnostics";}), path:(function (resolvedName, parsedUrl) {return Dir.combine(Config.DEFAULT_PATH_BASE, "diagnostics");}), db:(function (resolvedName, parsedUrl) {switch (Config.DEFAULT_DB.IMPLEMENTATION) {case "SQLite":return Util.extend(Config.DEFAULT_DB, {PATH: Dir.combine(Config.DEFAULT_PATH_BASE, "diagnostics", "diagnostics.sqlite")});case "MySQL":return Util.extend(Config.DEFAULT_DB, {NAME: resolvedName});default:throw new Exception("Unrecognized database implementation: " + Config.DEFAULT_DB.IMPLEMENTATION);}}), MAIL_SERVER:"localhost", APPLICATION_LABEL:"diagnostic tests"}) and a default app of: ({urlTest:/.*/, name:"DEFAULT", appKey:(function (parsedUrl) {return parsedUrl.hostAndPort;}), pageKey:(function (parsedUrl) {return parsedUrl.hostAndPort + parsedUrl.path;}), db:function smartDB(resolvedName, parsedUrl) {switch (Config.DEFAULT_DB.IMPLEMENTATION) {case "SQLite":return Util.extend(Config.DEFAULT_DB, {PATH: Dir.combine(Config.DEFAULT_PATH_BASE, resolvedName, "appdata.sqlite")});case "MySQL":return Util.extend(Config.DEFAULT_DB, {NAME: resolvedName});default:throw new Exception("Unrecognized database implementation: " + Config.DEFAULT_DB.IMPLEMENTATION);}}, path:(function (resolvedName, parsedUrl) {return Dir.combine(Config.DEFAULT_PATH_BASE, resolvedName);}), handler:(void 0), get NAME () {return _NAME;}, get APP_KEY () {return _APP_KEY;}, get PAGE_KEY () {return _PAGE_KEY;}, get DB () {return _DB;}, get PATH () {return _PATH;}})
stack:
  ->  [ModuleLogger.js:98] trace("Constructing App from props: ({urlTest:(function (parsedUrl) {return parsedUrl.pathParts.length > 1 && parsedUrl.pathParts[0] == \"aptana\" && parsedUrl.pathParts[1] == \"diagnostics\";}), name:(function (parsedUrl) {return \"diagnostics\";}), path:(function (resolvedName, parsedUrl) {return Dir.combine(Config.DEFAULT_PATH_BASE, \"diagnostics\");}), db:(function (resolvedName, parsedUrl) {switch (Config.DEFAULT_DB.IMPLEMENTATION) {case \"SQLite\":return Util.extend(Config.DEFAULT_DB, {PATH: Dir.combine(Config.DEFAULT_PATH_BASE, \"diagnostics\", \"diagnostics.sqlite\")});case \"MySQL\":return Util.extend(Config.DEFAULT_DB, {NAME: resolvedName});default:throw new Exception(\"Unrecognized database implementation: \" + Config.DEFAULT_DB.IMPLEMENTATION);}}), MAIL_SERVER:\"localhost\", APPLICATION_LABEL:\"diagnostic tests\"}) and a default app of: ({urlTest:/.*/, name:\"DEFAULT\", appKey:(function (parsedUrl) {return parsedUrl.hostAndPort;}), pageKey:(function (parsedUrl) {return parsedUrl.hostAndPort + parsedUrl.path;}), db:function smartDB(resolvedName, parsedUrl) {switch (Config.DEFAULT_DB.IMPLEMENTATION) {case \"SQLite\":return Util.extend(Config.DEFAULT_DB, {PATH: Dir.combine(Config.DEFAULT_PATH_BASE, resolvedName, \"appdata.sqlite\")});case \"MySQL\":return Util.extend(Config.DEFAULT_DB, {NAME: resolvedName});default:throw new Exception(\"Unrecognized database implementation: \" + Config.DEFAULT_DB.IMPLEMENTATION);}}, path:(function (resolvedName, parsedUrl) {return Dir.combine(Config.DEFAULT_PATH_BASE, resolvedName);}), handler:(void 0), get NAME () {return _NAME;}, get APP_KEY () {return _APP_KEY;}, get PAGE_KEY () {return _PAGE_KEY;}, get DB () {return _DB;}, get PATH () {return _PATH;}})")
  ->  [App.js:56] App([object Object])
  ->  [ParseStart.js:111] onParseStart([object XPCWrappedNative_NoHelper])
  ->  [CoreEvents.js:293] fireEvent("PARSE_START",[object Array])
  ->  [CoreEvents.js:238] fire("PARSE_START",[object XPCWrappedNative_NoHelper])
  ->  [aptEventHandler.js:306] observe([object XPCWrappedNative_NoHelper],"jaxerEvent.HTMLParseStart",null)
paths:
  -> file:///E:/Aptana%20Jaxer%20Apache/Jaxer/Apache2-4Build/jaxer/framework/src/ModuleLogger.js
  -> file:///E:/Aptana%20Jaxer%20Apache/Jaxer/Apache2-4Build/jaxer/framework/src/App.js
  -> file:///E:/Aptana%20Jaxer%20Apache/Jaxer/Apache2-4Build/jaxer/framework/src/ParseStart.js
  -> file:///E:/Aptana%20Jaxer%20Apache/Jaxer/Apache2-4Build/jaxer/framework/src/CoreEvents.js
  -> file:///E:/Aptana%20Jaxer%20Apache/Jaxer/Apache2-4Build/jaxer/components/aptEventHandler.js

01:13:21 12/24/2025 [ 22864] [TRACE] [JS Framework] [App.init] Initializing app 'diagnostics' (urlTest: function (parsedUrl) {
    return parsedUrl.pathParts.length > 1 &&
        parsedUrl.pathParts[0] == "aptana" &&
        parsedUrl.pathParts[1] == "diagnostics";
})
stack:
  ->  [ModuleLogger.js:98] trace("Initializing app 'diagnostics' (urlTest: function (parsedUrl) {\n    return parsedUrl.pathParts.length > 1 &&\n        parsedUrl.pathParts[0] == \"aptana\" &&\n        parsedUrl.pathParts[1] == \"diagnostics\";\n})")
  ->  [App.js:184] init()
  ->  [App.js:151] App([object Object])
  ->  [ParseStart.js:111] onParseStart([object XPCWrappedNative_NoHelper])
  ->  [CoreEvents.js:293] fireEvent("PARSE_START",[object Array])
  ->  [CoreEvents.js:238] fire("PARSE_START",[object XPCWrappedNative_NoHelper])
  ->  [aptEventHandler.js:306] observe([object XPCWrappedNative_NoHelper],"jaxerEvent.HTMLParseStart",null)
paths:
  -> file:///E:/Aptana%20Jaxer%20Apache/Jaxer/Apache2-4Build/jaxer/framework/src/ModuleLogger.js
  -> file:///E:/Aptana%20Jaxer%20Apache/Jaxer/Apache2-4Build/jaxer/framework/src/App.js
  -> file:///E:/Aptana%20Jaxer%20Apache/Jaxer/Apache2-4Build/jaxer/framework/src/ParseStart.js
  -> file:///E:/Aptana%20Jaxer%20Apache/Jaxer/Apache2-4Build/jaxer/framework/src/CoreEvents.js
  -> file:///E:/Aptana%20Jaxer%20Apache/Jaxer/Apache2-4Build/jaxer/components/aptEventHandler.js

01:13:21 12/24/2025 [ 22864] [TRACE] [JS Framework] [App.init] APP_KEY for app 'diagnostics': diagnostics
stack:
  ->  [ModuleLogger.js:98] trace("APP_KEY for app 'diagnostics': diagnostics")
  ->  [App.js:196] init()
  ->  [App.js:151] App([object Object])
  ->  [ParseStart.js:111] onParseStart([object XPCWrappedNative_NoHelper])
  ->  [CoreEvents.js:293] fireEvent("PARSE_START",[object Array])
  ->  [CoreEvents.js:238] fire("PARSE_START",[object XPCWrappedNative_NoHelper])
  ->  [aptEventHandler.js:306] observe([object XPCWrappedNative_NoHelper],"jaxerEvent.HTMLParseStart",null)
paths:
  -> file:///E:/Aptana%20Jaxer%20Apache/Jaxer/Apache2-4Build/jaxer/framework/src/ModuleLogger.js
  -> file:///E:/Aptana%20Jaxer%20Apache/Jaxer/Apache2-4Build/jaxer/framework/src/App.js
  -> file:///E:/Aptana%20Jaxer%20Apache/Jaxer/Apache2-4Build/jaxer/framework/src/ParseStart.js
  -> file:///E:/Aptana%20Jaxer%20Apache/Jaxer/Apache2-4Build/jaxer/framework/src/CoreEvents.js
  -> file:///E:/Aptana%20Jaxer%20Apache/Jaxer/Apache2-4Build/jaxer/components/aptEventHandler.js

01:13:21 12/24/2025 [ 22864] [TRACE] [JS Framework] [App.init] PAGE_KEY for app 'diagnostics': localhost:8081/aptana/diagnostics/unit_tests_library/jQueryTestSuite/index.html
stack:
  ->  [ModuleLogger.js:98] trace("PAGE_KEY for app 'diagnostics': localhost:8081/aptana/diagnostics/unit_tests_library/jQueryTestSuite/index.html")
  ->  [App.js:208] init()
  ->  [App.js:151] App([object Object])
  ->  [ParseStart.js:111] onParseStart([object XPCWrappedNative_NoHelper])
  ->  [CoreEvents.js:293] fireEvent("PARSE_START",[object Array])
  ->  [CoreEvents.js:238] fire("PARSE_START",[object XPCWrappedNative_NoHelper])
  ->  [aptEventHandler.js:306] observe([object XPCWrappedNative_NoHelper],"jaxerEvent.HTMLParseStart",null)
paths:
  -> file:///E:/Aptana%20Jaxer%20Apache/Jaxer/Apache2-4Build/jaxer/framework/src/ModuleLogger.js
  -> file:///E:/Aptana%20Jaxer%20Apache/Jaxer/Apache2-4Build/jaxer/framework/src/App.js
  -> file:///E:/Aptana%20Jaxer%20Apache/Jaxer/Apache2-4Build/jaxer/framework/src/ParseStart.js
  -> file:///E:/Aptana%20Jaxer%20Apache/Jaxer/Apache2-4Build/jaxer/framework/src/CoreEvents.js
  -> file:///E:/Aptana%20Jaxer%20Apache/Jaxer/Apache2-4Build/jaxer/components/aptEventHandler.js

01:13:21 12/24/2025 [ 22864] [TRACE] [JS Framework] [App.init] PATH for app 'diagnostics': resource:///../local_jaxer/data/diagnostics
stack:
  ->  [ModuleLogger.js:98] trace("PATH for app 'diagnostics': resource:///../local_jaxer/data/diagnostics")
  ->  [App.js:231] init()
  ->  [App.js:151] App([object Object])
  ->  [ParseStart.js:111] onParseStart([object XPCWrappedNative_NoHelper])
  ->  [CoreEvents.js:293] fireEvent("PARSE_START",[object Array])
  ->  [CoreEvents.js:238] fire("PARSE_START",[object XPCWrappedNative_NoHelper])
  ->  [aptEventHandler.js:306] observe([object XPCWrappedNative_NoHelper],"jaxerEvent.HTMLParseStart",null)
paths:
  -> file:///E:/Aptana%20Jaxer%20Apache/Jaxer/Apache2-4Build/jaxer/framework/src/ModuleLogger.js
  -> file:///E:/Aptana%20Jaxer%20Apache/Jaxer/Apache2-4Build/jaxer/framework/src/App.js
  -> file:///E:/Aptana%20Jaxer%20Apache/Jaxer/Apache2-4Build/jaxer/framework/src/ParseStart.js
  -> file:///E:/Aptana%20Jaxer%20Apache/Jaxer/Apache2-4Build/jaxer/framework/src/CoreEvents.js
  -> file:///E:/Aptana%20Jaxer%20Apache/Jaxer/Apache2-4Build/jaxer/components/aptEventHandler.js

01:13:21 12/24/2025 [ 22864] [TRACE] [JS Framework] [ParseStart.onParseStart] Using app 'diagnostics': urlTest = function (parsedUrl) {
    return parsedUrl.pathParts.length > 1 &&
        parsedUrl.pathParts[0] == "aptana" &&
        parsedUrl.pathParts[1] == "diagnostics";
}
stack:
  ->  [ModuleLogger.js:98] trace("Using app 'diagnostics': urlTest = function (parsedUrl) {\n    return parsedUrl.pathParts.length > 1 &&\n        parsedUrl.pathParts[0] == \"aptana\" &&\n        parsedUrl.pathParts[1] == \"diagnostics\";\n}")
  ->  [ParseStart.js:113] onParseStart([object XPCWrappedNative_NoHelper])
  ->  [CoreEvents.js:293] fireEvent("PARSE_START",[object Array])
  ->  [CoreEvents.js:238] fire("PARSE_START",[object XPCWrappedNative_NoHelper])
  ->  [aptEventHandler.js:306] observe([object XPCWrappedNative_NoHelper],"jaxerEvent.HTMLParseStart",null)
paths:
  -> file:///E:/Aptana%20Jaxer%20Apache/Jaxer/Apache2-4Build/jaxer/framework/src/ModuleLogger.js
  -> file:///E:/Aptana%20Jaxer%20Apache/Jaxer/Apache2-4Build/jaxer/framework/src/ParseStart.js
  -> file:///E:/Aptana%20Jaxer%20Apache/Jaxer/Apache2-4Build/jaxer/framework/src/CoreEvents.js
  -> file:///E:/Aptana%20Jaxer%20Apache/Jaxer/Apache2-4Build/jaxer/components/aptEventHandler.js

01:13:21 12/24/2025 [ 22864] [DEBUG] [JS Framework] [SessionManager.keyFromRequest] Getting session key from the client via cookie JaxerSessionId$$diagnostics: 1766389857171006019406608883027
stack:
  ->  [ModuleLogger.js:98] debug("Getting session key from the client via cookie JaxerSessionId$$diagnostics: 1766389857171006019406608883027")
  ->  [SessionManager.js:59] keyFromRequest("diagnostics")
  ->  [Container.js:474] init("diagnostics","localhost:8081/aptana/diagnostics/unit_tests_library/jQueryTestSuite/index.html")
  ->  [ParseStart.js:122] onParseStart([object XPCWrappedNative_NoHelper])
  ->  [CoreEvents.js:293] fireEvent("PARSE_START",[object Array])
  ->  [CoreEvents.js:238] fire("PARSE_START",[object XPCWrappedNative_NoHelper])
  ->  [aptEventHandler.js:306] observe([object XPCWrappedNative_NoHelper],"jaxerEvent.HTMLParseStart",null)
paths:
  -> file:///E:/Aptana%20Jaxer%20Apache/Jaxer/Apache2-4Build/jaxer/framework/src/ModuleLogger.js
  -> file:///E:/Aptana%20Jaxer%20Apache/Jaxer/Apache2-4Build/jaxer/framework/src/SessionManager.js
  -> file:///E:/Aptana%20Jaxer%20Apache/Jaxer/Apache2-4Build/jaxer/framework/src/Container.js
  -> file:///E:/Aptana%20Jaxer%20Apache/Jaxer/Apache2-4Build/jaxer/framework/src/ParseStart.js
  -> file:///E:/Aptana%20Jaxer%20Apache/Jaxer/Apache2-4Build/jaxer/framework/src/CoreEvents.js
  -> file:///E:/Aptana%20Jaxer%20Apache/Jaxer/Apache2-4Build/jaxer/components/aptEventHandler.js

01:13:21 12/24/2025 [ 22864] [DEBUG] [JS Framework] [Container.init] Created APPLICATION container as Jaxer.application with key diagnostics
stack:
  ->  [ModuleLogger.js:98] debug("Created APPLICATION container as Jaxer.application with key diagnostics")
  ->  [Container.js:485] init("diagnostics","localhost:8081/aptana/diagnostics/unit_tests_library/jQueryTestSuite/index.html")
  ->  [ParseStart.js:122] onParseStart([object XPCWrappedNative_NoHelper])
  ->  [CoreEvents.js:293] fireEvent("PARSE_START",[object Array])
  ->  [CoreEvents.js:238] fire("PARSE_START",[object XPCWrappedNative_NoHelper])
  ->  [aptEventHandler.js:306] observe([object XPCWrappedNative_NoHelper],"jaxerEvent.HTMLParseStart",null)
paths:
  -> file:///E:/Aptana%20Jaxer%20Apache/Jaxer/Apache2-4Build/jaxer/framework/src/ModuleLogger.js
  -> file:///E:/Aptana%20Jaxer%20Apache/Jaxer/Apache2-4Build/jaxer/framework/src/Container.js
  -> file:///E:/Aptana%20Jaxer%20Apache/Jaxer/Apache2-4Build/jaxer/framework/src/ParseStart.js
  -> file:///E:/Aptana%20Jaxer%20Apache/Jaxer/Apache2-4Build/jaxer/framework/src/CoreEvents.js
  -> file:///E:/Aptana%20Jaxer%20Apache/Jaxer/Apache2-4Build/jaxer/components/aptEventHandler.js

01:13:21 12/24/2025 [ 22864] [DEBUG] [JS Framework] [Container.init] Created PAGE container as Jaxer.page with key localhost:8081/aptana/diagnostics/unit_tests_library/jQueryTestSuite/index.html
stack:
  ->  [ModuleLogger.js:98] debug("Created PAGE container as Jaxer.page with key localhost:8081/aptana/diagnostics/unit_tests_library/jQueryTestSuite/index.html")
  ->  [Container.js:485] init("diagnostics","localhost:8081/aptana/diagnostics/unit_tests_library/jQueryTestSuite/index.html")
  ->  [ParseStart.js:122] onParseStart([object XPCWrappedNative_NoHelper])
  ->  [CoreEvents.js:293] fireEvent("PARSE_START",[object Array])
  ->  [CoreEvents.js:238] fire("PARSE_START",[object XPCWrappedNative_NoHelper])
  ->  [aptEventHandler.js:306] observe([object XPCWrappedNative_NoHelper],"jaxerEvent.HTMLParseStart",null)
paths:
  -> file:///E:/Aptana%20Jaxer%20Apache/Jaxer/Apache2-4Build/jaxer/framework/src/ModuleLogger.js
  -> file:///E:/Aptana%20Jaxer%20Apache/Jaxer/Apache2-4Build/jaxer/framework/src/Container.js
  -> file:///E:/Aptana%20Jaxer%20Apache/Jaxer/Apache2-4Build/jaxer/framework/src/ParseStart.js
  -> file:///E:/Aptana%20Jaxer%20Apache/Jaxer/Apache2-4Build/jaxer/framework/src/CoreEvents.js
  -> file:///E:/Aptana%20Jaxer%20Apache/Jaxer/Apache2-4Build/jaxer/components/aptEventHandler.js

01:13:21 12/24/2025 [ 22864] [DEBUG] [JS Framework] [Container.init] Created SESSION container as Jaxer.session with key 1766389857171006019406608883027
stack:
  ->  [ModuleLogger.js:98] debug("Created SESSION container as Jaxer.session with key 1766389857171006019406608883027")
  ->  [Container.js:485] init("diagnostics","localhost:8081/aptana/diagnostics/unit_tests_library/jQueryTestSuite/index.html")
  ->  [ParseStart.js:122] onParseStart([object XPCWrappedNative_NoHelper])
  ->  [CoreEvents.js:293] fireEvent("PARSE_START",[object Array])
  ->  [CoreEvents.js:238] fire("PARSE_START",[object XPCWrappedNative_NoHelper])
  ->  [aptEventHandler.js:306] observe([object XPCWrappedNative_NoHelper],"jaxerEvent.HTMLParseStart",null)
paths:
  -> file:///E:/Aptana%20Jaxer%20Apache/Jaxer/Apache2-4Build/jaxer/framework/src/ModuleLogger.js
  -> file:///E:/Aptana%20Jaxer%20Apache/Jaxer/Apache2-4Build/jaxer/framework/src/Container.js
  -> file:///E:/Aptana%20Jaxer%20Apache/Jaxer/Apache2-4Build/jaxer/framework/src/ParseStart.js
  -> file:///E:/Aptana%20Jaxer%20Apache/Jaxer/Apache2-4Build/jaxer/framework/src/CoreEvents.js
  -> file:///E:/Aptana%20Jaxer%20Apache/Jaxer/Apache2-4Build/jaxer/components/aptEventHandler.js

01:13:21 12/24/2025 [ 22864] [DEBUG] [JS Framework] [Container.init] Created SESSION_PAGE container as Jaxer.sessionPage with key 1766389857171006019406608883027$$localhost:8081/aptana/diagnostics/unit_tests_library/jQueryTestSuite/index.html
stack:
  ->  [ModuleLogger.js:98] debug("Created SESSION_PAGE container as Jaxer.sessionPage with key 1766389857171006019406608883027$$localhost:8081/aptana/diagnostics/unit_tests_library/jQueryTestSuite/index.html")
  ->  [Container.js:485] init("diagnostics","localhost:8081/aptana/diagnostics/unit_tests_library/jQueryTestSuite/index.html")
  ->  [ParseStart.js:122] onParseStart([object XPCWrappedNative_NoHelper])
  ->  [CoreEvents.js:293] fireEvent("PARSE_START",[object Array])
  ->  [CoreEvents.js:238] fire("PARSE_START",[object XPCWrappedNative_NoHelper])
  ->  [aptEventHandler.js:306] observe([object XPCWrappedNative_NoHelper],"jaxerEvent.HTMLParseStart",null)
paths:
  -> file:///E:/Aptana%20Jaxer%20Apache/Jaxer/Apache2-4Build/jaxer/framework/src/ModuleLogger.js
  -> file:///E:/Aptana%20Jaxer%20Apache/Jaxer/Apache2-4Build/jaxer/framework/src/Container.js
  -> file:///E:/Aptana%20Jaxer%20Apache/Jaxer/Apache2-4Build/jaxer/framework/src/ParseStart.js
  -> file:///E:/Aptana%20Jaxer%20Apache/Jaxer/Apache2-4Build/jaxer/framework/src/CoreEvents.js
  -> file:///E:/Aptana%20Jaxer%20Apache/Jaxer/Apache2-4Build/jaxer/components/aptEventHandler.js

01:13:21 12/24/2025 [ 22864] [TRACE] [JS Framework] [DB.setDefault] Setting default connection for app: diagnostics
stack:
  ->  [ModuleLogger.js:98] trace("Setting default connection for app: diagnostics")
  ->  [DB.js:162] setDefault("diagnostics",[object Object])
  ->  [ParseStart.js:123] onParseStart([object XPCWrappedNative_NoHelper])
  ->  [CoreEvents.js:293] fireEvent("PARSE_START",[object Array])
  ->  [CoreEvents.js:238] fire("PARSE_START",[object XPCWrappedNative_NoHelper])
  ->  [aptEventHandler.js:306] observe([object XPCWrappedNative_NoHelper],"jaxerEvent.HTMLParseStart",null)
paths:
  -> file:///E:/Aptana%20Jaxer%20Apache/Jaxer/Apache2-4Build/jaxer/framework/src/ModuleLogger.js
  -> file:///E:/Aptana%20Jaxer%20Apache/Jaxer/Apache2-4Build/jaxer/framework/src/DB.js
  -> file:///E:/Aptana%20Jaxer%20Apache/Jaxer/Apache2-4Build/jaxer/framework/src/ParseStart.js
  -> file:///E:/Aptana%20Jaxer%20Apache/Jaxer/Apache2-4Build/jaxer/framework/src/CoreEvents.js
  -> file:///E:/Aptana%20Jaxer%20Apache/Jaxer/Apache2-4Build/jaxer/components/aptEventHandler.js

01:13:21 12/24/2025 [ 22864] [TRACE] [JS Framework] [DB.initDefault] Creating database (if necessary) for app: diagnostics
stack:
  ->  [ModuleLogger.js:98] trace("Creating database (if necessary) for app: diagnostics")
  ->  [DB.js:136] initDefault("diagnostics",[object Object])
  ->  [DB.js:174] setDefault("diagnostics",[object Object])
  ->  [ParseStart.js:123] onParseStart([object XPCWrappedNative_NoHelper])
  ->  [CoreEvents.js:293] fireEvent("PARSE_START",[object Array])
  ->  [CoreEvents.js:238] fire("PARSE_START",[object XPCWrappedNative_NoHelper])
  ->  [aptEventHandler.js:306] observe([object XPCWrappedNative_NoHelper],"jaxerEvent.HTMLParseStart",null)
paths:
  -> file:///E:/Aptana%20Jaxer%20Apache/Jaxer/Apache2-4Build/jaxer/framework/src/ModuleLogger.js
  -> file:///E:/Aptana%20Jaxer%20Apache/Jaxer/Apache2-4Build/jaxer/framework/src/DB.js
  -> file:///E:/Aptana%20Jaxer%20Apache/Jaxer/Apache2-4Build/jaxer/framework/src/ParseStart.js
  -> file:///E:/Aptana%20Jaxer%20Apache/Jaxer/Apache2-4Build/jaxer/framework/src/CoreEvents.js
  -> file:///E:/Aptana%20Jaxer%20Apache/Jaxer/Apache2-4Build/jaxer/components/aptEventHandler.js

01:13:21 12/24/2025 [ 22864] [TRACE] [JS Framework] [DB.SQLite.validateConnectionParameters] Connection parameters OK :({IMPLEMENTATION:"SQLite", PATH:"resource:///../local_jaxer/data/diagnostics/diagnostics.sqlite", CLOSE_AFTER_EXECUTE:false, CLOSE_AFTER_REQUEST:true, MAX_NUM_TRIES:100, MILLIS_BETWEEN_TRIES:37})
stack:
  ->  [ModuleLogger.js:98] trace("Connection parameters OK :({IMPLEMENTATION:\"SQLite\", PATH:\"resource:///../local_jaxer/data/diagnostics/diagnostics.sqlite\", CLOSE_AFTER_EXECUTE:false, CLOSE_AFTER_REQUEST:true, MAX_NUM_TRIES:100, MILLIS_BETWEEN_TRIES:37})")
  ->  [DB_SQLite.js:83] validateConnectionParameters([object Object])
  ->  [DB_SQLite.js:148] Connection([object Object])
  ->  [DB_SQLite.js:104] createDB([object Object])
  ->  [DB.js:137] initDefault("diagnostics",[object Object])
  ->  [DB.js:174] setDefault("diagnostics",[object Object])
  ->  [ParseStart.js:123] onParseStart([object XPCWrappedNative_NoHelper])
  ->  [CoreEvents.js:293] fireEvent("PARSE_START",[object Array])
  ->  [CoreEvents.js:238] fire("PARSE_START",[object XPCWrappedNative_NoHelper])
  ->  [aptEventHandler.js:306] observe([object XPCWrappedNative_NoHelper],"jaxerEvent.HTMLParseStart",null)
paths:
  -> file:///E:/Aptana%20Jaxer%20Apache/Jaxer/Apache2-4Build/jaxer/framework/src/ModuleLogger.js
  -> file:///E:/Aptana%20Jaxer%20Apache/Jaxer/Apache2-4Build/jaxer/framework/src/DB_SQLite.js
  -> file:///E:/Aptana%20Jaxer%20Apache/Jaxer/Apache2-4Build/jaxer/framework/src/DB.js
  -> file:///E:/Aptana%20Jaxer%20Apache/Jaxer/Apache2-4Build/jaxer/framework/src/ParseStart.js
  -> file:///E:/Aptana%20Jaxer%20Apache/Jaxer/Apache2-4Build/jaxer/framework/src/CoreEvents.js
  -> file:///E:/Aptana%20Jaxer%20Apache/Jaxer/Apache2-4Build/jaxer/components/aptEventHandler.js

01:13:21 12/24/2025 [ 22864] [DEBUG] [JS Framework] [DB.SQLite.createDB] Creating/verifying connection to database file at E:\Aptana Jaxer Apache\Jaxer\Apache2-4Build\jaxer\..\local_jaxer\data\diagnostics\diagnostics.sqlite
stack:
  ->  [ModuleLogger.js:98] debug("Creating/verifying connection to database file at E:\\Aptana Jaxer Apache\\Jaxer\\Apache2-4Build\\jaxer\\..\\local_jaxer\\data\\diagnostics\\diagnostics.sqlite")
  ->  [DB_SQLite.js:105] createDB([object Object])
  ->  [DB.js:137] initDefault("diagnostics",[object Object])
  ->  [DB.js:174] setDefault("diagnostics",[object Object])
  ->  [ParseStart.js:123] onParseStart([object XPCWrappedNative_NoHelper])
  ->  [CoreEvents.js:293] fireEvent("PARSE_START",[object Array])
  ->  [CoreEvents.js:238] fire("PARSE_START",[object XPCWrappedNative_NoHelper])
  ->  [aptEventHandler.js:306] observe([object XPCWrappedNative_NoHelper],"jaxerEvent.HTMLParseStart",null)
paths:
  -> file:///E:/Aptana%20Jaxer%20Apache/Jaxer/Apache2-4Build/jaxer/framework/src/ModuleLogger.js
  -> file:///E:/Aptana%20Jaxer%20Apache/Jaxer/Apache2-4Build/jaxer/framework/src/DB_SQLite.js
  -> file:///E:/Aptana%20Jaxer%20Apache/Jaxer/Apache2-4Build/jaxer/framework/src/DB.js
  -> file:///E:/Aptana%20Jaxer%20Apache/Jaxer/Apache2-4Build/jaxer/framework/src/ParseStart.js
  -> file:///E:/Aptana%20Jaxer%20Apache/Jaxer/Apache2-4Build/jaxer/framework/src/CoreEvents.js
  -> file:///E:/Aptana%20Jaxer%20Apache/Jaxer/Apache2-4Build/jaxer/components/aptEventHandler.js

01:13:21 12/24/2025 [ 22864] [DEBUG] [JS Framework] [DB.SQLite.open] Opening connection to database: E:\Aptana Jaxer Apache\Jaxer\Apache2-4Build\jaxer\..\local_jaxer\data\diagnostics\diagnostics.sqlite
stack:
  ->  [ModuleLogger.js:98] debug("Opening connection to database: E:\\Aptana Jaxer Apache\\Jaxer\\Apache2-4Build\\jaxer\\..\\local_jaxer\\data\\diagnostics\\diagnostics.sqlite")
  ->  [DB_SQLite.js:212] open()
  ->  [DB_SQLite.js:109] createDB([object Object])
  ->  [DB.js:137] initDefault("diagnostics",[object Object])
  ->  [DB.js:174] setDefault("diagnostics",[object Object])
  ->  [ParseStart.js:123] onParseStart([object XPCWrappedNative_NoHelper])
  ->  [CoreEvents.js:293] fireEvent("PARSE_START",[object Array])
  ->  [CoreEvents.js:238] fire("PARSE_START",[object XPCWrappedNative_NoHelper])
  ->  [aptEventHandler.js:306] observe([object XPCWrappedNative_NoHelper],"jaxerEvent.HTMLParseStart",null)
paths:
  -> file:///E:/Aptana%20Jaxer%20Apache/Jaxer/Apache2-4Build/jaxer/framework/src/ModuleLogger.js
  -> file:///E:/Aptana%20Jaxer%20Apache/Jaxer/Apache2-4Build/jaxer/framework/src/DB_SQLite.js
  -> file:///E:/Aptana%20Jaxer%20Apache/Jaxer/Apache2-4Build/jaxer/framework/src/DB.js
  -> file:///E:/Aptana%20Jaxer%20Apache/Jaxer/Apache2-4Build/jaxer/framework/src/ParseStart.js
  -> file:///E:/Aptana%20Jaxer%20Apache/Jaxer/Apache2-4Build/jaxer/framework/src/CoreEvents.js
  -> file:///E:/Aptana%20Jaxer%20Apache/Jaxer/Apache2-4Build/jaxer/components/aptEventHandler.js

01:13:21 12/24/2025 [ 22864] [TRACE] [JS Framework] [DB.SQLite.open] Tried 1 time(s) in 1 ms to open connection to SQLite database file E:\Aptana Jaxer Apache\Jaxer\Apache2-4Build\jaxer\..\local_jaxer\data\diagnostics\diagnostics.sqlite
stack:
  ->  [ModuleLogger.js:98] trace("Tried 1 time(s) in 1 ms to open connection to SQLite database file E:\\Aptana Jaxer Apache\\Jaxer\\Apache2-4Build\\jaxer\\..\\local_jaxer\\data\\diagnostics\\diagnostics.sqlite")
  ->  [DB_SQLite.js:266] open()
  ->  [DB_SQLite.js:109] createDB([object Object])
  ->  [DB.js:137] initDefault("diagnostics",[object Object])
  ->  [DB.js:174] setDefault("diagnostics",[object Object])
  ->  [ParseStart.js:123] onParseStart([object XPCWrappedNative_NoHelper])
  ->  [CoreEvents.js:293] fireEvent("PARSE_START",[object Array])
  ->  [CoreEvents.js:238] fire("PARSE_START",[object XPCWrappedNative_NoHelper])
  ->  [aptEventHandler.js:306] observe([object XPCWrappedNative_NoHelper],"jaxerEvent.HTMLParseStart",null)
paths:
  -> file:///E:/Aptana%20Jaxer%20Apache/Jaxer/Apache2-4Build/jaxer/framework/src/ModuleLogger.js
  -> file:///E:/Aptana%20Jaxer%20Apache/Jaxer/Apache2-4Build/jaxer/framework/src/DB_SQLite.js
  -> file:///E:/Aptana%20Jaxer%20Apache/Jaxer/Apache2-4Build/jaxer/framework/src/DB.js
  -> file:///E:/Aptana%20Jaxer%20Apache/Jaxer/Apache2-4Build/jaxer/framework/src/ParseStart.js
  -> file:///E:/Aptana%20Jaxer%20Apache/Jaxer/Apache2-4Build/jaxer/framework/src/CoreEvents.js
  -> file:///E:/Aptana%20Jaxer%20Apache/Jaxer/Apache2-4Build/jaxer/components/aptEventHandler.js

01:13:21 12/24/2025 [ 22864] [DEBUG] [JS Framework] [DB.SQLite.open] Opened
stack:
  ->  [ModuleLogger.js:98] debug("Opened")
  ->  [DB_SQLite.js:268] open()
  ->  [DB_SQLite.js:109] createDB([object Object])
  ->  [DB.js:137] initDefault("diagnostics",[object Object])
  ->  [DB.js:174] setDefault("diagnostics",[object Object])
  ->  [ParseStart.js:123] onParseStart([object XPCWrappedNative_NoHelper])
  ->  [CoreEvents.js:293] fireEvent("PARSE_START",[object Array])
  ->  [CoreEvents.js:238] fire("PARSE_START",[object XPCWrappedNative_NoHelper])
  ->  [aptEventHandler.js:306] observe([object XPCWrappedNative_NoHelper],"jaxerEvent.HTMLParseStart",null)
paths:
  -> file:///E:/Aptana%20Jaxer%20Apache/Jaxer/Apache2-4Build/jaxer/framework/src/ModuleLogger.js
  -> file:///E:/Aptana%20Jaxer%20Apache/Jaxer/Apache2-4Build/jaxer/framework/src/DB_SQLite.js
  -> file:///E:/Aptana%20Jaxer%20Apache/Jaxer/Apache2-4Build/jaxer/framework/src/DB.js
  -> file:///E:/Aptana%20Jaxer%20Apache/Jaxer/Apache2-4Build/jaxer/framework/src/ParseStart.js
  -> file:///E:/Aptana%20Jaxer%20Apache/Jaxer/Apache2-4Build/jaxer/framework/src/CoreEvents.js
  -> file:///E:/Aptana%20Jaxer%20Apache/Jaxer/Apache2-4Build/jaxer/components/aptEventHandler.js

01:13:21 12/24/2025 [ 22864] [TRACE] [JS Framework] [DB.SQLite.close] Closing the connection
stack:
  ->  [ModuleLogger.js:98] trace("Closing the connection")
  ->  [DB_SQLite.js:739] close()
  ->  [DB_SQLite.js:110] createDB([object Object])
  ->  [DB.js:137] initDefault("diagnostics",[object Object])
  ->  [DB.js:174] setDefault("diagnostics",[object Object])
  ->  [ParseStart.js:123] onParseStart([object XPCWrappedNative_NoHelper])
  ->  [CoreEvents.js:293] fireEvent("PARSE_START",[object Array])
  ->  [CoreEvents.js:238] fire("PARSE_START",[object XPCWrappedNative_NoHelper])
  ->  [aptEventHandler.js:306] observe([object XPCWrappedNative_NoHelper],"jaxerEvent.HTMLParseStart",null)
paths:
  -> file:///E:/Aptana%20Jaxer%20Apache/Jaxer/Apache2-4Build/jaxer/framework/src/ModuleLogger.js
  -> file:///E:/Aptana%20Jaxer%20Apache/Jaxer/Apache2-4Build/jaxer/framework/src/DB_SQLite.js
  -> file:///E:/Aptana%20Jaxer%20Apache/Jaxer/Apache2-4Build/jaxer/framework/src/DB.js
  -> file:///E:/Aptana%20Jaxer%20Apache/Jaxer/Apache2-4Build/jaxer/framework/src/ParseStart.js
  -> file:///E:/Aptana%20Jaxer%20Apache/Jaxer/Apache2-4Build/jaxer/framework/src/CoreEvents.js
  -> file:///E:/Aptana%20Jaxer%20Apache/Jaxer/Apache2-4Build/jaxer/components/aptEventHandler.js

01:13:21 12/24/2025 [ 22864] [TRACE] [JS Framework] [DB.SQLite.validateConnectionParameters] Connection parameters OK :({IMPLEMENTATION:"SQLite", PATH:"resource:///../local_jaxer/data/diagnostics/diagnostics.sqlite", CLOSE_AFTER_EXECUTE:false, CLOSE_AFTER_REQUEST:true, MAX_NUM_TRIES:100, MILLIS_BETWEEN_TRIES:37})
stack:
  ->  [ModuleLogger.js:98] trace("Connection parameters OK :({IMPLEMENTATION:\"SQLite\", PATH:\"resource:///../local_jaxer/data/diagnostics/diagnostics.sqlite\", CLOSE_AFTER_EXECUTE:false, CLOSE_AFTER_REQUEST:true, MAX_NUM_TRIES:100, MILLIS_BETWEEN_TRIES:37})")
  ->  [DB_SQLite.js:83] validateConnectionParameters([object Object])
  ->  [DB_SQLite.js:148] Connection([object Object])
  ->  [DB_SQLite.js:111] createDB([object Object])
  ->  [DB.js:137] initDefault("diagnostics",[object Object])
  ->  [DB.js:174] setDefault("diagnostics",[object Object])
  ->  [ParseStart.js:123] onParseStart([object XPCWrappedNative_NoHelper])
  ->  [CoreEvents.js:293] fireEvent("PARSE_START",[object Array])
  ->  [CoreEvents.js:238] fire("PARSE_START",[object XPCWrappedNative_NoHelper])
  ->  [aptEventHandler.js:306] observe([object XPCWrappedNative_NoHelper],"jaxerEvent.HTMLParseStart",null)
paths:
  -> file:///E:/Aptana%20Jaxer%20Apache/Jaxer/Apache2-4Build/jaxer/framework/src/ModuleLogger.js
  -> file:///E:/Aptana%20Jaxer%20Apache/Jaxer/Apache2-4Build/jaxer/framework/src/DB_SQLite.js
  -> file:///E:/Aptana%20Jaxer%20Apache/Jaxer/Apache2-4Build/jaxer/framework/src/DB.js
  -> file:///E:/Aptana%20Jaxer%20Apache/Jaxer/Apache2-4Build/jaxer/framework/src/ParseStart.js
  -> file:///E:/Aptana%20Jaxer%20Apache/Jaxer/Apache2-4Build/jaxer/framework/src/CoreEvents.js
  -> file:///E:/Aptana%20Jaxer%20Apache/Jaxer/Apache2-4Build/jaxer/components/aptEventHandler.js

01:13:21 12/24/2025 [ 22864] [TRACE] [JS Framework] [DB.SQLite.validateConnectionParameters] Connection parameters OK :({IMPLEMENTATION:"SQLite", PATH:"resource:///../local_jaxer/data/diagnostics/diagnostics.sqlite", CLOSE_AFTER_EXECUTE:false, CLOSE_AFTER_REQUEST:true, MAX_NUM_TRIES:100, MILLIS_BETWEEN_TRIES:37})
stack:
  ->  [ModuleLogger.js:98] trace("Connection parameters OK :({IMPLEMENTATION:\"SQLite\", PATH:\"resource:///../local_jaxer/data/diagnostics/diagnostics.sqlite\", CLOSE_AFTER_EXECUTE:false, CLOSE_AFTER_REQUEST:true, MAX_NUM_TRIES:100, MILLIS_BETWEEN_TRIES:37})")
  ->  [DB_SQLite.js:83] validateConnectionParameters([object Object])
  ->  [DB_SQLite.js:148] Connection([object Object])
  ->  [DB.js:139] initDefault("diagnostics",[object Object])
  ->  [DB.js:174] setDefault("diagnostics",[object Object])
  ->  [ParseStart.js:123] onParseStart([object XPCWrappedNative_NoHelper])
  ->  [CoreEvents.js:293] fireEvent("PARSE_START",[object Array])
  ->  [CoreEvents.js:238] fire("PARSE_START",[object XPCWrappedNative_NoHelper])
  ->  [aptEventHandler.js:306] observe([object XPCWrappedNative_NoHelper],"jaxerEvent.HTMLParseStart",null)
paths:
  -> file:///E:/Aptana%20Jaxer%20Apache/Jaxer/Apache2-4Build/jaxer/framework/src/ModuleLogger.js
  -> file:///E:/Aptana%20Jaxer%20Apache/Jaxer/Apache2-4Build/jaxer/framework/src/DB_SQLite.js
  -> file:///E:/Aptana%20Jaxer%20Apache/Jaxer/Apache2-4Build/jaxer/framework/src/DB.js
  -> file:///E:/Aptana%20Jaxer%20Apache/Jaxer/Apache2-4Build/jaxer/framework/src/ParseStart.js
  -> file:///E:/Aptana%20Jaxer%20Apache/Jaxer/Apache2-4Build/jaxer/framework/src/CoreEvents.js
  -> file:///E:/Aptana%20Jaxer%20Apache/Jaxer/Apache2-4Build/jaxer/components/aptEventHandler.js

01:13:21 12/24/2025 [ 22864] [TRACE] [JS Framework] [CoreEvents.fire] At this time, evt.Request.isHandler=false and eventType: NEW_ELEMENT - HTML
stack:
  ->  [ModuleLogger.js:98] trace("At this time, evt.Request.isHandler=false and eventType: NEW_ELEMENT - HTML")
  ->  [CoreEvents.js:205] fire("NEW_ELEMENT",[object XPCWrappedNative_NoHelper],[object HTMLDocument],[object HTMLHtmlElement])
  ->  [aptEventHandler.js:157] observe([object XPCWrappedNative_NoHelper],"jaxerEvent.NewHTMLElement",null)
paths:
  -> file:///E:/Aptana%20Jaxer%20Apache/Jaxer/Apache2-4Build/jaxer/framework/src/ModuleLogger.js
  -> file:///E:/Aptana%20Jaxer%20Apache/Jaxer/Apache2-4Build/jaxer/framework/src/CoreEvents.js
  -> file:///E:/Aptana%20Jaxer%20Apache/Jaxer/Apache2-4Build/jaxer/components/aptEventHandler.js

01:13:21 12/24/2025 [ 22864] [TRACE] [JS Framework] [CoreEvents.fireEvent] Firing an event for NEW_ELEMENT
stack:
  ->  [ModuleLogger.js:98] trace("Firing an event for NEW_ELEMENT")
  ->  [CoreEvents.js:282] fireEvent("NEW_ELEMENT",[object Array])
  ->  [CoreEvents.js:238] fire("NEW_ELEMENT",[object XPCWrappedNative_NoHelper],[object HTMLDocument],[object HTMLHtmlElement])
  ->  [aptEventHandler.js:157] observe([object XPCWrappedNative_NoHelper],"jaxerEvent.NewHTMLElement",null)
paths:
  -> file:///E:/Aptana%20Jaxer%20Apache/Jaxer/Apache2-4Build/jaxer/framework/src/ModuleLogger.js
  -> file:///E:/Aptana%20Jaxer%20Apache/Jaxer/Apache2-4Build/jaxer/framework/src/CoreEvents.js
  -> file:///E:/Aptana%20Jaxer%20Apache/Jaxer/Apache2-4Build/jaxer/components/aptEventHandler.js

01:13:21 12/24/2025 [ 22864] [TRACE] [JS Framework] [CoreEvents.fireEvent] Calling event handler: function onNewElement(evt, doc, elt) {
    switch (elt.tagNa...
stack:
  ->  [ModuleLogger.js:98] trace("Calling event handler: function onNewElement(evt, doc, elt) {\n    switch (elt.tagNa...")
  ->  [CoreEvents.js:292] fireEvent("NEW_ELEMENT",[object Array])
  ->  [CoreEvents.js:238] fire("NEW_ELEMENT",[object XPCWrappedNative_NoHelper],[object HTMLDocument],[object HTMLHtmlElement])
  ->  [aptEventHandler.js:157] observe([object XPCWrappedNative_NoHelper],"jaxerEvent.NewHTMLElement",null)
paths:
  -> file:///E:/Aptana%20Jaxer%20Apache/Jaxer/Apache2-4Build/jaxer/framework/src/ModuleLogger.js
  -> file:///E:/Aptana%20Jaxer%20Apache/Jaxer/Apache2-4Build/jaxer/framework/src/CoreEvents.js
  -> file:///E:/Aptana%20Jaxer%20Apache/Jaxer/Apache2-4Build/jaxer/components/aptEventHandler.js

01:13:21 12/24/2025 [ 22864] [TRACE] [JS Framework] [CoreEvents.fire] At this time, evt.Request.isHandler=false and eventType: NEW_ELEMENT - HEAD
stack:
  ->  [ModuleLogger.js:98] trace("At this time, evt.Request.isHandler=false and eventType: NEW_ELEMENT - HEAD")
  ->  [CoreEvents.js:205] fire("NEW_ELEMENT",[object XPCWrappedNative_NoHelper],[object HTMLDocument],[object HTMLHeadElement])
  ->  [aptEventHandler.js:157] observe([object XPCWrappedNative_NoHelper],"jaxerEvent.NewHTMLElement",null)
paths:
  -> file:///E:/Aptana%20Jaxer%20Apache/Jaxer/Apache2-4Build/jaxer/framework/src/ModuleLogger.js
  -> file:///E:/Aptana%20Jaxer%20Apache/Jaxer/Apache2-4Build/jaxer/framework/src/CoreEvents.js
  -> file:///E:/Aptana%20Jaxer%20Apache/Jaxer/Apache2-4Build/jaxer/components/aptEventHandler.js

01:13:21 12/24/2025 [ 22864] [TRACE] [JS Framework] [CoreEvents.fireEvent] Firing an event for NEW_ELEMENT
stack:
  ->  [ModuleLogger.js:98] trace("Firing an event for NEW_ELEMENT")
  ->  [CoreEvents.js:282] fireEvent("NEW_ELEMENT",[object Array])
  ->  [CoreEvents.js:238] fire("NEW_ELEMENT",[object XPCWrappedNative_NoHelper],[object HTMLDocument],[object HTMLHeadElement])
  ->  [aptEventHandler.js:157] observe([object XPCWrappedNative_NoHelper],"jaxerEvent.NewHTMLElement",null)
paths:
  -> file:///E:/Aptana%20Jaxer%20Apache/Jaxer/Apache2-4Build/jaxer/framework/src/ModuleLogger.js
  -> file:///E:/Aptana%20Jaxer%20Apache/Jaxer/Apache2-4Build/jaxer/framework/src/CoreEvents.js
  -> file:///E:/Aptana%20Jaxer%20Apache/Jaxer/Apache2-4Build/jaxer/components/aptEventHandler.js

01:13:21 12/24/2025 [ 22864] [TRACE] [JS Framework] [CoreEvents.fireEvent] Calling event handler: function onNewElement(evt, doc, elt) {
    switch (elt.tagNa...
stack:
  ->  [ModuleLogger.js:98] trace("Calling event handler: function onNewElement(evt, doc, elt) {\n    switch (elt.tagNa...")
  ->  [CoreEvents.js:292] fireEvent("NEW_ELEMENT",[object Array])
  ->  [CoreEvents.js:238] fire("NEW_ELEMENT",[object XPCWrappedNative_NoHelper],[object HTMLDocument],[object HTMLHeadElement])
  ->  [aptEventHandler.js:157] observe([object XPCWrappedNative_NoHelper],"jaxerEvent.NewHTMLElement",null)
paths:
  -> file:///E:/Aptana%20Jaxer%20Apache/Jaxer/Apache2-4Build/jaxer/framework/src/ModuleLogger.js
  -> file:///E:/Aptana%20Jaxer%20Apache/Jaxer/Apache2-4Build/jaxer/framework/src/CoreEvents.js
  -> file:///E:/Aptana%20Jaxer%20Apache/Jaxer/Apache2-4Build/jaxer/components/aptEventHandler.js

01:13:21 12/24/2025 [ 22864] [TRACE] [JS Framework] [CoreEvents.fire] At this time, evt.Request.isHandler=false and eventType: INIT_HEAD
stack:
  ->  [ModuleLogger.js:98] trace("At this time, evt.Request.isHandler=false and eventType: INIT_HEAD")
  ->  [CoreEvents.js:205] fire("INIT_HEAD",[object XPCWrappedNative_NoHelper],[object HTMLDocument])
  ->  [aptEventHandler.js:139] observe([object XPCWrappedNative_NoHelper],"jaxerEvent.NewHTMLElement",null)
paths:
  -> file:///E:/Aptana%20Jaxer%20Apache/Jaxer/Apache2-4Build/jaxer/framework/src/ModuleLogger.js
  -> file:///E:/Aptana%20Jaxer%20Apache/Jaxer/Apache2-4Build/jaxer/framework/src/CoreEvents.js
  -> file:///E:/Aptana%20Jaxer%20Apache/Jaxer/Apache2-4Build/jaxer/components/aptEventHandler.js

01:13:21 12/24/2025 [ 22864] [TRACE] [JS Framework] [CoreEvents.fireEvent] Firing an event for INIT_HEAD
stack:
  ->  [ModuleLogger.js:98] trace("Firing an event for INIT_HEAD")
  ->  [CoreEvents.js:282] fireEvent("INIT_HEAD",[object Array])
  ->  [CoreEvents.js:238] fire("INIT_HEAD",[object XPCWrappedNative_NoHelper],[object HTMLDocument])
  ->  [aptEventHandler.js:139] observe([object XPCWrappedNative_NoHelper],"jaxerEvent.NewHTMLElement",null)
paths:
  -> file:///E:/Aptana%20Jaxer%20Apache/Jaxer/Apache2-4Build/jaxer/framework/src/ModuleLogger.js
  -> file:///E:/Aptana%20Jaxer%20Apache/Jaxer/Apache2-4Build/jaxer/framework/src/CoreEvents.js
  -> file:///E:/Aptana%20Jaxer%20Apache/Jaxer/Apache2-4Build/jaxer/components/aptEventHandler.js

01:13:21 12/24/2025 [ 22864] [TRACE] [JS Framework] [CoreEvents.fireEvent] Calling event handler: function onInitHead(evt, doc) {
    Jaxer.load = function lo...
stack:
  ->  [ModuleLogger.js:98] trace("Calling event handler: function onInitHead(evt, doc) {\n    Jaxer.load = function lo...")
  ->  [CoreEvents.js:292] fireEvent("INIT_HEAD",[object Array])
  ->  [CoreEvents.js:238] fire("INIT_HEAD",[object XPCWrappedNative_NoHelper],[object HTMLDocument])
  ->  [aptEventHandler.js:139] observe([object XPCWrappedNative_NoHelper],"jaxerEvent.NewHTMLElement",null)
paths:
  -> file:///E:/Aptana%20Jaxer%20Apache/Jaxer/Apache2-4Build/jaxer/framework/src/ModuleLogger.js
  -> file:///E:/Aptana%20Jaxer%20Apache/Jaxer/Apache2-4Build/jaxer/framework/src/CoreEvents.js
  -> file:///E:/Aptana%20Jaxer%20Apache/Jaxer/Apache2-4Build/jaxer/components/aptEventHandler.js

01:13:21 12/24/2025 [ 22864] [TRACE] [JS Framework] [Includer.evalOn] Evaluating using Jaxer.request.evaluateScript: contents = (function ... with global = [object ChromeWindow] and effectiveUrl = undefined
stack:
  ->  [ModuleLogger.js:98] trace("Evaluating using Jaxer.request.evaluateScript: contents = (function ... with global = [object ChromeWindow] and effectiveUrl = undefined")
  ->  [Includer.js:131] evalOn("(function extendDomSetters(global) {if (global.HTMLInputElement) {var inputValueSetter = global.HTMLInputElement.prototype.__lookupSetter__(\"value\");global.HTMLInputElement.prototype.__defineSetter__(\"value\", function (val) {inputValueSetter.call(this, val);this.setAttribute(\"value\", val);});var inputCheckedSetter = global.HTMLInputElement.prototype.__lookupSetter__(\"checked\");global.HTMLInputElement.prototype.__defineSetter__(\"checked\", function (val) {inputCheckedSetter.call(this, val);if (val) {this.setAttribute(\"checked\", null);} else {this.removeAttribute(\"checked\");}});}if (global.HTMLTextAreaElement) {var textAreaValueSetter = global.HTMLTextAreaElement.prototype.__lookupSetter__(\"value\");global.HTMLTextAreaElement.prototype.__defineSetter__(\"value\", function (val) {textAreaValueSetter.call(this, val);this.textContent = val;});}if (global.HTMLSelectElement) {var selectSelectedIndexSetter = global.HTMLSelectElement.prototype.__lookupSetter__(\"selectedIndex\");global.HTMLSelectElement.prototype.__defineSetter__(\"selectedIndex\", function (index) {selectSelectedIndexSetter.call(this, index);var option = this.options[index];if (option) {for (var i = 0, len = this.options.length; i < len; i++) {if (i == index) {this.options[i].setAttribute(\"selected\", null);} else {this.options[i].removeAttribute(\"selected\");}}}});}if (global.HTMLOptionElement) {var optionSelectedSetter = global.HTMLOptionElement.prototype.__lookupSetter__(\"selected\");global.HTMLOptionElement.prototype.__defineSetter__(\"selected\", function (val) {optionSelectedSetter.call(this, val);if (val) {this.setAttribute(\"selected\", null);} else {this.removeAttribute(\"selected\");}});}})(document.defaultView)",[object ChromeWindow])
  ->  [Overrides.js:370] applyAll([object ChromeWindow])
  ->  [InitHead.js:78] onInitHead([object XPCWrappedNative_NoHelper],[object HTMLDocument])
  ->  [CoreEvents.js:293] fireEvent("INIT_HEAD",[object Array])
  ->  [CoreEvents.js:238] fire("INIT_HEAD",[object XPCWrappedNative_NoHelper],[object HTMLDocument])
  ->  [aptEventHandler.js:139] observe([object XPCWrappedNative_NoHelper],"jaxerEvent.NewHTMLElement",null)
paths:
  -> file:///E:/Aptana%20Jaxer%20Apache/Jaxer/Apache2-4Build/jaxer/framework/src/ModuleLogger.js
  -> file:///E:/Aptana%20Jaxer%20Apache/Jaxer/Apache2-4Build/jaxer/framework/src/Includer.js
  -> file:///E:/Aptana%20Jaxer%20Apache/Jaxer/Apache2-4Build/jaxer/framework/src/Overrides.js
  -> file:///E:/Aptana%20Jaxer%20Apache/Jaxer/Apache2-4Build/jaxer/framework/src/InitHead.js
  -> file:///E:/Aptana%20Jaxer%20Apache/Jaxer/Apache2-4Build/jaxer/framework/src/CoreEvents.js
  -> file:///E:/Aptana%20Jaxer%20Apache/Jaxer/Apache2-4Build/jaxer/components/aptEventHandler.js

