01:11:01 12/24/2025 [ 32928] [TRACE] [JS Framework] [DB.SQLite.close] Closing the connection
stack:
  ->  [ModuleLogger.js:98] trace("Closing the connection")
  ->  [DB_SQLite.js:739] close()
  ->  [DB_SQLite.js:110] createDB([object Object])
  ->  [DB.js:137] initDefault("shell",[object Object])
  ->  [DB.js:174] setDefault("shell",[object Object])
  ->  [ParseStart.js:123] onParseStart([object XPCWrappedNative_NoHelper])
  ->  [CoreEvents.js:293] fireEvent("PARSE_START",[object Array])
  ->  [CoreEvents.js:238] fire("PARSE_START",[object XPCWrappedNative_NoHelper])
  ->  [aptEventHandler.js:306] observe([object XPCWrappedNative_NoHelper],"jaxerEvent.HTMLParseStart",null)
paths:
  -> file:///E:/Aptana%20Jaxer%20Apache/Jaxer/Apache2-4Build/jaxer/framework/src/ModuleLogger.js
  -> file:///E:/Aptana%20Jaxer%20Apache/Jaxer/Apache2-4Build/jaxer/framework/src/DB_SQLite.js
  -> file:///E:/Aptana%20Jaxer%20Apache/Jaxer/Apache2-4Build/jaxer/framework/src/DB.js
  -> file:///E:/Aptana%20Jaxer%20Apache/Jaxer/Apache2-4Build/jaxer/framework/src/ParseStart.js
  -> file:///E:/Aptana%20Jaxer%20Apache/Jaxer/Apache2-4Build/jaxer/framework/src/CoreEvents.js
  -> file:///E:/Aptana%20Jaxer%20Apache/Jaxer/Apache2-4Build/jaxer/components/aptEventHandler.js

01:11:01 12/24/2025 [ 32928] [TRACE] [JS Framework] [DB.SQLite.validateConnectionParameters] Connection parameters OK :({IMPLEMENTATION:"SQLite", PATH:"resource:///../local_jaxer/data/tools/shell/shell.sqlite", CLOSE_AFTER_EXECUTE:false, CLOSE_AFTER_REQUEST:true, MAX_NUM_TRIES:100, MILLIS_BETWEEN_TRIES:37})
stack:
  ->  [ModuleLogger.js:98] trace("Connection parameters OK :({IMPLEMENTATION:\"SQLite\", PATH:\"resource:///../local_jaxer/data/tools/shell/shell.sqlite\", CLOSE_AFTER_EXECUTE:false, CLOSE_AFTER_REQUEST:true, MAX_NUM_TRIES:100, MILLIS_BETWEEN_TRIES:37})")
  ->  [DB_SQLite.js:83] validateConnectionParameters([object Object])
  ->  [DB_SQLite.js:148] Connection([object Object])
  ->  [DB_SQLite.js:111] createDB([object Object])
  ->  [DB.js:137] initDefault("shell",[object Object])
  ->  [DB.js:174] setDefault("shell",[object Object])
  ->  [ParseStart.js:123] onParseStart([object XPCWrappedNative_NoHelper])
  ->  [CoreEvents.js:293] fireEvent("PARSE_START",[object Array])
  ->  [CoreEvents.js:238] fire("PARSE_START",[object XPCWrappedNative_NoHelper])
  ->  [aptEventHandler.js:306] observe([object XPCWrappedNative_NoHelper],"jaxerEvent.HTMLParseStart",null)
paths:
  -> file:///E:/Aptana%20Jaxer%20Apache/Jaxer/Apache2-4Build/jaxer/framework/src/ModuleLogger.js
  -> file:///E:/Aptana%20Jaxer%20Apache/Jaxer/Apache2-4Build/jaxer/framework/src/DB_SQLite.js
  -> file:///E:/Aptana%20Jaxer%20Apache/Jaxer/Apache2-4Build/jaxer/framework/src/DB.js
  -> file:///E:/Aptana%20Jaxer%20Apache/Jaxer/Apache2-4Build/jaxer/framework/src/ParseStart.js
  -> file:///E:/Aptana%20Jaxer%20Apache/Jaxer/Apache2-4Build/jaxer/framework/src/CoreEvents.js
  -> file:///E:/Aptana%20Jaxer%20Apache/Jaxer/Apache2-4Build/jaxer/components/aptEventHandler.js

01:11:01 12/24/2025 [ 32928] [TRACE] [JS Framework] [DB.SQLite.validateConnectionParameters] Connection parameters OK :({IMPLEMENTATION:"SQLite", PATH:"resource:///../local_jaxer/data/tools/shell/shell.sqlite", CLOSE_AFTER_EXECUTE:false, CLOSE_AFTER_REQUEST:true, MAX_NUM_TRIES:100, MILLIS_BETWEEN_TRIES:37})
stack:
  ->  [ModuleLogger.js:98] trace("Connection parameters OK :({IMPLEMENTATION:\"SQLite\", PATH:\"resource:///../local_jaxer/data/tools/shell/shell.sqlite\", CLOSE_AFTER_EXECUTE:false, CLOSE_AFTER_REQUEST:true, MAX_NUM_TRIES:100, MILLIS_BETWEEN_TRIES:37})")
  ->  [DB_SQLite.js:83] validateConnectionParameters([object Object])
  ->  [DB_SQLite.js:148] Connection([object Object])
  ->  [DB.js:139] initDefault("shell",[object Object])
  ->  [DB.js:174] setDefault("shell",[object Object])
  ->  [ParseStart.js:123] onParseStart([object XPCWrappedNative_NoHelper])
  ->  [CoreEvents.js:293] fireEvent("PARSE_START",[object Array])
  ->  [CoreEvents.js:238] fire("PARSE_START",[object XPCWrappedNative_NoHelper])
  ->  [aptEventHandler.js:306] observe([object XPCWrappedNative_NoHelper],"jaxerEvent.HTMLParseStart",null)
paths:
  -> file:///E:/Aptana%20Jaxer%20Apache/Jaxer/Apache2-4Build/jaxer/framework/src/ModuleLogger.js
  -> file:///E:/Aptana%20Jaxer%20Apache/Jaxer/Apache2-4Build/jaxer/framework/src/DB_SQLite.js
  -> file:///E:/Aptana%20Jaxer%20Apache/Jaxer/Apache2-4Build/jaxer/framework/src/DB.js
  -> file:///E:/Aptana%20Jaxer%20Apache/Jaxer/Apache2-4Build/jaxer/framework/src/ParseStart.js
  -> file:///E:/Aptana%20Jaxer%20Apache/Jaxer/Apache2-4Build/jaxer/framework/src/CoreEvents.js
  -> file:///E:/Aptana%20Jaxer%20Apache/Jaxer/Apache2-4Build/jaxer/components/aptEventHandler.js

01:11:01 12/24/2025 [ 32928] [TRACE] [JS Framework] [CoreEvents.fire] At this time, evt.Request.isHandler=false and eventType: NEW_ELEMENT - HTML
stack:
  ->  [ModuleLogger.js:98] trace("At this time, evt.Request.isHandler=false and eventType: NEW_ELEMENT - HTML")
  ->  [CoreEvents.js:205] fire("NEW_ELEMENT",[object XPCWrappedNative_NoHelper],[object HTMLDocument],[object HTMLHtmlElement])
  ->  [aptEventHandler.js:157] observe([object XPCWrappedNative_NoHelper],"jaxerEvent.NewHTMLElement",null)
paths:
  -> file:///E:/Aptana%20Jaxer%20Apache/Jaxer/Apache2-4Build/jaxer/framework/src/ModuleLogger.js
  -> file:///E:/Aptana%20Jaxer%20Apache/Jaxer/Apache2-4Build/jaxer/framework/src/CoreEvents.js
  -> file:///E:/Aptana%20Jaxer%20Apache/Jaxer/Apache2-4Build/jaxer/components/aptEventHandler.js

01:11:01 12/24/2025 [ 32928] [TRACE] [JS Framework] [CoreEvents.fireEvent] Firing an event for NEW_ELEMENT
stack:
  ->  [ModuleLogger.js:98] trace("Firing an event for NEW_ELEMENT")
  ->  [CoreEvents.js:282] fireEvent("NEW_ELEMENT",[object Array])
  ->  [CoreEvents.js:238] fire("NEW_ELEMENT",[object XPCWrappedNative_NoHelper],[object HTMLDocument],[object HTMLHtmlElement])
  ->  [aptEventHandler.js:157] observe([object XPCWrappedNative_NoHelper],"jaxerEvent.NewHTMLElement",null)
paths:
  -> file:///E:/Aptana%20Jaxer%20Apache/Jaxer/Apache2-4Build/jaxer/framework/src/ModuleLogger.js
  -> file:///E:/Aptana%20Jaxer%20Apache/Jaxer/Apache2-4Build/jaxer/framework/src/CoreEvents.js
  -> file:///E:/Aptana%20Jaxer%20Apache/Jaxer/Apache2-4Build/jaxer/components/aptEventHandler.js

01:11:01 12/24/2025 [ 32928] [TRACE] [JS Framework] [CoreEvents.fireEvent] Calling event handler: function onNewElement(evt, doc, elt) {
    switch (elt.tagNa...
stack:
  ->  [ModuleLogger.js:98] trace("Calling event handler: function onNewElement(evt, doc, elt) {\n    switch (elt.tagNa...")
  ->  [CoreEvents.js:292] fireEvent("NEW_ELEMENT",[object Array])
  ->  [CoreEvents.js:238] fire("NEW_ELEMENT",[object XPCWrappedNative_NoHelper],[object HTMLDocument],[object HTMLHtmlElement])
  ->  [aptEventHandler.js:157] observe([object XPCWrappedNative_NoHelper],"jaxerEvent.NewHTMLElement",null)
paths:
  -> file:///E:/Aptana%20Jaxer%20Apache/Jaxer/Apache2-4Build/jaxer/framework/src/ModuleLogger.js
  -> file:///E:/Aptana%20Jaxer%20Apache/Jaxer/Apache2-4Build/jaxer/framework/src/CoreEvents.js
  -> file:///E:/Aptana%20Jaxer%20Apache/Jaxer/Apache2-4Build/jaxer/components/aptEventHandler.js

01:11:01 12/24/2025 [ 32928] [TRACE] [JS Framework] [CoreEvents.fire] At this time, evt.Request.isHandler=false and eventType: NEW_ELEMENT - HEAD
stack:
  ->  [ModuleLogger.js:98] trace("At this time, evt.Request.isHandler=false and eventType: NEW_ELEMENT - HEAD")
  ->  [CoreEvents.js:205] fire("NEW_ELEMENT",[object XPCWrappedNative_NoHelper],[object HTMLDocument],[object HTMLHeadElement])
  ->  [aptEventHandler.js:157] observe([object XPCWrappedNative_NoHelper],"jaxerEvent.NewHTMLElement",null)
paths:
  -> file:///E:/Aptana%20Jaxer%20Apache/Jaxer/Apache2-4Build/jaxer/framework/src/ModuleLogger.js
  -> file:///E:/Aptana%20Jaxer%20Apache/Jaxer/Apache2-4Build/jaxer/framework/src/CoreEvents.js
  -> file:///E:/Aptana%20Jaxer%20Apache/Jaxer/Apache2-4Build/jaxer/components/aptEventHandler.js

01:11:01 12/24/2025 [ 32928] [TRACE] [JS Framework] [CoreEvents.fireEvent] Firing an event for NEW_ELEMENT
stack:
  ->  [ModuleLogger.js:98] trace("Firing an event for NEW_ELEMENT")
  ->  [CoreEvents.js:282] fireEvent("NEW_ELEMENT",[object Array])
  ->  [CoreEvents.js:238] fire("NEW_ELEMENT",[object XPCWrappedNative_NoHelper],[object HTMLDocument],[object HTMLHeadElement])
  ->  [aptEventHandler.js:157] observe([object XPCWrappedNative_NoHelper],"jaxerEvent.NewHTMLElement",null)
paths:
  -> file:///E:/Aptana%20Jaxer%20Apache/Jaxer/Apache2-4Build/jaxer/framework/src/ModuleLogger.js
  -> file:///E:/Aptana%20Jaxer%20Apache/Jaxer/Apache2-4Build/jaxer/framework/src/CoreEvents.js
  -> file:///E:/Aptana%20Jaxer%20Apache/Jaxer/Apache2-4Build/jaxer/components/aptEventHandler.js

01:11:01 12/24/2025 [ 32928] [TRACE] [JS Framework] [CoreEvents.fireEvent] Calling event handler: function onNewElement(evt, doc, elt) {
    switch (elt.tagNa...
stack:
  ->  [ModuleLogger.js:98] trace("Calling event handler: function onNewElement(evt, doc, elt) {\n    switch (elt.tagNa...")
  ->  [CoreEvents.js:292] fireEvent("NEW_ELEMENT",[object Array])
  ->  [CoreEvents.js:238] fire("NEW_ELEMENT",[object XPCWrappedNative_NoHelper],[object HTMLDocument],[object HTMLHeadElement])
  ->  [aptEventHandler.js:157] observe([object XPCWrappedNative_NoHelper],"jaxerEvent.NewHTMLElement",null)
paths:
  -> file:///E:/Aptana%20Jaxer%20Apache/Jaxer/Apache2-4Build/jaxer/framework/src/ModuleLogger.js
  -> file:///E:/Aptana%20Jaxer%20Apache/Jaxer/Apache2-4Build/jaxer/framework/src/CoreEvents.js
  -> file:///E:/Aptana%20Jaxer%20Apache/Jaxer/Apache2-4Build/jaxer/components/aptEventHandler.js

01:11:01 12/24/2025 [ 32928] [TRACE] [JS Framework] [CoreEvents.fire] At this time, evt.Request.isHandler=false and eventType: INIT_HEAD
stack:
  ->  [ModuleLogger.js:98] trace("At this time, evt.Request.isHandler=false and eventType: INIT_HEAD")
  ->  [CoreEvents.js:205] fire("INIT_HEAD",[object XPCWrappedNative_NoHelper],[object HTMLDocument])
  ->  [aptEventHandler.js:139] observe([object XPCWrappedNative_NoHelper],"jaxerEvent.NewHTMLElement",null)
paths:
  -> file:///E:/Aptana%20Jaxer%20Apache/Jaxer/Apache2-4Build/jaxer/framework/src/ModuleLogger.js
  -> file:///E:/Aptana%20Jaxer%20Apache/Jaxer/Apache2-4Build/jaxer/framework/src/CoreEvents.js
  -> file:///E:/Aptana%20Jaxer%20Apache/Jaxer/Apache2-4Build/jaxer/components/aptEventHandler.js

01:11:01 12/24/2025 [ 32928] [TRACE] [JS Framework] [CoreEvents.fireEvent] Firing an event for INIT_HEAD
stack:
  ->  [ModuleLogger.js:98] trace("Firing an event for INIT_HEAD")
  ->  [CoreEvents.js:282] fireEvent("INIT_HEAD",[object Array])
  ->  [CoreEvents.js:238] fire("INIT_HEAD",[object XPCWrappedNative_NoHelper],[object HTMLDocument])
  ->  [aptEventHandler.js:139] observe([object XPCWrappedNative_NoHelper],"jaxerEvent.NewHTMLElement",null)
paths:
  -> file:///E:/Aptana%20Jaxer%20Apache/Jaxer/Apache2-4Build/jaxer/framework/src/ModuleLogger.js
  -> file:///E:/Aptana%20Jaxer%20Apache/Jaxer/Apache2-4Build/jaxer/framework/src/CoreEvents.js
  -> file:///E:/Aptana%20Jaxer%20Apache/Jaxer/Apache2-4Build/jaxer/components/aptEventHandler.js

01:11:01 12/24/2025 [ 32928] [TRACE] [JS Framework] [CoreEvents.fireEvent] Calling event handler: function onInitHead(evt, doc) {
    Jaxer.load = function lo...
stack:
  ->  [ModuleLogger.js:98] trace("Calling event handler: function onInitHead(evt, doc) {\n    Jaxer.load = function lo...")
  ->  [CoreEvents.js:292] fireEvent("INIT_HEAD",[object Array])
  ->  [CoreEvents.js:238] fire("INIT_HEAD",[object XPCWrappedNative_NoHelper],[object HTMLDocument])
  ->  [aptEventHandler.js:139] observe([object XPCWrappedNative_NoHelper],"jaxerEvent.NewHTMLElement",null)
paths:
  -> file:///E:/Aptana%20Jaxer%20Apache/Jaxer/Apache2-4Build/jaxer/framework/src/ModuleLogger.js
  -> file:///E:/Aptana%20Jaxer%20Apache/Jaxer/Apache2-4Build/jaxer/framework/src/CoreEvents.js
  -> file:///E:/Aptana%20Jaxer%20Apache/Jaxer/Apache2-4Build/jaxer/components/aptEventHandler.js

01:11:01 12/24/2025 [ 32928] [TRACE] [JS Framework] [Includer.evalOn] Evaluating using Jaxer.request.evaluateScript: contents = (function ... with global = [object ChromeWindow] and effectiveUrl = undefined
stack:
  ->  [ModuleLogger.js:98] trace("Evaluating using Jaxer.request.evaluateScript: contents = (function ... with global = [object ChromeWindow] and effectiveUrl = undefined")
  ->  [Includer.js:131] evalOn("(function extendDomSetters(global) {if (global.HTMLInputElement) {var inputValueSetter = global.HTMLInputElement.prototype.__lookupSetter__(\"value\");global.HTMLInputElement.prototype.__defineSetter__(\"value\", function (val) {inputValueSetter.call(this, val);this.setAttribute(\"value\", val);});var inputCheckedSetter = global.HTMLInputElement.prototype.__lookupSetter__(\"checked\");global.HTMLInputElement.prototype.__defineSetter__(\"checked\", function (val) {inputCheckedSetter.call(this, val);if (val) {this.setAttribute(\"checked\", null);} else {this.removeAttribute(\"checked\");}});}if (global.HTMLTextAreaElement) {var textAreaValueSetter = global.HTMLTextAreaElement.prototype.__lookupSetter__(\"value\");global.HTMLTextAreaElement.prototype.__defineSetter__(\"value\", function (val) {textAreaValueSetter.call(this, val);this.textContent = val;});}if (global.HTMLSelectElement) {var selectSelectedIndexSetter = global.HTMLSelectElement.prototype.__lookupSetter__(\"selectedIndex\");global.HTMLSelectElement.prototype.__defineSetter__(\"selectedIndex\", function (index) {selectSelectedIndexSetter.call(this, index);var option = this.options[index];if (option) {for (var i = 0, len = this.options.length; i < len; i++) {if (i == index) {this.options[i].setAttribute(\"selected\", null);} else {this.options[i].removeAttribute(\"selected\");}}}});}if (global.HTMLOptionElement) {var optionSelectedSetter = global.HTMLOptionElement.prototype.__lookupSetter__(\"selected\");global.HTMLOptionElement.prototype.__defineSetter__(\"selected\", function (val) {optionSelectedSetter.call(this, val);if (val) {this.setAttribute(\"selected\", null);} else {this.removeAttribute(\"selected\");}});}})(document.defaultView)",[object ChromeWindow])
  ->  [Overrides.js:370] applyAll([object ChromeWindow])
  ->  [InitHead.js:78] onInitHead([object XPCWrappedNative_NoHelper],[object HTMLDocument])
  ->  [CoreEvents.js:293] fireEvent("INIT_HEAD",[object Array])
  ->  [CoreEvents.js:238] fire("INIT_HEAD",[object XPCWrappedNative_NoHelper],[object HTMLDocument])
  ->  [aptEventHandler.js:139] observe([object XPCWrappedNative_NoHelper],"jaxerEvent.NewHTMLElement",null)
paths:
  -> file:///E:/Aptana%20Jaxer%20Apache/Jaxer/Apache2-4Build/jaxer/framework/src/ModuleLogger.js
  -> file:///E:/Aptana%20Jaxer%20Apache/Jaxer/Apache2-4Build/jaxer/framework/src/Includer.js
  -> file:///E:/Aptana%20Jaxer%20Apache/Jaxer/Apache2-4Build/jaxer/framework/src/Overrides.js
  -> file:///E:/Aptana%20Jaxer%20Apache/Jaxer/Apache2-4Build/jaxer/framework/src/InitHead.js
  -> file:///E:/Aptana%20Jaxer%20Apache/Jaxer/Apache2-4Build/jaxer/framework/src/CoreEvents.js
  -> file:///E:/Aptana%20Jaxer%20Apache/Jaxer/Apache2-4Build/jaxer/components/aptEventHandler.js

01:11:01 12/24/2025 [ 32928] [TRACE] [JS Framework] [CoreEvents.fire] At this time, evt.Request.isHandler=false and eventType: NEW_ELEMENT - META
stack:
  ->  [ModuleLogger.js:98] trace("At this time, evt.Request.isHandler=false and eventType: NEW_ELEMENT - META")
  ->  [CoreEvents.js:205] fire("NEW_ELEMENT",[object XPCWrappedNative_NoHelper],[object HTMLDocument],[object HTMLMetaElement])
  ->  [aptEventHandler.js:157] observe([object XPCWrappedNative_NoHelper],"jaxerEvent.NewHTMLElement",null)
paths:
  -> file:///E:/Aptana%20Jaxer%20Apache/Jaxer/Apache2-4Build/jaxer/framework/src/ModuleLogger.js
  -> file:///E:/Aptana%20Jaxer%20Apache/Jaxer/Apache2-4Build/jaxer/framework/src/CoreEvents.js
  -> file:///E:/Aptana%20Jaxer%20Apache/Jaxer/Apache2-4Build/jaxer/components/aptEventHandler.js

01:11:01 12/24/2025 [ 32928] [TRACE] [JS Framework] [CoreEvents.fireEvent] Firing an event for NEW_ELEMENT
stack:
  ->  [ModuleLogger.js:98] trace("Firing an event for NEW_ELEMENT")
  ->  [CoreEvents.js:282] fireEvent("NEW_ELEMENT",[object Array])
  ->  [CoreEvents.js:238] fire("NEW_ELEMENT",[object XPCWrappedNative_NoHelper],[object HTMLDocument],[object HTMLMetaElement])
  ->  [aptEventHandler.js:157] observe([object XPCWrappedNative_NoHelper],"jaxerEvent.NewHTMLElement",null)
paths:
  -> file:///E:/Aptana%20Jaxer%20Apache/Jaxer/Apache2-4Build/jaxer/framework/src/ModuleLogger.js
  -> file:///E:/Aptana%20Jaxer%20Apache/Jaxer/Apache2-4Build/jaxer/framework/src/CoreEvents.js
  -> file:///E:/Aptana%20Jaxer%20Apache/Jaxer/Apache2-4Build/jaxer/components/aptEventHandler.js

01:11:01 12/24/2025 [ 32928] [TRACE] [JS Framework] [CoreEvents.fireEvent] Calling event handler: function onNewElement(evt, doc, elt) {
    switch (elt.tagNa...
stack:
  ->  [ModuleLogger.js:98] trace("Calling event handler: function onNewElement(evt, doc, elt) {\n    switch (elt.tagNa...")
  ->  [CoreEvents.js:292] fireEvent("NEW_ELEMENT",[object Array])
  ->  [CoreEvents.js:238] fire("NEW_ELEMENT",[object XPCWrappedNative_NoHelper],[object HTMLDocument],[object HTMLMetaElement])
  ->  [aptEventHandler.js:157] observe([object XPCWrappedNative_NoHelper],"jaxerEvent.NewHTMLElement",null)
paths:
  -> file:///E:/Aptana%20Jaxer%20Apache/Jaxer/Apache2-4Build/jaxer/framework/src/ModuleLogger.js
  -> file:///E:/Aptana%20Jaxer%20Apache/Jaxer/Apache2-4Build/jaxer/framework/src/CoreEvents.js
  -> file:///E:/Aptana%20Jaxer%20Apache/Jaxer/Apache2-4Build/jaxer/components/aptEventHandler.js

01:11:01 12/24/2025 [ 32928] [TRACE] [JS Framework] [CoreEvents.fire] At this time, evt.Request.isHandler=false and eventType: NEW_ELEMENT - SCRIPT
stack:
  ->  [ModuleLogger.js:98] trace("At this time, evt.Request.isHandler=false and eventType: NEW_ELEMENT - SCRIPT")
  ->  [CoreEvents.js:205] fire("NEW_ELEMENT",[object XPCWrappedNative_NoHelper],[object HTMLDocument],[object HTMLScriptElement])
  ->  [aptEventHandler.js:157] observe([object XPCWrappedNative_NoHelper],"jaxerEvent.NewHTMLElement",null)
paths:
  -> file:///E:/Aptana%20Jaxer%20Apache/Jaxer/Apache2-4Build/jaxer/framework/src/ModuleLogger.js
  -> file:///E:/Aptana%20Jaxer%20Apache/Jaxer/Apache2-4Build/jaxer/framework/src/CoreEvents.js
  -> file:///E:/Aptana%20Jaxer%20Apache/Jaxer/Apache2-4Build/jaxer/components/aptEventHandler.js

01:11:01 12/24/2025 [ 32928] [TRACE] [JS Framework] [CoreEvents.fireEvent] Firing an event for NEW_ELEMENT
stack:
  ->  [ModuleLogger.js:98] trace("Firing an event for NEW_ELEMENT")
  ->  [CoreEvents.js:282] fireEvent("NEW_ELEMENT",[object Array])
  ->  [CoreEvents.js:238] fire("NEW_ELEMENT",[object XPCWrappedNative_NoHelper],[object HTMLDocument],[object HTMLScriptElement])
  ->  [aptEventHandler.js:157] observe([object XPCWrappedNative_NoHelper],"jaxerEvent.NewHTMLElement",null)
paths:
  -> file:///E:/Aptana%20Jaxer%20Apache/Jaxer/Apache2-4Build/jaxer/framework/src/ModuleLogger.js
  -> file:///E:/Aptana%20Jaxer%20Apache/Jaxer/Apache2-4Build/jaxer/framework/src/CoreEvents.js
  -> file:///E:/Aptana%20Jaxer%20Apache/Jaxer/Apache2-4Build/jaxer/components/aptEventHandler.js

01:11:01 12/24/2025 [ 32928] [TRACE] [JS Framework] [CoreEvents.fireEvent] Calling event handler: function onNewElement(evt, doc, elt) {
    switch (elt.tagNa...
stack:
  ->  [ModuleLogger.js:98] trace("Calling event handler: function onNewElement(evt, doc, elt) {\n    switch (elt.tagNa...")
  ->  [CoreEvents.js:292] fireEvent("NEW_ELEMENT",[object Array])
  ->  [CoreEvents.js:238] fire("NEW_ELEMENT",[object XPCWrappedNative_NoHelper],[object HTMLDocument],[object HTMLScriptElement])
  ->  [aptEventHandler.js:157] observe([object XPCWrappedNative_NoHelper],"jaxerEvent.NewHTMLElement",null)
paths:
  -> file:///E:/Aptana%20Jaxer%20Apache/Jaxer/Apache2-4Build/jaxer/framework/src/ModuleLogger.js
  -> file:///E:/Aptana%20Jaxer%20Apache/Jaxer/Apache2-4Build/jaxer/framework/src/CoreEvents.js
  -> file:///E:/Aptana%20Jaxer%20Apache/Jaxer/Apache2-4Build/jaxer/components/aptEventHandler.js

01:11:01 12/24/2025 [ 32928] [TRACE] [JS Framework] [NewElement.onNewElement] Received element: SCRIPT with no src and runat='both'
stack:
  ->  [ModuleLogger.js:98] trace("Received element: SCRIPT with no src and runat='both'")
  ->  [NewElement.js:88] onNewElement([object XPCWrappedNative_NoHelper],[object HTMLDocument],[object HTMLScriptElement])
  ->  [CoreEvents.js:293] fireEvent("NEW_ELEMENT",[object Array])
  ->  [CoreEvents.js:238] fire("NEW_ELEMENT",[object XPCWrappedNative_NoHelper],[object HTMLDocument],[object HTMLScriptElement])
  ->  [aptEventHandler.js:157] observe([object XPCWrappedNative_NoHelper],"jaxerEvent.NewHTMLElement",null)
paths:
  -> file:///E:/Aptana%20Jaxer%20Apache/Jaxer/Apache2-4Build/jaxer/framework/src/ModuleLogger.js
  -> file:///E:/Aptana%20Jaxer%20Apache/Jaxer/Apache2-4Build/jaxer/framework/src/NewElement.js
  -> file:///E:/Aptana%20Jaxer%20Apache/Jaxer/Apache2-4Build/jaxer/framework/src/CoreEvents.js
  -> file:///E:/Aptana%20Jaxer%20Apache/Jaxer/Apache2-4Build/jaxer/components/aptEventHandler.js

01:11:01 12/24/2025 [ 32928] [TRACE] [JS Framework] [CoreEvents.fire] At this time, evt.Request.isHandler=false and eventType: NEW_ELEMENT - SCRIPT
stack:
  ->  [ModuleLogger.js:98] trace("At this time, evt.Request.isHandler=false and eventType: NEW_ELEMENT - SCRIPT")
  ->  [CoreEvents.js:205] fire("NEW_ELEMENT",[object XPCWrappedNative_NoHelper],[object HTMLDocument],[object HTMLScriptElement])
  ->  [aptEventHandler.js:157] observe([object XPCWrappedNative_NoHelper],"jaxerEvent.NewHTMLElement",null)
paths:
  -> file:///E:/Aptana%20Jaxer%20Apache/Jaxer/Apache2-4Build/jaxer/framework/src/ModuleLogger.js
  -> file:///E:/Aptana%20Jaxer%20Apache/Jaxer/Apache2-4Build/jaxer/framework/src/CoreEvents.js
  -> file:///E:/Aptana%20Jaxer%20Apache/Jaxer/Apache2-4Build/jaxer/components/aptEventHandler.js

01:11:01 12/24/2025 [ 32928] [TRACE] [JS Framework] [CoreEvents.fireEvent] Firing an event for NEW_ELEMENT
stack:
  ->  [ModuleLogger.js:98] trace("Firing an event for NEW_ELEMENT")
  ->  [CoreEvents.js:282] fireEvent("NEW_ELEMENT",[object Array])
  ->  [CoreEvents.js:238] fire("NEW_ELEMENT",[object XPCWrappedNative_NoHelper],[object HTMLDocument],[object HTMLScriptElement])
  ->  [aptEventHandler.js:157] observe([object XPCWrappedNative_NoHelper],"jaxerEvent.NewHTMLElement",null)
paths:
  -> file:///E:/Aptana%20Jaxer%20Apache/Jaxer/Apache2-4Build/jaxer/framework/src/ModuleLogger.js
  -> file:///E:/Aptana%20Jaxer%20Apache/Jaxer/Apache2-4Build/jaxer/framework/src/CoreEvents.js
  -> file:///E:/Aptana%20Jaxer%20Apache/Jaxer/Apache2-4Build/jaxer/components/aptEventHandler.js

01:11:01 12/24/2025 [ 32928] [TRACE] [JS Framework] [CoreEvents.fireEvent] Calling event handler: function onNewElement(evt, doc, elt) {
    switch (elt.tagNa...
stack:
  ->  [ModuleLogger.js:98] trace("Calling event handler: function onNewElement(evt, doc, elt) {\n    switch (elt.tagNa...")
  ->  [CoreEvents.js:292] fireEvent("NEW_ELEMENT",[object Array])
  ->  [CoreEvents.js:238] fire("NEW_ELEMENT",[object XPCWrappedNative_NoHelper],[object HTMLDocument],[object HTMLScriptElement])
  ->  [aptEventHandler.js:157] observe([object XPCWrappedNative_NoHelper],"jaxerEvent.NewHTMLElement",null)
paths:
  -> file:///E:/Aptana%20Jaxer%20Apache/Jaxer/Apache2-4Build/jaxer/framework/src/ModuleLogger.js
  -> file:///E:/Aptana%20Jaxer%20Apache/Jaxer/Apache2-4Build/jaxer/framework/src/CoreEvents.js
  -> file:///E:/Aptana%20Jaxer%20Apache/Jaxer/Apache2-4Build/jaxer/components/aptEventHandler.js

01:11:01 12/24/2025 [ 32928] [TRACE] [JS Framework] [NewElement.onNewElement] Received element: SCRIPT with no src and runat='server'
stack:
  ->  [ModuleLogger.js:98] trace("Received element: SCRIPT with no src and runat='server'")
  ->  [NewElement.js:88] onNewElement([object XPCWrappedNative_NoHelper],[object HTMLDocument],[object HTMLScriptElement])
  ->  [CoreEvents.js:293] fireEvent("NEW_ELEMENT",[object Array])
  ->  [CoreEvents.js:238] fire("NEW_ELEMENT",[object XPCWrappedNative_NoHelper],[object HTMLDocument],[object HTMLScriptElement])
  ->  [aptEventHandler.js:157] observe([object XPCWrappedNative_NoHelper],"jaxerEvent.NewHTMLElement",null)
paths:
  -> file:///E:/Aptana%20Jaxer%20Apache/Jaxer/Apache2-4Build/jaxer/framework/src/ModuleLogger.js
  -> file:///E:/Aptana%20Jaxer%20Apache/Jaxer/Apache2-4Build/jaxer/framework/src/NewElement.js
  -> file:///E:/Aptana%20Jaxer%20Apache/Jaxer/Apache2-4Build/jaxer/framework/src/CoreEvents.js
  -> file:///E:/Aptana%20Jaxer%20Apache/Jaxer/Apache2-4Build/jaxer/components/aptEventHandler.js

01:11:01 12/24/2025 [ 32928] [TRACE] [JS Framework] [CoreEvents.fire] At this time, evt.Request.isHandler=false and eventType: NEW_ELEMENT - SCRIPT
stack:
  ->  [ModuleLogger.js:98] trace("At this time, evt.Request.isHandler=false and eventType: NEW_ELEMENT - SCRIPT")
  ->  [CoreEvents.js:205] fire("NEW_ELEMENT",[object XPCWrappedNative_NoHelper],[object HTMLDocument],[object HTMLScriptElement])
  ->  [aptEventHandler.js:157] observe([object XPCWrappedNative_NoHelper],"jaxerEvent.NewHTMLElement",null)
paths:
  -> file:///E:/Aptana%20Jaxer%20Apache/Jaxer/Apache2-4Build/jaxer/framework/src/ModuleLogger.js
  -> file:///E:/Aptana%20Jaxer%20Apache/Jaxer/Apache2-4Build/jaxer/framework/src/CoreEvents.js
  -> file:///E:/Aptana%20Jaxer%20Apache/Jaxer/Apache2-4Build/jaxer/components/aptEventHandler.js

01:11:01 12/24/2025 [ 32928] [TRACE] [JS Framework] [CoreEvents.fireEvent] Firing an event for NEW_ELEMENT
stack:
  ->  [ModuleLogger.js:98] trace("Firing an event for NEW_ELEMENT")
  ->  [CoreEvents.js:282] fireEvent("NEW_ELEMENT",[object Array])
  ->  [CoreEvents.js:238] fire("NEW_ELEMENT",[object XPCWrappedNative_NoHelper],[object HTMLDocument],[object HTMLScriptElement])
  ->  [aptEventHandler.js:157] observe([object XPCWrappedNative_NoHelper],"jaxerEvent.NewHTMLElement",null)
paths:
  -> file:///E:/Aptana%20Jaxer%20Apache/Jaxer/Apache2-4Build/jaxer/framework/src/ModuleLogger.js
  -> file:///E:/Aptana%20Jaxer%20Apache/Jaxer/Apache2-4Build/jaxer/framework/src/CoreEvents.js
  -> file:///E:/Aptana%20Jaxer%20Apache/Jaxer/Apache2-4Build/jaxer/components/aptEventHandler.js

01:11:01 12/24/2025 [ 32928] [TRACE] [JS Framework] [CoreEvents.fireEvent] Calling event handler: function onNewElement(evt, doc, elt) {
    switch (elt.tagNa...
stack:
  ->  [ModuleLogger.js:98] trace("Calling event handler: function onNewElement(evt, doc, elt) {\n    switch (elt.tagNa...")
  ->  [CoreEvents.js:292] fireEvent("NEW_ELEMENT",[object Array])
  ->  [CoreEvents.js:238] fire("NEW_ELEMENT",[object XPCWrappedNative_NoHelper],[object HTMLDocument],[object HTMLScriptElement])
  ->  [aptEventHandler.js:157] observe([object XPCWrappedNative_NoHelper],"jaxerEvent.NewHTMLElement",null)
paths:
  -> file:///E:/Aptana%20Jaxer%20Apache/Jaxer/Apache2-4Build/jaxer/framework/src/ModuleLogger.js
  -> file:///E:/Aptana%20Jaxer%20Apache/Jaxer/Apache2-4Build/jaxer/framework/src/CoreEvents.js
  -> file:///E:/Aptana%20Jaxer%20Apache/Jaxer/Apache2-4Build/jaxer/components/aptEventHandler.js

01:11:01 12/24/2025 [ 32928] [TRACE] [JS Framework] [NewElement.onNewElement] Received element: SCRIPT with no src and runat='server-proxy'
stack:
  ->  [ModuleLogger.js:98] trace("Received element: SCRIPT with no src and runat='server-proxy'")
  ->  [NewElement.js:88] onNewElement([object XPCWrappedNative_NoHelper],[object HTMLDocument],[object HTMLScriptElement])
  ->  [CoreEvents.js:293] fireEvent("NEW_ELEMENT",[object Array])
  ->  [CoreEvents.js:238] fire("NEW_ELEMENT",[object XPCWrappedNative_NoHelper],[object HTMLDocument],[object HTMLScriptElement])
  ->  [aptEventHandler.js:157] observe([object XPCWrappedNative_NoHelper],"jaxerEvent.NewHTMLElement",null)
paths:
  -> file:///E:/Aptana%20Jaxer%20Apache/Jaxer/Apache2-4Build/jaxer/framework/src/ModuleLogger.js
  -> file:///E:/Aptana%20Jaxer%20Apache/Jaxer/Apache2-4Build/jaxer/framework/src/NewElement.js
  -> file:///E:/Aptana%20Jaxer%20Apache/Jaxer/Apache2-4Build/jaxer/framework/src/CoreEvents.js
  -> file:///E:/Aptana%20Jaxer%20Apache/Jaxer/Apache2-4Build/jaxer/components/aptEventHandler.js

01:11:01 12/24/2025 [ 32928] [TRACE] [JS Framework] [CoreEvents.fire] At this time, evt.Request.isHandler=false and eventType: NEW_ELEMENT - SCRIPT
stack:
  ->  [ModuleLogger.js:98] trace("At this time, evt.Request.isHandler=false and eventType: NEW_ELEMENT - SCRIPT")
  ->  [CoreEvents.js:205] fire("NEW_ELEMENT",[object XPCWrappedNative_NoHelper],[object HTMLDocument],[object HTMLScriptElement])
  ->  [aptEventHandler.js:157] observe([object XPCWrappedNative_NoHelper],"jaxerEvent.NewHTMLElement",null)
paths:
  -> file:///E:/Aptana%20Jaxer%20Apache/Jaxer/Apache2-4Build/jaxer/framework/src/ModuleLogger.js
  -> file:///E:/Aptana%20Jaxer%20Apache/Jaxer/Apache2-4Build/jaxer/framework/src/CoreEvents.js
  -> file:///E:/Aptana%20Jaxer%20Apache/Jaxer/Apache2-4Build/jaxer/components/aptEventHandler.js

01:11:01 12/24/2025 [ 32928] [TRACE] [JS Framework] [CoreEvents.fireEvent] Firing an event for NEW_ELEMENT
stack:
  ->  [ModuleLogger.js:98] trace("Firing an event for NEW_ELEMENT")
  ->  [CoreEvents.js:282] fireEvent("NEW_ELEMENT",[object Array])
  ->  [CoreEvents.js:238] fire("NEW_ELEMENT",[object XPCWrappedNative_NoHelper],[object HTMLDocument],[object HTMLScriptElement])
  ->  [aptEventHandler.js:157] observe([object XPCWrappedNative_NoHelper],"jaxerEvent.NewHTMLElement",null)
paths:
  -> file:///E:/Aptana%20Jaxer%20Apache/Jaxer/Apache2-4Build/jaxer/framework/src/ModuleLogger.js
  -> file:///E:/Aptana%20Jaxer%20Apache/Jaxer/Apache2-4Build/jaxer/framework/src/CoreEvents.js
  -> file:///E:/Aptana%20Jaxer%20Apache/Jaxer/Apache2-4Build/jaxer/components/aptEventHandler.js

01:11:01 12/24/2025 [ 32928] [TRACE] [JS Framework] [CoreEvents.fireEvent] Calling event handler: function onNewElement(evt, doc, elt) {
    switch (elt.tagNa...
stack:
  ->  [ModuleLogger.js:98] trace("Calling event handler: function onNewElement(evt, doc, elt) {\n    switch (elt.tagNa...")
  ->  [CoreEvents.js:292] fireEvent("NEW_ELEMENT",[object Array])
  ->  [CoreEvents.js:238] fire("NEW_ELEMENT",[object XPCWrappedNative_NoHelper],[object HTMLDocument],[object HTMLScriptElement])
  ->  [aptEventHandler.js:157] observe([object XPCWrappedNative_NoHelper],"jaxerEvent.NewHTMLElement",null)
paths:
  -> file:///E:/Aptana%20Jaxer%20Apache/Jaxer/Apache2-4Build/jaxer/framework/src/ModuleLogger.js
  -> file:///E:/Aptana%20Jaxer%20Apache/Jaxer/Apache2-4Build/jaxer/framework/src/CoreEvents.js
  -> file:///E:/Aptana%20Jaxer%20Apache/Jaxer/Apache2-4Build/jaxer/components/aptEventHandler.js

01:11:01 12/24/2025 [ 32928] [TRACE] [JS Framework] [NewElement.onNewElement] Received element: SCRIPT with no src and runat='server'
stack:
  ->  [ModuleLogger.js:98] trace("Received element: SCRIPT with no src and runat='server'")
  ->  [NewElement.js:88] onNewElement([object XPCWrappedNative_NoHelper],[object HTMLDocument],[object HTMLScriptElement])
  ->  [CoreEvents.js:293] fireEvent("NEW_ELEMENT",[object Array])
  ->  [CoreEvents.js:238] fire("NEW_ELEMENT",[object XPCWrappedNative_NoHelper],[object HTMLDocument],[object HTMLScriptElement])
  ->  [aptEventHandler.js:157] observe([object XPCWrappedNative_NoHelper],"jaxerEvent.NewHTMLElement",null)
paths:
  -> file:///E:/Aptana%20Jaxer%20Apache/Jaxer/Apache2-4Build/jaxer/framework/src/ModuleLogger.js
  -> file:///E:/Aptana%20Jaxer%20Apache/Jaxer/Apache2-4Build/jaxer/framework/src/NewElement.js
  -> file:///E:/Aptana%20Jaxer%20Apache/Jaxer/Apache2-4Build/jaxer/framework/src/CoreEvents.js
  -> file:///E:/Aptana%20Jaxer%20Apache/Jaxer/Apache2-4Build/jaxer/components/aptEventHandler.js

01:11:01 12/24/2025 [ 32928] [TRACE] [JS Framework] [CoreEvents.fire] At this time, evt.Request.isHandler=false and eventType: PARSE_COMPLETE
stack:
  ->  [ModuleLogger.js:98] trace("At this time, evt.Request.isHandler=false and eventType: PARSE_COMPLETE")
  ->  [CoreEvents.js:205] fire("PARSE_COMPLETE",[object XPCWrappedNative_NoHelper],[object HTMLDocument])
  ->  [aptEventHandler.js:337] observe([object XPCWrappedNative_NoHelper],"jaxerEvent.HTMLParseComplete",null)
paths:
  -> file:///E:/Aptana%20Jaxer%20Apache/Jaxer/Apache2-4Build/jaxer/framework/src/ModuleLogger.js
  -> file:///E:/Aptana%20Jaxer%20Apache/Jaxer/Apache2-4Build/jaxer/framework/src/CoreEvents.js
  -> file:///E:/Aptana%20Jaxer%20Apache/Jaxer/Apache2-4Build/jaxer/components/aptEventHandler.js

01:11:01 12/24/2025 [ 32928] [TRACE] [JS Framework] [CoreEvents.fireEvent] Firing an event for HANDLE_PAGE
stack:
  ->  [ModuleLogger.js:98] trace("Firing an event for HANDLE_PAGE")
  ->  [CoreEvents.js:282] fireEvent("HANDLE_PAGE",[object Array])
  ->  [CoreEvents.js:234] fire("PARSE_COMPLETE",[object XPCWrappedNative_NoHelper],[object HTMLDocument])
  ->  [aptEventHandler.js:337] observe([object XPCWrappedNative_NoHelper],"jaxerEvent.HTMLParseComplete",null)
paths:
  -> file:///E:/Aptana%20Jaxer%20Apache/Jaxer/Apache2-4Build/jaxer/framework/src/ModuleLogger.js
  -> file:///E:/Aptana%20Jaxer%20Apache/Jaxer/Apache2-4Build/jaxer/framework/src/CoreEvents.js
  -> file:///E:/Aptana%20Jaxer%20Apache/Jaxer/Apache2-4Build/jaxer/components/aptEventHandler.js

01:11:01 12/24/2025 [ 32928] [TRACE] [JS Framework] [CoreEvents.fireEvent] Calling event handler: function onHandlePage(evt, doc) {
    if (checkErrors(doc)) ...
stack:
  ->  [ModuleLogger.js:98] trace("Calling event handler: function onHandlePage(evt, doc) {\n    if (checkErrors(doc)) ...")
  ->  [CoreEvents.js:292] fireEvent("HANDLE_PAGE",[object Array])
  ->  [CoreEvents.js:234] fire("PARSE_COMPLETE",[object XPCWrappedNative_NoHelper],[object HTMLDocument])
  ->  [aptEventHandler.js:337] observe([object XPCWrappedNative_NoHelper],"jaxerEvent.HTMLParseComplete",null)
paths:
  -> file:///E:/Aptana%20Jaxer%20Apache/Jaxer/Apache2-4Build/jaxer/framework/src/ModuleLogger.js
  -> file:///E:/Aptana%20Jaxer%20Apache/Jaxer/Apache2-4Build/jaxer/framework/src/CoreEvents.js
  -> file:///E:/Aptana%20Jaxer%20Apache/Jaxer/Apache2-4Build/jaxer/components/aptEventHandler.js

01:11:01 12/24/2025 [ 32928] [TRACE] [JS Framework] [HandlePage.onHandlePage] Processing onserverload with doc = [object HTMLDocument]
stack:
  ->  [ModuleLogger.js:98] trace("Processing onserverload with doc = [object HTMLDocument]")
  ->  [HandlePage.js:58] onHandlePage([object XPCWrappedNative_NoHelper],[object HTMLDocument])
  ->  [CoreEvents.js:293] fireEvent("HANDLE_PAGE",[object Array])
  ->  [CoreEvents.js:234] fire("PARSE_COMPLETE",[object XPCWrappedNative_NoHelper],[object HTMLDocument])
  ->  [aptEventHandler.js:337] observe([object XPCWrappedNative_NoHelper],"jaxerEvent.HTMLParseComplete",null)
paths:
  -> file:///E:/Aptana%20Jaxer%20Apache/Jaxer/Apache2-4Build/jaxer/framework/src/ModuleLogger.js
  -> file:///E:/Aptana%20Jaxer%20Apache/Jaxer/Apache2-4Build/jaxer/framework/src/HandlePage.js
  -> file:///E:/Aptana%20Jaxer%20Apache/Jaxer/Apache2-4Build/jaxer/framework/src/CoreEvents.js
  -> file:///E:/Aptana%20Jaxer%20Apache/Jaxer/Apache2-4Build/jaxer/components/aptEventHandler.js

01:11:01 12/24/2025 [ 32928] [TRACE] [JS Framework] [HandlePage.processLoadEvent] Processing load event 'serverload' with doc = [object HTMLDocument]
stack:
  ->  [ModuleLogger.js:98] trace("Processing load event 'serverload' with doc = [object HTMLDocument]")
  ->  [HandlePage.js:258] processLoadEvent("serverload",[object HTMLDocument],true)
  ->  [HandlePage.js:222] processOnServerLoad([object HTMLDocument])
  ->  [HandlePage.js:59] onHandlePage([object XPCWrappedNative_NoHelper],[object HTMLDocument])
  ->  [CoreEvents.js:293] fireEvent("HANDLE_PAGE",[object Array])
  ->  [CoreEvents.js:234] fire("PARSE_COMPLETE",[object XPCWrappedNative_NoHelper],[object HTMLDocument])
  ->  [aptEventHandler.js:337] observe([object XPCWrappedNative_NoHelper],"jaxerEvent.HTMLParseComplete",null)
paths:
  -> file:///E:/Aptana%20Jaxer%20Apache/Jaxer/Apache2-4Build/jaxer/framework/src/ModuleLogger.js
  -> file:///E:/Aptana%20Jaxer%20Apache/Jaxer/Apache2-4Build/jaxer/framework/src/HandlePage.js
  -> file:///E:/Aptana%20Jaxer%20Apache/Jaxer/Apache2-4Build/jaxer/framework/src/CoreEvents.js
  -> file:///E:/Aptana%20Jaxer%20Apache/Jaxer/Apache2-4Build/jaxer/components/aptEventHandler.js

01:11:01 12/24/2025 [ 32928] [TRACE] [JS Framework] [HandlePage.processLoadEvent] Processing load event 'load' with doc = [object HTMLDocument]
stack:
  ->  [ModuleLogger.js:98] trace("Processing load event 'load' with doc = [object HTMLDocument]")
  ->  [HandlePage.js:258] processLoadEvent("load",[object HTMLDocument],false)
  ->  [HandlePage.js:227] processOnServerLoad([object HTMLDocument])
  ->  [HandlePage.js:59] onHandlePage([object XPCWrappedNative_NoHelper],[object HTMLDocument])
  ->  [CoreEvents.js:293] fireEvent("HANDLE_PAGE",[object Array])
  ->  [CoreEvents.js:234] fire("PARSE_COMPLETE",[object XPCWrappedNative_NoHelper],[object HTMLDocument])
  ->  [aptEventHandler.js:337] observe([object XPCWrappedNative_NoHelper],"jaxerEvent.HTMLParseComplete",null)
paths:
  -> file:///E:/Aptana%20Jaxer%20Apache/Jaxer/Apache2-4Build/jaxer/framework/src/ModuleLogger.js
  -> file:///E:/Aptana%20Jaxer%20Apache/Jaxer/Apache2-4Build/jaxer/framework/src/HandlePage.js
  -> file:///E:/Aptana%20Jaxer%20Apache/Jaxer/Apache2-4Build/jaxer/framework/src/CoreEvents.js
  -> file:///E:/Aptana%20Jaxer%20Apache/Jaxer/Apache2-4Build/jaxer/components/aptEventHandler.js

01:11:01 12/24/2025 [ 32928] [DEBUG] [JS Framework] [HandlePage.onHandlePage] Script processing starting
stack:
  ->  [ModuleLogger.js:98] debug("Script processing starting")
  ->  [HandlePage.js:62] onHandlePage([object XPCWrappedNative_NoHelper],[object HTMLDocument])
  ->  [CoreEvents.js:293] fireEvent("HANDLE_PAGE",[object Array])
  ->  [CoreEvents.js:234] fire("PARSE_COMPLETE",[object XPCWrappedNative_NoHelper],[object HTMLDocument])
  ->  [aptEventHandler.js:337] observe([object XPCWrappedNative_NoHelper],"jaxerEvent.HTMLParseComplete",null)
paths:
  -> file:///E:/Aptana%20Jaxer%20Apache/Jaxer/Apache2-4Build/jaxer/framework/src/ModuleLogger.js
  -> file:///E:/Aptana%20Jaxer%20Apache/Jaxer/Apache2-4Build/jaxer/framework/src/HandlePage.js
  -> file:///E:/Aptana%20Jaxer%20Apache/Jaxer/Apache2-4Build/jaxer/framework/src/CoreEvents.js
  -> file:///E:/Aptana%20Jaxer%20Apache/Jaxer/Apache2-4Build/jaxer/components/aptEventHandler.js

01:11:01 12/24/2025 [ 32928] [DEBUG] [JS Framework] [CallbackManager.processScriptElements] Found 3 script blocks to conditionally post-process
stack:
  ->  [ModuleLogger.js:98] debug("Found 3 script blocks to conditionally post-process")
  ->  [CallbackManager.js:505] processScriptElements([object Object])
  ->  [CallbackManager.js:67] processCallbacks([object HTMLDocument])
  ->  [HandlePage.js:63] onHandlePage([object XPCWrappedNative_NoHelper],[object HTMLDocument])
  ->  [CoreEvents.js:293] fireEvent("HANDLE_PAGE",[object Array])
  ->  [CoreEvents.js:234] fire("PARSE_COMPLETE",[object XPCWrappedNative_NoHelper],[object HTMLDocument])
  ->  [aptEventHandler.js:337] observe([object XPCWrappedNative_NoHelper],"jaxerEvent.HTMLParseComplete",null)
paths:
  -> file:///E:/Aptana%20Jaxer%20Apache/Jaxer/Apache2-4Build/jaxer/framework/src/ModuleLogger.js
  -> file:///E:/Aptana%20Jaxer%20Apache/Jaxer/Apache2-4Build/jaxer/framework/src/CallbackManager.js
  -> file:///E:/Aptana%20Jaxer%20Apache/Jaxer/Apache2-4Build/jaxer/framework/src/HandlePage.js
  -> file:///E:/Aptana%20Jaxer%20Apache/Jaxer/Apache2-4Build/jaxer/framework/src/CoreEvents.js
  -> file:///E:/Aptana%20Jaxer%20Apache/Jaxer/Apache2-4Build/jaxer/components/aptEventHandler.js

01:11:01 12/24/2025 [ 32928] [DEBUG] [JS Framework] [ScriptProcessor.process] Post-processing script block with no src and runat='both' and contents='
			function $(id) { return document.getElementById(id); }
		'
stack:
  ->  [ModuleLogger.js:98] debug("Post-processing script block with no src and runat='both' and contents='\n\t\t\tfunction $(id) { return document.getElementById(id); }\n\t\t'")
  ->  [ScriptProcessor.js:280] process()
  ->  [CallbackManager.js:511] processElement([object HTMLScriptElement],0,[object Array])
  ->  [CallbackManager.js:509] processScriptElements([object Object])
  ->  [CallbackManager.js:67] processCallbacks([object HTMLDocument])
  ->  [HandlePage.js:63] onHandlePage([object XPCWrappedNative_NoHelper],[object HTMLDocument])
  ->  [CoreEvents.js:293] fireEvent("HANDLE_PAGE",[object Array])
  ->  [CoreEvents.js:234] fire("PARSE_COMPLETE",[object XPCWrappedNative_NoHelper],[object HTMLDocument])
  ->  [aptEventHandler.js:337] observe([object XPCWrappedNative_NoHelper],"jaxerEvent.HTMLParseComplete",null)
paths:
  -> file:///E:/Aptana%20Jaxer%20Apache/Jaxer/Apache2-4Build/jaxer/framework/src/ModuleLogger.js
  -> file:///E:/Aptana%20Jaxer%20Apache/Jaxer/Apache2-4Build/jaxer/framework/src/ScriptProcessor.js
  -> file:///E:/Aptana%20Jaxer%20Apache/Jaxer/Apache2-4Build/jaxer/framework/src/CallbackManager.js
  -> file:///E:/Aptana%20Jaxer%20Apache/Jaxer/Apache2-4Build/jaxer/framework/src/HandlePage.js
  -> file:///E:/Aptana%20Jaxer%20Apache/Jaxer/Apache2-4Build/jaxer/framework/src/CoreEvents.js
  -> file:///E:/Aptana%20Jaxer%20Apache/Jaxer/Apache2-4Build/jaxer/components/aptEventHandler.js

01:11:01 12/24/2025 [ 32928] [DEBUG] [JS Framework] [ScriptProcessor.process] Found 1 functions to process
stack:
  ->  [ModuleLogger.js:98] debug("Found 1 functions to process")
  ->  [ScriptProcessor.js:284] process()
  ->  [CallbackManager.js:511] processElement([object HTMLScriptElement],0,[object Array])
  ->  [CallbackManager.js:509] processScriptElements([object Object])
  ->  [CallbackManager.js:67] processCallbacks([object HTMLDocument])
  ->  [HandlePage.js:63] onHandlePage([object XPCWrappedNative_NoHelper],[object HTMLDocument])
  ->  [CoreEvents.js:293] fireEvent("HANDLE_PAGE",[object Array])
  ->  [CoreEvents.js:234] fire("PARSE_COMPLETE",[object XPCWrappedNative_NoHelper],[object HTMLDocument])
  ->  [aptEventHandler.js:337] observe([object XPCWrappedNative_NoHelper],"jaxerEvent.HTMLParseComplete",null)
paths:
  -> file:///E:/Aptana%20Jaxer%20Apache/Jaxer/Apache2-4Build/jaxer/framework/src/ModuleLogger.js
  -> file:///E:/Aptana%20Jaxer%20Apache/Jaxer/Apache2-4Build/jaxer/framework/src/ScriptProcessor.js
  -> file:///E:/Aptana%20Jaxer%20Apache/Jaxer/Apache2-4Build/jaxer/framework/src/CallbackManager.js
  -> file:///E:/Aptana%20Jaxer%20Apache/Jaxer/Apache2-4Build/jaxer/framework/src/HandlePage.js
  -> file:///E:/Aptana%20Jaxer%20Apache/Jaxer/Apache2-4Build/jaxer/framework/src/CoreEvents.js
  -> file:///E:/Aptana%20Jaxer%20Apache/Jaxer/Apache2-4Build/jaxer/components/aptEventHandler.js

01:11:01 12/24/2025 [ 32928] [TRACE] [JS Framework] [ScriptProcessor.process] Processing function '$' with runat=both, proxy=false, effectiveRunat=both
stack:
  ->  [ModuleLogger.js:98] trace("Processing function '$' with runat=both, proxy=false, effectiveRunat=both")
  ->  [ScriptProcessor.js:307] process()
  ->  [CallbackManager.js:511] processElement([object HTMLScriptElement],0,[object Array])
  ->  [CallbackManager.js:509] processScriptElements([object Object])
  ->  [CallbackManager.js:67] processCallbacks([object HTMLDocument])
  ->  [HandlePage.js:63] onHandlePage([object XPCWrappedNative_NoHelper],[object HTMLDocument])
  ->  [CoreEvents.js:293] fireEvent("HANDLE_PAGE",[object Array])
  ->  [CoreEvents.js:234] fire("PARSE_COMPLETE",[object XPCWrappedNative_NoHelper],[object HTMLDocument])
  ->  [aptEventHandler.js:337] observe([object XPCWrappedNative_NoHelper],"jaxerEvent.HTMLParseComplete",null)
paths:
  -> file:///E:/Aptana%20Jaxer%20Apache/Jaxer/Apache2-4Build/jaxer/framework/src/ModuleLogger.js
  -> file:///E:/Aptana%20Jaxer%20Apache/Jaxer/Apache2-4Build/jaxer/framework/src/ScriptProcessor.js
  -> file:///E:/Aptana%20Jaxer%20Apache/Jaxer/Apache2-4Build/jaxer/framework/src/CallbackManager.js
  -> file:///E:/Aptana%20Jaxer%20Apache/Jaxer/Apache2-4Build/jaxer/framework/src/HandlePage.js
  -> file:///E:/Aptana%20Jaxer%20Apache/Jaxer/Apache2-4Build/jaxer/framework/src/CoreEvents.js
  -> file:///E:/Aptana%20Jaxer%20Apache/Jaxer/Apache2-4Build/jaxer/components/aptEventHandler.js

01:11:01 12/24/2025 [ 32928] [DEBUG] [JS Framework] [ScriptProcessor.process] Post-processing script block with no src and runat='server' and contents='
			
			function accessAllowed()
			{
				return (typeof Jaxer.request.app.SHELL_ENABLED == 'functio...'
stack:
  ->  [ModuleLogger.js:98] debug("Post-processing script block with no src and runat='server' and contents='\n\t\t\t\n\t\t\tfunction accessAllowed()\n\t\t\t{\n\t\t\t\treturn (typeof Jaxer.request.app.SHELL_ENABLED == 'functio...'")
  ->  [ScriptProcessor.js:280] process()
  ->  [CallbackManager.js:511] processElement([object HTMLScriptElement],1,[object Array])
  ->  [CallbackManager.js:509] processScriptElements([object Object])
  ->  [CallbackManager.js:67] processCallbacks([object HTMLDocument])
  ->  [HandlePage.js:63] onHandlePage([object XPCWrappedNative_NoHelper],[object HTMLDocument])
  ->  [CoreEvents.js:293] fireEvent("HANDLE_PAGE",[object Array])
  ->  [CoreEvents.js:234] fire("PARSE_COMPLETE",[object XPCWrappedNative_NoHelper],[object HTMLDocument])
  ->  [aptEventHandler.js:337] observe([object XPCWrappedNative_NoHelper],"jaxerEvent.HTMLParseComplete",null)
paths:
  -> file:///E:/Aptana%20Jaxer%20Apache/Jaxer/Apache2-4Build/jaxer/framework/src/ModuleLogger.js
  -> file:///E:/Aptana%20Jaxer%20Apache/Jaxer/Apache2-4Build/jaxer/framework/src/ScriptProcessor.js
  -> file:///E:/Aptana%20Jaxer%20Apache/Jaxer/Apache2-4Build/jaxer/framework/src/CallbackManager.js
  -> file:///E:/Aptana%20Jaxer%20Apache/Jaxer/Apache2-4Build/jaxer/framework/src/HandlePage.js
  -> file:///E:/Aptana%20Jaxer%20Apache/Jaxer/Apache2-4Build/jaxer/framework/src/CoreEvents.js
  -> file:///E:/Aptana%20Jaxer%20Apache/Jaxer/Apache2-4Build/jaxer/components/aptEventHandler.js

01:11:01 12/24/2025 [ 32928] [DEBUG] [JS Framework] [ScriptProcessor.process] Found 3 functions to process
stack:
  ->  [ModuleLogger.js:98] debug("Found 3 functions to process")
  ->  [ScriptProcessor.js:284] process()
  ->  [CallbackManager.js:511] processElement([object HTMLScriptElement],1,[object Array])
  ->  [CallbackManager.js:509] processScriptElements([object Object])
  ->  [CallbackManager.js:67] processCallbacks([object HTMLDocument])
  ->  [HandlePage.js:63] onHandlePage([object XPCWrappedNative_NoHelper],[object HTMLDocument])
  ->  [CoreEvents.js:293] fireEvent("HANDLE_PAGE",[object Array])
  ->  [CoreEvents.js:234] fire("PARSE_COMPLETE",[object XPCWrappedNative_NoHelper],[object HTMLDocument])
  ->  [aptEventHandler.js:337] observe([object XPCWrappedNative_NoHelper],"jaxerEvent.HTMLParseComplete",null)
paths:
  -> file:///E:/Aptana%20Jaxer%20Apache/Jaxer/Apache2-4Build/jaxer/framework/src/ModuleLogger.js
  -> file:///E:/Aptana%20Jaxer%20Apache/Jaxer/Apache2-4Build/jaxer/framework/src/ScriptProcessor.js
  -> file:///E:/Aptana%20Jaxer%20Apache/Jaxer/Apache2-4Build/jaxer/framework/src/CallbackManager.js
  -> file:///E:/Aptana%20Jaxer%20Apache/Jaxer/Apache2-4Build/jaxer/framework/src/HandlePage.js
  -> file:///E:/Aptana%20Jaxer%20Apache/Jaxer/Apache2-4Build/jaxer/framework/src/CoreEvents.js
  -> file:///E:/Aptana%20Jaxer%20Apache/Jaxer/Apache2-4Build/jaxer/components/aptEventHandler.js

01:11:01 12/24/2025 [ 32928] [TRACE] [JS Framework] [ScriptProcessor.process] Processing function 'accessAllowed' with runat=server, proxy=false, effectiveRunat=server
stack:
  ->  [ModuleLogger.js:98] trace("Processing function 'accessAllowed' with runat=server, proxy=false, effectiveRunat=server")
  ->  [ScriptProcessor.js:307] process()
  ->  [CallbackManager.js:511] processElement([object HTMLScriptElement],1,[object Array])
  ->  [CallbackManager.js:509] processScriptElements([object Object])
  ->  [CallbackManager.js:67] processCallbacks([object HTMLDocument])
  ->  [HandlePage.js:63] onHandlePage([object XPCWrappedNative_NoHelper],[object HTMLDocument])
  ->  [CoreEvents.js:293] fireEvent("HANDLE_PAGE",[object Array])
  ->  [CoreEvents.js:234] fire("PARSE_COMPLETE",[object XPCWrappedNative_NoHelper],[object HTMLDocument])
  ->  [aptEventHandler.js:337] observe([object XPCWrappedNative_NoHelper],"jaxerEvent.HTMLParseComplete",null)
paths:
  -> file:///E:/Aptana%20Jaxer%20Apache/Jaxer/Apache2-4Build/jaxer/framework/src/ModuleLogger.js
  -> file:///E:/Aptana%20Jaxer%20Apache/Jaxer/Apache2-4Build/jaxer/framework/src/ScriptProcessor.js
  -> file:///E:/Aptana%20Jaxer%20Apache/Jaxer/Apache2-4Build/jaxer/framework/src/CallbackManager.js
  -> file:///E:/Aptana%20Jaxer%20Apache/Jaxer/Apache2-4Build/jaxer/framework/src/HandlePage.js
  -> file:///E:/Aptana%20Jaxer%20Apache/Jaxer/Apache2-4Build/jaxer/framework/src/CoreEvents.js
  -> file:///E:/Aptana%20Jaxer%20Apache/Jaxer/Apache2-4Build/jaxer/components/aptEventHandler.js

01:11:01 12/24/2025 [ 32928] [TRACE] [JS Framework] [ScriptProcessor.process] Processing function 'checkAccessAllowed' with runat=server, proxy=false, effectiveRunat=server
stack:
  ->  [ModuleLogger.js:98] trace("Processing function 'checkAccessAllowed' with runat=server, proxy=false, effectiveRunat=server")
  ->  [ScriptProcessor.js:307] process()
  ->  [CallbackManager.js:511] processElement([object HTMLScriptElement],1,[object Array])
  ->  [CallbackManager.js:509] processScriptElements([object Object])
  ->  [CallbackManager.js:67] processCallbacks([object HTMLDocument])
  ->  [HandlePage.js:63] onHandlePage([object XPCWrappedNative_NoHelper],[object HTMLDocument])
  ->  [CoreEvents.js:293] fireEvent("HANDLE_PAGE",[object Array])
  ->  [CoreEvents.js:234] fire("PARSE_COMPLETE",[object XPCWrappedNative_NoHelper],[object HTMLDocument])
  ->  [aptEventHandler.js:337] observe([object XPCWrappedNative_NoHelper],"jaxerEvent.HTMLParseComplete",null)
paths:
  -> file:///E:/Aptana%20Jaxer%20Apache/Jaxer/Apache2-4Build/jaxer/framework/src/ModuleLogger.js
  -> file:///E:/Aptana%20Jaxer%20Apache/Jaxer/Apache2-4Build/jaxer/framework/src/ScriptProcessor.js
  -> file:///E:/Aptana%20Jaxer%20Apache/Jaxer/Apache2-4Build/jaxer/framework/src/CallbackManager.js
  -> file:///E:/Aptana%20Jaxer%20Apache/Jaxer/Apache2-4Build/jaxer/framework/src/HandlePage.js
  -> file:///E:/Aptana%20Jaxer%20Apache/Jaxer/Apache2-4Build/jaxer/framework/src/CoreEvents.js
  -> file:///E:/Aptana%20Jaxer%20Apache/Jaxer/Apache2-4Build/jaxer/components/aptEventHandler.js

01:11:01 12/24/2025 [ 32928] [TRACE] [JS Framework] [ScriptProcessor.process] Processing function 'evalIn' with runat=server, proxy=false, effectiveRunat=server
stack:
  ->  [ModuleLogger.js:98] trace("Processing function 'evalIn' with runat=server, proxy=false, effectiveRunat=server")
  ->  [ScriptProcessor.js:307] process()
  ->  [CallbackManager.js:511] processElement([object HTMLScriptElement],1,[object Array])
  ->  [CallbackManager.js:509] processScriptElements([object Object])
  ->  [CallbackManager.js:67] processCallbacks([object HTMLDocument])
  ->  [HandlePage.js:63] onHandlePage([object XPCWrappedNative_NoHelper],[object HTMLDocument])
  ->  [CoreEvents.js:293] fireEvent("HANDLE_PAGE",[object Array])
  ->  [CoreEvents.js:234] fire("PARSE_COMPLETE",[object XPCWrappedNative_NoHelper],[object HTMLDocument])
  ->  [aptEventHandler.js:337] observe([object XPCWrappedNative_NoHelper],"jaxerEvent.HTMLParseComplete",null)
paths:
  -> file:///E:/Aptana%20Jaxer%20Apache/Jaxer/Apache2-4Build/jaxer/framework/src/ModuleLogger.js
  -> file:///E:/Aptana%20Jaxer%20Apache/Jaxer/Apache2-4Build/jaxer/framework/src/ScriptProcessor.js
  -> file:///E:/Aptana%20Jaxer%20Apache/Jaxer/Apache2-4Build/jaxer/framework/src/CallbackManager.js
  -> file:///E:/Aptana%20Jaxer%20Apache/Jaxer/Apache2-4Build/jaxer/framework/src/HandlePage.js
  -> file:///E:/Aptana%20Jaxer%20Apache/Jaxer/Apache2-4Build/jaxer/framework/src/CoreEvents.js
  -> file:///E:/Aptana%20Jaxer%20Apache/Jaxer/Apache2-4Build/jaxer/components/aptEventHandler.js

01:11:01 12/24/2025 [ 32928] [DEBUG] [JS Framework] [ScriptProcessor.process] Post-processing script block with no src and runat='server-proxy' and contents='
			
			function execute(codeToExecute)
			{
				if (!accessAllowed) throw "Sorry, access denied"
		...'
stack:
  ->  [ModuleLogger.js:98] debug("Post-processing script block with no src and runat='server-proxy' and contents='\n\t\t\t\n\t\t\tfunction execute(codeToExecute)\n\t\t\t{\n\t\t\t\tif (!accessAllowed) throw \"Sorry, access denied\"\n\t\t...'")
  ->  [ScriptProcessor.js:280] process()
  ->  [CallbackManager.js:511] processElement([object HTMLScriptElement],2,[object Array])
  ->  [CallbackManager.js:509] processScriptElements([object Object])
  ->  [CallbackManager.js:67] processCallbacks([object HTMLDocument])
  ->  [HandlePage.js:63] onHandlePage([object XPCWrappedNative_NoHelper],[object HTMLDocument])
  ->  [CoreEvents.js:293] fireEvent("HANDLE_PAGE",[object Array])
  ->  [CoreEvents.js:234] fire("PARSE_COMPLETE",[object XPCWrappedNative_NoHelper],[object HTMLDocument])
  ->  [aptEventHandler.js:337] observe([object XPCWrappedNative_NoHelper],"jaxerEvent.HTMLParseComplete",null)
paths:
  -> file:///E:/Aptana%20Jaxer%20Apache/Jaxer/Apache2-4Build/jaxer/framework/src/ModuleLogger.js
  -> file:///E:/Aptana%20Jaxer%20Apache/Jaxer/Apache2-4Build/jaxer/framework/src/ScriptProcessor.js
  -> file:///E:/Aptana%20Jaxer%20Apache/Jaxer/Apache2-4Build/jaxer/framework/src/CallbackManager.js
  -> file:///E:/Aptana%20Jaxer%20Apache/Jaxer/Apache2-4Build/jaxer/framework/src/HandlePage.js
  -> file:///E:/Aptana%20Jaxer%20Apache/Jaxer/Apache2-4Build/jaxer/framework/src/CoreEvents.js
  -> file:///E:/Aptana%20Jaxer%20Apache/Jaxer/Apache2-4Build/jaxer/components/aptEventHandler.js

01:11:01 12/24/2025 [ 32928] [DEBUG] [JS Framework] [ScriptProcessor.process] Found 5 functions to process
stack:
  ->  [ModuleLogger.js:98] debug("Found 5 functions to process")
  ->  [ScriptProcessor.js:284] process()
  ->  [CallbackManager.js:511] processElement([object HTMLScriptElement],2,[object Array])
  ->  [CallbackManager.js:509] processScriptElements([object Object])
  ->  [CallbackManager.js:67] processCallbacks([object HTMLDocument])
  ->  [HandlePage.js:63] onHandlePage([object XPCWrappedNative_NoHelper],[object HTMLDocument])
  ->  [CoreEvents.js:293] fireEvent("HANDLE_PAGE",[object Array])
  ->  [CoreEvents.js:234] fire("PARSE_COMPLETE",[object XPCWrappedNative_NoHelper],[object HTMLDocument])
  ->  [aptEventHandler.js:337] observe([object XPCWrappedNative_NoHelper],"jaxerEvent.HTMLParseComplete",null)
paths:
  -> file:///E:/Aptana%20Jaxer%20Apache/Jaxer/Apache2-4Build/jaxer/framework/src/ModuleLogger.js
  -> file:///E:/Aptana%20Jaxer%20Apache/Jaxer/Apache2-4Build/jaxer/framework/src/ScriptProcessor.js
  -> file:///E:/Aptana%20Jaxer%20Apache/Jaxer/Apache2-4Build/jaxer/framework/src/CallbackManager.js
  -> file:///E:/Aptana%20Jaxer%20Apache/Jaxer/Apache2-4Build/jaxer/framework/src/HandlePage.js
  -> file:///E:/Aptana%20Jaxer%20Apache/Jaxer/Apache2-4Build/jaxer/framework/src/CoreEvents.js
  -> file:///E:/Aptana%20Jaxer%20Apache/Jaxer/Apache2-4Build/jaxer/components/aptEventHandler.js

01:11:01 12/24/2025 [ 32928] [TRACE] [JS Framework] [ScriptProcessor.process] Processing function 'execute' with runat=server-proxy, proxy=true, effectiveRunat=server-proxy
stack:
  ->  [ModuleLogger.js:98] trace("Processing function 'execute' with runat=server-proxy, proxy=true, effectiveRunat=server-proxy")
  ->  [ScriptProcessor.js:307] process()
  ->  [CallbackManager.js:511] processElement([object HTMLScriptElement],2,[object Array])
  ->  [CallbackManager.js:509] processScriptElements([object Object])
  ->  [CallbackManager.js:67] processCallbacks([object HTMLDocument])
  ->  [HandlePage.js:63] onHandlePage([object XPCWrappedNative_NoHelper],[object HTMLDocument])
  ->  [CoreEvents.js:293] fireEvent("HANDLE_PAGE",[object Array])
  ->  [CoreEvents.js:234] fire("PARSE_COMPLETE",[object XPCWrappedNative_NoHelper],[object HTMLDocument])
  ->  [aptEventHandler.js:337] observe([object XPCWrappedNative_NoHelper],"jaxerEvent.HTMLParseComplete",null)
paths:
  -> file:///E:/Aptana%20Jaxer%20Apache/Jaxer/Apache2-4Build/jaxer/framework/src/ModuleLogger.js
  -> file:///E:/Aptana%20Jaxer%20Apache/Jaxer/Apache2-4Build/jaxer/framework/src/ScriptProcessor.js
  -> file:///E:/Aptana%20Jaxer%20Apache/Jaxer/Apache2-4Build/jaxer/framework/src/CallbackManager.js
  -> file:///E:/Aptana%20Jaxer%20Apache/Jaxer/Apache2-4Build/jaxer/framework/src/HandlePage.js
  -> file:///E:/Aptana%20Jaxer%20Apache/Jaxer/Apache2-4Build/jaxer/framework/src/CoreEvents.js
  -> file:///E:/Aptana%20Jaxer%20Apache/Jaxer/Apache2-4Build/jaxer/components/aptEventHandler.js

01:11:01 12/24/2025 [ 32928] [TRACE] [JS Framework] [ScriptProcessor.process] Processing function '__isLogModuleVerbose' with runat=server-proxy, proxy=true, effectiveRunat=server-proxy
stack:
  ->  [ModuleLogger.js:98] trace("Processing function '__isLogModuleVerbose' with runat=server-proxy, proxy=true, effectiveRunat=server-proxy")
  ->  [ScriptProcessor.js:307] process()
  ->  [CallbackManager.js:511] processElement([object HTMLScriptElement],2,[object Array])
  ->  [CallbackManager.js:509] processScriptElements([object Object])
  ->  [CallbackManager.js:67] processCallbacks([object HTMLDocument])
  ->  [HandlePage.js:63] onHandlePage([object XPCWrappedNative_NoHelper],[object HTMLDocument])
  ->  [CoreEvents.js:293] fireEvent("HANDLE_PAGE",[object Array])
  ->  [CoreEvents.js:234] fire("PARSE_COMPLETE",[object XPCWrappedNative_NoHelper],[object HTMLDocument])
  ->  [aptEventHandler.js:337] observe([object XPCWrappedNative_NoHelper],"jaxerEvent.HTMLParseComplete",null)
paths:
  -> file:///E:/Aptana%20Jaxer%20Apache/Jaxer/Apache2-4Build/jaxer/framework/src/ModuleLogger.js
  -> file:///E:/Aptana%20Jaxer%20Apache/Jaxer/Apache2-4Build/jaxer/framework/src/ScriptProcessor.js
  -> file:///E:/Aptana%20Jaxer%20Apache/Jaxer/Apache2-4Build/jaxer/framework/src/CallbackManager.js
  -> file:///E:/Aptana%20Jaxer%20Apache/Jaxer/Apache2-4Build/jaxer/framework/src/HandlePage.js
  -> file:///E:/Aptana%20Jaxer%20Apache/Jaxer/Apache2-4Build/jaxer/framework/src/CoreEvents.js
  -> file:///E:/Aptana%20Jaxer%20Apache/Jaxer/Apache2-4Build/jaxer/components/aptEventHandler.js

01:11:01 12/24/2025 [ 32928] [TRACE] [JS Framework] [ScriptProcessor.process] Processing function '__getLogLevels' with runat=server-proxy, proxy=true, effectiveRunat=server-proxy
stack:
  ->  [ModuleLogger.js:98] trace("Processing function '__getLogLevels' with runat=server-proxy, proxy=true, effectiveRunat=server-proxy")
  ->  [ScriptProcessor.js:307] process()
  ->  [CallbackManager.js:511] processElement([object HTMLScriptElement],2,[object Array])
  ->  [CallbackManager.js:509] processScriptElements([object Object])
  ->  [CallbackManager.js:67] processCallbacks([object HTMLDocument])
  ->  [HandlePage.js:63] onHandlePage([object XPCWrappedNative_NoHelper],[object HTMLDocument])
  ->  [CoreEvents.js:293] fireEvent("HANDLE_PAGE",[object Array])
  ->  [CoreEvents.js:234] fire("PARSE_COMPLETE",[object XPCWrappedNative_NoHelper],[object HTMLDocument])
  ->  [aptEventHandler.js:337] observe([object XPCWrappedNative_NoHelper],"jaxerEvent.HTMLParseComplete",null)
paths:
  -> file:///E:/Aptana%20Jaxer%20Apache/Jaxer/Apache2-4Build/jaxer/framework/src/ModuleLogger.js
  -> file:///E:/Aptana%20Jaxer%20Apache/Jaxer/Apache2-4Build/jaxer/framework/src/ScriptProcessor.js
  -> file:///E:/Aptana%20Jaxer%20Apache/Jaxer/Apache2-4Build/jaxer/framework/src/CallbackManager.js
  -> file:///E:/Aptana%20Jaxer%20Apache/Jaxer/Apache2-4Build/jaxer/framework/src/HandlePage.js
  -> file:///E:/Aptana%20Jaxer%20Apache/Jaxer/Apache2-4Build/jaxer/framework/src/CoreEvents.js
  -> file:///E:/Aptana%20Jaxer%20Apache/Jaxer/Apache2-4Build/jaxer/components/aptEventHandler.js

01:11:01 12/24/2025 [ 32928] [TRACE] [JS Framework] [ScriptProcessor.process] Processing function '__setLogLevels' with runat=server-proxy, proxy=true, effectiveRunat=server-proxy
stack:
  ->  [ModuleLogger.js:98] trace("Processing function '__setLogLevels' with runat=server-proxy, proxy=true, effectiveRunat=server-proxy")
  ->  [ScriptProcessor.js:307] process()
  ->  [CallbackManager.js:511] processElement([object HTMLScriptElement],2,[object Array])
  ->  [CallbackManager.js:509] processScriptElements([object Object])
  ->  [CallbackManager.js:67] processCallbacks([object HTMLDocument])
  ->  [HandlePage.js:63] onHandlePage([object XPCWrappedNative_NoHelper],[object HTMLDocument])
  ->  [CoreEvents.js:293] fireEvent("HANDLE_PAGE",[object Array])
  ->  [CoreEvents.js:234] fire("PARSE_COMPLETE",[object XPCWrappedNative_NoHelper],[object HTMLDocument])
  ->  [aptEventHandler.js:337] observe([object XPCWrappedNative_NoHelper],"jaxerEvent.HTMLParseComplete",null)
paths:
  -> file:///E:/Aptana%20Jaxer%20Apache/Jaxer/Apache2-4Build/jaxer/framework/src/ModuleLogger.js
  -> file:///E:/Aptana%20Jaxer%20Apache/Jaxer/Apache2-4Build/jaxer/framework/src/ScriptProcessor.js
  -> file:///E:/Aptana%20Jaxer%20Apache/Jaxer/Apache2-4Build/jaxer/framework/src/CallbackManager.js
  -> file:///E:/Aptana%20Jaxer%20Apache/Jaxer/Apache2-4Build/jaxer/framework/src/HandlePage.js
  -> file:///E:/Aptana%20Jaxer%20Apache/Jaxer/Apache2-4Build/jaxer/framework/src/CoreEvents.js
  -> file:///E:/Aptana%20Jaxer%20Apache/Jaxer/Apache2-4Build/jaxer/components/aptEventHandler.js

01:11:01 12/24/2025 [ 32928] [TRACE] [JS Framework] [ScriptProcessor.process] Processing function '__setAllLogLevels' with runat=server-proxy, proxy=true, effectiveRunat=server-proxy
stack:
  ->  [ModuleLogger.js:98] trace("Processing function '__setAllLogLevels' with runat=server-proxy, proxy=true, effectiveRunat=server-proxy")
  ->  [ScriptProcessor.js:307] process()
  ->  [CallbackManager.js:511] processElement([object HTMLScriptElement],2,[object Array])
  ->  [CallbackManager.js:509] processScriptElements([object Object])
  ->  [CallbackManager.js:67] processCallbacks([object HTMLDocument])
  ->  [HandlePage.js:63] onHandlePage([object XPCWrappedNative_NoHelper],[object HTMLDocument])
  ->  [CoreEvents.js:293] fireEvent("HANDLE_PAGE",[object Array])
  ->  [CoreEvents.js:234] fire("PARSE_COMPLETE",[object XPCWrappedNative_NoHelper],[object HTMLDocument])
  ->  [aptEventHandler.js:337] observe([object XPCWrappedNative_NoHelper],"jaxerEvent.HTMLParseComplete",null)
paths:
  -> file:///E:/Aptana%20Jaxer%20Apache/Jaxer/Apache2-4Build/jaxer/framework/src/ModuleLogger.js
  -> file:///E:/Aptana%20Jaxer%20Apache/Jaxer/Apache2-4Build/jaxer/framework/src/ScriptProcessor.js
  -> file:///E:/Aptana%20Jaxer%20Apache/Jaxer/Apache2-4Build/jaxer/framework/src/CallbackManager.js
  -> file:///E:/Aptana%20Jaxer%20Apache/Jaxer/Apache2-4Build/jaxer/framework/src/HandlePage.js
  -> file:///E:/Aptana%20Jaxer%20Apache/Jaxer/Apache2-4Build/jaxer/framework/src/CoreEvents.js
  -> file:///E:/Aptana%20Jaxer%20Apache/Jaxer/Apache2-4Build/jaxer/components/aptEventHandler.js

01:11:01 12/24/2025 [ 32928] [DEBUG] [JS Framework] [ScriptProcessor.apply] This script block will be sent to the browser
stack:
  ->  [ModuleLogger.js:98] debug("This script block will be sent to the browser")
  ->  [ScriptProcessor.js:342] apply()
  ->  [CallbackManager.js:537] postProcess([object Object],0,[object Array])
  ->  [CallbackManager.js:519] processScriptElements([object Object])
  ->  [CallbackManager.js:67] processCallbacks([object HTMLDocument])
  ->  [HandlePage.js:63] onHandlePage([object XPCWrappedNative_NoHelper],[object HTMLDocument])
  ->  [CoreEvents.js:293] fireEvent("HANDLE_PAGE",[object Array])
  ->  [CoreEvents.js:234] fire("PARSE_COMPLETE",[object XPCWrappedNative_NoHelper],[object HTMLDocument])
  ->  [aptEventHandler.js:337] observe([object XPCWrappedNative_NoHelper],"jaxerEvent.HTMLParseComplete",null)
paths:
  -> file:///E:/Aptana%20Jaxer%20Apache/Jaxer/Apache2-4Build/jaxer/framework/src/ModuleLogger.js
  -> file:///E:/Aptana%20Jaxer%20Apache/Jaxer/Apache2-4Build/jaxer/framework/src/ScriptProcessor.js
  -> file:///E:/Aptana%20Jaxer%20Apache/Jaxer/Apache2-4Build/jaxer/framework/src/CallbackManager.js
  -> file:///E:/Aptana%20Jaxer%20Apache/Jaxer/Apache2-4Build/jaxer/framework/src/HandlePage.js
  -> file:///E:/Aptana%20Jaxer%20Apache/Jaxer/Apache2-4Build/jaxer/framework/src/CoreEvents.js
  -> file:///E:/Aptana%20Jaxer%20Apache/Jaxer/Apache2-4Build/jaxer/components/aptEventHandler.js

01:11:01 12/24/2025 [ 32928] [DEBUG] [JS Framework] [ScriptProcessor.apply] Removed script block from DOM
stack:
  ->  [ModuleLogger.js:98] debug("Removed script block from DOM")
  ->  [ScriptProcessor.js:356] apply()
  ->  [CallbackManager.js:537] postProcess([object Object],1,[object Array])
  ->  [CallbackManager.js:519] processScriptElements([object Object])
  ->  [CallbackManager.js:67] processCallbacks([object HTMLDocument])
  ->  [HandlePage.js:63] onHandlePage([object XPCWrappedNative_NoHelper],[object HTMLDocument])
  ->  [CoreEvents.js:293] fireEvent("HANDLE_PAGE",[object Array])
  ->  [CoreEvents.js:234] fire("PARSE_COMPLETE",[object XPCWrappedNative_NoHelper],[object HTMLDocument])
  ->  [aptEventHandler.js:337] observe([object XPCWrappedNative_NoHelper],"jaxerEvent.HTMLParseComplete",null)
paths:
  -> file:///E:/Aptana%20Jaxer%20Apache/Jaxer/Apache2-4Build/jaxer/framework/src/ModuleLogger.js
  -> file:///E:/Aptana%20Jaxer%20Apache/Jaxer/Apache2-4Build/jaxer/framework/src/ScriptProcessor.js
  -> file:///E:/Aptana%20Jaxer%20Apache/Jaxer/Apache2-4Build/jaxer/framework/src/CallbackManager.js
  -> file:///E:/Aptana%20Jaxer%20Apache/Jaxer/Apache2-4Build/jaxer/framework/src/HandlePage.js
  -> file:///E:/Aptana%20Jaxer%20Apache/Jaxer/Apache2-4Build/jaxer/framework/src/CoreEvents.js
  -> file:///E:/Aptana%20Jaxer%20Apache/Jaxer/Apache2-4Build/jaxer/components/aptEventHandler.js

01:11:01 12/24/2025 [ 32928] [DEBUG] [JS Framework] [ScriptProcessor.apply] This script block will be sent to the browser
stack:
  ->  [ModuleLogger.js:98] debug("This script block will be sent to the browser")
  ->  [ScriptProcessor.js:342] apply()
  ->  [CallbackManager.js:537] postProcess([object Object],2,[object Array])
  ->  [CallbackManager.js:519] processScriptElements([object Object])
  ->  [CallbackManager.js:67] processCallbacks([object HTMLDocument])
  ->  [HandlePage.js:63] onHandlePage([object XPCWrappedNative_NoHelper],[object HTMLDocument])
  ->  [CoreEvents.js:293] fireEvent("HANDLE_PAGE",[object Array])
  ->  [CoreEvents.js:234] fire("PARSE_COMPLETE",[object XPCWrappedNative_NoHelper],[object HTMLDocument])
  ->  [aptEventHandler.js:337] observe([object XPCWrappedNative_NoHelper],"jaxerEvent.HTMLParseComplete",null)
paths:
  -> file:///E:/Aptana%20Jaxer%20Apache/Jaxer/Apache2-4Build/jaxer/framework/src/ModuleLogger.js
  -> file:///E:/Aptana%20Jaxer%20Apache/Jaxer/Apache2-4Build/jaxer/framework/src/ScriptProcessor.js
  -> file:///E:/Aptana%20Jaxer%20Apache/Jaxer/Apache2-4Build/jaxer/framework/src/CallbackManager.js
  -> file:///E:/Aptana%20Jaxer%20Apache/Jaxer/Apache2-4Build/jaxer/framework/src/HandlePage.js
  -> file:///E:/Aptana%20Jaxer%20Apache/Jaxer/Apache2-4Build/jaxer/framework/src/CoreEvents.js
  -> file:///E:/Aptana%20Jaxer%20Apache/Jaxer/Apache2-4Build/jaxer/components/aptEventHandler.js

01:11:01 12/24/2025 [ 32928] [TRACE] [JS Framework] [CallbackManager.cacheServerFunctions] Going to cache 9 functions...
stack:
  ->  [ModuleLogger.js:98] trace("Going to cache 9 functions...")
  ->  [CallbackManager.js:91] cacheServerFunctions([object Object])
  ->  [CallbackManager.js:73] processCallbacks([object HTMLDocument])
  ->  [HandlePage.js:63] onHandlePage([object XPCWrappedNative_NoHelper],[object HTMLDocument])
  ->  [CoreEvents.js:293] fireEvent("HANDLE_PAGE",[object Array])
  ->  [CoreEvents.js:234] fire("PARSE_COMPLETE",[object XPCWrappedNative_NoHelper],[object HTMLDocument])
  ->  [aptEventHandler.js:337] observe([object XPCWrappedNative_NoHelper],"jaxerEvent.HTMLParseComplete",null)
paths:
  -> file:///E:/Aptana%20Jaxer%20Apache/Jaxer/Apache2-4Build/jaxer/framework/src/ModuleLogger.js
  -> file:///E:/Aptana%20Jaxer%20Apache/Jaxer/Apache2-4Build/jaxer/framework/src/CallbackManager.js
  -> file:///E:/Aptana%20Jaxer%20Apache/Jaxer/Apache2-4Build/jaxer/framework/src/HandlePage.js
  -> file:///E:/Aptana%20Jaxer%20Apache/Jaxer/Apache2-4Build/jaxer/framework/src/CoreEvents.js
  -> file:///E:/Aptana%20Jaxer%20Apache/Jaxer/Apache2-4Build/jaxer/components/aptEventHandler.js

01:11:01 12/24/2025 [ 32928] [TRACE] [JS Framework] [CallbackManager.cacheServerFunctions] Saving autoloads for this page: []
stack:
  ->  [ModuleLogger.js:98] trace("Saving autoloads for this page: []")
  ->  [CallbackManager.js:167] cacheServerFunctions([object Object])
  ->  [CallbackManager.js:73] processCallbacks([object HTMLDocument])
  ->  [HandlePage.js:63] onHandlePage([object XPCWrappedNative_NoHelper],[object HTMLDocument])
  ->  [CoreEvents.js:293] fireEvent("HANDLE_PAGE",[object Array])
  ->  [CoreEvents.js:234] fire("PARSE_COMPLETE",[object XPCWrappedNative_NoHelper],[object HTMLDocument])
  ->  [aptEventHandler.js:337] observe([object XPCWrappedNative_NoHelper],"jaxerEvent.HTMLParseComplete",null)
paths:
  -> file:///E:/Aptana%20Jaxer%20Apache/Jaxer/Apache2-4Build/jaxer/framework/src/ModuleLogger.js
  -> file:///E:/Aptana%20Jaxer%20Apache/Jaxer/Apache2-4Build/jaxer/framework/src/CallbackManager.js
  -> file:///E:/Aptana%20Jaxer%20Apache/Jaxer/Apache2-4Build/jaxer/framework/src/HandlePage.js
  -> file:///E:/Aptana%20Jaxer%20Apache/Jaxer/Apache2-4Build/jaxer/framework/src/CoreEvents.js
  -> file:///E:/Aptana%20Jaxer%20Apache/Jaxer/Apache2-4Build/jaxer/components/aptEventHandler.js

01:11:01 12/24/2025 [ 32928] [TRACE] [JS Framework] [DB.SQLite.execute] Starting execute
stack:
  ->  [ModuleLogger.js:98] trace("Starting execute")
  ->  [DB_SQLite.js:302] execute("SELECT COUNT(*) FROM callback_page WHERE name = ? AND crc32 = ?",[object Array])
  ->  [DB.js:181] anonymous("SELECT COUNT(*) FROM callback_page WHERE name = ? AND crc32 = ?",[object Array])
  ->  [CallbackManager.js:179] cacheServerFunctions([object Object])
  ->  [CallbackManager.js:73] processCallbacks([object HTMLDocument])
  ->  [HandlePage.js:63] onHandlePage([object XPCWrappedNative_NoHelper],[object HTMLDocument])
  ->  [CoreEvents.js:293] fireEvent("HANDLE_PAGE",[object Array])
  ->  [CoreEvents.js:234] fire("PARSE_COMPLETE",[object XPCWrappedNative_NoHelper],[object HTMLDocument])
  ->  [aptEventHandler.js:337] observe([object XPCWrappedNative_NoHelper],"jaxerEvent.HTMLParseComplete",null)
paths:
  -> file:///E:/Aptana%20Jaxer%20Apache/Jaxer/Apache2-4Build/jaxer/framework/src/ModuleLogger.js
  -> file:///E:/Aptana%20Jaxer%20Apache/Jaxer/Apache2-4Build/jaxer/framework/src/DB_SQLite.js
  -> file:///E:/Aptana%20Jaxer%20Apache/Jaxer/Apache2-4Build/jaxer/framework/src/DB.js
  -> file:///E:/Aptana%20Jaxer%20Apache/Jaxer/Apache2-4Build/jaxer/framework/src/CallbackManager.js
  -> file:///E:/Aptana%20Jaxer%20Apache/Jaxer/Apache2-4Build/jaxer/framework/src/HandlePage.js
  -> file:///E:/Aptana%20Jaxer%20Apache/Jaxer/Apache2-4Build/jaxer/framework/src/CoreEvents.js
  -> file:///E:/Aptana%20Jaxer%20Apache/Jaxer/Apache2-4Build/jaxer/components/aptEventHandler.js

01:11:01 12/24/2025 [ 32928] [DEBUG] [JS Framework] [DB.SQLite.open] Opening connection to database: E:\Aptana Jaxer Apache\Jaxer\Apache2-4Build\jaxer\..\local_jaxer\conf\..\data\frameworkdata.sqlite
stack:
  ->  [ModuleLogger.js:98] debug("Opening connection to database: E:\\Aptana Jaxer Apache\\Jaxer\\Apache2-4Build\\jaxer\\..\\local_jaxer\\conf\\..\\data\\frameworkdata.sqlite")
  ->  [DB_SQLite.js:212] open()
  ->  [DB_SQLite.js:306] execute("SELECT COUNT(*) FROM callback_page WHERE name = ? AND crc32 = ?",[object Array])
  ->  [DB.js:181] anonymous("SELECT COUNT(*) FROM callback_page WHERE name = ? AND crc32 = ?",[object Array])
  ->  [CallbackManager.js:179] cacheServerFunctions([object Object])
  ->  [CallbackManager.js:73] processCallbacks([object HTMLDocument])
  ->  [HandlePage.js:63] onHandlePage([object XPCWrappedNative_NoHelper],[object HTMLDocument])
  ->  [CoreEvents.js:293] fireEvent("HANDLE_PAGE",[object Array])
  ->  [CoreEvents.js:234] fire("PARSE_COMPLETE",[object XPCWrappedNative_NoHelper],[object HTMLDocument])
  ->  [aptEventHandler.js:337] observe([object XPCWrappedNative_NoHelper],"jaxerEvent.HTMLParseComplete",null)
paths:
  -> file:///E:/Aptana%20Jaxer%20Apache/Jaxer/Apache2-4Build/jaxer/framework/src/ModuleLogger.js
  -> file:///E:/Aptana%20Jaxer%20Apache/Jaxer/Apache2-4Build/jaxer/framework/src/DB_SQLite.js
  -> file:///E:/Aptana%20Jaxer%20Apache/Jaxer/Apache2-4Build/jaxer/framework/src/DB.js
  -> file:///E:/Aptana%20Jaxer%20Apache/Jaxer/Apache2-4Build/jaxer/framework/src/CallbackManager.js
  -> file:///E:/Aptana%20Jaxer%20Apache/Jaxer/Apache2-4Build/jaxer/framework/src/HandlePage.js
  -> file:///E:/Aptana%20Jaxer%20Apache/Jaxer/Apache2-4Build/jaxer/framework/src/CoreEvents.js
  -> file:///E:/Aptana%20Jaxer%20Apache/Jaxer/Apache2-4Build/jaxer/components/aptEventHandler.js

01:11:01 12/24/2025 [ 32928] [TRACE] [JS Framework] [DB.SQLite.open] Tried 1 time(s) in 0 ms to open connection to SQLite database file E:\Aptana Jaxer Apache\Jaxer\Apache2-4Build\jaxer\..\local_jaxer\conf\..\data\frameworkdata.sqlite
stack:
  ->  [ModuleLogger.js:98] trace("Tried 1 time(s) in 0 ms to open connection to SQLite database file E:\\Aptana Jaxer Apache\\Jaxer\\Apache2-4Build\\jaxer\\..\\local_jaxer\\conf\\..\\data\\frameworkdata.sqlite")
  ->  [DB_SQLite.js:266] open()
  ->  [DB_SQLite.js:306] execute("SELECT COUNT(*) FROM callback_page WHERE name = ? AND crc32 = ?",[object Array])
  ->  [DB.js:181] anonymous("SELECT COUNT(*) FROM callback_page WHERE name = ? AND crc32 = ?",[object Array])
  ->  [CallbackManager.js:179] cacheServerFunctions([object Object])
  ->  [CallbackManager.js:73] processCallbacks([object HTMLDocument])
  ->  [HandlePage.js:63] onHandlePage([object XPCWrappedNative_NoHelper],[object HTMLDocument])
  ->  [CoreEvents.js:293] fireEvent("HANDLE_PAGE",[object Array])
  ->  [CoreEvents.js:234] fire("PARSE_COMPLETE",[object XPCWrappedNative_NoHelper],[object HTMLDocument])
  ->  [aptEventHandler.js:337] observe([object XPCWrappedNative_NoHelper],"jaxerEvent.HTMLParseComplete",null)
paths:
  -> file:///E:/Aptana%20Jaxer%20Apache/Jaxer/Apache2-4Build/jaxer/framework/src/ModuleLogger.js
  -> file:///E:/Aptana%20Jaxer%20Apache/Jaxer/Apache2-4Build/jaxer/framework/src/DB_SQLite.js
  -> file:///E:/Aptana%20Jaxer%20Apache/Jaxer/Apache2-4Build/jaxer/framework/src/DB.js
  -> file:///E:/Aptana%20Jaxer%20Apache/Jaxer/Apache2-4Build/jaxer/framework/src/CallbackManager.js
  -> file:///E:/Aptana%20Jaxer%20Apache/Jaxer/Apache2-4Build/jaxer/framework/src/HandlePage.js
  -> file:///E:/Aptana%20Jaxer%20Apache/Jaxer/Apache2-4Build/jaxer/framework/src/CoreEvents.js
  -> file:///E:/Aptana%20Jaxer%20Apache/Jaxer/Apache2-4Build/jaxer/components/aptEventHandler.js

01:11:01 12/24/2025 [ 32928] [DEBUG] [JS Framework] [DB.SQLite.open] Opened
stack:
  ->  [ModuleLogger.js:98] debug("Opened")
  ->  [DB_SQLite.js:268] open()
  ->  [DB_SQLite.js:306] execute("SELECT COUNT(*) FROM callback_page WHERE name = ? AND crc32 = ?",[object Array])
  ->  [DB.js:181] anonymous("SELECT COUNT(*) FROM callback_page WHERE name = ? AND crc32 = ?",[object Array])
  ->  [CallbackManager.js:179] cacheServerFunctions([object Object])
  ->  [CallbackManager.js:73] processCallbacks([object HTMLDocument])
  ->  [HandlePage.js:63] onHandlePage([object XPCWrappedNative_NoHelper],[object HTMLDocument])
  ->  [CoreEvents.js:293] fireEvent("HANDLE_PAGE",[object Array])
  ->  [CoreEvents.js:234] fire("PARSE_COMPLETE",[object XPCWrappedNative_NoHelper],[object HTMLDocument])
  ->  [aptEventHandler.js:337] observe([object XPCWrappedNative_NoHelper],"jaxerEvent.HTMLParseComplete",null)
paths:
  -> file:///E:/Aptana%20Jaxer%20Apache/Jaxer/Apache2-4Build/jaxer/framework/src/ModuleLogger.js
  -> file:///E:/Aptana%20Jaxer%20Apache/Jaxer/Apache2-4Build/jaxer/framework/src/DB_SQLite.js
  -> file:///E:/Aptana%20Jaxer%20Apache/Jaxer/Apache2-4Build/jaxer/framework/src/DB.js
  -> file:///E:/Aptana%20Jaxer%20Apache/Jaxer/Apache2-4Build/jaxer/framework/src/CallbackManager.js
  -> file:///E:/Aptana%20Jaxer%20Apache/Jaxer/Apache2-4Build/jaxer/framework/src/HandlePage.js
  -> file:///E:/Aptana%20Jaxer%20Apache/Jaxer/Apache2-4Build/jaxer/framework/src/CoreEvents.js
  -> file:///E:/Aptana%20Jaxer%20Apache/Jaxer/Apache2-4Build/jaxer/components/aptEventHandler.js

01:11:01 12/24/2025 [ 32928] [TRACE] [JS Framework] [DB.SQLite.bindAndExecute] Binding statement SELECT COUNT(*) FROM callback_page WHERE name = ? AND crc32 = ?
with params: localhost:8081/aptana/tools/shell/index.html,-1927411576
stack:
  ->  [ModuleLogger.js:98] trace("Binding statement SELECT COUNT(*) FROM callback_page WHERE name = ? AND crc32 = ?\nwith params: localhost:8081/aptana/tools/shell/index.html,-1927411576")
  ->  [DB_SQLite.js:512] bindAndExecute([object Object],[object XPCWrappedNative_NoHelper],"SELECT COUNT(*) FROM callback_page WHERE name = ? AND crc32 = ?",[object Array],null,[object Object])
  ->  [DB_SQLite.js:464] executeOneWithStatement([object Array],0,[object Array])
  ->  [DB_SQLite.js:456] executeWithStatement([object Object],"SELECT COUNT(*) FROM callback_page WHERE name = ? AND crc32 = ?",[object Array],[object Object])
  ->  [DB_SQLite.js:312] execute("SELECT COUNT(*) FROM callback_page WHERE name = ? AND crc32 = ?",[object Array])
  ->  [DB.js:181] anonymous("SELECT COUNT(*) FROM callback_page WHERE name = ? AND crc32 = ?",[object Array])
  ->  [CallbackManager.js:179] cacheServerFunctions([object Object])
  ->  [CallbackManager.js:73] processCallbacks([object HTMLDocument])
  ->  [HandlePage.js:63] onHandlePage([object XPCWrappedNative_NoHelper],[object HTMLDocument])
  ->  [CoreEvents.js:293] fireEvent("HANDLE_PAGE",[object Array])
  ->  [CoreEvents.js:234] fire("PARSE_COMPLETE",[object XPCWrappedNative_NoHelper],[object HTMLDocument])
  ->  [aptEventHandler.js:337] observe([object XPCWrappedNative_NoHelper],"jaxerEvent.HTMLParseComplete",null)
paths:
  -> file:///E:/Aptana%20Jaxer%20Apache/Jaxer/Apache2-4Build/jaxer/framework/src/ModuleLogger.js
  -> file:///E:/Aptana%20Jaxer%20Apache/Jaxer/Apache2-4Build/jaxer/framework/src/DB_SQLite.js
  -> file:///E:/Aptana%20Jaxer%20Apache/Jaxer/Apache2-4Build/jaxer/framework/src/DB.js
  -> file:///E:/Aptana%20Jaxer%20Apache/Jaxer/Apache2-4Build/jaxer/framework/src/CallbackManager.js
  -> file:///E:/Aptana%20Jaxer%20Apache/Jaxer/Apache2-4Build/jaxer/framework/src/HandlePage.js
  -> file:///E:/Aptana%20Jaxer%20Apache/Jaxer/Apache2-4Build/jaxer/framework/src/CoreEvents.js
  -> file:///E:/Aptana%20Jaxer%20Apache/Jaxer/Apache2-4Build/jaxer/components/aptEventHandler.js

01:11:01 12/24/2025 [ 32928] [TRACE] [JS Framework] [DB.SQLite.bindAndExecute] Tried 1 time(s) in 5 ms to execute statement on SQLite database file E:\Aptana Jaxer Apache\Jaxer\Apache2-4Build\jaxer\..\local_jaxer\conf\..\data\frameworkdata.sqlite
stack:
  ->  [ModuleLogger.js:98] trace("Tried 1 time(s) in 5 ms to execute statement on SQLite database file E:\\Aptana Jaxer Apache\\Jaxer\\Apache2-4Build\\jaxer\\..\\local_jaxer\\conf\\..\\data\\frameworkdata.sqlite")
  ->  [DB_SQLite.js:606] bindAndExecute([object Object],[object XPCWrappedNative_NoHelper],"SELECT COUNT(*) FROM callback_page WHERE name = ? AND crc32 = ?",[object Array],null,[object Object])
  ->  [DB_SQLite.js:464] executeOneWithStatement([object Array],0,[object Array])
  ->  [DB_SQLite.js:456] executeWithStatement([object Object],"SELECT COUNT(*) FROM callback_page WHERE name = ? AND crc32 = ?",[object Array],[object Object])
  ->  [DB_SQLite.js:312] execute("SELECT COUNT(*) FROM callback_page WHERE name = ? AND crc32 = ?",[object Array])
  ->  [DB.js:181] anonymous("SELECT COUNT(*) FROM callback_page WHERE name = ? AND crc32 = ?",[object Array])
  ->  [CallbackManager.js:179] cacheServerFunctions([object Object])
  ->  [CallbackManager.js:73] processCallbacks([object HTMLDocument])
  ->  [HandlePage.js:63] onHandlePage([object XPCWrappedNative_NoHelper],[object HTMLDocument])
  ->  [CoreEvents.js:293] fireEvent("HANDLE_PAGE",[object Array])
  ->  [CoreEvents.js:234] fire("PARSE_COMPLETE",[object XPCWrappedNative_NoHelper],[object HTMLDocument])
  ->  [aptEventHandler.js:337] observe([object XPCWrappedNative_NoHelper],"jaxerEvent.HTMLParseComplete",null)
paths:
  -> file:///E:/Aptana%20Jaxer%20Apache/Jaxer/Apache2-4Build/jaxer/framework/src/ModuleLogger.js
  -> file:///E:/Aptana%20Jaxer%20Apache/Jaxer/Apache2-4Build/jaxer/framework/src/DB_SQLite.js
  -> file:///E:/Aptana%20Jaxer%20Apache/Jaxer/Apache2-4Build/jaxer/framework/src/DB.js
  -> file:///E:/Aptana%20Jaxer%20Apache/Jaxer/Apache2-4Build/jaxer/framework/src/CallbackManager.js
  -> file:///E:/Aptana%20Jaxer%20Apache/Jaxer/Apache2-4Build/jaxer/framework/src/HandlePage.js
  -> file:///E:/Aptana%20Jaxer%20Apache/Jaxer/Apache2-4Build/jaxer/framework/src/CoreEvents.js
  -> file:///E:/Aptana%20Jaxer%20Apache/Jaxer/Apache2-4Build/jaxer/components/aptEventHandler.js

01:11:01 12/24/2025 [ 32928] [TRACE] [JS Framework] [DB.SQLite.bindAndExecute] Populating resultSet
stack:
  ->  [ModuleLogger.js:98] trace("Populating resultSet")
  ->  [DB_SQLite.js:624] bindAndExecute([object Object],[object XPCWrappedNative_NoHelper],"SELECT COUNT(*) FROM callback_page WHERE name = ? AND crc32 = ?",[object Array],[object Object],[object Object])
  ->  [DB_SQLite.js:464] executeOneWithStatement([object Array],0,[object Array])
  ->  [DB_SQLite.js:456] executeWithStatement([object Object],"SELECT COUNT(*) FROM callback_page WHERE name = ? AND crc32 = ?",[object Array],[object Object])
  ->  [DB_SQLite.js:312] execute("SELECT COUNT(*) FROM callback_page WHERE name = ? AND crc32 = ?",[object Array])
  ->  [DB.js:181] anonymous("SELECT COUNT(*) FROM callback_page WHERE name = ? AND crc32 = ?",[object Array])
  ->  [CallbackManager.js:179] cacheServerFunctions([object Object])
  ->  [CallbackManager.js:73] processCallbacks([object HTMLDocument])
  ->  [HandlePage.js:63] onHandlePage([object XPCWrappedNative_NoHelper],[object HTMLDocument])
  ->  [CoreEvents.js:293] fireEvent("HANDLE_PAGE",[object Array])
  ->  [CoreEvents.js:234] fire("PARSE_COMPLETE",[object XPCWrappedNative_NoHelper],[object HTMLDocument])
  ->  [aptEventHandler.js:337] observe([object XPCWrappedNative_NoHelper],"jaxerEvent.HTMLParseComplete",null)
paths:
  -> file:///E:/Aptana%20Jaxer%20Apache/Jaxer/Apache2-4Build/jaxer/framework/src/ModuleLogger.js
  -> file:///E:/Aptana%20Jaxer%20Apache/Jaxer/Apache2-4Build/jaxer/framework/src/DB_SQLite.js
  -> file:///E:/Aptana%20Jaxer%20Apache/Jaxer/Apache2-4Build/jaxer/framework/src/DB.js
  -> file:///E:/Aptana%20Jaxer%20Apache/Jaxer/Apache2-4Build/jaxer/framework/src/CallbackManager.js
  -> file:///E:/Aptana%20Jaxer%20Apache/Jaxer/Apache2-4Build/jaxer/framework/src/HandlePage.js
  -> file:///E:/Aptana%20Jaxer%20Apache/Jaxer/Apache2-4Build/jaxer/framework/src/CoreEvents.js
  -> file:///E:/Aptana%20Jaxer%20Apache/Jaxer/Apache2-4Build/jaxer/components/aptEventHandler.js

01:11:01 12/24/2025 [ 32928] [TRACE] [JS Framework] [DB.SQLite.bindAndExecute] Column 0: COUNT(*)
stack:
  ->  [ModuleLogger.js:98] trace("Column 0: COUNT(*)")
  ->  [DB_SQLite.js:627] bindAndExecute([object Object],[object XPCWrappedNative_NoHelper],"SELECT COUNT(*) FROM callback_page WHERE name = ? AND crc32 = ?",[object Array],[object Object],[object Object])
  ->  [DB_SQLite.js:464] executeOneWithStatement([object Array],0,[object Array])
  ->  [DB_SQLite.js:456] executeWithStatement([object Object],"SELECT COUNT(*) FROM callback_page WHERE name = ? AND crc32 = ?",[object Array],[object Object])
  ->  [DB_SQLite.js:312] execute("SELECT COUNT(*) FROM callback_page WHERE name = ? AND crc32 = ?",[object Array])
  ->  [DB.js:181] anonymous("SELECT COUNT(*) FROM callback_page WHERE name = ? AND crc32 = ?",[object Array])
  ->  [CallbackManager.js:179] cacheServerFunctions([object Object])
  ->  [CallbackManager.js:73] processCallbacks([object HTMLDocument])
  ->  [HandlePage.js:63] onHandlePage([object XPCWrappedNative_NoHelper],[object HTMLDocument])
  ->  [CoreEvents.js:293] fireEvent("HANDLE_PAGE",[object Array])
  ->  [CoreEvents.js:234] fire("PARSE_COMPLETE",[object XPCWrappedNative_NoHelper],[object HTMLDocument])
  ->  [aptEventHandler.js:337] observe([object XPCWrappedNative_NoHelper],"jaxerEvent.HTMLParseComplete",null)
paths:
  -> file:///E:/Aptana%20Jaxer%20Apache/Jaxer/Apache2-4Build/jaxer/framework/src/ModuleLogger.js
  -> file:///E:/Aptana%20Jaxer%20Apache/Jaxer/Apache2-4Build/jaxer/framework/src/DB_SQLite.js
  -> file:///E:/Aptana%20Jaxer%20Apache/Jaxer/Apache2-4Build/jaxer/framework/src/DB.js
  -> file:///E:/Aptana%20Jaxer%20Apache/Jaxer/Apache2-4Build/jaxer/framework/src/CallbackManager.js
  -> file:///E:/Aptana%20Jaxer%20Apache/Jaxer/Apache2-4Build/jaxer/framework/src/HandlePage.js
  -> file:///E:/Aptana%20Jaxer%20Apache/Jaxer/Apache2-4Build/jaxer/framework/src/CoreEvents.js
  -> file:///E:/Aptana%20Jaxer%20Apache/Jaxer/Apache2-4Build/jaxer/components/aptEventHandler.js

01:11:01 12/24/2025 [ 32928] [TRACE] [JS Framework] [DB.SQLite.bindAndExecute] Tried 1 time(s) in 0 ms to execute statement on SQLite database file E:\Aptana Jaxer Apache\Jaxer\Apache2-4Build\jaxer\..\local_jaxer\conf\..\data\frameworkdata.sqlite
stack:
  ->  [ModuleLogger.js:98] trace("Tried 1 time(s) in 0 ms to execute statement on SQLite database file E:\\Aptana Jaxer Apache\\Jaxer\\Apache2-4Build\\jaxer\\..\\local_jaxer\\conf\\..\\data\\frameworkdata.sqlite")
  ->  [DB_SQLite.js:606] bindAndExecute([object Object],[object XPCWrappedNative_NoHelper],"SELECT COUNT(*) FROM callback_page WHERE name = ? AND crc32 = ?",[object Array],[object Object],[object Object])
  ->  [DB_SQLite.js:464] executeOneWithStatement([object Array],0,[object Array])
  ->  [DB_SQLite.js:456] executeWithStatement([object Object],"SELECT COUNT(*) FROM callback_page WHERE name = ? AND crc32 = ?",[object Array],[object Object])
  ->  [DB_SQLite.js:312] execute("SELECT COUNT(*) FROM callback_page WHERE name = ? AND crc32 = ?",[object Array])
  ->  [DB.js:181] anonymous("SELECT COUNT(*) FROM callback_page WHERE name = ? AND crc32 = ?",[object Array])
  ->  [CallbackManager.js:179] cacheServerFunctions([object Object])
  ->  [CallbackManager.js:73] processCallbacks([object HTMLDocument])
  ->  [HandlePage.js:63] onHandlePage([object XPCWrappedNative_NoHelper],[object HTMLDocument])
  ->  [CoreEvents.js:293] fireEvent("HANDLE_PAGE",[object Array])
  ->  [CoreEvents.js:234] fire("PARSE_COMPLETE",[object XPCWrappedNative_NoHelper],[object HTMLDocument])
  ->  [aptEventHandler.js:337] observe([object XPCWrappedNative_NoHelper],"jaxerEvent.HTMLParseComplete",null)
paths:
  -> file:///E:/Aptana%20Jaxer%20Apache/Jaxer/Apache2-4Build/jaxer/framework/src/ModuleLogger.js
  -> file:///E:/Aptana%20Jaxer%20Apache/Jaxer/Apache2-4Build/jaxer/framework/src/DB_SQLite.js
  -> file:///E:/Aptana%20Jaxer%20Apache/Jaxer/Apache2-4Build/jaxer/framework/src/DB.js
  -> file:///E:/Aptana%20Jaxer%20Apache/Jaxer/Apache2-4Build/jaxer/framework/src/CallbackManager.js
  -> file:///E:/Aptana%20Jaxer%20Apache/Jaxer/Apache2-4Build/jaxer/framework/src/HandlePage.js
  -> file:///E:/Aptana%20Jaxer%20Apache/Jaxer/Apache2-4Build/jaxer/framework/src/CoreEvents.js
  -> file:///E:/Aptana%20Jaxer%20Apache/Jaxer/Apache2-4Build/jaxer/components/aptEventHandler.js

01:11:01 12/24/2025 [ 32928] [TRACE] [JS Framework] [DB.SQLite.executeWithStatement] Closing statement
stack:
  ->  [ModuleLogger.js:98] trace("Closing statement")
  ->  [DB_SQLite.js:484] executeWithStatement([object Object],"SELECT COUNT(*) FROM callback_page WHERE name = ? AND crc32 = ?",[object Array],[object Object])
  ->  [DB_SQLite.js:312] execute("SELECT COUNT(*) FROM callback_page WHERE name = ? AND crc32 = ?",[object Array])
  ->  [DB.js:181] anonymous("SELECT COUNT(*) FROM callback_page WHERE name = ? AND crc32 = ?",[object Array])
  ->  [CallbackManager.js:179] cacheServerFunctions([object Object])
  ->  [CallbackManager.js:73] processCallbacks([object HTMLDocument])
  ->  [HandlePage.js:63] onHandlePage([object XPCWrappedNative_NoHelper],[object HTMLDocument])
  ->  [CoreEvents.js:293] fireEvent("HANDLE_PAGE",[object Array])
  ->  [CoreEvents.js:234] fire("PARSE_COMPLETE",[object XPCWrappedNative_NoHelper],[object HTMLDocument])
  ->  [aptEventHandler.js:337] observe([object XPCWrappedNative_NoHelper],"jaxerEvent.HTMLParseComplete",null)
paths:
  -> file:///E:/Aptana%20Jaxer%20Apache/Jaxer/Apache2-4Build/jaxer/framework/src/ModuleLogger.js
  -> file:///E:/Aptana%20Jaxer%20Apache/Jaxer/Apache2-4Build/jaxer/framework/src/DB_SQLite.js
  -> file:///E:/Aptana%20Jaxer%20Apache/Jaxer/Apache2-4Build/jaxer/framework/src/DB.js
  -> file:///E:/Aptana%20Jaxer%20Apache/Jaxer/Apache2-4Build/jaxer/framework/src/CallbackManager.js
  -> file:///E:/Aptana%20Jaxer%20Apache/Jaxer/Apache2-4Build/jaxer/framework/src/HandlePage.js
  -> file:///E:/Aptana%20Jaxer%20Apache/Jaxer/Apache2-4Build/jaxer/framework/src/CoreEvents.js
  -> file:///E:/Aptana%20Jaxer%20Apache/Jaxer/Apache2-4Build/jaxer/components/aptEventHandler.js

01:11:01 12/24/2025 [ 32928] [TRACE] [JS Framework] [DB.SQLite.executeWithStatement] Resetting and finalizing statement
stack:
  ->  [ModuleLogger.js:98] trace("Resetting and finalizing statement")
  ->  [DB_SQLite.js:487] executeWithStatement([object Object],"SELECT COUNT(*) FROM callback_page WHERE name = ? AND crc32 = ?",[object Array],[object Object])
  ->  [DB_SQLite.js:312] execute("SELECT COUNT(*) FROM callback_page WHERE name = ? AND crc32 = ?",[object Array])
  ->  [DB.js:181] anonymous("SELECT COUNT(*) FROM callback_page WHERE name = ? AND crc32 = ?",[object Array])
  ->  [CallbackManager.js:179] cacheServerFunctions([object Object])
  ->  [CallbackManager.js:73] processCallbacks([object HTMLDocument])
  ->  [HandlePage.js:63] onHandlePage([object XPCWrappedNative_NoHelper],[object HTMLDocument])
  ->  [CoreEvents.js:293] fireEvent("HANDLE_PAGE",[object Array])
  ->  [CoreEvents.js:234] fire("PARSE_COMPLETE",[object XPCWrappedNative_NoHelper],[object HTMLDocument])
  ->  [aptEventHandler.js:337] observe([object XPCWrappedNative_NoHelper],"jaxerEvent.HTMLParseComplete",null)
paths:
  -> file:///E:/Aptana%20Jaxer%20Apache/Jaxer/Apache2-4Build/jaxer/framework/src/ModuleLogger.js
  -> file:///E:/Aptana%20Jaxer%20Apache/Jaxer/Apache2-4Build/jaxer/framework/src/DB_SQLite.js
  -> file:///E:/Aptana%20Jaxer%20Apache/Jaxer/Apache2-4Build/jaxer/framework/src/DB.js
  -> file:///E:/Aptana%20Jaxer%20Apache/Jaxer/Apache2-4Build/jaxer/framework/src/CallbackManager.js
  -> file:///E:/Aptana%20Jaxer%20Apache/Jaxer/Apache2-4Build/jaxer/framework/src/HandlePage.js
  -> file:///E:/Aptana%20Jaxer%20Apache/Jaxer/Apache2-4Build/jaxer/framework/src/CoreEvents.js
  -> file:///E:/Aptana%20Jaxer%20Apache/Jaxer/Apache2-4Build/jaxer/components/aptEventHandler.js

01:11:01 12/24/2025 [ 32928] [TRACE] [JS Framework] [DB.SQLite.execute] Populated resultSet with 1 rows of 1 columns
stack:
  ->  [ModuleLogger.js:98] trace("Populated resultSet with 1 rows of 1 columns")
  ->  [DB_SQLite.js:315] execute("SELECT COUNT(*) FROM callback_page WHERE name = ? AND crc32 = ?",[object Array])
  ->  [DB.js:181] anonymous("SELECT COUNT(*) FROM callback_page WHERE name = ? AND crc32 = ?",[object Array])
  ->  [CallbackManager.js:179] cacheServerFunctions([object Object])
  ->  [CallbackManager.js:73] processCallbacks([object HTMLDocument])
  ->  [HandlePage.js:63] onHandlePage([object XPCWrappedNative_NoHelper],[object HTMLDocument])
  ->  [CoreEvents.js:293] fireEvent("HANDLE_PAGE",[object Array])
  ->  [CoreEvents.js:234] fire("PARSE_COMPLETE",[object XPCWrappedNative_NoHelper],[object HTMLDocument])
  ->  [aptEventHandler.js:337] observe([object XPCWrappedNative_NoHelper],"jaxerEvent.HTMLParseComplete",null)
paths:
  -> file:///E:/Aptana%20Jaxer%20Apache/Jaxer/Apache2-4Build/jaxer/framework/src/ModuleLogger.js
  -> file:///E:/Aptana%20Jaxer%20Apache/Jaxer/Apache2-4Build/jaxer/framework/src/DB_SQLite.js
  -> file:///E:/Aptana%20Jaxer%20Apache/Jaxer/Apache2-4Build/jaxer/framework/src/DB.js
  -> file:///E:/Aptana%20Jaxer%20Apache/Jaxer/Apache2-4Build/jaxer/framework/src/CallbackManager.js
  -> file:///E:/Aptana%20Jaxer%20Apache/Jaxer/Apache2-4Build/jaxer/framework/src/HandlePage.js
  -> file:///E:/Aptana%20Jaxer%20Apache/Jaxer/Apache2-4Build/jaxer/framework/src/CoreEvents.js
  -> file:///E:/Aptana%20Jaxer%20Apache/Jaxer/Apache2-4Build/jaxer/components/aptEventHandler.js

01:11:01 12/24/2025 [ 32928] [TRACE] [JS Framework] [DB.SQLite.execute] Finished executing
stack:
  ->  [ModuleLogger.js:98] trace("Finished executing")
  ->  [DB_SQLite.js:338] execute("SELECT COUNT(*) FROM callback_page WHERE name = ? AND crc32 = ?",[object Array])
  ->  [DB.js:181] anonymous("SELECT COUNT(*) FROM callback_page WHERE name = ? AND crc32 = ?",[object Array])
  ->  [CallbackManager.js:179] cacheServerFunctions([object Object])
  ->  [CallbackManager.js:73] processCallbacks([object HTMLDocument])
  ->  [HandlePage.js:63] onHandlePage([object XPCWrappedNative_NoHelper],[object HTMLDocument])
  ->  [CoreEvents.js:293] fireEvent("HANDLE_PAGE",[object Array])
  ->  [CoreEvents.js:234] fire("PARSE_COMPLETE",[object XPCWrappedNative_NoHelper],[object HTMLDocument])
  ->  [aptEventHandler.js:337] observe([object XPCWrappedNative_NoHelper],"jaxerEvent.HTMLParseComplete",null)
paths:
  -> file:///E:/Aptana%20Jaxer%20Apache/Jaxer/Apache2-4Build/jaxer/framework/src/ModuleLogger.js
  -> file:///E:/Aptana%20Jaxer%20Apache/Jaxer/Apache2-4Build/jaxer/framework/src/DB_SQLite.js
  -> file:///E:/Aptana%20Jaxer%20Apache/Jaxer/Apache2-4Build/jaxer/framework/src/DB.js
  -> file:///E:/Aptana%20Jaxer%20Apache/Jaxer/Apache2-4Build/jaxer/framework/src/CallbackManager.js
  -> file:///E:/Aptana%20Jaxer%20Apache/Jaxer/Apache2-4Build/jaxer/framework/src/HandlePage.js
  -> file:///E:/Aptana%20Jaxer%20Apache/Jaxer/Apache2-4Build/jaxer/framework/src/CoreEvents.js
  -> file:///E:/Aptana%20Jaxer%20Apache/Jaxer/Apache2-4Build/jaxer/components/aptEventHandler.js

01:11:01 12/24/2025 [ 32928] [DEBUG] [JS Framework] [CallbackManager.cacheCallbackPage] Caching this page under key = -1927411576::localhost:8081/aptana/tools/shell/index.html
stack:
  ->  [ModuleLogger.js:98] debug("Caching this page under key = -1927411576::localhost:8081/aptana/tools/shell/index.html")
  ->  [CallbackManager.js:281] cacheCallbackPage("localhost:8081/aptana/tools/shell/index.html",-1927411576,"/* callback.js */\nJaxer._autoload([]);\n$ = this.$ = function $(id) {\n    return document.getElementById(id);\n};\naccessAllowed = this.accessAllowed = function accessAllowed() {\n    return (typeof Jaxer.request.app.SHELL_ENABLED == \"function\") ? Jaxer.request.app.SHELL_ENABLED() : false;\n};\ncheckAccessAllowed = this.checkAccessAllowed = function checkAccessAllowed() {\n    if (!accessAllowed()) {\n        var clientScript = $(\"clientScript\");\n        clientScript.parentNode.removeChild(clientScript);\n        document.body.innerHTML = \"SORRY - ACCESS DENIED<BR>Access permission for this application can be configured by changing the settings for JAXER_SHELL in aptana.configApps.js in your local_jaxer folder\";\n    }\n};\nevalIn = this.evalIn = function evalIn(expr, global) {\n    if (!accessAllowed()) {\n        throw \"Sorry, access denied\";\n    }\n    var exceptionProp = \"__shell_exception__\";\n    global[exceptionProp] = null;\n    expr = [\"try\", \"{\", expr, \"}\", \"catch (e)\", \"{\", exceptionProp + \" = e;\", \"}\"].join(\"\\n\");\n    Jaxer.Includer.evalOn(expr, global);\n    if (global[exceptionProp] != null) {\n        var e = global[exceptionProp];\n        global[exceptionProp] = null;\n        throw e;\n    }\n};\nexecute = this.execute = function execute(codeToExecute) {\n    if (!accessAllowed) {\n        throw \"Sorry, access denied\";\n    }\n    var results = [];\n    var global = Jaxer.pageWindow;\n    global.printWithType = function printWithType(obj, type) {var str;if (typeof obj == \"undefined\") {str == \"undefined\";} else if (obj == null) {str = \"null\";} else if (typeof obj.toString != \"function\") {str = \"(object has no toString method)\";} else {str = obj.toString();}results.push([str, type]);};\n    global.print = function print(obj) {for (var i = 0; i < arguments.length; i++) {global.printWithType(arguments[i]);}};\n    try {\n        evalIn(codeToExecute, global);\n    } catch (e) {\n        global.printWithType(\"Exception: \" + e, \"exception\");\n    }\n    global.print = undefined;\n    global.printWithType = undefined;\n    return results;\n};\nexecute.proxy = true;\n__isLogModuleVerbose = this.__isLogModuleVerbose = function __isLogModuleVerbose(name) {\n    if (!name || !Jaxer.Log.hasModule(name)) {\n        return null;\n    }\n    var logger = Jaxer.Log.forModule(name);\n    var level = logger.getLevel();\n    return level == Jaxer.Log.TRACE;\n};\n__isLogModuleVerbose.proxy = true;\n__getLogLevels = this.__getLogLevels = function __getLogLevels() {\n    var names = Jaxer.Log.getSortedModuleNames();\n    var moduleLevels = [];\n    names.forEach(function (name) {moduleLevels.push([name, __isLogModuleVerbose(name)]);});\n    return moduleLevels;\n};\n__getLogLevels.proxy = true;\n__setLogLevels = this.__setLogLevels = function __setLogLevels(moduleLevels) {\n    moduleLevels.forEach(function (moduleLevel) {var name = moduleLevel[0];var isVerbose = moduleLevel[1];Jaxer.Log.forModule(name).setLevel(isVerbose ? Jaxer.Log.TRACE : Jaxer.Log.INFO);});\n};\n__setLogLevels.proxy = true;\n__setAllLogLevels = this.__setAllLogLevels = function __setAllLogLevels(isVerbose) {\n    var names = Jaxer.Log.getSortedModuleNames();\n    var moduleLevels = [];\n    names.forEach(function (name) {moduleLevels.push([name, isVerbose]);});\n    __setLogLevels(moduleLevels);\n};\n__setAllLogLevels.proxy = true;")
  ->  [CallbackManager.js:224] cacheServerFunctions([object Object])
  ->  [CallbackManager.js:73] processCallbacks([object HTMLDocument])
  ->  [HandlePage.js:63] onHandlePage([object XPCWrappedNative_NoHelper],[object HTMLDocument])
  ->  [CoreEvents.js:293] fireEvent("HANDLE_PAGE",[object Array])
  ->  [CoreEvents.js:234] fire("PARSE_COMPLETE",[object XPCWrappedNative_NoHelper],[object HTMLDocument])
  ->  [aptEventHandler.js:337] observe([object XPCWrappedNative_NoHelper],"jaxerEvent.HTMLParseComplete",null)
paths:
  -> file:///E:/Aptana%20Jaxer%20Apache/Jaxer/Apache2-4Build/jaxer/framework/src/ModuleLogger.js
  -> file:///E:/Aptana%20Jaxer%20Apache/Jaxer/Apache2-4Build/jaxer/framework/src/CallbackManager.js
  -> file:///E:/Aptana%20Jaxer%20Apache/Jaxer/Apache2-4Build/jaxer/framework/src/HandlePage.js
  -> file:///E:/Aptana%20Jaxer%20Apache/Jaxer/Apache2-4Build/jaxer/framework/src/CoreEvents.js
  -> file:///E:/Aptana%20Jaxer%20Apache/Jaxer/Apache2-4Build/jaxer/components/aptEventHandler.js

01:11:01 12/24/2025 [ 32928] [DEBUG] [JS Framework] [HandlePage.onHandlePage] Script processing complete
stack:
  ->  [ModuleLogger.js:98] debug("Script processing complete")
  ->  [HandlePage.js:64] onHandlePage([object XPCWrappedNative_NoHelper],[object HTMLDocument])
  ->  [CoreEvents.js:293] fireEvent("HANDLE_PAGE",[object Array])
  ->  [CoreEvents.js:234] fire("PARSE_COMPLETE",[object XPCWrappedNative_NoHelper],[object HTMLDocument])
  ->  [aptEventHandler.js:337] observe([object XPCWrappedNative_NoHelper],"jaxerEvent.HTMLParseComplete",null)
paths:
  -> file:///E:/Aptana%20Jaxer%20Apache/Jaxer/Apache2-4Build/jaxer/framework/src/ModuleLogger.js
  -> file:///E:/Aptana%20Jaxer%20Apache/Jaxer/Apache2-4Build/jaxer/framework/src/HandlePage.js
  -> file:///E:/Aptana%20Jaxer%20Apache/Jaxer/Apache2-4Build/jaxer/framework/src/CoreEvents.js
  -> file:///E:/Aptana%20Jaxer%20Apache/Jaxer/Apache2-4Build/jaxer/components/aptEventHandler.js

01:11:01 12/24/2025 [ 32928] [TRACE] [JS Framework] [HandlePage.processLoadEvent] Processing load event 'aftercallbackprocessing' with doc = [object HTMLDocument]
stack:
  ->  [ModuleLogger.js:98] trace("Processing load event 'aftercallbackprocessing' with doc = [object HTMLDocument]")
  ->  [HandlePage.js:258] processLoadEvent("aftercallbackprocessing",[object HTMLDocument],true)
  ->  [HandlePage.js:241] processAfterCallbackProcessing([object HTMLDocument])
  ->  [HandlePage.js:66] onHandlePage([object XPCWrappedNative_NoHelper],[object HTMLDocument])
  ->  [CoreEvents.js:293] fireEvent("HANDLE_PAGE",[object Array])
  ->  [CoreEvents.js:234] fire("PARSE_COMPLETE",[object XPCWrappedNative_NoHelper],[object HTMLDocument])
  ->  [aptEventHandler.js:337] observe([object XPCWrappedNative_NoHelper],"jaxerEvent.HTMLParseComplete",null)
paths:
  -> file:///E:/Aptana%20Jaxer%20Apache/Jaxer/Apache2-4Build/jaxer/framework/src/ModuleLogger.js
  -> file:///E:/Aptana%20Jaxer%20Apache/Jaxer/Apache2-4Build/jaxer/framework/src/HandlePage.js
  -> file:///E:/Aptana%20Jaxer%20Apache/Jaxer/Apache2-4Build/jaxer/framework/src/CoreEvents.js
  -> file:///E:/Aptana%20Jaxer%20Apache/Jaxer/Apache2-4Build/jaxer/components/aptEventHandler.js

01:11:01 12/24/2025 [ 32928] [DEBUG] [JS Framework] [SessionManager.keyToResponse] Saving session key to the client via cookie JaxerSessionId$$shell: 176650266145103665372259304419
stack:
  ->  [ModuleLogger.js:98] debug("Saving session key to the client via cookie JaxerSessionId$$shell: 176650266145103665372259304419")
  ->  [SessionManager.js:82] keyToResponse("shell","176650266145103665372259304419")
  ->  [Container.js:614] persistAll([object HTMLDocument])
  ->  [HandlePage.js:73] onHandlePage([object XPCWrappedNative_NoHelper],[object HTMLDocument])
  ->  [CoreEvents.js:293] fireEvent("HANDLE_PAGE",[object Array])
  ->  [CoreEvents.js:234] fire("PARSE_COMPLETE",[object XPCWrappedNative_NoHelper],[object HTMLDocument])
  ->  [aptEventHandler.js:337] observe([object XPCWrappedNative_NoHelper],"jaxerEvent.HTMLParseComplete",null)
paths:
  -> file:///E:/Aptana%20Jaxer%20Apache/Jaxer/Apache2-4Build/jaxer/framework/src/ModuleLogger.js
  -> file:///E:/Aptana%20Jaxer%20Apache/Jaxer/Apache2-4Build/jaxer/framework/src/SessionManager.js
  -> file:///E:/Aptana%20Jaxer%20Apache/Jaxer/Apache2-4Build/jaxer/framework/src/Container.js
  -> file:///E:/Aptana%20Jaxer%20Apache/Jaxer/Apache2-4Build/jaxer/framework/src/HandlePage.js
  -> file:///E:/Aptana%20Jaxer%20Apache/Jaxer/Apache2-4Build/jaxer/framework/src/CoreEvents.js
  -> file:///E:/Aptana%20Jaxer%20Apache/Jaxer/Apache2-4Build/jaxer/components/aptEventHandler.js

01:11:01 12/24/2025 [ 32928] [TRACE] [JS Framework] [Container.persist] For container APPLICATION:shell: Persisting
stack:
  ->  [ModuleLogger.js:98] trace("For container APPLICATION:shell: Persisting")
  ->  [Container.js:313] persist()
  ->  [Container.js:620] persistAll([object HTMLDocument])
  ->  [HandlePage.js:73] onHandlePage([object XPCWrappedNative_NoHelper],[object HTMLDocument])
  ->  [CoreEvents.js:293] fireEvent("HANDLE_PAGE",[object Array])
  ->  [CoreEvents.js:234] fire("PARSE_COMPLETE",[object XPCWrappedNative_NoHelper],[object HTMLDocument])
  ->  [aptEventHandler.js:337] observe([object XPCWrappedNative_NoHelper],"jaxerEvent.HTMLParseComplete",null)
paths:
  -> file:///E:/Aptana%20Jaxer%20Apache/Jaxer/Apache2-4Build/jaxer/framework/src/ModuleLogger.js
  -> file:///E:/Aptana%20Jaxer%20Apache/Jaxer/Apache2-4Build/jaxer/framework/src/Container.js
  -> file:///E:/Aptana%20Jaxer%20Apache/Jaxer/Apache2-4Build/jaxer/framework/src/HandlePage.js
  -> file:///E:/Aptana%20Jaxer%20Apache/Jaxer/Apache2-4Build/jaxer/framework/src/CoreEvents.js
  -> file:///E:/Aptana%20Jaxer%20Apache/Jaxer/Apache2-4Build/jaxer/components/aptEventHandler.js

01:11:01 12/24/2025 [ 32928] [TRACE] [JS Framework] [Container.persist] For container PAGE:localhost:8081/aptana/tools/shell/index.html: Persisting
stack:
  ->  [ModuleLogger.js:98] trace("For container PAGE:localhost:8081/aptana/tools/shell/index.html: Persisting")
  ->  [Container.js:313] persist()
  ->  [Container.js:620] persistAll([object HTMLDocument])
  ->  [HandlePage.js:73] onHandlePage([object XPCWrappedNative_NoHelper],[object HTMLDocument])
  ->  [CoreEvents.js:293] fireEvent("HANDLE_PAGE",[object Array])
  ->  [CoreEvents.js:234] fire("PARSE_COMPLETE",[object XPCWrappedNative_NoHelper],[object HTMLDocument])
  ->  [aptEventHandler.js:337] observe([object XPCWrappedNative_NoHelper],"jaxerEvent.HTMLParseComplete",null)
paths:
  -> file:///E:/Aptana%20Jaxer%20Apache/Jaxer/Apache2-4Build/jaxer/framework/src/ModuleLogger.js
  -> file:///E:/Aptana%20Jaxer%20Apache/Jaxer/Apache2-4Build/jaxer/framework/src/Container.js
  -> file:///E:/Aptana%20Jaxer%20Apache/Jaxer/Apache2-4Build/jaxer/framework/src/HandlePage.js
  -> file:///E:/Aptana%20Jaxer%20Apache/Jaxer/Apache2-4Build/jaxer/framework/src/CoreEvents.js
  -> file:///E:/Aptana%20Jaxer%20Apache/Jaxer/Apache2-4Build/jaxer/components/aptEventHandler.js

01:11:01 12/24/2025 [ 32928] [TRACE] [JS Framework] [Container.persist] For container SESSION:176650266145103665372259304419: Persisting
stack:
  ->  [ModuleLogger.js:98] trace("For container SESSION:176650266145103665372259304419: Persisting")
  ->  [Container.js:313] persist()
  ->  [Container.js:620] persistAll([object HTMLDocument])
  ->  [HandlePage.js:73] onHandlePage([object XPCWrappedNative_NoHelper],[object HTMLDocument])
  ->  [CoreEvents.js:293] fireEvent("HANDLE_PAGE",[object Array])
  ->  [CoreEvents.js:234] fire("PARSE_COMPLETE",[object XPCWrappedNative_NoHelper],[object HTMLDocument])
  ->  [aptEventHandler.js:337] observe([object XPCWrappedNative_NoHelper],"jaxerEvent.HTMLParseComplete",null)
paths:
  -> file:///E:/Aptana%20Jaxer%20Apache/Jaxer/Apache2-4Build/jaxer/framework/src/ModuleLogger.js
  -> file:///E:/Aptana%20Jaxer%20Apache/Jaxer/Apache2-4Build/jaxer/framework/src/Container.js
  -> file:///E:/Aptana%20Jaxer%20Apache/Jaxer/Apache2-4Build/jaxer/framework/src/HandlePage.js
  -> file:///E:/Aptana%20Jaxer%20Apache/Jaxer/Apache2-4Build/jaxer/framework/src/CoreEvents.js
  -> file:///E:/Aptana%20Jaxer%20Apache/Jaxer/Apache2-4Build/jaxer/components/aptEventHandler.js

01:11:01 12/24/2025 [ 32928] [TRACE] [JS Framework] [Container.persist] For container SESSION_PAGE:176650266145103665372259304419$$localhost:8081/aptana/tools/shell/index.html: Persisting
stack:
  ->  [ModuleLogger.js:98] trace("For container SESSION_PAGE:176650266145103665372259304419$$localhost:8081/aptana/tools/shell/index.html: Persisting")
  ->  [Container.js:313] persist()
  ->  [Container.js:620] persistAll([object HTMLDocument])
  ->  [HandlePage.js:73] onHandlePage([object XPCWrappedNative_NoHelper],[object HTMLDocument])
  ->  [CoreEvents.js:293] fireEvent("HANDLE_PAGE",[object Array])
  ->  [CoreEvents.js:234] fire("PARSE_COMPLETE",[object XPCWrappedNative_NoHelper],[object HTMLDocument])
  ->  [aptEventHandler.js:337] observe([object XPCWrappedNative_NoHelper],"jaxerEvent.HTMLParseComplete",null)
paths:
  -> file:///E:/Aptana%20Jaxer%20Apache/Jaxer/Apache2-4Build/jaxer/framework/src/ModuleLogger.js
  -> file:///E:/Aptana%20Jaxer%20Apache/Jaxer/Apache2-4Build/jaxer/framework/src/Container.js
  -> file:///E:/Aptana%20Jaxer%20Apache/Jaxer/Apache2-4Build/jaxer/framework/src/HandlePage.js
  -> file:///E:/Aptana%20Jaxer%20Apache/Jaxer/Apache2-4Build/jaxer/framework/src/CoreEvents.js
  -> file:///E:/Aptana%20Jaxer%20Apache/Jaxer/Apache2-4Build/jaxer/components/aptEventHandler.js

01:11:01 12/24/2025 [ 32928] [TRACE] [JS Framework] [HandlePage.onHandlePage] Containers persisted
stack:
  ->  [ModuleLogger.js:98] trace("Containers persisted")
  ->  [HandlePage.js:74] onHandlePage([object XPCWrappedNative_NoHelper],[object HTMLDocument])
  ->  [CoreEvents.js:293] fireEvent("HANDLE_PAGE",[object Array])
  ->  [CoreEvents.js:234] fire("PARSE_COMPLETE",[object XPCWrappedNative_NoHelper],[object HTMLDocument])
  ->  [aptEventHandler.js:337] observe([object XPCWrappedNative_NoHelper],"jaxerEvent.HTMLParseComplete",null)
paths:
  -> file:///E:/Aptana%20Jaxer%20Apache/Jaxer/Apache2-4Build/jaxer/framework/src/ModuleLogger.js
  -> file:///E:/Aptana%20Jaxer%20Apache/Jaxer/Apache2-4Build/jaxer/framework/src/HandlePage.js
  -> file:///E:/Aptana%20Jaxer%20Apache/Jaxer/Apache2-4Build/jaxer/framework/src/CoreEvents.js
  -> file:///E:/Aptana%20Jaxer%20Apache/Jaxer/Apache2-4Build/jaxer/components/aptEventHandler.js

01:11:01 12/24/2025 [ 32928] [TRACE] [JS Framework] [Response.setNoCacheHeaders] Setting no-cache headers
stack:
  ->  [ModuleLogger.js:98] trace("Setting no-cache headers")
  ->  [Response.js:772] setNoCacheHeaders()
  ->  [HandlePage.js:85] onHandlePage([object XPCWrappedNative_NoHelper],[object HTMLDocument])
  ->  [CoreEvents.js:293] fireEvent("HANDLE_PAGE",[object Array])
  ->  [CoreEvents.js:234] fire("PARSE_COMPLETE",[object XPCWrappedNative_NoHelper],[object HTMLDocument])
  ->  [aptEventHandler.js:337] observe([object XPCWrappedNative_NoHelper],"jaxerEvent.HTMLParseComplete",null)
paths:
  -> file:///E:/Aptana%20Jaxer%20Apache/Jaxer/Apache2-4Build/jaxer/framework/src/ModuleLogger.js
  -> file:///E:/Aptana%20Jaxer%20Apache/Jaxer/Apache2-4Build/jaxer/framework/src/Response.js
  -> file:///E:/Aptana%20Jaxer%20Apache/Jaxer/Apache2-4Build/jaxer/framework/src/HandlePage.js
  -> file:///E:/Aptana%20Jaxer%20Apache/Jaxer/Apache2-4Build/jaxer/framework/src/CoreEvents.js
  -> file:///E:/Aptana%20Jaxer%20Apache/Jaxer/Apache2-4Build/jaxer/components/aptEventHandler.js

01:11:01 12/24/2025 [ 32928] [TRACE] [JS Framework] [DB.SQLite.close] Closing the connection
stack:
  ->  [ModuleLogger.js:98] trace("Closing the connection")
  ->  [DB_SQLite.js:739] close()
  ->  [DB.js:437] closeAllConnections(true)
  ->  [HandlePage.js:182] onHandlePage([object XPCWrappedNative_NoHelper],[object HTMLDocument])
  ->  [CoreEvents.js:293] fireEvent("HANDLE_PAGE",[object Array])
  ->  [CoreEvents.js:234] fire("PARSE_COMPLETE",[object XPCWrappedNative_NoHelper],[object HTMLDocument])
  ->  [aptEventHandler.js:337] observe([object XPCWrappedNative_NoHelper],"jaxerEvent.HTMLParseComplete",null)
paths:
  -> file:///E:/Aptana%20Jaxer%20Apache/Jaxer/Apache2-4Build/jaxer/framework/src/ModuleLogger.js
  -> file:///E:/Aptana%20Jaxer%20Apache/Jaxer/Apache2-4Build/jaxer/framework/src/DB_SQLite.js
  -> file:///E:/Aptana%20Jaxer%20Apache/Jaxer/Apache2-4Build/jaxer/framework/src/DB.js
  -> file:///E:/Aptana%20Jaxer%20Apache/Jaxer/Apache2-4Build/jaxer/framework/src/HandlePage.js
  -> file:///E:/Aptana%20Jaxer%20Apache/Jaxer/Apache2-4Build/jaxer/framework/src/CoreEvents.js
  -> file:///E:/Aptana%20Jaxer%20Apache/Jaxer/Apache2-4Build/jaxer/components/aptEventHandler.js

01:11:01 12/24/2025 [ 32928] [TRACE] [JS Framework] [CoreEvents.fireEvent] Firing an event for PARSE_COMPLETE
stack:
  ->  [ModuleLogger.js:98] trace("Firing an event for PARSE_COMPLETE")
  ->  [CoreEvents.js:282] fireEvent("PARSE_COMPLETE",[object Array])
  ->  [CoreEvents.js:238] fire("PARSE_COMPLETE",[object XPCWrappedNative_NoHelper],[object HTMLDocument])
  ->  [aptEventHandler.js:337] observe([object XPCWrappedNative_NoHelper],"jaxerEvent.HTMLParseComplete",null)
paths:
  -> file:///E:/Aptana%20Jaxer%20Apache/Jaxer/Apache2-4Build/jaxer/framework/src/ModuleLogger.js
  -> file:///E:/Aptana%20Jaxer%20Apache/Jaxer/Apache2-4Build/jaxer/framework/src/CoreEvents.js
  -> file:///E:/Aptana%20Jaxer%20Apache/Jaxer/Apache2-4Build/jaxer/components/aptEventHandler.js

01:11:01 12/24/2025 [ 32928] [TRACE] [JS Framework] [CoreEvents.fireEvent] Calling event handler: function onParseComplete(evt, doc) {
    Jaxer.__tempLoad.cl...
stack:
  ->  [ModuleLogger.js:98] trace("Calling event handler: function onParseComplete(evt, doc) {\n    Jaxer.__tempLoad.cl...")
  ->  [CoreEvents.js:292] fireEvent("PARSE_COMPLETE",[object Array])
  ->  [CoreEvents.js:238] fire("PARSE_COMPLETE",[object XPCWrappedNative_NoHelper],[object HTMLDocument])
  ->  [aptEventHandler.js:337] observe([object XPCWrappedNative_NoHelper],"jaxerEvent.HTMLParseComplete",null)
paths:
  -> file:///E:/Aptana%20Jaxer%20Apache/Jaxer/Apache2-4Build/jaxer/framework/src/ModuleLogger.js
  -> file:///E:/Aptana%20Jaxer%20Apache/Jaxer/Apache2-4Build/jaxer/framework/src/CoreEvents.js
  -> file:///E:/Aptana%20Jaxer%20Apache/Jaxer/Apache2-4Build/jaxer/components/aptEventHandler.js

01:11:01 12/24/2025 [ 32928] [TRACE] [JS Framework] [CoreEvents.fire] At this time, evt.Request.isHandler=false and eventType: REQUEST_COMPLETE
stack:
  ->  [ModuleLogger.js:98] trace("At this time, evt.Request.isHandler=false and eventType: REQUEST_COMPLETE")
  ->  [CoreEvents.js:205] fire("REQUEST_COMPLETE",[object XPCWrappedNative_NoHelper])
  ->  [aptEventHandler.js:351] observe([object XPCWrappedNative_NoHelper],"jaxerEvent.RequestComplete",null)
paths:
  -> file:///E:/Aptana%20Jaxer%20Apache/Jaxer/Apache2-4Build/jaxer/framework/src/ModuleLogger.js
  -> file:///E:/Aptana%20Jaxer%20Apache/Jaxer/Apache2-4Build/jaxer/framework/src/CoreEvents.js
  -> file:///E:/Aptana%20Jaxer%20Apache/Jaxer/Apache2-4Build/jaxer/components/aptEventHandler.js

01:11:01 12/24/2025 [ 32928] [TRACE] [JS Framework] [CoreEvents.fireEvent] Firing an event for REQUEST_COMPLETE
stack:
  ->  [ModuleLogger.js:98] trace("Firing an event for REQUEST_COMPLETE")
  ->  [CoreEvents.js:282] fireEvent("REQUEST_COMPLETE",[object Array])
  ->  [CoreEvents.js:238] fire("REQUEST_COMPLETE",[object XPCWrappedNative_NoHelper])
  ->  [aptEventHandler.js:351] observe([object XPCWrappedNative_NoHelper],"jaxerEvent.RequestComplete",null)
paths:
  -> file:///E:/Aptana%20Jaxer%20Apache/Jaxer/Apache2-4Build/jaxer/framework/src/ModuleLogger.js
  -> file:///E:/Aptana%20Jaxer%20Apache/Jaxer/Apache2-4Build/jaxer/framework/src/CoreEvents.js
  -> file:///E:/Aptana%20Jaxer%20Apache/Jaxer/Apache2-4Build/jaxer/components/aptEventHandler.js

01:11:01 12/24/2025 [ 32928] [TRACE] [JS Framework] [CoreEvents.fireEvent] Calling event handler: function onRequestComplete(evt) {
}...
stack:
  ->  [ModuleLogger.js:98] trace("Calling event handler: function onRequestComplete(evt) {\n}...")
  ->  [CoreEvents.js:292] fireEvent("REQUEST_COMPLETE",[object Array])
  ->  [CoreEvents.js:238] fire("REQUEST_COMPLETE",[object XPCWrappedNative_NoHelper])
  ->  [aptEventHandler.js:351] observe([object XPCWrappedNative_NoHelper],"jaxerEvent.RequestComplete",null)
paths:
  -> file:///E:/Aptana%20Jaxer%20Apache/Jaxer/Apache2-4Build/jaxer/framework/src/ModuleLogger.js
  -> file:///E:/Aptana%20Jaxer%20Apache/Jaxer/Apache2-4Build/jaxer/framework/src/CoreEvents.js
  -> file:///E:/Aptana%20Jaxer%20Apache/Jaxer/Apache2-4Build/jaxer/components/aptEventHandler.js

01:11:09 12/24/2025 [ 15324] [TRACE] [JS Framework] [CoreEvents.fire] At this time, evt.Request.isHandler=false and eventType: REQUEST_START
stack:
  ->  [ModuleLogger.js:98] trace("At this time, evt.Request.isHandler=false and eventType: REQUEST_START")
  ->  [CoreEvents.js:205] fire("REQUEST_START",[object XPCWrappedNative_NoHelper])
  ->  [aptEventHandler.js:292] observe([object XPCWrappedNative_NoHelper],"jaxerEvent.RequestStart",null)
paths:
  -> file:///E:/Aptana%20Jaxer%20Apache/Jaxer/Apache2-4Build/jaxer/framework/src/ModuleLogger.js
  -> file:///E:/Aptana%20Jaxer%20Apache/Jaxer/Apache2-4Build/jaxer/framework/src/CoreEvents.js
  -> file:///E:/Aptana%20Jaxer%20Apache/Jaxer/Apache2-4Build/jaxer/components/aptEventHandler.js

01:11:09 12/24/2025 [ 15324] [TRACE] [JS Framework] [CoreEvents.fireEvent] Firing an event for REQUEST_START
stack:
  ->  [ModuleLogger.js:98] trace("Firing an event for REQUEST_START")
  ->  [CoreEvents.js:282] fireEvent("REQUEST_START",[object Array])
  ->  [CoreEvents.js:238] fire("REQUEST_START",[object XPCWrappedNative_NoHelper])
  ->  [aptEventHandler.js:292] observe([object XPCWrappedNative_NoHelper],"jaxerEvent.RequestStart",null)
paths:
  -> file:///E:/Aptana%20Jaxer%20Apache/Jaxer/Apache2-4Build/jaxer/framework/src/ModuleLogger.js
  -> file:///E:/Aptana%20Jaxer%20Apache/Jaxer/Apache2-4Build/jaxer/framework/src/CoreEvents.js
  -> file:///E:/Aptana%20Jaxer%20Apache/Jaxer/Apache2-4Build/jaxer/components/aptEventHandler.js

01:11:09 12/24/2025 [ 15324] [TRACE] [JS Framework] [CoreEvents.fireEvent] Calling event handler: function onRequestStart(evt) {
}...
stack:
  ->  [ModuleLogger.js:98] trace("Calling event handler: function onRequestStart(evt) {\n}...")
  ->  [CoreEvents.js:292] fireEvent("REQUEST_START",[object Array])
  ->  [CoreEvents.js:238] fire("REQUEST_START",[object XPCWrappedNative_NoHelper])
  ->  [aptEventHandler.js:292] observe([object XPCWrappedNative_NoHelper],"jaxerEvent.RequestStart",null)
paths:
  -> file:///E:/Aptana%20Jaxer%20Apache/Jaxer/Apache2-4Build/jaxer/framework/src/ModuleLogger.js
  -> file:///E:/Aptana%20Jaxer%20Apache/Jaxer/Apache2-4Build/jaxer/framework/src/CoreEvents.js
  -> file:///E:/Aptana%20Jaxer%20Apache/Jaxer/Apache2-4Build/jaxer/components/aptEventHandler.js

01:11:09 12/24/2025 [ 15324] [TRACE] [JS Framework] [CoreEvents.fire] At this time, evt.Request.isHandler=false and eventType: PARSE_START
stack:
  ->  [ModuleLogger.js:98] trace("At this time, evt.Request.isHandler=false and eventType: PARSE_START")
  ->  [CoreEvents.js:205] fire("PARSE_START",[object XPCWrappedNative_NoHelper])
  ->  [aptEventHandler.js:306] observe([object XPCWrappedNative_NoHelper],"jaxerEvent.HTMLParseStart",null)
paths:
  -> file:///E:/Aptana%20Jaxer%20Apache/Jaxer/Apache2-4Build/jaxer/framework/src/ModuleLogger.js
  -> file:///E:/Aptana%20Jaxer%20Apache/Jaxer/Apache2-4Build/jaxer/framework/src/CoreEvents.js
  -> file:///E:/Aptana%20Jaxer%20Apache/Jaxer/Apache2-4Build/jaxer/components/aptEventHandler.js

01:11:09 12/24/2025 [ 15324] [TRACE] [JS Framework] [CoreEvents.fireEvent] Firing an event for PARSE_START
stack:
  ->  [ModuleLogger.js:98] trace("Firing an event for PARSE_START")
  ->  [CoreEvents.js:282] fireEvent("PARSE_START",[object Array])
  ->  [CoreEvents.js:238] fire("PARSE_START",[object XPCWrappedNative_NoHelper])
  ->  [aptEventHandler.js:306] observe([object XPCWrappedNative_NoHelper],"jaxerEvent.HTMLParseStart",null)
paths:
  -> file:///E:/Aptana%20Jaxer%20Apache/Jaxer/Apache2-4Build/jaxer/framework/src/ModuleLogger.js
  -> file:///E:/Aptana%20Jaxer%20Apache/Jaxer/Apache2-4Build/jaxer/framework/src/CoreEvents.js
  -> file:///E:/Aptana%20Jaxer%20Apache/Jaxer/Apache2-4Build/jaxer/components/aptEventHandler.js

01:11:09 12/24/2025 [ 15324] [TRACE] [JS Framework] [CoreEvents.fireEvent] Calling event handler: function onParseStart(evt) {
    Jaxer.request = frameworkGl...
stack:
  ->  [ModuleLogger.js:98] trace("Calling event handler: function onParseStart(evt) {\n    Jaxer.request = frameworkGl...")
  ->  [CoreEvents.js:292] fireEvent("PARSE_START",[object Array])
  ->  [CoreEvents.js:238] fire("PARSE_START",[object XPCWrappedNative_NoHelper])
  ->  [aptEventHandler.js:306] observe([object XPCWrappedNative_NoHelper],"jaxerEvent.HTMLParseStart",null)
paths:
  -> file:///E:/Aptana%20Jaxer%20Apache/Jaxer/Apache2-4Build/jaxer/framework/src/ModuleLogger.js
  -> file:///E:/Aptana%20Jaxer%20Apache/Jaxer/Apache2-4Build/jaxer/framework/src/CoreEvents.js
  -> file:///E:/Aptana%20Jaxer%20Apache/Jaxer/Apache2-4Build/jaxer/components/aptEventHandler.js

01:11:09 12/24/2025 [ 15324] [TRACE] [JS Framework] [Request.Request] Constructing request from: ({constructorErrors:[], _request:{}, method:"POST", isHandler:false, uri:"/aptana/modal_window.html", protocol:"HTTP/1.1", remoteUser:"", remoteHost:"desktop-lpv0ncp", remoteAddr:"::1", pageFile:"E:/Aptana Jaxer Apache/Jaxer/Apache2-4Build/jaxer/aptana/modal_window.html", documentRoot:"E:/Aptana Jaxer Apache/Jaxer/Apache2-4Build/public", OS:"WINNT", isJaxerServer:false, isHTTPS:false, queryString:"", logFileNativePath:"", action:"POST", headers:{Host:"localhost:8081", Connection:"keep-alive", 'Content-Length':"0", 'X-Prototype-Version':"1.6.0.2", 'sec-ch-ua-platform':"\"Windows\"", 'sec-ch-ua':"\"Chromium\";v=\"140\", \"Not=A?Brand\";v=\"24\", \"Opera\";v=\"124\"", 'sec-ch-ua-mobile':"?0", 'X-Requested-With':"XMLHttpRequest", 'User-Agent':"Mozilla/5.0 (Windows NT 10.0; Win64; x64) AppleWebKit/537.36 (KHTML, like Gecko) Chrome/140.0.0.0 Safari/537.36 OPR/124.0.0.0", Accept:"text/javascript, text/html, application/xml, text/xml, */*", 'Content-type':"application/x-www-form-urlencoded; charset=UTF-8", Origin:"http://localhost:8081", 'Sec-Fetch-Site':"same-origin", 'Sec-Fetch-Mode':"cors", 'Sec-Fetch-Dest':"empty", Referer:"http://localhost:8081/aptana/", 'Accept-Encoding':"gzip, deflate, br, zstd", 'Accept-Language':"en-US,en;q=0.9", Cookie:"JaxerSessionId%24%24localhost%3A8081=176589175647709027719934159097; JaxerSessionId%24%24diagnostics=1766389857171006019406608883027; JaxerSessionId%24%24chat=176650225815408013378880202926; JaxerSessionId%24%24smtp-email=1766502615487048247814800171795; JaxerSessionId%24%24rss-sample=1766502620172023884340692192807; JaxerSessionId%24%24tasks=176650262827103192941976629359; JaxerSessionId%24%24wikilite=1766502633159009874746526267386; JaxerSessionId%24%24logging=176650264152708165463317747484; JaxerSessionId%24%24csajax=176650265576703773913072428896; JaxerSessionId%24%24shell=176650266145103665372259304419"}})
stack:
  ->  [ModuleLogger.js:98] trace("Constructing request from: ({constructorErrors:[], _request:{}, method:\"POST\", isHandler:false, uri:\"/aptana/modal_window.html\", protocol:\"HTTP/1.1\", remoteUser:\"\", remoteHost:\"desktop-lpv0ncp\", remoteAddr:\"::1\", pageFile:\"E:/Aptana Jaxer Apache/Jaxer/Apache2-4Build/jaxer/aptana/modal_window.html\", documentRoot:\"E:/Aptana Jaxer Apache/Jaxer/Apache2-4Build/public\", OS:\"WINNT\", isJaxerServer:false, isHTTPS:false, queryString:\"\", logFileNativePath:\"\", action:\"POST\", headers:{Host:\"localhost:8081\", Connection:\"keep-alive\", 'Content-Length':\"0\", 'X-Prototype-Version':\"1.6.0.2\", 'sec-ch-ua-platform':\"\\\"Windows\\\"\", 'sec-ch-ua':\"\\\"Chromium\\\";v=\\\"140\\\", \\\"Not=A?Brand\\\";v=\\\"24\\\", \\\"Opera\\\";v=\\\"124\\\"\", 'sec-ch-ua-mobile':\"?0\", 'X-Requested-With':\"XMLHttpRequest\", 'User-Agent':\"Mozilla/5.0 (Windows NT 10.0; Win64; x64) AppleWebKit/537.36 (KHTML, like Gecko) Chrome/140.0.0.0 Safari/537.36 OPR/124.0.0.0\", Accept:\"text/javascript, text/html, application/xml, text/xml, */*\", 'Content-type':\"application/x-www-form-urlencoded; charset=UTF-8\", Origin:\"http://localhost:8081\", 'Sec-Fetch-Site':\"same-origin\", 'Sec-Fetch-Mode':\"cors\", 'Sec-Fetch-Dest':\"empty\", Referer:\"http://localhost:8081/aptana/\", 'Accept-Encoding':\"gzip, deflate, br, zstd\", 'Accept-Language':\"en-US,en;q=0.9\", Cookie:\"JaxerSessionId%24%24localhost%3A8081=176589175647709027719934159097; JaxerSessionId%24%24diagnostics=1766389857171006019406608883027; JaxerSessionId%24%24chat=176650225815408013378880202926; JaxerSessionId%24%24smtp-email=1766502615487048247814800171795; JaxerSessionId%24%24rss-sample=1766502620172023884340692192807; JaxerSessionId%24%24tasks=176650262827103192941976629359; JaxerSessionId%24%24wikilite=1766502633159009874746526267386; JaxerSessionId%24%24logging=176650264152708165463317747484; JaxerSessionId%24%24csajax=176650265576703773913072428896; JaxerSessionId%24%24shell=176650266145103665372259304419\"}})")
  ->  [Request.js:202] Request([object XPCWrappedNative_NoHelper])
  ->  [ParseStart.js:49] onParseStart([object XPCWrappedNative_NoHelper])
  ->  [CoreEvents.js:293] fireEvent("PARSE_START",[object Array])
  ->  [CoreEvents.js:238] fire("PARSE_START",[object XPCWrappedNative_NoHelper])
  ->  [aptEventHandler.js:306] observe([object XPCWrappedNative_NoHelper],"jaxerEvent.HTMLParseStart",null)
paths:
  -> file:///E:/Aptana%20Jaxer%20Apache/Jaxer/Apache2-4Build/jaxer/framework/src/ModuleLogger.js
  -> file:///E:/Aptana%20Jaxer%20Apache/Jaxer/Apache2-4Build/jaxer/framework/src/Request.js
  -> file:///E:/Aptana%20Jaxer%20Apache/Jaxer/Apache2-4Build/jaxer/framework/src/ParseStart.js
  -> file:///E:/Aptana%20Jaxer%20Apache/Jaxer/Apache2-4Build/jaxer/framework/src/CoreEvents.js
  -> file:///E:/Aptana%20Jaxer%20Apache/Jaxer/Apache2-4Build/jaxer/components/aptEventHandler.js

01:11:09 12/24/2025 [ 15324] [TRACE] [JS Framework] [ParseStart.onParseStart] Matching app using parsedUrl='({url:"http://localhost:8081/aptana/modal_window.html", scheme:"http", protocol:"http", authority:"localhost:8081", path:"/aptana/modal_window.html", query:"", fragment:"", userInfo:"", host:"localhost", port:"8081", hostAndPort:"localhost:8081", base:"http://localhost:8081", subdomain:"", domain:"localhost", pathParts:["aptana", "modal_window.html"], leaf:"modal_window.html", queryParts:{}})'
stack:
  ->  [ModuleLogger.js:98] trace("Matching app using parsedUrl='({url:\"http://localhost:8081/aptana/modal_window.html\", scheme:\"http\", protocol:\"http\", authority:\"localhost:8081\", path:\"/aptana/modal_window.html\", query:\"\", fragment:\"\", userInfo:\"\", host:\"localhost\", port:\"8081\", hostAndPort:\"localhost:8081\", base:\"http://localhost:8081\", subdomain:\"\", domain:\"localhost\", pathParts:[\"aptana\", \"modal_window.html\"], leaf:\"modal_window.html\", queryParts:{}})'")
  ->  [ParseStart.js:81] onParseStart([object XPCWrappedNative_NoHelper])
  ->  [CoreEvents.js:293] fireEvent("PARSE_START",[object Array])
  ->  [CoreEvents.js:238] fire("PARSE_START",[object XPCWrappedNative_NoHelper])
  ->  [aptEventHandler.js:306] observe([object XPCWrappedNative_NoHelper],"jaxerEvent.HTMLParseStart",null)
paths:
  -> file:///E:/Aptana%20Jaxer%20Apache/Jaxer/Apache2-4Build/jaxer/framework/src/ModuleLogger.js
  -> file:///E:/Aptana%20Jaxer%20Apache/Jaxer/Apache2-4Build/jaxer/framework/src/ParseStart.js
  -> file:///E:/Aptana%20Jaxer%20Apache/Jaxer/Apache2-4Build/jaxer/framework/src/CoreEvents.js
  -> file:///E:/Aptana%20Jaxer%20Apache/Jaxer/Apache2-4Build/jaxer/components/aptEventHandler.js

01:11:09 12/24/2025 [ 15324] [TRACE] [JS Framework] [App.init] Initializing app 'DEFAULT' (urlTest: /.*/)
stack:
  ->  [ModuleLogger.js:98] trace("Initializing app 'DEFAULT' (urlTest: /.*/)")
  ->  [App.js:184] init()
  ->  [ParseStart.js:110] onParseStart([object XPCWrappedNative_NoHelper])
  ->  [CoreEvents.js:293] fireEvent("PARSE_START",[object Array])
  ->  [CoreEvents.js:238] fire("PARSE_START",[object XPCWrappedNative_NoHelper])
  ->  [aptEventHandler.js:306] observe([object XPCWrappedNative_NoHelper],"jaxerEvent.HTMLParseStart",null)
paths:
  -> file:///E:/Aptana%20Jaxer%20Apache/Jaxer/Apache2-4Build/jaxer/framework/src/ModuleLogger.js
  -> file:///E:/Aptana%20Jaxer%20Apache/Jaxer/Apache2-4Build/jaxer/framework/src/App.js
  -> file:///E:/Aptana%20Jaxer%20Apache/Jaxer/Apache2-4Build/jaxer/framework/src/ParseStart.js
  -> file:///E:/Aptana%20Jaxer%20Apache/Jaxer/Apache2-4Build/jaxer/framework/src/CoreEvents.js
  -> file:///E:/Aptana%20Jaxer%20Apache/Jaxer/Apache2-4Build/jaxer/components/aptEventHandler.js

01:11:09 12/24/2025 [ 15324] [TRACE] [JS Framework] [App.init] APP_KEY for app 'DEFAULT': localhost:8081
stack:
  ->  [ModuleLogger.js:98] trace("APP_KEY for app 'DEFAULT': localhost:8081")
  ->  [App.js:196] init()
  ->  [ParseStart.js:110] onParseStart([object XPCWrappedNative_NoHelper])
  ->  [CoreEvents.js:293] fireEvent("PARSE_START",[object Array])
  ->  [CoreEvents.js:238] fire("PARSE_START",[object XPCWrappedNative_NoHelper])
  ->  [aptEventHandler.js:306] observe([object XPCWrappedNative_NoHelper],"jaxerEvent.HTMLParseStart",null)
paths:
  -> file:///E:/Aptana%20Jaxer%20Apache/Jaxer/Apache2-4Build/jaxer/framework/src/ModuleLogger.js
  -> file:///E:/Aptana%20Jaxer%20Apache/Jaxer/Apache2-4Build/jaxer/framework/src/App.js
  -> file:///E:/Aptana%20Jaxer%20Apache/Jaxer/Apache2-4Build/jaxer/framework/src/ParseStart.js
  -> file:///E:/Aptana%20Jaxer%20Apache/Jaxer/Apache2-4Build/jaxer/framework/src/CoreEvents.js
  -> file:///E:/Aptana%20Jaxer%20Apache/Jaxer/Apache2-4Build/jaxer/components/aptEventHandler.js

01:11:09 12/24/2025 [ 15324] [TRACE] [JS Framework] [App.init] PAGE_KEY for app 'DEFAULT': localhost:8081/aptana/modal_window.html
stack:
  ->  [ModuleLogger.js:98] trace("PAGE_KEY for app 'DEFAULT': localhost:8081/aptana/modal_window.html")
  ->  [App.js:208] init()
  ->  [ParseStart.js:110] onParseStart([object XPCWrappedNative_NoHelper])
  ->  [CoreEvents.js:293] fireEvent("PARSE_START",[object Array])
  ->  [CoreEvents.js:238] fire("PARSE_START",[object XPCWrappedNative_NoHelper])
  ->  [aptEventHandler.js:306] observe([object XPCWrappedNative_NoHelper],"jaxerEvent.HTMLParseStart",null)
paths:
  -> file:///E:/Aptana%20Jaxer%20Apache/Jaxer/Apache2-4Build/jaxer/framework/src/ModuleLogger.js
  -> file:///E:/Aptana%20Jaxer%20Apache/Jaxer/Apache2-4Build/jaxer/framework/src/App.js
  -> file:///E:/Aptana%20Jaxer%20Apache/Jaxer/Apache2-4Build/jaxer/framework/src/ParseStart.js
  -> file:///E:/Aptana%20Jaxer%20Apache/Jaxer/Apache2-4Build/jaxer/framework/src/CoreEvents.js
  -> file:///E:/Aptana%20Jaxer%20Apache/Jaxer/Apache2-4Build/jaxer/components/aptEventHandler.js

01:11:09 12/24/2025 [ 15324] [TRACE] [JS Framework] [App.init] PATH for app 'DEFAULT': resource:///../local_jaxer/data/DEFAULT
stack:
  ->  [ModuleLogger.js:98] trace("PATH for app 'DEFAULT': resource:///../local_jaxer/data/DEFAULT")
  ->  [App.js:231] init()
  ->  [ParseStart.js:110] onParseStart([object XPCWrappedNative_NoHelper])
  ->  [CoreEvents.js:293] fireEvent("PARSE_START",[object Array])
  ->  [CoreEvents.js:238] fire("PARSE_START",[object XPCWrappedNative_NoHelper])
  ->  [aptEventHandler.js:306] observe([object XPCWrappedNative_NoHelper],"jaxerEvent.HTMLParseStart",null)
paths:
  -> file:///E:/Aptana%20Jaxer%20Apache/Jaxer/Apache2-4Build/jaxer/framework/src/ModuleLogger.js
  -> file:///E:/Aptana%20Jaxer%20Apache/Jaxer/Apache2-4Build/jaxer/framework/src/App.js
  -> file:///E:/Aptana%20Jaxer%20Apache/Jaxer/Apache2-4Build/jaxer/framework/src/ParseStart.js
  -> file:///E:/Aptana%20Jaxer%20Apache/Jaxer/Apache2-4Build/jaxer/framework/src/CoreEvents.js
  -> file:///E:/Aptana%20Jaxer%20Apache/Jaxer/Apache2-4Build/jaxer/components/aptEventHandler.js

01:11:09 12/24/2025 [ 15324] [TRACE] [JS Framework] [ParseStart.onParseStart] Using app 'DEFAULT': urlTest = /.*/
stack:
  ->  [ModuleLogger.js:98] trace("Using app 'DEFAULT': urlTest = /.*/")
  ->  [ParseStart.js:113] onParseStart([object XPCWrappedNative_NoHelper])
  ->  [CoreEvents.js:293] fireEvent("PARSE_START",[object Array])
  ->  [CoreEvents.js:238] fire("PARSE_START",[object XPCWrappedNative_NoHelper])
  ->  [aptEventHandler.js:306] observe([object XPCWrappedNative_NoHelper],"jaxerEvent.HTMLParseStart",null)
paths:
  -> file:///E:/Aptana%20Jaxer%20Apache/Jaxer/Apache2-4Build/jaxer/framework/src/ModuleLogger.js
  -> file:///E:/Aptana%20Jaxer%20Apache/Jaxer/Apache2-4Build/jaxer/framework/src/ParseStart.js
  -> file:///E:/Aptana%20Jaxer%20Apache/Jaxer/Apache2-4Build/jaxer/framework/src/CoreEvents.js
  -> file:///E:/Aptana%20Jaxer%20Apache/Jaxer/Apache2-4Build/jaxer/components/aptEventHandler.js

01:11:09 12/24/2025 [ 15324] [DEBUG] [JS Framework] [SessionManager.keyFromRequest] Getting session key from the client via cookie JaxerSessionId$$localhost:8081: 176589175647709027719934159097
stack:
  ->  [ModuleLogger.js:98] debug("Getting session key from the client via cookie JaxerSessionId$$localhost:8081: 176589175647709027719934159097")
  ->  [SessionManager.js:59] keyFromRequest("localhost:8081")
  ->  [Container.js:474] init("localhost:8081","localhost:8081/aptana/modal_window.html")
  ->  [ParseStart.js:122] onParseStart([object XPCWrappedNative_NoHelper])
  ->  [CoreEvents.js:293] fireEvent("PARSE_START",[object Array])
  ->  [CoreEvents.js:238] fire("PARSE_START",[object XPCWrappedNative_NoHelper])
  ->  [aptEventHandler.js:306] observe([object XPCWrappedNative_NoHelper],"jaxerEvent.HTMLParseStart",null)
paths:
  -> file:///E:/Aptana%20Jaxer%20Apache/Jaxer/Apache2-4Build/jaxer/framework/src/ModuleLogger.js
  -> file:///E:/Aptana%20Jaxer%20Apache/Jaxer/Apache2-4Build/jaxer/framework/src/SessionManager.js
  -> file:///E:/Aptana%20Jaxer%20Apache/Jaxer/Apache2-4Build/jaxer/framework/src/Container.js
  -> file:///E:/Aptana%20Jaxer%20Apache/Jaxer/Apache2-4Build/jaxer/framework/src/ParseStart.js
  -> file:///E:/Aptana%20Jaxer%20Apache/Jaxer/Apache2-4Build/jaxer/framework/src/CoreEvents.js
  -> file:///E:/Aptana%20Jaxer%20Apache/Jaxer/Apache2-4Build/jaxer/components/aptEventHandler.js

01:11:09 12/24/2025 [ 15324] [DEBUG] [JS Framework] [Container.init] Created APPLICATION container as Jaxer.application with key localhost:8081
stack:
  ->  [ModuleLogger.js:98] debug("Created APPLICATION container as Jaxer.application with key localhost:8081")
  ->  [Container.js:485] init("localhost:8081","localhost:8081/aptana/modal_window.html")
  ->  [ParseStart.js:122] onParseStart([object XPCWrappedNative_NoHelper])
  ->  [CoreEvents.js:293] fireEvent("PARSE_START",[object Array])
  ->  [CoreEvents.js:238] fire("PARSE_START",[object XPCWrappedNative_NoHelper])
  ->  [aptEventHandler.js:306] observe([object XPCWrappedNative_NoHelper],"jaxerEvent.HTMLParseStart",null)
paths:
  -> file:///E:/Aptana%20Jaxer%20Apache/Jaxer/Apache2-4Build/jaxer/framework/src/ModuleLogger.js
  -> file:///E:/Aptana%20Jaxer%20Apache/Jaxer/Apache2-4Build/jaxer/framework/src/Container.js
  -> file:///E:/Aptana%20Jaxer%20Apache/Jaxer/Apache2-4Build/jaxer/framework/src/ParseStart.js
  -> file:///E:/Aptana%20Jaxer%20Apache/Jaxer/Apache2-4Build/jaxer/framework/src/CoreEvents.js
  -> file:///E:/Aptana%20Jaxer%20Apache/Jaxer/Apache2-4Build/jaxer/components/aptEventHandler.js

01:11:09 12/24/2025 [ 15324] [DEBUG] [JS Framework] [Container.init] Created PAGE container as Jaxer.page with key localhost:8081/aptana/modal_window.html
stack:
  ->  [ModuleLogger.js:98] debug("Created PAGE container as Jaxer.page with key localhost:8081/aptana/modal_window.html")
  ->  [Container.js:485] init("localhost:8081","localhost:8081/aptana/modal_window.html")
  ->  [ParseStart.js:122] onParseStart([object XPCWrappedNative_NoHelper])
  ->  [CoreEvents.js:293] fireEvent("PARSE_START",[object Array])
  ->  [CoreEvents.js:238] fire("PARSE_START",[object XPCWrappedNative_NoHelper])
  ->  [aptEventHandler.js:306] observe([object XPCWrappedNative_NoHelper],"jaxerEvent.HTMLParseStart",null)
paths:
  -> file:///E:/Aptana%20Jaxer%20Apache/Jaxer/Apache2-4Build/jaxer/framework/src/ModuleLogger.js
  -> file:///E:/Aptana%20Jaxer%20Apache/Jaxer/Apache2-4Build/jaxer/framework/src/Container.js
  -> file:///E:/Aptana%20Jaxer%20Apache/Jaxer/Apache2-4Build/jaxer/framework/src/ParseStart.js
  -> file:///E:/Aptana%20Jaxer%20Apache/Jaxer/Apache2-4Build/jaxer/framework/src/CoreEvents.js
  -> file:///E:/Aptana%20Jaxer%20Apache/Jaxer/Apache2-4Build/jaxer/components/aptEventHandler.js

01:11:09 12/24/2025 [ 15324] [DEBUG] [JS Framework] [Container.init] Created SESSION container as Jaxer.session with key 176589175647709027719934159097
stack:
  ->  [ModuleLogger.js:98] debug("Created SESSION container as Jaxer.session with key 176589175647709027719934159097")
  ->  [Container.js:485] init("localhost:8081","localhost:8081/aptana/modal_window.html")
  ->  [ParseStart.js:122] onParseStart([object XPCWrappedNative_NoHelper])
  ->  [CoreEvents.js:293] fireEvent("PARSE_START",[object Array])
  ->  [CoreEvents.js:238] fire("PARSE_START",[object XPCWrappedNative_NoHelper])
  ->  [aptEventHandler.js:306] observe([object XPCWrappedNative_NoHelper],"jaxerEvent.HTMLParseStart",null)
paths:
  -> file:///E:/Aptana%20Jaxer%20Apache/Jaxer/Apache2-4Build/jaxer/framework/src/ModuleLogger.js
  -> file:///E:/Aptana%20Jaxer%20Apache/Jaxer/Apache2-4Build/jaxer/framework/src/Container.js
  -> file:///E:/Aptana%20Jaxer%20Apache/Jaxer/Apache2-4Build/jaxer/framework/src/ParseStart.js
  -> file:///E:/Aptana%20Jaxer%20Apache/Jaxer/Apache2-4Build/jaxer/framework/src/CoreEvents.js
  -> file:///E:/Aptana%20Jaxer%20Apache/Jaxer/Apache2-4Build/jaxer/components/aptEventHandler.js

01:11:09 12/24/2025 [ 15324] [DEBUG] [JS Framework] [Container.init] Created SESSION_PAGE container as Jaxer.sessionPage with key 176589175647709027719934159097$$localhost:8081/aptana/modal_window.html
stack:
  ->  [ModuleLogger.js:98] debug("Created SESSION_PAGE container as Jaxer.sessionPage with key 176589175647709027719934159097$$localhost:8081/aptana/modal_window.html")
  ->  [Container.js:485] init("localhost:8081","localhost:8081/aptana/modal_window.html")
  ->  [ParseStart.js:122] onParseStart([object XPCWrappedNative_NoHelper])
  ->  [CoreEvents.js:293] fireEvent("PARSE_START",[object Array])
  ->  [CoreEvents.js:238] fire("PARSE_START",[object XPCWrappedNative_NoHelper])
  ->  [aptEventHandler.js:306] observe([object XPCWrappedNative_NoHelper],"jaxerEvent.HTMLParseStart",null)
paths:
  -> file:///E:/Aptana%20Jaxer%20Apache/Jaxer/Apache2-4Build/jaxer/framework/src/ModuleLogger.js
  -> file:///E:/Aptana%20Jaxer%20Apache/Jaxer/Apache2-4Build/jaxer/framework/src/Container.js
  -> file:///E:/Aptana%20Jaxer%20Apache/Jaxer/Apache2-4Build/jaxer/framework/src/ParseStart.js
  -> file:///E:/Aptana%20Jaxer%20Apache/Jaxer/Apache2-4Build/jaxer/framework/src/CoreEvents.js
  -> file:///E:/Aptana%20Jaxer%20Apache/Jaxer/Apache2-4Build/jaxer/components/aptEventHandler.js

01:11:09 12/24/2025 [ 15324] [TRACE] [JS Framework] [DB.setDefault] Setting default connection for app: DEFAULT
stack:
  ->  [ModuleLogger.js:98] trace("Setting default connection for app: DEFAULT")
  ->  [DB.js:162] setDefault("DEFAULT",[object Object])
  ->  [ParseStart.js:123] onParseStart([object XPCWrappedNative_NoHelper])
  ->  [CoreEvents.js:293] fireEvent("PARSE_START",[object Array])
  ->  [CoreEvents.js:238] fire("PARSE_START",[object XPCWrappedNative_NoHelper])
  ->  [aptEventHandler.js:306] observe([object XPCWrappedNative_NoHelper],"jaxerEvent.HTMLParseStart",null)
paths:
  -> file:///E:/Aptana%20Jaxer%20Apache/Jaxer/Apache2-4Build/jaxer/framework/src/ModuleLogger.js
  -> file:///E:/Aptana%20Jaxer%20Apache/Jaxer/Apache2-4Build/jaxer/framework/src/DB.js
  -> file:///E:/Aptana%20Jaxer%20Apache/Jaxer/Apache2-4Build/jaxer/framework/src/ParseStart.js
  -> file:///E:/Aptana%20Jaxer%20Apache/Jaxer/Apache2-4Build/jaxer/framework/src/CoreEvents.js
  -> file:///E:/Aptana%20Jaxer%20Apache/Jaxer/Apache2-4Build/jaxer/components/aptEventHandler.js

01:11:09 12/24/2025 [ 15324] [TRACE] [JS Framework] [CoreEvents.fire] At this time, evt.Request.isHandler=false and eventType: NEW_ELEMENT - HTML
stack:
  ->  [ModuleLogger.js:98] trace("At this time, evt.Request.isHandler=false and eventType: NEW_ELEMENT - HTML")
  ->  [CoreEvents.js:205] fire("NEW_ELEMENT",[object XPCWrappedNative_NoHelper],[object HTMLDocument],[object HTMLHtmlElement])
  ->  [aptEventHandler.js:157] observe([object XPCWrappedNative_NoHelper],"jaxerEvent.NewHTMLElement",null)
paths:
  -> file:///E:/Aptana%20Jaxer%20Apache/Jaxer/Apache2-4Build/jaxer/framework/src/ModuleLogger.js
  -> file:///E:/Aptana%20Jaxer%20Apache/Jaxer/Apache2-4Build/jaxer/framework/src/CoreEvents.js
  -> file:///E:/Aptana%20Jaxer%20Apache/Jaxer/Apache2-4Build/jaxer/components/aptEventHandler.js

01:11:09 12/24/2025 [ 15324] [TRACE] [JS Framework] [CoreEvents.fireEvent] Firing an event for NEW_ELEMENT
stack:
  ->  [ModuleLogger.js:98] trace("Firing an event for NEW_ELEMENT")
  ->  [CoreEvents.js:282] fireEvent("NEW_ELEMENT",[object Array])
  ->  [CoreEvents.js:238] fire("NEW_ELEMENT",[object XPCWrappedNative_NoHelper],[object HTMLDocument],[object HTMLHtmlElement])
  ->  [aptEventHandler.js:157] observe([object XPCWrappedNative_NoHelper],"jaxerEvent.NewHTMLElement",null)
paths:
  -> file:///E:/Aptana%20Jaxer%20Apache/Jaxer/Apache2-4Build/jaxer/framework/src/ModuleLogger.js
  -> file:///E:/Aptana%20Jaxer%20Apache/Jaxer/Apache2-4Build/jaxer/framework/src/CoreEvents.js
  -> file:///E:/Aptana%20Jaxer%20Apache/Jaxer/Apache2-4Build/jaxer/components/aptEventHandler.js

01:11:09 12/24/2025 [ 15324] [TRACE] [JS Framework] [CoreEvents.fireEvent] Calling event handler: function onNewElement(evt, doc, elt) {
    switch (elt.tagNa...
stack:
  ->  [ModuleLogger.js:98] trace("Calling event handler: function onNewElement(evt, doc, elt) {\n    switch (elt.tagNa...")
  ->  [CoreEvents.js:292] fireEvent("NEW_ELEMENT",[object Array])
  ->  [CoreEvents.js:238] fire("NEW_ELEMENT",[object XPCWrappedNative_NoHelper],[object HTMLDocument],[object HTMLHtmlElement])
  ->  [aptEventHandler.js:157] observe([object XPCWrappedNative_NoHelper],"jaxerEvent.NewHTMLElement",null)
paths:
  -> file:///E:/Aptana%20Jaxer%20Apache/Jaxer/Apache2-4Build/jaxer/framework/src/ModuleLogger.js
  -> file:///E:/Aptana%20Jaxer%20Apache/Jaxer/Apache2-4Build/jaxer/framework/src/CoreEvents.js
  -> file:///E:/Aptana%20Jaxer%20Apache/Jaxer/Apache2-4Build/jaxer/components/aptEventHandler.js

01:11:09 12/24/2025 [ 15324] [TRACE] [JS Framework] [CoreEvents.fire] At this time, evt.Request.isHandler=false and eventType: NEW_ELEMENT - HEAD
stack:
  ->  [ModuleLogger.js:98] trace("At this time, evt.Request.isHandler=false and eventType: NEW_ELEMENT - HEAD")
  ->  [CoreEvents.js:205] fire("NEW_ELEMENT",[object XPCWrappedNative_NoHelper],[object HTMLDocument],[object HTMLHeadElement])
  ->  [aptEventHandler.js:157] observe([object XPCWrappedNative_NoHelper],"jaxerEvent.NewHTMLElement",null)
paths:
  -> file:///E:/Aptana%20Jaxer%20Apache/Jaxer/Apache2-4Build/jaxer/framework/src/ModuleLogger.js
  -> file:///E:/Aptana%20Jaxer%20Apache/Jaxer/Apache2-4Build/jaxer/framework/src/CoreEvents.js
  -> file:///E:/Aptana%20Jaxer%20Apache/Jaxer/Apache2-4Build/jaxer/components/aptEventHandler.js

01:11:09 12/24/2025 [ 15324] [TRACE] [JS Framework] [CoreEvents.fireEvent] Firing an event for NEW_ELEMENT
stack:
  ->  [ModuleLogger.js:98] trace("Firing an event for NEW_ELEMENT")
  ->  [CoreEvents.js:282] fireEvent("NEW_ELEMENT",[object Array])
  ->  [CoreEvents.js:238] fire("NEW_ELEMENT",[object XPCWrappedNative_NoHelper],[object HTMLDocument],[object HTMLHeadElement])
  ->  [aptEventHandler.js:157] observe([object XPCWrappedNative_NoHelper],"jaxerEvent.NewHTMLElement",null)
paths:
  -> file:///E:/Aptana%20Jaxer%20Apache/Jaxer/Apache2-4Build/jaxer/framework/src/ModuleLogger.js
  -> file:///E:/Aptana%20Jaxer%20Apache/Jaxer/Apache2-4Build/jaxer/framework/src/CoreEvents.js
  -> file:///E:/Aptana%20Jaxer%20Apache/Jaxer/Apache2-4Build/jaxer/components/aptEventHandler.js

01:11:09 12/24/2025 [ 15324] [TRACE] [JS Framework] [CoreEvents.fireEvent] Calling event handler: function onNewElement(evt, doc, elt) {
    switch (elt.tagNa...
stack:
  ->  [ModuleLogger.js:98] trace("Calling event handler: function onNewElement(evt, doc, elt) {\n    switch (elt.tagNa...")
  ->  [CoreEvents.js:292] fireEvent("NEW_ELEMENT",[object Array])
  ->  [CoreEvents.js:238] fire("NEW_ELEMENT",[object XPCWrappedNative_NoHelper],[object HTMLDocument],[object HTMLHeadElement])
  ->  [aptEventHandler.js:157] observe([object XPCWrappedNative_NoHelper],"jaxerEvent.NewHTMLElement",null)
paths:
  -> file:///E:/Aptana%20Jaxer%20Apache/Jaxer/Apache2-4Build/jaxer/framework/src/ModuleLogger.js
  -> file:///E:/Aptana%20Jaxer%20Apache/Jaxer/Apache2-4Build/jaxer/framework/src/CoreEvents.js
  -> file:///E:/Aptana%20Jaxer%20Apache/Jaxer/Apache2-4Build/jaxer/components/aptEventHandler.js

01:11:09 12/24/2025 [ 15324] [TRACE] [JS Framework] [CoreEvents.fire] At this time, evt.Request.isHandler=false and eventType: INIT_HEAD
stack:
  ->  [ModuleLogger.js:98] trace("At this time, evt.Request.isHandler=false and eventType: INIT_HEAD")
  ->  [CoreEvents.js:205] fire("INIT_HEAD",[object XPCWrappedNative_NoHelper],[object HTMLDocument])
  ->  [aptEventHandler.js:139] observe([object XPCWrappedNative_NoHelper],"jaxerEvent.NewHTMLElement",null)
paths:
  -> file:///E:/Aptana%20Jaxer%20Apache/Jaxer/Apache2-4Build/jaxer/framework/src/ModuleLogger.js
  -> file:///E:/Aptana%20Jaxer%20Apache/Jaxer/Apache2-4Build/jaxer/framework/src/CoreEvents.js
  -> file:///E:/Aptana%20Jaxer%20Apache/Jaxer/Apache2-4Build/jaxer/components/aptEventHandler.js

01:11:09 12/24/2025 [ 15324] [TRACE] [JS Framework] [CoreEvents.fireEvent] Firing an event for INIT_HEAD
stack:
  ->  [ModuleLogger.js:98] trace("Firing an event for INIT_HEAD")
  ->  [CoreEvents.js:282] fireEvent("INIT_HEAD",[object Array])
  ->  [CoreEvents.js:238] fire("INIT_HEAD",[object XPCWrappedNative_NoHelper],[object HTMLDocument])
  ->  [aptEventHandler.js:139] observe([object XPCWrappedNative_NoHelper],"jaxerEvent.NewHTMLElement",null)
paths:
  -> file:///E:/Aptana%20Jaxer%20Apache/Jaxer/Apache2-4Build/jaxer/framework/src/ModuleLogger.js
  -> file:///E:/Aptana%20Jaxer%20Apache/Jaxer/Apache2-4Build/jaxer/framework/src/CoreEvents.js
  -> file:///E:/Aptana%20Jaxer%20Apache/Jaxer/Apache2-4Build/jaxer/components/aptEventHandler.js

01:11:09 12/24/2025 [ 15324] [TRACE] [JS Framework] [CoreEvents.fireEvent] Calling event handler: function onInitHead(evt, doc) {
    Jaxer.load = function lo...
stack:
  ->  [ModuleLogger.js:98] trace("Calling event handler: function onInitHead(evt, doc) {\n    Jaxer.load = function lo...")
  ->  [CoreEvents.js:292] fireEvent("INIT_HEAD",[object Array])
  ->  [CoreEvents.js:238] fire("INIT_HEAD",[object XPCWrappedNative_NoHelper],[object HTMLDocument])
  ->  [aptEventHandler.js:139] observe([object XPCWrappedNative_NoHelper],"jaxerEvent.NewHTMLElement",null)
paths:
  -> file:///E:/Aptana%20Jaxer%20Apache/Jaxer/Apache2-4Build/jaxer/framework/src/ModuleLogger.js
  -> file:///E:/Aptana%20Jaxer%20Apache/Jaxer/Apache2-4Build/jaxer/framework/src/CoreEvents.js
  -> file:///E:/Aptana%20Jaxer%20Apache/Jaxer/Apache2-4Build/jaxer/components/aptEventHandler.js

01:11:09 12/24/2025 [ 15324] [TRACE] [JS Framework] [Includer.evalOn] Evaluating using Jaxer.request.evaluateScript: contents = (function ... with global = [object ChromeWindow] and effectiveUrl = undefined
stack:
  ->  [ModuleLogger.js:98] trace("Evaluating using Jaxer.request.evaluateScript: contents = (function ... with global = [object ChromeWindow] and effectiveUrl = undefined")
  ->  [Includer.js:131] evalOn("(function extendDomSetters(global) {if (global.HTMLInputElement) {var inputValueSetter = global.HTMLInputElement.prototype.__lookupSetter__(\"value\");global.HTMLInputElement.prototype.__defineSetter__(\"value\", function (val) {inputValueSetter.call(this, val);this.setAttribute(\"value\", val);});var inputCheckedSetter = global.HTMLInputElement.prototype.__lookupSetter__(\"checked\");global.HTMLInputElement.prototype.__defineSetter__(\"checked\", function (val) {inputCheckedSetter.call(this, val);if (val) {this.setAttribute(\"checked\", null);} else {this.removeAttribute(\"checked\");}});}if (global.HTMLTextAreaElement) {var textAreaValueSetter = global.HTMLTextAreaElement.prototype.__lookupSetter__(\"value\");global.HTMLTextAreaElement.prototype.__defineSetter__(\"value\", function (val) {textAreaValueSetter.call(this, val);this.textContent = val;});}if (global.HTMLSelectElement) {var selectSelectedIndexSetter = global.HTMLSelectElement.prototype.__lookupSetter__(\"selectedIndex\");global.HTMLSelectElement.prototype.__defineSetter__(\"selectedIndex\", function (index) {selectSelectedIndexSetter.call(this, index);var option = this.options[index];if (option) {for (var i = 0, len = this.options.length; i < len; i++) {if (i == index) {this.options[i].setAttribute(\"selected\", null);} else {this.options[i].removeAttribute(\"selected\");}}}});}if (global.HTMLOptionElement) {var optionSelectedSetter = global.HTMLOptionElement.prototype.__lookupSetter__(\"selected\");global.HTMLOptionElement.prototype.__defineSetter__(\"selected\", function (val) {optionSelectedSetter.call(this, val);if (val) {this.setAttribute(\"selected\", null);} else {this.removeAttribute(\"selected\");}});}})(document.defaultView)",[object ChromeWindow])
  ->  [Overrides.js:370] applyAll([object ChromeWindow])
  ->  [InitHead.js:78] onInitHead([object XPCWrappedNative_NoHelper],[object HTMLDocument])
  ->  [CoreEvents.js:293] fireEvent("INIT_HEAD",[object Array])
  ->  [CoreEvents.js:238] fire("INIT_HEAD",[object XPCWrappedNative_NoHelper],[object HTMLDocument])
  ->  [aptEventHandler.js:139] observe([object XPCWrappedNative_NoHelper],"jaxerEvent.NewHTMLElement",null)
paths:
  -> file:///E:/Aptana%20Jaxer%20Apache/Jaxer/Apache2-4Build/jaxer/framework/src/ModuleLogger.js
  -> file:///E:/Aptana%20Jaxer%20Apache/Jaxer/Apache2-4Build/jaxer/framework/src/Includer.js
  -> file:///E:/Aptana%20Jaxer%20Apache/Jaxer/Apache2-4Build/jaxer/framework/src/Overrides.js
  -> file:///E:/Aptana%20Jaxer%20Apache/Jaxer/Apache2-4Build/jaxer/framework/src/InitHead.js
  -> file:///E:/Aptana%20Jaxer%20Apache/Jaxer/Apache2-4Build/jaxer/framework/src/CoreEvents.js
  -> file:///E:/Aptana%20Jaxer%20Apache/Jaxer/Apache2-4Build/jaxer/components/aptEventHandler.js

01:11:09 12/24/2025 [ 15324] [TRACE] [JS Framework] [CoreEvents.fire] At this time, evt.Request.isHandler=false and eventType: NEW_ELEMENT - BODY
stack:
  ->  [ModuleLogger.js:98] trace("At this time, evt.Request.isHandler=false and eventType: NEW_ELEMENT - BODY")
  ->  [CoreEvents.js:205] fire("NEW_ELEMENT",[object XPCWrappedNative_NoHelper],[object HTMLDocument],[object HTMLBodyElement])
  ->  [aptEventHandler.js:157] observe([object XPCWrappedNative_NoHelper],"jaxerEvent.NewHTMLElement",null)
paths:
  -> file:///E:/Aptana%20Jaxer%20Apache/Jaxer/Apache2-4Build/jaxer/framework/src/ModuleLogger.js
  -> file:///E:/Aptana%20Jaxer%20Apache/Jaxer/Apache2-4Build/jaxer/framework/src/CoreEvents.js
  -> file:///E:/Aptana%20Jaxer%20Apache/Jaxer/Apache2-4Build/jaxer/components/aptEventHandler.js

01:11:09 12/24/2025 [ 15324] [TRACE] [JS Framework] [CoreEvents.fireEvent] Firing an event for NEW_ELEMENT
stack:
  ->  [ModuleLogger.js:98] trace("Firing an event for NEW_ELEMENT")
  ->  [CoreEvents.js:282] fireEvent("NEW_ELEMENT",[object Array])
  ->  [CoreEvents.js:238] fire("NEW_ELEMENT",[object XPCWrappedNative_NoHelper],[object HTMLDocument],[object HTMLBodyElement])
  ->  [aptEventHandler.js:157] observe([object XPCWrappedNative_NoHelper],"jaxerEvent.NewHTMLElement",null)
paths:
  -> file:///E:/Aptana%20Jaxer%20Apache/Jaxer/Apache2-4Build/jaxer/framework/src/ModuleLogger.js
  -> file:///E:/Aptana%20Jaxer%20Apache/Jaxer/Apache2-4Build/jaxer/framework/src/CoreEvents.js
  -> file:///E:/Aptana%20Jaxer%20Apache/Jaxer/Apache2-4Build/jaxer/components/aptEventHandler.js

01:11:09 12/24/2025 [ 15324] [TRACE] [JS Framework] [CoreEvents.fireEvent] Calling event handler: function onNewElement(evt, doc, elt) {
    switch (elt.tagNa...
stack:
  ->  [ModuleLogger.js:98] trace("Calling event handler: function onNewElement(evt, doc, elt) {\n    switch (elt.tagNa...")
  ->  [CoreEvents.js:292] fireEvent("NEW_ELEMENT",[object Array])
  ->  [CoreEvents.js:238] fire("NEW_ELEMENT",[object XPCWrappedNative_NoHelper],[object HTMLDocument],[object HTMLBodyElement])
  ->  [aptEventHandler.js:157] observe([object XPCWrappedNative_NoHelper],"jaxerEvent.NewHTMLElement",null)
paths:
  -> file:///E:/Aptana%20Jaxer%20Apache/Jaxer/Apache2-4Build/jaxer/framework/src/ModuleLogger.js
  -> file:///E:/Aptana%20Jaxer%20Apache/Jaxer/Apache2-4Build/jaxer/framework/src/CoreEvents.js
  -> file:///E:/Aptana%20Jaxer%20Apache/Jaxer/Apache2-4Build/jaxer/components/aptEventHandler.js

01:11:09 12/24/2025 [ 15324] [TRACE] [JS Framework] [CoreEvents.fire] At this time, evt.Request.isHandler=false and eventType: PARSE_COMPLETE
stack:
  ->  [ModuleLogger.js:98] trace("At this time, evt.Request.isHandler=false and eventType: PARSE_COMPLETE")
  ->  [CoreEvents.js:205] fire("PARSE_COMPLETE",[object XPCWrappedNative_NoHelper],[object HTMLDocument])
  ->  [aptEventHandler.js:337] observe([object XPCWrappedNative_NoHelper],"jaxerEvent.HTMLParseComplete",null)
paths:
  -> file:///E:/Aptana%20Jaxer%20Apache/Jaxer/Apache2-4Build/jaxer/framework/src/ModuleLogger.js
  -> file:///E:/Aptana%20Jaxer%20Apache/Jaxer/Apache2-4Build/jaxer/framework/src/CoreEvents.js
  -> file:///E:/Aptana%20Jaxer%20Apache/Jaxer/Apache2-4Build/jaxer/components/aptEventHandler.js

01:11:09 12/24/2025 [ 15324] [TRACE] [JS Framework] [CoreEvents.fireEvent] Firing an event for HANDLE_PAGE
stack:
  ->  [ModuleLogger.js:98] trace("Firing an event for HANDLE_PAGE")
  ->  [CoreEvents.js:282] fireEvent("HANDLE_PAGE",[object Array])
  ->  [CoreEvents.js:234] fire("PARSE_COMPLETE",[object XPCWrappedNative_NoHelper],[object HTMLDocument])
  ->  [aptEventHandler.js:337] observe([object XPCWrappedNative_NoHelper],"jaxerEvent.HTMLParseComplete",null)
paths:
  -> file:///E:/Aptana%20Jaxer%20Apache/Jaxer/Apache2-4Build/jaxer/framework/src/ModuleLogger.js
  -> file:///E:/Aptana%20Jaxer%20Apache/Jaxer/Apache2-4Build/jaxer/framework/src/CoreEvents.js
  -> file:///E:/Aptana%20Jaxer%20Apache/Jaxer/Apache2-4Build/jaxer/components/aptEventHandler.js

01:11:09 12/24/2025 [ 15324] [TRACE] [JS Framework] [CoreEvents.fireEvent] Calling event handler: function onHandlePage(evt, doc) {
    if (checkErrors(doc)) ...
stack:
  ->  [ModuleLogger.js:98] trace("Calling event handler: function onHandlePage(evt, doc) {\n    if (checkErrors(doc)) ...")
  ->  [CoreEvents.js:292] fireEvent("HANDLE_PAGE",[object Array])
  ->  [CoreEvents.js:234] fire("PARSE_COMPLETE",[object XPCWrappedNative_NoHelper],[object HTMLDocument])
  ->  [aptEventHandler.js:337] observe([object XPCWrappedNative_NoHelper],"jaxerEvent.HTMLParseComplete",null)
paths:
  -> file:///E:/Aptana%20Jaxer%20Apache/Jaxer/Apache2-4Build/jaxer/framework/src/ModuleLogger.js
  -> file:///E:/Aptana%20Jaxer%20Apache/Jaxer/Apache2-4Build/jaxer/framework/src/CoreEvents.js
  -> file:///E:/Aptana%20Jaxer%20Apache/Jaxer/Apache2-4Build/jaxer/components/aptEventHandler.js

01:11:09 12/24/2025 [ 15324] [TRACE] [JS Framework] [HandlePage.onHandlePage] Processing onserverload with doc = [object HTMLDocument]
stack:
  ->  [ModuleLogger.js:98] trace("Processing onserverload with doc = [object HTMLDocument]")
  ->  [HandlePage.js:58] onHandlePage([object XPCWrappedNative_NoHelper],[object HTMLDocument])
  ->  [CoreEvents.js:293] fireEvent("HANDLE_PAGE",[object Array])
  ->  [CoreEvents.js:234] fire("PARSE_COMPLETE",[object XPCWrappedNative_NoHelper],[object HTMLDocument])
  ->  [aptEventHandler.js:337] observe([object XPCWrappedNative_NoHelper],"jaxerEvent.HTMLParseComplete",null)
paths:
  -> file:///E:/Aptana%20Jaxer%20Apache/Jaxer/Apache2-4Build/jaxer/framework/src/ModuleLogger.js
  -> file:///E:/Aptana%20Jaxer%20Apache/Jaxer/Apache2-4Build/jaxer/framework/src/HandlePage.js
  -> file:///E:/Aptana%20Jaxer%20Apache/Jaxer/Apache2-4Build/jaxer/framework/src/CoreEvents.js
  -> file:///E:/Aptana%20Jaxer%20Apache/Jaxer/Apache2-4Build/jaxer/components/aptEventHandler.js

01:11:09 12/24/2025 [ 15324] [TRACE] [JS Framework] [HandlePage.processLoadEvent] Processing load event 'serverload' with doc = [object HTMLDocument]
stack:
  ->  [ModuleLogger.js:98] trace("Processing load event 'serverload' with doc = [object HTMLDocument]")
  ->  [HandlePage.js:258] processLoadEvent("serverload",[object HTMLDocument],true)
  ->  [HandlePage.js:222] processOnServerLoad([object HTMLDocument])
  ->  [HandlePage.js:59] onHandlePage([object XPCWrappedNative_NoHelper],[object HTMLDocument])
  ->  [CoreEvents.js:293] fireEvent("HANDLE_PAGE",[object Array])
  ->  [CoreEvents.js:234] fire("PARSE_COMPLETE",[object XPCWrappedNative_NoHelper],[object HTMLDocument])
  ->  [aptEventHandler.js:337] observe([object XPCWrappedNative_NoHelper],"jaxerEvent.HTMLParseComplete",null)
paths:
  -> file:///E:/Aptana%20Jaxer%20Apache/Jaxer/Apache2-4Build/jaxer/framework/src/ModuleLogger.js
  -> file:///E:/Aptana%20Jaxer%20Apache/Jaxer/Apache2-4Build/jaxer/framework/src/HandlePage.js
  -> file:///E:/Aptana%20Jaxer%20Apache/Jaxer/Apache2-4Build/jaxer/framework/src/CoreEvents.js
  -> file:///E:/Aptana%20Jaxer%20Apache/Jaxer/Apache2-4Build/jaxer/components/aptEventHandler.js

01:11:09 12/24/2025 [ 15324] [TRACE] [JS Framework] [HandlePage.processLoadEvent] Processing load event 'load' with doc = [object HTMLDocument]
stack:
  ->  [ModuleLogger.js:98] trace("Processing load event 'load' with doc = [object HTMLDocument]")
  ->  [HandlePage.js:258] processLoadEvent("load",[object HTMLDocument],false)
  ->  [HandlePage.js:227] processOnServerLoad([object HTMLDocument])
  ->  [HandlePage.js:59] onHandlePage([object XPCWrappedNative_NoHelper],[object HTMLDocument])
  ->  [CoreEvents.js:293] fireEvent("HANDLE_PAGE",[object Array])
  ->  [CoreEvents.js:234] fire("PARSE_COMPLETE",[object XPCWrappedNative_NoHelper],[object HTMLDocument])
  ->  [aptEventHandler.js:337] observe([object XPCWrappedNative_NoHelper],"jaxerEvent.HTMLParseComplete",null)
paths:
  -> file:///E:/Aptana%20Jaxer%20Apache/Jaxer/Apache2-4Build/jaxer/framework/src/ModuleLogger.js
  -> file:///E:/Aptana%20Jaxer%20Apache/Jaxer/Apache2-4Build/jaxer/framework/src/HandlePage.js
  -> file:///E:/Aptana%20Jaxer%20Apache/Jaxer/Apache2-4Build/jaxer/framework/src/CoreEvents.js
  -> file:///E:/Aptana%20Jaxer%20Apache/Jaxer/Apache2-4Build/jaxer/components/aptEventHandler.js

01:11:09 12/24/2025 [ 15324] [DEBUG] [JS Framework] [HandlePage.onHandlePage] Script processing starting
stack:
  ->  [ModuleLogger.js:98] debug("Script processing starting")
  ->  [HandlePage.js:62] onHandlePage([object XPCWrappedNative_NoHelper],[object HTMLDocument])
  ->  [CoreEvents.js:293] fireEvent("HANDLE_PAGE",[object Array])
  ->  [CoreEvents.js:234] fire("PARSE_COMPLETE",[object XPCWrappedNative_NoHelper],[object HTMLDocument])
  ->  [aptEventHandler.js:337] observe([object XPCWrappedNative_NoHelper],"jaxerEvent.HTMLParseComplete",null)
paths:
  -> file:///E:/Aptana%20Jaxer%20Apache/Jaxer/Apache2-4Build/jaxer/framework/src/ModuleLogger.js
  -> file:///E:/Aptana%20Jaxer%20Apache/Jaxer/Apache2-4Build/jaxer/framework/src/HandlePage.js
  -> file:///E:/Aptana%20Jaxer%20Apache/Jaxer/Apache2-4Build/jaxer/framework/src/CoreEvents.js
  -> file:///E:/Aptana%20Jaxer%20Apache/Jaxer/Apache2-4Build/jaxer/components/aptEventHandler.js

01:11:09 12/24/2025 [ 15324] [DEBUG] [JS Framework] [CallbackManager.processScriptElements] Found 0 script blocks to conditionally post-process
stack:
  ->  [ModuleLogger.js:98] debug("Found 0 script blocks to conditionally post-process")
  ->  [CallbackManager.js:505] processScriptElements([object Object])
  ->  [CallbackManager.js:67] processCallbacks([object HTMLDocument])
  ->  [HandlePage.js:63] onHandlePage([object XPCWrappedNative_NoHelper],[object HTMLDocument])
  ->  [CoreEvents.js:293] fireEvent("HANDLE_PAGE",[object Array])
  ->  [CoreEvents.js:234] fire("PARSE_COMPLETE",[object XPCWrappedNative_NoHelper],[object HTMLDocument])
  ->  [aptEventHandler.js:337] observe([object XPCWrappedNative_NoHelper],"jaxerEvent.HTMLParseComplete",null)
paths:
  -> file:///E:/Aptana%20Jaxer%20Apache/Jaxer/Apache2-4Build/jaxer/framework/src/ModuleLogger.js
  -> file:///E:/Aptana%20Jaxer%20Apache/Jaxer/Apache2-4Build/jaxer/framework/src/CallbackManager.js
  -> file:///E:/Aptana%20Jaxer%20Apache/Jaxer/Apache2-4Build/jaxer/framework/src/HandlePage.js
  -> file:///E:/Aptana%20Jaxer%20Apache/Jaxer/Apache2-4Build/jaxer/framework/src/CoreEvents.js
  -> file:///E:/Aptana%20Jaxer%20Apache/Jaxer/Apache2-4Build/jaxer/components/aptEventHandler.js

01:11:09 12/24/2025 [ 15324] [TRACE] [JS Framework] [CallbackManager.cacheServerFunctions] Going to cache 0 functions...
stack:
  ->  [ModuleLogger.js:98] trace("Going to cache 0 functions...")
  ->  [CallbackManager.js:91] cacheServerFunctions([object Object])
  ->  [CallbackManager.js:73] processCallbacks([object HTMLDocument])
  ->  [HandlePage.js:63] onHandlePage([object XPCWrappedNative_NoHelper],[object HTMLDocument])
  ->  [CoreEvents.js:293] fireEvent("HANDLE_PAGE",[object Array])
  ->  [CoreEvents.js:234] fire("PARSE_COMPLETE",[object XPCWrappedNative_NoHelper],[object HTMLDocument])
  ->  [aptEventHandler.js:337] observe([object XPCWrappedNative_NoHelper],"jaxerEvent.HTMLParseComplete",null)
paths:
  -> file:///E:/Aptana%20Jaxer%20Apache/Jaxer/Apache2-4Build/jaxer/framework/src/ModuleLogger.js
  -> file:///E:/Aptana%20Jaxer%20Apache/Jaxer/Apache2-4Build/jaxer/framework/src/CallbackManager.js
  -> file:///E:/Aptana%20Jaxer%20Apache/Jaxer/Apache2-4Build/jaxer/framework/src/HandlePage.js
  -> file:///E:/Aptana%20Jaxer%20Apache/Jaxer/Apache2-4Build/jaxer/framework/src/CoreEvents.js
  -> file:///E:/Aptana%20Jaxer%20Apache/Jaxer/Apache2-4Build/jaxer/components/aptEventHandler.js

01:11:09 12/24/2025 [ 15324] [DEBUG] [JS Framework] [HandlePage.onHandlePage] Script processing complete
stack:
  ->  [ModuleLogger.js:98] debug("Script processing complete")
  ->  [HandlePage.js:64] onHandlePage([object XPCWrappedNative_NoHelper],[object HTMLDocument])
  ->  [CoreEvents.js:293] fireEvent("HANDLE_PAGE",[object Array])
  ->  [CoreEvents.js:234] fire("PARSE_COMPLETE",[object XPCWrappedNative_NoHelper],[object HTMLDocument])
  ->  [aptEventHandler.js:337] observe([object XPCWrappedNative_NoHelper],"jaxerEvent.HTMLParseComplete",null)
paths:
  -> file:///E:/Aptana%20Jaxer%20Apache/Jaxer/Apache2-4Build/jaxer/framework/src/ModuleLogger.js
  -> file:///E:/Aptana%20Jaxer%20Apache/Jaxer/Apache2-4Build/jaxer/framework/src/HandlePage.js
  -> file:///E:/Aptana%20Jaxer%20Apache/Jaxer/Apache2-4Build/jaxer/framework/src/CoreEvents.js
  -> file:///E:/Aptana%20Jaxer%20Apache/Jaxer/Apache2-4Build/jaxer/components/aptEventHandler.js

01:11:09 12/24/2025 [ 15324] [TRACE] [JS Framework] [HandlePage.processLoadEvent] Processing load event 'aftercallbackprocessing' with doc = [object HTMLDocument]
stack:
  ->  [ModuleLogger.js:98] trace("Processing load event 'aftercallbackprocessing' with doc = [object HTMLDocument]")
  ->  [HandlePage.js:258] processLoadEvent("aftercallbackprocessing",[object HTMLDocument],true)
  ->  [HandlePage.js:241] processAfterCallbackProcessing([object HTMLDocument])
  ->  [HandlePage.js:66] onHandlePage([object XPCWrappedNative_NoHelper],[object HTMLDocument])
  ->  [CoreEvents.js:293] fireEvent("HANDLE_PAGE",[object Array])
  ->  [CoreEvents.js:234] fire("PARSE_COMPLETE",[object XPCWrappedNative_NoHelper],[object HTMLDocument])
  ->  [aptEventHandler.js:337] observe([object XPCWrappedNative_NoHelper],"jaxerEvent.HTMLParseComplete",null)
paths:
  -> file:///E:/Aptana%20Jaxer%20Apache/Jaxer/Apache2-4Build/jaxer/framework/src/ModuleLogger.js
  -> file:///E:/Aptana%20Jaxer%20Apache/Jaxer/Apache2-4Build/jaxer/framework/src/HandlePage.js
  -> file:///E:/Aptana%20Jaxer%20Apache/Jaxer/Apache2-4Build/jaxer/framework/src/CoreEvents.js
  -> file:///E:/Aptana%20Jaxer%20Apache/Jaxer/Apache2-4Build/jaxer/components/aptEventHandler.js

01:11:09 12/24/2025 [ 15324] [DEBUG] [JS Framework] [SessionManager.keyToResponse] Saving session key to the client via cookie JaxerSessionId$$localhost:8081: 176589175647709027719934159097
stack:
  ->  [ModuleLogger.js:98] debug("Saving session key to the client via cookie JaxerSessionId$$localhost:8081: 176589175647709027719934159097")
  ->  [SessionManager.js:82] keyToResponse("localhost:8081","176589175647709027719934159097")
  ->  [Container.js:614] persistAll([object HTMLDocument])
  ->  [HandlePage.js:73] onHandlePage([object XPCWrappedNative_NoHelper],[object HTMLDocument])
  ->  [CoreEvents.js:293] fireEvent("HANDLE_PAGE",[object Array])
  ->  [CoreEvents.js:234] fire("PARSE_COMPLETE",[object XPCWrappedNative_NoHelper],[object HTMLDocument])
  ->  [aptEventHandler.js:337] observe([object XPCWrappedNative_NoHelper],"jaxerEvent.HTMLParseComplete",null)
paths:
  -> file:///E:/Aptana%20Jaxer%20Apache/Jaxer/Apache2-4Build/jaxer/framework/src/ModuleLogger.js
  -> file:///E:/Aptana%20Jaxer%20Apache/Jaxer/Apache2-4Build/jaxer/framework/src/SessionManager.js
  -> file:///E:/Aptana%20Jaxer%20Apache/Jaxer/Apache2-4Build/jaxer/framework/src/Container.js
  -> file:///E:/Aptana%20Jaxer%20Apache/Jaxer/Apache2-4Build/jaxer/framework/src/HandlePage.js
  -> file:///E:/Aptana%20Jaxer%20Apache/Jaxer/Apache2-4Build/jaxer/framework/src/CoreEvents.js
  -> file:///E:/Aptana%20Jaxer%20Apache/Jaxer/Apache2-4Build/jaxer/components/aptEventHandler.js

01:11:09 12/24/2025 [ 15324] [TRACE] [JS Framework] [Container.persist] For container APPLICATION:localhost:8081: Persisting
stack:
  ->  [ModuleLogger.js:98] trace("For container APPLICATION:localhost:8081: Persisting")
  ->  [Container.js:313] persist()
  ->  [Container.js:620] persistAll([object HTMLDocument])
  ->  [HandlePage.js:73] onHandlePage([object XPCWrappedNative_NoHelper],[object HTMLDocument])
  ->  [CoreEvents.js:293] fireEvent("HANDLE_PAGE",[object Array])
  ->  [CoreEvents.js:234] fire("PARSE_COMPLETE",[object XPCWrappedNative_NoHelper],[object HTMLDocument])
  ->  [aptEventHandler.js:337] observe([object XPCWrappedNative_NoHelper],"jaxerEvent.HTMLParseComplete",null)
paths:
  -> file:///E:/Aptana%20Jaxer%20Apache/Jaxer/Apache2-4Build/jaxer/framework/src/ModuleLogger.js
  -> file:///E:/Aptana%20Jaxer%20Apache/Jaxer/Apache2-4Build/jaxer/framework/src/Container.js
  -> file:///E:/Aptana%20Jaxer%20Apache/Jaxer/Apache2-4Build/jaxer/framework/src/HandlePage.js
  -> file:///E:/Aptana%20Jaxer%20Apache/Jaxer/Apache2-4Build/jaxer/framework/src/CoreEvents.js
  -> file:///E:/Aptana%20Jaxer%20Apache/Jaxer/Apache2-4Build/jaxer/components/aptEventHandler.js

01:11:09 12/24/2025 [ 15324] [TRACE] [JS Framework] [Container.persist] For container PAGE:localhost:8081/aptana/modal_window.html: Persisting
stack:
  ->  [ModuleLogger.js:98] trace("For container PAGE:localhost:8081/aptana/modal_window.html: Persisting")
  ->  [Container.js:313] persist()
  ->  [Container.js:620] persistAll([object HTMLDocument])
  ->  [HandlePage.js:73] onHandlePage([object XPCWrappedNative_NoHelper],[object HTMLDocument])
  ->  [CoreEvents.js:293] fireEvent("HANDLE_PAGE",[object Array])
  ->  [CoreEvents.js:234] fire("PARSE_COMPLETE",[object XPCWrappedNative_NoHelper],[object HTMLDocument])
  ->  [aptEventHandler.js:337] observe([object XPCWrappedNative_NoHelper],"jaxerEvent.HTMLParseComplete",null)
paths:
  -> file:///E:/Aptana%20Jaxer%20Apache/Jaxer/Apache2-4Build/jaxer/framework/src/ModuleLogger.js
  -> file:///E:/Aptana%20Jaxer%20Apache/Jaxer/Apache2-4Build/jaxer/framework/src/Container.js
  -> file:///E:/Aptana%20Jaxer%20Apache/Jaxer/Apache2-4Build/jaxer/framework/src/HandlePage.js
  -> file:///E:/Aptana%20Jaxer%20Apache/Jaxer/Apache2-4Build/jaxer/framework/src/CoreEvents.js
  -> file:///E:/Aptana%20Jaxer%20Apache/Jaxer/Apache2-4Build/jaxer/components/aptEventHandler.js

01:11:09 12/24/2025 [ 15324] [TRACE] [JS Framework] [Container.persist] For container SESSION:176589175647709027719934159097: Persisting
stack:
  ->  [ModuleLogger.js:98] trace("For container SESSION:176589175647709027719934159097: Persisting")
  ->  [Container.js:313] persist()
  ->  [Container.js:620] persistAll([object HTMLDocument])
  ->  [HandlePage.js:73] onHandlePage([object XPCWrappedNative_NoHelper],[object HTMLDocument])
  ->  [CoreEvents.js:293] fireEvent("HANDLE_PAGE",[object Array])
  ->  [CoreEvents.js:234] fire("PARSE_COMPLETE",[object XPCWrappedNative_NoHelper],[object HTMLDocument])
  ->  [aptEventHandler.js:337] observe([object XPCWrappedNative_NoHelper],"jaxerEvent.HTMLParseComplete",null)
paths:
  -> file:///E:/Aptana%20Jaxer%20Apache/Jaxer/Apache2-4Build/jaxer/framework/src/ModuleLogger.js
  -> file:///E:/Aptana%20Jaxer%20Apache/Jaxer/Apache2-4Build/jaxer/framework/src/Container.js
  -> file:///E:/Aptana%20Jaxer%20Apache/Jaxer/Apache2-4Build/jaxer/framework/src/HandlePage.js
  -> file:///E:/Aptana%20Jaxer%20Apache/Jaxer/Apache2-4Build/jaxer/framework/src/CoreEvents.js
  -> file:///E:/Aptana%20Jaxer%20Apache/Jaxer/Apache2-4Build/jaxer/components/aptEventHandler.js

01:11:09 12/24/2025 [ 15324] [TRACE] [JS Framework] [Container.persist] For container SESSION_PAGE:176589175647709027719934159097$$localhost:8081/aptana/modal_window.html: Persisting
stack:
  ->  [ModuleLogger.js:98] trace("For container SESSION_PAGE:176589175647709027719934159097$$localhost:8081/aptana/modal_window.html: Persisting")
  ->  [Container.js:313] persist()
  ->  [Container.js:620] persistAll([object HTMLDocument])
  ->  [HandlePage.js:73] onHandlePage([object XPCWrappedNative_NoHelper],[object HTMLDocument])
  ->  [CoreEvents.js:293] fireEvent("HANDLE_PAGE",[object Array])
  ->  [CoreEvents.js:234] fire("PARSE_COMPLETE",[object XPCWrappedNative_NoHelper],[object HTMLDocument])
  ->  [aptEventHandler.js:337] observe([object XPCWrappedNative_NoHelper],"jaxerEvent.HTMLParseComplete",null)
paths:
  -> file:///E:/Aptana%20Jaxer%20Apache/Jaxer/Apache2-4Build/jaxer/framework/src/ModuleLogger.js
  -> file:///E:/Aptana%20Jaxer%20Apache/Jaxer/Apache2-4Build/jaxer/framework/src/Container.js
  -> file:///E:/Aptana%20Jaxer%20Apache/Jaxer/Apache2-4Build/jaxer/framework/src/HandlePage.js
  -> file:///E:/Aptana%20Jaxer%20Apache/Jaxer/Apache2-4Build/jaxer/framework/src/CoreEvents.js
  -> file:///E:/Aptana%20Jaxer%20Apache/Jaxer/Apache2-4Build/jaxer/components/aptEventHandler.js

01:11:09 12/24/2025 [ 15324] [TRACE] [JS Framework] [HandlePage.onHandlePage] Containers persisted
stack:
  ->  [ModuleLogger.js:98] trace("Containers persisted")
  ->  [HandlePage.js:74] onHandlePage([object XPCWrappedNative_NoHelper],[object HTMLDocument])
  ->  [CoreEvents.js:293] fireEvent("HANDLE_PAGE",[object Array])
  ->  [CoreEvents.js:234] fire("PARSE_COMPLETE",[object XPCWrappedNative_NoHelper],[object HTMLDocument])
  ->  [aptEventHandler.js:337] observe([object XPCWrappedNative_NoHelper],"jaxerEvent.HTMLParseComplete",null)
paths:
  -> file:///E:/Aptana%20Jaxer%20Apache/Jaxer/Apache2-4Build/jaxer/framework/src/ModuleLogger.js
  -> file:///E:/Aptana%20Jaxer%20Apache/Jaxer/Apache2-4Build/jaxer/framework/src/HandlePage.js
  -> file:///E:/Aptana%20Jaxer%20Apache/Jaxer/Apache2-4Build/jaxer/framework/src/CoreEvents.js
  -> file:///E:/Aptana%20Jaxer%20Apache/Jaxer/Apache2-4Build/jaxer/components/aptEventHandler.js

01:11:09 12/24/2025 [ 15324] [TRACE] [JS Framework] [Response.useOriginalContents] Jaxer did not end up modifying this page or having any (known) side-effects - using original response in lieu of a Jaxer-generated one
stack:
  ->  [ModuleLogger.js:98] trace("Jaxer did not end up modifying this page or having any (known) side-effects - using original response in lieu of a Jaxer-generated one")
  ->  [Response.js:540] useOriginalContents()
  ->  [HandlePage.js:197] onHandlePage([object XPCWrappedNative_NoHelper],[object HTMLDocument])
  ->  [CoreEvents.js:293] fireEvent("HANDLE_PAGE",[object Array])
  ->  [CoreEvents.js:234] fire("PARSE_COMPLETE",[object XPCWrappedNative_NoHelper],[object HTMLDocument])
  ->  [aptEventHandler.js:337] observe([object XPCWrappedNative_NoHelper],"jaxerEvent.HTMLParseComplete",null)
paths:
  -> file:///E:/Aptana%20Jaxer%20Apache/Jaxer/Apache2-4Build/jaxer/framework/src/ModuleLogger.js
  -> file:///E:/Aptana%20Jaxer%20Apache/Jaxer/Apache2-4Build/jaxer/framework/src/Response.js
  -> file:///E:/Aptana%20Jaxer%20Apache/Jaxer/Apache2-4Build/jaxer/framework/src/HandlePage.js
  -> file:///E:/Aptana%20Jaxer%20Apache/Jaxer/Apache2-4Build/jaxer/framework/src/CoreEvents.js
  -> file:///E:/Aptana%20Jaxer%20Apache/Jaxer/Apache2-4Build/jaxer/components/aptEventHandler.js

01:11:09 12/24/2025 [ 15324] [TRACE] [JS Framework] [CoreEvents.fireEvent] Firing an event for PARSE_COMPLETE
stack:
  ->  [ModuleLogger.js:98] trace("Firing an event for PARSE_COMPLETE")
  ->  [CoreEvents.js:282] fireEvent("PARSE_COMPLETE",[object Array])
  ->  [CoreEvents.js:238] fire("PARSE_COMPLETE",[object XPCWrappedNative_NoHelper],[object HTMLDocument])
  ->  [aptEventHandler.js:337] observe([object XPCWrappedNative_NoHelper],"jaxerEvent.HTMLParseComplete",null)
paths:
  -> file:///E:/Aptana%20Jaxer%20Apache/Jaxer/Apache2-4Build/jaxer/framework/src/ModuleLogger.js
  -> file:///E:/Aptana%20Jaxer%20Apache/Jaxer/Apache2-4Build/jaxer/framework/src/CoreEvents.js
  -> file:///E:/Aptana%20Jaxer%20Apache/Jaxer/Apache2-4Build/jaxer/components/aptEventHandler.js

01:11:09 12/24/2025 [ 15324] [TRACE] [JS Framework] [CoreEvents.fireEvent] Calling event handler: function onParseComplete(evt, doc) {
    Jaxer.__tempLoad.cl...
stack:
  ->  [ModuleLogger.js:98] trace("Calling event handler: function onParseComplete(evt, doc) {\n    Jaxer.__tempLoad.cl...")
  ->  [CoreEvents.js:292] fireEvent("PARSE_COMPLETE",[object Array])
  ->  [CoreEvents.js:238] fire("PARSE_COMPLETE",[object XPCWrappedNative_NoHelper],[object HTMLDocument])
  ->  [aptEventHandler.js:337] observe([object XPCWrappedNative_NoHelper],"jaxerEvent.HTMLParseComplete",null)
paths:
  -> file:///E:/Aptana%20Jaxer%20Apache/Jaxer/Apache2-4Build/jaxer/framework/src/ModuleLogger.js
  -> file:///E:/Aptana%20Jaxer%20Apache/Jaxer/Apache2-4Build/jaxer/framework/src/CoreEvents.js
  -> file:///E:/Aptana%20Jaxer%20Apache/Jaxer/Apache2-4Build/jaxer/components/aptEventHandler.js

01:11:09 12/24/2025 [ 15324] [TRACE] [JS Framework] [CoreEvents.fire] At this time, evt.Request.isHandler=false and eventType: REQUEST_COMPLETE
stack:
  ->  [ModuleLogger.js:98] trace("At this time, evt.Request.isHandler=false and eventType: REQUEST_COMPLETE")
  ->  [CoreEvents.js:205] fire("REQUEST_COMPLETE",[object XPCWrappedNative_NoHelper])
  ->  [aptEventHandler.js:351] observe([object XPCWrappedNative_NoHelper],"jaxerEvent.RequestComplete",null)
paths:
  -> file:///E:/Aptana%20Jaxer%20Apache/Jaxer/Apache2-4Build/jaxer/framework/src/ModuleLogger.js
  -> file:///E:/Aptana%20Jaxer%20Apache/Jaxer/Apache2-4Build/jaxer/framework/src/CoreEvents.js
  -> file:///E:/Aptana%20Jaxer%20Apache/Jaxer/Apache2-4Build/jaxer/components/aptEventHandler.js

01:11:09 12/24/2025 [ 15324] [TRACE] [JS Framework] [CoreEvents.fireEvent] Firing an event for REQUEST_COMPLETE
stack:
  ->  [ModuleLogger.js:98] trace("Firing an event for REQUEST_COMPLETE")
  ->  [CoreEvents.js:282] fireEvent("REQUEST_COMPLETE",[object Array])
  ->  [CoreEvents.js:238] fire("REQUEST_COMPLETE",[object XPCWrappedNative_NoHelper])
  ->  [aptEventHandler.js:351] observe([object XPCWrappedNative_NoHelper],"jaxerEvent.RequestComplete",null)
paths:
  -> file:///E:/Aptana%20Jaxer%20Apache/Jaxer/Apache2-4Build/jaxer/framework/src/ModuleLogger.js
  -> file:///E:/Aptana%20Jaxer%20Apache/Jaxer/Apache2-4Build/jaxer/framework/src/CoreEvents.js
  -> file:///E:/Aptana%20Jaxer%20Apache/Jaxer/Apache2-4Build/jaxer/components/aptEventHandler.js

01:11:09 12/24/2025 [ 15324] [TRACE] [JS Framework] [CoreEvents.fireEvent] Calling event handler: function onRequestComplete(evt) {
}...
stack:
  ->  [ModuleLogger.js:98] trace("Calling event handler: function onRequestComplete(evt) {\n}...")
  ->  [CoreEvents.js:292] fireEvent("REQUEST_COMPLETE",[object Array])
  ->  [CoreEvents.js:238] fire("REQUEST_COMPLETE",[object XPCWrappedNative_NoHelper])
  ->  [aptEventHandler.js:351] observe([object XPCWrappedNative_NoHelper],"jaxerEvent.RequestComplete",null)
paths:
  -> file:///E:/Aptana%20Jaxer%20Apache/Jaxer/Apache2-4Build/jaxer/framework/src/ModuleLogger.js
  -> file:///E:/Aptana%20Jaxer%20Apache/Jaxer/Apache2-4Build/jaxer/framework/src/CoreEvents.js
  -> file:///E:/Aptana%20Jaxer%20Apache/Jaxer/Apache2-4Build/jaxer/components/aptEventHandler.js

01:11:10 12/24/2025 [ 22864] [TRACE] [JS Framework] [CoreEvents.fire] At this time, evt.Request.isHandler=false and eventType: REQUEST_START
stack:
  ->  [ModuleLogger.js:98] trace("At this time, evt.Request.isHandler=false and eventType: REQUEST_START")
  ->  [CoreEvents.js:205] fire("REQUEST_START",[object XPCWrappedNative_NoHelper])
  ->  [aptEventHandler.js:292] observe([object XPCWrappedNative_NoHelper],"jaxerEvent.RequestStart",null)
paths:
  -> file:///E:/Aptana%20Jaxer%20Apache/Jaxer/Apache2-4Build/jaxer/framework/src/ModuleLogger.js
  -> file:///E:/Aptana%20Jaxer%20Apache/Jaxer/Apache2-4Build/jaxer/framework/src/CoreEvents.js
  -> file:///E:/Aptana%20Jaxer%20Apache/Jaxer/Apache2-4Build/jaxer/components/aptEventHandler.js

01:11:10 12/24/2025 [ 22864] [TRACE] [JS Framework] [CoreEvents.fireEvent] Firing an event for REQUEST_START
stack:
  ->  [ModuleLogger.js:98] trace("Firing an event for REQUEST_START")
  ->  [CoreEvents.js:282] fireEvent("REQUEST_START",[object Array])
  ->  [CoreEvents.js:238] fire("REQUEST_START",[object XPCWrappedNative_NoHelper])
  ->  [aptEventHandler.js:292] observe([object XPCWrappedNative_NoHelper],"jaxerEvent.RequestStart",null)
paths:
  -> file:///E:/Aptana%20Jaxer%20Apache/Jaxer/Apache2-4Build/jaxer/framework/src/ModuleLogger.js
  -> file:///E:/Aptana%20Jaxer%20Apache/Jaxer/Apache2-4Build/jaxer/framework/src/CoreEvents.js
  -> file:///E:/Aptana%20Jaxer%20Apache/Jaxer/Apache2-4Build/jaxer/components/aptEventHandler.js

01:11:10 12/24/2025 [ 22864] [TRACE] [JS Framework] [CoreEvents.fireEvent] Calling event handler: function onRequestStart(evt) {
}...
stack:
  ->  [ModuleLogger.js:98] trace("Calling event handler: function onRequestStart(evt) {\n}...")
  ->  [CoreEvents.js:292] fireEvent("REQUEST_START",[object Array])
  ->  [CoreEvents.js:238] fire("REQUEST_START",[object XPCWrappedNative_NoHelper])
  ->  [aptEventHandler.js:292] observe([object XPCWrappedNative_NoHelper],"jaxerEvent.RequestStart",null)
paths:
  -> file:///E:/Aptana%20Jaxer%20Apache/Jaxer/Apache2-4Build/jaxer/framework/src/ModuleLogger.js
  -> file:///E:/Aptana%20Jaxer%20Apache/Jaxer/Apache2-4Build/jaxer/framework/src/CoreEvents.js
  -> file:///E:/Aptana%20Jaxer%20Apache/Jaxer/Apache2-4Build/jaxer/components/aptEventHandler.js

01:11:10 12/24/2025 [ 22864] [TRACE] [JS Framework] [CoreEvents.fire] At this time, evt.Request.isHandler=false and eventType: PARSE_START
stack:
  ->  [ModuleLogger.js:98] trace("At this time, evt.Request.isHandler=false and eventType: PARSE_START")
  ->  [CoreEvents.js:205] fire("PARSE_START",[object XPCWrappedNative_NoHelper])
  ->  [aptEventHandler.js:306] observe([object XPCWrappedNative_NoHelper],"jaxerEvent.HTMLParseStart",null)
paths:
  -> file:///E:/Aptana%20Jaxer%20Apache/Jaxer/Apache2-4Build/jaxer/framework/src/ModuleLogger.js
  -> file:///E:/Aptana%20Jaxer%20Apache/Jaxer/Apache2-4Build/jaxer/framework/src/CoreEvents.js
  -> file:///E:/Aptana%20Jaxer%20Apache/Jaxer/Apache2-4Build/jaxer/components/aptEventHandler.js

01:11:10 12/24/2025 [ 22864] [TRACE] [JS Framework] [CoreEvents.fireEvent] Firing an event for PARSE_START
stack:
  ->  [ModuleLogger.js:98] trace("Firing an event for PARSE_START")
  ->  [CoreEvents.js:282] fireEvent("PARSE_START",[object Array])
  ->  [CoreEvents.js:238] fire("PARSE_START",[object XPCWrappedNative_NoHelper])
  ->  [aptEventHandler.js:306] observe([object XPCWrappedNative_NoHelper],"jaxerEvent.HTMLParseStart",null)
paths:
  -> file:///E:/Aptana%20Jaxer%20Apache/Jaxer/Apache2-4Build/jaxer/framework/src/ModuleLogger.js
  -> file:///E:/Aptana%20Jaxer%20Apache/Jaxer/Apache2-4Build/jaxer/framework/src/CoreEvents.js
  -> file:///E:/Aptana%20Jaxer%20Apache/Jaxer/Apache2-4Build/jaxer/components/aptEventHandler.js

01:11:10 12/24/2025 [ 22864] [TRACE] [JS Framework] [CoreEvents.fireEvent] Calling event handler: function onParseStart(evt) {
    Jaxer.request = frameworkGl...
stack:
  ->  [ModuleLogger.js:98] trace("Calling event handler: function onParseStart(evt) {\n    Jaxer.request = frameworkGl...")
  ->  [CoreEvents.js:292] fireEvent("PARSE_START",[object Array])
  ->  [CoreEvents.js:238] fire("PARSE_START",[object XPCWrappedNative_NoHelper])
  ->  [aptEventHandler.js:306] observe([object XPCWrappedNative_NoHelper],"jaxerEvent.HTMLParseStart",null)
paths:
  -> file:///E:/Aptana%20Jaxer%20Apache/Jaxer/Apache2-4Build/jaxer/framework/src/ModuleLogger.js
  -> file:///E:/Aptana%20Jaxer%20Apache/Jaxer/Apache2-4Build/jaxer/framework/src/CoreEvents.js
  -> file:///E:/Aptana%20Jaxer%20Apache/Jaxer/Apache2-4Build/jaxer/components/aptEventHandler.js

01:11:10 12/24/2025 [ 22864] [TRACE] [JS Framework] [Request.Request] Constructing request from: ({constructorErrors:[], _request:{}, method:"GET", isHandler:false, uri:"/aptana/tools/hexer/index.html", protocol:"HTTP/1.1", remoteUser:"", remoteHost:"desktop-lpv0ncp", remoteAddr:"::1", pageFile:"E:/Aptana Jaxer Apache/Jaxer/Apache2-4Build/jaxer/aptana/tools/hexer/index.html", documentRoot:"E:/Aptana Jaxer Apache/Jaxer/Apache2-4Build/public", OS:"WINNT", isJaxerServer:false, isHTTPS:false, queryString:"", logFileNativePath:"", action:"GET", headers:{Host:"localhost:8081", Connection:"keep-alive", 'sec-ch-ua':"\"Chromium\";v=\"140\", \"Not=A?Brand\";v=\"24\", \"Opera\";v=\"124\"", 'sec-ch-ua-mobile':"?0", 'sec-ch-ua-platform':"\"Windows\"", 'Upgrade-Insecure-Requests':"1", 'User-Agent':"Mozilla/5.0 (Windows NT 10.0; Win64; x64) AppleWebKit/537.36 (KHTML, like Gecko) Chrome/140.0.0.0 Safari/537.36 OPR/124.0.0.0", Accept:"text/html,application/xhtml+xml,application/xml;q=0.9,image/avif,image/webp,image/apng,*/*;q=0.8,application/signed-exchange;v=b3;q=0.7", 'Sec-Fetch-Site':"same-origin", 'Sec-Fetch-Mode':"navigate", 'Sec-Fetch-User':"?1", 'Sec-Fetch-Dest':"iframe", Referer:"http://localhost:8081/aptana/", 'Accept-Encoding':"gzip, deflate, br, zstd", 'Accept-Language':"en-US,en;q=0.9", Cookie:"JaxerSessionId%24%24localhost%3A8081=176589175647709027719934159097; JaxerSessionId%24%24diagnostics=1766389857171006019406608883027; JaxerSessionId%24%24chat=176650225815408013378880202926; JaxerSessionId%24%24smtp-email=1766502615487048247814800171795; JaxerSessionId%24%24rss-sample=1766502620172023884340692192807; JaxerSessionId%24%24tasks=176650262827103192941976629359; JaxerSessionId%24%24wikilite=1766502633159009874746526267386; JaxerSessionId%24%24logging=176650264152708165463317747484; JaxerSessionId%24%24csajax=176650265576703773913072428896; JaxerSessionId%24%24shell=176650266145103665372259304419"}})
stack:
  ->  [ModuleLogger.js:98] trace("Constructing request from: ({constructorErrors:[], _request:{}, method:\"GET\", isHandler:false, uri:\"/aptana/tools/hexer/index.html\", protocol:\"HTTP/1.1\", remoteUser:\"\", remoteHost:\"desktop-lpv0ncp\", remoteAddr:\"::1\", pageFile:\"E:/Aptana Jaxer Apache/Jaxer/Apache2-4Build/jaxer/aptana/tools/hexer/index.html\", documentRoot:\"E:/Aptana Jaxer Apache/Jaxer/Apache2-4Build/public\", OS:\"WINNT\", isJaxerServer:false, isHTTPS:false, queryString:\"\", logFileNativePath:\"\", action:\"GET\", headers:{Host:\"localhost:8081\", Connection:\"keep-alive\", 'sec-ch-ua':\"\\\"Chromium\\\";v=\\\"140\\\", \\\"Not=A?Brand\\\";v=\\\"24\\\", \\\"Opera\\\";v=\\\"124\\\"\", 'sec-ch-ua-mobile':\"?0\", 'sec-ch-ua-platform':\"\\\"Windows\\\"\", 'Upgrade-Insecure-Requests':\"1\", 'User-Agent':\"Mozilla/5.0 (Windows NT 10.0; Win64; x64) AppleWebKit/537.36 (KHTML, like Gecko) Chrome/140.0.0.0 Safari/537.36 OPR/124.0.0.0\", Accept:\"text/html,application/xhtml+xml,application/xml;q=0.9,image/avif,image/webp,image/apng,*/*;q=0.8,application/signed-exchange;v=b3;q=0.7\", 'Sec-Fetch-Site':\"same-origin\", 'Sec-Fetch-Mode':\"navigate\", 'Sec-Fetch-User':\"?1\", 'Sec-Fetch-Dest':\"iframe\", Referer:\"http://localhost:8081/aptana/\", 'Accept-Encoding':\"gzip, deflate, br, zstd\", 'Accept-Language':\"en-US,en;q=0.9\", Cookie:\"JaxerSessionId%24%24localhost%3A8081=176589175647709027719934159097; JaxerSessionId%24%24diagnostics=1766389857171006019406608883027; JaxerSessionId%24%24chat=176650225815408013378880202926; JaxerSessionId%24%24smtp-email=1766502615487048247814800171795; JaxerSessionId%24%24rss-sample=1766502620172023884340692192807; JaxerSessionId%24%24tasks=176650262827103192941976629359; JaxerSessionId%24%24wikilite=1766502633159009874746526267386; JaxerSessionId%24%24logging=176650264152708165463317747484; JaxerSessionId%24%24csajax=176650265576703773913072428896; JaxerSessionId%24%24shell=176650266145103665372259304419\"}})")
  ->  [Request.js:202] Request([object XPCWrappedNative_NoHelper])
  ->  [ParseStart.js:49] onParseStart([object XPCWrappedNative_NoHelper])
  ->  [CoreEvents.js:293] fireEvent("PARSE_START",[object Array])
  ->  [CoreEvents.js:238] fire("PARSE_START",[object XPCWrappedNative_NoHelper])
  ->  [aptEventHandler.js:306] observe([object XPCWrappedNative_NoHelper],"jaxerEvent.HTMLParseStart",null)
paths:
  -> file:///E:/Aptana%20Jaxer%20Apache/Jaxer/Apache2-4Build/jaxer/framework/src/ModuleLogger.js
  -> file:///E:/Aptana%20Jaxer%20Apache/Jaxer/Apache2-4Build/jaxer/framework/src/Request.js
  -> file:///E:/Aptana%20Jaxer%20Apache/Jaxer/Apache2-4Build/jaxer/framework/src/ParseStart.js
  -> file:///E:/Aptana%20Jaxer%20Apache/Jaxer/Apache2-4Build/jaxer/framework/src/CoreEvents.js
  -> file:///E:/Aptana%20Jaxer%20Apache/Jaxer/Apache2-4Build/jaxer/components/aptEventHandler.js

01:11:10 12/24/2025 [ 22864] [TRACE] [JS Framework] [ParseStart.onParseStart] Matching app using parsedUrl='({url:"http://localhost:8081/aptana/tools/hexer/index.html", scheme:"http", protocol:"http", authority:"localhost:8081", path:"/aptana/tools/hexer/index.html", query:"", fragment:"", userInfo:"", host:"localhost", port:"8081", hostAndPort:"localhost:8081", base:"http://localhost:8081", subdomain:"", domain:"localhost", pathParts:["aptana", "tools", "hexer", "index.html"], leaf:"index.html", queryParts:{}})'
stack:
  ->  [ModuleLogger.js:98] trace("Matching app using parsedUrl='({url:\"http://localhost:8081/aptana/tools/hexer/index.html\", scheme:\"http\", protocol:\"http\", authority:\"localhost:8081\", path:\"/aptana/tools/hexer/index.html\", query:\"\", fragment:\"\", userInfo:\"\", host:\"localhost\", port:\"8081\", hostAndPort:\"localhost:8081\", base:\"http://localhost:8081\", subdomain:\"\", domain:\"localhost\", pathParts:[\"aptana\", \"tools\", \"hexer\", \"index.html\"], leaf:\"index.html\", queryParts:{}})'")
  ->  [ParseStart.js:81] onParseStart([object XPCWrappedNative_NoHelper])
  ->  [CoreEvents.js:293] fireEvent("PARSE_START",[object Array])
  ->  [CoreEvents.js:238] fire("PARSE_START",[object XPCWrappedNative_NoHelper])
  ->  [aptEventHandler.js:306] observe([object XPCWrappedNative_NoHelper],"jaxerEvent.HTMLParseStart",null)
paths:
  -> file:///E:/Aptana%20Jaxer%20Apache/Jaxer/Apache2-4Build/jaxer/framework/src/ModuleLogger.js
  -> file:///E:/Aptana%20Jaxer%20Apache/Jaxer/Apache2-4Build/jaxer/framework/src/ParseStart.js
  -> file:///E:/Aptana%20Jaxer%20Apache/Jaxer/Apache2-4Build/jaxer/framework/src/CoreEvents.js
  -> file:///E:/Aptana%20Jaxer%20Apache/Jaxer/Apache2-4Build/jaxer/components/aptEventHandler.js

01:11:10 12/24/2025 [ 22864] [TRACE] [JS Framework] [App.init] Initializing app 'DEFAULT' (urlTest: /.*/)
stack:
  ->  [ModuleLogger.js:98] trace("Initializing app 'DEFAULT' (urlTest: /.*/)")
  ->  [App.js:184] init()
  ->  [ParseStart.js:110] onParseStart([object XPCWrappedNative_NoHelper])
  ->  [CoreEvents.js:293] fireEvent("PARSE_START",[object Array])
  ->  [CoreEvents.js:238] fire("PARSE_START",[object XPCWrappedNative_NoHelper])
  ->  [aptEventHandler.js:306] observe([object XPCWrappedNative_NoHelper],"jaxerEvent.HTMLParseStart",null)
paths:
  -> file:///E:/Aptana%20Jaxer%20Apache/Jaxer/Apache2-4Build/jaxer/framework/src/ModuleLogger.js
  -> file:///E:/Aptana%20Jaxer%20Apache/Jaxer/Apache2-4Build/jaxer/framework/src/App.js
  -> file:///E:/Aptana%20Jaxer%20Apache/Jaxer/Apache2-4Build/jaxer/framework/src/ParseStart.js
  -> file:///E:/Aptana%20Jaxer%20Apache/Jaxer/Apache2-4Build/jaxer/framework/src/CoreEvents.js
  -> file:///E:/Aptana%20Jaxer%20Apache/Jaxer/Apache2-4Build/jaxer/components/aptEventHandler.js

01:11:10 12/24/2025 [ 22864] [TRACE] [JS Framework] [App.init] APP_KEY for app 'DEFAULT': localhost:8081
stack:
  ->  [ModuleLogger.js:98] trace("APP_KEY for app 'DEFAULT': localhost:8081")
  ->  [App.js:196] init()
  ->  [ParseStart.js:110] onParseStart([object XPCWrappedNative_NoHelper])
  ->  [CoreEvents.js:293] fireEvent("PARSE_START",[object Array])
  ->  [CoreEvents.js:238] fire("PARSE_START",[object XPCWrappedNative_NoHelper])
  ->  [aptEventHandler.js:306] observe([object XPCWrappedNative_NoHelper],"jaxerEvent.HTMLParseStart",null)
paths:
  -> file:///E:/Aptana%20Jaxer%20Apache/Jaxer/Apache2-4Build/jaxer/framework/src/ModuleLogger.js
  -> file:///E:/Aptana%20Jaxer%20Apache/Jaxer/Apache2-4Build/jaxer/framework/src/App.js
  -> file:///E:/Aptana%20Jaxer%20Apache/Jaxer/Apache2-4Build/jaxer/framework/src/ParseStart.js
  -> file:///E:/Aptana%20Jaxer%20Apache/Jaxer/Apache2-4Build/jaxer/framework/src/CoreEvents.js
  -> file:///E:/Aptana%20Jaxer%20Apache/Jaxer/Apache2-4Build/jaxer/components/aptEventHandler.js

01:11:10 12/24/2025 [ 22864] [TRACE] [JS Framework] [App.init] PAGE_KEY for app 'DEFAULT': localhost:8081/aptana/tools/hexer/index.html
stack:
  ->  [ModuleLogger.js:98] trace("PAGE_KEY for app 'DEFAULT': localhost:8081/aptana/tools/hexer/index.html")
  ->  [App.js:208] init()
  ->  [ParseStart.js:110] onParseStart([object XPCWrappedNative_NoHelper])
  ->  [CoreEvents.js:293] fireEvent("PARSE_START",[object Array])
  ->  [CoreEvents.js:238] fire("PARSE_START",[object XPCWrappedNative_NoHelper])
  ->  [aptEventHandler.js:306] observe([object XPCWrappedNative_NoHelper],"jaxerEvent.HTMLParseStart",null)
paths:
  -> file:///E:/Aptana%20Jaxer%20Apache/Jaxer/Apache2-4Build/jaxer/framework/src/ModuleLogger.js
  -> file:///E:/Aptana%20Jaxer%20Apache/Jaxer/Apache2-4Build/jaxer/framework/src/App.js
  -> file:///E:/Aptana%20Jaxer%20Apache/Jaxer/Apache2-4Build/jaxer/framework/src/ParseStart.js
  -> file:///E:/Aptana%20Jaxer%20Apache/Jaxer/Apache2-4Build/jaxer/framework/src/CoreEvents.js
  -> file:///E:/Aptana%20Jaxer%20Apache/Jaxer/Apache2-4Build/jaxer/components/aptEventHandler.js

01:11:10 12/24/2025 [ 22864] [TRACE] [JS Framework] [App.init] PATH for app 'DEFAULT': resource:///../local_jaxer/data/DEFAULT
stack:
  ->  [ModuleLogger.js:98] trace("PATH for app 'DEFAULT': resource:///../local_jaxer/data/DEFAULT")
  ->  [App.js:231] init()
  ->  [ParseStart.js:110] onParseStart([object XPCWrappedNative_NoHelper])
  ->  [CoreEvents.js:293] fireEvent("PARSE_START",[object Array])
  ->  [CoreEvents.js:238] fire("PARSE_START",[object XPCWrappedNative_NoHelper])
  ->  [aptEventHandler.js:306] observe([object XPCWrappedNative_NoHelper],"jaxerEvent.HTMLParseStart",null)
paths:
  -> file:///E:/Aptana%20Jaxer%20Apache/Jaxer/Apache2-4Build/jaxer/framework/src/ModuleLogger.js
  -> file:///E:/Aptana%20Jaxer%20Apache/Jaxer/Apache2-4Build/jaxer/framework/src/App.js
  -> file:///E:/Aptana%20Jaxer%20Apache/Jaxer/Apache2-4Build/jaxer/framework/src/ParseStart.js
  -> file:///E:/Aptana%20Jaxer%20Apache/Jaxer/Apache2-4Build/jaxer/framework/src/CoreEvents.js
  -> file:///E:/Aptana%20Jaxer%20Apache/Jaxer/Apache2-4Build/jaxer/components/aptEventHandler.js

01:11:10 12/24/2025 [ 22864] [TRACE] [JS Framework] [ParseStart.onParseStart] Using app 'DEFAULT': urlTest = /.*/
stack:
  ->  [ModuleLogger.js:98] trace("Using app 'DEFAULT': urlTest = /.*/")
  ->  [ParseStart.js:113] onParseStart([object XPCWrappedNative_NoHelper])
  ->  [CoreEvents.js:293] fireEvent("PARSE_START",[object Array])
  ->  [CoreEvents.js:238] fire("PARSE_START",[object XPCWrappedNative_NoHelper])
  ->  [aptEventHandler.js:306] observe([object XPCWrappedNative_NoHelper],"jaxerEvent.HTMLParseStart",null)
paths:
  -> file:///E:/Aptana%20Jaxer%20Apache/Jaxer/Apache2-4Build/jaxer/framework/src/ModuleLogger.js
  -> file:///E:/Aptana%20Jaxer%20Apache/Jaxer/Apache2-4Build/jaxer/framework/src/ParseStart.js
  -> file:///E:/Aptana%20Jaxer%20Apache/Jaxer/Apache2-4Build/jaxer/framework/src/CoreEvents.js
  -> file:///E:/Aptana%20Jaxer%20Apache/Jaxer/Apache2-4Build/jaxer/components/aptEventHandler.js

01:11:10 12/24/2025 [ 22864] [DEBUG] [JS Framework] [SessionManager.keyFromRequest] Getting session key from the client via cookie JaxerSessionId$$localhost:8081: 176589175647709027719934159097
stack:
  ->  [ModuleLogger.js:98] debug("Getting session key from the client via cookie JaxerSessionId$$localhost:8081: 176589175647709027719934159097")
  ->  [SessionManager.js:59] keyFromRequest("localhost:8081")
  ->  [Container.js:474] init("localhost:8081","localhost:8081/aptana/tools/hexer/index.html")
  ->  [ParseStart.js:122] onParseStart([object XPCWrappedNative_NoHelper])
  ->  [CoreEvents.js:293] fireEvent("PARSE_START",[object Array])
  ->  [CoreEvents.js:238] fire("PARSE_START",[object XPCWrappedNative_NoHelper])
  ->  [aptEventHandler.js:306] observe([object XPCWrappedNative_NoHelper],"jaxerEvent.HTMLParseStart",null)
paths:
  -> file:///E:/Aptana%20Jaxer%20Apache/Jaxer/Apache2-4Build/jaxer/framework/src/ModuleLogger.js
  -> file:///E:/Aptana%20Jaxer%20Apache/Jaxer/Apache2-4Build/jaxer/framework/src/SessionManager.js
  -> file:///E:/Aptana%20Jaxer%20Apache/Jaxer/Apache2-4Build/jaxer/framework/src/Container.js
  -> file:///E:/Aptana%20Jaxer%20Apache/Jaxer/Apache2-4Build/jaxer/framework/src/ParseStart.js
  -> file:///E:/Aptana%20Jaxer%20Apache/Jaxer/Apache2-4Build/jaxer/framework/src/CoreEvents.js
  -> file:///E:/Aptana%20Jaxer%20Apache/Jaxer/Apache2-4Build/jaxer/components/aptEventHandler.js

01:11:10 12/24/2025 [ 22864] [DEBUG] [JS Framework] [Container.init] Created APPLICATION container as Jaxer.application with key localhost:8081
stack:
  ->  [ModuleLogger.js:98] debug("Created APPLICATION container as Jaxer.application with key localhost:8081")
  ->  [Container.js:485] init("localhost:8081","localhost:8081/aptana/tools/hexer/index.html")
  ->  [ParseStart.js:122] onParseStart([object XPCWrappedNative_NoHelper])
  ->  [CoreEvents.js:293] fireEvent("PARSE_START",[object Array])
  ->  [CoreEvents.js:238] fire("PARSE_START",[object XPCWrappedNative_NoHelper])
  ->  [aptEventHandler.js:306] observe([object XPCWrappedNative_NoHelper],"jaxerEvent.HTMLParseStart",null)
paths:
  -> file:///E:/Aptana%20Jaxer%20Apache/Jaxer/Apache2-4Build/jaxer/framework/src/ModuleLogger.js
  -> file:///E:/Aptana%20Jaxer%20Apache/Jaxer/Apache2-4Build/jaxer/framework/src/Container.js
  -> file:///E:/Aptana%20Jaxer%20Apache/Jaxer/Apache2-4Build/jaxer/framework/src/ParseStart.js
  -> file:///E:/Aptana%20Jaxer%20Apache/Jaxer/Apache2-4Build/jaxer/framework/src/CoreEvents.js
  -> file:///E:/Aptana%20Jaxer%20Apache/Jaxer/Apache2-4Build/jaxer/components/aptEventHandler.js

01:11:10 12/24/2025 [ 22864] [DEBUG] [JS Framework] [Container.init] Created PAGE container as Jaxer.page with key localhost:8081/aptana/tools/hexer/index.html
stack:
  ->  [ModuleLogger.js:98] debug("Created PAGE container as Jaxer.page with key localhost:8081/aptana/tools/hexer/index.html")
  ->  [Container.js:485] init("localhost:8081","localhost:8081/aptana/tools/hexer/index.html")
  ->  [ParseStart.js:122] onParseStart([object XPCWrappedNative_NoHelper])
  ->  [CoreEvents.js:293] fireEvent("PARSE_START",[object Array])
  ->  [CoreEvents.js:238] fire("PARSE_START",[object XPCWrappedNative_NoHelper])
  ->  [aptEventHandler.js:306] observe([object XPCWrappedNative_NoHelper],"jaxerEvent.HTMLParseStart",null)
paths:
  -> file:///E:/Aptana%20Jaxer%20Apache/Jaxer/Apache2-4Build/jaxer/framework/src/ModuleLogger.js
  -> file:///E:/Aptana%20Jaxer%20Apache/Jaxer/Apache2-4Build/jaxer/framework/src/Container.js
  -> file:///E:/Aptana%20Jaxer%20Apache/Jaxer/Apache2-4Build/jaxer/framework/src/ParseStart.js
  -> file:///E:/Aptana%20Jaxer%20Apache/Jaxer/Apache2-4Build/jaxer/framework/src/CoreEvents.js
  -> file:///E:/Aptana%20Jaxer%20Apache/Jaxer/Apache2-4Build/jaxer/components/aptEventHandler.js

01:11:10 12/24/2025 [ 22864] [DEBUG] [JS Framework] [Container.init] Created SESSION container as Jaxer.session with key 176589175647709027719934159097
stack:
  ->  [ModuleLogger.js:98] debug("Created SESSION container as Jaxer.session with key 176589175647709027719934159097")
  ->  [Container.js:485] init("localhost:8081","localhost:8081/aptana/tools/hexer/index.html")
  ->  [ParseStart.js:122] onParseStart([object XPCWrappedNative_NoHelper])
  ->  [CoreEvents.js:293] fireEvent("PARSE_START",[object Array])
  ->  [CoreEvents.js:238] fire("PARSE_START",[object XPCWrappedNative_NoHelper])
  ->  [aptEventHandler.js:306] observe([object XPCWrappedNative_NoHelper],"jaxerEvent.HTMLParseStart",null)
paths:
  -> file:///E:/Aptana%20Jaxer%20Apache/Jaxer/Apache2-4Build/jaxer/framework/src/ModuleLogger.js
  -> file:///E:/Aptana%20Jaxer%20Apache/Jaxer/Apache2-4Build/jaxer/framework/src/Container.js
  -> file:///E:/Aptana%20Jaxer%20Apache/Jaxer/Apache2-4Build/jaxer/framework/src/ParseStart.js
  -> file:///E:/Aptana%20Jaxer%20Apache/Jaxer/Apache2-4Build/jaxer/framework/src/CoreEvents.js
  -> file:///E:/Aptana%20Jaxer%20Apache/Jaxer/Apache2-4Build/jaxer/components/aptEventHandler.js

01:11:10 12/24/2025 [ 22864] [DEBUG] [JS Framework] [Container.init] Created SESSION_PAGE container as Jaxer.sessionPage with key 176589175647709027719934159097$$localhost:8081/aptana/tools/hexer/index.html
stack:
  ->  [ModuleLogger.js:98] debug("Created SESSION_PAGE container as Jaxer.sessionPage with key 176589175647709027719934159097$$localhost:8081/aptana/tools/hexer/index.html")
  ->  [Container.js:485] init("localhost:8081","localhost:8081/aptana/tools/hexer/index.html")
  ->  [ParseStart.js:122] onParseStart([object XPCWrappedNative_NoHelper])
  ->  [CoreEvents.js:293] fireEvent("PARSE_START",[object Array])
  ->  [CoreEvents.js:238] fire("PARSE_START",[object XPCWrappedNative_NoHelper])
  ->  [aptEventHandler.js:306] observe([object XPCWrappedNative_NoHelper],"jaxerEvent.HTMLParseStart",null)
paths:
  -> file:///E:/Aptana%20Jaxer%20Apache/Jaxer/Apache2-4Build/jaxer/framework/src/ModuleLogger.js
  -> file:///E:/Aptana%20Jaxer%20Apache/Jaxer/Apache2-4Build/jaxer/framework/src/Container.js
  -> file:///E:/Aptana%20Jaxer%20Apache/Jaxer/Apache2-4Build/jaxer/framework/src/ParseStart.js
  -> file:///E:/Aptana%20Jaxer%20Apache/Jaxer/Apache2-4Build/jaxer/framework/src/CoreEvents.js
  -> file:///E:/Aptana%20Jaxer%20Apache/Jaxer/Apache2-4Build/jaxer/components/aptEventHandler.js

01:11:10 12/24/2025 [ 22864] [TRACE] [JS Framework] [DB.setDefault] Setting default connection for app: DEFAULT
stack:
  ->  [ModuleLogger.js:98] trace("Setting default connection for app: DEFAULT")
  ->  [DB.js:162] setDefault("DEFAULT",[object Object])
  ->  [ParseStart.js:123] onParseStart([object XPCWrappedNative_NoHelper])
  ->  [CoreEvents.js:293] fireEvent("PARSE_START",[object Array])
  ->  [CoreEvents.js:238] fire("PARSE_START",[object XPCWrappedNative_NoHelper])
  ->  [aptEventHandler.js:306] observe([object XPCWrappedNative_NoHelper],"jaxerEvent.HTMLParseStart",null)
paths:
  -> file:///E:/Aptana%20Jaxer%20Apache/Jaxer/Apache2-4Build/jaxer/framework/src/ModuleLogger.js
  -> file:///E:/Aptana%20Jaxer%20Apache/Jaxer/Apache2-4Build/jaxer/framework/src/DB.js
  -> file:///E:/Aptana%20Jaxer%20Apache/Jaxer/Apache2-4Build/jaxer/framework/src/ParseStart.js
  -> file:///E:/Aptana%20Jaxer%20Apache/Jaxer/Apache2-4Build/jaxer/framework/src/CoreEvents.js
  -> file:///E:/Aptana%20Jaxer%20Apache/Jaxer/Apache2-4Build/jaxer/components/aptEventHandler.js

01:11:10 12/24/2025 [ 22864] [TRACE] [JS Framework] [CoreEvents.fire] At this time, evt.Request.isHandler=false and eventType: NEW_ELEMENT - HTML
stack:
  ->  [ModuleLogger.js:98] trace("At this time, evt.Request.isHandler=false and eventType: NEW_ELEMENT - HTML")
  ->  [CoreEvents.js:205] fire("NEW_ELEMENT",[object XPCWrappedNative_NoHelper],[object HTMLDocument],[object HTMLHtmlElement])
  ->  [aptEventHandler.js:157] observe([object XPCWrappedNative_NoHelper],"jaxerEvent.NewHTMLElement",null)
paths:
  -> file:///E:/Aptana%20Jaxer%20Apache/Jaxer/Apache2-4Build/jaxer/framework/src/ModuleLogger.js
  -> file:///E:/Aptana%20Jaxer%20Apache/Jaxer/Apache2-4Build/jaxer/framework/src/CoreEvents.js
  -> file:///E:/Aptana%20Jaxer%20Apache/Jaxer/Apache2-4Build/jaxer/components/aptEventHandler.js

01:11:10 12/24/2025 [ 22864] [TRACE] [JS Framework] [CoreEvents.fireEvent] Firing an event for NEW_ELEMENT
stack:
  ->  [ModuleLogger.js:98] trace("Firing an event for NEW_ELEMENT")
  ->  [CoreEvents.js:282] fireEvent("NEW_ELEMENT",[object Array])
  ->  [CoreEvents.js:238] fire("NEW_ELEMENT",[object XPCWrappedNative_NoHelper],[object HTMLDocument],[object HTMLHtmlElement])
  ->  [aptEventHandler.js:157] observe([object XPCWrappedNative_NoHelper],"jaxerEvent.NewHTMLElement",null)
paths:
  -> file:///E:/Aptana%20Jaxer%20Apache/Jaxer/Apache2-4Build/jaxer/framework/src/ModuleLogger.js
  -> file:///E:/Aptana%20Jaxer%20Apache/Jaxer/Apache2-4Build/jaxer/framework/src/CoreEvents.js
  -> file:///E:/Aptana%20Jaxer%20Apache/Jaxer/Apache2-4Build/jaxer/components/aptEventHandler.js

01:11:10 12/24/2025 [ 22864] [TRACE] [JS Framework] [CoreEvents.fireEvent] Calling event handler: function onNewElement(evt, doc, elt) {
    switch (elt.tagNa...
stack:
  ->  [ModuleLogger.js:98] trace("Calling event handler: function onNewElement(evt, doc, elt) {\n    switch (elt.tagNa...")
  ->  [CoreEvents.js:292] fireEvent("NEW_ELEMENT",[object Array])
  ->  [CoreEvents.js:238] fire("NEW_ELEMENT",[object XPCWrappedNative_NoHelper],[object HTMLDocument],[object HTMLHtmlElement])
  ->  [aptEventHandler.js:157] observe([object XPCWrappedNative_NoHelper],"jaxerEvent.NewHTMLElement",null)
paths:
  -> file:///E:/Aptana%20Jaxer%20Apache/Jaxer/Apache2-4Build/jaxer/framework/src/ModuleLogger.js
  -> file:///E:/Aptana%20Jaxer%20Apache/Jaxer/Apache2-4Build/jaxer/framework/src/CoreEvents.js
  -> file:///E:/Aptana%20Jaxer%20Apache/Jaxer/Apache2-4Build/jaxer/components/aptEventHandler.js

01:11:10 12/24/2025 [ 22864] [TRACE] [JS Framework] [CoreEvents.fire] At this time, evt.Request.isHandler=false and eventType: NEW_ELEMENT - HEAD
stack:
  ->  [ModuleLogger.js:98] trace("At this time, evt.Request.isHandler=false and eventType: NEW_ELEMENT - HEAD")
  ->  [CoreEvents.js:205] fire("NEW_ELEMENT",[object XPCWrappedNative_NoHelper],[object HTMLDocument],[object HTMLHeadElement])
  ->  [aptEventHandler.js:157] observe([object XPCWrappedNative_NoHelper],"jaxerEvent.NewHTMLElement",null)
paths:
  -> file:///E:/Aptana%20Jaxer%20Apache/Jaxer/Apache2-4Build/jaxer/framework/src/ModuleLogger.js
  -> file:///E:/Aptana%20Jaxer%20Apache/Jaxer/Apache2-4Build/jaxer/framework/src/CoreEvents.js
  -> file:///E:/Aptana%20Jaxer%20Apache/Jaxer/Apache2-4Build/jaxer/components/aptEventHandler.js

01:11:10 12/24/2025 [ 22864] [TRACE] [JS Framework] [CoreEvents.fireEvent] Firing an event for NEW_ELEMENT
stack:
  ->  [ModuleLogger.js:98] trace("Firing an event for NEW_ELEMENT")
  ->  [CoreEvents.js:282] fireEvent("NEW_ELEMENT",[object Array])
  ->  [CoreEvents.js:238] fire("NEW_ELEMENT",[object XPCWrappedNative_NoHelper],[object HTMLDocument],[object HTMLHeadElement])
  ->  [aptEventHandler.js:157] observe([object XPCWrappedNative_NoHelper],"jaxerEvent.NewHTMLElement",null)
paths:
  -> file:///E:/Aptana%20Jaxer%20Apache/Jaxer/Apache2-4Build/jaxer/framework/src/ModuleLogger.js
  -> file:///E:/Aptana%20Jaxer%20Apache/Jaxer/Apache2-4Build/jaxer/framework/src/CoreEvents.js
  -> file:///E:/Aptana%20Jaxer%20Apache/Jaxer/Apache2-4Build/jaxer/components/aptEventHandler.js

01:11:10 12/24/2025 [ 22864] [TRACE] [JS Framework] [CoreEvents.fireEvent] Calling event handler: function onNewElement(evt, doc, elt) {
    switch (elt.tagNa...
stack:
  ->  [ModuleLogger.js:98] trace("Calling event handler: function onNewElement(evt, doc, elt) {\n    switch (elt.tagNa...")
  ->  [CoreEvents.js:292] fireEvent("NEW_ELEMENT",[object Array])
  ->  [CoreEvents.js:238] fire("NEW_ELEMENT",[object XPCWrappedNative_NoHelper],[object HTMLDocument],[object HTMLHeadElement])
  ->  [aptEventHandler.js:157] observe([object XPCWrappedNative_NoHelper],"jaxerEvent.NewHTMLElement",null)
paths:
  -> file:///E:/Aptana%20Jaxer%20Apache/Jaxer/Apache2-4Build/jaxer/framework/src/ModuleLogger.js
  -> file:///E:/Aptana%20Jaxer%20Apache/Jaxer/Apache2-4Build/jaxer/framework/src/CoreEvents.js
  -> file:///E:/Aptana%20Jaxer%20Apache/Jaxer/Apache2-4Build/jaxer/components/aptEventHandler.js

01:11:10 12/24/2025 [ 22864] [TRACE] [JS Framework] [CoreEvents.fire] At this time, evt.Request.isHandler=false and eventType: INIT_HEAD
stack:
  ->  [ModuleLogger.js:98] trace("At this time, evt.Request.isHandler=false and eventType: INIT_HEAD")
  ->  [CoreEvents.js:205] fire("INIT_HEAD",[object XPCWrappedNative_NoHelper],[object HTMLDocument])
  ->  [aptEventHandler.js:139] observe([object XPCWrappedNative_NoHelper],"jaxerEvent.NewHTMLElement",null)
paths:
  -> file:///E:/Aptana%20Jaxer%20Apache/Jaxer/Apache2-4Build/jaxer/framework/src/ModuleLogger.js
  -> file:///E:/Aptana%20Jaxer%20Apache/Jaxer/Apache2-4Build/jaxer/framework/src/CoreEvents.js
  -> file:///E:/Aptana%20Jaxer%20Apache/Jaxer/Apache2-4Build/jaxer/components/aptEventHandler.js

01:11:10 12/24/2025 [ 22864] [TRACE] [JS Framework] [CoreEvents.fireEvent] Firing an event for INIT_HEAD
stack:
  ->  [ModuleLogger.js:98] trace("Firing an event for INIT_HEAD")
  ->  [CoreEvents.js:282] fireEvent("INIT_HEAD",[object Array])
  ->  [CoreEvents.js:238] fire("INIT_HEAD",[object XPCWrappedNative_NoHelper],[object HTMLDocument])
  ->  [aptEventHandler.js:139] observe([object XPCWrappedNative_NoHelper],"jaxerEvent.NewHTMLElement",null)
paths:
  -> file:///E:/Aptana%20Jaxer%20Apache/Jaxer/Apache2-4Build/jaxer/framework/src/ModuleLogger.js
  -> file:///E:/Aptana%20Jaxer%20Apache/Jaxer/Apache2-4Build/jaxer/framework/src/CoreEvents.js
  -> file:///E:/Aptana%20Jaxer%20Apache/Jaxer/Apache2-4Build/jaxer/components/aptEventHandler.js

01:11:10 12/24/2025 [ 22864] [TRACE] [JS Framework] [CoreEvents.fireEvent] Calling event handler: function onInitHead(evt, doc) {
    Jaxer.load = function lo...
stack:
  ->  [ModuleLogger.js:98] trace("Calling event handler: function onInitHead(evt, doc) {\n    Jaxer.load = function lo...")
  ->  [CoreEvents.js:292] fireEvent("INIT_HEAD",[object Array])
  ->  [CoreEvents.js:238] fire("INIT_HEAD",[object XPCWrappedNative_NoHelper],[object HTMLDocument])
  ->  [aptEventHandler.js:139] observe([object XPCWrappedNative_NoHelper],"jaxerEvent.NewHTMLElement",null)
paths:
  -> file:///E:/Aptana%20Jaxer%20Apache/Jaxer/Apache2-4Build/jaxer/framework/src/ModuleLogger.js
  -> file:///E:/Aptana%20Jaxer%20Apache/Jaxer/Apache2-4Build/jaxer/framework/src/CoreEvents.js
  -> file:///E:/Aptana%20Jaxer%20Apache/Jaxer/Apache2-4Build/jaxer/components/aptEventHandler.js

01:11:10 12/24/2025 [ 22864] [TRACE] [JS Framework] [Includer.evalOn] Evaluating using Jaxer.request.evaluateScript: contents = (function ... with global = [object ChromeWindow] and effectiveUrl = undefined
stack:
  ->  [ModuleLogger.js:98] trace("Evaluating using Jaxer.request.evaluateScript: contents = (function ... with global = [object ChromeWindow] and effectiveUrl = undefined")
  ->  [Includer.js:131] evalOn("(function extendDomSetters(global) {if (global.HTMLInputElement) {var inputValueSetter = global.HTMLInputElement.prototype.__lookupSetter__(\"value\");global.HTMLInputElement.prototype.__defineSetter__(\"value\", function (val) {inputValueSetter.call(this, val);this.setAttribute(\"value\", val);});var inputCheckedSetter = global.HTMLInputElement.prototype.__lookupSetter__(\"checked\");global.HTMLInputElement.prototype.__defineSetter__(\"checked\", function (val) {inputCheckedSetter.call(this, val);if (val) {this.setAttribute(\"checked\", null);} else {this.removeAttribute(\"checked\");}});}if (global.HTMLTextAreaElement) {var textAreaValueSetter = global.HTMLTextAreaElement.prototype.__lookupSetter__(\"value\");global.HTMLTextAreaElement.prototype.__defineSetter__(\"value\", function (val) {textAreaValueSetter.call(this, val);this.textContent = val;});}if (global.HTMLSelectElement) {var selectSelectedIndexSetter = global.HTMLSelectElement.prototype.__lookupSetter__(\"selectedIndex\");global.HTMLSelectElement.prototype.__defineSetter__(\"selectedIndex\", function (index) {selectSelectedIndexSetter.call(this, index);var option = this.options[index];if (option) {for (var i = 0, len = this.options.length; i < len; i++) {if (i == index) {this.options[i].setAttribute(\"selected\", null);} else {this.options[i].removeAttribute(\"selected\");}}}});}if (global.HTMLOptionElement) {var optionSelectedSetter = global.HTMLOptionElement.prototype.__lookupSetter__(\"selected\");global.HTMLOptionElement.prototype.__defineSetter__(\"selected\", function (val) {optionSelectedSetter.call(this, val);if (val) {this.setAttribute(\"selected\", null);} else {this.removeAttribute(\"selected\");}});}})(document.defaultView)",[object ChromeWindow])
  ->  [Overrides.js:370] applyAll([object ChromeWindow])
  ->  [InitHead.js:78] onInitHead([object XPCWrappedNative_NoHelper],[object HTMLDocument])
  ->  [CoreEvents.js:293] fireEvent("INIT_HEAD",[object Array])
  ->  [CoreEvents.js:238] fire("INIT_HEAD",[object XPCWrappedNative_NoHelper],[object HTMLDocument])
  ->  [aptEventHandler.js:139] observe([object XPCWrappedNative_NoHelper],"jaxerEvent.NewHTMLElement",null)
paths:
  -> file:///E:/Aptana%20Jaxer%20Apache/Jaxer/Apache2-4Build/jaxer/framework/src/ModuleLogger.js
  -> file:///E:/Aptana%20Jaxer%20Apache/Jaxer/Apache2-4Build/jaxer/framework/src/Includer.js
  -> file:///E:/Aptana%20Jaxer%20Apache/Jaxer/Apache2-4Build/jaxer/framework/src/Overrides.js
  -> file:///E:/Aptana%20Jaxer%20Apache/Jaxer/Apache2-4Build/jaxer/framework/src/InitHead.js
  -> file:///E:/Aptana%20Jaxer%20Apache/Jaxer/Apache2-4Build/jaxer/framework/src/CoreEvents.js
  -> file:///E:/Aptana%20Jaxer%20Apache/Jaxer/Apache2-4Build/jaxer/components/aptEventHandler.js

01:11:10 12/24/2025 [ 22864] [TRACE] [JS Framework] [CoreEvents.fire] At this time, evt.Request.isHandler=false and eventType: NEW_ELEMENT - META
stack:
  ->  [ModuleLogger.js:98] trace("At this time, evt.Request.isHandler=false and eventType: NEW_ELEMENT - META")
  ->  [CoreEvents.js:205] fire("NEW_ELEMENT",[object XPCWrappedNative_NoHelper],[object HTMLDocument],[object HTMLMetaElement])
  ->  [aptEventHandler.js:157] observe([object XPCWrappedNative_NoHelper],"jaxerEvent.NewHTMLElement",null)
paths:
  -> file:///E:/Aptana%20Jaxer%20Apache/Jaxer/Apache2-4Build/jaxer/framework/src/ModuleLogger.js
  -> file:///E:/Aptana%20Jaxer%20Apache/Jaxer/Apache2-4Build/jaxer/framework/src/CoreEvents.js
  -> file:///E:/Aptana%20Jaxer%20Apache/Jaxer/Apache2-4Build/jaxer/components/aptEventHandler.js

01:11:10 12/24/2025 [ 22864] [TRACE] [JS Framework] [CoreEvents.fireEvent] Firing an event for NEW_ELEMENT
stack:
  ->  [ModuleLogger.js:98] trace("Firing an event for NEW_ELEMENT")
  ->  [CoreEvents.js:282] fireEvent("NEW_ELEMENT",[object Array])
  ->  [CoreEvents.js:238] fire("NEW_ELEMENT",[object XPCWrappedNative_NoHelper],[object HTMLDocument],[object HTMLMetaElement])
  ->  [aptEventHandler.js:157] observe([object XPCWrappedNative_NoHelper],"jaxerEvent.NewHTMLElement",null)
paths:
  -> file:///E:/Aptana%20Jaxer%20Apache/Jaxer/Apache2-4Build/jaxer/framework/src/ModuleLogger.js
  -> file:///E:/Aptana%20Jaxer%20Apache/Jaxer/Apache2-4Build/jaxer/framework/src/CoreEvents.js
  -> file:///E:/Aptana%20Jaxer%20Apache/Jaxer/Apache2-4Build/jaxer/components/aptEventHandler.js

01:11:10 12/24/2025 [ 22864] [TRACE] [JS Framework] [CoreEvents.fireEvent] Calling event handler: function onNewElement(evt, doc, elt) {
    switch (elt.tagNa...
stack:
  ->  [ModuleLogger.js:98] trace("Calling event handler: function onNewElement(evt, doc, elt) {\n    switch (elt.tagNa...")
  ->  [CoreEvents.js:292] fireEvent("NEW_ELEMENT",[object Array])
  ->  [CoreEvents.js:238] fire("NEW_ELEMENT",[object XPCWrappedNative_NoHelper],[object HTMLDocument],[object HTMLMetaElement])
  ->  [aptEventHandler.js:157] observe([object XPCWrappedNative_NoHelper],"jaxerEvent.NewHTMLElement",null)
paths:
  -> file:///E:/Aptana%20Jaxer%20Apache/Jaxer/Apache2-4Build/jaxer/framework/src/ModuleLogger.js
  -> file:///E:/Aptana%20Jaxer%20Apache/Jaxer/Apache2-4Build/jaxer/framework/src/CoreEvents.js
  -> file:///E:/Aptana%20Jaxer%20Apache/Jaxer/Apache2-4Build/jaxer/components/aptEventHandler.js

01:11:10 12/24/2025 [ 22864] [TRACE] [JS Framework] [CoreEvents.fire] At this time, evt.Request.isHandler=false and eventType: NEW_ELEMENT - SCRIPT
stack:
  ->  [ModuleLogger.js:98] trace("At this time, evt.Request.isHandler=false and eventType: NEW_ELEMENT - SCRIPT")
  ->  [CoreEvents.js:205] fire("NEW_ELEMENT",[object XPCWrappedNative_NoHelper],[object HTMLDocument],[object HTMLScriptElement])
  ->  [aptEventHandler.js:157] observe([object XPCWrappedNative_NoHelper],"jaxerEvent.NewHTMLElement",null)
paths:
  -> file:///E:/Aptana%20Jaxer%20Apache/Jaxer/Apache2-4Build/jaxer/framework/src/ModuleLogger.js
  -> file:///E:/Aptana%20Jaxer%20Apache/Jaxer/Apache2-4Build/jaxer/framework/src/CoreEvents.js
  -> file:///E:/Aptana%20Jaxer%20Apache/Jaxer/Apache2-4Build/jaxer/components/aptEventHandler.js

01:11:10 12/24/2025 [ 22864] [TRACE] [JS Framework] [CoreEvents.fireEvent] Firing an event for NEW_ELEMENT
stack:
  ->  [ModuleLogger.js:98] trace("Firing an event for NEW_ELEMENT")
  ->  [CoreEvents.js:282] fireEvent("NEW_ELEMENT",[object Array])
  ->  [CoreEvents.js:238] fire("NEW_ELEMENT",[object XPCWrappedNative_NoHelper],[object HTMLDocument],[object HTMLScriptElement])
  ->  [aptEventHandler.js:157] observe([object XPCWrappedNative_NoHelper],"jaxerEvent.NewHTMLElement",null)
paths:
  -> file:///E:/Aptana%20Jaxer%20Apache/Jaxer/Apache2-4Build/jaxer/framework/src/ModuleLogger.js
  -> file:///E:/Aptana%20Jaxer%20Apache/Jaxer/Apache2-4Build/jaxer/framework/src/CoreEvents.js
  -> file:///E:/Aptana%20Jaxer%20Apache/Jaxer/Apache2-4Build/jaxer/components/aptEventHandler.js

01:11:10 12/24/2025 [ 22864] [TRACE] [JS Framework] [CoreEvents.fireEvent] Calling event handler: function onNewElement(evt, doc, elt) {
    switch (elt.tagNa...
stack:
  ->  [ModuleLogger.js:98] trace("Calling event handler: function onNewElement(evt, doc, elt) {\n    switch (elt.tagNa...")
  ->  [CoreEvents.js:292] fireEvent("NEW_ELEMENT",[object Array])
  ->  [CoreEvents.js:238] fire("NEW_ELEMENT",[object XPCWrappedNative_NoHelper],[object HTMLDocument],[object HTMLScriptElement])
  ->  [aptEventHandler.js:157] observe([object XPCWrappedNative_NoHelper],"jaxerEvent.NewHTMLElement",null)
paths:
  -> file:///E:/Aptana%20Jaxer%20Apache/Jaxer/Apache2-4Build/jaxer/framework/src/ModuleLogger.js
  -> file:///E:/Aptana%20Jaxer%20Apache/Jaxer/Apache2-4Build/jaxer/framework/src/CoreEvents.js
  -> file:///E:/Aptana%20Jaxer%20Apache/Jaxer/Apache2-4Build/jaxer/components/aptEventHandler.js

01:11:10 12/24/2025 [ 22864] [TRACE] [JS Framework] [NewElement.onNewElement] Received element: SCRIPT with no src and runat='both'
stack:
  ->  [ModuleLogger.js:98] trace("Received element: SCRIPT with no src and runat='both'")
  ->  [NewElement.js:88] onNewElement([object XPCWrappedNative_NoHelper],[object HTMLDocument],[object HTMLScriptElement])
  ->  [CoreEvents.js:293] fireEvent("NEW_ELEMENT",[object Array])
  ->  [CoreEvents.js:238] fire("NEW_ELEMENT",[object XPCWrappedNative_NoHelper],[object HTMLDocument],[object HTMLScriptElement])
  ->  [aptEventHandler.js:157] observe([object XPCWrappedNative_NoHelper],"jaxerEvent.NewHTMLElement",null)
paths:
  -> file:///E:/Aptana%20Jaxer%20Apache/Jaxer/Apache2-4Build/jaxer/framework/src/ModuleLogger.js
  -> file:///E:/Aptana%20Jaxer%20Apache/Jaxer/Apache2-4Build/jaxer/framework/src/NewElement.js
  -> file:///E:/Aptana%20Jaxer%20Apache/Jaxer/Apache2-4Build/jaxer/framework/src/CoreEvents.js
  -> file:///E:/Aptana%20Jaxer%20Apache/Jaxer/Apache2-4Build/jaxer/components/aptEventHandler.js

01:11:10 12/24/2025 [ 22864] [TRACE] [JS Framework] [CoreEvents.fire] At this time, evt.Request.isHandler=false and eventType: NEW_ELEMENT - SCRIPT
stack:
  ->  [ModuleLogger.js:98] trace("At this time, evt.Request.isHandler=false and eventType: NEW_ELEMENT - SCRIPT")
  ->  [CoreEvents.js:205] fire("NEW_ELEMENT",[object XPCWrappedNative_NoHelper],[object HTMLDocument],[object HTMLScriptElement])
  ->  [aptEventHandler.js:157] observe([object XPCWrappedNative_NoHelper],"jaxerEvent.NewHTMLElement",null)
paths:
  -> file:///E:/Aptana%20Jaxer%20Apache/Jaxer/Apache2-4Build/jaxer/framework/src/ModuleLogger.js
  -> file:///E:/Aptana%20Jaxer%20Apache/Jaxer/Apache2-4Build/jaxer/framework/src/CoreEvents.js
  -> file:///E:/Aptana%20Jaxer%20Apache/Jaxer/Apache2-4Build/jaxer/components/aptEventHandler.js

01:11:10 12/24/2025 [ 22864] [TRACE] [JS Framework] [CoreEvents.fireEvent] Firing an event for NEW_ELEMENT
stack:
  ->  [ModuleLogger.js:98] trace("Firing an event for NEW_ELEMENT")
  ->  [CoreEvents.js:282] fireEvent("NEW_ELEMENT",[object Array])
  ->  [CoreEvents.js:238] fire("NEW_ELEMENT",[object XPCWrappedNative_NoHelper],[object HTMLDocument],[object HTMLScriptElement])
  ->  [aptEventHandler.js:157] observe([object XPCWrappedNative_NoHelper],"jaxerEvent.NewHTMLElement",null)
paths:
  -> file:///E:/Aptana%20Jaxer%20Apache/Jaxer/Apache2-4Build/jaxer/framework/src/ModuleLogger.js
  -> file:///E:/Aptana%20Jaxer%20Apache/Jaxer/Apache2-4Build/jaxer/framework/src/CoreEvents.js
  -> file:///E:/Aptana%20Jaxer%20Apache/Jaxer/Apache2-4Build/jaxer/components/aptEventHandler.js

01:11:10 12/24/2025 [ 22864] [TRACE] [JS Framework] [CoreEvents.fireEvent] Calling event handler: function onNewElement(evt, doc, elt) {
    switch (elt.tagNa...
stack:
  ->  [ModuleLogger.js:98] trace("Calling event handler: function onNewElement(evt, doc, elt) {\n    switch (elt.tagNa...")
  ->  [CoreEvents.js:292] fireEvent("NEW_ELEMENT",[object Array])
  ->  [CoreEvents.js:238] fire("NEW_ELEMENT",[object XPCWrappedNative_NoHelper],[object HTMLDocument],[object HTMLScriptElement])
  ->  [aptEventHandler.js:157] observe([object XPCWrappedNative_NoHelper],"jaxerEvent.NewHTMLElement",null)
paths:
  -> file:///E:/Aptana%20Jaxer%20Apache/Jaxer/Apache2-4Build/jaxer/framework/src/ModuleLogger.js
  -> file:///E:/Aptana%20Jaxer%20Apache/Jaxer/Apache2-4Build/jaxer/framework/src/CoreEvents.js
  -> file:///E:/Aptana%20Jaxer%20Apache/Jaxer/Apache2-4Build/jaxer/components/aptEventHandler.js

01:11:10 12/24/2025 [ 22864] [TRACE] [JS Framework] [NewElement.onNewElement] Received element: SCRIPT with no src and runat='server'
stack:
  ->  [ModuleLogger.js:98] trace("Received element: SCRIPT with no src and runat='server'")
  ->  [NewElement.js:88] onNewElement([object XPCWrappedNative_NoHelper],[object HTMLDocument],[object HTMLScriptElement])
  ->  [CoreEvents.js:293] fireEvent("NEW_ELEMENT",[object Array])
  ->  [CoreEvents.js:238] fire("NEW_ELEMENT",[object XPCWrappedNative_NoHelper],[object HTMLDocument],[object HTMLScriptElement])
  ->  [aptEventHandler.js:157] observe([object XPCWrappedNative_NoHelper],"jaxerEvent.NewHTMLElement",null)
paths:
  -> file:///E:/Aptana%20Jaxer%20Apache/Jaxer/Apache2-4Build/jaxer/framework/src/ModuleLogger.js
  -> file:///E:/Aptana%20Jaxer%20Apache/Jaxer/Apache2-4Build/jaxer/framework/src/NewElement.js
  -> file:///E:/Aptana%20Jaxer%20Apache/Jaxer/Apache2-4Build/jaxer/framework/src/CoreEvents.js
  -> file:///E:/Aptana%20Jaxer%20Apache/Jaxer/Apache2-4Build/jaxer/components/aptEventHandler.js

01:11:10 12/24/2025 [ 22864] [TRACE] [JS Framework] [CoreEvents.fire] At this time, evt.Request.isHandler=false and eventType: NEW_ELEMENT - SCRIPT
stack:
  ->  [ModuleLogger.js:98] trace("At this time, evt.Request.isHandler=false and eventType: NEW_ELEMENT - SCRIPT")
  ->  [CoreEvents.js:205] fire("NEW_ELEMENT",[object XPCWrappedNative_NoHelper],[object HTMLDocument],[object HTMLScriptElement])
  ->  [aptEventHandler.js:157] observe([object XPCWrappedNative_NoHelper],"jaxerEvent.NewHTMLElement",null)
paths:
  -> file:///E:/Aptana%20Jaxer%20Apache/Jaxer/Apache2-4Build/jaxer/framework/src/ModuleLogger.js
  -> file:///E:/Aptana%20Jaxer%20Apache/Jaxer/Apache2-4Build/jaxer/framework/src/CoreEvents.js
  -> file:///E:/Aptana%20Jaxer%20Apache/Jaxer/Apache2-4Build/jaxer/components/aptEventHandler.js

01:11:10 12/24/2025 [ 22864] [TRACE] [JS Framework] [CoreEvents.fireEvent] Firing an event for NEW_ELEMENT
stack:
  ->  [ModuleLogger.js:98] trace("Firing an event for NEW_ELEMENT")
  ->  [CoreEvents.js:282] fireEvent("NEW_ELEMENT",[object Array])
  ->  [CoreEvents.js:238] fire("NEW_ELEMENT",[object XPCWrappedNative_NoHelper],[object HTMLDocument],[object HTMLScriptElement])
  ->  [aptEventHandler.js:157] observe([object XPCWrappedNative_NoHelper],"jaxerEvent.NewHTMLElement",null)
paths:
  -> file:///E:/Aptana%20Jaxer%20Apache/Jaxer/Apache2-4Build/jaxer/framework/src/ModuleLogger.js
  -> file:///E:/Aptana%20Jaxer%20Apache/Jaxer/Apache2-4Build/jaxer/framework/src/CoreEvents.js
  -> file:///E:/Aptana%20Jaxer%20Apache/Jaxer/Apache2-4Build/jaxer/components/aptEventHandler.js

01:11:10 12/24/2025 [ 22864] [TRACE] [JS Framework] [CoreEvents.fireEvent] Calling event handler: function onNewElement(evt, doc, elt) {
    switch (elt.tagNa...
stack:
  ->  [ModuleLogger.js:98] trace("Calling event handler: function onNewElement(evt, doc, elt) {\n    switch (elt.tagNa...")
  ->  [CoreEvents.js:292] fireEvent("NEW_ELEMENT",[object Array])
  ->  [CoreEvents.js:238] fire("NEW_ELEMENT",[object XPCWrappedNative_NoHelper],[object HTMLDocument],[object HTMLScriptElement])
  ->  [aptEventHandler.js:157] observe([object XPCWrappedNative_NoHelper],"jaxerEvent.NewHTMLElement",null)
paths:
  -> file:///E:/Aptana%20Jaxer%20Apache/Jaxer/Apache2-4Build/jaxer/framework/src/ModuleLogger.js
  -> file:///E:/Aptana%20Jaxer%20Apache/Jaxer/Apache2-4Build/jaxer/framework/src/CoreEvents.js
  -> file:///E:/Aptana%20Jaxer%20Apache/Jaxer/Apache2-4Build/jaxer/components/aptEventHandler.js

01:11:10 12/24/2025 [ 22864] [TRACE] [JS Framework] [NewElement.onNewElement] Received element: SCRIPT with no src and runat='server'
stack:
  ->  [ModuleLogger.js:98] trace("Received element: SCRIPT with no src and runat='server'")
  ->  [NewElement.js:88] onNewElement([object XPCWrappedNative_NoHelper],[object HTMLDocument],[object HTMLScriptElement])
  ->  [CoreEvents.js:293] fireEvent("NEW_ELEMENT",[object Array])
  ->  [CoreEvents.js:238] fire("NEW_ELEMENT",[object XPCWrappedNative_NoHelper],[object HTMLDocument],[object HTMLScriptElement])
  ->  [aptEventHandler.js:157] observe([object XPCWrappedNative_NoHelper],"jaxerEvent.NewHTMLElement",null)
paths:
  -> file:///E:/Aptana%20Jaxer%20Apache/Jaxer/Apache2-4Build/jaxer/framework/src/ModuleLogger.js
  -> file:///E:/Aptana%20Jaxer%20Apache/Jaxer/Apache2-4Build/jaxer/framework/src/NewElement.js
  -> file:///E:/Aptana%20Jaxer%20Apache/Jaxer/Apache2-4Build/jaxer/framework/src/CoreEvents.js
  -> file:///E:/Aptana%20Jaxer%20Apache/Jaxer/Apache2-4Build/jaxer/components/aptEventHandler.js

01:11:10 12/24/2025 [ 22864] [TRACE] [JS Framework] [CoreEvents.fire] At this time, evt.Request.isHandler=false and eventType: PARSE_COMPLETE
stack:
  ->  [ModuleLogger.js:98] trace("At this time, evt.Request.isHandler=false and eventType: PARSE_COMPLETE")
  ->  [CoreEvents.js:205] fire("PARSE_COMPLETE",[object XPCWrappedNative_NoHelper],[object HTMLDocument])
  ->  [aptEventHandler.js:337] observe([object XPCWrappedNative_NoHelper],"jaxerEvent.HTMLParseComplete",null)
paths:
  -> file:///E:/Aptana%20Jaxer%20Apache/Jaxer/Apache2-4Build/jaxer/framework/src/ModuleLogger.js
  -> file:///E:/Aptana%20Jaxer%20Apache/Jaxer/Apache2-4Build/jaxer/framework/src/CoreEvents.js
  -> file:///E:/Aptana%20Jaxer%20Apache/Jaxer/Apache2-4Build/jaxer/components/aptEventHandler.js

01:11:10 12/24/2025 [ 22864] [TRACE] [JS Framework] [CoreEvents.fireEvent] Firing an event for HANDLE_PAGE
stack:
  ->  [ModuleLogger.js:98] trace("Firing an event for HANDLE_PAGE")
  ->  [CoreEvents.js:282] fireEvent("HANDLE_PAGE",[object Array])
  ->  [CoreEvents.js:234] fire("PARSE_COMPLETE",[object XPCWrappedNative_NoHelper],[object HTMLDocument])
  ->  [aptEventHandler.js:337] observe([object XPCWrappedNative_NoHelper],"jaxerEvent.HTMLParseComplete",null)
paths:
  -> file:///E:/Aptana%20Jaxer%20Apache/Jaxer/Apache2-4Build/jaxer/framework/src/ModuleLogger.js
  -> file:///E:/Aptana%20Jaxer%20Apache/Jaxer/Apache2-4Build/jaxer/framework/src/CoreEvents.js
  -> file:///E:/Aptana%20Jaxer%20Apache/Jaxer/Apache2-4Build/jaxer/components/aptEventHandler.js

01:11:10 12/24/2025 [ 22864] [TRACE] [JS Framework] [CoreEvents.fireEvent] Calling event handler: function onHandlePage(evt, doc) {
    if (checkErrors(doc)) ...
stack:
  ->  [ModuleLogger.js:98] trace("Calling event handler: function onHandlePage(evt, doc) {\n    if (checkErrors(doc)) ...")
  ->  [CoreEvents.js:292] fireEvent("HANDLE_PAGE",[object Array])
  ->  [CoreEvents.js:234] fire("PARSE_COMPLETE",[object XPCWrappedNative_NoHelper],[object HTMLDocument])
  ->  [aptEventHandler.js:337] observe([object XPCWrappedNative_NoHelper],"jaxerEvent.HTMLParseComplete",null)
paths:
  -> file:///E:/Aptana%20Jaxer%20Apache/Jaxer/Apache2-4Build/jaxer/framework/src/ModuleLogger.js
  -> file:///E:/Aptana%20Jaxer%20Apache/Jaxer/Apache2-4Build/jaxer/framework/src/CoreEvents.js
  -> file:///E:/Aptana%20Jaxer%20Apache/Jaxer/Apache2-4Build/jaxer/components/aptEventHandler.js

01:11:10 12/24/2025 [ 22864] [TRACE] [JS Framework] [HandlePage.onHandlePage] Processing onserverload with doc = [object HTMLDocument]
stack:
  ->  [ModuleLogger.js:98] trace("Processing onserverload with doc = [object HTMLDocument]")
  ->  [HandlePage.js:58] onHandlePage([object XPCWrappedNative_NoHelper],[object HTMLDocument])
  ->  [CoreEvents.js:293] fireEvent("HANDLE_PAGE",[object Array])
  ->  [CoreEvents.js:234] fire("PARSE_COMPLETE",[object XPCWrappedNative_NoHelper],[object HTMLDocument])
  ->  [aptEventHandler.js:337] observe([object XPCWrappedNative_NoHelper],"jaxerEvent.HTMLParseComplete",null)
paths:
  -> file:///E:/Aptana%20Jaxer%20Apache/Jaxer/Apache2-4Build/jaxer/framework/src/ModuleLogger.js
  -> file:///E:/Aptana%20Jaxer%20Apache/Jaxer/Apache2-4Build/jaxer/framework/src/HandlePage.js
  -> file:///E:/Aptana%20Jaxer%20Apache/Jaxer/Apache2-4Build/jaxer/framework/src/CoreEvents.js
  -> file:///E:/Aptana%20Jaxer%20Apache/Jaxer/Apache2-4Build/jaxer/components/aptEventHandler.js

01:11:10 12/24/2025 [ 22864] [TRACE] [JS Framework] [HandlePage.processLoadEvent] Processing load event 'serverload' with doc = [object HTMLDocument]
stack:
  ->  [ModuleLogger.js:98] trace("Processing load event 'serverload' with doc = [object HTMLDocument]")
  ->  [HandlePage.js:258] processLoadEvent("serverload",[object HTMLDocument],true)
  ->  [HandlePage.js:222] processOnServerLoad([object HTMLDocument])
  ->  [HandlePage.js:59] onHandlePage([object XPCWrappedNative_NoHelper],[object HTMLDocument])
  ->  [CoreEvents.js:293] fireEvent("HANDLE_PAGE",[object Array])
  ->  [CoreEvents.js:234] fire("PARSE_COMPLETE",[object XPCWrappedNative_NoHelper],[object HTMLDocument])
  ->  [aptEventHandler.js:337] observe([object XPCWrappedNative_NoHelper],"jaxerEvent.HTMLParseComplete",null)
paths:
  -> file:///E:/Aptana%20Jaxer%20Apache/Jaxer/Apache2-4Build/jaxer/framework/src/ModuleLogger.js
  -> file:///E:/Aptana%20Jaxer%20Apache/Jaxer/Apache2-4Build/jaxer/framework/src/HandlePage.js
  -> file:///E:/Aptana%20Jaxer%20Apache/Jaxer/Apache2-4Build/jaxer/framework/src/CoreEvents.js
  -> file:///E:/Aptana%20Jaxer%20Apache/Jaxer/Apache2-4Build/jaxer/components/aptEventHandler.js

01:11:10 12/24/2025 [ 22864] [TRACE] [JS Framework] [HandlePage.processLoadEvent] Processing load event 'load' with doc = [object HTMLDocument]
stack:
  ->  [ModuleLogger.js:98] trace("Processing load event 'load' with doc = [object HTMLDocument]")
  ->  [HandlePage.js:258] processLoadEvent("load",[object HTMLDocument],false)
  ->  [HandlePage.js:227] processOnServerLoad([object HTMLDocument])
  ->  [HandlePage.js:59] onHandlePage([object XPCWrappedNative_NoHelper],[object HTMLDocument])
  ->  [CoreEvents.js:293] fireEvent("HANDLE_PAGE",[object Array])
  ->  [CoreEvents.js:234] fire("PARSE_COMPLETE",[object XPCWrappedNative_NoHelper],[object HTMLDocument])
  ->  [aptEventHandler.js:337] observe([object XPCWrappedNative_NoHelper],"jaxerEvent.HTMLParseComplete",null)
paths:
  -> file:///E:/Aptana%20Jaxer%20Apache/Jaxer/Apache2-4Build/jaxer/framework/src/ModuleLogger.js
  -> file:///E:/Aptana%20Jaxer%20Apache/Jaxer/Apache2-4Build/jaxer/framework/src/HandlePage.js
  -> file:///E:/Aptana%20Jaxer%20Apache/Jaxer/Apache2-4Build/jaxer/framework/src/CoreEvents.js
  -> file:///E:/Aptana%20Jaxer%20Apache/Jaxer/Apache2-4Build/jaxer/components/aptEventHandler.js

01:11:10 12/24/2025 [ 22864] [DEBUG] [JS Framework] [HandlePage.onHandlePage] Script processing starting
stack:
  ->  [ModuleLogger.js:98] debug("Script processing starting")
  ->  [HandlePage.js:62] onHandlePage([object XPCWrappedNative_NoHelper],[object HTMLDocument])
  ->  [CoreEvents.js:293] fireEvent("HANDLE_PAGE",[object Array])
  ->  [CoreEvents.js:234] fire("PARSE_COMPLETE",[object XPCWrappedNative_NoHelper],[object HTMLDocument])
  ->  [aptEventHandler.js:337] observe([object XPCWrappedNative_NoHelper],"jaxerEvent.HTMLParseComplete",null)
paths:
  -> file:///E:/Aptana%20Jaxer%20Apache/Jaxer/Apache2-4Build/jaxer/framework/src/ModuleLogger.js
  -> file:///E:/Aptana%20Jaxer%20Apache/Jaxer/Apache2-4Build/jaxer/framework/src/HandlePage.js
  -> file:///E:/Aptana%20Jaxer%20Apache/Jaxer/Apache2-4Build/jaxer/framework/src/CoreEvents.js
  -> file:///E:/Aptana%20Jaxer%20Apache/Jaxer/Apache2-4Build/jaxer/components/aptEventHandler.js

01:11:10 12/24/2025 [ 22864] [DEBUG] [JS Framework] [CallbackManager.processScriptElements] Found 5 script blocks to conditionally post-process
stack:
  ->  [ModuleLogger.js:98] debug("Found 5 script blocks to conditionally post-process")
  ->  [CallbackManager.js:505] processScriptElements([object Object])
  ->  [CallbackManager.js:67] processCallbacks([object HTMLDocument])
  ->  [HandlePage.js:63] onHandlePage([object XPCWrappedNative_NoHelper],[object HTMLDocument])
  ->  [CoreEvents.js:293] fireEvent("HANDLE_PAGE",[object Array])
  ->  [CoreEvents.js:234] fire("PARSE_COMPLETE",[object XPCWrappedNative_NoHelper],[object HTMLDocument])
  ->  [aptEventHandler.js:337] observe([object XPCWrappedNative_NoHelper],"jaxerEvent.HTMLParseComplete",null)
paths:
  -> file:///E:/Aptana%20Jaxer%20Apache/Jaxer/Apache2-4Build/jaxer/framework/src/ModuleLogger.js
  -> file:///E:/Aptana%20Jaxer%20Apache/Jaxer/Apache2-4Build/jaxer/framework/src/CallbackManager.js
  -> file:///E:/Aptana%20Jaxer%20Apache/Jaxer/Apache2-4Build/jaxer/framework/src/HandlePage.js
  -> file:///E:/Aptana%20Jaxer%20Apache/Jaxer/Apache2-4Build/jaxer/framework/src/CoreEvents.js
  -> file:///E:/Aptana%20Jaxer%20Apache/Jaxer/Apache2-4Build/jaxer/components/aptEventHandler.js

01:11:10 12/24/2025 [ 22864] [DEBUG] [JS Framework] [ScriptProcessor.process] Post-processing script block with no src and runat='both' and contents='
			function $(id) { return document.getElementById(id); }
		'
stack:
  ->  [ModuleLogger.js:98] debug("Post-processing script block with no src and runat='both' and contents='\n\t\t\tfunction $(id) { return document.getElementById(id); }\n\t\t'")
  ->  [ScriptProcessor.js:280] process()
  ->  [CallbackManager.js:511] processElement([object HTMLScriptElement],0,[object Array])
  ->  [CallbackManager.js:509] processScriptElements([object Object])
  ->  [CallbackManager.js:67] processCallbacks([object HTMLDocument])
  ->  [HandlePage.js:63] onHandlePage([object XPCWrappedNative_NoHelper],[object HTMLDocument])
  ->  [CoreEvents.js:293] fireEvent("HANDLE_PAGE",[object Array])
  ->  [CoreEvents.js:234] fire("PARSE_COMPLETE",[object XPCWrappedNative_NoHelper],[object HTMLDocument])
  ->  [aptEventHandler.js:337] observe([object XPCWrappedNative_NoHelper],"jaxerEvent.HTMLParseComplete",null)
paths:
  -> file:///E:/Aptana%20Jaxer%20Apache/Jaxer/Apache2-4Build/jaxer/framework/src/ModuleLogger.js
  -> file:///E:/Aptana%20Jaxer%20Apache/Jaxer/Apache2-4Build/jaxer/framework/src/ScriptProcessor.js
  -> file:///E:/Aptana%20Jaxer%20Apache/Jaxer/Apache2-4Build/jaxer/framework/src/CallbackManager.js
  -> file:///E:/Aptana%20Jaxer%20Apache/Jaxer/Apache2-4Build/jaxer/framework/src/HandlePage.js
  -> file:///E:/Aptana%20Jaxer%20Apache/Jaxer/Apache2-4Build/jaxer/framework/src/CoreEvents.js
  -> file:///E:/Aptana%20Jaxer%20Apache/Jaxer/Apache2-4Build/jaxer/components/aptEventHandler.js

01:11:10 12/24/2025 [ 22864] [DEBUG] [JS Framework] [ScriptProcessor.process] Found 1 functions to process
stack:
  ->  [ModuleLogger.js:98] debug("Found 1 functions to process")
  ->  [ScriptProcessor.js:284] process()
  ->  [CallbackManager.js:511] processElement([object HTMLScriptElement],0,[object Array])
  ->  [CallbackManager.js:509] processScriptElements([object Object])
  ->  [CallbackManager.js:67] processCallbacks([object HTMLDocument])
  ->  [HandlePage.js:63] onHandlePage([object XPCWrappedNative_NoHelper],[object HTMLDocument])
  ->  [CoreEvents.js:293] fireEvent("HANDLE_PAGE",[object Array])
  ->  [CoreEvents.js:234] fire("PARSE_COMPLETE",[object XPCWrappedNative_NoHelper],[object HTMLDocument])
  ->  [aptEventHandler.js:337] observe([object XPCWrappedNative_NoHelper],"jaxerEvent.HTMLParseComplete",null)
paths:
  -> file:///E:/Aptana%20Jaxer%20Apache/Jaxer/Apache2-4Build/jaxer/framework/src/ModuleLogger.js
  -> file:///E:/Aptana%20Jaxer%20Apache/Jaxer/Apache2-4Build/jaxer/framework/src/ScriptProcessor.js
  -> file:///E:/Aptana%20Jaxer%20Apache/Jaxer/Apache2-4Build/jaxer/framework/src/CallbackManager.js
  -> file:///E:/Aptana%20Jaxer%20Apache/Jaxer/Apache2-4Build/jaxer/framework/src/HandlePage.js
  -> file:///E:/Aptana%20Jaxer%20Apache/Jaxer/Apache2-4Build/jaxer/framework/src/CoreEvents.js
  -> file:///E:/Aptana%20Jaxer%20Apache/Jaxer/Apache2-4Build/jaxer/components/aptEventHandler.js

01:11:10 12/24/2025 [ 22864] [TRACE] [JS Framework] [ScriptProcessor.process] Processing function '$' with runat=both, proxy=false, effectiveRunat=both
stack:
  ->  [ModuleLogger.js:98] trace("Processing function '$' with runat=both, proxy=false, effectiveRunat=both")
  ->  [ScriptProcessor.js:307] process()
  ->  [CallbackManager.js:511] processElement([object HTMLScriptElement],0,[object Array])
  ->  [CallbackManager.js:509] processScriptElements([object Object])
  ->  [CallbackManager.js:67] processCallbacks([object HTMLDocument])
  ->  [HandlePage.js:63] onHandlePage([object XPCWrappedNative_NoHelper],[object HTMLDocument])
  ->  [CoreEvents.js:293] fireEvent("HANDLE_PAGE",[object Array])
  ->  [CoreEvents.js:234] fire("PARSE_COMPLETE",[object XPCWrappedNative_NoHelper],[object HTMLDocument])
  ->  [aptEventHandler.js:337] observe([object XPCWrappedNative_NoHelper],"jaxerEvent.HTMLParseComplete",null)
paths:
  -> file:///E:/Aptana%20Jaxer%20Apache/Jaxer/Apache2-4Build/jaxer/framework/src/ModuleLogger.js
  -> file:///E:/Aptana%20Jaxer%20Apache/Jaxer/Apache2-4Build/jaxer/framework/src/ScriptProcessor.js
  -> file:///E:/Aptana%20Jaxer%20Apache/Jaxer/Apache2-4Build/jaxer/framework/src/CallbackManager.js
  -> file:///E:/Aptana%20Jaxer%20Apache/Jaxer/Apache2-4Build/jaxer/framework/src/HandlePage.js
  -> file:///E:/Aptana%20Jaxer%20Apache/Jaxer/Apache2-4Build/jaxer/framework/src/CoreEvents.js
  -> file:///E:/Aptana%20Jaxer%20Apache/Jaxer/Apache2-4Build/jaxer/components/aptEventHandler.js

01:11:10 12/24/2025 [ 22864] [DEBUG] [JS Framework] [ScriptProcessor.process] Post-processing script block with no src and runat='server' and contents='
            
        function getBytes(URL,action){
			
			var response = {};
			
            var H...'
stack:
  ->  [ModuleLogger.js:98] debug("Post-processing script block with no src and runat='server' and contents='\n            \n        function getBytes(URL,action){\n\t\t\t\n\t\t\tvar response = {};\n\t\t\t\n            var H...'")
  ->  [ScriptProcessor.js:280] process()
  ->  [CallbackManager.js:511] processElement([object HTMLScriptElement],1,[object Array])
  ->  [CallbackManager.js:509] processScriptElements([object Object])
  ->  [CallbackManager.js:67] processCallbacks([object HTMLDocument])
  ->  [HandlePage.js:63] onHandlePage([object XPCWrappedNative_NoHelper],[object HTMLDocument])
  ->  [CoreEvents.js:293] fireEvent("HANDLE_PAGE",[object Array])
  ->  [CoreEvents.js:234] fire("PARSE_COMPLETE",[object XPCWrappedNative_NoHelper],[object HTMLDocument])
  ->  [aptEventHandler.js:337] observe([object XPCWrappedNative_NoHelper],"jaxerEvent.HTMLParseComplete",null)
paths:
  -> file:///E:/Aptana%20Jaxer%20Apache/Jaxer/Apache2-4Build/jaxer/framework/src/ModuleLogger.js
  -> file:///E:/Aptana%20Jaxer%20Apache/Jaxer/Apache2-4Build/jaxer/framework/src/ScriptProcessor.js
  -> file:///E:/Aptana%20Jaxer%20Apache/Jaxer/Apache2-4Build/jaxer/framework/src/CallbackManager.js
  -> file:///E:/Aptana%20Jaxer%20Apache/Jaxer/Apache2-4Build/jaxer/framework/src/HandlePage.js
  -> file:///E:/Aptana%20Jaxer%20Apache/Jaxer/Apache2-4Build/jaxer/framework/src/CoreEvents.js
  -> file:///E:/Aptana%20Jaxer%20Apache/Jaxer/Apache2-4Build/jaxer/components/aptEventHandler.js

01:11:10 12/24/2025 [ 22864] [DEBUG] [JS Framework] [ScriptProcessor.process] Found 5 functions to process
stack:
  ->  [ModuleLogger.js:98] debug("Found 5 functions to process")
  ->  [ScriptProcessor.js:284] process()
  ->  [CallbackManager.js:511] processElement([object HTMLScriptElement],1,[object Array])
  ->  [CallbackManager.js:509] processScriptElements([object Object])
  ->  [CallbackManager.js:67] processCallbacks([object HTMLDocument])
  ->  [HandlePage.js:63] onHandlePage([object XPCWrappedNative_NoHelper],[object HTMLDocument])
  ->  [CoreEvents.js:293] fireEvent("HANDLE_PAGE",[object Array])
  ->  [CoreEvents.js:234] fire("PARSE_COMPLETE",[object XPCWrappedNative_NoHelper],[object HTMLDocument])
  ->  [aptEventHandler.js:337] observe([object XPCWrappedNative_NoHelper],"jaxerEvent.HTMLParseComplete",null)
paths:
  -> file:///E:/Aptana%20Jaxer%20Apache/Jaxer/Apache2-4Build/jaxer/framework/src/ModuleLogger.js
  -> file:///E:/Aptana%20Jaxer%20Apache/Jaxer/Apache2-4Build/jaxer/framework/src/ScriptProcessor.js
  -> file:///E:/Aptana%20Jaxer%20Apache/Jaxer/Apache2-4Build/jaxer/framework/src/CallbackManager.js
  -> file:///E:/Aptana%20Jaxer%20Apache/Jaxer/Apache2-4Build/jaxer/framework/src/HandlePage.js
  -> file:///E:/Aptana%20Jaxer%20Apache/Jaxer/Apache2-4Build/jaxer/framework/src/CoreEvents.js
  -> file:///E:/Aptana%20Jaxer%20Apache/Jaxer/Apache2-4Build/jaxer/components/aptEventHandler.js

01:11:10 12/24/2025 [ 22864] [TRACE] [JS Framework] [ScriptProcessor.process] Processing function 'getBytes' with runat=server, proxy=true, effectiveRunat=server-proxy
stack:
  ->  [ModuleLogger.js:98] trace("Processing function 'getBytes' with runat=server, proxy=true, effectiveRunat=server-proxy")
  ->  [ScriptProcessor.js:307] process()
  ->  [CallbackManager.js:511] processElement([object HTMLScriptElement],1,[object Array])
  ->  [CallbackManager.js:509] processScriptElements([object Object])
  ->  [CallbackManager.js:67] processCallbacks([object HTMLDocument])
  ->  [HandlePage.js:63] onHandlePage([object XPCWrappedNative_NoHelper],[object HTMLDocument])
  ->  [CoreEvents.js:293] fireEvent("HANDLE_PAGE",[object Array])
  ->  [CoreEvents.js:234] fire("PARSE_COMPLETE",[object XPCWrappedNative_NoHelper],[object HTMLDocument])
  ->  [aptEventHandler.js:337] observe([object XPCWrappedNative_NoHelper],"jaxerEvent.HTMLParseComplete",null)
paths:
  -> file:///E:/Aptana%20Jaxer%20Apache/Jaxer/Apache2-4Build/jaxer/framework/src/ModuleLogger.js
  -> file:///E:/Aptana%20Jaxer%20Apache/Jaxer/Apache2-4Build/jaxer/framework/src/ScriptProcessor.js
  -> file:///E:/Aptana%20Jaxer%20Apache/Jaxer/Apache2-4Build/jaxer/framework/src/CallbackManager.js
  -> file:///E:/Aptana%20Jaxer%20Apache/Jaxer/Apache2-4Build/jaxer/framework/src/HandlePage.js
  -> file:///E:/Aptana%20Jaxer%20Apache/Jaxer/Apache2-4Build/jaxer/framework/src/CoreEvents.js
  -> file:///E:/Aptana%20Jaxer%20Apache/Jaxer/Apache2-4Build/jaxer/components/aptEventHandler.js

01:11:10 12/24/2025 [ 22864] [TRACE] [JS Framework] [ScriptProcessor.process] Processing function 'formatOutputLine' with runat=server, proxy=false, effectiveRunat=server
stack:
  ->  [ModuleLogger.js:98] trace("Processing function 'formatOutputLine' with runat=server, proxy=false, effectiveRunat=server")
  ->  [ScriptProcessor.js:307] process()
  ->  [CallbackManager.js:511] processElement([object HTMLScriptElement],1,[object Array])
  ->  [CallbackManager.js:509] processScriptElements([object Object])
  ->  [CallbackManager.js:67] processCallbacks([object HTMLDocument])
  ->  [HandlePage.js:63] onHandlePage([object XPCWrappedNative_NoHelper],[object HTMLDocument])
  ->  [CoreEvents.js:293] fireEvent("HANDLE_PAGE",[object Array])
  ->  [CoreEvents.js:234] fire("PARSE_COMPLETE",[object XPCWrappedNative_NoHelper],[object HTMLDocument])
  ->  [aptEventHandler.js:337] observe([object XPCWrappedNative_NoHelper],"jaxerEvent.HTMLParseComplete",null)
paths:
  -> file:///E:/Aptana%20Jaxer%20Apache/Jaxer/Apache2-4Build/jaxer/framework/src/ModuleLogger.js
  -> file:///E:/Aptana%20Jaxer%20Apache/Jaxer/Apache2-4Build/jaxer/framework/src/ScriptProcessor.js
  -> file:///E:/Aptana%20Jaxer%20Apache/Jaxer/Apache2-4Build/jaxer/framework/src/CallbackManager.js
  -> file:///E:/Aptana%20Jaxer%20Apache/Jaxer/Apache2-4Build/jaxer/framework/src/HandlePage.js
  -> file:///E:/Aptana%20Jaxer%20Apache/Jaxer/Apache2-4Build/jaxer/framework/src/CoreEvents.js
  -> file:///E:/Aptana%20Jaxer%20Apache/Jaxer/Apache2-4Build/jaxer/components/aptEventHandler.js

01:11:10 12/24/2025 [ 22864] [TRACE] [JS Framework] [ScriptProcessor.process] Processing function 'padHexLine' with runat=server, proxy=false, effectiveRunat=server
stack:
  ->  [ModuleLogger.js:98] trace("Processing function 'padHexLine' with runat=server, proxy=false, effectiveRunat=server")
  ->  [ScriptProcessor.js:307] process()
  ->  [CallbackManager.js:511] processElement([object HTMLScriptElement],1,[object Array])
  ->  [CallbackManager.js:509] processScriptElements([object Object])
  ->  [CallbackManager.js:67] processCallbacks([object HTMLDocument])
  ->  [HandlePage.js:63] onHandlePage([object XPCWrappedNative_NoHelper],[object HTMLDocument])
  ->  [CoreEvents.js:293] fireEvent("HANDLE_PAGE",[object Array])
  ->  [CoreEvents.js:234] fire("PARSE_COMPLETE",[object XPCWrappedNative_NoHelper],[object HTMLDocument])
  ->  [aptEventHandler.js:337] observe([object XPCWrappedNative_NoHelper],"jaxerEvent.HTMLParseComplete",null)
paths:
  -> file:///E:/Aptana%20Jaxer%20Apache/Jaxer/Apache2-4Build/jaxer/framework/src/ModuleLogger.js
  -> file:///E:/Aptana%20Jaxer%20Apache/Jaxer/Apache2-4Build/jaxer/framework/src/ScriptProcessor.js
  -> file:///E:/Aptana%20Jaxer%20Apache/Jaxer/Apache2-4Build/jaxer/framework/src/CallbackManager.js
  -> file:///E:/Aptana%20Jaxer%20Apache/Jaxer/Apache2-4Build/jaxer/framework/src/HandlePage.js
  -> file:///E:/Aptana%20Jaxer%20Apache/Jaxer/Apache2-4Build/jaxer/framework/src/CoreEvents.js
  -> file:///E:/Aptana%20Jaxer%20Apache/Jaxer/Apache2-4Build/jaxer/components/aptEventHandler.js

01:11:10 12/24/2025 [ 22864] [TRACE] [JS Framework] [ScriptProcessor.process] Processing function 'toHex' with runat=server, proxy=false, effectiveRunat=server
stack:
  ->  [ModuleLogger.js:98] trace("Processing function 'toHex' with runat=server, proxy=false, effectiveRunat=server")
  ->  [ScriptProcessor.js:307] process()
  ->  [CallbackManager.js:511] processElement([object HTMLScriptElement],1,[object Array])
  ->  [CallbackManager.js:509] processScriptElements([object Object])
  ->  [CallbackManager.js:67] processCallbacks([object HTMLDocument])
  ->  [HandlePage.js:63] onHandlePage([object XPCWrappedNative_NoHelper],[object HTMLDocument])
  ->  [CoreEvents.js:293] fireEvent("HANDLE_PAGE",[object Array])
  ->  [CoreEvents.js:234] fire("PARSE_COMPLETE",[object XPCWrappedNative_NoHelper],[object HTMLDocument])
  ->  [aptEventHandler.js:337] observe([object XPCWrappedNative_NoHelper],"jaxerEvent.HTMLParseComplete",null)
paths:
  -> file:///E:/Aptana%20Jaxer%20Apache/Jaxer/Apache2-4Build/jaxer/framework/src/ModuleLogger.js
  -> file:///E:/Aptana%20Jaxer%20Apache/Jaxer/Apache2-4Build/jaxer/framework/src/ScriptProcessor.js
  -> file:///E:/Aptana%20Jaxer%20Apache/Jaxer/Apache2-4Build/jaxer/framework/src/CallbackManager.js
  -> file:///E:/Aptana%20Jaxer%20Apache/Jaxer/Apache2-4Build/jaxer/framework/src/HandlePage.js
  -> file:///E:/Aptana%20Jaxer%20Apache/Jaxer/Apache2-4Build/jaxer/framework/src/CoreEvents.js
  -> file:///E:/Aptana%20Jaxer%20Apache/Jaxer/Apache2-4Build/jaxer/components/aptEventHandler.js

01:11:10 12/24/2025 [ 22864] [TRACE] [JS Framework] [ScriptProcessor.process] Processing function 'zeroPad' with runat=server, proxy=false, effectiveRunat=server
stack:
  ->  [ModuleLogger.js:98] trace("Processing function 'zeroPad' with runat=server, proxy=false, effectiveRunat=server")
  ->  [ScriptProcessor.js:307] process()
  ->  [CallbackManager.js:511] processElement([object HTMLScriptElement],1,[object Array])
  ->  [CallbackManager.js:509] processScriptElements([object Object])
  ->  [CallbackManager.js:67] processCallbacks([object HTMLDocument])
  ->  [HandlePage.js:63] onHandlePage([object XPCWrappedNative_NoHelper],[object HTMLDocument])
  ->  [CoreEvents.js:293] fireEvent("HANDLE_PAGE",[object Array])
  ->  [CoreEvents.js:234] fire("PARSE_COMPLETE",[object XPCWrappedNative_NoHelper],[object HTMLDocument])
  ->  [aptEventHandler.js:337] observe([object XPCWrappedNative_NoHelper],"jaxerEvent.HTMLParseComplete",null)
paths:
  -> file:///E:/Aptana%20Jaxer%20Apache/Jaxer/Apache2-4Build/jaxer/framework/src/ModuleLogger.js
  -> file:///E:/Aptana%20Jaxer%20Apache/Jaxer/Apache2-4Build/jaxer/framework/src/ScriptProcessor.js
  -> file:///E:/Aptana%20Jaxer%20Apache/Jaxer/Apache2-4Build/jaxer/framework/src/CallbackManager.js
  -> file:///E:/Aptana%20Jaxer%20Apache/Jaxer/Apache2-4Build/jaxer/framework/src/HandlePage.js
  -> file:///E:/Aptana%20Jaxer%20Apache/Jaxer/Apache2-4Build/jaxer/framework/src/CoreEvents.js
  -> file:///E:/Aptana%20Jaxer%20Apache/Jaxer/Apache2-4Build/jaxer/components/aptEventHandler.js

01:11:10 12/24/2025 [ 22864] [DEBUG] [JS Framework] [ScriptProcessor.process] Post-processing script block with no src and runat='server' and contents='
			if (Jaxer.Config.LOCAL_CONF_DIR.match('com.aptana.ide.framework.jaxer')) {
				$('sampleSource')...'
stack:
  ->  [ModuleLogger.js:98] debug("Post-processing script block with no src and runat='server' and contents='\n\t\t\tif (Jaxer.Config.LOCAL_CONF_DIR.match('com.aptana.ide.framework.jaxer')) {\n\t\t\t\t$('sampleSource')...'")
  ->  [ScriptProcessor.js:280] process()
  ->  [CallbackManager.js:511] processElement([object HTMLScriptElement],4,[object Array])
  ->  [CallbackManager.js:509] processScriptElements([object Object])
  ->  [CallbackManager.js:67] processCallbacks([object HTMLDocument])
  ->  [HandlePage.js:63] onHandlePage([object XPCWrappedNative_NoHelper],[object HTMLDocument])
  ->  [CoreEvents.js:293] fireEvent("HANDLE_PAGE",[object Array])
  ->  [CoreEvents.js:234] fire("PARSE_COMPLETE",[object XPCWrappedNative_NoHelper],[object HTMLDocument])
  ->  [aptEventHandler.js:337] observe([object XPCWrappedNative_NoHelper],"jaxerEvent.HTMLParseComplete",null)
paths:
  -> file:///E:/Aptana%20Jaxer%20Apache/Jaxer/Apache2-4Build/jaxer/framework/src/ModuleLogger.js
  -> file:///E:/Aptana%20Jaxer%20Apache/Jaxer/Apache2-4Build/jaxer/framework/src/ScriptProcessor.js
  -> file:///E:/Aptana%20Jaxer%20Apache/Jaxer/Apache2-4Build/jaxer/framework/src/CallbackManager.js
  -> file:///E:/Aptana%20Jaxer%20Apache/Jaxer/Apache2-4Build/jaxer/framework/src/HandlePage.js
  -> file:///E:/Aptana%20Jaxer%20Apache/Jaxer/Apache2-4Build/jaxer/framework/src/CoreEvents.js
  -> file:///E:/Aptana%20Jaxer%20Apache/Jaxer/Apache2-4Build/jaxer/components/aptEventHandler.js

01:11:10 12/24/2025 [ 22864] [DEBUG] [JS Framework] [ScriptProcessor.process] Found 0 functions to process
stack:
  ->  [ModuleLogger.js:98] debug("Found 0 functions to process")
  ->  [ScriptProcessor.js:284] process()
  ->  [CallbackManager.js:511] processElement([object HTMLScriptElement],4,[object Array])
  ->  [CallbackManager.js:509] processScriptElements([object Object])
  ->  [CallbackManager.js:67] processCallbacks([object HTMLDocument])
  ->  [HandlePage.js:63] onHandlePage([object XPCWrappedNative_NoHelper],[object HTMLDocument])
  ->  [CoreEvents.js:293] fireEvent("HANDLE_PAGE",[object Array])
  ->  [CoreEvents.js:234] fire("PARSE_COMPLETE",[object XPCWrappedNative_NoHelper],[object HTMLDocument])
  ->  [aptEventHandler.js:337] observe([object XPCWrappedNative_NoHelper],"jaxerEvent.HTMLParseComplete",null)
paths:
  -> file:///E:/Aptana%20Jaxer%20Apache/Jaxer/Apache2-4Build/jaxer/framework/src/ModuleLogger.js
  -> file:///E:/Aptana%20Jaxer%20Apache/Jaxer/Apache2-4Build/jaxer/framework/src/ScriptProcessor.js
  -> file:///E:/Aptana%20Jaxer%20Apache/Jaxer/Apache2-4Build/jaxer/framework/src/CallbackManager.js
  -> file:///E:/Aptana%20Jaxer%20Apache/Jaxer/Apache2-4Build/jaxer/framework/src/HandlePage.js
  -> file:///E:/Aptana%20Jaxer%20Apache/Jaxer/Apache2-4Build/jaxer/framework/src/CoreEvents.js
  -> file:///E:/Aptana%20Jaxer%20Apache/Jaxer/Apache2-4Build/jaxer/components/aptEventHandler.js

01:11:10 12/24/2025 [ 22864] [DEBUG] [JS Framework] [ScriptProcessor.apply] This script block will be sent to the browser
stack:
  ->  [ModuleLogger.js:98] debug("This script block will be sent to the browser")
  ->  [ScriptProcessor.js:342] apply()
  ->  [CallbackManager.js:537] postProcess([object Object],0,[object Array])
  ->  [CallbackManager.js:519] processScriptElements([object Object])
  ->  [CallbackManager.js:67] processCallbacks([object HTMLDocument])
  ->  [HandlePage.js:63] onHandlePage([object XPCWrappedNative_NoHelper],[object HTMLDocument])
  ->  [CoreEvents.js:293] fireEvent("HANDLE_PAGE",[object Array])
  ->  [CoreEvents.js:234] fire("PARSE_COMPLETE",[object XPCWrappedNative_NoHelper],[object HTMLDocument])
  ->  [aptEventHandler.js:337] observe([object XPCWrappedNative_NoHelper],"jaxerEvent.HTMLParseComplete",null)
paths:
  -> file:///E:/Aptana%20Jaxer%20Apache/Jaxer/Apache2-4Build/jaxer/framework/src/ModuleLogger.js
  -> file:///E:/Aptana%20Jaxer%20Apache/Jaxer/Apache2-4Build/jaxer/framework/src/ScriptProcessor.js
  -> file:///E:/Aptana%20Jaxer%20Apache/Jaxer/Apache2-4Build/jaxer/framework/src/CallbackManager.js
  -> file:///E:/Aptana%20Jaxer%20Apache/Jaxer/Apache2-4Build/jaxer/framework/src/HandlePage.js
  -> file:///E:/Aptana%20Jaxer%20Apache/Jaxer/Apache2-4Build/jaxer/framework/src/CoreEvents.js
  -> file:///E:/Aptana%20Jaxer%20Apache/Jaxer/Apache2-4Build/jaxer/components/aptEventHandler.js

01:11:10 12/24/2025 [ 22864] [DEBUG] [JS Framework] [ScriptProcessor.apply] This script block will be sent to the browser
stack:
  ->  [ModuleLogger.js:98] debug("This script block will be sent to the browser")
  ->  [ScriptProcessor.js:342] apply()
  ->  [CallbackManager.js:537] postProcess([object Object],1,[object Array])
  ->  [CallbackManager.js:519] processScriptElements([object Object])
  ->  [CallbackManager.js:67] processCallbacks([object HTMLDocument])
  ->  [HandlePage.js:63] onHandlePage([object XPCWrappedNative_NoHelper],[object HTMLDocument])
  ->  [CoreEvents.js:293] fireEvent("HANDLE_PAGE",[object Array])
  ->  [CoreEvents.js:234] fire("PARSE_COMPLETE",[object XPCWrappedNative_NoHelper],[object HTMLDocument])
  ->  [aptEventHandler.js:337] observe([object XPCWrappedNative_NoHelper],"jaxerEvent.HTMLParseComplete",null)
paths:
  -> file:///E:/Aptana%20Jaxer%20Apache/Jaxer/Apache2-4Build/jaxer/framework/src/ModuleLogger.js
  -> file:///E:/Aptana%20Jaxer%20Apache/Jaxer/Apache2-4Build/jaxer/framework/src/ScriptProcessor.js
  -> file:///E:/Aptana%20Jaxer%20Apache/Jaxer/Apache2-4Build/jaxer/framework/src/CallbackManager.js
  -> file:///E:/Aptana%20Jaxer%20Apache/Jaxer/Apache2-4Build/jaxer/framework/src/HandlePage.js
  -> file:///E:/Aptana%20Jaxer%20Apache/Jaxer/Apache2-4Build/jaxer/framework/src/CoreEvents.js
  -> file:///E:/Aptana%20Jaxer%20Apache/Jaxer/Apache2-4Build/jaxer/components/aptEventHandler.js

01:11:10 12/24/2025 [ 22864] [DEBUG] [JS Framework] [ScriptProcessor.apply] Removed script block from DOM
stack:
  ->  [ModuleLogger.js:98] debug("Removed script block from DOM")
  ->  [ScriptProcessor.js:356] apply()
  ->  [CallbackManager.js:537] postProcess([object Object],4,[object Array])
  ->  [CallbackManager.js:519] processScriptElements([object Object])
  ->  [CallbackManager.js:67] processCallbacks([object HTMLDocument])
  ->  [HandlePage.js:63] onHandlePage([object XPCWrappedNative_NoHelper],[object HTMLDocument])
  ->  [CoreEvents.js:293] fireEvent("HANDLE_PAGE",[object Array])
  ->  [CoreEvents.js:234] fire("PARSE_COMPLETE",[object XPCWrappedNative_NoHelper],[object HTMLDocument])
  ->  [aptEventHandler.js:337] observe([object XPCWrappedNative_NoHelper],"jaxerEvent.HTMLParseComplete",null)
paths:
  -> file:///E:/Aptana%20Jaxer%20Apache/Jaxer/Apache2-4Build/jaxer/framework/src/ModuleLogger.js
  -> file:///E:/Aptana%20Jaxer%20Apache/Jaxer/Apache2-4Build/jaxer/framework/src/ScriptProcessor.js
  -> file:///E:/Aptana%20Jaxer%20Apache/Jaxer/Apache2-4Build/jaxer/framework/src/CallbackManager.js
  -> file:///E:/Aptana%20Jaxer%20Apache/Jaxer/Apache2-4Build/jaxer/framework/src/HandlePage.js
  -> file:///E:/Aptana%20Jaxer%20Apache/Jaxer/Apache2-4Build/jaxer/framework/src/CoreEvents.js
  -> file:///E:/Aptana%20Jaxer%20Apache/Jaxer/Apache2-4Build/jaxer/components/aptEventHandler.js

01:11:10 12/24/2025 [ 22864] [TRACE] [JS Framework] [CallbackManager.cacheServerFunctions] Going to cache 6 functions...
stack:
  ->  [ModuleLogger.js:98] trace("Going to cache 6 functions...")
  ->  [CallbackManager.js:91] cacheServerFunctions([object Object])
  ->  [CallbackManager.js:73] processCallbacks([object HTMLDocument])
  ->  [HandlePage.js:63] onHandlePage([object XPCWrappedNative_NoHelper],[object HTMLDocument])
  ->  [CoreEvents.js:293] fireEvent("HANDLE_PAGE",[object Array])
  ->  [CoreEvents.js:234] fire("PARSE_COMPLETE",[object XPCWrappedNative_NoHelper],[object HTMLDocument])
  ->  [aptEventHandler.js:337] observe([object XPCWrappedNative_NoHelper],"jaxerEvent.HTMLParseComplete",null)
paths:
  -> file:///E:/Aptana%20Jaxer%20Apache/Jaxer/Apache2-4Build/jaxer/framework/src/ModuleLogger.js
  -> file:///E:/Aptana%20Jaxer%20Apache/Jaxer/Apache2-4Build/jaxer/framework/src/CallbackManager.js
  -> file:///E:/Aptana%20Jaxer%20Apache/Jaxer/Apache2-4Build/jaxer/framework/src/HandlePage.js
  -> file:///E:/Aptana%20Jaxer%20Apache/Jaxer/Apache2-4Build/jaxer/framework/src/CoreEvents.js
  -> file:///E:/Aptana%20Jaxer%20Apache/Jaxer/Apache2-4Build/jaxer/components/aptEventHandler.js

01:11:10 12/24/2025 [ 22864] [TRACE] [JS Framework] [CallbackManager.cacheServerFunctions] Saving autoloads for this page: []
stack:
  ->  [ModuleLogger.js:98] trace("Saving autoloads for this page: []")
  ->  [CallbackManager.js:167] cacheServerFunctions([object Object])
  ->  [CallbackManager.js:73] processCallbacks([object HTMLDocument])
  ->  [HandlePage.js:63] onHandlePage([object XPCWrappedNative_NoHelper],[object HTMLDocument])
  ->  [CoreEvents.js:293] fireEvent("HANDLE_PAGE",[object Array])
  ->  [CoreEvents.js:234] fire("PARSE_COMPLETE",[object XPCWrappedNative_NoHelper],[object HTMLDocument])
  ->  [aptEventHandler.js:337] observe([object XPCWrappedNative_NoHelper],"jaxerEvent.HTMLParseComplete",null)
paths:
  -> file:///E:/Aptana%20Jaxer%20Apache/Jaxer/Apache2-4Build/jaxer/framework/src/ModuleLogger.js
  -> file:///E:/Aptana%20Jaxer%20Apache/Jaxer/Apache2-4Build/jaxer/framework/src/CallbackManager.js
  -> file:///E:/Aptana%20Jaxer%20Apache/Jaxer/Apache2-4Build/jaxer/framework/src/HandlePage.js
  -> file:///E:/Aptana%20Jaxer%20Apache/Jaxer/Apache2-4Build/jaxer/framework/src/CoreEvents.js
  -> file:///E:/Aptana%20Jaxer%20Apache/Jaxer/Apache2-4Build/jaxer/components/aptEventHandler.js

01:11:10 12/24/2025 [ 22864] [TRACE] [JS Framework] [DB.SQLite.execute] Starting execute
stack:
  ->  [ModuleLogger.js:98] trace("Starting execute")
  ->  [DB_SQLite.js:302] execute("SELECT COUNT(*) FROM callback_page WHERE name = ? AND crc32 = ?",[object Array])
  ->  [DB.js:181] anonymous("SELECT COUNT(*) FROM callback_page WHERE name = ? AND crc32 = ?",[object Array])
  ->  [CallbackManager.js:179] cacheServerFunctions([object Object])
  ->  [CallbackManager.js:73] processCallbacks([object HTMLDocument])
  ->  [HandlePage.js:63] onHandlePage([object XPCWrappedNative_NoHelper],[object HTMLDocument])
  ->  [CoreEvents.js:293] fireEvent("HANDLE_PAGE",[object Array])
  ->  [CoreEvents.js:234] fire("PARSE_COMPLETE",[object XPCWrappedNative_NoHelper],[object HTMLDocument])
  ->  [aptEventHandler.js:337] observe([object XPCWrappedNative_NoHelper],"jaxerEvent.HTMLParseComplete",null)
paths:
  -> file:///E:/Aptana%20Jaxer%20Apache/Jaxer/Apache2-4Build/jaxer/framework/src/ModuleLogger.js
  -> file:///E:/Aptana%20Jaxer%20Apache/Jaxer/Apache2-4Build/jaxer/framework/src/DB_SQLite.js
  -> file:///E:/Aptana%20Jaxer%20Apache/Jaxer/Apache2-4Build/jaxer/framework/src/DB.js
  -> file:///E:/Aptana%20Jaxer%20Apache/Jaxer/Apache2-4Build/jaxer/framework/src/CallbackManager.js
  -> file:///E:/Aptana%20Jaxer%20Apache/Jaxer/Apache2-4Build/jaxer/framework/src/HandlePage.js
  -> file:///E:/Aptana%20Jaxer%20Apache/Jaxer/Apache2-4Build/jaxer/framework/src/CoreEvents.js
  -> file:///E:/Aptana%20Jaxer%20Apache/Jaxer/Apache2-4Build/jaxer/components/aptEventHandler.js

01:11:10 12/24/2025 [ 22864] [DEBUG] [JS Framework] [DB.SQLite.open] Opening connection to database: E:\Aptana Jaxer Apache\Jaxer\Apache2-4Build\jaxer\..\local_jaxer\conf\..\data\frameworkdata.sqlite
stack:
  ->  [ModuleLogger.js:98] debug("Opening connection to database: E:\\Aptana Jaxer Apache\\Jaxer\\Apache2-4Build\\jaxer\\..\\local_jaxer\\conf\\..\\data\\frameworkdata.sqlite")
  ->  [DB_SQLite.js:212] open()
  ->  [DB_SQLite.js:306] execute("SELECT COUNT(*) FROM callback_page WHERE name = ? AND crc32 = ?",[object Array])
  ->  [DB.js:181] anonymous("SELECT COUNT(*) FROM callback_page WHERE name = ? AND crc32 = ?",[object Array])
  ->  [CallbackManager.js:179] cacheServerFunctions([object Object])
  ->  [CallbackManager.js:73] processCallbacks([object HTMLDocument])
  ->  [HandlePage.js:63] onHandlePage([object XPCWrappedNative_NoHelper],[object HTMLDocument])
  ->  [CoreEvents.js:293] fireEvent("HANDLE_PAGE",[object Array])
  ->  [CoreEvents.js:234] fire("PARSE_COMPLETE",[object XPCWrappedNative_NoHelper],[object HTMLDocument])
  ->  [aptEventHandler.js:337] observe([object XPCWrappedNative_NoHelper],"jaxerEvent.HTMLParseComplete",null)
paths:
  -> file:///E:/Aptana%20Jaxer%20Apache/Jaxer/Apache2-4Build/jaxer/framework/src/ModuleLogger.js
  -> file:///E:/Aptana%20Jaxer%20Apache/Jaxer/Apache2-4Build/jaxer/framework/src/DB_SQLite.js
  -> file:///E:/Aptana%20Jaxer%20Apache/Jaxer/Apache2-4Build/jaxer/framework/src/DB.js
  -> file:///E:/Aptana%20Jaxer%20Apache/Jaxer/Apache2-4Build/jaxer/framework/src/CallbackManager.js
  -> file:///E:/Aptana%20Jaxer%20Apache/Jaxer/Apache2-4Build/jaxer/framework/src/HandlePage.js
  -> file:///E:/Aptana%20Jaxer%20Apache/Jaxer/Apache2-4Build/jaxer/framework/src/CoreEvents.js
  -> file:///E:/Aptana%20Jaxer%20Apache/Jaxer/Apache2-4Build/jaxer/components/aptEventHandler.js

01:11:10 12/24/2025 [ 22864] [TRACE] [JS Framework] [DB.SQLite.open] Tried 1 time(s) in 0 ms to open connection to SQLite database file E:\Aptana Jaxer Apache\Jaxer\Apache2-4Build\jaxer\..\local_jaxer\conf\..\data\frameworkdata.sqlite
stack:
  ->  [ModuleLogger.js:98] trace("Tried 1 time(s) in 0 ms to open connection to SQLite database file E:\\Aptana Jaxer Apache\\Jaxer\\Apache2-4Build\\jaxer\\..\\local_jaxer\\conf\\..\\data\\frameworkdata.sqlite")
  ->  [DB_SQLite.js:266] open()
  ->  [DB_SQLite.js:306] execute("SELECT COUNT(*) FROM callback_page WHERE name = ? AND crc32 = ?",[object Array])
  ->  [DB.js:181] anonymous("SELECT COUNT(*) FROM callback_page WHERE name = ? AND crc32 = ?",[object Array])
  ->  [CallbackManager.js:179] cacheServerFunctions([object Object])
  ->  [CallbackManager.js:73] processCallbacks([object HTMLDocument])
  ->  [HandlePage.js:63] onHandlePage([object XPCWrappedNative_NoHelper],[object HTMLDocument])
  ->  [CoreEvents.js:293] fireEvent("HANDLE_PAGE",[object Array])
  ->  [CoreEvents.js:234] fire("PARSE_COMPLETE",[object XPCWrappedNative_NoHelper],[object HTMLDocument])
  ->  [aptEventHandler.js:337] observe([object XPCWrappedNative_NoHelper],"jaxerEvent.HTMLParseComplete",null)
paths:
  -> file:///E:/Aptana%20Jaxer%20Apache/Jaxer/Apache2-4Build/jaxer/framework/src/ModuleLogger.js
  -> file:///E:/Aptana%20Jaxer%20Apache/Jaxer/Apache2-4Build/jaxer/framework/src/DB_SQLite.js
  -> file:///E:/Aptana%20Jaxer%20Apache/Jaxer/Apache2-4Build/jaxer/framework/src/DB.js
  -> file:///E:/Aptana%20Jaxer%20Apache/Jaxer/Apache2-4Build/jaxer/framework/src/CallbackManager.js
  -> file:///E:/Aptana%20Jaxer%20Apache/Jaxer/Apache2-4Build/jaxer/framework/src/HandlePage.js
  -> file:///E:/Aptana%20Jaxer%20Apache/Jaxer/Apache2-4Build/jaxer/framework/src/CoreEvents.js
  -> file:///E:/Aptana%20Jaxer%20Apache/Jaxer/Apache2-4Build/jaxer/components/aptEventHandler.js

01:11:10 12/24/2025 [ 22864] [DEBUG] [JS Framework] [DB.SQLite.open] Opened
stack:
  ->  [ModuleLogger.js:98] debug("Opened")
  ->  [DB_SQLite.js:268] open()
  ->  [DB_SQLite.js:306] execute("SELECT COUNT(*) FROM callback_page WHERE name = ? AND crc32 = ?",[object Array])
  ->  [DB.js:181] anonymous("SELECT COUNT(*) FROM callback_page WHERE name = ? AND crc32 = ?",[object Array])
  ->  [CallbackManager.js:179] cacheServerFunctions([object Object])
  ->  [CallbackManager.js:73] processCallbacks([object HTMLDocument])
  ->  [HandlePage.js:63] onHandlePage([object XPCWrappedNative_NoHelper],[object HTMLDocument])
  ->  [CoreEvents.js:293] fireEvent("HANDLE_PAGE",[object Array])
  ->  [CoreEvents.js:234] fire("PARSE_COMPLETE",[object XPCWrappedNative_NoHelper],[object HTMLDocument])
  ->  [aptEventHandler.js:337] observe([object XPCWrappedNative_NoHelper],"jaxerEvent.HTMLParseComplete",null)
paths:
  -> file:///E:/Aptana%20Jaxer%20Apache/Jaxer/Apache2-4Build/jaxer/framework/src/ModuleLogger.js
  -> file:///E:/Aptana%20Jaxer%20Apache/Jaxer/Apache2-4Build/jaxer/framework/src/DB_SQLite.js
  -> file:///E:/Aptana%20Jaxer%20Apache/Jaxer/Apache2-4Build/jaxer/framework/src/DB.js
  -> file:///E:/Aptana%20Jaxer%20Apache/Jaxer/Apache2-4Build/jaxer/framework/src/CallbackManager.js
  -> file:///E:/Aptana%20Jaxer%20Apache/Jaxer/Apache2-4Build/jaxer/framework/src/HandlePage.js
  -> file:///E:/Aptana%20Jaxer%20Apache/Jaxer/Apache2-4Build/jaxer/framework/src/CoreEvents.js
  -> file:///E:/Aptana%20Jaxer%20Apache/Jaxer/Apache2-4Build/jaxer/components/aptEventHandler.js

01:11:10 12/24/2025 [ 22864] [TRACE] [JS Framework] [DB.SQLite.bindAndExecute] Binding statement SELECT COUNT(*) FROM callback_page WHERE name = ? AND crc32 = ?
with params: localhost:8081/aptana/tools/hexer/index.html,1594278276
stack:
  ->  [ModuleLogger.js:98] trace("Binding statement SELECT COUNT(*) FROM callback_page WHERE name = ? AND crc32 = ?\nwith params: localhost:8081/aptana/tools/hexer/index.html,1594278276")
  ->  [DB_SQLite.js:512] bindAndExecute([object Object],[object XPCWrappedNative_NoHelper],"SELECT COUNT(*) FROM callback_page WHERE name = ? AND crc32 = ?",[object Array],null,[object Object])
  ->  [DB_SQLite.js:464] executeOneWithStatement([object Array],0,[object Array])
  ->  [DB_SQLite.js:456] executeWithStatement([object Object],"SELECT COUNT(*) FROM callback_page WHERE name = ? AND crc32 = ?",[object Array],[object Object])
  ->  [DB_SQLite.js:312] execute("SELECT COUNT(*) FROM callback_page WHERE name = ? AND crc32 = ?",[object Array])
  ->  [DB.js:181] anonymous("SELECT COUNT(*) FROM callback_page WHERE name = ? AND crc32 = ?",[object Array])
  ->  [CallbackManager.js:179] cacheServerFunctions([object Object])
  ->  [CallbackManager.js:73] processCallbacks([object HTMLDocument])
  ->  [HandlePage.js:63] onHandlePage([object XPCWrappedNative_NoHelper],[object HTMLDocument])
  ->  [CoreEvents.js:293] fireEvent("HANDLE_PAGE",[object Array])
  ->  [CoreEvents.js:234] fire("PARSE_COMPLETE",[object XPCWrappedNative_NoHelper],[object HTMLDocument])
  ->  [aptEventHandler.js:337] observe([object XPCWrappedNative_NoHelper],"jaxerEvent.HTMLParseComplete",null)
paths:
  -> file:///E:/Aptana%20Jaxer%20Apache/Jaxer/Apache2-4Build/jaxer/framework/src/ModuleLogger.js
  -> file:///E:/Aptana%20Jaxer%20Apache/Jaxer/Apache2-4Build/jaxer/framework/src/DB_SQLite.js
  -> file:///E:/Aptana%20Jaxer%20Apache/Jaxer/Apache2-4Build/jaxer/framework/src/DB.js
  -> file:///E:/Aptana%20Jaxer%20Apache/Jaxer/Apache2-4Build/jaxer/framework/src/CallbackManager.js
  -> file:///E:/Aptana%20Jaxer%20Apache/Jaxer/Apache2-4Build/jaxer/framework/src/HandlePage.js
  -> file:///E:/Aptana%20Jaxer%20Apache/Jaxer/Apache2-4Build/jaxer/framework/src/CoreEvents.js
  -> file:///E:/Aptana%20Jaxer%20Apache/Jaxer/Apache2-4Build/jaxer/components/aptEventHandler.js

01:11:10 12/24/2025 [ 22864] [TRACE] [JS Framework] [DB.SQLite.bindAndExecute] Tried 1 time(s) in 6 ms to execute statement on SQLite database file E:\Aptana Jaxer Apache\Jaxer\Apache2-4Build\jaxer\..\local_jaxer\conf\..\data\frameworkdata.sqlite
stack:
  ->  [ModuleLogger.js:98] trace("Tried 1 time(s) in 6 ms to execute statement on SQLite database file E:\\Aptana Jaxer Apache\\Jaxer\\Apache2-4Build\\jaxer\\..\\local_jaxer\\conf\\..\\data\\frameworkdata.sqlite")
  ->  [DB_SQLite.js:606] bindAndExecute([object Object],[object XPCWrappedNative_NoHelper],"SELECT COUNT(*) FROM callback_page WHERE name = ? AND crc32 = ?",[object Array],null,[object Object])
  ->  [DB_SQLite.js:464] executeOneWithStatement([object Array],0,[object Array])
  ->  [DB_SQLite.js:456] executeWithStatement([object Object],"SELECT COUNT(*) FROM callback_page WHERE name = ? AND crc32 = ?",[object Array],[object Object])
  ->  [DB_SQLite.js:312] execute("SELECT COUNT(*) FROM callback_page WHERE name = ? AND crc32 = ?",[object Array])
  ->  [DB.js:181] anonymous("SELECT COUNT(*) FROM callback_page WHERE name = ? AND crc32 = ?",[object Array])
  ->  [CallbackManager.js:179] cacheServerFunctions([object Object])
  ->  [CallbackManager.js:73] processCallbacks([object HTMLDocument])
  ->  [HandlePage.js:63] onHandlePage([object XPCWrappedNative_NoHelper],[object HTMLDocument])
  ->  [CoreEvents.js:293] fireEvent("HANDLE_PAGE",[object Array])
  ->  [CoreEvents.js:234] fire("PARSE_COMPLETE",[object XPCWrappedNative_NoHelper],[object HTMLDocument])
  ->  [aptEventHandler.js:337] observe([object XPCWrappedNative_NoHelper],"jaxerEvent.HTMLParseComplete",null)
paths:
  -> file:///E:/Aptana%20Jaxer%20Apache/Jaxer/Apache2-4Build/jaxer/framework/src/ModuleLogger.js
  -> file:///E:/Aptana%20Jaxer%20Apache/Jaxer/Apache2-4Build/jaxer/framework/src/DB_SQLite.js
  -> file:///E:/Aptana%20Jaxer%20Apache/Jaxer/Apache2-4Build/jaxer/framework/src/DB.js
  -> file:///E:/Aptana%20Jaxer%20Apache/Jaxer/Apache2-4Build/jaxer/framework/src/CallbackManager.js
  -> file:///E:/Aptana%20Jaxer%20Apache/Jaxer/Apache2-4Build/jaxer/framework/src/HandlePage.js
  -> file:///E:/Aptana%20Jaxer%20Apache/Jaxer/Apache2-4Build/jaxer/framework/src/CoreEvents.js
  -> file:///E:/Aptana%20Jaxer%20Apache/Jaxer/Apache2-4Build/jaxer/components/aptEventHandler.js

01:11:10 12/24/2025 [ 22864] [TRACE] [JS Framework] [DB.SQLite.bindAndExecute] Populating resultSet
stack:
  ->  [ModuleLogger.js:98] trace("Populating resultSet")
  ->  [DB_SQLite.js:624] bindAndExecute([object Object],[object XPCWrappedNative_NoHelper],"SELECT COUNT(*) FROM callback_page WHERE name = ? AND crc32 = ?",[object Array],[object Object],[object Object])
  ->  [DB_SQLite.js:464] executeOneWithStatement([object Array],0,[object Array])
  ->  [DB_SQLite.js:456] executeWithStatement([object Object],"SELECT COUNT(*) FROM callback_page WHERE name = ? AND crc32 = ?",[object Array],[object Object])
  ->  [DB_SQLite.js:312] execute("SELECT COUNT(*) FROM callback_page WHERE name = ? AND crc32 = ?",[object Array])
  ->  [DB.js:181] anonymous("SELECT COUNT(*) FROM callback_page WHERE name = ? AND crc32 = ?",[object Array])
  ->  [CallbackManager.js:179] cacheServerFunctions([object Object])
  ->  [CallbackManager.js:73] processCallbacks([object HTMLDocument])
  ->  [HandlePage.js:63] onHandlePage([object XPCWrappedNative_NoHelper],[object HTMLDocument])
  ->  [CoreEvents.js:293] fireEvent("HANDLE_PAGE",[object Array])
  ->  [CoreEvents.js:234] fire("PARSE_COMPLETE",[object XPCWrappedNative_NoHelper],[object HTMLDocument])
  ->  [aptEventHandler.js:337] observe([object XPCWrappedNative_NoHelper],"jaxerEvent.HTMLParseComplete",null)
paths:
  -> file:///E:/Aptana%20Jaxer%20Apache/Jaxer/Apache2-4Build/jaxer/framework/src/ModuleLogger.js
  -> file:///E:/Aptana%20Jaxer%20Apache/Jaxer/Apache2-4Build/jaxer/framework/src/DB_SQLite.js
  -> file:///E:/Aptana%20Jaxer%20Apache/Jaxer/Apache2-4Build/jaxer/framework/src/DB.js
  -> file:///E:/Aptana%20Jaxer%20Apache/Jaxer/Apache2-4Build/jaxer/framework/src/CallbackManager.js
  -> file:///E:/Aptana%20Jaxer%20Apache/Jaxer/Apache2-4Build/jaxer/framework/src/HandlePage.js
  -> file:///E:/Aptana%20Jaxer%20Apache/Jaxer/Apache2-4Build/jaxer/framework/src/CoreEvents.js
  -> file:///E:/Aptana%20Jaxer%20Apache/Jaxer/Apache2-4Build/jaxer/components/aptEventHandler.js

01:11:10 12/24/2025 [ 22864] [TRACE] [JS Framework] [DB.SQLite.bindAndExecute] Column 0: COUNT(*)
stack:
  ->  [ModuleLogger.js:98] trace("Column 0: COUNT(*)")
  ->  [DB_SQLite.js:627] bindAndExecute([object Object],[object XPCWrappedNative_NoHelper],"SELECT COUNT(*) FROM callback_page WHERE name = ? AND crc32 = ?",[object Array],[object Object],[object Object])
  ->  [DB_SQLite.js:464] executeOneWithStatement([object Array],0,[object Array])
  ->  [DB_SQLite.js:456] executeWithStatement([object Object],"SELECT COUNT(*) FROM callback_page WHERE name = ? AND crc32 = ?",[object Array],[object Object])
  ->  [DB_SQLite.js:312] execute("SELECT COUNT(*) FROM callback_page WHERE name = ? AND crc32 = ?",[object Array])
  ->  [DB.js:181] anonymous("SELECT COUNT(*) FROM callback_page WHERE name = ? AND crc32 = ?",[object Array])
  ->  [CallbackManager.js:179] cacheServerFunctions([object Object])
  ->  [CallbackManager.js:73] processCallbacks([object HTMLDocument])
  ->  [HandlePage.js:63] onHandlePage([object XPCWrappedNative_NoHelper],[object HTMLDocument])
  ->  [CoreEvents.js:293] fireEvent("HANDLE_PAGE",[object Array])
  ->  [CoreEvents.js:234] fire("PARSE_COMPLETE",[object XPCWrappedNative_NoHelper],[object HTMLDocument])
  ->  [aptEventHandler.js:337] observe([object XPCWrappedNative_NoHelper],"jaxerEvent.HTMLParseComplete",null)
paths:
  -> file:///E:/Aptana%20Jaxer%20Apache/Jaxer/Apache2-4Build/jaxer/framework/src/ModuleLogger.js
  -> file:///E:/Aptana%20Jaxer%20Apache/Jaxer/Apache2-4Build/jaxer/framework/src/DB_SQLite.js
  -> file:///E:/Aptana%20Jaxer%20Apache/Jaxer/Apache2-4Build/jaxer/framework/src/DB.js
  -> file:///E:/Aptana%20Jaxer%20Apache/Jaxer/Apache2-4Build/jaxer/framework/src/CallbackManager.js
  -> file:///E:/Aptana%20Jaxer%20Apache/Jaxer/Apache2-4Build/jaxer/framework/src/HandlePage.js
  -> file:///E:/Aptana%20Jaxer%20Apache/Jaxer/Apache2-4Build/jaxer/framework/src/CoreEvents.js
  -> file:///E:/Aptana%20Jaxer%20Apache/Jaxer/Apache2-4Build/jaxer/components/aptEventHandler.js

01:11:10 12/24/2025 [ 22864] [TRACE] [JS Framework] [DB.SQLite.bindAndExecute] Tried 1 time(s) in 0 ms to execute statement on SQLite database file E:\Aptana Jaxer Apache\Jaxer\Apache2-4Build\jaxer\..\local_jaxer\conf\..\data\frameworkdata.sqlite
stack:
  ->  [ModuleLogger.js:98] trace("Tried 1 time(s) in 0 ms to execute statement on SQLite database file E:\\Aptana Jaxer Apache\\Jaxer\\Apache2-4Build\\jaxer\\..\\local_jaxer\\conf\\..\\data\\frameworkdata.sqlite")
  ->  [DB_SQLite.js:606] bindAndExecute([object Object],[object XPCWrappedNative_NoHelper],"SELECT COUNT(*) FROM callback_page WHERE name = ? AND crc32 = ?",[object Array],[object Object],[object Object])
  ->  [DB_SQLite.js:464] executeOneWithStatement([object Array],0,[object Array])
  ->  [DB_SQLite.js:456] executeWithStatement([object Object],"SELECT COUNT(*) FROM callback_page WHERE name = ? AND crc32 = ?",[object Array],[object Object])
  ->  [DB_SQLite.js:312] execute("SELECT COUNT(*) FROM callback_page WHERE name = ? AND crc32 = ?",[object Array])
  ->  [DB.js:181] anonymous("SELECT COUNT(*) FROM callback_page WHERE name = ? AND crc32 = ?",[object Array])
  ->  [CallbackManager.js:179] cacheServerFunctions([object Object])
  ->  [CallbackManager.js:73] processCallbacks([object HTMLDocument])
  ->  [HandlePage.js:63] onHandlePage([object XPCWrappedNative_NoHelper],[object HTMLDocument])
  ->  [CoreEvents.js:293] fireEvent("HANDLE_PAGE",[object Array])
  ->  [CoreEvents.js:234] fire("PARSE_COMPLETE",[object XPCWrappedNative_NoHelper],[object HTMLDocument])
  ->  [aptEventHandler.js:337] observe([object XPCWrappedNative_NoHelper],"jaxerEvent.HTMLParseComplete",null)
paths:
  -> file:///E:/Aptana%20Jaxer%20Apache/Jaxer/Apache2-4Build/jaxer/framework/src/ModuleLogger.js
  -> file:///E:/Aptana%20Jaxer%20Apache/Jaxer/Apache2-4Build/jaxer/framework/src/DB_SQLite.js
  -> file:///E:/Aptana%20Jaxer%20Apache/Jaxer/Apache2-4Build/jaxer/framework/src/DB.js
  -> file:///E:/Aptana%20Jaxer%20Apache/Jaxer/Apache2-4Build/jaxer/framework/src/CallbackManager.js
  -> file:///E:/Aptana%20Jaxer%20Apache/Jaxer/Apache2-4Build/jaxer/framework/src/HandlePage.js
  -> file:///E:/Aptana%20Jaxer%20Apache/Jaxer/Apache2-4Build/jaxer/framework/src/CoreEvents.js
  -> file:///E:/Aptana%20Jaxer%20Apache/Jaxer/Apache2-4Build/jaxer/components/aptEventHandler.js

01:11:10 12/24/2025 [ 22864] [TRACE] [JS Framework] [DB.SQLite.executeWithStatement] Closing statement
stack:
  ->  [ModuleLogger.js:98] trace("Closing statement")
  ->  [DB_SQLite.js:484] executeWithStatement([object Object],"SELECT COUNT(*) FROM callback_page WHERE name = ? AND crc32 = ?",[object Array],[object Object])
  ->  [DB_SQLite.js:312] execute("SELECT COUNT(*) FROM callback_page WHERE name = ? AND crc32 = ?",[object Array])
  ->  [DB.js:181] anonymous("SELECT COUNT(*) FROM callback_page WHERE name = ? AND crc32 = ?",[object Array])
  ->  [CallbackManager.js:179] cacheServerFunctions([object Object])
  ->  [CallbackManager.js:73] processCallbacks([object HTMLDocument])
  ->  [HandlePage.js:63] onHandlePage([object XPCWrappedNative_NoHelper],[object HTMLDocument])
  ->  [CoreEvents.js:293] fireEvent("HANDLE_PAGE",[object Array])
  ->  [CoreEvents.js:234] fire("PARSE_COMPLETE",[object XPCWrappedNative_NoHelper],[object HTMLDocument])
  ->  [aptEventHandler.js:337] observe([object XPCWrappedNative_NoHelper],"jaxerEvent.HTMLParseComplete",null)
paths:
  -> file:///E:/Aptana%20Jaxer%20Apache/Jaxer/Apache2-4Build/jaxer/framework/src/ModuleLogger.js
  -> file:///E:/Aptana%20Jaxer%20Apache/Jaxer/Apache2-4Build/jaxer/framework/src/DB_SQLite.js
  -> file:///E:/Aptana%20Jaxer%20Apache/Jaxer/Apache2-4Build/jaxer/framework/src/DB.js
  -> file:///E:/Aptana%20Jaxer%20Apache/Jaxer/Apache2-4Build/jaxer/framework/src/CallbackManager.js
  -> file:///E:/Aptana%20Jaxer%20Apache/Jaxer/Apache2-4Build/jaxer/framework/src/HandlePage.js
  -> file:///E:/Aptana%20Jaxer%20Apache/Jaxer/Apache2-4Build/jaxer/framework/src/CoreEvents.js
  -> file:///E:/Aptana%20Jaxer%20Apache/Jaxer/Apache2-4Build/jaxer/components/aptEventHandler.js

01:11:10 12/24/2025 [ 22864] [TRACE] [JS Framework] [DB.SQLite.executeWithStatement] Resetting and finalizing statement
stack:
  ->  [ModuleLogger.js:98] trace("Resetting and finalizing statement")
  ->  [DB_SQLite.js:487] executeWithStatement([object Object],"SELECT COUNT(*) FROM callback_page WHERE name = ? AND crc32 = ?",[object Array],[object Object])
  ->  [DB_SQLite.js:312] execute("SELECT COUNT(*) FROM callback_page WHERE name = ? AND crc32 = ?",[object Array])
  ->  [DB.js:181] anonymous("SELECT COUNT(*) FROM callback_page WHERE name = ? AND crc32 = ?",[object Array])
  ->  [CallbackManager.js:179] cacheServerFunctions([object Object])
  ->  [CallbackManager.js:73] processCallbacks([object HTMLDocument])
  ->  [HandlePage.js:63] onHandlePage([object XPCWrappedNative_NoHelper],[object HTMLDocument])
  ->  [CoreEvents.js:293] fireEvent("HANDLE_PAGE",[object Array])
  ->  [CoreEvents.js:234] fire("PARSE_COMPLETE",[object XPCWrappedNative_NoHelper],[object HTMLDocument])
  ->  [aptEventHandler.js:337] observe([object XPCWrappedNative_NoHelper],"jaxerEvent.HTMLParseComplete",null)
paths:
  -> file:///E:/Aptana%20Jaxer%20Apache/Jaxer/Apache2-4Build/jaxer/framework/src/ModuleLogger.js
  -> file:///E:/Aptana%20Jaxer%20Apache/Jaxer/Apache2-4Build/jaxer/framework/src/DB_SQLite.js
  -> file:///E:/Aptana%20Jaxer%20Apache/Jaxer/Apache2-4Build/jaxer/framework/src/DB.js
  -> file:///E:/Aptana%20Jaxer%20Apache/Jaxer/Apache2-4Build/jaxer/framework/src/CallbackManager.js
  -> file:///E:/Aptana%20Jaxer%20Apache/Jaxer/Apache2-4Build/jaxer/framework/src/HandlePage.js
  -> file:///E:/Aptana%20Jaxer%20Apache/Jaxer/Apache2-4Build/jaxer/framework/src/CoreEvents.js
  -> file:///E:/Aptana%20Jaxer%20Apache/Jaxer/Apache2-4Build/jaxer/components/aptEventHandler.js

01:11:10 12/24/2025 [ 22864] [TRACE] [JS Framework] [DB.SQLite.execute] Populated resultSet with 1 rows of 1 columns
stack:
  ->  [ModuleLogger.js:98] trace("Populated resultSet with 1 rows of 1 columns")
  ->  [DB_SQLite.js:315] execute("SELECT COUNT(*) FROM callback_page WHERE name = ? AND crc32 = ?",[object Array])
  ->  [DB.js:181] anonymous("SELECT COUNT(*) FROM callback_page WHERE name = ? AND crc32 = ?",[object Array])
  ->  [CallbackManager.js:179] cacheServerFunctions([object Object])
  ->  [CallbackManager.js:73] processCallbacks([object HTMLDocument])
  ->  [HandlePage.js:63] onHandlePage([object XPCWrappedNative_NoHelper],[object HTMLDocument])
  ->  [CoreEvents.js:293] fireEvent("HANDLE_PAGE",[object Array])
  ->  [CoreEvents.js:234] fire("PARSE_COMPLETE",[object XPCWrappedNative_NoHelper],[object HTMLDocument])
  ->  [aptEventHandler.js:337] observe([object XPCWrappedNative_NoHelper],"jaxerEvent.HTMLParseComplete",null)
paths:
  -> file:///E:/Aptana%20Jaxer%20Apache/Jaxer/Apache2-4Build/jaxer/framework/src/ModuleLogger.js
  -> file:///E:/Aptana%20Jaxer%20Apache/Jaxer/Apache2-4Build/jaxer/framework/src/DB_SQLite.js
  -> file:///E:/Aptana%20Jaxer%20Apache/Jaxer/Apache2-4Build/jaxer/framework/src/DB.js
  -> file:///E:/Aptana%20Jaxer%20Apache/Jaxer/Apache2-4Build/jaxer/framework/src/CallbackManager.js
  -> file:///E:/Aptana%20Jaxer%20Apache/Jaxer/Apache2-4Build/jaxer/framework/src/HandlePage.js
  -> file:///E:/Aptana%20Jaxer%20Apache/Jaxer/Apache2-4Build/jaxer/framework/src/CoreEvents.js
  -> file:///E:/Aptana%20Jaxer%20Apache/Jaxer/Apache2-4Build/jaxer/components/aptEventHandler.js

01:11:10 12/24/2025 [ 22864] [TRACE] [JS Framework] [DB.SQLite.execute] Finished executing
stack:
  ->  [ModuleLogger.js:98] trace("Finished executing")
  ->  [DB_SQLite.js:338] execute("SELECT COUNT(*) FROM callback_page WHERE name = ? AND crc32 = ?",[object Array])
  ->  [DB.js:181] anonymous("SELECT COUNT(*) FROM callback_page WHERE name = ? AND crc32 = ?",[object Array])
  ->  [CallbackManager.js:179] cacheServerFunctions([object Object])
  ->  [CallbackManager.js:73] processCallbacks([object HTMLDocument])
  ->  [HandlePage.js:63] onHandlePage([object XPCWrappedNative_NoHelper],[object HTMLDocument])
  ->  [CoreEvents.js:293] fireEvent("HANDLE_PAGE",[object Array])
  ->  [CoreEvents.js:234] fire("PARSE_COMPLETE",[object XPCWrappedNative_NoHelper],[object HTMLDocument])
  ->  [aptEventHandler.js:337] observe([object XPCWrappedNative_NoHelper],"jaxerEvent.HTMLParseComplete",null)
paths:
  -> file:///E:/Aptana%20Jaxer%20Apache/Jaxer/Apache2-4Build/jaxer/framework/src/ModuleLogger.js
  -> file:///E:/Aptana%20Jaxer%20Apache/Jaxer/Apache2-4Build/jaxer/framework/src/DB_SQLite.js
  -> file:///E:/Aptana%20Jaxer%20Apache/Jaxer/Apache2-4Build/jaxer/framework/src/DB.js
  -> file:///E:/Aptana%20Jaxer%20Apache/Jaxer/Apache2-4Build/jaxer/framework/src/CallbackManager.js
  -> file:///E:/Aptana%20Jaxer%20Apache/Jaxer/Apache2-4Build/jaxer/framework/src/HandlePage.js
  -> file:///E:/Aptana%20Jaxer%20Apache/Jaxer/Apache2-4Build/jaxer/framework/src/CoreEvents.js
  -> file:///E:/Aptana%20Jaxer%20Apache/Jaxer/Apache2-4Build/jaxer/components/aptEventHandler.js

01:11:10 12/24/2025 [ 22864] [DEBUG] [JS Framework] [CallbackManager.cacheCallbackPage] Caching this page under key = 1594278276::localhost:8081/aptana/tools/hexer/index.html
stack:
  ->  [ModuleLogger.js:98] debug("Caching this page under key = 1594278276::localhost:8081/aptana/tools/hexer/index.html")
  ->  [CallbackManager.js:281] cacheCallbackPage("localhost:8081/aptana/tools/hexer/index.html",1594278276,"/* callback.js */\nJaxer._autoload([]);\n$ = this.$ = function $(id) {\n    return document.getElementById(id);\n};\ngetBytes = this.getBytes = function getBytes(URL, action) {\n    var response = {};\n    var HEXWIDTH = 16;\n    var hex = \"        0  1  2  3  4  5  6  7  8  9  A  B  C  D  E  F<br>\".replace(/ /g, \"&nbsp;\");\n    var hexLine = \"0000 \";\n    var ascLine = \" \";\n    var stream = \"\";\n    var sock = new (Jaxer.Socket);\n    var parsedURL = Jaxer.Util.Url.parseUrl(URL);\n    var hostname = parsedURL.host;\n    var port = parsedURL.port || 80;\n    var docPart = parsedURL.path || \"/\";\n    var start = new Date;\n    sock.open(hostname, port);\n    sock.writeString(action + \" \" + docPart + \" HTTP/1.1\\nHost: \" + hostname + \"\\nConnection: Keep-Alive\\n\\n\");\n    sock.flush();\n    try {\n        var r = \"0\";\n        while ((r = sock.readString(256))) {\n            stream += r;\n        }\n    } catch (e) {\n        Jaxer.Log.info(\"caught\");\n        throw e;\n    } finally {\n        sock.close();\n    }\n    var end = new Date;\n    for (var c = 0; c < stream.length; c++) {\n        hexLine += toHex(stream[c].charCodeAt(0), 2) + \" \";\n        ascLine += (stream[c].charCodeAt(0) >= 32 && stream[c].charCodeAt(0) < 128) ? stream[c] : \".\";\n        if ((c % HEXWIDTH) == HEXWIDTH - 1) {\n            hex += formatOutputLine(hexLine, ascLine);\n            hexLine = zeroPad(toHex(c + 1, 4), 4).toUpperCase() + \" \";\n            ascLine = \" \";\n        }\n    }\n    hex += formatOutputLine(hexLine, ascLine);\n    response.hex = hex;\n    response.size = stream.length;\n    response.elapsed = end - start;\n    return response;\n};\ngetBytes.proxy = true;\nformatOutputLine = this.formatOutputLine = function formatOutputLine(hexLine, ascLine) {\n    return \"0x\" + padHexLine(hexLine) + \"|<SPAN class='ascii'>\" + ascLine.replace(/</g, \"&lt;\").replace(/>/g, \"&gt;\").replace(/ /g, \"&nbsp;\") + \"</span><br>\";\n};\npadHexLine = this.padHexLine = function padHexLine(h) {\n    return (h.toUpperCase() + \"                                                   \").slice(0, 53).replace(/ /g, \"&nbsp;\");\n};\ntoHex = this.toHex = function toHex(d, w) {\n    return zeroPad(d.toString(16), w);\n};\nzeroPad = this.zeroPad = function zeroPad(hexNum, width) {\n    z = \"000000000000000000000000000000000\" + hexNum;\n    return z.slice(- width);\n};")
  ->  [CallbackManager.js:224] cacheServerFunctions([object Object])
  ->  [CallbackManager.js:73] processCallbacks([object HTMLDocument])
  ->  [HandlePage.js:63] onHandlePage([object XPCWrappedNative_NoHelper],[object HTMLDocument])
  ->  [CoreEvents.js:293] fireEvent("HANDLE_PAGE",[object Array])
  ->  [CoreEvents.js:234] fire("PARSE_COMPLETE",[object XPCWrappedNative_NoHelper],[object HTMLDocument])
  ->  [aptEventHandler.js:337] observe([object XPCWrappedNative_NoHelper],"jaxerEvent.HTMLParseComplete",null)
paths:
  -> file:///E:/Aptana%20Jaxer%20Apache/Jaxer/Apache2-4Build/jaxer/framework/src/ModuleLogger.js
  -> file:///E:/Aptana%20Jaxer%20Apache/Jaxer/Apache2-4Build/jaxer/framework/src/CallbackManager.js
  -> file:///E:/Aptana%20Jaxer%20Apache/Jaxer/Apache2-4Build/jaxer/framework/src/HandlePage.js
  -> file:///E:/Aptana%20Jaxer%20Apache/Jaxer/Apache2-4Build/jaxer/framework/src/CoreEvents.js
  -> file:///E:/Aptana%20Jaxer%20Apache/Jaxer/Apache2-4Build/jaxer/components/aptEventHandler.js

01:11:10 12/24/2025 [ 22864] [DEBUG] [JS Framework] [HandlePage.onHandlePage] Script processing complete
stack:
  ->  [ModuleLogger.js:98] debug("Script processing complete")
  ->  [HandlePage.js:64] onHandlePage([object XPCWrappedNative_NoHelper],[object HTMLDocument])
  ->  [CoreEvents.js:293] fireEvent("HANDLE_PAGE",[object Array])
  ->  [CoreEvents.js:234] fire("PARSE_COMPLETE",[object XPCWrappedNative_NoHelper],[object HTMLDocument])
  ->  [aptEventHandler.js:337] observe([object XPCWrappedNative_NoHelper],"jaxerEvent.HTMLParseComplete",null)
paths:
  -> file:///E:/Aptana%20Jaxer%20Apache/Jaxer/Apache2-4Build/jaxer/framework/src/ModuleLogger.js
  -> file:///E:/Aptana%20Jaxer%20Apache/Jaxer/Apache2-4Build/jaxer/framework/src/HandlePage.js
  -> file:///E:/Aptana%20Jaxer%20Apache/Jaxer/Apache2-4Build/jaxer/framework/src/CoreEvents.js
  -> file:///E:/Aptana%20Jaxer%20Apache/Jaxer/Apache2-4Build/jaxer/components/aptEventHandler.js

01:11:10 12/24/2025 [ 22864] [TRACE] [JS Framework] [HandlePage.processLoadEvent] Processing load event 'aftercallbackprocessing' with doc = [object HTMLDocument]
stack:
  ->  [ModuleLogger.js:98] trace("Processing load event 'aftercallbackprocessing' with doc = [object HTMLDocument]")
  ->  [HandlePage.js:258] processLoadEvent("aftercallbackprocessing",[object HTMLDocument],true)
  ->  [HandlePage.js:241] processAfterCallbackProcessing([object HTMLDocument])
  ->  [HandlePage.js:66] onHandlePage([object XPCWrappedNative_NoHelper],[object HTMLDocument])
  ->  [CoreEvents.js:293] fireEvent("HANDLE_PAGE",[object Array])
  ->  [CoreEvents.js:234] fire("PARSE_COMPLETE",[object XPCWrappedNative_NoHelper],[object HTMLDocument])
  ->  [aptEventHandler.js:337] observe([object XPCWrappedNative_NoHelper],"jaxerEvent.HTMLParseComplete",null)
paths:
  -> file:///E:/Aptana%20Jaxer%20Apache/Jaxer/Apache2-4Build/jaxer/framework/src/ModuleLogger.js
  -> file:///E:/Aptana%20Jaxer%20Apache/Jaxer/Apache2-4Build/jaxer/framework/src/HandlePage.js
  -> file:///E:/Aptana%20Jaxer%20Apache/Jaxer/Apache2-4Build/jaxer/framework/src/CoreEvents.js
  -> file:///E:/Aptana%20Jaxer%20Apache/Jaxer/Apache2-4Build/jaxer/components/aptEventHandler.js

01:11:10 12/24/2025 [ 22864] [DEBUG] [JS Framework] [SessionManager.keyToResponse] Saving session key to the client via cookie JaxerSessionId$$localhost:8081: 176589175647709027719934159097
stack:
  ->  [ModuleLogger.js:98] debug("Saving session key to the client via cookie JaxerSessionId$$localhost:8081: 176589175647709027719934159097")
  ->  [SessionManager.js:82] keyToResponse("localhost:8081","176589175647709027719934159097")
  ->  [Container.js:614] persistAll([object HTMLDocument])
  ->  [HandlePage.js:73] onHandlePage([object XPCWrappedNative_NoHelper],[object HTMLDocument])
  ->  [CoreEvents.js:293] fireEvent("HANDLE_PAGE",[object Array])
  ->  [CoreEvents.js:234] fire("PARSE_COMPLETE",[object XPCWrappedNative_NoHelper],[object HTMLDocument])
  ->  [aptEventHandler.js:337] observe([object XPCWrappedNative_NoHelper],"jaxerEvent.HTMLParseComplete",null)
paths:
  -> file:///E:/Aptana%20Jaxer%20Apache/Jaxer/Apache2-4Build/jaxer/framework/src/ModuleLogger.js
  -> file:///E:/Aptana%20Jaxer%20Apache/Jaxer/Apache2-4Build/jaxer/framework/src/SessionManager.js
  -> file:///E:/Aptana%20Jaxer%20Apache/Jaxer/Apache2-4Build/jaxer/framework/src/Container.js
  -> file:///E:/Aptana%20Jaxer%20Apache/Jaxer/Apache2-4Build/jaxer/framework/src/HandlePage.js
  -> file:///E:/Aptana%20Jaxer%20Apache/Jaxer/Apache2-4Build/jaxer/framework/src/CoreEvents.js
  -> file:///E:/Aptana%20Jaxer%20Apache/Jaxer/Apache2-4Build/jaxer/components/aptEventHandler.js

01:11:10 12/24/2025 [ 22864] [TRACE] [JS Framework] [Container.persist] For container APPLICATION:localhost:8081: Persisting
stack:
  ->  [ModuleLogger.js:98] trace("For container APPLICATION:localhost:8081: Persisting")
  ->  [Container.js:313] persist()
  ->  [Container.js:620] persistAll([object HTMLDocument])
  ->  [HandlePage.js:73] onHandlePage([object XPCWrappedNative_NoHelper],[object HTMLDocument])
  ->  [CoreEvents.js:293] fireEvent("HANDLE_PAGE",[object Array])
  ->  [CoreEvents.js:234] fire("PARSE_COMPLETE",[object XPCWrappedNative_NoHelper],[object HTMLDocument])
  ->  [aptEventHandler.js:337] observe([object XPCWrappedNative_NoHelper],"jaxerEvent.HTMLParseComplete",null)
paths:
  -> file:///E:/Aptana%20Jaxer%20Apache/Jaxer/Apache2-4Build/jaxer/framework/src/ModuleLogger.js
  -> file:///E:/Aptana%20Jaxer%20Apache/Jaxer/Apache2-4Build/jaxer/framework/src/Container.js
  -> file:///E:/Aptana%20Jaxer%20Apache/Jaxer/Apache2-4Build/jaxer/framework/src/HandlePage.js
  -> file:///E:/Aptana%20Jaxer%20Apache/Jaxer/Apache2-4Build/jaxer/framework/src/CoreEvents.js
  -> file:///E:/Aptana%20Jaxer%20Apache/Jaxer/Apache2-4Build/jaxer/components/aptEventHandler.js

01:11:10 12/24/2025 [ 22864] [TRACE] [JS Framework] [Container.persist] For container PAGE:localhost:8081/aptana/tools/hexer/index.html: Persisting
stack:
  ->  [ModuleLogger.js:98] trace("For container PAGE:localhost:8081/aptana/tools/hexer/index.html: Persisting")
  ->  [Container.js:313] persist()
  ->  [Container.js:620] persistAll([object HTMLDocument])
  ->  [HandlePage.js:73] onHandlePage([object XPCWrappedNative_NoHelper],[object HTMLDocument])
  ->  [CoreEvents.js:293] fireEvent("HANDLE_PAGE",[object Array])
  ->  [CoreEvents.js:234] fire("PARSE_COMPLETE",[object XPCWrappedNative_NoHelper],[object HTMLDocument])
  ->  [aptEventHandler.js:337] observe([object XPCWrappedNative_NoHelper],"jaxerEvent.HTMLParseComplete",null)
paths:
  -> file:///E:/Aptana%20Jaxer%20Apache/Jaxer/Apache2-4Build/jaxer/framework/src/ModuleLogger.js
  -> file:///E:/Aptana%20Jaxer%20Apache/Jaxer/Apache2-4Build/jaxer/framework/src/Container.js
  -> file:///E:/Aptana%20Jaxer%20Apache/Jaxer/Apache2-4Build/jaxer/framework/src/HandlePage.js
  -> file:///E:/Aptana%20Jaxer%20Apache/Jaxer/Apache2-4Build/jaxer/framework/src/CoreEvents.js
  -> file:///E:/Aptana%20Jaxer%20Apache/Jaxer/Apache2-4Build/jaxer/components/aptEventHandler.js

01:11:10 12/24/2025 [ 22864] [TRACE] [JS Framework] [Container.persist] For container SESSION:176589175647709027719934159097: Persisting
stack:
  ->  [ModuleLogger.js:98] trace("For container SESSION:176589175647709027719934159097: Persisting")
  ->  [Container.js:313] persist()
  ->  [Container.js:620] persistAll([object HTMLDocument])
  ->  [HandlePage.js:73] onHandlePage([object XPCWrappedNative_NoHelper],[object HTMLDocument])
  ->  [CoreEvents.js:293] fireEvent("HANDLE_PAGE",[object Array])
  ->  [CoreEvents.js:234] fire("PARSE_COMPLETE",[object XPCWrappedNative_NoHelper],[object HTMLDocument])
  ->  [aptEventHandler.js:337] observe([object XPCWrappedNative_NoHelper],"jaxerEvent.HTMLParseComplete",null)
paths:
  -> file:///E:/Aptana%20Jaxer%20Apache/Jaxer/Apache2-4Build/jaxer/framework/src/ModuleLogger.js
  -> file:///E:/Aptana%20Jaxer%20Apache/Jaxer/Apache2-4Build/jaxer/framework/src/Container.js
  -> file:///E:/Aptana%20Jaxer%20Apache/Jaxer/Apache2-4Build/jaxer/framework/src/HandlePage.js
  -> file:///E:/Aptana%20Jaxer%20Apache/Jaxer/Apache2-4Build/jaxer/framework/src/CoreEvents.js
  -> file:///E:/Aptana%20Jaxer%20Apache/Jaxer/Apache2-4Build/jaxer/components/aptEventHandler.js

01:11:10 12/24/2025 [ 22864] [TRACE] [JS Framework] [Container.persist] For container SESSION_PAGE:176589175647709027719934159097$$localhost:8081/aptana/tools/hexer/index.html: Persisting
stack:
  ->  [ModuleLogger.js:98] trace("For container SESSION_PAGE:176589175647709027719934159097$$localhost:8081/aptana/tools/hexer/index.html: Persisting")
  ->  [Container.js:313] persist()
  ->  [Container.js:620] persistAll([object HTMLDocument])
  ->  [HandlePage.js:73] onHandlePage([object XPCWrappedNative_NoHelper],[object HTMLDocument])
  ->  [CoreEvents.js:293] fireEvent("HANDLE_PAGE",[object Array])
  ->  [CoreEvents.js:234] fire("PARSE_COMPLETE",[object XPCWrappedNative_NoHelper],[object HTMLDocument])
  ->  [aptEventHandler.js:337] observe([object XPCWrappedNative_NoHelper],"jaxerEvent.HTMLParseComplete",null)
paths:
  -> file:///E:/Aptana%20Jaxer%20Apache/Jaxer/Apache2-4Build/jaxer/framework/src/ModuleLogger.js
  -> file:///E:/Aptana%20Jaxer%20Apache/Jaxer/Apache2-4Build/jaxer/framework/src/Container.js
  -> file:///E:/Aptana%20Jaxer%20Apache/Jaxer/Apache2-4Build/jaxer/framework/src/HandlePage.js
  -> file:///E:/Aptana%20Jaxer%20Apache/Jaxer/Apache2-4Build/jaxer/framework/src/CoreEvents.js
  -> file:///E:/Aptana%20Jaxer%20Apache/Jaxer/Apache2-4Build/jaxer/components/aptEventHandler.js

01:11:10 12/24/2025 [ 22864] [TRACE] [JS Framework] [HandlePage.onHandlePage] Containers persisted
stack:
  ->  [ModuleLogger.js:98] trace("Containers persisted")
  ->  [HandlePage.js:74] onHandlePage([object XPCWrappedNative_NoHelper],[object HTMLDocument])
  ->  [CoreEvents.js:293] fireEvent("HANDLE_PAGE",[object Array])
  ->  [CoreEvents.js:234] fire("PARSE_COMPLETE",[object XPCWrappedNative_NoHelper],[object HTMLDocument])
  ->  [aptEventHandler.js:337] observe([object XPCWrappedNative_NoHelper],"jaxerEvent.HTMLParseComplete",null)
paths:
  -> file:///E:/Aptana%20Jaxer%20Apache/Jaxer/Apache2-4Build/jaxer/framework/src/ModuleLogger.js
  -> file:///E:/Aptana%20Jaxer%20Apache/Jaxer/Apache2-4Build/jaxer/framework/src/HandlePage.js
  -> file:///E:/Aptana%20Jaxer%20Apache/Jaxer/Apache2-4Build/jaxer/framework/src/CoreEvents.js
  -> file:///E:/Aptana%20Jaxer%20Apache/Jaxer/Apache2-4Build/jaxer/components/aptEventHandler.js

01:11:10 12/24/2025 [ 22864] [TRACE] [JS Framework] [Response.setNoCacheHeaders] Setting no-cache headers
stack:
  ->  [ModuleLogger.js:98] trace("Setting no-cache headers")
  ->  [Response.js:772] setNoCacheHeaders()
  ->  [HandlePage.js:85] onHandlePage([object XPCWrappedNative_NoHelper],[object HTMLDocument])
  ->  [CoreEvents.js:293] fireEvent("HANDLE_PAGE",[object Array])
  ->  [CoreEvents.js:234] fire("PARSE_COMPLETE",[object XPCWrappedNative_NoHelper],[object HTMLDocument])
  ->  [aptEventHandler.js:337] observe([object XPCWrappedNative_NoHelper],"jaxerEvent.HTMLParseComplete",null)
paths:
  -> file:///E:/Aptana%20Jaxer%20Apache/Jaxer/Apache2-4Build/jaxer/framework/src/ModuleLogger.js
  -> file:///E:/Aptana%20Jaxer%20Apache/Jaxer/Apache2-4Build/jaxer/framework/src/Response.js
  -> file:///E:/Aptana%20Jaxer%20Apache/Jaxer/Apache2-4Build/jaxer/framework/src/HandlePage.js
  -> file:///E:/Aptana%20Jaxer%20Apache/Jaxer/Apache2-4Build/jaxer/framework/src/CoreEvents.js
  -> file:///E:/Aptana%20Jaxer%20Apache/Jaxer/Apache2-4Build/jaxer/components/aptEventHandler.js

01:11:10 12/24/2025 [ 22864] [TRACE] [JS Framework] [DB.SQLite.close] Closing the connection
stack:
  ->  [ModuleLogger.js:98] trace("Closing the connection")
  ->  [DB_SQLite.js:739] close()
  ->  [DB.js:437] closeAllConnections(true)
  ->  [HandlePage.js:182] onHandlePage([object XPCWrappedNative_NoHelper],[object HTMLDocument])
  ->  [CoreEvents.js:293] fireEvent("HANDLE_PAGE",[object Array])
  ->  [CoreEvents.js:234] fire("PARSE_COMPLETE",[object XPCWrappedNative_NoHelper],[object HTMLDocument])
  ->  [aptEventHandler.js:337] observe([object XPCWrappedNative_NoHelper],"jaxerEvent.HTMLParseComplete",null)
paths:
  -> file:///E:/Aptana%20Jaxer%20Apache/Jaxer/Apache2-4Build/jaxer/framework/src/ModuleLogger.js
  -> file:///E:/Aptana%20Jaxer%20Apache/Jaxer/Apache2-4Build/jaxer/framework/src/DB_SQLite.js
  -> file:///E:/Aptana%20Jaxer%20Apache/Jaxer/Apache2-4Build/jaxer/framework/src/DB.js
  -> file:///E:/Aptana%20Jaxer%20Apache/Jaxer/Apache2-4Build/jaxer/framework/src/HandlePage.js
  -> file:///E:/Aptana%20Jaxer%20Apache/Jaxer/Apache2-4Build/jaxer/framework/src/CoreEvents.js
  -> file:///E:/Aptana%20Jaxer%20Apache/Jaxer/Apache2-4Build/jaxer/components/aptEventHandler.js

01:11:10 12/24/2025 [ 22864] [TRACE] [JS Framework] [CoreEvents.fireEvent] Firing an event for PARSE_COMPLETE
stack:
  ->  [ModuleLogger.js:98] trace("Firing an event for PARSE_COMPLETE")
  ->  [CoreEvents.js:282] fireEvent("PARSE_COMPLETE",[object Array])
  ->  [CoreEvents.js:238] fire("PARSE_COMPLETE",[object XPCWrappedNative_NoHelper],[object HTMLDocument])
  ->  [aptEventHandler.js:337] observe([object XPCWrappedNative_NoHelper],"jaxerEvent.HTMLParseComplete",null)
paths:
  -> file:///E:/Aptana%20Jaxer%20Apache/Jaxer/Apache2-4Build/jaxer/framework/src/ModuleLogger.js
  -> file:///E:/Aptana%20Jaxer%20Apache/Jaxer/Apache2-4Build/jaxer/framework/src/CoreEvents.js
  -> file:///E:/Aptana%20Jaxer%20Apache/Jaxer/Apache2-4Build/jaxer/components/aptEventHandler.js

01:11:10 12/24/2025 [ 22864] [TRACE] [JS Framework] [CoreEvents.fireEvent] Calling event handler: function onParseComplete(evt, doc) {
    Jaxer.__tempLoad.cl...
stack:
  ->  [ModuleLogger.js:98] trace("Calling event handler: function onParseComplete(evt, doc) {\n    Jaxer.__tempLoad.cl...")
  ->  [CoreEvents.js:292] fireEvent("PARSE_COMPLETE",[object Array])
  ->  [CoreEvents.js:238] fire("PARSE_COMPLETE",[object XPCWrappedNative_NoHelper],[object HTMLDocument])
  ->  [aptEventHandler.js:337] observe([object XPCWrappedNative_NoHelper],"jaxerEvent.HTMLParseComplete",null)
paths:
  -> file:///E:/Aptana%20Jaxer%20Apache/Jaxer/Apache2-4Build/jaxer/framework/src/ModuleLogger.js
  -> file:///E:/Aptana%20Jaxer%20Apache/Jaxer/Apache2-4Build/jaxer/framework/src/CoreEvents.js
  -> file:///E:/Aptana%20Jaxer%20Apache/Jaxer/Apache2-4Build/jaxer/components/aptEventHandler.js

01:11:10 12/24/2025 [ 22864] [TRACE] [JS Framework] [CoreEvents.fire] At this time, evt.Request.isHandler=false and eventType: REQUEST_COMPLETE
stack:
  ->  [ModuleLogger.js:98] trace("At this time, evt.Request.isHandler=false and eventType: REQUEST_COMPLETE")
  ->  [CoreEvents.js:205] fire("REQUEST_COMPLETE",[object XPCWrappedNative_NoHelper])
  ->  [aptEventHandler.js:351] observe([object XPCWrappedNative_NoHelper],"jaxerEvent.RequestComplete",null)
paths:
  -> file:///E:/Aptana%20Jaxer%20Apache/Jaxer/Apache2-4Build/jaxer/framework/src/ModuleLogger.js
  -> file:///E:/Aptana%20Jaxer%20Apache/Jaxer/Apache2-4Build/jaxer/framework/src/CoreEvents.js
  -> file:///E:/Aptana%20Jaxer%20Apache/Jaxer/Apache2-4Build/jaxer/components/aptEventHandler.js

01:11:10 12/24/2025 [ 22864] [TRACE] [JS Framework] [CoreEvents.fireEvent] Firing an event for REQUEST_COMPLETE
stack:
  ->  [ModuleLogger.js:98] trace("Firing an event for REQUEST_COMPLETE")
  ->  [CoreEvents.js:282] fireEvent("REQUEST_COMPLETE",[object Array])
  ->  [CoreEvents.js:238] fire("REQUEST_COMPLETE",[object XPCWrappedNative_NoHelper])
  ->  [aptEventHandler.js:351] observe([object XPCWrappedNative_NoHelper],"jaxerEvent.RequestComplete",null)
paths:
  -> file:///E:/Aptana%20Jaxer%20Apache/Jaxer/Apache2-4Build/jaxer/framework/src/ModuleLogger.js
  -> file:///E:/Aptana%20Jaxer%20Apache/Jaxer/Apache2-4Build/jaxer/framework/src/CoreEvents.js
  -> file:///E:/Aptana%20Jaxer%20Apache/Jaxer/Apache2-4Build/jaxer/components/aptEventHandler.js

01:11:10 12/24/2025 [ 22864] [TRACE] [JS Framework] [CoreEvents.fireEvent] Calling event handler: function onRequestComplete(evt) {
}...
stack:
  ->  [ModuleLogger.js:98] trace("Calling event handler: function onRequestComplete(evt) {\n}...")
  ->  [CoreEvents.js:292] fireEvent("REQUEST_COMPLETE",[object Array])
  ->  [CoreEvents.js:238] fire("REQUEST_COMPLETE",[object XPCWrappedNative_NoHelper])
  ->  [aptEventHandler.js:351] observe([object XPCWrappedNative_NoHelper],"jaxerEvent.RequestComplete",null)
paths:
  -> file:///E:/Aptana%20Jaxer%20Apache/Jaxer/Apache2-4Build/jaxer/framework/src/ModuleLogger.js
  -> file:///E:/Aptana%20Jaxer%20Apache/Jaxer/Apache2-4Build/jaxer/framework/src/CoreEvents.js
  -> file:///E:/Aptana%20Jaxer%20Apache/Jaxer/Apache2-4Build/jaxer/components/aptEventHandler.js

01:12:53 12/24/2025 [ 32928] [TRACE] [JS Framework] [CoreEvents.fire] At this time, evt.Request.isHandler=false and eventType: REQUEST_START
stack:
  ->  [ModuleLogger.js:98] trace("At this time, evt.Request.isHandler=false and eventType: REQUEST_START")
  ->  [CoreEvents.js:205] fire("REQUEST_START",[object XPCWrappedNative_NoHelper])
  ->  [aptEventHandler.js:292] observe([object XPCWrappedNative_NoHelper],"jaxerEvent.RequestStart",null)
paths:
  -> file:///E:/Aptana%20Jaxer%20Apache/Jaxer/Apache2-4Build/jaxer/framework/src/ModuleLogger.js
  -> file:///E:/Aptana%20Jaxer%20Apache/Jaxer/Apache2-4Build/jaxer/framework/src/CoreEvents.js
  -> file:///E:/Aptana%20Jaxer%20Apache/Jaxer/Apache2-4Build/jaxer/components/aptEventHandler.js

01:12:53 12/24/2025 [ 32928] [TRACE] [JS Framework] [CoreEvents.fireEvent] Firing an event for REQUEST_START
stack:
  ->  [ModuleLogger.js:98] trace("Firing an event for REQUEST_START")
  ->  [CoreEvents.js:282] fireEvent("REQUEST_START",[object Array])
  ->  [CoreEvents.js:238] fire("REQUEST_START",[object XPCWrappedNative_NoHelper])
  ->  [aptEventHandler.js:292] observe([object XPCWrappedNative_NoHelper],"jaxerEvent.RequestStart",null)
paths:
  -> file:///E:/Aptana%20Jaxer%20Apache/Jaxer/Apache2-4Build/jaxer/framework/src/ModuleLogger.js
  -> file:///E:/Aptana%20Jaxer%20Apache/Jaxer/Apache2-4Build/jaxer/framework/src/CoreEvents.js
  -> file:///E:/Aptana%20Jaxer%20Apache/Jaxer/Apache2-4Build/jaxer/components/aptEventHandler.js

01:12:53 12/24/2025 [ 32928] [TRACE] [JS Framework] [CoreEvents.fireEvent] Calling event handler: function onRequestStart(evt) {
}...
stack:
  ->  [ModuleLogger.js:98] trace("Calling event handler: function onRequestStart(evt) {\n}...")
  ->  [CoreEvents.js:292] fireEvent("REQUEST_START",[object Array])
  ->  [CoreEvents.js:238] fire("REQUEST_START",[object XPCWrappedNative_NoHelper])
  ->  [aptEventHandler.js:292] observe([object XPCWrappedNative_NoHelper],"jaxerEvent.RequestStart",null)
paths:
  -> file:///E:/Aptana%20Jaxer%20Apache/Jaxer/Apache2-4Build/jaxer/framework/src/ModuleLogger.js
  -> file:///E:/Aptana%20Jaxer%20Apache/Jaxer/Apache2-4Build/jaxer/framework/src/CoreEvents.js
  -> file:///E:/Aptana%20Jaxer%20Apache/Jaxer/Apache2-4Build/jaxer/components/aptEventHandler.js

01:12:53 12/24/2025 [ 32928] [TRACE] [JS Framework] [CoreEvents.fire] At this time, evt.Request.isHandler=false and eventType: PARSE_START
stack:
  ->  [ModuleLogger.js:98] trace("At this time, evt.Request.isHandler=false and eventType: PARSE_START")
  ->  [CoreEvents.js:205] fire("PARSE_START",[object XPCWrappedNative_NoHelper])
  ->  [aptEventHandler.js:306] observe([object XPCWrappedNative_NoHelper],"jaxerEvent.HTMLParseStart",null)
paths:
  -> file:///E:/Aptana%20Jaxer%20Apache/Jaxer/Apache2-4Build/jaxer/framework/src/ModuleLogger.js
  -> file:///E:/Aptana%20Jaxer%20Apache/Jaxer/Apache2-4Build/jaxer/framework/src/CoreEvents.js
  -> file:///E:/Aptana%20Jaxer%20Apache/Jaxer/Apache2-4Build/jaxer/components/aptEventHandler.js

01:12:53 12/24/2025 [ 32928] [TRACE] [JS Framework] [CoreEvents.fireEvent] Firing an event for PARSE_START
stack:
  ->  [ModuleLogger.js:98] trace("Firing an event for PARSE_START")
  ->  [CoreEvents.js:282] fireEvent("PARSE_START",[object Array])
  ->  [CoreEvents.js:238] fire("PARSE_START",[object XPCWrappedNative_NoHelper])
  ->  [aptEventHandler.js:306] observe([object XPCWrappedNative_NoHelper],"jaxerEvent.HTMLParseStart",null)
paths:
  -> file:///E:/Aptana%20Jaxer%20Apache/Jaxer/Apache2-4Build/jaxer/framework/src/ModuleLogger.js
  -> file:///E:/Aptana%20Jaxer%20Apache/Jaxer/Apache2-4Build/jaxer/framework/src/CoreEvents.js
  -> file:///E:/Aptana%20Jaxer%20Apache/Jaxer/Apache2-4Build/jaxer/components/aptEventHandler.js

01:12:53 12/24/2025 [ 32928] [TRACE] [JS Framework] [CoreEvents.fireEvent] Calling event handler: function onParseStart(evt) {
    Jaxer.request = frameworkGl...
stack:
  ->  [ModuleLogger.js:98] trace("Calling event handler: function onParseStart(evt) {\n    Jaxer.request = frameworkGl...")
  ->  [CoreEvents.js:292] fireEvent("PARSE_START",[object Array])
  ->  [CoreEvents.js:238] fire("PARSE_START",[object XPCWrappedNative_NoHelper])
  ->  [aptEventHandler.js:306] observe([object XPCWrappedNative_NoHelper],"jaxerEvent.HTMLParseStart",null)
paths:
  -> file:///E:/Aptana%20Jaxer%20Apache/Jaxer/Apache2-4Build/jaxer/framework/src/ModuleLogger.js
  -> file:///E:/Aptana%20Jaxer%20Apache/Jaxer/Apache2-4Build/jaxer/framework/src/CoreEvents.js
  -> file:///E:/Aptana%20Jaxer%20Apache/Jaxer/Apache2-4Build/jaxer/components/aptEventHandler.js

01:12:53 12/24/2025 [ 32928] [TRACE] [JS Framework] [Request.Request] Constructing request from: ({constructorErrors:[], _request:{}, method:"GET", isHandler:false, uri:"/aptana/", protocol:"HTTP/1.1", remoteUser:"", remoteHost:"desktop-lpv0ncp", remoteAddr:"::1", pageFile:"E:/Aptana Jaxer Apache/Jaxer/Apache2-4Build/jaxer/aptana/index.html", documentRoot:"E:/Aptana Jaxer Apache/Jaxer/Apache2-4Build/public", OS:"WINNT", isJaxerServer:false, isHTTPS:false, queryString:"", logFileNativePath:"", action:"GET", headers:{Host:"localhost:8081", Connection:"keep-alive", 'Cache-Control':"max-age=0", 'sec-ch-ua':"\"Chromium\";v=\"140\", \"Not=A?Brand\";v=\"24\", \"Opera\";v=\"124\"", 'sec-ch-ua-mobile':"?0", 'sec-ch-ua-platform':"\"Windows\"", 'Upgrade-Insecure-Requests':"1", 'User-Agent':"Mozilla/5.0 (Windows NT 10.0; Win64; x64) AppleWebKit/537.36 (KHTML, like Gecko) Chrome/140.0.0.0 Safari/537.36 OPR/124.0.0.0", Accept:"text/html,application/xhtml+xml,application/xml;q=0.9,image/avif,image/webp,image/apng,*/*;q=0.8,application/signed-exchange;v=b3;q=0.7", 'Sec-Fetch-Site':"none", 'Sec-Fetch-Mode':"navigate", 'Sec-Fetch-User':"?1", 'Sec-Fetch-Dest':"document", 'Accept-Encoding':"gzip, deflate, br, zstd", 'Accept-Language':"en-US,en;q=0.9", Cookie:"JaxerSessionId%24%24localhost%3A8081=176589175647709027719934159097; JaxerSessionId%24%24diagnostics=1766389857171006019406608883027; JaxerSessionId%24%24chat=176650225815408013378880202926; JaxerSessionId%24%24smtp-email=1766502615487048247814800171795; JaxerSessionId%24%24rss-sample=1766502620172023884340692192807; JaxerSessionId%24%24tasks=176650262827103192941976629359; JaxerSessionId%24%24wikilite=1766502633159009874746526267386; JaxerSessionId%24%24logging=176650264152708165463317747484; JaxerSessionId%24%24csajax=176650265576703773913072428896; JaxerSessionId%24%24shell=176650266145103665372259304419"}})
stack:
  ->  [ModuleLogger.js:98] trace("Constructing request from: ({constructorErrors:[], _request:{}, method:\"GET\", isHandler:false, uri:\"/aptana/\", protocol:\"HTTP/1.1\", remoteUser:\"\", remoteHost:\"desktop-lpv0ncp\", remoteAddr:\"::1\", pageFile:\"E:/Aptana Jaxer Apache/Jaxer/Apache2-4Build/jaxer/aptana/index.html\", documentRoot:\"E:/Aptana Jaxer Apache/Jaxer/Apache2-4Build/public\", OS:\"WINNT\", isJaxerServer:false, isHTTPS:false, queryString:\"\", logFileNativePath:\"\", action:\"GET\", headers:{Host:\"localhost:8081\", Connection:\"keep-alive\", 'Cache-Control':\"max-age=0\", 'sec-ch-ua':\"\\\"Chromium\\\";v=\\\"140\\\", \\\"Not=A?Brand\\\";v=\\\"24\\\", \\\"Opera\\\";v=\\\"124\\\"\", 'sec-ch-ua-mobile':\"?0\", 'sec-ch-ua-platform':\"\\\"Windows\\\"\", 'Upgrade-Insecure-Requests':\"1\", 'User-Agent':\"Mozilla/5.0 (Windows NT 10.0; Win64; x64) AppleWebKit/537.36 (KHTML, like Gecko) Chrome/140.0.0.0 Safari/537.36 OPR/124.0.0.0\", Accept:\"text/html,application/xhtml+xml,application/xml;q=0.9,image/avif,image/webp,image/apng,*/*;q=0.8,application/signed-exchange;v=b3;q=0.7\", 'Sec-Fetch-Site':\"none\", 'Sec-Fetch-Mode':\"navigate\", 'Sec-Fetch-User':\"?1\", 'Sec-Fetch-Dest':\"document\", 'Accept-Encoding':\"gzip, deflate, br, zstd\", 'Accept-Language':\"en-US,en;q=0.9\", Cookie:\"JaxerSessionId%24%24localhost%3A8081=176589175647709027719934159097; JaxerSessionId%24%24diagnostics=1766389857171006019406608883027; JaxerSessionId%24%24chat=176650225815408013378880202926; JaxerSessionId%24%24smtp-email=1766502615487048247814800171795; JaxerSessionId%24%24rss-sample=1766502620172023884340692192807; JaxerSessionId%24%24tasks=176650262827103192941976629359; JaxerSessionId%24%24wikilite=1766502633159009874746526267386; JaxerSessionId%24%24logging=176650264152708165463317747484; JaxerSessionId%24%24csajax=176650265576703773913072428896; JaxerSessionId%24%24shell=176650266145103665372259304419\"}})")
  ->  [Request.js:202] Request([object XPCWrappedNative_NoHelper])
  ->  [ParseStart.js:49] onParseStart([object XPCWrappedNative_NoHelper])
  ->  [CoreEvents.js:293] fireEvent("PARSE_START",[object Array])
  ->  [CoreEvents.js:238] fire("PARSE_START",[object XPCWrappedNative_NoHelper])
  ->  [aptEventHandler.js:306] observe([object XPCWrappedNative_NoHelper],"jaxerEvent.HTMLParseStart",null)
paths:
  -> file:///E:/Aptana%20Jaxer%20Apache/Jaxer/Apache2-4Build/jaxer/framework/src/ModuleLogger.js
  -> file:///E:/Aptana%20Jaxer%20Apache/Jaxer/Apache2-4Build/jaxer/framework/src/Request.js
  -> file:///E:/Aptana%20Jaxer%20Apache/Jaxer/Apache2-4Build/jaxer/framework/src/ParseStart.js
  -> file:///E:/Aptana%20Jaxer%20Apache/Jaxer/Apache2-4Build/jaxer/framework/src/CoreEvents.js
  -> file:///E:/Aptana%20Jaxer%20Apache/Jaxer/Apache2-4Build/jaxer/components/aptEventHandler.js

01:12:53 12/24/2025 [ 32928] [TRACE] [JS Framework] [ParseStart.onParseStart] Matching app using parsedUrl='({url:"http://localhost:8081/aptana/", scheme:"http", protocol:"http", authority:"localhost:8081", path:"/aptana/", query:"", fragment:"", userInfo:"", host:"localhost", port:"8081", hostAndPort:"localhost:8081", base:"http://localhost:8081", subdomain:"", domain:"localhost", pathParts:["aptana", ""], leaf:"", queryParts:{}})'
stack:
  ->  [ModuleLogger.js:98] trace("Matching app using parsedUrl='({url:\"http://localhost:8081/aptana/\", scheme:\"http\", protocol:\"http\", authority:\"localhost:8081\", path:\"/aptana/\", query:\"\", fragment:\"\", userInfo:\"\", host:\"localhost\", port:\"8081\", hostAndPort:\"localhost:8081\", base:\"http://localhost:8081\", subdomain:\"\", domain:\"localhost\", pathParts:[\"aptana\", \"\"], leaf:\"\", queryParts:{}})'")
  ->  [ParseStart.js:81] onParseStart([object XPCWrappedNative_NoHelper])
  ->  [CoreEvents.js:293] fireEvent("PARSE_START",[object Array])
  ->  [CoreEvents.js:238] fire("PARSE_START",[object XPCWrappedNative_NoHelper])
  ->  [aptEventHandler.js:306] observe([object XPCWrappedNative_NoHelper],"jaxerEvent.HTMLParseStart",null)
paths:
  -> file:///E:/Aptana%20Jaxer%20Apache/Jaxer/Apache2-4Build/jaxer/framework/src/ModuleLogger.js
  -> file:///E:/Aptana%20Jaxer%20Apache/Jaxer/Apache2-4Build/jaxer/framework/src/ParseStart.js
  -> file:///E:/Aptana%20Jaxer%20Apache/Jaxer/Apache2-4Build/jaxer/framework/src/CoreEvents.js
  -> file:///E:/Aptana%20Jaxer%20Apache/Jaxer/Apache2-4Build/jaxer/components/aptEventHandler.js

01:12:53 12/24/2025 [ 32928] [TRACE] [JS Framework] [App.init] Initializing app 'DEFAULT' (urlTest: /.*/)
stack:
  ->  [ModuleLogger.js:98] trace("Initializing app 'DEFAULT' (urlTest: /.*/)")
  ->  [App.js:184] init()
  ->  [ParseStart.js:110] onParseStart([object XPCWrappedNative_NoHelper])
  ->  [CoreEvents.js:293] fireEvent("PARSE_START",[object Array])
  ->  [CoreEvents.js:238] fire("PARSE_START",[object XPCWrappedNative_NoHelper])
  ->  [aptEventHandler.js:306] observe([object XPCWrappedNative_NoHelper],"jaxerEvent.HTMLParseStart",null)
paths:
  -> file:///E:/Aptana%20Jaxer%20Apache/Jaxer/Apache2-4Build/jaxer/framework/src/ModuleLogger.js
  -> file:///E:/Aptana%20Jaxer%20Apache/Jaxer/Apache2-4Build/jaxer/framework/src/App.js
  -> file:///E:/Aptana%20Jaxer%20Apache/Jaxer/Apache2-4Build/jaxer/framework/src/ParseStart.js
  -> file:///E:/Aptana%20Jaxer%20Apache/Jaxer/Apache2-4Build/jaxer/framework/src/CoreEvents.js
  -> file:///E:/Aptana%20Jaxer%20Apache/Jaxer/Apache2-4Build/jaxer/components/aptEventHandler.js

01:12:53 12/24/2025 [ 32928] [TRACE] [JS Framework] [App.init] APP_KEY for app 'DEFAULT': localhost:8081
stack:
  ->  [ModuleLogger.js:98] trace("APP_KEY for app 'DEFAULT': localhost:8081")
  ->  [App.js:196] init()
  ->  [ParseStart.js:110] onParseStart([object XPCWrappedNative_NoHelper])
  ->  [CoreEvents.js:293] fireEvent("PARSE_START",[object Array])
  ->  [CoreEvents.js:238] fire("PARSE_START",[object XPCWrappedNative_NoHelper])
  ->  [aptEventHandler.js:306] observe([object XPCWrappedNative_NoHelper],"jaxerEvent.HTMLParseStart",null)
paths:
  -> file:///E:/Aptana%20Jaxer%20Apache/Jaxer/Apache2-4Build/jaxer/framework/src/ModuleLogger.js
  -> file:///E:/Aptana%20Jaxer%20Apache/Jaxer/Apache2-4Build/jaxer/framework/src/App.js
  -> file:///E:/Aptana%20Jaxer%20Apache/Jaxer/Apache2-4Build/jaxer/framework/src/ParseStart.js
  -> file:///E:/Aptana%20Jaxer%20Apache/Jaxer/Apache2-4Build/jaxer/framework/src/CoreEvents.js
  -> file:///E:/Aptana%20Jaxer%20Apache/Jaxer/Apache2-4Build/jaxer/components/aptEventHandler.js

01:12:53 12/24/2025 [ 32928] [TRACE] [JS Framework] [App.init] PAGE_KEY for app 'DEFAULT': localhost:8081/aptana/
stack:
  ->  [ModuleLogger.js:98] trace("PAGE_KEY for app 'DEFAULT': localhost:8081/aptana/")
  ->  [App.js:208] init()
  ->  [ParseStart.js:110] onParseStart([object XPCWrappedNative_NoHelper])
  ->  [CoreEvents.js:293] fireEvent("PARSE_START",[object Array])
  ->  [CoreEvents.js:238] fire("PARSE_START",[object XPCWrappedNative_NoHelper])
  ->  [aptEventHandler.js:306] observe([object XPCWrappedNative_NoHelper],"jaxerEvent.HTMLParseStart",null)
paths:
  -> file:///E:/Aptana%20Jaxer%20Apache/Jaxer/Apache2-4Build/jaxer/framework/src/ModuleLogger.js
  -> file:///E:/Aptana%20Jaxer%20Apache/Jaxer/Apache2-4Build/jaxer/framework/src/App.js
  -> file:///E:/Aptana%20Jaxer%20Apache/Jaxer/Apache2-4Build/jaxer/framework/src/ParseStart.js
  -> file:///E:/Aptana%20Jaxer%20Apache/Jaxer/Apache2-4Build/jaxer/framework/src/CoreEvents.js
  -> file:///E:/Aptana%20Jaxer%20Apache/Jaxer/Apache2-4Build/jaxer/components/aptEventHandler.js

01:12:53 12/24/2025 [ 32928] [TRACE] [JS Framework] [App.init] PATH for app 'DEFAULT': resource:///../local_jaxer/data/DEFAULT
stack:
  ->  [ModuleLogger.js:98] trace("PATH for app 'DEFAULT': resource:///../local_jaxer/data/DEFAULT")
  ->  [App.js:231] init()
  ->  [ParseStart.js:110] onParseStart([object XPCWrappedNative_NoHelper])
  ->  [CoreEvents.js:293] fireEvent("PARSE_START",[object Array])
  ->  [CoreEvents.js:238] fire("PARSE_START",[object XPCWrappedNative_NoHelper])
  ->  [aptEventHandler.js:306] observe([object XPCWrappedNative_NoHelper],"jaxerEvent.HTMLParseStart",null)
paths:
  -> file:///E:/Aptana%20Jaxer%20Apache/Jaxer/Apache2-4Build/jaxer/framework/src/ModuleLogger.js
  -> file:///E:/Aptana%20Jaxer%20Apache/Jaxer/Apache2-4Build/jaxer/framework/src/App.js
  -> file:///E:/Aptana%20Jaxer%20Apache/Jaxer/Apache2-4Build/jaxer/framework/src/ParseStart.js
  -> file:///E:/Aptana%20Jaxer%20Apache/Jaxer/Apache2-4Build/jaxer/framework/src/CoreEvents.js
  -> file:///E:/Aptana%20Jaxer%20Apache/Jaxer/Apache2-4Build/jaxer/components/aptEventHandler.js

01:12:53 12/24/2025 [ 32928] [TRACE] [JS Framework] [ParseStart.onParseStart] Using app 'DEFAULT': urlTest = /.*/
stack:
  ->  [ModuleLogger.js:98] trace("Using app 'DEFAULT': urlTest = /.*/")
  ->  [ParseStart.js:113] onParseStart([object XPCWrappedNative_NoHelper])
  ->  [CoreEvents.js:293] fireEvent("PARSE_START",[object Array])
  ->  [CoreEvents.js:238] fire("PARSE_START",[object XPCWrappedNative_NoHelper])
  ->  [aptEventHandler.js:306] observe([object XPCWrappedNative_NoHelper],"jaxerEvent.HTMLParseStart",null)
paths:
  -> file:///E:/Aptana%20Jaxer%20Apache/Jaxer/Apache2-4Build/jaxer/framework/src/ModuleLogger.js
  -> file:///E:/Aptana%20Jaxer%20Apache/Jaxer/Apache2-4Build/jaxer/framework/src/ParseStart.js
  -> file:///E:/Aptana%20Jaxer%20Apache/Jaxer/Apache2-4Build/jaxer/framework/src/CoreEvents.js
  -> file:///E:/Aptana%20Jaxer%20Apache/Jaxer/Apache2-4Build/jaxer/components/aptEventHandler.js

01:12:53 12/24/2025 [ 32928] [DEBUG] [JS Framework] [SessionManager.keyFromRequest] Getting session key from the client via cookie JaxerSessionId$$localhost:8081: 176589175647709027719934159097
stack:
  ->  [ModuleLogger.js:98] debug("Getting session key from the client via cookie JaxerSessionId$$localhost:8081: 176589175647709027719934159097")
  ->  [SessionManager.js:59] keyFromRequest("localhost:8081")
  ->  [Container.js:474] init("localhost:8081","localhost:8081/aptana/")
  ->  [ParseStart.js:122] onParseStart([object XPCWrappedNative_NoHelper])
  ->  [CoreEvents.js:293] fireEvent("PARSE_START",[object Array])
  ->  [CoreEvents.js:238] fire("PARSE_START",[object XPCWrappedNative_NoHelper])
  ->  [aptEventHandler.js:306] observe([object XPCWrappedNative_NoHelper],"jaxerEvent.HTMLParseStart",null)
paths:
  -> file:///E:/Aptana%20Jaxer%20Apache/Jaxer/Apache2-4Build/jaxer/framework/src/ModuleLogger.js
  -> file:///E:/Aptana%20Jaxer%20Apache/Jaxer/Apache2-4Build/jaxer/framework/src/SessionManager.js
  -> file:///E:/Aptana%20Jaxer%20Apache/Jaxer/Apache2-4Build/jaxer/framework/src/Container.js
  -> file:///E:/Aptana%20Jaxer%20Apache/Jaxer/Apache2-4Build/jaxer/framework/src/ParseStart.js
  -> file:///E:/Aptana%20Jaxer%20Apache/Jaxer/Apache2-4Build/jaxer/framework/src/CoreEvents.js
  -> file:///E:/Aptana%20Jaxer%20Apache/Jaxer/Apache2-4Build/jaxer/components/aptEventHandler.js

01:12:53 12/24/2025 [ 32928] [DEBUG] [JS Framework] [Container.init] Created APPLICATION container as Jaxer.application with key localhost:8081
stack:
  ->  [ModuleLogger.js:98] debug("Created APPLICATION container as Jaxer.application with key localhost:8081")
  ->  [Container.js:485] init("localhost:8081","localhost:8081/aptana/")
  ->  [ParseStart.js:122] onParseStart([object XPCWrappedNative_NoHelper])
  ->  [CoreEvents.js:293] fireEvent("PARSE_START",[object Array])
  ->  [CoreEvents.js:238] fire("PARSE_START",[object XPCWrappedNative_NoHelper])
  ->  [aptEventHandler.js:306] observe([object XPCWrappedNative_NoHelper],"jaxerEvent.HTMLParseStart",null)
paths:
  -> file:///E:/Aptana%20Jaxer%20Apache/Jaxer/Apache2-4Build/jaxer/framework/src/ModuleLogger.js
  -> file:///E:/Aptana%20Jaxer%20Apache/Jaxer/Apache2-4Build/jaxer/framework/src/Container.js
  -> file:///E:/Aptana%20Jaxer%20Apache/Jaxer/Apache2-4Build/jaxer/framework/src/ParseStart.js
  -> file:///E:/Aptana%20Jaxer%20Apache/Jaxer/Apache2-4Build/jaxer/framework/src/CoreEvents.js
  -> file:///E:/Aptana%20Jaxer%20Apache/Jaxer/Apache2-4Build/jaxer/components/aptEventHandler.js

01:12:53 12/24/2025 [ 32928] [DEBUG] [JS Framework] [Container.init] Created PAGE container as Jaxer.page with key localhost:8081/aptana/
stack:
  ->  [ModuleLogger.js:98] debug("Created PAGE container as Jaxer.page with key localhost:8081/aptana/")
  ->  [Container.js:485] init("localhost:8081","localhost:8081/aptana/")
  ->  [ParseStart.js:122] onParseStart([object XPCWrappedNative_NoHelper])
  ->  [CoreEvents.js:293] fireEvent("PARSE_START",[object Array])
  ->  [CoreEvents.js:238] fire("PARSE_START",[object XPCWrappedNative_NoHelper])
  ->  [aptEventHandler.js:306] observe([object XPCWrappedNative_NoHelper],"jaxerEvent.HTMLParseStart",null)
paths:
  -> file:///E:/Aptana%20Jaxer%20Apache/Jaxer/Apache2-4Build/jaxer/framework/src/ModuleLogger.js
  -> file:///E:/Aptana%20Jaxer%20Apache/Jaxer/Apache2-4Build/jaxer/framework/src/Container.js
  -> file:///E:/Aptana%20Jaxer%20Apache/Jaxer/Apache2-4Build/jaxer/framework/src/ParseStart.js
  -> file:///E:/Aptana%20Jaxer%20Apache/Jaxer/Apache2-4Build/jaxer/framework/src/CoreEvents.js
  -> file:///E:/Aptana%20Jaxer%20Apache/Jaxer/Apache2-4Build/jaxer/components/aptEventHandler.js

01:12:53 12/24/2025 [ 32928] [DEBUG] [JS Framework] [Container.init] Created SESSION container as Jaxer.session with key 176589175647709027719934159097
stack:
  ->  [ModuleLogger.js:98] debug("Created SESSION container as Jaxer.session with key 176589175647709027719934159097")
  ->  [Container.js:485] init("localhost:8081","localhost:8081/aptana/")
  ->  [ParseStart.js:122] onParseStart([object XPCWrappedNative_NoHelper])
  ->  [CoreEvents.js:293] fireEvent("PARSE_START",[object Array])
  ->  [CoreEvents.js:238] fire("PARSE_START",[object XPCWrappedNative_NoHelper])
  ->  [aptEventHandler.js:306] observe([object XPCWrappedNative_NoHelper],"jaxerEvent.HTMLParseStart",null)
paths:
  -> file:///E:/Aptana%20Jaxer%20Apache/Jaxer/Apache2-4Build/jaxer/framework/src/ModuleLogger.js
  -> file:///E:/Aptana%20Jaxer%20Apache/Jaxer/Apache2-4Build/jaxer/framework/src/Container.js
  -> file:///E:/Aptana%20Jaxer%20Apache/Jaxer/Apache2-4Build/jaxer/framework/src/ParseStart.js
  -> file:///E:/Aptana%20Jaxer%20Apache/Jaxer/Apache2-4Build/jaxer/framework/src/CoreEvents.js
  -> file:///E:/Aptana%20Jaxer%20Apache/Jaxer/Apache2-4Build/jaxer/components/aptEventHandler.js

01:12:53 12/24/2025 [ 32928] [DEBUG] [JS Framework] [Container.init] Created SESSION_PAGE container as Jaxer.sessionPage with key 176589175647709027719934159097$$localhost:8081/aptana/
stack:
  ->  [ModuleLogger.js:98] debug("Created SESSION_PAGE container as Jaxer.sessionPage with key 176589175647709027719934159097$$localhost:8081/aptana/")
  ->  [Container.js:485] init("localhost:8081","localhost:8081/aptana/")
  ->  [ParseStart.js:122] onParseStart([object XPCWrappedNative_NoHelper])
  ->  [CoreEvents.js:293] fireEvent("PARSE_START",[object Array])
  ->  [CoreEvents.js:238] fire("PARSE_START",[object XPCWrappedNative_NoHelper])
  ->  [aptEventHandler.js:306] observe([object XPCWrappedNative_NoHelper],"jaxerEvent.HTMLParseStart",null)
paths:
  -> file:///E:/Aptana%20Jaxer%20Apache/Jaxer/Apache2-4Build/jaxer/framework/src/ModuleLogger.js
  -> file:///E:/Aptana%20Jaxer%20Apache/Jaxer/Apache2-4Build/jaxer/framework/src/Container.js
  -> file:///E:/Aptana%20Jaxer%20Apache/Jaxer/Apache2-4Build/jaxer/framework/src/ParseStart.js
  -> file:///E:/Aptana%20Jaxer%20Apache/Jaxer/Apache2-4Build/jaxer/framework/src/CoreEvents.js
  -> file:///E:/Aptana%20Jaxer%20Apache/Jaxer/Apache2-4Build/jaxer/components/aptEventHandler.js

01:12:53 12/24/2025 [ 32928] [TRACE] [JS Framework] [DB.setDefault] Setting default connection for app: DEFAULT
stack:
  ->  [ModuleLogger.js:98] trace("Setting default connection for app: DEFAULT")
  ->  [DB.js:162] setDefault("DEFAULT",[object Object])
  ->  [ParseStart.js:123] onParseStart([object XPCWrappedNative_NoHelper])
  ->  [CoreEvents.js:293] fireEvent("PARSE_START",[object Array])
  ->  [CoreEvents.js:238] fire("PARSE_START",[object XPCWrappedNative_NoHelper])
  ->  [aptEventHandler.js:306] observe([object XPCWrappedNative_NoHelper],"jaxerEvent.HTMLParseStart",null)
paths:
  -> file:///E:/Aptana%20Jaxer%20Apache/Jaxer/Apache2-4Build/jaxer/framework/src/ModuleLogger.js
  -> file:///E:/Aptana%20Jaxer%20Apache/Jaxer/Apache2-4Build/jaxer/framework/src/DB.js
  -> file:///E:/Aptana%20Jaxer%20Apache/Jaxer/Apache2-4Build/jaxer/framework/src/ParseStart.js
  -> file:///E:/Aptana%20Jaxer%20Apache/Jaxer/Apache2-4Build/jaxer/framework/src/CoreEvents.js
  -> file:///E:/Aptana%20Jaxer%20Apache/Jaxer/Apache2-4Build/jaxer/components/aptEventHandler.js

01:12:53 12/24/2025 [ 32928] [TRACE] [JS Framework] [CoreEvents.fire] At this time, evt.Request.isHandler=false and eventType: NEW_ELEMENT - HTML
stack:
  ->  [ModuleLogger.js:98] trace("At this time, evt.Request.isHandler=false and eventType: NEW_ELEMENT - HTML")
  ->  [CoreEvents.js:205] fire("NEW_ELEMENT",[object XPCWrappedNative_NoHelper],[object HTMLDocument],[object HTMLHtmlElement])
  ->  [aptEventHandler.js:157] observe([object XPCWrappedNative_NoHelper],"jaxerEvent.NewHTMLElement",null)
paths:
  -> file:///E:/Aptana%20Jaxer%20Apache/Jaxer/Apache2-4Build/jaxer/framework/src/ModuleLogger.js
  -> file:///E:/Aptana%20Jaxer%20Apache/Jaxer/Apache2-4Build/jaxer/framework/src/CoreEvents.js
  -> file:///E:/Aptana%20Jaxer%20Apache/Jaxer/Apache2-4Build/jaxer/components/aptEventHandler.js

01:12:53 12/24/2025 [ 32928] [TRACE] [JS Framework] [CoreEvents.fireEvent] Firing an event for NEW_ELEMENT
stack:
  ->  [ModuleLogger.js:98] trace("Firing an event for NEW_ELEMENT")
  ->  [CoreEvents.js:282] fireEvent("NEW_ELEMENT",[object Array])
  ->  [CoreEvents.js:238] fire("NEW_ELEMENT",[object XPCWrappedNative_NoHelper],[object HTMLDocument],[object HTMLHtmlElement])
  ->  [aptEventHandler.js:157] observe([object XPCWrappedNative_NoHelper],"jaxerEvent.NewHTMLElement",null)
paths:
  -> file:///E:/Aptana%20Jaxer%20Apache/Jaxer/Apache2-4Build/jaxer/framework/src/ModuleLogger.js
  -> file:///E:/Aptana%20Jaxer%20Apache/Jaxer/Apache2-4Build/jaxer/framework/src/CoreEvents.js
  -> file:///E:/Aptana%20Jaxer%20Apache/Jaxer/Apache2-4Build/jaxer/components/aptEventHandler.js

01:12:53 12/24/2025 [ 32928] [TRACE] [JS Framework] [CoreEvents.fireEvent] Calling event handler: function onNewElement(evt, doc, elt) {
    switch (elt.tagNa...
stack:
  ->  [ModuleLogger.js:98] trace("Calling event handler: function onNewElement(evt, doc, elt) {\n    switch (elt.tagNa...")
  ->  [CoreEvents.js:292] fireEvent("NEW_ELEMENT",[object Array])
  ->  [CoreEvents.js:238] fire("NEW_ELEMENT",[object XPCWrappedNative_NoHelper],[object HTMLDocument],[object HTMLHtmlElement])
  ->  [aptEventHandler.js:157] observe([object XPCWrappedNative_NoHelper],"jaxerEvent.NewHTMLElement",null)
paths:
  -> file:///E:/Aptana%20Jaxer%20Apache/Jaxer/Apache2-4Build/jaxer/framework/src/ModuleLogger.js
  -> file:///E:/Aptana%20Jaxer%20Apache/Jaxer/Apache2-4Build/jaxer/framework/src/CoreEvents.js
  -> file:///E:/Aptana%20Jaxer%20Apache/Jaxer/Apache2-4Build/jaxer/components/aptEventHandler.js

01:12:53 12/24/2025 [ 32928] [TRACE] [JS Framework] [CoreEvents.fire] At this time, evt.Request.isHandler=false and eventType: NEW_ELEMENT - HEAD
stack:
  ->  [ModuleLogger.js:98] trace("At this time, evt.Request.isHandler=false and eventType: NEW_ELEMENT - HEAD")
  ->  [CoreEvents.js:205] fire("NEW_ELEMENT",[object XPCWrappedNative_NoHelper],[object HTMLDocument],[object HTMLHeadElement])
  ->  [aptEventHandler.js:157] observe([object XPCWrappedNative_NoHelper],"jaxerEvent.NewHTMLElement",null)
paths:
  -> file:///E:/Aptana%20Jaxer%20Apache/Jaxer/Apache2-4Build/jaxer/framework/src/ModuleLogger.js
  -> file:///E:/Aptana%20Jaxer%20Apache/Jaxer/Apache2-4Build/jaxer/framework/src/CoreEvents.js
  -> file:///E:/Aptana%20Jaxer%20Apache/Jaxer/Apache2-4Build/jaxer/components/aptEventHandler.js

01:12:53 12/24/2025 [ 32928] [TRACE] [JS Framework] [CoreEvents.fireEvent] Firing an event for NEW_ELEMENT
stack:
  ->  [ModuleLogger.js:98] trace("Firing an event for NEW_ELEMENT")
  ->  [CoreEvents.js:282] fireEvent("NEW_ELEMENT",[object Array])
  ->  [CoreEvents.js:238] fire("NEW_ELEMENT",[object XPCWrappedNative_NoHelper],[object HTMLDocument],[object HTMLHeadElement])
  ->  [aptEventHandler.js:157] observe([object XPCWrappedNative_NoHelper],"jaxerEvent.NewHTMLElement",null)
paths:
  -> file:///E:/Aptana%20Jaxer%20Apache/Jaxer/Apache2-4Build/jaxer/framework/src/ModuleLogger.js
  -> file:///E:/Aptana%20Jaxer%20Apache/Jaxer/Apache2-4Build/jaxer/framework/src/CoreEvents.js
  -> file:///E:/Aptana%20Jaxer%20Apache/Jaxer/Apache2-4Build/jaxer/components/aptEventHandler.js

01:12:53 12/24/2025 [ 32928] [TRACE] [JS Framework] [CoreEvents.fireEvent] Calling event handler: function onNewElement(evt, doc, elt) {
    switch (elt.tagNa...
stack:
  ->  [ModuleLogger.js:98] trace("Calling event handler: function onNewElement(evt, doc, elt) {\n    switch (elt.tagNa...")
  ->  [CoreEvents.js:292] fireEvent("NEW_ELEMENT",[object Array])
  ->  [CoreEvents.js:238] fire("NEW_ELEMENT",[object XPCWrappedNative_NoHelper],[object HTMLDocument],[object HTMLHeadElement])
  ->  [aptEventHandler.js:157] observe([object XPCWrappedNative_NoHelper],"jaxerEvent.NewHTMLElement",null)
paths:
  -> file:///E:/Aptana%20Jaxer%20Apache/Jaxer/Apache2-4Build/jaxer/framework/src/ModuleLogger.js
  -> file:///E:/Aptana%20Jaxer%20Apache/Jaxer/Apache2-4Build/jaxer/framework/src/CoreEvents.js
  -> file:///E:/Aptana%20Jaxer%20Apache/Jaxer/Apache2-4Build/jaxer/components/aptEventHandler.js

01:12:53 12/24/2025 [ 32928] [TRACE] [JS Framework] [CoreEvents.fire] At this time, evt.Request.isHandler=false and eventType: INIT_HEAD
stack:
  ->  [ModuleLogger.js:98] trace("At this time, evt.Request.isHandler=false and eventType: INIT_HEAD")
  ->  [CoreEvents.js:205] fire("INIT_HEAD",[object XPCWrappedNative_NoHelper],[object HTMLDocument])
  ->  [aptEventHandler.js:139] observe([object XPCWrappedNative_NoHelper],"jaxerEvent.NewHTMLElement",null)
paths:
  -> file:///E:/Aptana%20Jaxer%20Apache/Jaxer/Apache2-4Build/jaxer/framework/src/ModuleLogger.js
  -> file:///E:/Aptana%20Jaxer%20Apache/Jaxer/Apache2-4Build/jaxer/framework/src/CoreEvents.js
  -> file:///E:/Aptana%20Jaxer%20Apache/Jaxer/Apache2-4Build/jaxer/components/aptEventHandler.js

01:12:53 12/24/2025 [ 32928] [TRACE] [JS Framework] [CoreEvents.fireEvent] Firing an event for INIT_HEAD
stack:
  ->  [ModuleLogger.js:98] trace("Firing an event for INIT_HEAD")
  ->  [CoreEvents.js:282] fireEvent("INIT_HEAD",[object Array])
  ->  [CoreEvents.js:238] fire("INIT_HEAD",[object XPCWrappedNative_NoHelper],[object HTMLDocument])
  ->  [aptEventHandler.js:139] observe([object XPCWrappedNative_NoHelper],"jaxerEvent.NewHTMLElement",null)
paths:
  -> file:///E:/Aptana%20Jaxer%20Apache/Jaxer/Apache2-4Build/jaxer/framework/src/ModuleLogger.js
  -> file:///E:/Aptana%20Jaxer%20Apache/Jaxer/Apache2-4Build/jaxer/framework/src/CoreEvents.js
  -> file:///E:/Aptana%20Jaxer%20Apache/Jaxer/Apache2-4Build/jaxer/components/aptEventHandler.js

01:12:53 12/24/2025 [ 32928] [TRACE] [JS Framework] [CoreEvents.fireEvent] Calling event handler: function onInitHead(evt, doc) {
    Jaxer.load = function lo...
stack:
  ->  [ModuleLogger.js:98] trace("Calling event handler: function onInitHead(evt, doc) {\n    Jaxer.load = function lo...")
  ->  [CoreEvents.js:292] fireEvent("INIT_HEAD",[object Array])
  ->  [CoreEvents.js:238] fire("INIT_HEAD",[object XPCWrappedNative_NoHelper],[object HTMLDocument])
  ->  [aptEventHandler.js:139] observe([object XPCWrappedNative_NoHelper],"jaxerEvent.NewHTMLElement",null)
paths:
  -> file:///E:/Aptana%20Jaxer%20Apache/Jaxer/Apache2-4Build/jaxer/framework/src/ModuleLogger.js
  -> file:///E:/Aptana%20Jaxer%20Apache/Jaxer/Apache2-4Build/jaxer/framework/src/CoreEvents.js
  -> file:///E:/Aptana%20Jaxer%20Apache/Jaxer/Apache2-4Build/jaxer/components/aptEventHandler.js

01:12:53 12/24/2025 [ 32928] [TRACE] [JS Framework] [Includer.evalOn] Evaluating using Jaxer.request.evaluateScript: contents = (function ... with global = [object ChromeWindow] and effectiveUrl = undefined
stack:
  ->  [ModuleLogger.js:98] trace("Evaluating using Jaxer.request.evaluateScript: contents = (function ... with global = [object ChromeWindow] and effectiveUrl = undefined")
  ->  [Includer.js:131] evalOn("(function extendDomSetters(global) {if (global.HTMLInputElement) {var inputValueSetter = global.HTMLInputElement.prototype.__lookupSetter__(\"value\");global.HTMLInputElement.prototype.__defineSetter__(\"value\", function (val) {inputValueSetter.call(this, val);this.setAttribute(\"value\", val);});var inputCheckedSetter = global.HTMLInputElement.prototype.__lookupSetter__(\"checked\");global.HTMLInputElement.prototype.__defineSetter__(\"checked\", function (val) {inputCheckedSetter.call(this, val);if (val) {this.setAttribute(\"checked\", null);} else {this.removeAttribute(\"checked\");}});}if (global.HTMLTextAreaElement) {var textAreaValueSetter = global.HTMLTextAreaElement.prototype.__lookupSetter__(\"value\");global.HTMLTextAreaElement.prototype.__defineSetter__(\"value\", function (val) {textAreaValueSetter.call(this, val);this.textContent = val;});}if (global.HTMLSelectElement) {var selectSelectedIndexSetter = global.HTMLSelectElement.prototype.__lookupSetter__(\"selectedIndex\");global.HTMLSelectElement.prototype.__defineSetter__(\"selectedIndex\", function (index) {selectSelectedIndexSetter.call(this, index);var option = this.options[index];if (option) {for (var i = 0, len = this.options.length; i < len; i++) {if (i == index) {this.options[i].setAttribute(\"selected\", null);} else {this.options[i].removeAttribute(\"selected\");}}}});}if (global.HTMLOptionElement) {var optionSelectedSetter = global.HTMLOptionElement.prototype.__lookupSetter__(\"selected\");global.HTMLOptionElement.prototype.__defineSetter__(\"selected\", function (val) {optionSelectedSetter.call(this, val);if (val) {this.setAttribute(\"selected\", null);} else {this.removeAttribute(\"selected\");}});}})(document.defaultView)",[object ChromeWindow])
  ->  [Overrides.js:370] applyAll([object ChromeWindow])
  ->  [InitHead.js:78] onInitHead([object XPCWrappedNative_NoHelper],[object HTMLDocument])
  ->  [CoreEvents.js:293] fireEvent("INIT_HEAD",[object Array])
  ->  [CoreEvents.js:238] fire("INIT_HEAD",[object XPCWrappedNative_NoHelper],[object HTMLDocument])
  ->  [aptEventHandler.js:139] observe([object XPCWrappedNative_NoHelper],"jaxerEvent.NewHTMLElement",null)
paths:
  -> file:///E:/Aptana%20Jaxer%20Apache/Jaxer/Apache2-4Build/jaxer/framework/src/ModuleLogger.js
  -> file:///E:/Aptana%20Jaxer%20Apache/Jaxer/Apache2-4Build/jaxer/framework/src/Includer.js
  -> file:///E:/Aptana%20Jaxer%20Apache/Jaxer/Apache2-4Build/jaxer/framework/src/Overrides.js
  -> file:///E:/Aptana%20Jaxer%20Apache/Jaxer/Apache2-4Build/jaxer/framework/src/InitHead.js
  -> file:///E:/Aptana%20Jaxer%20Apache/Jaxer/Apache2-4Build/jaxer/framework/src/CoreEvents.js
  -> file:///E:/Aptana%20Jaxer%20Apache/Jaxer/Apache2-4Build/jaxer/components/aptEventHandler.js

01:12:53 12/24/2025 [ 32928] [TRACE] [JS Framework] [CoreEvents.fire] At this time, evt.Request.isHandler=false and eventType: NEW_ELEMENT - META
stack:
  ->  [ModuleLogger.js:98] trace("At this time, evt.Request.isHandler=false and eventType: NEW_ELEMENT - META")
  ->  [CoreEvents.js:205] fire("NEW_ELEMENT",[object XPCWrappedNative_NoHelper],[object HTMLDocument],[object HTMLMetaElement])
  ->  [aptEventHandler.js:157] observe([object XPCWrappedNative_NoHelper],"jaxerEvent.NewHTMLElement",null)
paths:
  -> file:///E:/Aptana%20Jaxer%20Apache/Jaxer/Apache2-4Build/jaxer/framework/src/ModuleLogger.js
  -> file:///E:/Aptana%20Jaxer%20Apache/Jaxer/Apache2-4Build/jaxer/framework/src/CoreEvents.js
  -> file:///E:/Aptana%20Jaxer%20Apache/Jaxer/Apache2-4Build/jaxer/components/aptEventHandler.js

01:12:53 12/24/2025 [ 32928] [TRACE] [JS Framework] [CoreEvents.fireEvent] Firing an event for NEW_ELEMENT
stack:
  ->  [ModuleLogger.js:98] trace("Firing an event for NEW_ELEMENT")
  ->  [CoreEvents.js:282] fireEvent("NEW_ELEMENT",[object Array])
  ->  [CoreEvents.js:238] fire("NEW_ELEMENT",[object XPCWrappedNative_NoHelper],[object HTMLDocument],[object HTMLMetaElement])
  ->  [aptEventHandler.js:157] observe([object XPCWrappedNative_NoHelper],"jaxerEvent.NewHTMLElement",null)
paths:
  -> file:///E:/Aptana%20Jaxer%20Apache/Jaxer/Apache2-4Build/jaxer/framework/src/ModuleLogger.js
  -> file:///E:/Aptana%20Jaxer%20Apache/Jaxer/Apache2-4Build/jaxer/framework/src/CoreEvents.js
  -> file:///E:/Aptana%20Jaxer%20Apache/Jaxer/Apache2-4Build/jaxer/components/aptEventHandler.js

01:12:53 12/24/2025 [ 32928] [TRACE] [JS Framework] [CoreEvents.fireEvent] Calling event handler: function onNewElement(evt, doc, elt) {
    switch (elt.tagNa...
stack:
  ->  [ModuleLogger.js:98] trace("Calling event handler: function onNewElement(evt, doc, elt) {\n    switch (elt.tagNa...")
  ->  [CoreEvents.js:292] fireEvent("NEW_ELEMENT",[object Array])
  ->  [CoreEvents.js:238] fire("NEW_ELEMENT",[object XPCWrappedNative_NoHelper],[object HTMLDocument],[object HTMLMetaElement])
  ->  [aptEventHandler.js:157] observe([object XPCWrappedNative_NoHelper],"jaxerEvent.NewHTMLElement",null)
paths:
  -> file:///E:/Aptana%20Jaxer%20Apache/Jaxer/Apache2-4Build/jaxer/framework/src/ModuleLogger.js
  -> file:///E:/Aptana%20Jaxer%20Apache/Jaxer/Apache2-4Build/jaxer/framework/src/CoreEvents.js
  -> file:///E:/Aptana%20Jaxer%20Apache/Jaxer/Apache2-4Build/jaxer/components/aptEventHandler.js

01:12:53 12/24/2025 [ 32928] [TRACE] [JS Framework] [CoreEvents.fire] At this time, evt.Request.isHandler=false and eventType: NEW_ELEMENT - SCRIPT
stack:
  ->  [ModuleLogger.js:98] trace("At this time, evt.Request.isHandler=false and eventType: NEW_ELEMENT - SCRIPT")
  ->  [CoreEvents.js:205] fire("NEW_ELEMENT",[object XPCWrappedNative_NoHelper],[object HTMLDocument],[object HTMLScriptElement])
  ->  [aptEventHandler.js:157] observe([object XPCWrappedNative_NoHelper],"jaxerEvent.NewHTMLElement",null)
paths:
  -> file:///E:/Aptana%20Jaxer%20Apache/Jaxer/Apache2-4Build/jaxer/framework/src/ModuleLogger.js
  -> file:///E:/Aptana%20Jaxer%20Apache/Jaxer/Apache2-4Build/jaxer/framework/src/CoreEvents.js
  -> file:///E:/Aptana%20Jaxer%20Apache/Jaxer/Apache2-4Build/jaxer/components/aptEventHandler.js

01:12:53 12/24/2025 [ 32928] [TRACE] [JS Framework] [CoreEvents.fireEvent] Firing an event for NEW_ELEMENT
stack:
  ->  [ModuleLogger.js:98] trace("Firing an event for NEW_ELEMENT")
  ->  [CoreEvents.js:282] fireEvent("NEW_ELEMENT",[object Array])
  ->  [CoreEvents.js:238] fire("NEW_ELEMENT",[object XPCWrappedNative_NoHelper],[object HTMLDocument],[object HTMLScriptElement])
  ->  [aptEventHandler.js:157] observe([object XPCWrappedNative_NoHelper],"jaxerEvent.NewHTMLElement",null)
paths:
  -> file:///E:/Aptana%20Jaxer%20Apache/Jaxer/Apache2-4Build/jaxer/framework/src/ModuleLogger.js
  -> file:///E:/Aptana%20Jaxer%20Apache/Jaxer/Apache2-4Build/jaxer/framework/src/CoreEvents.js
  -> file:///E:/Aptana%20Jaxer%20Apache/Jaxer/Apache2-4Build/jaxer/components/aptEventHandler.js

01:12:53 12/24/2025 [ 32928] [TRACE] [JS Framework] [CoreEvents.fireEvent] Calling event handler: function onNewElement(evt, doc, elt) {
    switch (elt.tagNa...
stack:
  ->  [ModuleLogger.js:98] trace("Calling event handler: function onNewElement(evt, doc, elt) {\n    switch (elt.tagNa...")
  ->  [CoreEvents.js:292] fireEvent("NEW_ELEMENT",[object Array])
  ->  [CoreEvents.js:238] fire("NEW_ELEMENT",[object XPCWrappedNative_NoHelper],[object HTMLDocument],[object HTMLScriptElement])
  ->  [aptEventHandler.js:157] observe([object XPCWrappedNative_NoHelper],"jaxerEvent.NewHTMLElement",null)
paths:
  -> file:///E:/Aptana%20Jaxer%20Apache/Jaxer/Apache2-4Build/jaxer/framework/src/ModuleLogger.js
  -> file:///E:/Aptana%20Jaxer%20Apache/Jaxer/Apache2-4Build/jaxer/framework/src/CoreEvents.js
  -> file:///E:/Aptana%20Jaxer%20Apache/Jaxer/Apache2-4Build/jaxer/components/aptEventHandler.js

01:12:53 12/24/2025 [ 32928] [TRACE] [JS Framework] [NewElement.onNewElement] Received element: SCRIPT with src='lib/prototype.js' and runat='both'
stack:
  ->  [ModuleLogger.js:98] trace("Received element: SCRIPT with src='lib/prototype.js' and runat='both'")
  ->  [NewElement.js:88] onNewElement([object XPCWrappedNative_NoHelper],[object HTMLDocument],[object HTMLScriptElement])
  ->  [CoreEvents.js:293] fireEvent("NEW_ELEMENT",[object Array])
  ->  [CoreEvents.js:238] fire("NEW_ELEMENT",[object XPCWrappedNative_NoHelper],[object HTMLDocument],[object HTMLScriptElement])
  ->  [aptEventHandler.js:157] observe([object XPCWrappedNative_NoHelper],"jaxerEvent.NewHTMLElement",null)
paths:
  -> file:///E:/Aptana%20Jaxer%20Apache/Jaxer/Apache2-4Build/jaxer/framework/src/ModuleLogger.js
  -> file:///E:/Aptana%20Jaxer%20Apache/Jaxer/Apache2-4Build/jaxer/framework/src/NewElement.js
  -> file:///E:/Aptana%20Jaxer%20Apache/Jaxer/Apache2-4Build/jaxer/framework/src/CoreEvents.js
  -> file:///E:/Aptana%20Jaxer%20Apache/Jaxer/Apache2-4Build/jaxer/components/aptEventHandler.js

01:12:53 12/24/2025 [ 32928] [TRACE] [JS Framework] [NewElement.load] Loading src'ed script with [src, global, useCache, forceRefreshCache] = lib/prototype.js,[object ChromeWindow],server,false,false,false
stack:
  ->  [ModuleLogger.js:98] trace("Loading src'ed script with [src, global, useCache, forceRefreshCache] = lib/prototype.js,[object ChromeWindow],server,false,false,false")
  ->  [NewElement.js:66] load("tempLoad_0.40693905605158011766502773844")
  ->  [index.html:11] <no name>
paths:
  -> file:///E:/Aptana%20Jaxer%20Apache/Jaxer/Apache2-4Build/jaxer/framework/src/ModuleLogger.js
  -> file:///E:/Aptana%20Jaxer%20Apache/Jaxer/Apache2-4Build/jaxer/framework/src/NewElement.js
  -> http://localhost:8081/aptana/index.html

01:12:53 12/24/2025 [ 32928] [TRACE] [JS Framework] [Web.get] Retrieving from web URL: http://localhost:8081/aptana/lib/prototype.js
stack:
  ->  [ModuleLogger.js:98] trace("Retrieving from web URL: http://localhost:8081/aptana/lib/prototype.js")
  ->  [Web.js:240] get("http://localhost:8081/aptana/lib/prototype.js")
  ->  [Includer.js:288] load("http://localhost:8081/aptana/lib/prototype.js",[object ChromeWindow],"server",false,false,false)
  ->  [NewElement.js:67] load("tempLoad_0.40693905605158011766502773844")
  ->  [index.html:11] <no name>
paths:
  -> file:///E:/Aptana%20Jaxer%20Apache/Jaxer/Apache2-4Build/jaxer/framework/src/ModuleLogger.js
  -> file:///E:/Aptana%20Jaxer%20Apache/Jaxer/Apache2-4Build/jaxer/framework/src/Web.js
  -> file:///E:/Aptana%20Jaxer%20Apache/Jaxer/Apache2-4Build/jaxer/framework/src/Includer.js
  -> file:///E:/Aptana%20Jaxer%20Apache/Jaxer/Apache2-4Build/jaxer/framework/src/NewElement.js
  -> http://localhost:8081/aptana/index.html

01:12:53 12/24/2025 [ 32928] [TRACE] [JS Framework] [Web.send] Parameters are: url: http://localhost:8081/aptana/lib/prototype.js; method: GET; data: null; options: ({})
stack:
  ->  [ModuleLogger.js:98] trace("Parameters are: url: http://localhost:8081/aptana/lib/prototype.js; method: GET; data: null; options: ({})")
  ->  [Web.js:190] send("http://localhost:8081/aptana/lib/prototype.js","GET",null,[object Object])
  ->  [Web.js:241] get("http://localhost:8081/aptana/lib/prototype.js")
  ->  [Includer.js:288] load("http://localhost:8081/aptana/lib/prototype.js",[object ChromeWindow],"server",false,false,false)
  ->  [NewElement.js:67] load("tempLoad_0.40693905605158011766502773844")
  ->  [index.html:11] <no name>
paths:
  -> file:///E:/Aptana%20Jaxer%20Apache/Jaxer/Apache2-4Build/jaxer/framework/src/ModuleLogger.js
  -> file:///E:/Aptana%20Jaxer%20Apache/Jaxer/Apache2-4Build/jaxer/framework/src/Web.js
  -> file:///E:/Aptana%20Jaxer%20Apache/Jaxer/Apache2-4Build/jaxer/framework/src/Includer.js
  -> file:///E:/Aptana%20Jaxer%20Apache/Jaxer/Apache2-4Build/jaxer/framework/src/NewElement.js
  -> http://localhost:8081/aptana/index.html

01:12:53 12/24/2025 [ 32928] [TRACE] [JS Framework] [Web.send] Resolved URL to: http://localhost:8081/aptana/lib/prototype.js
stack:
  ->  [ModuleLogger.js:98] trace("Resolved URL to: http://localhost:8081/aptana/lib/prototype.js")
  ->  [Web.js:192] send("http://localhost:8081/aptana/lib/prototype.js","GET",null,[object Object])
  ->  [Web.js:241] get("http://localhost:8081/aptana/lib/prototype.js")
  ->  [Includer.js:288] load("http://localhost:8081/aptana/lib/prototype.js",[object ChromeWindow],"server",false,false,false)
  ->  [NewElement.js:67] load("tempLoad_0.40693905605158011766502773844")
  ->  [index.html:11] <no name>
paths:
  -> file:///E:/Aptana%20Jaxer%20Apache/Jaxer/Apache2-4Build/jaxer/framework/src/ModuleLogger.js
  -> file:///E:/Aptana%20Jaxer%20Apache/Jaxer/Apache2-4Build/jaxer/framework/src/Web.js
  -> file:///E:/Aptana%20Jaxer%20Apache/Jaxer/Apache2-4Build/jaxer/framework/src/Includer.js
  -> file:///E:/Aptana%20Jaxer%20Apache/Jaxer/Apache2-4Build/jaxer/framework/src/NewElement.js
  -> http://localhost:8081/aptana/index.html

01:12:53 12/24/2025 [ 32928] [TRACE] [JS Framework] [XHR.send] Sending synchronous GET request to url http://localhost:8081/aptana/lib/prototype.js with no data
stack:
  ->  [ModuleLogger.js:98] trace("Sending synchronous GET request to url http://localhost:8081/aptana/lib/prototype.js with no data")
  ->  [XHR.js:522] send("",[object Object])
  ->  [Web.js:195] send("http://localhost:8081/aptana/lib/prototype.js","GET",null,[object Object])
  ->  [Web.js:241] get("http://localhost:8081/aptana/lib/prototype.js")
  ->  [Includer.js:288] load("http://localhost:8081/aptana/lib/prototype.js",[object ChromeWindow],"server",false,false,false)
  ->  [NewElement.js:67] load("tempLoad_0.40693905605158011766502773844")
  ->  [index.html:11] <no name>
paths:
  -> file:///E:/Aptana%20Jaxer%20Apache/Jaxer/Apache2-4Build/jaxer/framework/src/ModuleLogger.js
  -> file:///E:/Aptana%20Jaxer%20Apache/Jaxer/Apache2-4Build/jaxer/framework/src/XHR.js
  -> file:///E:/Aptana%20Jaxer%20Apache/Jaxer/Apache2-4Build/jaxer/framework/src/Web.js
  -> file:///E:/Aptana%20Jaxer%20Apache/Jaxer/Apache2-4Build/jaxer/framework/src/Includer.js
  -> file:///E:/Aptana%20Jaxer%20Apache/Jaxer/Apache2-4Build/jaxer/framework/src/NewElement.js
  -> http://localhost:8081/aptana/index.html

01:12:53 12/24/2025 [ 32928] [TRACE] [JS Framework] [XHR.send] Sent
stack:
  ->  [ModuleLogger.js:98] trace("Sent")
  ->  [XHR.js:524] send("",[object Object])
  ->  [Web.js:195] send("http://localhost:8081/aptana/lib/prototype.js","GET",null,[object Object])
  ->  [Web.js:241] get("http://localhost:8081/aptana/lib/prototype.js")
  ->  [Includer.js:288] load("http://localhost:8081/aptana/lib/prototype.js",[object ChromeWindow],"server",false,false,false)
  ->  [NewElement.js:67] load("tempLoad_0.40693905605158011766502773844")
  ->  [index.html:11] <no name>
paths:
  -> file:///E:/Aptana%20Jaxer%20Apache/Jaxer/Apache2-4Build/jaxer/framework/src/ModuleLogger.js
  -> file:///E:/Aptana%20Jaxer%20Apache/Jaxer/Apache2-4Build/jaxer/framework/src/XHR.js
  -> file:///E:/Aptana%20Jaxer%20Apache/Jaxer/Apache2-4Build/jaxer/framework/src/Web.js
  -> file:///E:/Aptana%20Jaxer%20Apache/Jaxer/Apache2-4Build/jaxer/framework/src/Includer.js
  -> file:///E:/Aptana%20Jaxer%20Apache/Jaxer/Apache2-4Build/jaxer/framework/src/NewElement.js
  -> http://localhost:8081/aptana/index.html

01:12:53 12/24/2025 [ 32928] [TRACE] [JS Framework] [XHR.finish] Synchronous request to url http://localhost:8081/aptana/lib/prototype.js received text response: /*  Prototype JavaScript framework, version 1.6.0.2
 *  (c) 2005-2008 Sam Stephenson
 *
 *  Prototyp...
stack:
  ->  [ModuleLogger.js:98] trace("Synchronous request to url http://localhost:8081/aptana/lib/prototype.js received text response: /*  Prototype JavaScript framework, version 1.6.0.2\n *  (c) 2005-2008 Sam Stephenson\n *\n *  Prototyp...")
  ->  [XHR.js:406] finish(false)
  ->  [XHR.js:533] send("",[object Object])
  ->  [Web.js:195] send("http://localhost:8081/aptana/lib/prototype.js","GET",null,[object Object])
  ->  [Web.js:241] get("http://localhost:8081/aptana/lib/prototype.js")
  ->  [Includer.js:288] load("http://localhost:8081/aptana/lib/prototype.js",[object ChromeWindow],"server",false,false,false)
  ->  [NewElement.js:67] load("tempLoad_0.40693905605158011766502773844")
  ->  [index.html:11] <no name>
paths:
  -> file:///E:/Aptana%20Jaxer%20Apache/Jaxer/Apache2-4Build/jaxer/framework/src/ModuleLogger.js
  -> file:///E:/Aptana%20Jaxer%20Apache/Jaxer/Apache2-4Build/jaxer/framework/src/XHR.js
  -> file:///E:/Aptana%20Jaxer%20Apache/Jaxer/Apache2-4Build/jaxer/framework/src/Web.js
  -> file:///E:/Aptana%20Jaxer%20Apache/Jaxer/Apache2-4Build/jaxer/framework/src/Includer.js
  -> file:///E:/Aptana%20Jaxer%20Apache/Jaxer/Apache2-4Build/jaxer/framework/src/NewElement.js
  -> http://localhost:8081/aptana/index.html

01:12:53 12/24/2025 [ 32928] [TRACE] [JS Framework] [Web.send] Received response of type 'string' and length 126127: /*  Prototype JavaScript framework, version 1.6.0.2
 *  (c) 2005-2008 Sam Stephenson
 *
 *  Prototyp...
stack:
  ->  [ModuleLogger.js:98] trace("Received response of type 'string' and length 126127: /*  Prototype JavaScript framework, version 1.6.0.2\n *  (c) 2005-2008 Sam Stephenson\n *\n *  Prototyp...")
  ->  [Web.js:199] send("http://localhost:8081/aptana/lib/prototype.js","GET",null,[object Object])
  ->  [Web.js:241] get("http://localhost:8081/aptana/lib/prototype.js")
  ->  [Includer.js:288] load("http://localhost:8081/aptana/lib/prototype.js",[object ChromeWindow],"server",false,false,false)
  ->  [NewElement.js:67] load("tempLoad_0.40693905605158011766502773844")
  ->  [index.html:11] <no name>
paths:
  -> file:///E:/Aptana%20Jaxer%20Apache/Jaxer/Apache2-4Build/jaxer/framework/src/ModuleLogger.js
  -> file:///E:/Aptana%20Jaxer%20Apache/Jaxer/Apache2-4Build/jaxer/framework/src/Web.js
  -> file:///E:/Aptana%20Jaxer%20Apache/Jaxer/Apache2-4Build/jaxer/framework/src/Includer.js
  -> file:///E:/Aptana%20Jaxer%20Apache/Jaxer/Apache2-4Build/jaxer/framework/src/NewElement.js
  -> http://localhost:8081/aptana/index.html

01:12:53 12/24/2025 [ 32928] [TRACE] [JS Framework] [Includer.load] Retrieved 126127 characters from 'http://localhost:8081/aptana/lib/prototype.js'
stack:
  ->  [ModuleLogger.js:98] trace("Retrieved 126127 characters from 'http://localhost:8081/aptana/lib/prototype.js'")
  ->  [Includer.js:290] load("http://localhost:8081/aptana/lib/prototype.js",[object ChromeWindow],"server",false,false,false)
  ->  [NewElement.js:67] load("tempLoad_0.40693905605158011766502773844")
  ->  [index.html:11] <no name>
paths:
  -> file:///E:/Aptana%20Jaxer%20Apache/Jaxer/Apache2-4Build/jaxer/framework/src/ModuleLogger.js
  -> file:///E:/Aptana%20Jaxer%20Apache/Jaxer/Apache2-4Build/jaxer/framework/src/Includer.js
  -> file:///E:/Aptana%20Jaxer%20Apache/Jaxer/Apache2-4Build/jaxer/framework/src/NewElement.js
  -> http://localhost:8081/aptana/index.html

01:12:53 12/24/2025 [ 32928] [TRACE] [JS Framework] [Includer.load] Evaluating 'http://localhost:8081/aptana/lib/prototype.js'
stack:
  ->  [ModuleLogger.js:98] trace("Evaluating 'http://localhost:8081/aptana/lib/prototype.js'")
  ->  [Includer.js:328] load("http://localhost:8081/aptana/lib/prototype.js",[object ChromeWindow],"server",false,false,false)
  ->  [NewElement.js:67] load("tempLoad_0.40693905605158011766502773844")
  ->  [index.html:11] <no name>
paths:
  -> file:///E:/Aptana%20Jaxer%20Apache/Jaxer/Apache2-4Build/jaxer/framework/src/ModuleLogger.js
  -> file:///E:/Aptana%20Jaxer%20Apache/Jaxer/Apache2-4Build/jaxer/framework/src/Includer.js
  -> file:///E:/Aptana%20Jaxer%20Apache/Jaxer/Apache2-4Build/jaxer/framework/src/NewElement.js
  -> http://localhost:8081/aptana/index.html

01:12:53 12/24/2025 [ 32928] [TRACE] [JS Framework] [Includer.evalOn] Evaluating using Jaxer.request.evaluateScript: contents = /*  Protot... with global = [object ChromeWindow] and effectiveUrl = http://localhost:8081/aptana/lib/prototype.js
stack:
  ->  [ModuleLogger.js:98] trace("Evaluating using Jaxer.request.evaluateScript: contents = /*  Protot... with global = [object ChromeWindow] and effectiveUrl = http://localhost:8081/aptana/lib/prototype.js")
  ->  [Includer.js:131] evalOn("/*  Prototype JavaScript framework, version 1.6.0.2\n *  (c) 2005-2008 Sam Stephenson\n *\n *  Prototype is freely distributable under the terms of an MIT-style license.\n *  For details, see the Prototype web site: http://www.prototypejs.org/\n *\n *--------------------------------------------------------------------------*/\n\nvar Prototype = {\n  Version: '1.6.0.2',\n\n  Browser: {\n    IE:     !!(window.attachEvent && !window.opera),\n    Opera:  !!window.opera,\n    WebKit: navigator.userAgent.indexOf('AppleWebKit/') > -1,\n    Gecko:  navigator.userAgent.indexOf('Gecko') > -1 && navigator.userAgent.indexOf('KHTML') == -1,\n    MobileSafari: !!navigator.userAgent.match(/Apple.*Mobile.*Safari/)\n  },\n\n  BrowserFeatures: {\n    XPath: !!document.evaluate,\n    ElementExtensions: !!window.HTMLElement,\n    SpecificElementExtensions:\n      document.createElement('div').__proto__ &&\n      document.createElement('div').__proto__ !==\n        document.createElement('form').__proto__\n  },\n\n  ScriptFragment: '<script[^>]*>([\\\\S\\\\s]*?)<\\/script>',\n  JSONFilter: /^\\/\\*-secure-([\\s\\S]*)\\*\\/\\s*$/,\n\n  emptyFunction: function() { },\n  K: function(x) { return x }\n};\n\nif (Prototype.Browser.MobileSafari)\n  Prototype.BrowserFeatures.SpecificElementExtensions = false;\n\n\n/* Based on Alex Arnell's inheritance implementation. */\nvar Class = {\n  create: function() {\n    var parent = null, properties = $A(arguments);\n    if (Object.isFunction(properties[0]))\n      parent = properties.shift();\n\n    function klass() {\n      this.initialize.apply(this, arguments);\n    }\n\n    Object.extend(klass, Class.Methods);\n    klass.superclass = parent;\n    klass.subclasses = [];\n\n    if (parent) {\n      var subclass = function() { };\n      subclass.prototype = parent.prototype;\n      klass.prototype = new subclass;\n      parent.subclasses.push(klass);\n    }\n\n    for (var i = 0; i < properties.length; i++)\n      klass.addMethods(properties[i]);\n\n    if (!klass.prototype.initialize)\n      klass.prototype.initialize = Prototype.emptyFunction;\n\n    klass.prototype.constructor = klass;\n\n    return klass;\n  }\n};\n\nClass.Methods = {\n  addMethods: function(source) {\n    var ancestor   = this.superclass && this.superclass.prototype;\n    var properties = Object.keys(source);\n\n    if (!Object.keys({ toString: true }).length)\n      properties.push(\"toString\", \"valueOf\");\n\n    for (var i = 0, length = properties.length; i < length; i++) {\n      var property = properties[i], value = source[property];\n      if (ancestor && Object.isFunction(value) &&\n          value.argumentNames().first() == \"$super\") {\n        var method = value, value = Object.extend((function(m) {\n          return function() { return ancestor[m].apply(this, arguments) };\n        })(property).wrap(method), {\n          valueOf:  function() { return method },\n          toString: function() { return method.toString() }\n        });\n      }\n      this.prototype[property] = value;\n    }\n\n    return this;\n  }\n};\n\nvar Abstract = { };\n\nObject.extend = function(destination, source) {\n  for (var property in source)\n    destination[property] = source[property];\n  return destination;\n};\n\nObject.extend(Object, {\n  inspect: function(object) {\n    try {\n      if (Object.isUndefined(object)) return 'undefined';\n      if (object === null) return 'null';\n      return object.inspect ? object.inspect() : String(object);\n    } catch (e) {\n      if (e instanceof RangeError) return '...';\n      throw e;\n    }\n  },\n\n  toJSON: function(object) {\n    var type = typeof object;\n    switch (type) {\n      case 'undefined':\n      case 'function':\n      case 'unknown': return;\n      case 'boolean': return object.toString();\n    }\n\n    if (object === null) return 'null';\n    if (object.toJSON) return object.toJSON();\n    if (Object.isElement(object)) return;\n\n    var results = [];\n    for (var property in object) {\n      var value = Object.toJSON(object[property]);\n      if (!Object.isUndefined(value))\n        results.push(property.toJSON() + ': ' + value);\n    }\n\n    return '{' + results.join(', ') + '}';\n  },\n\n  toQueryString: function(object) {\n    return $H(object).toQueryString();\n  },\n\n  toHTML: function(object) {\n    return object && object.toHTML ? object.toHTML() : String.interpret(object);\n  },\n\n  keys: function(object) {\n    var keys = [];\n    for (var property in object)\n      keys.push(property);\n    return keys;\n  },\n\n  values: function(object) {\n    var values = [];\n    for (var property in object)\n      values.push(object[property]);\n    return values;\n  },\n\n  clone: function(object) {\n    return Object.extend({ }, object);\n  },\n\n  isElement: function(object) {\n    return object && object.nodeType == 1;\n  },\n\n  isArray: function(object) {\n    return object != null && typeof object == \"object\" &&\n      'splice' in object && 'join' in object;\n  },\n\n  isHash: function(object) {\n    return object instanceof Hash;\n  },\n\n  isFunction: function(object) {\n    return typeof object == \"function\";\n  },\n\n  isString: function(object) {\n    return typeof object == \"string\";\n  },\n\n  isNumber: function(object) {\n    return typeof object == \"number\";\n  },\n\n  isUndefined: function(object) {\n    return typeof object == \"undefined\";\n  }\n});\n\nObject.extend(Function.prototype, {\n  argumentNames: function() {\n    var names = this.toString().match(/^[\\s\\(]*function[^(]*\\((.*?)\\)/)[1].split(\",\").invoke(\"strip\");\n    return names.length == 1 && !names[0] ? [] : names;\n  },\n\n  bind: function() {\n    if (arguments.length < 2 && Object.isUndefined(arguments[0])) return this;\n    var __method = this, args = $A(arguments), object = args.shift();\n    return function() {\n      return __method.apply(object, args.concat($A(arguments)));\n    }\n  },\n\n  bindAsEventListener: function() {\n    var __method = this, args = $A(arguments), object = args.shift();\n    return function(event) {\n      return __method.apply(object, [event || window.event].concat(args));\n    }\n  },\n\n  curry: function() {\n    if (!arguments.length) return this;\n    var __method = this, args = $A(arguments);\n    return function() {\n      return __method.apply(this, args.concat($A(arguments)));\n    }\n  },\n\n  delay: function() {\n    var __method = this, args = $A(arguments), timeout = args.shift() * 1000;\n    return window.setTimeout(function() {\n      return __method.apply(__method, args);\n    }, timeout);\n  },\n\n  wrap: function(wrapper) {\n    var __method = this;\n    return function() {\n      return wrapper.apply(this, [__method.bind(this)].concat($A(arguments)));\n    }\n  },\n\n  methodize: function() {\n    if (this._methodized) return this._methodized;\n    var __method = this;\n    return this._methodized = function() {\n      return __method.apply(null, [this].concat($A(arguments)));\n    };\n  }\n});\n\nFunction.prototype.defer = Function.prototype.delay.curry(0.01);\n\nDate.prototype.toJSON = function() {\n  return '\"' + this.getUTCFullYear() + '-' +\n    (this.getUTCMonth() + 1).toPaddedString(2) + '-' +\n    this.getUTCDate().toPaddedString(2) + 'T' +\n    this.getUTCHours().toPaddedString(2) + ':' +\n    this.getUTCMinutes().toPaddedString(2) + ':' +\n    this.getUTCSeconds().toPaddedString(2) + 'Z\"';\n};\n\nvar Try = {\n  these: function() {\n    var returnValue;\n\n    for (var i = 0, length = arguments.length; i < length; i++) {\n      var lambda = arguments[i];\n      try {\n        returnValue = lambda();\n        break;\n      } catch (e) { }\n    }\n\n    return returnValue;\n  }\n};\n\nRegExp.prototype.match = RegExp.prototype.test;\n\nRegExp.escape = function(str) {\n  return String(str).replace(/([.*+?^=!:${}()|[\\]\\/\\\\])/g, '\\\\$1');\n};\n\n/*--------------------------------------------------------------------------*/\n\nvar PeriodicalExecuter = Class.create({\n  initialize: function(callback, frequency) {\n    this.callback = callback;\n    this.frequency = frequency;\n    this.currentlyExecuting = false;\n\n    this.registerCallback();\n  },\n\n  registerCallback: function() {\n    this.timer = setInterval(this.onTimerEvent.bind(this), this.frequency * 1000);\n  },\n\n  execute: function() {\n    this.callback(this);\n  },\n\n  stop: function() {\n    if (!this.timer) return;\n    clearInterval(this.timer);\n    this.timer = null;\n  },\n\n  onTimerEvent: function() {\n    if (!this.currentlyExecuting) {\n      try {\n        this.currentlyExecuting = true;\n        this.execute();\n      } finally {\n        this.currentlyExecuting = false;\n      }\n    }\n  }\n});\nObject.extend(String, {\n  interpret: function(value) {\n    return value == null ? '' : String(value);\n  },\n  specialChar: {\n    '\\b': '\\\\b',\n    '\\t': '\\\\t',\n    '\\n': '\\\\n',\n    '\\f': '\\\\f',\n    '\\r': '\\\\r',\n    '\\\\': '\\\\\\\\'\n  }\n});\n\nObject.extend(String.prototype, {\n  gsub: function(pattern, replacement) {\n    var result = '', source = this, match;\n    replacement = arguments.callee.prepareReplacement(replacement);\n\n    while (source.length > 0) {\n      if (match = source.match(pattern)) {\n        result += source.slice(0, match.index);\n        result += String.interpret(replacement(match));\n        source  = source.slice(match.index + match[0].length);\n      } else {\n        result += source, source = '';\n      }\n    }\n    return result;\n  },\n\n  sub: function(pattern, replacement, count) {\n    replacement = this.gsub.prepareReplacement(replacement);\n    count = Object.isUndefined(count) ? 1 : count;\n\n    return this.gsub(pattern, function(match) {\n      if (--count < 0) return match[0];\n      return replacement(match);\n    });\n  },\n\n  scan: function(pattern, iterator) {\n    this.gsub(pattern, iterator);\n    return String(this);\n  },\n\n  truncate: function(length, truncation) {\n    length = length || 30;\n    truncation = Object.isUndefined(truncation) ? '...' : truncation;\n    return this.length > length ?\n      this.slice(0, length - truncation.length) + truncation : String(this);\n  },\n\n  strip: function() {\n    return this.replace(/^\\s+/, '').replace(/\\s+$/, '');\n  },\n\n  stripTags: function() {\n    return this.replace(/<\\/?[^>]+>/gi, '');\n  },\n\n  stripScripts: function() {\n    return this.replace(new RegExp(Prototype.ScriptFragment, 'img'), '');\n  },\n\n  extractScripts: function() {\n    var matchAll = new RegExp(Prototype.ScriptFragment, 'img');\n    var matchOne = new RegExp(Prototype.ScriptFragment, 'im');\n    return (this.match(matchAll) || []).map(function(scriptTag) {\n      return (scriptTag.match(matchOne) || ['', ''])[1];\n    });\n  },\n\n  evalScripts: function() {\n    return this.extractScripts().map(function(script) { return eval(script) });\n  },\n\n  escapeHTML: function() {\n    var self = arguments.callee;\n    self.text.data = this;\n    return self.div.innerHTML;\n  },\n\n  unescapeHTML: function() {\n    var div = new Element('div');\n    div.innerHTML = this.stripTags();\n    return div.childNodes[0] ? (div.childNodes.length > 1 ?\n      $A(div.childNodes).inject('', function(memo, node) { return memo+node.nodeValue }) :\n      div.childNodes[0].nodeValue) : '';\n  },\n\n  toQueryParams: function(separator) {\n    var match = this.strip().match(/([^?#]*)(#.*)?$/);\n    if (!match) return { };\n\n    return match[1].split(separator || '&').inject({ }, function(hash, pair) {\n      if ((pair = pair.split('='))[0]) {\n        var key = decodeURIComponent(pair.shift());\n        var value = pair.length > 1 ? pair.join('=') : pair[0];\n        if (value != undefined) value = decodeURIComponent(value);\n\n        if (key in hash) {\n          if (!Object.isArray(hash[key])) hash[key] = [hash[key]];\n          hash[key].push(value);\n        }\n        else hash[key] = value;\n      }\n      return hash;\n    });\n  },\n\n  toArray: function() {\n    return this.split('');\n  },\n\n  succ: function() {\n    return this.slice(0, this.length - 1) +\n      String.fromCharCode(this.charCodeAt(this.length - 1) + 1);\n  },\n\n  times: function(count) {\n    return count < 1 ? '' : new Array(count + 1).join(this);\n  },\n\n  camelize: function() {\n    var parts = this.split('-'), len = parts.length;\n    if (len == 1) return parts[0];\n\n    var camelized = this.charAt(0) == '-'\n      ? parts[0].charAt(0).toUpperCase() + parts[0].substring(1)\n      : parts[0];\n\n    for (var i = 1; i < len; i++)\n      camelized += parts[i].charAt(0).toUpperCase() + parts[i].substring(1);\n\n    return camelized;\n  },\n\n  capitalize: function() {\n    return this.charAt(0).toUpperCase() + this.substring(1).toLowerCase();\n  },\n\n  underscore: function() {\n    return this.gsub(/::/, '/').gsub(/([A-Z]+)([A-Z][a-z])/,'#{1}_#{2}').gsub(/([a-z\\d])([A-Z])/,'#{1}_#{2}').gsub(/-/,'_').toLowerCase();\n  },\n\n  dasherize: function() {\n    return this.gsub(/_/,'-');\n  },\n\n  inspect: function(useDoubleQuotes) {\n    var escapedString = this.gsub(/[\\x00-\\x1f\\\\]/, function(match) {\n      var character = String.specialChar[match[0]];\n      return character ? character : '\\\\u00' + match[0].charCodeAt().toPaddedString(2, 16);\n    });\n    if (useDoubleQuotes) return '\"' + escapedString.replace(/\"/g, '\\\\\"') + '\"';\n    return \"'\" + escapedString.replace(/'/g, '\\\\\\'') + \"'\";\n  },\n\n  toJSON: function() {\n    return this.inspect(true);\n  },\n\n  unfilterJSON: function(filter) {\n    return this.sub(filter || Prototype.JSONFilter, '#{1}');\n  },\n\n  isJSON: function() {\n    var str = this;\n    if (str.blank()) return false;\n    str = this.replace(/\\\\./g, '@').replace(/\"[^\"\\\\\\n\\r]*\"/g, '');\n    return (/^[,:{}\\[\\]0-9.\\-+Eaeflnr-u \\n\\r\\t]*$/).test(str);\n  },\n\n  evalJSON: function(sanitize) {\n    var json = this.unfilterJSON();\n    try {\n      if (!sanitize || json.isJSON()) return eval('(' + json + ')');\n    } catch (e) { }\n    throw new SyntaxError('Badly formed JSON string: ' + this.inspect());\n  },\n\n  include: function(pattern) {\n    return this.indexOf(pattern) > -1;\n  },\n\n  startsWith: function(pattern) {\n    return this.indexOf(pattern) === 0;\n  },\n\n  endsWith: function(pattern) {\n    var d = this.length - pattern.length;\n    return d >= 0 && this.lastIndexOf(pattern) === d;\n  },\n\n  empty: function() {\n    return this == '';\n  },\n\n  blank: function() {\n    return /^\\s*$/.test(this);\n  },\n\n  interpolate: function(object, pattern) {\n    return new Template(this, pattern).evaluate(object);\n  }\n});\n\nif (Prototype.Browser.WebKit || Prototype.Browser.IE) Object.extend(String.prototype, {\n  escapeHTML: function() {\n    return this.replace(/&/g,'&amp;').replace(/</g,'&lt;').replace(/>/g,'&gt;');\n  },\n  unescapeHTML: function() {\n    return this.replace(/&amp;/g,'&').replace(/&lt;/g,'<').replace(/&gt;/g,'>');\n  }\n});\n\nString.prototype.gsub.prepareReplacement = function(replacement) {\n  if (Object.isFunction(replacement)) return replacement;\n  var template = new Template(replacement);\n  return function(match) { return template.evaluate(match) };\n};\n\nString.prototype.parseQuery = String.prototype.toQueryParams;\n\nObject.extend(String.prototype.escapeHTML, {\n  div:  document.createElement('div'),\n  text: document.createTextNode('')\n});\n\nwith (String.prototype.escapeHTML) div.appendChild(text);\n\nvar Template = Class.create({\n  initialize: function(template, pattern) {\n    this.template = template.toString();\n    this.pattern = pattern || Template.Pattern;\n  },\n\n  evaluate: function(object) {\n    if (Object.isFunction(object.toTemplateReplacements))\n      object = object.toTemplateReplacements();\n\n    return this.template.gsub(this.pattern, function(match) {\n      if (object == null) return '';\n\n      var before = match[1] || '';\n      if (before == '\\\\') return match[2];\n\n      var ctx = object, expr = match[3];\n      var pattern = /^([^.[]+|\\[((?:.*?[^\\\\])?)\\])(\\.|\\[|$)/;\n      match = pattern.exec(expr);\n      if (match == null) return before;\n\n      while (match != null) {\n        var comp = match[1].startsWith('[') ? match[2].gsub('\\\\\\\\]', ']') : match[1];\n        ctx = ctx[comp];\n        if (null == ctx || '' == match[3]) break;\n        expr = expr.substring('[' == match[3] ? match[1].length : match[0].length);\n        match = pattern.exec(expr);\n      }\n\n      return before + String.interpret(ctx);\n    });\n  }\n});\nTemplate.Pattern = /(^|.|\\r|\\n)(#\\{(.*?)\\})/;\n\nvar $break = { };\n\nvar Enumerable = {\n  each: function(iterator, context) {\n    var index = 0;\n    iterator = iterator.bind(context);\n    try {\n      this._each(function(value) {\n        iterator(value, index++);\n      });\n    } catch (e) {\n      if (e != $break) throw e;\n    }\n    return this;\n  },\n\n  eachSlice: function(number, iterator, context) {\n    iterator = iterator ? iterator.bind(context) : Prototype.K;\n    var index = -number, slices = [], array = this.toArray();\n    while ((index += number) < array.length)\n      slices.push(array.slice(index, index+number));\n    return slices.collect(iterator, context);\n  },\n\n  all: function(iterator, context) {\n    iterator = iterator ? iterator.bind(context) : Prototype.K;\n    var result = true;\n    this.each(function(value, index) {\n      result = result && !!iterator(value, index);\n      if (!result) throw $break;\n    });\n    return result;\n  },\n\n  any: function(iterator, context) {\n    iterator = iterator ? iterator.bind(context) : Prototype.K;\n    var result = false;\n    this.each(function(value, index) {\n      if (result = !!iterator(value, index))\n        throw $break;\n    });\n    return result;\n  },\n\n  collect: function(iterator, context) {\n    iterator = iterator ? iterator.bind(context) : Prototype.K;\n    var results = [];\n    this.each(function(value, index) {\n      results.push(iterator(value, index));\n    });\n    return results;\n  },\n\n  detect: function(iterator, context) {\n    iterator = iterator.bind(context);\n    var result;\n    this.each(function(value, index) {\n      if (iterator(value, index)) {\n        result = value;\n        throw $break;\n      }\n    });\n    return result;\n  },\n\n  findAll: function(iterator, context) {\n    iterator = iterator.bind(context);\n    var results = [];\n    this.each(function(value, index) {\n      if (iterator(value, index))\n        results.push(value);\n    });\n    return results;\n  },\n\n  grep: function(filter, iterator, context) {\n    iterator = iterator ? iterator.bind(context) : Prototype.K;\n    var results = [];\n\n    if (Object.isString(filter))\n      filter = new RegExp(filter);\n\n    this.each(function(value, index) {\n      if (filter.match(value))\n        results.push(iterator(value, index));\n    });\n    return results;\n  },\n\n  include: function(object) {\n    if (Object.isFunction(this.indexOf))\n      if (this.indexOf(object) != -1) return true;\n\n    var found = false;\n    this.each(function(value) {\n      if (value == object) {\n        found = true;\n        throw $break;\n      }\n    });\n    return found;\n  },\n\n  inGroupsOf: function(number, fillWith) {\n    fillWith = Object.isUndefined(fillWith) ? null : fillWith;\n    return this.eachSlice(number, function(slice) {\n      while(slice.length < number) slice.push(fillWith);\n      return slice;\n    });\n  },\n\n  inject: function(memo, iterator, context) {\n    iterator = iterator.bind(context);\n    this.each(function(value, index) {\n      memo = iterator(memo, value, index);\n    });\n    return memo;\n  },\n\n  invoke: function(method) {\n    var args = $A(arguments).slice(1);\n    return this.map(function(value) {\n      return value[method].apply(value, args);\n    });\n  },\n\n  max: function(iterator, context) {\n    iterator = iterator ? iterator.bind(context) : Prototype.K;\n    var result;\n    this.each(function(value, index) {\n      value = iterator(value, index);\n      if (result == null || value >= result)\n        result = value;\n    });\n    return result;\n  },\n\n  min: function(iterator, context) {\n    iterator = iterator ? iterator.bind(context) : Prototype.K;\n    var result;\n    this.each(function(value, index) {\n      value = iterator(value, index);\n      if (result == null || value < result)\n        result = value;\n    });\n    return result;\n  },\n\n  partition: function(iterator, context) {\n    iterator = iterator ? iterator.bind(context) : Prototype.K;\n    var trues = [], falses = [];\n    this.each(function(value, index) {\n      (iterator(value, index) ?\n        trues : falses).push(value);\n    });\n    return [trues, falses];\n  },\n\n  pluck: function(property) {\n    var results = [];\n    this.each(function(value) {\n      results.push(value[property]);\n    });\n    return results;\n  },\n\n  reject: function(iterator, context) {\n    iterator = iterator.bind(context);\n    var results = [];\n    this.each(function(value, index) {\n      if (!iterator(value, index))\n        results.push(value);\n    });\n    return results;\n  },\n\n  sortBy: function(iterator, context) {\n    iterator = iterator.bind(context);\n    return this.map(function(value, index) {\n      return {value: value, criteria: iterator(value, index)};\n    }).sort(function(left, right) {\n      var a = left.criteria, b = right.criteria;\n      return a < b ? -1 : a > b ? 1 : 0;\n    }).pluck('value');\n  },\n\n  toArray: function() {\n    return this.map();\n  },\n\n  zip: function() {\n    var iterator = Prototype.K, args = $A(arguments);\n    if (Object.isFunction(args.last()))\n      iterator = args.pop();\n\n    var collections = [this].concat(args).map($A);\n    return this.map(function(value, index) {\n      return iterator(collections.pluck(index));\n    });\n  },\n\n  size: function() {\n    return this.toArray().length;\n  },\n\n  inspect: function() {\n    return '#<Enumerable:' + this.toArray().inspect() + '>';\n  }\n};\n\nObject.extend(Enumerable, {\n  map:     Enumerable.collect,\n  find:    Enumerable.detect,\n  select:  Enumerable.findAll,\n  filter:  Enumerable.findAll,\n  member:  Enumerable.include,\n  entries: Enumerable.toArray,\n  every:   Enumerable.all,\n  some:    Enumerable.any\n});\nfunction $A(iterable) {\n  if (!iterable) return [];\n  if (iterable.toArray) return iterable.toArray();\n  var length = iterable.length || 0, results = new Array(length);\n  while (length--) results[length] = iterable[length];\n  return results;\n}\n\nif (Prototype.Browser.WebKit) {\n  $A = function(iterable) {\n    if (!iterable) return [];\n    if (!(Object.isFunction(iterable) && iterable == '[object NodeList]') &&\n        iterable.toArray) return iterable.toArray();\n    var length = iterable.length || 0, results = new Array(length);\n    while (length--) results[length] = iterable[length];\n    return results;\n  };\n}\n\nArray.from = $A;\n\nObject.extend(Array.prototype, Enumerable);\n\nif (!Array.prototype._reverse) Array.prototype._reverse = Array.prototype.reverse;\n\nObject.extend(Array.prototype, {\n  _each: function(iterator) {\n    for (var i = 0, length = this.length; i < length; i++)\n      iterator(this[i]);\n  },\n\n  clear: function() {\n    this.length = 0;\n    return this;\n  },\n\n  first: function() {\n    return this[0];\n  },\n\n  last: function() {\n    return this[this.length - 1];\n  },\n\n  compact: function() {\n    return this.select(function(value) {\n      return value != null;\n    });\n  },\n\n  flatten: function() {\n    return this.inject([], function(array, value) {\n      return array.concat(Object.isArray(value) ?\n        value.flatten() : [value]);\n    });\n  },\n\n  without: function() {\n    var values = $A(arguments);\n    return this.select(function(value) {\n      return !values.include(value);\n    });\n  },\n\n  reverse: function(inline) {\n    return (inline !== false ? this : this.toArray())._reverse();\n  },\n\n  reduce: function() {\n    return this.length > 1 ? this : this[0];\n  },\n\n  uniq: function(sorted) {\n    return this.inject([], function(array, value, index) {\n      if (0 == index || (sorted ? array.last() != value : !array.include(value)))\n        array.push(value);\n      return array;\n    });\n  },\n\n  intersect: function(array) {\n    return this.uniq().findAll(function(item) {\n      return array.detect(function(value) { return item === value });\n    });\n  },\n\n  clone: function() {\n    return [].concat(this);\n  },\n\n  size: function() {\n    return this.length;\n  },\n\n  inspect: function() {\n    return '[' + this.map(Object.inspect).join(', ') + ']';\n  },\n\n  toJSON: function() {\n    var results = [];\n    this.each(function(object) {\n      var value = Object.toJSON(object);\n      if (!Object.isUndefined(value)) results.push(value);\n    });\n    return '[' + results.join(', ') + ']';\n  }\n});\n\n// use native browser JS 1.6 implementation if available\nif (Object.isFunction(Array.prototype.forEach))\n  Array.prototype._each = Array.prototype.forEach;\n\nif (!Array.prototype.indexOf) Array.prototype.indexOf = function(item, i) {\n  i || (i = 0);\n  var length = this.length;\n  if (i < 0) i = length + i;\n  for (; i < length; i++)\n    if (this[i] === item) return i;\n  return -1;\n};\n\nif (!Array.prototype.lastIndexOf) Array.prototype.lastIndexOf = function(item, i) {\n  i = isNaN(i) ? this.length : (i < 0 ? this.length + i : i) + 1;\n  var n = this.slice(0, i).reverse().indexOf(item);\n  return (n < 0) ? n : i - n - 1;\n};\n\nArray.prototype.toArray = Array.prototype.clone;\n\nfunction $w(string) {\n  if (!Object.isString(string)) return [];\n  string = string.strip();\n  return string ? string.split(/\\s+/) : [];\n}\n\nif (Prototype.Browser.Opera){\n  Array.prototype.concat = function() {\n    var array = [];\n    for (var i = 0, length = this.length; i < length; i++) array.push(this[i]);\n    for (var i = 0, length = arguments.length; i < length; i++) {\n      if (Object.isArray(arguments[i])) {\n        for (var j = 0, arrayLength = arguments[i].length; j < arrayLength; j++)\n          array.push(arguments[i][j]);\n      } else {\n        array.push(arguments[i]);\n      }\n    }\n    return array;\n  };\n}\nObject.extend(Number.prototype, {\n  toColorPart: function() {\n    return this.toPaddedString(2, 16);\n  },\n\n  succ: function() {\n    return this + 1;\n  },\n\n  times: function(iterator) {\n    $R(0, this, true).each(iterator);\n    return this;\n  },\n\n  toPaddedString: function(length, radix) {\n    var string = this.toString(radix || 10);\n    return '0'.times(length - string.length) + string;\n  },\n\n  toJSON: function() {\n    return isFinite(this) ? this.toString() : 'null';\n  }\n});\n\n$w('abs round ceil floor').each(function(method){\n  Number.prototype[method] = Math[method].methodize();\n});\nfunction $H(object) {\n  return new Hash(object);\n};\n\nvar Hash = Class.create(Enumerable, (function() {\n\n  function toQueryPair(key, value) {\n    if (Object.isUndefined(value)) return key;\n    return key + '=' + encodeURIComponent(String.interpret(value));\n  }\n\n  return {\n    initialize: function(object) {\n      this._object = Object.isHash(object) ? object.toObject() : Object.clone(object);\n    },\n\n    _each: function(iterator) {\n      for (var key in this._object) {\n        var value = this._object[key], pair = [key, value];\n        pair.key = key;\n        pair.value = value;\n        iterator(pair);\n      }\n    },\n\n    set: function(key, value) {\n      return this._object[key] = value;\n    },\n\n    get: function(key) {\n      return this._object[key];\n    },\n\n    unset: function(key) {\n      var value = this._object[key];\n      delete this._object[key];\n      return value;\n    },\n\n    toObject: function() {\n      return Object.clone(this._object);\n    },\n\n    keys: function() {\n      return this.pluck('key');\n    },\n\n    values: function() {\n      return this.pluck('value');\n    },\n\n    index: function(value) {\n      var match = this.detect(function(pair) {\n        return pair.value === value;\n      });\n      return match && match.key;\n    },\n\n    merge: function(object) {\n      return this.clone().update(object);\n    },\n\n    update: function(object) {\n      return new Hash(object).inject(this, function(result, pair) {\n        result.set(pair.key, pair.value);\n        return result;\n      });\n    },\n\n    toQueryString: function() {\n      return this.map(function(pair) {\n        var key = encodeURIComponent(pair.key), values = pair.value;\n\n        if (values && typeof values == 'object') {\n          if (Object.isArray(values))\n            return values.map(toQueryPair.curry(key)).join('&');\n        }\n        return toQueryPair(key, values);\n      }).join('&');\n    },\n\n    inspect: function() {\n      return '#<Hash:{' + this.map(function(pair) {\n        return pair.map(Object.inspect).join(': ');\n      }).join(', ') + '}>';\n    },\n\n    toJSON: function() {\n      return Object.toJSON(this.toObject());\n    },\n\n    clone: function() {\n      return new Hash(this);\n    }\n  }\n})());\n\nHash.prototype.toTemplateReplacements = Hash.prototype.toObject;\nHash.from = $H;\nvar ObjectRange = Class.create(Enumerable, {\n  initialize: function(start, end, exclusive) {\n    this.start = start;\n    this.end = end;\n    this.exclusive = exclusive;\n  },\n\n  _each: function(iterator) {\n    var value = this.start;\n    while (this.include(value)) {\n      iterator(value);\n      value = value.succ();\n    }\n  },\n\n  include: function(value) {\n    if (value < this.start)\n      return false;\n    if (this.exclusive)\n      return value < this.end;\n    return value <= this.end;\n  }\n});\n\nvar $R = function(start, end, exclusive) {\n  return new ObjectRange(start, end, exclusive);\n};\n\nvar Ajax = {\n  getTransport: function() {\n    return Try.these(\n      function() {return new XMLHttpRequest()},\n      function() {return new ActiveXObject('Msxml2.XMLHTTP')},\n      function() {return new ActiveXObject('Microsoft.XMLHTTP')}\n    ) || false;\n  },\n\n  activeRequestCount: 0\n};\n\nAjax.Responders = {\n  responders: [],\n\n  _each: function(iterator) {\n    this.responders._each(iterator);\n  },\n\n  register: function(responder) {\n    if (!this.include(responder))\n      this.responders.push(responder);\n  },\n\n  unregister: function(responder) {\n    this.responders = this.responders.without(responder);\n  },\n\n  dispatch: function(callback, request, transport, json) {\n    this.each(function(responder) {\n      if (Object.isFunction(responder[callback])) {\n        try {\n          responder[callback].apply(responder, [request, transport, json]);\n        } catch (e) { }\n      }\n    });\n  }\n};\n\nObject.extend(Ajax.Responders, Enumerable);\n\nAjax.Responders.register({\n  onCreate:   function() { Ajax.activeRequestCount++ },\n  onComplete: function() { Ajax.activeRequestCount-- }\n});\n\nAjax.Base = Class.create({\n  initialize: function(options) {\n    this.options = {\n      method:       'post',\n      asynchronous: true,\n      contentType:  'application/x-www-form-urlencoded',\n      encoding:     'UTF-8',\n      parameters:   '',\n      evalJSON:     true,\n      evalJS:       true\n    };\n    Object.extend(this.options, options || { });\n\n    this.options.method = this.options.method.toLowerCase();\n\n    if (Object.isString(this.options.parameters))\n      this.options.parameters = this.options.parameters.toQueryParams();\n    else if (Object.isHash(this.options.parameters))\n      this.options.parameters = this.options.parameters.toObject();\n  }\n});\n\nAjax.Request = Class.create(Ajax.Base, {\n  _complete: false,\n\n  initialize: function($super, url, options) {\n    $super(options);\n    this.transport = Ajax.getTransport();\n    this.request(url);\n  },\n\n  request: function(url) {\n    this.url = url;\n    this.method = this.options.method;\n    var params = Object.clone(this.options.parameters);\n\n    if (!['get', 'post'].include(this.method)) {\n      // simulate other verbs over post\n      params['_method'] = this.method;\n      this.method = 'post';\n    }\n\n    this.parameters = params;\n\n    if (params = Object.toQueryString(params)) {\n      // when GET, append parameters to URL\n      if (this.method == 'get')\n        this.url += (this.url.include('?') ? '&' : '?') + params;\n      else if (/Konqueror|Safari|KHTML/.test(navigator.userAgent))\n        params += '&_=';\n    }\n\n    try {\n      var response = new Ajax.Response(this);\n      if (this.options.onCreate) this.options.onCreate(response);\n      Ajax.Responders.dispatch('onCreate', this, response);\n\n      this.transport.open(this.method.toUpperCase(), this.url,\n        this.options.asynchronous);\n\n      if (this.options.asynchronous) this.respondToReadyState.bind(this).defer(1);\n\n      this.transport.onreadystatechange = this.onStateChange.bind(this);\n      this.setRequestHeaders();\n\n      this.body = this.method == 'post' ? (this.options.postBody || params) : null;\n      this.transport.send(this.body);\n\n      /* Force Firefox to handle ready state 4 for synchronous requests */\n      if (!this.options.asynchronous && this.transport.overrideMimeType)\n        this.onStateChange();\n\n    }\n    catch (e) {\n      this.dispatchException(e);\n    }\n  },\n\n  onStateChange: function() {\n    var readyState = this.transport.readyState;\n    if (readyState > 1 && !((readyState == 4) && this._complete))\n      this.respondToReadyState(this.transport.readyState);\n  },\n\n  setRequestHeaders: function() {\n    var headers = {\n      'X-Requested-With': 'XMLHttpRequest',\n      'X-Prototype-Version': Prototype.Version,\n      'Accept': 'text/javascript, text/html, application/xml, text/xml, */*'\n    };\n\n    if (this.method == 'post') {\n      headers['Content-type'] = this.options.contentType +\n        (this.options.encoding ? '; charset=' + this.options.encoding : '');\n\n      /* Force \"Connection: close\" for older Mozilla browsers to work\n       * around a bug where XMLHttpRequest sends an incorrect\n       * Content-length header. See Mozilla Bugzilla #246651.\n       */\n      if (this.transport.overrideMimeType &&\n          (navigator.userAgent.match(/Gecko\\/(\\d{4})/) || [0,2005])[1] < 2005)\n            headers['Connection'] = 'close';\n    }\n\n    // user-defined headers\n    if (typeof this.options.requestHeaders == 'object') {\n      var extras = this.options.requestHeaders;\n\n      if (Object.isFunction(extras.push))\n        for (var i = 0, length = extras.length; i < length; i += 2)\n          headers[extras[i]] = extras[i+1];\n      else\n        $H(extras).each(function(pair) { headers[pair.key] = pair.value });\n    }\n\n    for (var name in headers)\n      this.transport.setRequestHeader(name, headers[name]);\n  },\n\n  success: function() {\n    var status = this.getStatus();\n    return !status || (status >= 200 && status < 300);\n  },\n\n  getStatus: function() {\n    try {\n      return this.transport.status || 0;\n    } catch (e) { return 0 }\n  },\n\n  respondToReadyState: function(readyState) {\n    var state = Ajax.Request.Events[readyState], response = new Ajax.Response(this);\n\n    if (state == 'Complete') {\n      try {\n        this._complete = true;\n        (this.options['on' + response.status]\n         || this.options['on' + (this.success() ? 'Success' : 'Failure')]\n         || Prototype.emptyFunction)(response, response.headerJSON);\n      } catch (e) {\n        this.dispatchException(e);\n      }\n\n      var contentType = response.getHeader('Content-type');\n      if (this.options.evalJS == 'force'\n          || (this.options.evalJS && this.isSameOrigin() && contentType\n          && contentType.match(/^\\s*(text|application)\\/(x-)?(java|ecma)script(;.*)?\\s*$/i)))\n        this.evalResponse();\n    }\n\n    try {\n      (this.options['on' + state] || Prototype.emptyFunction)(response, response.headerJSON);\n      Ajax.Responders.dispatch('on' + state, this, response, response.headerJSON);\n    } catch (e) {\n      this.dispatchException(e);\n    }\n\n    if (state == 'Complete') {\n      // avoid memory leak in MSIE: clean up\n      this.transport.onreadystatechange = Prototype.emptyFunction;\n    }\n  },\n\n  isSameOrigin: function() {\n    var m = this.url.match(/^\\s*https?:\\/\\/[^\\/]*/);\n    return !m || (m[0] == '#{protocol}//#{domain}#{port}'.interpolate({\n      protocol: location.protocol,\n      domain: document.domain,\n      port: location.port ? ':' + location.port : ''\n    }));\n  },\n\n  getHeader: function(name) {\n    try {\n      return this.transport.getResponseHeader(name) || null;\n    } catch (e) { return null }\n  },\n\n  evalResponse: function() {\n    try {\n      return eval((this.transport.responseText || '').unfilterJSON());\n    } catch (e) {\n      this.dispatchException(e);\n    }\n  },\n\n  dispatchException: function(exception) {\n    (this.options.onException || Prototype.emptyFunction)(this, exception);\n    Ajax.Responders.dispatch('onException', this, exception);\n  }\n});\n\nAjax.Request.Events =\n  ['Uninitialized', 'Loading', 'Loaded', 'Interactive', 'Complete'];\n\nAjax.Response = Class.create({\n  initialize: function(request){\n    this.request = request;\n    var transport  = this.transport  = request.transport,\n        readyState = this.readyState = transport.readyState;\n\n    if((readyState > 2 && !Prototype.Browser.IE) || readyState == 4) {\n      this.status       = this.getStatus();\n      this.statusText   = this.getStatusText();\n      this.responseText = String.interpret(transport.responseText);\n      this.headerJSON   = this._getHeaderJSON();\n    }\n\n    if(readyState == 4) {\n      var xml = transport.responseXML;\n      this.responseXML  = Object.isUndefined(xml) ? null : xml;\n      this.responseJSON = this._getResponseJSON();\n    }\n  },\n\n  status:      0,\n  statusText: '',\n\n  getStatus: Ajax.Request.prototype.getStatus,\n\n  getStatusText: function() {\n    try {\n      return this.transport.statusText || '';\n    } catch (e) { return '' }\n  },\n\n  getHeader: Ajax.Request.prototype.getHeader,\n\n  getAllHeaders: function() {\n    try {\n      return this.getAllResponseHeaders();\n    } catch (e) { return null }\n  },\n\n  getResponseHeader: function(name) {\n    return this.transport.getResponseHeader(name);\n  },\n\n  getAllResponseHeaders: function() {\n    return this.transport.getAllResponseHeaders();\n  },\n\n  _getHeaderJSON: function() {\n    var json = this.getHeader('X-JSON');\n    if (!json) return null;\n    json = decodeURIComponent(escape(json));\n    try {\n      return json.evalJSON(this.request.options.sanitizeJSON ||\n        !this.request.isSameOrigin());\n    } catch (e) {\n      this.request.dispatchException(e);\n    }\n  },\n\n  _getResponseJSON: function() {\n    var options = this.request.options;\n    if (!options.evalJSON || (options.evalJSON != 'force' &&\n      !(this.getHeader('Content-type') || '').include('application/json')) ||\n        this.responseText.blank())\n          return null;\n    try {\n      return this.responseText.evalJSON(options.sanitizeJSON ||\n        !this.request.isSameOrigin());\n    } catch (e) {\n      this.request.dispatchException(e);\n    }\n  }\n});\n\nAjax.Updater = Class.create(Ajax.Request, {\n  initialize: function($super, container, url, options) {\n    this.container = {\n      success: (container.success || container),\n      failure: (container.failure || (container.success ? null : container))\n    };\n\n    options = Object.clone(options);\n    var onComplete = options.onComplete;\n    options.onComplete = (function(response, json) {\n      this.updateContent(response.responseText);\n      if (Object.isFunction(onComplete)) onComplete(response, json);\n    }).bind(this);\n\n    $super(url, options);\n  },\n\n  updateContent: function(responseText) {\n    var receiver = this.container[this.success() ? 'success' : 'failure'],\n        options = this.options;\n\n    if (!options.evalScripts) responseText = responseText.stripScripts();\n\n    if (receiver = $(receiver)) {\n      if (options.insertion) {\n        if (Object.isString(options.insertion)) {\n          var insertion = { }; insertion[options.insertion] = responseText;\n          receiver.insert(insertion);\n        }\n        else options.insertion(receiver, responseText);\n      }\n      else receiver.update(responseText);\n    }\n  }\n});\n\nAjax.PeriodicalUpdater = Class.create(Ajax.Base, {\n  initialize: function($super, container, url, options) {\n    $super(options);\n    this.onComplete = this.options.onComplete;\n\n    this.frequency = (this.options.frequency || 2);\n    this.decay = (this.options.decay || 1);\n\n    this.updater = { };\n    this.container = container;\n    this.url = url;\n\n    this.start();\n  },\n\n  start: function() {\n    this.options.onComplete = this.updateComplete.bind(this);\n    this.onTimerEvent();\n  },\n\n  stop: function() {\n    this.updater.options.onComplete = undefined;\n    clearTimeout(this.timer);\n    (this.onComplete || Prototype.emptyFunction).apply(this, arguments);\n  },\n\n  updateComplete: function(response) {\n    if (this.options.decay) {\n      this.decay = (response.responseText == this.lastText ?\n        this.decay * this.options.decay : 1);\n\n      this.lastText = response.responseText;\n    }\n    this.timer = this.onTimerEvent.bind(this).delay(this.decay * this.frequency);\n  },\n\n  onTimerEvent: function() {\n    this.updater = new Ajax.Updater(this.container, this.url, this.options);\n  }\n});\nfunction $(element) {\n  if (arguments.length > 1) {\n    for (var i = 0, elements = [], length = arguments.length; i < length; i++)\n      elements.push($(arguments[i]));\n    return elements;\n  }\n  if (Object.isString(element))\n    element = document.getElementById(element);\n  return Element.extend(element);\n}\n\nif (Prototype.BrowserFeatures.XPath) {\n  document._getElementsByXPath = function(expression, parentElement) {\n    var results = [];\n    var query = document.evaluate(expression, $(parentElement) || document,\n      null, XPathResult.ORDERED_NODE_SNAPSHOT_TYPE, null);\n    for (var i = 0, length = query.snapshotLength; i < length; i++)\n      results.push(Element.extend(query.snapshotItem(i)));\n    return results;\n  };\n}\n\n/*--------------------------------------------------------------------------*/\n\nif (!window.Node) var Node = { };\n\nif (!Node.ELEMENT_NODE) {\n  // DOM level 2 ECMAScript Language Binding\n  Object.extend(Node, {\n    ELEMENT_NODE: 1,\n    ATTRIBUTE_NODE: 2,\n    TEXT_NODE: 3,\n    CDATA_SECTION_NODE: 4,\n    ENTITY_REFERENCE_NODE: 5,\n    ENTITY_NODE: 6,\n    PROCESSING_INSTRUCTION_NODE: 7,\n    COMMENT_NODE: 8,\n    DOCUMENT_NODE: 9,\n    DOCUMENT_TYPE_NODE: 10,\n    DOCUMENT_FRAGMENT_NODE: 11,\n    NOTATION_NODE: 12\n  });\n}\n\n(function() {\n  var element = this.Element;\n  this.Element = function(tagName, attributes) {\n    attributes = attributes || { };\n    tagName = tagName.toLowerCase();\n    var cache = Element.cache;\n    if (Prototype.Browser.IE && attributes.name) {\n      tagName = '<' + tagName + ' name=\"' + attributes.name + '\">';\n      delete attributes.name;\n      return Element.writeAttribute(document.createElement(tagName), attributes);\n    }\n    if (!cache[tagName]) cache[tagName] = Element.extend(document.createElement(tagName));\n    return Element.writeAttribute(cache[tagName].cloneNode(false), attributes);\n  };\n  Object.extend(this.Element, element || { });\n}).call(window);\n\nElement.cache = { };\n\nElement.Methods = {\n  visible: function(element) {\n    return $(element).style.display != 'none';\n  },\n\n  toggle: function(element) {\n    element = $(element);\n    Element[Element.visible(element) ? 'hide' : 'show'](element);\n    return element;\n  },\n\n  hide: function(element) {\n    $(element).style.display = 'none';\n    return element;\n  },\n\n  show: function(element) {\n    $(element).style.display = '';\n    return element;\n  },\n\n  remove: function(element) {\n    element = $(element);\n    element.parentNode.removeChild(element);\n    return element;\n  },\n\n  update: function(element, content) {\n    element = $(element);\n    if (content && content.toElement) content = content.toElement();\n    if (Object.isElement(content)) return element.update().insert(content);\n    content = Object.toHTML(content);\n    element.innerHTML = content.stripScripts();\n    content.evalScripts.bind(content).defer();\n    return element;\n  },\n\n  replace: function(element, content) {\n    element = $(element);\n    if (content && content.toElement) content = content.toElement();\n    else if (!Object.isElement(content)) {\n      content = Object.toHTML(content);\n      var range = element.ownerDocument.createRange();\n      range.selectNode(element);\n      content.evalScripts.bind(content).defer();\n      content = range.createContextualFragment(content.stripScripts());\n    }\n    element.parentNode.replaceChild(content, element);\n    return element;\n  },\n\n  insert: function(element, insertions) {\n    element = $(element);\n\n    if (Object.isString(insertions) || Object.isNumber(insertions) ||\n        Object.isElement(insertions) || (insertions && (insertions.toElement || insertions.toHTML)))\n          insertions = {bottom:insertions};\n\n    var content, insert, tagName, childNodes;\n\n    for (var position in insertions) {\n      content  = insertions[position];\n      position = position.toLowerCase();\n      insert = Element._insertionTranslations[position];\n\n      if (content && content.toElement) content = content.toElement();\n      if (Object.isElement(content)) {\n        insert(element, content);\n        continue;\n      }\n\n      content = Object.toHTML(content);\n\n      tagName = ((position == 'before' || position == 'after')\n        ? element.parentNode : element).tagName.toUpperCase();\n\n      childNodes = Element._getContentFromAnonymousElement(tagName, content.stripScripts());\n\n      if (position == 'top' || position == 'after') childNodes.reverse();\n      childNodes.each(insert.curry(element));\n\n      content.evalScripts.bind(content).defer();\n    }\n\n    return element;\n  },\n\n  wrap: function(element, wrapper, attributes) {\n    element = $(element);\n    if (Object.isElement(wrapper))\n      $(wrapper).writeAttribute(attributes || { });\n    else if (Object.isString(wrapper)) wrapper = new Element(wrapper, attributes);\n    else wrapper = new Element('div', wrapper);\n    if (element.parentNode)\n      element.parentNode.replaceChild(wrapper, element);\n    wrapper.appendChild(element);\n    return wrapper;\n  },\n\n  inspect: function(element) {\n    element = $(element);\n    var result = '<' + element.tagName.toLowerCase();\n    $H({'id': 'id', 'className': 'class'}).each(function(pair) {\n      var property = pair.first(), attribute = pair.last();\n      var value = (element[property] || '').toString();\n      if (value) result += ' ' + attribute + '=' + value.inspect(true);\n    });\n    return result + '>';\n  },\n\n  recursivelyCollect: function(element, property) {\n    element = $(element);\n    var elements = [];\n    while (element = element[property])\n      if (element.nodeType == 1)\n        elements.push(Element.extend(element));\n    return elements;\n  },\n\n  ancestors: function(element) {\n    return $(element).recursivelyCollect('parentNode');\n  },\n\n  descendants: function(element) {\n    return $(element).select(\"*\");\n  },\n\n  firstDescendant: function(element) {\n    element = $(element).firstChild;\n    while (element && element.nodeType != 1) element = element.nextSibling;\n    return $(element);\n  },\n\n  immediateDescendants: function(element) {\n    if (!(element = $(element).firstChild)) return [];\n    while (element && element.nodeType != 1) element = element.nextSibling;\n    if (element) return [element].concat($(element).nextSiblings());\n    return [];\n  },\n\n  previousSiblings: function(element) {\n    return $(element).recursivelyCollect('previousSibling');\n  },\n\n  nextSiblings: function(element) {\n    return $(element).recursivelyCollect('nextSibling');\n  },\n\n  siblings: function(element) {\n    element = $(element);\n    return element.previousSiblings().reverse().concat(element.nextSiblings());\n  },\n\n  match: function(element, selector) {\n    if (Object.isString(selector))\n      selector = new Selector(selector);\n    return selector.match($(element));\n  },\n\n  up: function(element, expression, index) {\n    element = $(element);\n    if (arguments.length == 1) return $(element.parentNode);\n    var ancestors = element.ancestors();\n    return Object.isNumber(expression) ? ancestors[expression] :\n      Selector.findElement(ancestors, expression, index);\n  },\n\n  down: function(element, expression, index) {\n    element = $(element);\n    if (arguments.length == 1) return element.firstDescendant();\n    return Object.isNumber(expression) ? element.descendants()[expression] :\n      element.select(expression)[index || 0];\n  },\n\n  previous: function(element, expression, index) {\n    element = $(element);\n    if (arguments.length == 1) return $(Selector.handlers.previousElementSibling(element));\n    var previousSiblings = element.previousSiblings();\n    return Object.isNumber(expression) ? previousSiblings[expression] :\n      Selector.findElement(previousSiblings, expression, index);\n  },\n\n  next: function(element, expression, index) {\n    element = $(element);\n    if (arguments.length == 1) return $(Selector.handlers.nextElementSibling(element));\n    var nextSiblings = element.nextSiblings();\n    return Object.isNumber(expression) ? nextSiblings[expression] :\n      Selector.findElement(nextSiblings, expression, index);\n  },\n\n  select: function() {\n    var args = $A(arguments), element = $(args.shift());\n    return Selector.findChildElements(element, args);\n  },\n\n  adjacent: function() {\n    var args = $A(arguments), element = $(args.shift());\n    return Selector.findChildElements(element.parentNode, args).without(element);\n  },\n\n  identify: function(element) {\n    element = $(element);\n    var id = element.readAttribute('id'), self = arguments.callee;\n    if (id) return id;\n    do { id = 'anonymous_element_' + self.counter++ } while ($(id));\n    element.writeAttribute('id', id);\n    return id;\n  },\n\n  readAttribute: function(element, name) {\n    element = $(element);\n    if (Prototype.Browser.IE) {\n      var t = Element._attributeTranslations.read;\n      if (t.values[name]) return t.values[name](element, name);\n      if (t.names[name]) name = t.names[name];\n      if (name.include(':')) {\n        return (!element.attributes || !element.attributes[name]) ? null :\n         element.attributes[name].value;\n      }\n    }\n    return element.getAttribute(name);\n  },\n\n  writeAttribute: function(element, name, value) {\n    element = $(element);\n    var attributes = { }, t = Element._attributeTranslations.write;\n\n    if (typeof name == 'object') attributes = name;\n    else attributes[name] = Object.isUndefined(value) ? true : value;\n\n    for (var attr in attributes) {\n      name = t.names[attr] || attr;\n      value = attributes[attr];\n      if (t.values[attr]) name = t.values[attr](element, value);\n      if (value === false || value === null)\n        element.removeAttribute(name);\n      else if (value === true)\n        element.setAttribute(name, name);\n      else element.setAttribute(name, value);\n    }\n    return element;\n  },\n\n  getHeight: function(element) {\n    return $(element).getDimensions().height;\n  },\n\n  getWidth: function(element) {\n    return $(element).getDimensions().width;\n  },\n\n  classNames: function(element) {\n    return new Element.ClassNames(element);\n  },\n\n  hasClassName: function(element, className) {\n    if (!(element = $(element))) return;\n    var elementClassName = element.className;\n    return (elementClassName.length > 0 && (elementClassName == className ||\n      new RegExp(\"(^|\\\\s)\" + className + \"(\\\\s|$)\").test(elementClassName)));\n  },\n\n  addClassName: function(element, className) {\n    if (!(element = $(element))) return;\n    if (!element.hasClassName(className))\n      element.className += (element.className ? ' ' : '') + className;\n    return element;\n  },\n\n  removeClassName: function(element, className) {\n    if (!(element = $(element))) return;\n    element.className = element.className.replace(\n      new RegExp(\"(^|\\\\s+)\" + className + \"(\\\\s+|$)\"), ' ').strip();\n    return element;\n  },\n\n  toggleClassName: function(element, className) {\n    if (!(element = $(element))) return;\n    return element[element.hasClassName(className) ?\n      'removeClassName' : 'addClassName'](className);\n  },\n\n  // removes whitespace-only text node children\n  cleanWhitespace: function(element) {\n    element = $(element);\n    var node = element.firstChild;\n    while (node) {\n      var nextNode = node.nextSibling;\n      if (node.nodeType == 3 && !/\\S/.test(node.nodeValue))\n        element.removeChild(node);\n      node = nextNode;\n    }\n    return element;\n  },\n\n  empty: function(element) {\n    return $(element).innerHTML.blank();\n  },\n\n  descendantOf: function(element, ancestor) {\n    element = $(element), ancestor = $(ancestor);\n    var originalAncestor = ancestor;\n\n    if (element.compareDocumentPosition)\n      return (element.compareDocumentPosition(ancestor) & 8) === 8;\n\n    if (element.sourceIndex && !Prototype.Browser.Opera) {\n      var e = element.sourceIndex, a = ancestor.sourceIndex,\n       nextAncestor = ancestor.nextSibling;\n      if (!nextAncestor) {\n        do { ancestor = ancestor.parentNode; }\n        while (!(nextAncestor = ancestor.nextSibling) && ancestor.parentNode);\n      }\n      if (nextAncestor && nextAncestor.sourceIndex)\n       return (e > a && e < nextAncestor.sourceIndex);\n    }\n\n    while (element = element.parentNode)\n      if (element == originalAncestor) return true;\n    return false;\n  },\n\n  scrollTo: function(element) {\n    element = $(element);\n    var pos = element.cumulativeOffset();\n    window.scrollTo(pos[0], pos[1]);\n    return element;\n  },\n\n  getStyle: function(element, style) {\n    element = $(element);\n    style = style == 'float' ? 'cssFloat' : style.camelize();\n    var value = element.style[style];\n    if (!value) {\n      var css = document.defaultView.getComputedStyle(element, null);\n      value = css ? css[style] : null;\n    }\n    if (style == 'opacity') return value ? parseFloat(value) : 1.0;\n    return value == 'auto' ? null : value;\n  },\n\n  getOpacity: function(element) {\n    return $(element).getStyle('opacity');\n  },\n\n  setStyle: function(element, styles) {\n    element = $(element);\n    var elementStyle = element.style, match;\n    if (Object.isString(styles)) {\n      element.style.cssText += ';' + styles;\n      return styles.include('opacity') ?\n        element.setOpacity(styles.match(/opacity:\\s*(\\d?\\.?\\d*)/)[1]) : element;\n    }\n    for (var property in styles)\n      if (property == 'opacity') element.setOpacity(styles[property]);\n      else\n        elementStyle[(property == 'float' || property == 'cssFloat') ?\n          (Object.isUndefined(elementStyle.styleFloat) ? 'cssFloat' : 'styleFloat') :\n            property] = styles[property];\n\n    return element;\n  },\n\n  setOpacity: function(element, value) {\n    element = $(element);\n    element.style.opacity = (value == 1 || value === '') ? '' :\n      (value < 0.00001) ? 0 : value;\n    return element;\n  },\n\n  getDimensions: function(element) {\n    element = $(element);\n    var display = $(element).getStyle('display');\n    if (display != 'none' && display != null) // Safari bug\n      return {width: element.offsetWidth, height: element.offsetHeight};\n\n    // All *Width and *Height properties give 0 on elements with display none,\n    // so enable the element temporarily\n    var els = element.style;\n    var originalVisibility = els.visibility;\n    var originalPosition = els.position;\n    var originalDisplay = els.display;\n    els.visibility = 'hidden';\n    els.position = 'absolute';\n    els.display = 'block';\n    var originalWidth = element.clientWidth;\n    var originalHeight = element.clientHeight;\n    els.display = originalDisplay;\n    els.position = originalPosition;\n    els.visibility = originalVisibility;\n    return {width: originalWidth, height: originalHeight};\n  },\n\n  makePositioned: function(element) {\n    element = $(element);\n    var pos = Element.getStyle(element, 'position');\n    if (pos == 'static' || !pos) {\n      element._madePositioned = true;\n      element.style.position = 'relative';\n      // Opera returns the offset relative to the positioning context, when an\n      // element is position relative but top and left have not been defined\n      if (window.opera) {\n        element.style.top = 0;\n        element.style.left = 0;\n      }\n    }\n    return element;\n  },\n\n  undoPositioned: function(element) {\n    element = $(element);\n    if (element._madePositioned) {\n      element._madePositioned = undefined;\n      element.style.position =\n        element.style.top =\n        element.style.left =\n        element.style.bottom =\n        element.style.right = '';\n    }\n    return element;\n  },\n\n  makeClipping: function(element) {\n    element = $(element);\n    if (element._overflow) return element;\n    element._overflow = Element.getStyle(element, 'overflow') || 'auto';\n    if (element._overflow !== 'hidden')\n      element.style.overflow = 'hidden';\n    return element;\n  },\n\n  undoClipping: function(element) {\n    element = $(element);\n    if (!element._overflow) return element;\n    element.style.overflow = element._overflow == 'auto' ? '' : element._overflow;\n    element._overflow = null;\n    return element;\n  },\n\n  cumulativeOffset: function(element) {\n    var valueT = 0, valueL = 0;\n    do {\n      valueT += element.offsetTop  || 0;\n      valueL += element.offsetLeft || 0;\n      element = element.offsetParent;\n    } while (element);\n    return Element._returnOffset(valueL, valueT);\n  },\n\n  positionedOffset: function(element) {\n    var valueT = 0, valueL = 0;\n    do {\n      valueT += element.offsetTop  || 0;\n      valueL += element.offsetLeft || 0;\n      element = element.offsetParent;\n      if (element) {\n        if (element.tagName == 'BODY') break;\n        var p = Element.getStyle(element, 'position');\n        if (p !== 'static') break;\n      }\n    } while (element);\n    return Element._returnOffset(valueL, valueT);\n  },\n\n  absolutize: function(element) {\n    element = $(element);\n    if (element.getStyle('position') == 'absolute') return;\n    // Position.prepare(); // To be done manually by Scripty when it needs it.\n\n    var offsets = element.positionedOffset();\n    var top     = offsets[1];\n    var left    = offsets[0];\n    var width   = element.clientWidth;\n    var height  = element.clientHeight;\n\n    element._originalLeft   = left - parseFloat(element.style.left  || 0);\n    element._originalTop    = top  - parseFloat(element.style.top || 0);\n    element._originalWidth  = element.style.width;\n    element._originalHeight = element.style.height;\n\n    element.style.position = 'absolute';\n    element.style.top    = top + 'px';\n    element.style.left   = left + 'px';\n    element.style.width  = width + 'px';\n    element.style.height = height + 'px';\n    return element;\n  },\n\n  relativize: function(element) {\n    element = $(element);\n    if (element.getStyle('position') == 'relative') return;\n    // Position.prepare(); // To be done manually by Scripty when it needs it.\n\n    element.style.position = 'relative';\n    var top  = parseFloat(element.style.top  || 0) - (element._originalTop || 0);\n    var left = parseFloat(element.style.left || 0) - (element._originalLeft || 0);\n\n    element.style.top    = top + 'px';\n    element.style.left   = left + 'px';\n    element.style.height = element._originalHeight;\n    element.style.width  = element._originalWidth;\n    return element;\n  },\n\n  cumulativeScrollOffset: function(element) {\n    var valueT = 0, valueL = 0;\n    do {\n      valueT += element.scrollTop  || 0;\n      valueL += element.scrollLeft || 0;\n      element = element.parentNode;\n    } while (element);\n    return Element._returnOffset(valueL, valueT);\n  },\n\n  getOffsetParent: function(element) {\n    if (element.offsetParent) return $(element.offsetParent);\n    if (element == document.body) return $(element);\n\n    while ((element = element.parentNode) && element != document.body)\n      if (Element.getStyle(element, 'position') != 'static')\n        return $(element);\n\n    return $(document.body);\n  },\n\n  viewportOffset: function(forElement) {\n    var valueT = 0, valueL = 0;\n\n    var element = forElement;\n    do {\n      valueT += element.offsetTop  || 0;\n      valueL += element.offsetLeft || 0;\n\n      // Safari fix\n      if (element.offsetParent == document.body &&\n        Element.getStyle(element, 'position') == 'absolute') break;\n\n    } while (element = element.offsetParent);\n\n    element = forElement;\n    do {\n      if (!Prototype.Browser.Opera || element.tagName == 'BODY') {\n        valueT -= element.scrollTop  || 0;\n        valueL -= element.scrollLeft || 0;\n      }\n    } while (element = element.parentNode);\n\n    return Element._returnOffset(valueL, valueT);\n  },\n\n  clonePosition: function(element, source) {\n    var options = Object.extend({\n      setLeft:    true,\n      setTop:     true,\n      setWidth:   true,\n      setHeight:  true,\n      offsetTop:  0,\n      offsetLeft: 0\n    }, arguments[2] || { });\n\n    // find page position of source\n    source = $(source);\n    var p = source.viewportOffset();\n\n    // find coordinate system to use\n    element = $(element);\n    var delta = [0, 0];\n    var parent = null;\n    // delta [0,0] will do fine with position: fixed elements,\n    // position:absolute needs offsetParent deltas\n    if (Element.getStyle(element, 'position') == 'absolute') {\n      parent = element.getOffsetParent();\n      delta = parent.viewportOffset();\n    }\n\n    // correct by body offsets (fixes Safari)\n    if (parent == document.body) {\n      delta[0] -= document.body.offsetLeft;\n      delta[1] -= document.body.offsetTop;\n    }\n\n    // set position\n    if (options.setLeft)   element.style.left  = (p[0] - delta[0] + options.offsetLeft) + 'px';\n    if (options.setTop)    element.style.top   = (p[1] - delta[1] + options.offsetTop) + 'px';\n    if (options.setWidth)  element.style.width = source.offsetWidth + 'px';\n    if (options.setHeight) element.style.height = source.offsetHeight + 'px';\n    return element;\n  }\n};\n\nElement.Methods.identify.counter = 1;\n\nObject.extend(Element.Methods, {\n  getElementsBySelector: Element.Methods.select,\n  childElements: Element.Methods.immediateDescendants\n});\n\nElement._attributeTranslations = {\n  write: {\n    names: {\n      className: 'class',\n      htmlFor:   'for'\n    },\n    values: { }\n  }\n};\n\nif (Prototype.Browser.Opera) {\n  Element.Methods.getStyle = Element.Methods.getStyle.wrap(\n    function(proceed, element, style) {\n      switch (style) {\n        case 'left': case 'top': case 'right': case 'bottom':\n          if (proceed(element, 'position') === 'static') return null;\n        case 'height': case 'width':\n          // returns '0px' for hidden elements; we want it to return null\n          if (!Element.visible(element)) return null;\n\n          // returns the border-box dimensions rather than the content-box\n          // dimensions, so we subtract padding and borders from the value\n          var dim = parseInt(proceed(element, style), 10);\n\n          if (dim !== element['offset' + style.capitalize()])\n            return dim + 'px';\n\n          var properties;\n          if (style === 'height') {\n            properties = ['border-top-width', 'padding-top',\n             'padding-bottom', 'border-bottom-width'];\n          }\n          else {\n            properties = ['border-left-width', 'padding-left',\n             'padding-right', 'border-right-width'];\n          }\n          return properties.inject(dim, function(memo, property) {\n            var val = proceed(element, property);\n            return val === null ? memo : memo - parseInt(val, 10);\n          }) + 'px';\n        default: return proceed(element, style);\n      }\n    }\n  );\n\n  Element.Methods.readAttribute = Element.Methods.readAttribute.wrap(\n    function(proceed, element, attribute) {\n      if (attribute === 'title') return element.title;\n      return proceed(element, attribute);\n    }\n  );\n}\n\nelse if (Prototype.Browser.IE) {\n  // IE doesn't report offsets correctly for static elements, so we change them\n  // to \"relative\" to get the values, then change them back.\n  Element.Methods.getOffsetParent = Element.Methods.getOffsetParent.wrap(\n    function(proceed, element) {\n      element = $(element);\n      var position = element.getStyle('position');\n      if (position !== 'static') return proceed(element);\n      element.setStyle({ position: 'relative' });\n      var value = proceed(element);\n      element.setStyle({ position: position });\n      return value;\n    }\n  );\n\n  $w('positionedOffset viewportOffset').each(function(method) {\n    Element.Methods[method] = Element.Methods[method].wrap(\n      function(proceed, element) {\n        element = $(element);\n        var position = element.getStyle('position');\n        if (position !== 'static') return proceed(element);\n        // Trigger hasLayout on the offset parent so that IE6 reports\n        // accurate offsetTop and offsetLeft values for position: fixed.\n        var offsetParent = element.getOffsetParent();\n        if (offsetParent && offsetParent.getStyle('position') === 'fixed')\n          offsetParent.setStyle({ zoom: 1 });\n        element.setStyle({ position: 'relative' });\n        var value = proceed(element);\n        element.setStyle({ position: position });\n        return value;\n      }\n    );\n  });\n\n  Element.Methods.getStyle = function(element, style) {\n    element = $(element);\n    style = (style == 'float' || style == 'cssFloat') ? 'styleFloat' : style.camelize();\n    var value = element.style[style];\n    if (!value && element.currentStyle) value = element.currentStyle[style];\n\n    if (style == 'opacity') {\n      if (value = (element.getStyle('filter') || '').match(/alpha\\(opacity=(.*)\\)/))\n        if (value[1]) return parseFloat(value[1]) / 100;\n      return 1.0;\n    }\n\n    if (value == 'auto') {\n      if ((style == 'width' || style == 'height') && (element.getStyle('display') != 'none'))\n        return element['offset' + style.capitalize()] + 'px';\n      return null;\n    }\n    return value;\n  };\n\n  Element.Methods.setOpacity = function(element, value) {\n    function stripAlpha(filter){\n      return filter.replace(/alpha\\([^\\)]*\\)/gi,'');\n    }\n    element = $(element);\n    var currentStyle = element.currentStyle;\n    if ((currentStyle && !currentStyle.hasLayout) ||\n      (!currentStyle && element.style.zoom == 'normal'))\n        element.style.zoom = 1;\n\n    var filter = element.getStyle('filter'), style = element.style;\n    if (value == 1 || value === '') {\n      (filter = stripAlpha(filter)) ?\n        style.filter = filter : style.removeAttribute('filter');\n      return element;\n    } else if (value < 0.00001) value = 0;\n    style.filter = stripAlpha(filter) +\n      'alpha(opacity=' + (value * 100) + ')';\n    return element;\n  };\n\n  Element._attributeTranslations = {\n    read: {\n      names: {\n        'class': 'className',\n        'for':   'htmlFor'\n      },\n      values: {\n        _getAttr: function(element, attribute) {\n          return element.getAttribute(attribute, 2);\n        },\n        _getAttrNode: function(element, attribute) {\n          var node = element.getAttributeNode(attribute);\n          return node ? node.value : \"\";\n        },\n        _getEv: function(element, attribute) {\n          attribute = element.getAttribute(attribute);\n          return attribute ? attribute.toString().slice(23, -2) : null;\n        },\n        _flag: function(element, attribute) {\n          return $(element).hasAttribute(attribute) ? attribute : null;\n        },\n        style: function(element) {\n          return element.style.cssText.toLowerCase();\n        },\n        title: function(element) {\n          return element.title;\n        }\n      }\n    }\n  };\n\n  Element._attributeTranslations.write = {\n    names: Object.extend({\n      cellpadding: 'cellPadding',\n      cellspacing: 'cellSpacing'\n    }, Element._attributeTranslations.read.names),\n    values: {\n      checked: function(element, value) {\n        element.checked = !!value;\n      },\n\n      style: function(element, value) {\n        element.style.cssText = value ? value : '';\n      }\n    }\n  };\n\n  Element._attributeTranslations.has = {};\n\n  $w('colSpan rowSpan vAlign dateTime accessKey tabIndex ' +\n      'encType maxLength readOnly longDesc').each(function(attr) {\n    Element._attributeTranslations.write.names[attr.toLowerCase()] = attr;\n    Element._attributeTranslations.has[attr.toLowerCase()] = attr;\n  });\n\n  (function(v) {\n    Object.extend(v, {\n      href:        v._getAttr,\n      src:         v._getAttr,\n      type:        v._getAttr,\n      action:      v._getAttrNode,\n      disabled:    v._flag,\n      checked:     v._flag,\n      readonly:    v._flag,\n      multiple:    v._flag,\n      onload:      v._getEv,\n      onunload:    v._getEv,\n      onclick:     v._getEv,\n      ondblclick:  v._getEv,\n      onmousedown: v._getEv,\n      onmouseup:   v._getEv,\n      onmouseover: v._getEv,\n      onmousemove: v._getEv,\n      onmouseout:  v._getEv,\n      onfocus:     v._getEv,\n      onblur:      v._getEv,\n      onkeypress:  v._getEv,\n      onkeydown:   v._getEv,\n      onkeyup:     v._getEv,\n      onsubmit:    v._getEv,\n      onreset:     v._getEv,\n      onselect:    v._getEv,\n      onchange:    v._getEv\n    });\n  })(Element._attributeTranslations.read.values);\n}\n\nelse if (Prototype.Browser.Gecko && /rv:1\\.8\\.0/.test(navigator.userAgent)) {\n  Element.Methods.setOpacity = function(element, value) {\n    element = $(element);\n    element.style.opacity = (value == 1) ? 0.999999 :\n      (value === '') ? '' : (value < 0.00001) ? 0 : value;\n    return element;\n  };\n}\n\nelse if (Prototype.Browser.WebKit) {\n  Element.Methods.setOpacity = function(element, value) {\n    element = $(element);\n    element.style.opacity = (value == 1 || value === '') ? '' :\n      (value < 0.00001) ? 0 : value;\n\n    if (value == 1)\n      if(element.tagName == 'IMG' && element.width) {\n        element.width++; element.width--;\n      } else try {\n        var n = document.createTextNode(' ');\n        element.appendChild(n);\n        element.removeChild(n);\n      } catch (e) { }\n\n    return element;\n  };\n\n  // Safari returns margins on body which is incorrect if the child is absolutely\n  // positioned.  For performance reasons, redefine Element#cumulativeOffset for\n  // KHTML/WebKit only.\n  Element.Methods.cumulativeOffset = function(element) {\n    var valueT = 0, valueL = 0;\n    do {\n      valueT += element.offsetTop  || 0;\n      valueL += element.offsetLeft || 0;\n      if (element.offsetParent == document.body)\n        if (Element.getStyle(element, 'position') == 'absolute') break;\n\n      element = element.offsetParent;\n    } while (element);\n\n    return Element._returnOffset(valueL, valueT);\n  };\n}\n\nif (Prototype.Browser.IE || Prototype.Browser.Opera) {\n  // IE and Opera are missing .innerHTML support for TABLE-related and SELECT elements\n  Element.Methods.update = function(element, content) {\n    element = $(element);\n\n    if (content && content.toElement) content = content.toElement();\n    if (Object.isElement(content)) return element.update().insert(content);\n\n    content = Object.toHTML(content);\n    var tagName = element.tagName.toUpperCase();\n\n    if (tagName in Element._insertionTranslations.tags) {\n      $A(element.childNodes).each(function(node) { element.removeChild(node) });\n      Element._getContentFromAnonymousElement(tagName, content.stripScripts())\n        .each(function(node) { element.appendChild(node) });\n    }\n    else element.innerHTML = content.stripScripts();\n\n    content.evalScripts.bind(content).defer();\n    return element;\n  };\n}\n\nif ('outerHTML' in document.createElement('div')) {\n  Element.Methods.replace = function(element, content) {\n    element = $(element);\n\n    if (content && content.toElement) content = content.toElement();\n    if (Object.isElement(content)) {\n      element.parentNode.replaceChild(content, element);\n      return element;\n    }\n\n    content = Object.toHTML(content);\n    var parent = element.parentNode, tagName = parent.tagName.toUpperCase();\n\n    if (Element._insertionTranslations.tags[tagName]) {\n      var nextSibling = element.next();\n      var fragments = Element._getContentFromAnonymousElement(tagName, content.stripScripts());\n      parent.removeChild(element);\n      if (nextSibling)\n        fragments.each(function(node) { parent.insertBefore(node, nextSibling) });\n      else\n        fragments.each(function(node) { parent.appendChild(node) });\n    }\n    else element.outerHTML = content.stripScripts();\n\n    content.evalScripts.bind(content).defer();\n    return element;\n  };\n}\n\nElement._returnOffset = function(l, t) {\n  var result = [l, t];\n  result.left = l;\n  result.top = t;\n  return result;\n};\n\nElement._getContentFromAnonymousElement = function(tagName, html) {\n  var div = new Element('div'), t = Element._insertionTranslations.tags[tagName];\n  if (t) {\n    div.innerHTML = t[0] + html + t[1];\n    t[2].times(function() { div = div.firstChild });\n  } else div.innerHTML = html;\n  return $A(div.childNodes);\n};\n\nElement._insertionTranslations = {\n  before: function(element, node) {\n    element.parentNode.insertBefore(node, element);\n  },\n  top: function(element, node) {\n    element.insertBefore(node, element.firstChild);\n  },\n  bottom: function(element, node) {\n    element.appendChild(node);\n  },\n  after: function(element, node) {\n    element.parentNode.insertBefore(node, element.nextSibling);\n  },\n  tags: {\n    TABLE:  ['<table>',                '</table>',                   1],\n    TBODY:  ['<table><tbody>',         '</tbody></table>',           2],\n    TR:     ['<table><tbody><tr>',     '</tr></tbody></table>',      3],\n    TD:     ['<table><tbody><tr><td>', '</td></tr></tbody></table>', 4],\n    SELECT: ['<select>',               '</select>',                  1]\n  }\n};\n\n(function() {\n  Object.extend(this.tags, {\n    THEAD: this.tags.TBODY,\n    TFOOT: this.tags.TBODY,\n    TH:    this.tags.TD\n  });\n}).call(Element._insertionTranslations);\n\nElement.Methods.Simulated = {\n  hasAttribute: function(element, attribute) {\n    attribute = Element._attributeTranslations.has[attribute] || attribute;\n    var node = $(element).getAttributeNode(attribute);\n    return node && node.specified;\n  }\n};\n\nElement.Methods.ByTag = { };\n\nObject.extend(Element, Element.Methods);\n\nif (!Prototype.BrowserFeatures.ElementExtensions &&\n    document.createElement('div').__proto__) {\n  window.HTMLElement = { };\n  window.HTMLElement.prototype = document.createElement('div').__proto__;\n  Prototype.BrowserFeatures.ElementExtensions = true;\n}\n\nElement.extend = (function() {\n  if (Prototype.BrowserFeatures.SpecificElementExtensions)\n    return Prototype.K;\n\n  var Methods = { }, ByTag = Element.Methods.ByTag;\n\n  var extend = Object.extend(function(element) {\n    if (!element || element._extendedByPrototype ||\n        element.nodeType != 1 || element == window) return element;\n\n    var methods = Object.clone(Methods),\n      tagName = element.tagName, property, value;\n\n    // extend methods for specific tags\n    if (ByTag[tagName]) Object.extend(methods, ByTag[tagName]);\n\n    for (property in methods) {\n      value = methods[property];\n      if (Object.isFunction(value) && !(property in element))\n        element[property] = value.methodize();\n    }\n\n    element._extendedByPrototype = Prototype.emptyFunction;\n    return element;\n\n  }, {\n    refresh: function() {\n      // extend methods for all tags (Safari doesn't need this)\n      if (!Prototype.BrowserFeatures.ElementExtensions) {\n        Object.extend(Methods, Element.Methods);\n        Object.extend(Methods, Element.Methods.Simulated);\n      }\n    }\n  });\n\n  extend.refresh();\n  return extend;\n})();\n\nElement.hasAttribute = function(element, attribute) {\n  if (element.hasAttribute) return element.hasAttribute(attribute);\n  return Element.Methods.Simulated.hasAttribute(element, attribute);\n};\n\nElement.addMethods = function(methods) {\n  var F = Prototype.BrowserFeatures, T = Element.Methods.ByTag;\n\n  if (!methods) {\n    Object.extend(Form, Form.Methods);\n    Object.extend(Form.Element, Form.Element.Methods);\n    Object.extend(Element.Methods.ByTag, {\n      \"FORM\":     Object.clone(Form.Methods),\n      \"INPUT\":    Object.clone(Form.Element.Methods),\n      \"SELECT\":   Object.clone(Form.Element.Methods),\n      \"TEXTAREA\": Object.clone(Form.Element.Methods)\n    });\n  }\n\n  if (arguments.length == 2) {\n    var tagName = methods;\n    methods = arguments[1];\n  }\n\n  if (!tagName) Object.extend(Element.Methods, methods || { });\n  else {\n    if (Object.isArray(tagName)) tagName.each(extend);\n    else extend(tagName);\n  }\n\n  function extend(tagName) {\n    tagName = tagName.toUpperCase();\n    if (!Element.Methods.ByTag[tagName])\n      Element.Methods.ByTag[tagName] = { };\n    Object.extend(Element.Methods.ByTag[tagName], methods);\n  }\n\n  function copy(methods, destination, onlyIfAbsent) {\n    onlyIfAbsent = onlyIfAbsent || false;\n    for (var property in methods) {\n      var value = methods[property];\n      if (!Object.isFunction(value)) continue;\n      if (!onlyIfAbsent || !(property in destination))\n        destination[property] = value.methodize();\n    }\n  }\n\n  function findDOMClass(tagName) {\n    var klass;\n    var trans = {\n      \"OPTGROUP\": \"OptGroup\", \"TEXTAREA\": \"TextArea\", \"P\": \"Paragraph\",\n      \"FIELDSET\": \"FieldSet\", \"UL\": \"UList\", \"OL\": \"OList\", \"DL\": \"DList\",\n      \"DIR\": \"Directory\", \"H1\": \"Heading\", \"H2\": \"Heading\", \"H3\": \"Heading\",\n      \"H4\": \"Heading\", \"H5\": \"Heading\", \"H6\": \"Heading\", \"Q\": \"Quote\",\n      \"INS\": \"Mod\", \"DEL\": \"Mod\", \"A\": \"Anchor\", \"IMG\": \"Image\", \"CAPTION\":\n      \"TableCaption\", \"COL\": \"TableCol\", \"COLGROUP\": \"TableCol\", \"THEAD\":\n      \"TableSection\", \"TFOOT\": \"TableSection\", \"TBODY\": \"TableSection\", \"TR\":\n      \"TableRow\", \"TH\": \"TableCell\", \"TD\": \"TableCell\", \"FRAMESET\":\n      \"FrameSet\", \"IFRAME\": \"IFrame\"\n    };\n    if (trans[tagName]) klass = 'HTML' + trans[tagName] + 'Element';\n    if (window[klass]) return window[klass];\n    klass = 'HTML' + tagName + 'Element';\n    if (window[klass]) return window[klass];\n    klass = 'HTML' + tagName.capitalize() + 'Element';\n    if (window[klass]) return window[klass];\n\n    window[klass] = { };\n    window[klass].prototype = document.createElement(tagName).__proto__;\n    return window[klass];\n  }\n\n  if (F.ElementExtensions) {\n    copy(Element.Methods, HTMLElement.prototype);\n    copy(Element.Methods.Simulated, HTMLElement.prototype, true);\n  }\n\n  if (F.SpecificElementExtensions) {\n    for (var tag in Element.Methods.ByTag) {\n      var klass = findDOMClass(tag);\n      if (Object.isUndefined(klass)) continue;\n      copy(T[tag], klass.prototype);\n    }\n  }\n\n  Object.extend(Element, Element.Methods);\n  delete Element.ByTag;\n\n  if (Element.extend.refresh) Element.extend.refresh();\n  Element.cache = { };\n};\n\ndocument.viewport = {\n  getDimensions: function() {\n    var dimensions = { };\n    var B = Prototype.Browser;\n    $w('width height').each(function(d) {\n      var D = d.capitalize();\n      dimensions[d] = (B.WebKit && !document.evaluate) ? self['inner' + D] :\n        (B.Opera) ? document.body['client' + D] : document.documentElement['client' + D];\n    });\n    return dimensions;\n  },\n\n  getWidth: function() {\n    return this.getDimensions().width;\n  },\n\n  getHeight: function() {\n    return this.getDimensions().height;\n  },\n\n  getScrollOffsets: function() {\n    return Element._returnOffset(\n      window.pageXOffset || document.documentElement.scrollLeft || document.body.scrollLeft,\n      window.pageYOffset || document.documentElement.scrollTop || document.body.scrollTop);\n  }\n};\n/* Portions of the Selector class are derived from Jack Slocum\xE2\u20AC\u2122s DomQuery,\n * part of YUI-Ext version 0.40, distributed under the terms of an MIT-style\n * license.  Please see http://www.yui-ext.com/ for more information. */\n\nvar Selector = Class.create({\n  initialize: function(expression) {\n    this.expression = expression.strip();\n    this.compileMatcher();\n  },\n\n  shouldUseXPath: function() {\n    if (!Prototype.BrowserFeatures.XPath) return false;\n\n    var e = this.expression;\n\n    // Safari 3 chokes on :*-of-type and :empty\n    if (Prototype.Browser.WebKit &&\n     (e.include(\"-of-type\") || e.include(\":empty\")))\n      return false;\n\n    // XPath can't do namespaced attributes, nor can it read\n    // the \"checked\" property from DOM nodes\n    if ((/(\\[[\\w-]*?:|:checked)/).test(this.expression))\n      return false;\n\n    return true;\n  },\n\n  compileMatcher: function() {\n    if (this.shouldUseXPath())\n      return this.compileXPathMatcher();\n\n    var e = this.expression, ps = Selector.patterns, h = Selector.handlers,\n        c = Selector.criteria, le, p, m;\n\n    if (Selector._cache[e]) {\n      this.matcher = Selector._cache[e];\n      return;\n    }\n\n    this.matcher = [\"this.matcher = function(root) {\",\n                    \"var r = root, h = Selector.handlers, c = false, n;\"];\n\n    while (e && le != e && (/\\S/).test(e)) {\n      le = e;\n      for (var i in ps) {\n        p = ps[i];\n        if (m = e.match(p)) {\n          this.matcher.push(Object.isFunction(c[i]) ? c[i](m) :\n    \t      new Template(c[i]).evaluate(m));\n          e = e.replace(m[0], '');\n          break;\n        }\n      }\n    }\n\n    this.matcher.push(\"return h.unique(n);\\n}\");\n    eval(this.matcher.join('\\n'));\n    Selector._cache[this.expression] = this.matcher;\n  },\n\n  compileXPathMatcher: function() {\n    var e = this.expression, ps = Selector.patterns,\n        x = Selector.xpath, le, m;\n\n    if (Selector._cache[e]) {\n      this.xpath = Selector._cache[e]; return;\n    }\n\n    this.matcher = ['.//*'];\n    while (e && le != e && (/\\S/).test(e)) {\n      le = e;\n      for (var i in ps) {\n        if (m = e.match(ps[i])) {\n          this.matcher.push(Object.isFunction(x[i]) ? x[i](m) :\n            new Template(x[i]).evaluate(m));\n          e = e.replace(m[0], '');\n          break;\n        }\n      }\n    }\n\n    this.xpath = this.matcher.join('');\n    Selector._cache[this.expression] = this.xpath;\n  },\n\n  findElements: function(root) {\n    root = root || document;\n    if (this.xpath) return document._getElementsByXPath(this.xpath, root);\n    return this.matcher(root);\n  },\n\n  match: function(element) {\n    this.tokens = [];\n\n    var e = this.expression, ps = Selector.patterns, as = Selector.assertions;\n    var le, p, m;\n\n    while (e && le !== e && (/\\S/).test(e)) {\n      le = e;\n      for (var i in ps) {\n        p = ps[i];\n        if (m = e.match(p)) {\n          // use the Selector.assertions methods unless the selector\n          // is too complex.\n          if (as[i]) {\n            this.tokens.push([i, Object.clone(m)]);\n            e = e.replace(m[0], '');\n          } else {\n            // reluctantly do a document-wide search\n            // and look for a match in the array\n            return this.findElements(document).include(element);\n          }\n        }\n      }\n    }\n\n    var match = true, name, matches;\n    for (var i = 0, token; token = this.tokens[i]; i++) {\n      name = token[0], matches = token[1];\n      if (!Selector.assertions[name](element, matches)) {\n        match = false; break;\n      }\n    }\n\n    return match;\n  },\n\n  toString: function() {\n    return this.expression;\n  },\n\n  inspect: function() {\n    return \"#<Selector:\" + this.expression.inspect() + \">\";\n  }\n});\n\nObject.extend(Selector, {\n  _cache: { },\n\n  xpath: {\n    descendant:   \"//*\",\n    child:        \"/*\",\n    adjacent:     \"/following-sibling::*[1]\",\n    laterSibling: '/following-sibling::*',\n    tagName:      function(m) {\n      if (m[1] == '*') return '';\n      return \"[local-name()='\" + m[1].toLowerCase() +\n             \"' or local-name()='\" + m[1].toUpperCase() + \"']\";\n    },\n    className:    \"[contains(concat(' ', @class, ' '), ' #{1} ')]\",\n    id:           \"[@id='#{1}']\",\n    attrPresence: function(m) {\n      m[1] = m[1].toLowerCase();\n      return new Template(\"[@#{1}]\").evaluate(m);\n    },\n    attr: function(m) {\n      m[1] = m[1].toLowerCase();\n      m[3] = m[5] || m[6];\n      return new Template(Selector.xpath.operators[m[2]]).evaluate(m);\n    },\n    pseudo: function(m) {\n      var h = Selector.xpath.pseudos[m[1]];\n      if (!h) return '';\n      if (Object.isFunction(h)) return h(m);\n      return new Template(Selector.xpath.pseudos[m[1]]).evaluate(m);\n    },\n    operators: {\n      '=':  \"[@#{1}='#{3}']\",\n      '!=': \"[@#{1}!='#{3}']\",\n      '^=': \"[starts-with(@#{1}, '#{3}')]\",\n      '$=': \"[substring(@#{1}, (string-length(@#{1}) - string-length('#{3}') + 1))='#{3}']\",\n      '*=': \"[contains(@#{1}, '#{3}')]\",\n      '~=': \"[contains(concat(' ', @#{1}, ' '), ' #{3} ')]\",\n      '|=': \"[contains(concat('-', @#{1}, '-'), '-#{3}-')]\"\n    },\n    pseudos: {\n      'first-child': '[not(preceding-sibling::*)]',\n      'last-child':  '[not(following-sibling::*)]',\n      'only-child':  '[not(preceding-sibling::* or following-sibling::*)]',\n      'empty':       \"[count(*) = 0 and (count(text()) = 0 or translate(text(), ' \\t\\r\\n', '') = '')]\",\n      'checked':     \"[@checked]\",\n      'disabled':    \"[@disabled]\",\n      'enabled':     \"[not(@disabled)]\",\n      'not': function(m) {\n        var e = m[6], p = Selector.patterns,\n            x = Selector.xpath, le, v;\n\n        var exclusion = [];\n        while (e && le != e && (/\\S/).test(e)) {\n          le = e;\n          for (var i in p) {\n            if (m = e.match(p[i])) {\n              v = Object.isFunction(x[i]) ? x[i](m) : new Template(x[i]).evaluate(m);\n              exclusion.push(\"(\" + v.substring(1, v.length - 1) + \")\");\n              e = e.replace(m[0], '');\n              break;\n            }\n          }\n        }\n        return \"[not(\" + exclusion.join(\" and \") + \")]\";\n      },\n      'nth-child':      function(m) {\n        return Selector.xpath.pseudos.nth(\"(count(./preceding-sibling::*) + 1) \", m);\n      },\n      'nth-last-child': function(m) {\n        return Selector.xpath.pseudos.nth(\"(count(./following-sibling::*) + 1) \", m);\n      },\n      'nth-of-type':    function(m) {\n        return Selector.xpath.pseudos.nth(\"position() \", m);\n      },\n      'nth-last-of-type': function(m) {\n        return Selector.xpath.pseudos.nth(\"(last() + 1 - position()) \", m);\n      },\n      'first-of-type':  function(m) {\n        m[6] = \"1\"; return Selector.xpath.pseudos['nth-of-type'](m);\n      },\n      'last-of-type':   function(m) {\n        m[6] = \"1\"; return Selector.xpath.pseudos['nth-last-of-type'](m);\n      },\n      'only-of-type':   function(m) {\n        var p = Selector.xpath.pseudos; return p['first-of-type'](m) + p['last-of-type'](m);\n      },\n      nth: function(fragment, m) {\n        var mm, formula = m[6], predicate;\n        if (formula == 'even') formula = '2n+0';\n        if (formula == 'odd')  formula = '2n+1';\n        if (mm = formula.match(/^(\\d+)$/)) // digit only\n          return '[' + fragment + \"= \" + mm[1] + ']';\n        if (mm = formula.match(/^(-?\\d*)?n(([+-])(\\d+))?/)) { // an+b\n          if (mm[1] == \"-\") mm[1] = -1;\n          var a = mm[1] ? Number(mm[1]) : 1;\n          var b = mm[2] ? Number(mm[2]) : 0;\n          predicate = \"[((#{fragment} - #{b}) mod #{a} = 0) and \" +\n          \"((#{fragment} - #{b}) div #{a} >= 0)]\";\n          return new Template(predicate).evaluate({\n            fragment: fragment, a: a, b: b });\n        }\n      }\n    }\n  },\n\n  criteria: {\n    tagName:      'n = h.tagName(n, r, \"#{1}\", c);      c = false;',\n    className:    'n = h.className(n, r, \"#{1}\", c);    c = false;',\n    id:           'n = h.id(n, r, \"#{1}\", c);           c = false;',\n    attrPresence: 'n = h.attrPresence(n, r, \"#{1}\", c); c = false;',\n    attr: function(m) {\n      m[3] = (m[5] || m[6]);\n      return new Template('n = h.attr(n, r, \"#{1}\", \"#{3}\", \"#{2}\", c); c = false;').evaluate(m);\n    },\n    pseudo: function(m) {\n      if (m[6]) m[6] = m[6].replace(/\"/g, '\\\\\"');\n      return new Template('n = h.pseudo(n, \"#{1}\", \"#{6}\", r, c); c = false;').evaluate(m);\n    },\n    descendant:   'c = \"descendant\";',\n    child:        'c = \"child\";',\n    adjacent:     'c = \"adjacent\";',\n    laterSibling: 'c = \"laterSibling\";'\n  },\n\n  patterns: {\n    // combinators must be listed first\n    // (and descendant needs to be last combinator)\n    laterSibling: /^\\s*~\\s*/,\n    child:        /^\\s*>\\s*/,\n    adjacent:     /^\\s*\\+\\s*/,\n    descendant:   /^\\s/,\n\n    // selectors follow\n    tagName:      /^\\s*(\\*|[\\w\\-]+)(\\b|$)?/,\n    id:           /^#([\\w\\-\\*]+)(\\b|$)/,\n    className:    /^\\.([\\w\\-\\*]+)(\\b|$)/,\n    pseudo:\n/^:((first|last|nth|nth-last|only)(-child|-of-type)|empty|checked|(en|dis)abled|not)(\\((.*?)\\))?(\\b|$|(?=\\s|[:+~>]))/,\n    attrPresence: /^\\[([\\w]+)\\]/,\n    attr:         /\\[((?:[\\w-]*:)?[\\w-]+)\\s*(?:([!^$*~|]?=)\\s*((['\"])([^\\4]*?)\\4|([^'\"][^\\]]*?)))?\\]/\n  },\n\n  // for Selector.match and Element#match\n  assertions: {\n    tagName: function(element, matches) {\n      return matches[1].toUpperCase() == element.tagName.toUpperCase();\n    },\n\n    className: function(element, matches) {\n      return Element.hasClassName(element, matches[1]);\n    },\n\n    id: function(element, matches) {\n      return element.id === matches[1];\n    },\n\n    attrPresence: function(element, matches) {\n      return Element.hasAttribute(element, matches[1]);\n    },\n\n    attr: function(element, matches) {\n      var nodeValue = Element.readAttribute(element, matches[1]);\n      return nodeValue && Selector.operators[matches[2]](nodeValue, matches[5] || matches[6]);\n    }\n  },\n\n  handlers: {\n    // UTILITY FUNCTIONS\n    // joins two collections\n    concat: function(a, b) {\n      for (var i = 0, node; node = b[i]; i++)\n        a.push(node);\n      return a;\n    },\n\n    // marks an array of nodes for counting\n    mark: function(nodes) {\n      var _true = Prototype.emptyFunction;\n      for (var i = 0, node; node = nodes[i]; i++)\n        node._countedByPrototype = _true;\n      return nodes;\n    },\n\n    unmark: function(nodes) {\n      for (var i = 0, node; node = nodes[i]; i++)\n        node._countedByPrototype = undefined;\n      return nodes;\n    },\n\n    // mark each child node with its position (for nth calls)\n    // \"ofType\" flag indicates whether we're indexing for nth-of-type\n    // rather than nth-child\n    index: function(parentNode, reverse, ofType) {\n      parentNode._countedByPrototype = Prototype.emptyFunction;\n      if (reverse) {\n        for (var nodes = parentNode.childNodes, i = nodes.length - 1, j = 1; i >= 0; i--) {\n          var node = nodes[i];\n          if (node.nodeType == 1 && (!ofType || node._countedByPrototype)) node.nodeIndex = j++;\n        }\n      } else {\n        for (var i = 0, j = 1, nodes = parentNode.childNodes; node = nodes[i]; i++)\n          if (node.nodeType == 1 && (!ofType || node._countedByPrototype)) node.nodeIndex = j++;\n      }\n    },\n\n    // filters out duplicates and extends all nodes\n    unique: function(nodes) {\n      if (nodes.length == 0) return nodes;\n      var results = [], n;\n      for (var i = 0, l = nodes.length; i < l; i++)\n        if (!(n = nodes[i])._countedByPrototype) {\n          n._countedByPrototype = Prototype.emptyFunction;\n          results.push(Element.extend(n));\n        }\n      return Selector.handlers.unmark(results);\n    },\n\n    // COMBINATOR FUNCTIONS\n    descendant: function(nodes) {\n      var h = Selector.handlers;\n      for (var i = 0, results = [], node; node = nodes[i]; i++)\n        h.concat(results, node.getElementsByTagName('*'));\n      return results;\n    },\n\n    child: function(nodes) {\n      var h = Selector.handlers;\n      for (var i = 0, results = [], node; node = nodes[i]; i++) {\n        for (var j = 0, child; child = node.childNodes[j]; j++)\n          if (child.nodeType == 1 && child.tagName != '!') results.push(child);\n      }\n      return results;\n    },\n\n    adjacent: function(nodes) {\n      for (var i = 0, results = [], node; node = nodes[i]; i++) {\n        var next = this.nextElementSibling(node);\n        if (next) results.push(next);\n      }\n      return results;\n    },\n\n    laterSibling: function(nodes) {\n      var h = Selector.handlers;\n      for (var i = 0, results = [], node; node = nodes[i]; i++)\n        h.concat(results, Element.nextSiblings(node));\n      return results;\n    },\n\n    nextElementSibling: function(node) {\n      while (node = node.nextSibling)\n\t      if (node.nodeType == 1) return node;\n      return null;\n    },\n\n    previousElementSibling: function(node) {\n      while (node = node.previousSibling)\n        if (node.nodeType == 1) return node;\n      return null;\n    },\n\n    // TOKEN FUNCTIONS\n    tagName: function(nodes, root, tagName, combinator) {\n      var uTagName = tagName.toUpperCase();\n      var results = [], h = Selector.handlers;\n      if (nodes) {\n        if (combinator) {\n          // fastlane for ordinary descendant combinators\n          if (combinator == \"descendant\") {\n            for (var i = 0, node; node = nodes[i]; i++)\n              h.concat(results, node.getElementsByTagName(tagName));\n            return results;\n          } else nodes = this[combinator](nodes);\n          if (tagName == \"*\") return nodes;\n        }\n        for (var i = 0, node; node = nodes[i]; i++)\n          if (node.tagName.toUpperCase() === uTagName) results.push(node);\n        return results;\n      } else return root.getElementsByTagName(tagName);\n    },\n\n    id: function(nodes, root, id, combinator) {\n      var targetNode = $(id), h = Selector.handlers;\n      if (!targetNode) return [];\n      if (!nodes && root == document) return [targetNode];\n      if (nodes) {\n        if (combinator) {\n          if (combinator == 'child') {\n            for (var i = 0, node; node = nodes[i]; i++)\n              if (targetNode.parentNode == node) return [targetNode];\n          } else if (combinator == 'descendant') {\n            for (var i = 0, node; node = nodes[i]; i++)\n              if (Element.descendantOf(targetNode, node)) return [targetNode];\n          } else if (combinator == 'adjacent') {\n            for (var i = 0, node; node = nodes[i]; i++)\n              if (Selector.handlers.previousElementSibling(targetNode) == node)\n                return [targetNode];\n          } else nodes = h[combinator](nodes);\n        }\n        for (var i = 0, node; node = nodes[i]; i++)\n          if (node == targetNode) return [targetNode];\n        return [];\n      }\n      return (targetNode && Element.descendantOf(targetNode, root)) ? [targetNode] : [];\n    },\n\n    className: function(nodes, root, className, combinator) {\n      if (nodes && combinator) nodes = this[combinator](nodes);\n      return Selector.handlers.byClassName(nodes, root, className);\n    },\n\n    byClassName: function(nodes, root, className) {\n      if (!nodes) nodes = Selector.handlers.descendant([root]);\n      var needle = ' ' + className + ' ';\n      for (var i = 0, results = [], node, nodeClassName; node = nodes[i]; i++) {\n        nodeClassName = node.className;\n        if (nodeClassName.length == 0) continue;\n        if (nodeClassName == className || (' ' + nodeClassName + ' ').include(needle))\n          results.push(node);\n      }\n      return results;\n    },\n\n    attrPresence: function(nodes, root, attr, combinator) {\n      if (!nodes) nodes = root.getElementsByTagName(\"*\");\n      if (nodes && combinator) nodes = this[combinator](nodes);\n      var results = [];\n      for (var i = 0, node; node = nodes[i]; i++)\n        if (Element.hasAttribute(node, attr)) results.push(node);\n      return results;\n    },\n\n    attr: function(nodes, root, attr, value, operator, combinator) {\n      if (!nodes) nodes = root.getElementsByTagName(\"*\");\n      if (nodes && combinator) nodes = this[combinator](nodes);\n      var handler = Selector.operators[operator], results = [];\n      for (var i = 0, node; node = nodes[i]; i++) {\n        var nodeValue = Element.readAttribute(node, attr);\n        if (nodeValue === null) continue;\n        if (handler(nodeValue, value)) results.push(node);\n      }\n      return results;\n    },\n\n    pseudo: function(nodes, name, value, root, combinator) {\n      if (nodes && combinator) nodes = this[combinator](nodes);\n      if (!nodes) nodes = root.getElementsByTagName(\"*\");\n      return Selector.pseudos[name](nodes, value, root);\n    }\n  },\n\n  pseudos: {\n    'first-child': function(nodes, value, root) {\n      for (var i = 0, results = [], node; node = nodes[i]; i++) {\n        if (Selector.handlers.previousElementSibling(node)) continue;\n          results.push(node);\n      }\n      return results;\n    },\n    'last-child': function(nodes, value, root) {\n      for (var i = 0, results = [], node; node = nodes[i]; i++) {\n        if (Selector.handlers.nextElementSibling(node)) continue;\n          results.push(node);\n      }\n      return results;\n    },\n    'only-child': function(nodes, value, root) {\n      var h = Selector.handlers;\n      for (var i = 0, results = [], node; node = nodes[i]; i++)\n        if (!h.previousElementSibling(node) && !h.nextElementSibling(node))\n          results.push(node);\n      return results;\n    },\n    'nth-child':        function(nodes, formula, root) {\n      return Selector.pseudos.nth(nodes, formula, root);\n    },\n    'nth-last-child':   function(nodes, formula, root) {\n      return Selector.pseudos.nth(nodes, formula, root, true);\n    },\n    'nth-of-type':      function(nodes, formula, root) {\n      return Selector.pseudos.nth(nodes, formula, root, false, true);\n    },\n    'nth-last-of-type': function(nodes, formula, root) {\n      return Selector.pseudos.nth(nodes, formula, root, true, true);\n    },\n    'first-of-type':    function(nodes, formula, root) {\n      return Selector.pseudos.nth(nodes, \"1\", root, false, true);\n    },\n    'last-of-type':     function(nodes, formula, root) {\n      return Selector.pseudos.nth(nodes, \"1\", root, true, true);\n    },\n    'only-of-type':     function(nodes, formula, root) {\n      var p = Selector.pseudos;\n      return p['last-of-type'](p['first-of-type'](nodes, formula, root), formula, root);\n    },\n\n    // handles the an+b logic\n    getIndices: function(a, b, total) {\n      if (a == 0) return b > 0 ? [b] : [];\n      return $R(1, total).inject([], function(memo, i) {\n        if (0 == (i - b) % a && (i - b) / a >= 0) memo.push(i);\n        return memo;\n      });\n    },\n\n    // handles nth(-last)-child, nth(-last)-of-type, and (first|last)-of-type\n    nth: function(nodes, formula, root, reverse, ofType) {\n      if (nodes.length == 0) return [];\n      if (formula == 'even') formula = '2n+0';\n      if (formula == 'odd')  formula = '2n+1';\n      var h = Selector.handlers, results = [], indexed = [], m;\n      h.mark(nodes);\n      for (var i = 0, node; node = nodes[i]; i++) {\n        if (!node.parentNode._countedByPrototype) {\n          h.index(node.parentNode, reverse, ofType);\n          indexed.push(node.parentNode);\n        }\n      }\n      if (formula.match(/^\\d+$/)) { // just a number\n        formula = Number(formula);\n        for (var i = 0, node; node = nodes[i]; i++)\n          if (node.nodeIndex == formula) results.push(node);\n      } else if (m = formula.match(/^(-?\\d*)?n(([+-])(\\d+))?/)) { // an+b\n        if (m[1] == \"-\") m[1] = -1;\n        var a = m[1] ? Number(m[1]) : 1;\n        var b = m[2] ? Number(m[2]) : 0;\n        var indices = Selector.pseudos.getIndices(a, b, nodes.length);\n        for (var i = 0, node, l = indices.length; node = nodes[i]; i++) {\n          for (var j = 0; j < l; j++)\n            if (node.nodeIndex == indices[j]) results.push(node);\n        }\n      }\n      h.unmark(nodes);\n      h.unmark(indexed);\n      return results;\n    },\n\n    'empty': function(nodes, value, root) {\n      for (var i = 0, results = [], node; node = nodes[i]; i++) {\n        // IE treats comments as element nodes\n        if (node.tagName == '!' || (node.firstChild && !node.innerHTML.match(/^\\s*$/))) continue;\n        results.push(node);\n      }\n      return results;\n    },\n\n    'not': function(nodes, selector, root) {\n      var h = Selector.handlers, selectorType, m;\n      var exclusions = new Selector(selector).findElements(root);\n      h.mark(exclusions);\n      for (var i = 0, results = [], node; node = nodes[i]; i++)\n        if (!node._countedByPrototype) results.push(node);\n      h.unmark(exclusions);\n      return results;\n    },\n\n    'enabled': function(nodes, value, root) {\n      for (var i = 0, results = [], node; node = nodes[i]; i++)\n        if (!node.disabled) results.push(node);\n      return results;\n    },\n\n    'disabled': function(nodes, value, root) {\n      for (var i = 0, results = [], node; node = nodes[i]; i++)\n        if (node.disabled) results.push(node);\n      return results;\n    },\n\n    'checked': function(nodes, value, root) {\n      for (var i = 0, results = [], node; node = nodes[i]; i++)\n        if (node.checked) results.push(node);\n      return results;\n    }\n  },\n\n  operators: {\n    '=':  function(nv, v) { return nv == v; },\n    '!=': function(nv, v) { return nv != v; },\n    '^=': function(nv, v) { return nv.startsWith(v); },\n    '$=': function(nv, v) { return nv.endsWith(v); },\n    '*=': function(nv, v) { return nv.include(v); },\n    '~=': function(nv, v) { return (' ' + nv + ' ').include(' ' + v + ' '); },\n    '|=': function(nv, v) { return ('-' + nv.toUpperCase() + '-').include('-' + v.toUpperCase() + '-'); }\n  },\n\n  split: function(expression) {\n    var expressions = [];\n    expression.scan(/(([\\w#:.~>+()\\s-]+|\\*|\\[.*?\\])+)\\s*(,|$)/, function(m) {\n      expressions.push(m[1].strip());\n    });\n    return expressions;\n  },\n\n  matchElements: function(elements, expression) {\n    var matches = $$(expression), h = Selector.handlers;\n    h.mark(matches);\n    for (var i = 0, results = [], element; element = elements[i]; i++)\n      if (element._countedByPrototype) results.push(element);\n    h.unmark(matches);\n    return results;\n  },\n\n  findElement: function(elements, expression, index) {\n    if (Object.isNumber(expression)) {\n      index = expression; expression = false;\n    }\n    return Selector.matchElements(elements, expression || '*')[index || 0];\n  },\n\n  findChildElements: function(element, expressions) {\n    expressions = Selector.split(expressions.join(','));\n    var results = [], h = Selector.handlers;\n    for (var i = 0, l = expressions.length, selector; i < l; i++) {\n      selector = new Selector(expressions[i].strip());\n      h.concat(results, selector.findElements(element));\n    }\n    return (l > 1) ? h.unique(results) : results;\n  }\n});\n\nif (Prototype.Browser.IE) {\n  Object.extend(Selector.handlers, {\n    // IE returns comment nodes on getElementsByTagName(\"*\").\n    // Filter them out.\n    concat: function(a, b) {\n      for (var i = 0, node; node = b[i]; i++)\n        if (node.tagName !== \"!\") a.push(node);\n      return a;\n    },\n\n    // IE improperly serializes _countedByPrototype in (inner|outer)HTML.\n    unmark: function(nodes) {\n      for (var i = 0, node; node = nodes[i]; i++)\n        node.removeAttribute('_countedByPrototype');\n      return nodes;\n    }\n  });\n}\n\nfunction $$() {\n  return Selector.findChildElements(document, $A(arguments));\n}\nvar Form = {\n  reset: function(form) {\n    $(form).reset();\n    return form;\n  },\n\n  serializeElements: function(elements, options) {\n    if (typeof options != 'object') options = { hash: !!options };\n    else if (Object.isUndefined(options.hash)) options.hash = true;\n    var key, value, submitted = false, submit = options.submit;\n\n    var data = elements.inject({ }, function(result, element) {\n      if (!element.disabled && element.name) {\n        key = element.name; value = $(element).getValue();\n        if (value != null && (element.type != 'submit' || (!submitted &&\n            submit !== false && (!submit || key == submit) && (submitted = true)))) {\n          if (key in result) {\n            // a key is already present; construct an array of values\n            if (!Object.isArray(result[key])) result[key] = [result[key]];\n            result[key].push(value);\n          }\n          else result[key] = value;\n        }\n      }\n      return result;\n    });\n\n    return options.hash ? data : Object.toQueryString(data);\n  }\n};\n\nForm.Methods = {\n  serialize: function(form, options) {\n    return Form.serializeElements(Form.getElements(form), options);\n  },\n\n  getElements: function(form) {\n    return $A($(form).getElementsByTagName('*')).inject([],\n      function(elements, child) {\n        if (Form.Element.Serializers[child.tagName.toLowerCase()])\n          elements.push(Element.extend(child));\n        return elements;\n      }\n    );\n  },\n\n  getInputs: function(form, typeName, name) {\n    form = $(form);\n    var inputs = form.getElementsByTagName('input');\n\n    if (!typeName && !name) return $A(inputs).map(Element.extend);\n\n    for (var i = 0, matchingInputs = [], length = inputs.length; i < length; i++) {\n      var input = inputs[i];\n      if ((typeName && input.type != typeName) || (name && input.name != name))\n        continue;\n      matchingInputs.push(Element.extend(input));\n    }\n\n    return matchingInputs;\n  },\n\n  disable: function(form) {\n    form = $(form);\n    Form.getElements(form).invoke('disable');\n    return form;\n  },\n\n  enable: function(form) {\n    form = $(form);\n    Form.getElements(form).invoke('enable');\n    return form;\n  },\n\n  findFirstElement: function(form) {\n    var elements = $(form).getElements().findAll(function(element) {\n      return 'hidden' != element.type && !element.disabled;\n    });\n    var firstByIndex = elements.findAll(function(element) {\n      return element.hasAttribute('tabIndex') && element.tabIndex >= 0;\n    }).sortBy(function(element) { return element.tabIndex }).first();\n\n    return firstByIndex ? firstByIndex : elements.find(function(element) {\n      return ['input', 'select', 'textarea'].include(element.tagName.toLowerCase());\n    });\n  },\n\n  focusFirstElement: function(form) {\n    form = $(form);\n    form.findFirstElement().activate();\n    return form;\n  },\n\n  request: function(form, options) {\n    form = $(form), options = Object.clone(options || { });\n\n    var params = options.parameters, action = form.readAttribute('action') || '';\n    if (action.blank()) action = window.location.href;\n    options.parameters = form.serialize(true);\n\n    if (params) {\n      if (Object.isString(params)) params = params.toQueryParams();\n      Object.extend(options.parameters, params);\n    }\n\n    if (form.hasAttribute('method') && !options.method)\n      options.method = form.method;\n\n    return new Ajax.Request(action, options);\n  }\n};\n\n/*--------------------------------------------------------------------------*/\n\nForm.Element = {\n  focus: function(element) {\n    $(element).focus();\n    return element;\n  },\n\n  select: function(element) {\n    $(element).select();\n    return element;\n  }\n};\n\nForm.Element.Methods = {\n  serialize: function(element) {\n    element = $(element);\n    if (!element.disabled && element.name) {\n      var value = element.getValue();\n      if (value != undefined) {\n        var pair = { };\n        pair[element.name] = value;\n        return Object.toQueryString(pair);\n      }\n    }\n    return '';\n  },\n\n  getValue: function(element) {\n    element = $(element);\n    var method = element.tagName.toLowerCase();\n    return Form.Element.Serializers[method](element);\n  },\n\n  setValue: function(element, value) {\n    element = $(element);\n    var method = element.tagName.toLowerCase();\n    Form.Element.Serializers[method](element, value);\n    return element;\n  },\n\n  clear: function(element) {\n    $(element).value = '';\n    return element;\n  },\n\n  present: function(element) {\n    return $(element).value != '';\n  },\n\n  activate: function(element) {\n    element = $(element);\n    try {\n      element.focus();\n      if (element.select && (element.tagName.toLowerCase() != 'input' ||\n          !['button', 'reset', 'submit'].include(element.type)))\n        element.select();\n    } catch (e) { }\n    return element;\n  },\n\n  disable: function(element) {\n    element = $(element);\n    element.blur();\n    element.disabled = true;\n    return element;\n  },\n\n  enable: function(element) {\n    element = $(element);\n    element.disabled = false;\n    return element;\n  }\n};\n\n/*--------------------------------------------------------------------------*/\n\nvar Field = Form.Element;\nvar $F = Form.Element.Methods.getValue;\n\n/*--------------------------------------------------------------------------*/\n\nForm.Element.Serializers = {\n  input: function(element, value) {\n    switch (element.type.toLowerCase()) {\n      case 'checkbox':\n      case 'radio':\n        return Form.Element.Serializers.inputSelector(element, value);\n      default:\n        return Form.Element.Serializers.textarea(element, value);\n    }\n  },\n\n  inputSelector: function(element, value) {\n    if (Object.isUndefined(value)) return element.checked ? element.value : null;\n    else element.checked = !!value;\n  },\n\n  textarea: function(element, value) {\n    if (Object.isUndefined(value)) return element.value;\n    else element.value = value;\n  },\n\n  select: function(element, index) {\n    if (Object.isUndefined(index))\n      return this[element.type == 'select-one' ?\n        'selectOne' : 'selectMany'](element);\n    else {\n      var opt, value, single = !Object.isArray(index);\n      for (var i = 0, length = element.length; i < length; i++) {\n        opt = element.options[i];\n        value = this.optionValue(opt);\n        if (single) {\n          if (value == index) {\n            opt.selected = true;\n            return;\n          }\n        }\n        else opt.selected = index.include(value);\n      }\n    }\n  },\n\n  selectOne: function(element) {\n    var index = element.selectedIndex;\n    return index >= 0 ? this.optionValue(element.options[index]) : null;\n  },\n\n  selectMany: function(element) {\n    var values, length = element.length;\n    if (!length) return null;\n\n    for (var i = 0, values = []; i < length; i++) {\n      var opt = element.options[i];\n      if (opt.selected) values.push(this.optionValue(opt));\n    }\n    return values;\n  },\n\n  optionValue: function(opt) {\n    // extend element because hasAttribute may not be native\n    return Element.extend(opt).hasAttribute('value') ? opt.value : opt.text;\n  }\n};\n\n/*--------------------------------------------------------------------------*/\n\nAbstract.TimedObserver = Class.create(PeriodicalExecuter, {\n  initialize: function($super, element, frequency, callback) {\n    $super(callback, frequency);\n    this.element   = $(element);\n    this.lastValue = this.getValue();\n  },\n\n  execute: function() {\n    var value = this.getValue();\n    if (Object.isString(this.lastValue) && Object.isString(value) ?\n        this.lastValue != value : String(this.lastValue) != String(value)) {\n      this.callback(this.element, value);\n      this.lastValue = value;\n    }\n  }\n});\n\nForm.Element.Observer = Class.create(Abstract.TimedObserver, {\n  getValue: function() {\n    return Form.Element.getValue(this.element);\n  }\n});\n\nForm.Observer = Class.create(Abstract.TimedObserver, {\n  getValue: function() {\n    return Form.serialize(this.element);\n  }\n});\n\n/*--------------------------------------------------------------------------*/\n\nAbstract.EventObserver = Class.create({\n  initialize: function(element, callback) {\n    this.element  = $(element);\n    this.callback = callback;\n\n    this.lastValue = this.getValue();\n    if (this.element.tagName.toLowerCase() == 'form')\n      this.registerFormCallbacks();\n    else\n      this.registerCallback(this.element);\n  },\n\n  onElementEvent: function() {\n    var value = this.getValue();\n    if (this.lastValue != value) {\n      this.callback(this.element, value);\n      this.lastValue = value;\n    }\n  },\n\n  registerFormCallbacks: function() {\n    Form.getElements(this.element).each(this.registerCallback, this);\n  },\n\n  registerCallback: function(element) {\n    if (element.type) {\n      switch (element.type.toLowerCase()) {\n        case 'checkbox':\n        case 'radio':\n          Event.observe(element, 'click', this.onElementEvent.bind(this));\n          break;\n        default:\n          Event.observe(element, 'change', this.onElementEvent.bind(this));\n          break;\n      }\n    }\n  }\n});\n\nForm.Element.EventObserver = Class.create(Abstract.EventObserver, {\n  getValue: function() {\n    return Form.Element.getValue(this.element);\n  }\n});\n\nForm.EventObserver = Class.create(Abstract.EventObserver, {\n  getValue: function() {\n    return Form.serialize(this.element);\n  }\n});\nif (!window.Event) var Event = { };\n\nObject.extend(Event, {\n  KEY_BACKSPACE: 8,\n  KEY_TAB:       9,\n  KEY_RETURN:   13,\n  KEY_ESC:      27,\n  KEY_LEFT:     37,\n  KEY_UP:       38,\n  KEY_RIGHT:    39,\n  KEY_DOWN:     40,\n  KEY_DELETE:   46,\n  KEY_HOME:     36,\n  KEY_END:      35,\n  KEY_PAGEUP:   33,\n  KEY_PAGEDOWN: 34,\n  KEY_INSERT:   45,\n\n  cache: { },\n\n  relatedTarget: function(event) {\n    var element;\n    switch(event.type) {\n      case 'mouseover': element = event.fromElement; break;\n      case 'mouseout':  element = event.toElement;   break;\n      default: return null;\n    }\n    return Element.extend(element);\n  }\n});\n\nEvent.Methods = (function() {\n  var isButton;\n\n  if (Prototype.Browser.IE) {\n    var buttonMap = { 0: 1, 1: 4, 2: 2 };\n    isButton = function(event, code) {\n      return event.button == buttonMap[code];\n    };\n\n  } else if (Prototype.Browser.WebKit) {\n    isButton = function(event, code) {\n      switch (code) {\n        case 0: return event.which == 1 && !event.metaKey;\n        case 1: return event.which == 1 && event.metaKey;\n        default: return false;\n      }\n    };\n\n  } else {\n    isButton = function(event, code) {\n      return event.which ? (event.which === code + 1) : (event.button === code);\n    };\n  }\n\n  return {\n    isLeftClick:   function(event) { return isButton(event, 0) },\n    isMiddleClick: function(event) { return isButton(event, 1) },\n    isRightClick:  function(event) { return isButton(event, 2) },\n\n    element: function(event) {\n      var node = Event.extend(event).target;\n      return Element.extend(node.nodeType == Node.TEXT_NODE ? node.parentNode : node);\n    },\n\n    findElement: function(event, expression) {\n      var element = Event.element(event);\n      if (!expression) return element;\n      var elements = [element].concat(element.ancestors());\n      return Selector.findElement(elements, expression, 0);\n    },\n\n    pointer: function(event) {\n      return {\n        x: event.pageX || (event.clientX +\n          (document.documentElement.scrollLeft || document.body.scrollLeft)),\n        y: event.pageY || (event.clientY +\n          (document.documentElement.scrollTop || document.body.scrollTop))\n      };\n    },\n\n    pointerX: function(event) { return Event.pointer(event).x },\n    pointerY: function(event) { return Event.pointer(event).y },\n\n    stop: function(event) {\n      Event.extend(event);\n      event.preventDefault();\n      event.stopPropagation();\n      event.stopped = true;\n    }\n  };\n})();\n\nEvent.extend = (function() {\n  var methods = Object.keys(Event.Methods).inject({ }, function(m, name) {\n    m[name] = Event.Methods[name].methodize();\n    return m;\n  });\n\n  if (Prototype.Browser.IE) {\n    Object.extend(methods, {\n      stopPropagation: function() { this.cancelBubble = true },\n      preventDefault:  function() { this.returnValue = false },\n      inspect: function() { return \"[object Event]\" }\n    });\n\n    return function(event) {\n      if (!event) return false;\n      if (event._extendedByPrototype) return event;\n\n      event._extendedByPrototype = Prototype.emptyFunction;\n      var pointer = Event.pointer(event);\n      Object.extend(event, {\n        target: event.srcElement,\n        relatedTarget: Event.relatedTarget(event),\n        pageX:  pointer.x,\n        pageY:  pointer.y\n      });\n      return Object.extend(event, methods);\n    };\n\n  } else {\n    Event.prototype = Event.prototype || document.createEvent(\"HTMLEvents\").__proto__;\n    Object.extend(Event.prototype, methods);\n    return Prototype.K;\n  }\n})();\n\nObject.extend(Event, (function() {\n  var cache = Event.cache;\n\n  function getEventID(element) {\n    if (element._prototypeEventID) return element._prototypeEventID[0];\n    arguments.callee.id = arguments.callee.id || 1;\n    return element._prototypeEventID = [++arguments.callee.id];\n  }\n\n  function getDOMEventName(eventName) {\n    if (eventName && eventName.include(':')) return \"dataavailable\";\n    return eventName;\n  }\n\n  function getCacheForID(id) {\n    return cache[id] = cache[id] || { };\n  }\n\n  function getWrappersForEventName(id, eventName) {\n    var c = getCacheForID(id);\n    return c[eventName] = c[eventName] || [];\n  }\n\n  function createWrapper(element, eventName, handler) {\n    var id = getEventID(element);\n    var c = getWrappersForEventName(id, eventName);\n    if (c.pluck(\"handler\").include(handler)) return false;\n\n    var wrapper = function(event) {\n      if (!Event || !Event.extend ||\n        (event.eventName && event.eventName != eventName))\n          return false;\n\n      Event.extend(event);\n      handler.call(element, event);\n    };\n\n    wrapper.handler = handler;\n    c.push(wrapper);\n    return wrapper;\n  }\n\n  function findWrapper(id, eventName, handler) {\n    var c = getWrappersForEventName(id, eventName);\n    return c.find(function(wrapper) { return wrapper.handler == handler });\n  }\n\n  function destroyWrapper(id, eventName, handler) {\n    var c = getCacheForID(id);\n    if (!c[eventName]) return false;\n    c[eventName] = c[eventName].without(findWrapper(id, eventName, handler));\n  }\n\n  function destroyCache() {\n    for (var id in cache)\n      for (var eventName in cache[id])\n        cache[id][eventName] = null;\n  }\n\n  if (window.attachEvent) {\n    window.attachEvent(\"onunload\", destroyCache);\n  }\n\n  return {\n    observe: function(element, eventName, handler) {\n      element = $(element);\n      var name = getDOMEventName(eventName);\n\n      var wrapper = createWrapper(element, eventName, handler);\n      if (!wrapper) return element;\n\n      if (element.addEventListener) {\n        element.addEventListener(name, wrapper, false);\n      } else {\n        element.attachEvent(\"on\" + name, wrapper);\n      }\n\n      return element;\n    },\n\n    stopObserving: function(element, eventName, handler) {\n      element = $(element);\n      var id = getEventID(element), name = getDOMEventName(eventName);\n\n      if (!handler && eventName) {\n        getWrappersForEventName(id, eventName).each(function(wrapper) {\n          element.stopObserving(eventName, wrapper.handler);\n        });\n        return element;\n\n      } else if (!eventName) {\n        Object.keys(getCacheForID(id)).each(function(eventName) {\n          element.stopObserving(eventName);\n        });\n        return element;\n      }\n\n      var wrapper = findWrapper(id, eventName, handler);\n      if (!wrapper) return element;\n\n      if (element.removeEventListener) {\n        element.removeEventListener(name, wrapper, false);\n      } else {\n        element.detachEvent(\"on\" + name, wrapper);\n      }\n\n      destroyWrapper(id, eventName, handler);\n\n      return element;\n    },\n\n    fire: function(element, eventName, memo) {\n      element = $(element);\n      if (element == document && document.createEvent && !element.dispatchEvent)\n        element = document.documentElement;\n\n      var event;\n      if (document.createEvent) {\n        event = document.createEvent(\"HTMLEvents\");\n        event.initEvent(\"dataavailable\", true, true);\n      } else {\n        event = document.createEventObject();\n        event.eventType = \"ondataavailable\";\n      }\n\n      event.eventName = eventName;\n      event.memo = memo || { };\n\n      if (document.createEvent) {\n        element.dispatchEvent(event);\n      } else {\n        element.fireEvent(event.eventType, event);\n      }\n\n      return Event.extend(event);\n    }\n  };\n})());\n\nObject.extend(Event, Event.Methods);\n\nElement.addMethods({\n  fire:          Event.fire,\n  observe:       Event.observe,\n  stopObserving: Event.stopObserving\n});\n\nObject.extend(document, {\n  fire:          Element.Methods.fire.methodize(),\n  observe:       Element.Methods.observe.methodize(),\n  stopObserving: Element.Methods.stopObserving.methodize(),\n  loaded:        false\n});\n\n(function() {\n  /* Support for the DOMContentLoaded event is based on work by Dan Webb,\n     Matthias Miller, Dean Edwards and John Resig. */\n\n  var timer;\n\n  function fireContentLoadedEvent() {\n    if (document.loaded) return;\n    if (timer) window.clearInterval(timer);\n    document.fire(\"dom:loaded\");\n    document.loaded = true;\n  }\n\n  if (document.addEventListener) {\n    if (Prototype.Browser.WebKit) {\n      timer = window.setInterval(function() {\n        if (/loaded|complete/.test(document.readyState))\n          fireContentLoadedEvent();\n      }, 0);\n\n      Event.observe(window, \"load\", fireContentLoadedEvent);\n\n    } else {\n      document.addEventListener(\"DOMContentLoaded\",\n        fireContentLoadedEvent, false);\n    }\n\n  } else {\n    document.write(\"<script id=__onDOMContentLoaded defer src=//:><\\/script>\");\n    $(\"__onDOMContentLoaded\").onreadystatechange = function() {\n      if (this.readyState == \"complete\") {\n        this.onreadystatechange = null;\n        fireContentLoadedEvent();\n      }\n    };\n  }\n})();\n/*------------------------------- DEPRECATED -------------------------------*/\n\nHash.toQueryString = Object.toQueryString;\n\nvar Toggle = { display: Element.toggle };\n\nElement.Methods.childOf = Element.Methods.descendantOf;\n\nvar Insertion = {\n  Before: function(element, content) {\n    return Element.insert(element, {before:content});\n  },\n\n  Top: function(element, content) {\n    return Element.insert(element, {top:content});\n  },\n\n  Bottom: function(element, content) {\n    return Element.insert(element, {bottom:content});\n  },\n\n  After: function(element, content) {\n    return Element.insert(element, {after:content});\n  }\n};\n\nvar $continue = new Error('\"throw $continue\" is deprecated, use \"return\" instead');\n\n// This should be moved to script.aculo.us; notice the deprecated methods\n// further below, that map to the newer Element methods.\nvar Position = {\n  // set to true if needed, warning: firefox performance problems\n  // NOT neeeded for page scrolling, only if draggable contained in\n  // scrollable elements\n  includeScrollOffsets: false,\n\n  // must be called before calling withinIncludingScrolloffset, every time the\n  // page is scrolled\n  prepare: function() {\n    this.deltaX =  window.pageXOffset\n                || document.documentElement.scrollLeft\n                || document.body.scrollLeft\n                || 0;\n    this.deltaY =  window.pageYOffset\n                || document.documentElement.scrollTop\n                || document.body.scrollTop\n                || 0;\n  },\n\n  // caches x/y coordinate pair to use with overlap\n  within: function(element, x, y) {\n    if (this.includeScrollOffsets)\n      return this.withinIncludingScrolloffsets(element, x, y);\n    this.xcomp = x;\n    this.ycomp = y;\n    this.offset = Element.cumulativeOffset(element);\n\n    return (y >= this.offset[1] &&\n            y <  this.offset[1] + element.offsetHeight &&\n            x >= this.offset[0] &&\n            x <  this.offset[0] + element.offsetWidth);\n  },\n\n  withinIncludingScrolloffsets: function(element, x, y) {\n    var offsetcache = Element.cumulativeScrollOffset(element);\n\n    this.xcomp = x + offsetcache[0] - this.deltaX;\n    this.ycomp = y + offsetcache[1] - this.deltaY;\n    this.offset = Element.cumulativeOffset(element);\n\n    return (this.ycomp >= this.offset[1] &&\n            this.ycomp <  this.offset[1] + element.offsetHeight &&\n            this.xcomp >= this.offset[0] &&\n            this.xcomp <  this.offset[0] + element.offsetWidth);\n  },\n\n  // within must be called directly before\n  overlap: function(mode, element) {\n    if (!mode) return 0;\n    if (mode == 'vertical')\n      return ((this.offset[1] + element.offsetHeight) - this.ycomp) /\n        element.offsetHeight;\n    if (mode == 'horizontal')\n      return ((this.offset[0] + element.offsetWidth) - this.xcomp) /\n        element.offsetWidth;\n  },\n\n  // Deprecation layer -- use newer Element methods now (1.5.2).\n\n  cumulativeOffset: Element.Methods.cumulativeOffset,\n\n  positionedOffset: Element.Methods.positionedOffset,\n\n  absolutize: function(element) {\n    Position.prepare();\n    return Element.absolutize(element);\n  },\n\n  relativize: function(element) {\n    Position.prepare();\n    return Element.relativize(element);\n  },\n\n  realOffset: Element.Methods.cumulativeScrollOffset,\n\n  offsetParent: Element.Methods.getOffsetParent,\n\n  page: Element.Methods.viewportOffset,\n\n  clone: function(source, target, options) {\n    options = options || { };\n    return Element.clonePosition(target, source, options);\n  }\n};\n\n/*--------------------------------------------------------------------------*/\n\nif (!document.getElementsByClassName) document.getElementsByClassName = function(instanceMethods){\n  function iter(name) {\n    return name.blank() ? null : \"[contains(concat(' ', @class, ' '), ' \" + name + \" ')]\";\n  }\n\n  instanceMethods.getElementsByClassName = Prototype.BrowserFeatures.XPath ?\n  function(element, className) {\n    className = className.toString().strip();\n    var cond = /\\s/.test(className) ? $w(className).map(iter).join('') : iter(className);\n    return cond ? document._getElementsByXPath('.//*' + cond, element) : [];\n  } : function(element, className) {\n    className = className.toString().strip();\n    var elements = [], classNames = (/\\s/.test(className) ? $w(className) : null);\n    if (!classNames && !className) return elements;\n\n    var nodes = $(element).getElementsByTagName('*');\n    className = ' ' + className + ' ';\n\n    for (var i = 0, child, cn; child = nodes[i]; i++) {\n      if (child.className && (cn = ' ' + child.className + ' ') && (cn.include(className) ||\n          (classNames && classNames.all(function(name) {\n            return !name.toString().blank() && cn.include(' ' + name + ' ');\n          }))))\n        elements.push(Element.extend(child));\n    }\n    return elements;\n  };\n\n  return function(className, parentElement) {\n    return $(parentElement || document.body).getElementsByClassName(className);\n  };\n}(Element.Methods);\n\n/*--------------------------------------------------------------------------*/\n\nElement.ClassNames = Class.create();\nElement.ClassNames.prototype = {\n  initialize: function(element) {\n    this.element = $(element);\n  },\n\n  _each: function(iterator) {\n    this.element.className.split(/\\s+/).select(function(name) {\n      return name.length > 0;\n    })._each(iterator);\n  },\n\n  set: function(className) {\n    this.element.className = className;\n  },\n\n  add: function(classNameToAdd) {\n    if (this.include(classNameToAdd)) return;\n    this.set($A(this).concat(classNameToAdd).join(' '));\n  },\n\n  remove: function(classNameToRemove) {\n    if (!this.include(classNameToRemove)) return;\n    this.set($A(this).without(classNameToRemove).join(' '));\n  },\n\n  toString: function() {\n    return $A(this).join(' ');\n  }\n};\n\nObject.extend(Element.ClassNames.prototype, Enumerable);\n\n/*--------------------------------------------------------------------------*/\n\nElement.addMethods();",[object ChromeWindow],"http://localhost:8081/aptana/lib/prototype.js")
  ->  [Includer.js:329] load("http://localhost:8081/aptana/lib/prototype.js",[object ChromeWindow],"server",false,false,false)
  ->  [NewElement.js:67] load("tempLoad_0.40693905605158011766502773844")
  ->  [index.html:11] <no name>
paths:
  -> file:///E:/Aptana%20Jaxer%20Apache/Jaxer/Apache2-4Build/jaxer/framework/src/ModuleLogger.js
  -> file:///E:/Aptana%20Jaxer%20Apache/Jaxer/Apache2-4Build/jaxer/framework/src/Includer.js
  -> file:///E:/Aptana%20Jaxer%20Apache/Jaxer/Apache2-4Build/jaxer/framework/src/NewElement.js
  -> http://localhost:8081/aptana/index.html

01:12:53 12/24/2025 [ 32928] [TRACE] [JS Framework] [Includer.load] Jaxer.pageWindow.Jaxer.__newFunctions contains 5 items
stack:
  ->  [ModuleLogger.js:98] trace("Jaxer.pageWindow.Jaxer.__newFunctions contains 5 items")
  ->  [Includer.js:334] load("http://localhost:8081/aptana/lib/prototype.js",[object ChromeWindow],"server",false,false,false)
  ->  [NewElement.js:67] load("tempLoad_0.40693905605158011766502773844")
  ->  [index.html:11] <no name>
paths:
  -> file:///E:/Aptana%20Jaxer%20Apache/Jaxer/Apache2-4Build/jaxer/framework/src/ModuleLogger.js
  -> file:///E:/Aptana%20Jaxer%20Apache/Jaxer/Apache2-4Build/jaxer/framework/src/Includer.js
  -> file:///E:/Aptana%20Jaxer%20Apache/Jaxer/Apache2-4Build/jaxer/framework/src/NewElement.js
  -> http://localhost:8081/aptana/index.html

01:12:53 12/24/2025 [ 32928] [TRACE] [JS Framework] [Includer.setRunat] Set runat='server' on function named '$A'
stack:
  ->  [ModuleLogger.js:98] trace("Set runat='server' on function named '$A'")
  ->  [Includer.js:345] setRunat("$A",0,[object Array])
  ->  [Includer.js:336] load("http://localhost:8081/aptana/lib/prototype.js",[object ChromeWindow],"server",false,false,false)
  ->  [NewElement.js:67] load("tempLoad_0.40693905605158011766502773844")
  ->  [index.html:11] <no name>
paths:
  -> file:///E:/Aptana%20Jaxer%20Apache/Jaxer/Apache2-4Build/jaxer/framework/src/ModuleLogger.js
  -> file:///E:/Aptana%20Jaxer%20Apache/Jaxer/Apache2-4Build/jaxer/framework/src/Includer.js
  -> file:///E:/Aptana%20Jaxer%20Apache/Jaxer/Apache2-4Build/jaxer/framework/src/NewElement.js
  -> http://localhost:8081/aptana/index.html

01:12:53 12/24/2025 [ 32928] [TRACE] [JS Framework] [Includer.setRunat] Set runat='server' on function named '$w'
stack:
  ->  [ModuleLogger.js:98] trace("Set runat='server' on function named '$w'")
  ->  [Includer.js:345] setRunat("$w",1,[object Array])
  ->  [Includer.js:336] load("http://localhost:8081/aptana/lib/prototype.js",[object ChromeWindow],"server",false,false,false)
  ->  [NewElement.js:67] load("tempLoad_0.40693905605158011766502773844")
  ->  [index.html:11] <no name>
paths:
  -> file:///E:/Aptana%20Jaxer%20Apache/Jaxer/Apache2-4Build/jaxer/framework/src/ModuleLogger.js
  -> file:///E:/Aptana%20Jaxer%20Apache/Jaxer/Apache2-4Build/jaxer/framework/src/Includer.js
  -> file:///E:/Aptana%20Jaxer%20Apache/Jaxer/Apache2-4Build/jaxer/framework/src/NewElement.js
  -> http://localhost:8081/aptana/index.html

01:12:53 12/24/2025 [ 32928] [TRACE] [JS Framework] [Includer.setRunat] Set runat='server' on function named '$H'
stack:
  ->  [ModuleLogger.js:98] trace("Set runat='server' on function named '$H'")
  ->  [Includer.js:345] setRunat("$H",2,[object Array])
  ->  [Includer.js:336] load("http://localhost:8081/aptana/lib/prototype.js",[object ChromeWindow],"server",false,false,false)
  ->  [NewElement.js:67] load("tempLoad_0.40693905605158011766502773844")
  ->  [index.html:11] <no name>
paths:
  -> file:///E:/Aptana%20Jaxer%20Apache/Jaxer/Apache2-4Build/jaxer/framework/src/ModuleLogger.js
  -> file:///E:/Aptana%20Jaxer%20Apache/Jaxer/Apache2-4Build/jaxer/framework/src/Includer.js
  -> file:///E:/Aptana%20Jaxer%20Apache/Jaxer/Apache2-4Build/jaxer/framework/src/NewElement.js
  -> http://localhost:8081/aptana/index.html

01:12:53 12/24/2025 [ 32928] [TRACE] [JS Framework] [Includer.setRunat] Set runat='server' on function named '$'
stack:
  ->  [ModuleLogger.js:98] trace("Set runat='server' on function named '$'")
  ->  [Includer.js:345] setRunat("$",3,[object Array])
  ->  [Includer.js:336] load("http://localhost:8081/aptana/lib/prototype.js",[object ChromeWindow],"server",false,false,false)
  ->  [NewElement.js:67] load("tempLoad_0.40693905605158011766502773844")
  ->  [index.html:11] <no name>
paths:
  -> file:///E:/Aptana%20Jaxer%20Apache/Jaxer/Apache2-4Build/jaxer/framework/src/ModuleLogger.js
  -> file:///E:/Aptana%20Jaxer%20Apache/Jaxer/Apache2-4Build/jaxer/framework/src/Includer.js
  -> file:///E:/Aptana%20Jaxer%20Apache/Jaxer/Apache2-4Build/jaxer/framework/src/NewElement.js
  -> http://localhost:8081/aptana/index.html

01:12:53 12/24/2025 [ 32928] [TRACE] [JS Framework] [Includer.setRunat] Set runat='server' on function named '$$'
stack:
  ->  [ModuleLogger.js:98] trace("Set runat='server' on function named '$$'")
  ->  [Includer.js:345] setRunat("$$",4,[object Array])
  ->  [Includer.js:336] load("http://localhost:8081/aptana/lib/prototype.js",[object ChromeWindow],"server",false,false,false)
  ->  [NewElement.js:67] load("tempLoad_0.40693905605158011766502773844")
  ->  [index.html:11] <no name>
paths:
  -> file:///E:/Aptana%20Jaxer%20Apache/Jaxer/Apache2-4Build/jaxer/framework/src/ModuleLogger.js
  -> file:///E:/Aptana%20Jaxer%20Apache/Jaxer/Apache2-4Build/jaxer/framework/src/Includer.js
  -> file:///E:/Aptana%20Jaxer%20Apache/Jaxer/Apache2-4Build/jaxer/framework/src/NewElement.js
  -> http://localhost:8081/aptana/index.html

01:12:53 12/24/2025 [ 32928] [DEBUG] [JS Framework] [Includer.load] Included: http://localhost:8081/aptana/lib/prototype.js
stack:
  ->  [ModuleLogger.js:98] debug("Included: http://localhost:8081/aptana/lib/prototype.js")
  ->  [Includer.js:351] load("http://localhost:8081/aptana/lib/prototype.js",[object ChromeWindow],"server",false,false,false)
  ->  [NewElement.js:67] load("tempLoad_0.40693905605158011766502773844")
  ->  [index.html:11] <no name>
paths:
  -> file:///E:/Aptana%20Jaxer%20Apache/Jaxer/Apache2-4Build/jaxer/framework/src/ModuleLogger.js
  -> file:///E:/Aptana%20Jaxer%20Apache/Jaxer/Apache2-4Build/jaxer/framework/src/Includer.js
  -> file:///E:/Aptana%20Jaxer%20Apache/Jaxer/Apache2-4Build/jaxer/framework/src/NewElement.js
  -> http://localhost:8081/aptana/index.html

01:12:53 12/24/2025 [ 32928] [TRACE] [JS Framework] [CoreEvents.fire] At this time, evt.Request.isHandler=false and eventType: NEW_ELEMENT - SCRIPT
stack:
  ->  [ModuleLogger.js:98] trace("At this time, evt.Request.isHandler=false and eventType: NEW_ELEMENT - SCRIPT")
  ->  [CoreEvents.js:205] fire("NEW_ELEMENT",[object XPCWrappedNative_NoHelper],[object HTMLDocument],[object HTMLScriptElement])
  ->  [aptEventHandler.js:157] observe([object XPCWrappedNative_NoHelper],"jaxerEvent.NewHTMLElement",null)
paths:
  -> file:///E:/Aptana%20Jaxer%20Apache/Jaxer/Apache2-4Build/jaxer/framework/src/ModuleLogger.js
  -> file:///E:/Aptana%20Jaxer%20Apache/Jaxer/Apache2-4Build/jaxer/framework/src/CoreEvents.js
  -> file:///E:/Aptana%20Jaxer%20Apache/Jaxer/Apache2-4Build/jaxer/components/aptEventHandler.js

01:12:53 12/24/2025 [ 32928] [TRACE] [JS Framework] [CoreEvents.fireEvent] Firing an event for NEW_ELEMENT
stack:
  ->  [ModuleLogger.js:98] trace("Firing an event for NEW_ELEMENT")
  ->  [CoreEvents.js:282] fireEvent("NEW_ELEMENT",[object Array])
  ->  [CoreEvents.js:238] fire("NEW_ELEMENT",[object XPCWrappedNative_NoHelper],[object HTMLDocument],[object HTMLScriptElement])
  ->  [aptEventHandler.js:157] observe([object XPCWrappedNative_NoHelper],"jaxerEvent.NewHTMLElement",null)
paths:
  -> file:///E:/Aptana%20Jaxer%20Apache/Jaxer/Apache2-4Build/jaxer/framework/src/ModuleLogger.js
  -> file:///E:/Aptana%20Jaxer%20Apache/Jaxer/Apache2-4Build/jaxer/framework/src/CoreEvents.js
  -> file:///E:/Aptana%20Jaxer%20Apache/Jaxer/Apache2-4Build/jaxer/components/aptEventHandler.js

01:12:53 12/24/2025 [ 32928] [TRACE] [JS Framework] [CoreEvents.fireEvent] Calling event handler: function onNewElement(evt, doc, elt) {
    switch (elt.tagNa...
stack:
  ->  [ModuleLogger.js:98] trace("Calling event handler: function onNewElement(evt, doc, elt) {\n    switch (elt.tagNa...")
  ->  [CoreEvents.js:292] fireEvent("NEW_ELEMENT",[object Array])
  ->  [CoreEvents.js:238] fire("NEW_ELEMENT",[object XPCWrappedNative_NoHelper],[object HTMLDocument],[object HTMLScriptElement])
  ->  [aptEventHandler.js:157] observe([object XPCWrappedNative_NoHelper],"jaxerEvent.NewHTMLElement",null)
paths:
  -> file:///E:/Aptana%20Jaxer%20Apache/Jaxer/Apache2-4Build/jaxer/framework/src/ModuleLogger.js
  -> file:///E:/Aptana%20Jaxer%20Apache/Jaxer/Apache2-4Build/jaxer/framework/src/CoreEvents.js
  -> file:///E:/Aptana%20Jaxer%20Apache/Jaxer/Apache2-4Build/jaxer/components/aptEventHandler.js

01:12:53 12/24/2025 [ 32928] [TRACE] [JS Framework] [NewElement.onNewElement] Received element: SCRIPT with src='lib/base_server.js' and runat='server'
stack:
  ->  [ModuleLogger.js:98] trace("Received element: SCRIPT with src='lib/base_server.js' and runat='server'")
  ->  [NewElement.js:88] onNewElement([object XPCWrappedNative_NoHelper],[object HTMLDocument],[object HTMLScriptElement])
  ->  [CoreEvents.js:293] fireEvent("NEW_ELEMENT",[object Array])
  ->  [CoreEvents.js:238] fire("NEW_ELEMENT",[object XPCWrappedNative_NoHelper],[object HTMLDocument],[object HTMLScriptElement])
  ->  [aptEventHandler.js:157] observe([object XPCWrappedNative_NoHelper],"jaxerEvent.NewHTMLElement",null)
paths:
  -> file:///E:/Aptana%20Jaxer%20Apache/Jaxer/Apache2-4Build/jaxer/framework/src/ModuleLogger.js
  -> file:///E:/Aptana%20Jaxer%20Apache/Jaxer/Apache2-4Build/jaxer/framework/src/NewElement.js
  -> file:///E:/Aptana%20Jaxer%20Apache/Jaxer/Apache2-4Build/jaxer/framework/src/CoreEvents.js
  -> file:///E:/Aptana%20Jaxer%20Apache/Jaxer/Apache2-4Build/jaxer/components/aptEventHandler.js

01:12:53 12/24/2025 [ 32928] [TRACE] [JS Framework] [NewElement.load] Loading src'ed script with [src, global, useCache, forceRefreshCache] = lib/base_server.js,[object ChromeWindow],server,false,false,false
stack:
  ->  [ModuleLogger.js:98] trace("Loading src'ed script with [src, global, useCache, forceRefreshCache] = lib/base_server.js,[object ChromeWindow],server,false,false,false")
  ->  [NewElement.js:66] load("tempLoad_0.32544791247719031766502773902")
  ->  [index.html:12] <no name>
paths:
  -> file:///E:/Aptana%20Jaxer%20Apache/Jaxer/Apache2-4Build/jaxer/framework/src/ModuleLogger.js
  -> file:///E:/Aptana%20Jaxer%20Apache/Jaxer/Apache2-4Build/jaxer/framework/src/NewElement.js
  -> http://localhost:8081/aptana/index.html

01:12:53 12/24/2025 [ 32928] [TRACE] [JS Framework] [Web.get] Retrieving from web URL: http://localhost:8081/aptana/lib/base_server.js
stack:
  ->  [ModuleLogger.js:98] trace("Retrieving from web URL: http://localhost:8081/aptana/lib/base_server.js")
  ->  [Web.js:240] get("http://localhost:8081/aptana/lib/base_server.js")
  ->  [Includer.js:288] load("http://localhost:8081/aptana/lib/base_server.js",[object ChromeWindow],"server",false,false,false)
  ->  [NewElement.js:67] load("tempLoad_0.32544791247719031766502773902")
  ->  [index.html:12] <no name>
paths:
  -> file:///E:/Aptana%20Jaxer%20Apache/Jaxer/Apache2-4Build/jaxer/framework/src/ModuleLogger.js
  -> file:///E:/Aptana%20Jaxer%20Apache/Jaxer/Apache2-4Build/jaxer/framework/src/Web.js
  -> file:///E:/Aptana%20Jaxer%20Apache/Jaxer/Apache2-4Build/jaxer/framework/src/Includer.js
  -> file:///E:/Aptana%20Jaxer%20Apache/Jaxer/Apache2-4Build/jaxer/framework/src/NewElement.js
  -> http://localhost:8081/aptana/index.html

01:12:53 12/24/2025 [ 32928] [TRACE] [JS Framework] [Web.send] Parameters are: url: http://localhost:8081/aptana/lib/base_server.js; method: GET; data: null; options: ({})
stack:
  ->  [ModuleLogger.js:98] trace("Parameters are: url: http://localhost:8081/aptana/lib/base_server.js; method: GET; data: null; options: ({})")
  ->  [Web.js:190] send("http://localhost:8081/aptana/lib/base_server.js","GET",null,[object Object])
  ->  [Web.js:241] get("http://localhost:8081/aptana/lib/base_server.js")
  ->  [Includer.js:288] load("http://localhost:8081/aptana/lib/base_server.js",[object ChromeWindow],"server",false,false,false)
  ->  [NewElement.js:67] load("tempLoad_0.32544791247719031766502773902")
  ->  [index.html:12] <no name>
paths:
  -> file:///E:/Aptana%20Jaxer%20Apache/Jaxer/Apache2-4Build/jaxer/framework/src/ModuleLogger.js
  -> file:///E:/Aptana%20Jaxer%20Apache/Jaxer/Apache2-4Build/jaxer/framework/src/Web.js
  -> file:///E:/Aptana%20Jaxer%20Apache/Jaxer/Apache2-4Build/jaxer/framework/src/Includer.js
  -> file:///E:/Aptana%20Jaxer%20Apache/Jaxer/Apache2-4Build/jaxer/framework/src/NewElement.js
  -> http://localhost:8081/aptana/index.html

01:12:53 12/24/2025 [ 32928] [TRACE] [JS Framework] [Web.send] Resolved URL to: http://localhost:8081/aptana/lib/base_server.js
stack:
  ->  [ModuleLogger.js:98] trace("Resolved URL to: http://localhost:8081/aptana/lib/base_server.js")
  ->  [Web.js:192] send("http://localhost:8081/aptana/lib/base_server.js","GET",null,[object Object])
  ->  [Web.js:241] get("http://localhost:8081/aptana/lib/base_server.js")
  ->  [Includer.js:288] load("http://localhost:8081/aptana/lib/base_server.js",[object ChromeWindow],"server",false,false,false)
  ->  [NewElement.js:67] load("tempLoad_0.32544791247719031766502773902")
  ->  [index.html:12] <no name>
paths:
  -> file:///E:/Aptana%20Jaxer%20Apache/Jaxer/Apache2-4Build/jaxer/framework/src/ModuleLogger.js
  -> file:///E:/Aptana%20Jaxer%20Apache/Jaxer/Apache2-4Build/jaxer/framework/src/Web.js
  -> file:///E:/Aptana%20Jaxer%20Apache/Jaxer/Apache2-4Build/jaxer/framework/src/Includer.js
  -> file:///E:/Aptana%20Jaxer%20Apache/Jaxer/Apache2-4Build/jaxer/framework/src/NewElement.js
  -> http://localhost:8081/aptana/index.html

01:12:53 12/24/2025 [ 32928] [TRACE] [JS Framework] [XHR.send] Sending synchronous GET request to url http://localhost:8081/aptana/lib/base_server.js with no data
stack:
  ->  [ModuleLogger.js:98] trace("Sending synchronous GET request to url http://localhost:8081/aptana/lib/base_server.js with no data")
  ->  [XHR.js:522] send("",[object Object])
  ->  [Web.js:195] send("http://localhost:8081/aptana/lib/base_server.js","GET",null,[object Object])
  ->  [Web.js:241] get("http://localhost:8081/aptana/lib/base_server.js")
  ->  [Includer.js:288] load("http://localhost:8081/aptana/lib/base_server.js",[object ChromeWindow],"server",false,false,false)
  ->  [NewElement.js:67] load("tempLoad_0.32544791247719031766502773902")
  ->  [index.html:12] <no name>
paths:
  -> file:///E:/Aptana%20Jaxer%20Apache/Jaxer/Apache2-4Build/jaxer/framework/src/ModuleLogger.js
  -> file:///E:/Aptana%20Jaxer%20Apache/Jaxer/Apache2-4Build/jaxer/framework/src/XHR.js
  -> file:///E:/Aptana%20Jaxer%20Apache/Jaxer/Apache2-4Build/jaxer/framework/src/Web.js
  -> file:///E:/Aptana%20Jaxer%20Apache/Jaxer/Apache2-4Build/jaxer/framework/src/Includer.js
  -> file:///E:/Aptana%20Jaxer%20Apache/Jaxer/Apache2-4Build/jaxer/framework/src/NewElement.js
  -> http://localhost:8081/aptana/index.html

01:12:53 12/24/2025 [ 32928] [TRACE] [JS Framework] [XHR.send] Sent
stack:
  ->  [ModuleLogger.js:98] trace("Sent")
  ->  [XHR.js:524] send("",[object Object])
  ->  [Web.js:195] send("http://localhost:8081/aptana/lib/base_server.js","GET",null,[object Object])
  ->  [Web.js:241] get("http://localhost:8081/aptana/lib/base_server.js")
  ->  [Includer.js:288] load("http://localhost:8081/aptana/lib/base_server.js",[object ChromeWindow],"server",false,false,false)
  ->  [NewElement.js:67] load("tempLoad_0.32544791247719031766502773902")
  ->  [index.html:12] <no name>
paths:
  -> file:///E:/Aptana%20Jaxer%20Apache/Jaxer/Apache2-4Build/jaxer/framework/src/ModuleLogger.js
  -> file:///E:/Aptana%20Jaxer%20Apache/Jaxer/Apache2-4Build/jaxer/framework/src/XHR.js
  -> file:///E:/Aptana%20Jaxer%20Apache/Jaxer/Apache2-4Build/jaxer/framework/src/Web.js
  -> file:///E:/Aptana%20Jaxer%20Apache/Jaxer/Apache2-4Build/jaxer/framework/src/Includer.js
  -> file:///E:/Aptana%20Jaxer%20Apache/Jaxer/Apache2-4Build/jaxer/framework/src/NewElement.js
  -> http://localhost:8081/aptana/index.html

01:12:53 12/24/2025 [ 32928] [TRACE] [JS Framework] [XHR.finish] Synchronous request to url http://localhost:8081/aptana/lib/base_server.js received text response: function parseBuildNumber(content)
{
	return parseFloat(content.replace(/"|\x0A|\x0D/g,'').replace(/...
stack:
  ->  [ModuleLogger.js:98] trace("Synchronous request to url http://localhost:8081/aptana/lib/base_server.js received text response: function parseBuildNumber(content)\n{\n\treturn parseFloat(content.replace(/\"|\\x0A|\\x0D/g,'').replace(/...")
  ->  [XHR.js:406] finish(false)
  ->  [XHR.js:533] send("",[object Object])
  ->  [Web.js:195] send("http://localhost:8081/aptana/lib/base_server.js","GET",null,[object Object])
  ->  [Web.js:241] get("http://localhost:8081/aptana/lib/base_server.js")
  ->  [Includer.js:288] load("http://localhost:8081/aptana/lib/base_server.js",[object ChromeWindow],"server",false,false,false)
  ->  [NewElement.js:67] load("tempLoad_0.32544791247719031766502773902")
  ->  [index.html:12] <no name>
paths:
  -> file:///E:/Aptana%20Jaxer%20Apache/Jaxer/Apache2-4Build/jaxer/framework/src/ModuleLogger.js
  -> file:///E:/Aptana%20Jaxer%20Apache/Jaxer/Apache2-4Build/jaxer/framework/src/XHR.js
  -> file:///E:/Aptana%20Jaxer%20Apache/Jaxer/Apache2-4Build/jaxer/framework/src/Web.js
  -> file:///E:/Aptana%20Jaxer%20Apache/Jaxer/Apache2-4Build/jaxer/framework/src/Includer.js
  -> file:///E:/Aptana%20Jaxer%20Apache/Jaxer/Apache2-4Build/jaxer/framework/src/NewElement.js
  -> http://localhost:8081/aptana/index.html

01:12:53 12/24/2025 [ 32928] [TRACE] [JS Framework] [Web.send] Received response of type 'string' and length 1616: function parseBuildNumber(content)
{
	return parseFloat(content.replace(/"|\x0A|\x0D/g,'').replace(/...
stack:
  ->  [ModuleLogger.js:98] trace("Received response of type 'string' and length 1616: function parseBuildNumber(content)\n{\n\treturn parseFloat(content.replace(/\"|\\x0A|\\x0D/g,'').replace(/...")
  ->  [Web.js:199] send("http://localhost:8081/aptana/lib/base_server.js","GET",null,[object Object])
  ->  [Web.js:241] get("http://localhost:8081/aptana/lib/base_server.js")
  ->  [Includer.js:288] load("http://localhost:8081/aptana/lib/base_server.js",[object ChromeWindow],"server",false,false,false)
  ->  [NewElement.js:67] load("tempLoad_0.32544791247719031766502773902")
  ->  [index.html:12] <no name>
paths:
  -> file:///E:/Aptana%20Jaxer%20Apache/Jaxer/Apache2-4Build/jaxer/framework/src/ModuleLogger.js
  -> file:///E:/Aptana%20Jaxer%20Apache/Jaxer/Apache2-4Build/jaxer/framework/src/Web.js
  -> file:///E:/Aptana%20Jaxer%20Apache/Jaxer/Apache2-4Build/jaxer/framework/src/Includer.js
  -> file:///E:/Aptana%20Jaxer%20Apache/Jaxer/Apache2-4Build/jaxer/framework/src/NewElement.js
  -> http://localhost:8081/aptana/index.html

